solid OpenSCAD_Model
  facet normal -0 0 1
    outer loop
      vertex 24.5 0.583221 6.25
      vertex 24.51 -0.583221 6.25
      vertex 24.51 0.583221 6.25
    endloop
  endfacet
  facet normal 0 0 1
    outer loop
      vertex 24.5 0.583221 6.25
      vertex 24.5 -0.583221 6.25
      vertex 24.51 -0.583221 6.25
    endloop
  endfacet
  facet normal -0 0 1
    outer loop
      vertex 18.5 0.134415 6.25
      vertex 24.5 -0.583221 6.25
      vertex 24.5 0.583221 6.25
    endloop
  endfacet
  facet normal 0 0 1
    outer loop
      vertex 24.5 -0.583221 6.25
      vertex 18.5 0.134415 6.25
      vertex 18.5 -0.134415 6.25
    endloop
  endfacet
  facet normal -0.0701499 0.937864 0.33984
    outer loop
      vertex 24.5 1.39852 4
      vertex 18.5265 0.951717 4
      vertex 24.5 0.583221 6.25
    endloop
  endfacet
  facet normal -0.0702506 -0.937854 0.339844
    outer loop
      vertex 18.5265 -0.951717 4
      vertex 18.5 -0.134415 6.25
      vertex 18.5 -0.949732 4
    endloop
  endfacet
  facet normal -0.0701529 -0.937861 0.339847
    outer loop
      vertex 18.5 -0.134415 6.25
      vertex 18.5265 -0.951717 4
      vertex 24.5 -0.583221 6.25
    endloop
  endfacet
  facet normal 0 0.94018 0.340679
    outer loop
      vertex 24.51 1.39852 4
      vertex 24.5 0.583221 6.25
      vertex 24.51 0.583221 6.25
    endloop
  endfacet
  facet normal 0 0.94018 0.340679
    outer loop
      vertex 24.5 0.583221 6.25
      vertex 24.51 1.39852 4
      vertex 24.5 1.39852 4
    endloop
  endfacet
  facet normal -0.0701499 -0.937864 0.33984
    outer loop
      vertex 24.5 -0.583221 6.25
      vertex 18.5265 -0.951717 4
      vertex 24.5 -1.39852 4
    endloop
  endfacet
  facet normal -1 0 0
    outer loop
      vertex 18.5 0.949732 4
      vertex 18.5 -0.134415 6.25
      vertex 18.5 0.134415 6.25
    endloop
  endfacet
  facet normal -1 0 -0
    outer loop
      vertex 18.5 -0.134415 6.25
      vertex 18.5 0.949732 4
      vertex 18.5 -0.949732 4
    endloop
  endfacet
  facet normal 0 -0.94018 0.340679
    outer loop
      vertex 24.5 -1.39852 4
      vertex 24.51 -0.583221 6.25
      vertex 24.5 -0.583221 6.25
    endloop
  endfacet
  facet normal 0 -0.94018 0.340679
    outer loop
      vertex 24.51 -0.583221 6.25
      vertex 24.5 -1.39852 4
      vertex 24.51 -1.39852 4
    endloop
  endfacet
  facet normal 1 -0 0
    outer loop
      vertex 24.51 -0.583221 6.25
      vertex 24.51 1.39852 4
      vertex 24.51 0.583221 6.25
    endloop
  endfacet
  facet normal 1 0 0
    outer loop
      vertex 24.51 1.39852 4
      vertex 24.51 -0.583221 6.25
      vertex 24.51 -1.39852 4
    endloop
  endfacet
  facet normal -0.0701529 0.937861 0.339847
    outer loop
      vertex 18.5265 0.951717 4
      vertex 18.5 0.134415 6.25
      vertex 24.5 0.583221 6.25
    endloop
  endfacet
  facet normal -0.0702506 0.937854 0.339844
    outer loop
      vertex 18.5 0.134415 6.25
      vertex 18.5265 0.951717 4
      vertex 18.5 0.949732 4
    endloop
  endfacet
  facet normal -0.139926 0.929708 0.340681
    outer loop
      vertex 24.0278 5.03593 4
      vertex 24.1394 4.22824 6.25
      vertex 24.1493 4.22973 6.25
    endloop
  endfacet
  facet normal -0.139926 0.929708 0.340681
    outer loop
      vertex 24.1394 4.22824 6.25
      vertex 24.0278 5.03593 4
      vertex 24.0179 5.03444 4
    endloop
  endfacet
  facet normal -0.209151 0.916932 0.339841
    outer loop
      vertex 24.0179 5.03444 4
      vertex 18.1778 3.70232 4
      vertex 24.1394 4.22824 6.25
    endloop
  endfacet
  facet normal -0.988833 -0.149031 2.99782e-06
    outer loop
      vertex 18.3134 2.62437 6.25
      vertex 18.152 3.69523 4
      vertex 18.4349 1.81816 4
    endloop
  endfacet
  facet normal 0.0701634 -0.937863 0.33984
    outer loop
      vertex 18.4615 1.82015 4
      vertex 18.3134 2.62437 6.25
      vertex 18.4349 1.81816 4
    endloop
  endfacet
  facet normal 0.0704111 -0.937841 0.339848
    outer loop
      vertex 18.3134 2.62437 6.25
      vertex 18.4615 1.82015 4
      vertex 24.3133 3.07483 6.25
    endloop
  endfacet
  facet normal 0.139926 -0.929708 0.340681
    outer loop
      vertex 24.4348 2.26863 4
      vertex 24.3232 3.07632 6.25
      vertex 24.3133 3.07483 6.25
    endloop
  endfacet
  facet normal 0.139926 -0.929708 0.340681
    outer loop
      vertex 24.3232 3.07632 6.25
      vertex 24.4348 2.26863 4
      vertex 24.4447 2.27012 4
    endloop
  endfacet
  facet normal 0.988831 0.149039 -5.34166e-06
    outer loop
      vertex 24.4447 2.27012 4
      vertex 24.0286 5.03083 4
      vertex 24.3232 3.07632 6.25
    endloop
  endfacet
  facet normal 0.070414 -0.937843 0.339842
    outer loop
      vertex 24.3133 3.07483 6.25
      vertex 18.4615 1.82015 4
      vertex 24.4348 2.26863 4
    endloop
  endfacet
  facet normal -0.985917 -0.167105 -0.00663739
    outer loop
      vertex 18.152 3.69523 4
      vertex 18.2733 2.89019 6.25
      vertex 18.1518 3.69641 4
    endloop
  endfacet
  facet normal -0.988812 -0.149166 -6.30524e-05
    outer loop
      vertex 18.2733 2.89019 6.25
      vertex 18.152 3.69523 4
      vertex 18.3134 2.62437 6.25
    endloop
  endfacet
  facet normal 0 0 1
    outer loop
      vertex 24.1493 4.22973 6.25
      vertex 24.3133 3.07483 6.25
      vertex 24.3232 3.07632 6.25
    endloop
  endfacet
  facet normal -0 0 1
    outer loop
      vertex 24.1394 4.22824 6.25
      vertex 24.3133 3.07483 6.25
      vertex 24.1493 4.22973 6.25
    endloop
  endfacet
  facet normal 0 0 1
    outer loop
      vertex 24.1394 4.22824 6.25
      vertex 18.3134 2.62437 6.25
      vertex 24.3133 3.07483 6.25
    endloop
  endfacet
  facet normal 0 -0 1
    outer loop
      vertex 18.3134 2.62437 6.25
      vertex 24.1394 4.22824 6.25
      vertex 18.2733 2.89019 6.25
    endloop
  endfacet
  facet normal 0.987917 0.154967 0.00217901
    outer loop
      vertex 24.1493 4.22973 6.25
      vertex 24.0286 5.03083 4
      vertex 24.0278 5.03593 4
    endloop
  endfacet
  facet normal 0.988824 0.149085 3.60842e-05
    outer loop
      vertex 24.0286 5.03083 4
      vertex 24.1493 4.22973 6.25
      vertex 24.3232 3.07632 6.25
    endloop
  endfacet
  facet normal -0.209151 0.916932 0.339841
    outer loop
      vertex 18.1778 3.70232 4
      vertex 18.2733 2.89019 6.25
      vertex 24.1394 4.22824 6.25
    endloop
  endfacet
  facet normal -0.208459 0.91708 0.339865
    outer loop
      vertex 18.2733 2.89019 6.25
      vertex 18.1778 3.70232 4
      vertex 18.1518 3.69641 4
    endloop
  endfacet
  facet normal 0.955576 0.294744 7.04367e-06
    outer loop
      vertex 23.593 6.66714 6.25
      vertex 23.8318 5.89299 4
      vertex 23.2492 7.78176 6.25
    endloop
  endfacet
  facet normal 0.956696 0.291084 0.00138504
    outer loop
      vertex 23.8318 5.89299 4
      vertex 23.593 6.66714 6.25
      vertex 23.8333 5.88806 4
    endloop
  endfacet
  facet normal -0.955577 -0.294742 3.90251e-06
    outer loop
      vertex 17.7177 5.32453 6.25
      vertex 17.3985 6.35937 4
      vertex 17.958 4.54543 4
    endloop
  endfacet
  facet normal -0.277092 0.89842 0.340678
    outer loop
      vertex 23.0089 8.56084 4
      vertex 22.9994 8.55791 4
      vertex 23.2492 7.78176 6.25
    endloop
  endfacet
  facet normal -0.343473 0.875521 0.339839
    outer loop
      vertex 22.9993 8.55789 4
      vertex 17.4229 6.37023 4
      vertex 23.2396 7.77881 6.25
    endloop
  endfacet
  facet normal 0.209132 -0.916937 0.33984
    outer loop
      vertex 17.984 4.55136 4
      vertex 17.7177 5.32453 6.25
      vertex 17.958 4.54543 4
    endloop
  endfacet
  facet normal 0.209403 -0.916871 0.339849
    outer loop
      vertex 17.7177 5.32453 6.25
      vertex 17.984 4.55136 4
      vertex 23.5834 6.66419 6.25
    endloop
  endfacet
  facet normal -0.276165 0.898707 0.340674
    outer loop
      vertex 22.9994 8.55791 4
      vertex 23.2396 7.77881 6.25
      vertex 23.2492 7.78176 6.25
    endloop
  endfacet
  facet normal -0.184495 0.922475 0.339118
    outer loop
      vertex 23.2396 7.77881 6.25
      vertex 22.9994 8.55791 4
      vertex 22.9993 8.55789 4
    endloop
  endfacet
  facet normal 0.209404 -0.916872 0.339848
    outer loop
      vertex 23.5834 6.66419 6.25
      vertex 17.984 4.55136 4
      vertex 23.8238 5.88511 4
    endloop
  endfacet
  facet normal 0.276164 -0.898702 0.340689
    outer loop
      vertex 23.8238 5.88511 4
      vertex 23.593 6.66714 6.25
      vertex 23.5834 6.66419 6.25
    endloop
  endfacet
  facet normal 0.278817 -0.897886 0.340678
    outer loop
      vertex 23.593 6.66714 6.25
      vertex 23.8238 5.88511 4
      vertex 23.8333 5.88806 4
    endloop
  endfacet
  facet normal 0.955575 0.294748 3.27569e-06
    outer loop
      vertex 23.8318 5.89299 4
      vertex 23.0089 8.56084 4
      vertex 23.2492 7.78176 6.25
    endloop
  endfacet
  facet normal -0.966963 -0.254464 0.0151593
    outer loop
      vertex 17.3985 6.35937 4
      vertex 17.6385 5.58141 6.25
      vertex 17.3982 6.36051 4
    endloop
  endfacet
  facet normal -0.955612 -0.29463 6.07909e-05
    outer loop
      vertex 17.6385 5.58141 6.25
      vertex 17.3985 6.35937 4
      vertex 17.7177 5.32453 6.25
    endloop
  endfacet
  facet normal 0 0 1
    outer loop
      vertex 23.2492 7.78176 6.25
      vertex 23.5834 6.66419 6.25
      vertex 23.593 6.66714 6.25
    endloop
  endfacet
  facet normal -0 0 1
    outer loop
      vertex 23.2396 7.77881 6.25
      vertex 23.5834 6.66419 6.25
      vertex 23.2492 7.78176 6.25
    endloop
  endfacet
  facet normal 0 0 1
    outer loop
      vertex 23.2396 7.77881 6.25
      vertex 17.7177 5.32453 6.25
      vertex 23.5834 6.66419 6.25
    endloop
  endfacet
  facet normal 0 -0 1
    outer loop
      vertex 17.7177 5.32453 6.25
      vertex 23.2396 7.77881 6.25
      vertex 17.6385 5.58141 6.25
    endloop
  endfacet
  facet normal -0.343477 0.875512 0.339856
    outer loop
      vertex 17.4229 6.37023 4
      vertex 17.6385 5.58141 6.25
      vertex 23.2396 7.77881 6.25
    endloop
  endfacet
  facet normal -0.344397 0.875164 0.339822
    outer loop
      vertex 17.6385 5.58141 6.25
      vertex 17.4229 6.37023 4
      vertex 17.3982 6.36051 4
    endloop
  endfacet
  facet normal -0.412942 0.844653 0.340647
    outer loop
      vertex 21.476 11.8945 4
      vertex 21.8207 11.1556 6.25
      vertex 21.8297 11.16 6.25
    endloop
  endfacet
  facet normal 0 0.95008 0.312006
    outer loop
      vertex 21.8207 11.1556 6.25
      vertex 21.476 11.8945 4
      vertex 21.4759 11.8945 4
    endloop
  endfacet
  facet normal -0.405309 0.848321 0.3407
    outer loop
      vertex 21.4759 11.8945 4
      vertex 21.4669 11.8902 4
      vertex 21.8207 11.1556 6.25
    endloop
  endfacet
  facet normal -0.470129 0.814538 0.339863
    outer loop
      vertex 21.4669 11.8902 4
      vertex 16.2789 8.89583 4
      vertex 21.8207 11.1556 6.25
    endloop
  endfacet
  facet normal -0.900955 -0.433913 6.33453e-06
    outer loop
      vertex 16.6096 8.14795 6.25
      vertex 16.2558 8.88253 4
      vertex 17.0795 7.17224 4
    endloop
  endfacet
  facet normal 0.405312 -0.848328 0.340677
    outer loop
      vertex 22.6805 9.37012 4
      vertex 22.3358 10.109 6.25
      vertex 22.3268 10.1047 6.25
    endloop
  endfacet
  facet normal 0.408376 -0.846863 0.340665
    outer loop
      vertex 22.3358 10.109 6.25
      vertex 22.6805 9.37012 4
      vertex 22.6895 9.37446 4
    endloop
  endfacet
  facet normal 0.900979 0.433863 -5.91776e-06
    outer loop
      vertex 22.6895 9.37446 4
      vertex 21.4782 11.8899 4
      vertex 22.3358 10.109 6.25
    endloop
  endfacet
  facet normal 0.343723 -0.875421 0.339841
    outer loop
      vertex 22.3268 10.1047 6.25
      vertex 17.1048 7.18089 4
      vertex 22.6805 9.37012 4
    endloop
  endfacet
  facet normal 0 0 1
    outer loop
      vertex 21.8297 11.16 6.25
      vertex 22.3268 10.1047 6.25
      vertex 22.3358 10.109 6.25
    endloop
  endfacet
  facet normal -0 0 1
    outer loop
      vertex 21.8207 11.1556 6.25
      vertex 22.3268 10.1047 6.25
      vertex 21.8297 11.16 6.25
    endloop
  endfacet
  facet normal 0 0 1
    outer loop
      vertex 21.8207 11.1556 6.25
      vertex 16.7262 7.90575 6.25
      vertex 22.3268 10.1047 6.25
    endloop
  endfacet
  facet normal 0 -0 1
    outer loop
      vertex 16.7262 7.90575 6.25
      vertex 21.8207 11.1556 6.25
      vertex 16.6096 8.14795 6.25
    endloop
  endfacet
  facet normal -0.470126 0.814547 0.339846
    outer loop
      vertex 16.2789 8.89583 4
      vertex 16.6096 8.14795 6.25
      vertex 21.8207 11.1556 6.25
    endloop
  endfacet
  facet normal -0.46926 0.815031 0.33988
    outer loop
      vertex 16.6096 8.14795 6.25
      vertex 16.2789 8.89583 4
      vertex 16.2558 8.88253 4
    endloop
  endfacet
  facet normal 0.902134 0.431455 -0.000969249
    outer loop
      vertex 21.8297 11.16 6.25
      vertex 21.4782 11.8899 4
      vertex 21.476 11.8945 4
    endloop
  endfacet
  facet normal 0.900981 0.433859 -9.18602e-06
    outer loop
      vertex 21.4782 11.8899 4
      vertex 21.8297 11.16 6.25
      vertex 22.3358 10.109 6.25
    endloop
  endfacet
  facet normal -0.901023 -0.433771 -6.94331e-05
    outer loop
      vertex 17.0795 7.17224 4
      vertex 16.7262 7.90575 6.25
      vertex 16.6096 8.14795 6.25
    endloop
  endfacet
  facet normal -0.905959 -0.423345 -0.00424324
    outer loop
      vertex 16.7262 7.90575 6.25
      vertex 17.0795 7.17224 4
      vertex 17.08 7.17117 4
    endloop
  endfacet
  facet normal 0.343191 -0.87563 0.339841
    outer loop
      vertex 17.1048 7.18089 4
      vertex 16.7262 7.90575 6.25
      vertex 17.08 7.17117 4
    endloop
  endfacet
  facet normal 0.343713 -0.875418 0.33986
    outer loop
      vertex 16.7262 7.90575 6.25
      vertex 17.1048 7.18089 4
      vertex 22.3268 10.1047 6.25
    endloop
  endfacet
  facet normal 0.53022 -0.776394 0.340705
    outer loop
      vertex 21.0389 12.6514 4
      vertex 20.5714 13.3195 6.25
      vertex 21.0307 12.6458 4
    endloop
  endfacet
  facet normal -0.826241 -0.563316 3.55654e-06
    outer loop
      vertex 15.3611 10.3104 6.25
      vertex 14.7511 11.2051 4
      vertex 15.8204 9.63671 4
    endloop
  endfacet
  facet normal -0.530226 0.776403 0.340675
    outer loop
      vertex 19.4633 14.9625 4
      vertex 19.4551 14.9569 4
      vertex 19.9226 14.2889 6.25
    endloop
  endfacet
  facet normal -0.58628 0.735369 0.339865
    outer loop
      vertex 19.455 14.9569 4
      vertex 14.7712 11.2227 4
      vertex 19.9143 14.2832 6.25
    endloop
  endfacet
  facet normal 0.826242 0.563316 -3.07857e-05
    outer loop
      vertex 20.5797 13.3251 6.25
      vertex 21.036 12.6557 4
      vertex 19.9226 14.2889 6.25
    endloop
  endfacet
  facet normal 0.822895 0.568189 -0.00215956
    outer loop
      vertex 21.036 12.6557 4
      vertex 20.5797 13.3251 6.25
      vertex 21.0389 12.6515 4
    endloop
  endfacet
  facet normal 0.469533 -0.814891 0.33984
    outer loop
      vertex 15.8435 9.65002 4
      vertex 15.3611 10.3104 6.25
      vertex 15.8204 9.63671 4
    endloop
  endfacet
  facet normal 0.470345 -0.814409 0.339873
    outer loop
      vertex 15.3611 10.3104 6.25
      vertex 15.8435 9.65002 4
      vertex 20.5714 13.3195 6.25
    endloop
  endfacet
  facet normal -0.532242 0.775019 0.340682
    outer loop
      vertex 19.4551 14.9569 4
      vertex 19.9143 14.2832 6.25
      vertex 19.9226 14.2889 6.25
    endloop
  endfacet
  facet normal 0 0.957978 0.28684
    outer loop
      vertex 19.9143 14.2832 6.25
      vertex 19.4551 14.9569 4
      vertex 19.455 14.9569 4
    endloop
  endfacet
  facet normal 0.470349 -0.81441 0.339866
    outer loop
      vertex 20.5714 13.3195 6.25
      vertex 15.8435 9.65002 4
      vertex 21.0307 12.6458 4
    endloop
  endfacet
  facet normal 0.525843 -0.779375 0.340681
    outer loop
      vertex 21.0389 12.6514 4
      vertex 20.5797 13.3251 6.25
      vertex 20.5714 13.3195 6.25
    endloop
  endfacet
  facet normal 0.979803 0 0.199967
    outer loop
      vertex 20.5797 13.3251 6.25
      vertex 21.0389 12.6514 4
      vertex 21.0389 12.6515 4
    endloop
  endfacet
  facet normal 0.826247 0.563308 -2.26878e-05
    outer loop
      vertex 21.036 12.6557 4
      vertex 19.4633 14.9625 4
      vertex 19.9226 14.2889 6.25
    endloop
  endfacet
  facet normal 0 0 1
    outer loop
      vertex 19.9226 14.2889 6.25
      vertex 20.5714 13.3195 6.25
      vertex 20.5797 13.3251 6.25
    endloop
  endfacet
  facet normal -0 0 1
    outer loop
      vertex 19.9143 14.2832 6.25
      vertex 20.5714 13.3195 6.25
      vertex 19.9226 14.2889 6.25
    endloop
  endfacet
  facet normal 0 0 1
    outer loop
      vertex 19.9143 14.2832 6.25
      vertex 15.3611 10.3104 6.25
      vertex 20.5714 13.3195 6.25
    endloop
  endfacet
  facet normal 0 -0 1
    outer loop
      vertex 15.3611 10.3104 6.25
      vertex 19.9143 14.2832 6.25
      vertex 15.2097 10.5325 6.25
    endloop
  endfacet
  facet normal -0.819224 -0.573457 -0.0044493
    outer loop
      vertex 14.7511 11.2051 4
      vertex 15.2097 10.5325 6.25
      vertex 14.7504 11.2061 4
    endloop
  endfacet
  facet normal -0.826282 -0.563256 3.87244e-05
    outer loop
      vertex 15.2097 10.5325 6.25
      vertex 14.7511 11.2051 4
      vertex 15.3611 10.3104 6.25
    endloop
  endfacet
  facet normal -0.586277 0.735382 0.339841
    outer loop
      vertex 14.7712 11.2227 4
      vertex 15.2097 10.5325 6.25
      vertex 19.9143 14.2832 6.25
    endloop
  endfacet
  facet normal -0.586656 0.735087 0.339825
    outer loop
      vertex 15.2097 10.5325 6.25
      vertex 14.7712 11.2227 4
      vertex 14.7504 11.2061 4
    endloop
  endfacet
  facet normal 0.733059 0.680165 -1.53015e-05
    outer loop
      vertex 18.3638 16.2435 6.25
      vertex 18.9148 15.6496 4
      vertex 17.5704 17.0986 6.25
    endloop
  endfacet
  facet normal 0.735544 0.677475 0.00130333
    outer loop
      vertex 18.9148 15.6496 4
      vertex 18.3638 16.2435 6.25
      vertex 18.9183 15.6458 4
    endloop
  endfacet
  facet normal -0.733058 -0.680166 2.42848e-05
    outer loop
      vertex 13.6529 12.4847 6.25
      vertex 12.9163 13.2785 4
      vertex 14.2074 11.887 4
    endloop
  endfacet
  facet normal 0.635733 -0.692664 0.340675
    outer loop
      vertex 18.9183 15.6458 4
      vertex 18.3638 16.2435 6.25
      vertex 18.911 15.6391 4
    endloop
  endfacet
  facet normal -0.689336 0.639785 0.33984
    outer loop
      vertex 17.0085 17.6894 4
      vertex 12.9336 13.2989 4
      vertex 17.5631 17.0918 6.25
    endloop
  endfacet
  facet normal 0.586651 -0.735081 0.339847
    outer loop
      vertex 14.2282 11.9036 4
      vertex 13.6529 12.4847 6.25
      vertex 14.2074 11.887 4
    endloop
  endfacet
  facet normal 0.586478 -0.735223 0.339839
    outer loop
      vertex 13.6529 12.4847 6.25
      vertex 14.2282 11.9036 4
      vertex 18.3565 16.2367 6.25
    endloop
  endfacet
  facet normal -0.640837 0.687957 0.340652
    outer loop
      vertex 17.0159 17.6962 4
      vertex 17.5631 17.0918 6.25
      vertex 17.5704 17.0986 6.25
    endloop
  endfacet
  facet normal -0.636151 0.692281 0.340674
    outer loop
      vertex 17.5631 17.0918 6.25
      vertex 17.0159 17.6962 4
      vertex 17.0085 17.6894 4
    endloop
  endfacet
  facet normal 0.586476 -0.735223 0.339842
    outer loop
      vertex 18.3565 16.2367 6.25
      vertex 14.2282 11.9036 4
      vertex 18.911 15.639 4
    endloop
  endfacet
  facet normal -0.689306 0.639817 0.33984
    outer loop
      vertex 13.47 12.6817 6.25
      vertex 12.9336 13.2989 4
      vertex 12.9155 13.2794 4
    endloop
  endfacet
  facet normal -0.689336 0.639786 0.339838
    outer loop
      vertex 12.9336 13.2989 4
      vertex 13.47 12.6817 6.25
      vertex 17.5631 17.0918 6.25
    endloop
  endfacet
  facet normal 0.64083 -0.68795 0.340679
    outer loop
      vertex 18.911 15.639 4
      vertex 18.3638 16.2435 6.25
      vertex 18.3565 16.2367 6.25
    endloop
  endfacet
  facet normal 0.971677 0 0.236312
    outer loop
      vertex 18.3638 16.2435 6.25
      vertex 18.911 15.639 4
      vertex 18.911 15.6391 4
    endloop
  endfacet
  facet normal 0.733064 0.68016 -9.0836e-06
    outer loop
      vertex 18.9148 15.6496 4
      vertex 17.0159 17.6962 4
      vertex 17.5704 17.0986 6.25
    endloop
  endfacet
  facet normal -0.747387 -0.664344 0.00771008
    outer loop
      vertex 12.9163 13.2785 4
      vertex 13.47 12.6817 6.25
      vertex 12.9155 13.2794 4
    endloop
  endfacet
  facet normal -0.732846 -0.680394 -0.000125357
    outer loop
      vertex 13.47 12.6817 6.25
      vertex 12.9163 13.2785 4
      vertex 13.6529 12.4847 6.25
    endloop
  endfacet
  facet normal 0 0 1
    outer loop
      vertex 17.5704 17.0986 6.25
      vertex 18.3565 16.2367 6.25
      vertex 18.3638 16.2435 6.25
    endloop
  endfacet
  facet normal -0 0 1
    outer loop
      vertex 17.5631 17.0918 6.25
      vertex 18.3565 16.2367 6.25
      vertex 17.5704 17.0986 6.25
    endloop
  endfacet
  facet normal 0 0 1
    outer loop
      vertex 17.5631 17.0918 6.25
      vertex 13.6529 12.4847 6.25
      vertex 18.3565 16.2367 6.25
    endloop
  endfacet
  facet normal 0 -0 1
    outer loop
      vertex 13.6529 12.4847 6.25
      vertex 17.5631 17.0918 6.25
      vertex 13.47 12.6817 6.25
    endloop
  endfacet
  facet normal 0.735999 -0.585025 0.340664
    outer loop
      vertex 16.3751 18.2907 4
      vertex 15.7315 18.7912 6.25
      vertex 16.3689 18.2829 4
    endloop
  endfacet
  facet normal -0.623512 -0.781814 2.10249e-05
    outer loop
      vertex 11.6397 14.3801 6.25
      vertex 10.793 15.0553 4
      vertex 12.2771 13.8717 4
    endloop
  endfacet
  facet normal -0.735984 0.585013 0.340716
    outer loop
      vertex 14.1883 20.0347 4
      vertex 14.1821 20.0269 4
      vertex 14.8258 19.5263 6.25
    endloop
  endfacet
  facet normal -0.77699 0.52991 0.339825
    outer loop
      vertex 14.1821 20.0268 4
      vertex 10.807 15.078 4
      vertex 14.8195 19.5185 6.25
    endloop
  endfacet
  facet normal 0.689506 -0.639595 0.339853
    outer loop
      vertex 11.6397 14.3801 6.25
      vertex 12.2952 13.8912 4
      vertex 15.7315 18.7912 6.25
    endloop
  endfacet
  facet normal 0.689305 -0.639817 0.339843
    outer loop
      vertex 12.2952 13.8912 4
      vertex 11.6397 14.3801 6.25
      vertex 12.2771 13.8717 4
    endloop
  endfacet
  facet normal -0.961429 0 0.275054
    outer loop
      vertex 14.1821 20.0268 4
      vertex 14.8258 19.5263 6.25
      vertex 14.1821 20.0269 4
    endloop
  endfacet
  facet normal -0.73141 0.590754 0.340658
    outer loop
      vertex 14.8258 19.5263 6.25
      vertex 14.1821 20.0268 4
      vertex 14.8195 19.5185 6.25
    endloop
  endfacet
  facet normal 0.689521 -0.639593 0.339825
    outer loop
      vertex 15.7315 18.7912 6.25
      vertex 12.2952 13.8912 4
      vertex 16.3689 18.2829 4
    endloop
  endfacet
  facet normal 0.623481 0.781838 -2.96841e-06
    outer loop
      vertex 14.1924 20.0314 4
      vertex 14.8258 19.5263 6.25
      vertex 15.7377 18.7991 6.25
    endloop
  endfacet
  facet normal 0.627009 0.779011 -0.00163064
    outer loop
      vertex 14.8258 19.5263 6.25
      vertex 14.1924 20.0314 4
      vertex 14.1883 20.0347 4
    endloop
  endfacet
  facet normal 0 0 1
    outer loop
      vertex 14.8258 19.5263 6.25
      vertex 15.7315 18.7912 6.25
      vertex 15.7377 18.7991 6.25
    endloop
  endfacet
  facet normal -0 0 1
    outer loop
      vertex 14.8195 19.5185 6.25
      vertex 15.7315 18.7912 6.25
      vertex 14.8258 19.5263 6.25
    endloop
  endfacet
  facet normal 0 0 1
    outer loop
      vertex 14.8195 19.5185 6.25
      vertex 11.6397 14.3801 6.25
      vertex 15.7315 18.7912 6.25
    endloop
  endfacet
  facet normal 0 -0 1
    outer loop
      vertex 11.6397 14.3801 6.25
      vertex 14.8195 19.5185 6.25
      vertex 11.4295 14.5477 6.25
    endloop
  endfacet
  facet normal -0.573316 -0.819023 -0.0225868
    outer loop
      vertex 10.793 15.0553 4
      vertex 11.4295 14.5477 6.25
      vertex 10.792 15.056 4
    endloop
  endfacet
  facet normal -0.623424 -0.781884 -3.32625e-05
    outer loop
      vertex 11.4295 14.5477 6.25
      vertex 10.793 15.0553 4
      vertex 11.6397 14.3801 6.25
    endloop
  endfacet
  facet normal 0.739606 -0.58045 0.340678
    outer loop
      vertex 15.7315 18.7912 6.25
      vertex 16.3751 18.2907 4
      vertex 15.7377 18.7991 6.25
    endloop
  endfacet
  facet normal 0.623502 0.781822 -2.58693e-05
    outer loop
      vertex 16.3751 18.2907 4
      vertex 14.1924 20.0314 4
      vertex 15.7377 18.7991 6.25
    endloop
  endfacet
  facet normal -0.777049 0.529806 0.339853
    outer loop
      vertex 11.4295 14.5477 6.25
      vertex 10.807 15.078 4
      vertex 10.792 15.056 4
    endloop
  endfacet
  facet normal -0.776988 0.529893 0.339857
    outer loop
      vertex 10.807 15.078 4
      vertex 11.4295 14.5477 6.25
      vertex 14.8195 19.5185 6.25
    endloop
  endfacet
  facet normal 0.500278 0.865865 0.000103476
    outer loop
      vertex 13.4617 20.5296 4
      vertex 12.7601 20.9347 6.25
      vertex 13.4662 20.527 4
    endloop
  endfacet
  facet normal 0.499975 0.86604 -2.24421e-05
    outer loop
      vertex 12.7601 20.9347 6.25
      vertex 13.4617 20.5296 4
      vertex 11.7499 21.5179 6.25
    endloop
  endfacet
  facet normal -0.499977 -0.866039 1.17542e-05
    outer loop
      vertex 9.13359 16.0887 6.25
      vertex 8.42751 16.4963 4
      vertex 10.0715 15.5472 4
    endloop
  endfacet
  facet normal -0.847287 0.408169 0.339858
    outer loop
      vertex 11.0388 21.9169 4
      vertex 8.43906 16.5203 4
      vertex 11.7449 21.5092 6.25
    endloop
  endfacet
  facet normal 0.812787 -0.47255 0.340697
    outer loop
      vertex 13.4662 20.527 4
      vertex 12.7601 20.9347 6.25
      vertex 13.4612 20.5184 4
    endloop
  endfacet
  facet normal -0.812792 0.472554 0.340678
    outer loop
      vertex 11.0388 21.9169 4
      vertex 11.7499 21.5179 6.25
      vertex 11.0438 21.9255 4
    endloop
  endfacet
  facet normal -0.815143 0.468473 0.340697
    outer loop
      vertex 11.7499 21.5179 6.25
      vertex 11.0388 21.9169 4
      vertex 11.7449 21.5092 6.25
    endloop
  endfacet
  facet normal 0.777138 -0.529684 0.339839
    outer loop
      vertex 12.7551 20.926 6.25
      vertex 10.0875 15.5686 4
      vertex 13.4612 20.5184 4
    endloop
  endfacet
  facet normal 0 0 1
    outer loop
      vertex 11.7499 21.5179 6.25
      vertex 12.7551 20.926 6.25
      vertex 12.7601 20.9347 6.25
    endloop
  endfacet
  facet normal -0 0 1
    outer loop
      vertex 11.7449 21.5092 6.25
      vertex 12.7551 20.926 6.25
      vertex 11.7499 21.5179 6.25
    endloop
  endfacet
  facet normal 0 0 1
    outer loop
      vertex 11.7449 21.5092 6.25
      vertex 9.36641 15.9543 6.25
      vertex 12.7551 20.926 6.25
    endloop
  endfacet
  facet normal 0 -0 1
    outer loop
      vertex 9.36641 15.9543 6.25
      vertex 11.7449 21.5092 6.25
      vertex 9.13359 16.0887 6.25
    endloop
  endfacet
  facet normal -0.847458 0.407839 0.339826
    outer loop
      vertex 9.13359 16.0887 6.25
      vertex 8.43906 16.5203 4
      vertex 8.42751 16.4963 4
    endloop
  endfacet
  facet normal -0.847289 0.408179 0.339839
    outer loop
      vertex 8.43906 16.5203 4
      vertex 9.13359 16.0887 6.25
      vertex 11.7449 21.5092 6.25
    endloop
  endfacet
  facet normal 0.815149 -0.468476 0.340679
    outer loop
      vertex 12.7551 20.926 6.25
      vertex 13.4612 20.5184 4
      vertex 12.7601 20.9347 6.25
    endloop
  endfacet
  facet normal 0.49998 0.866037 -1.73437e-05
    outer loop
      vertex 13.4617 20.5296 4
      vertex 11.0438 21.9255 4
      vertex 11.7499 21.5179 6.25
    endloop
  endfacet
  facet normal -0.499948 -0.866056 2.79832e-05
    outer loop
      vertex 10.0715 15.5472 4
      vertex 9.36641 15.9543 6.25
      vertex 9.13359 16.0887 6.25
    endloop
  endfacet
  facet normal -0.514486 -0.857477 -0.00608008
    outer loop
      vertex 9.36641 15.9543 6.25
      vertex 10.0715 15.5472 4
      vertex 10.0725 15.5466 4
    endloop
  endfacet
  facet normal 0.777128 -0.529687 0.339858
    outer loop
      vertex 9.36641 15.9543 6.25
      vertex 10.0875 15.5686 4
      vertex 12.7551 20.926 6.25
    endloop
  endfacet
  facet normal 0.777049 -0.529806 0.339853
    outer loop
      vertex 10.0875 15.5686 4
      vertex 9.36641 15.9543 6.25
      vertex 10.0725 15.5466 4
    endloop
  endfacet
  facet normal 0.875538 -0.342602 0.34067
    outer loop
      vertex 10.2563 22.3047 4
      vertex 9.49376 22.5933 6.25
      vertex 10.2527 22.2955 4
    endloop
  endfacet
  facet normal -0.365334 -0.930877 2.60519e-05
    outer loop
      vertex 6.63369 17.2703 6.25
      vertex 5.87473 17.5681 4
      vertex 7.64178 16.8746 4
    endloop
  endfacet
  facet normal -0.87583 0.341856 0.34067
    outer loop
      vertex 7.65264 23.3266 4
      vertex 7.64901 23.3173 4
      vertex 8.40795 23.0195 6.25
    endloop
  endfacet
  facet normal -0.898662 0.277344 0.339833
    outer loop
      vertex 7.64901 23.3173 4
      vertex 5.88257 17.5936 4
      vertex 8.40795 23.0195 6.25
    endloop
  endfacet
  facet normal 0.368048 0.929806 0.0010883
    outer loop
      vertex 10.2516 22.3067 4
      vertex 9.49741 22.6026 6.25
      vertex 10.2564 22.3048 4
    endloop
  endfacet
  facet normal 0.365379 0.930859 5.50951e-05
    outer loop
      vertex 9.49741 22.6026 6.25
      vertex 10.2516 22.3067 4
      vertex 8.4116 23.0288 6.25
    endloop
  endfacet
  facet normal -0.923577 0.184715 0.335985
    outer loop
      vertex 7.65264 23.3266 4
      vertex 8.4116 23.0288 6.25
      vertex 7.65266 23.3267 4
    endloop
  endfacet
  facet normal -0.875189 0.343488 0.340677
    outer loop
      vertex 8.4116 23.0288 6.25
      vertex 7.65264 23.3266 4
      vertex 8.40795 23.0195 6.25
    endloop
  endfacet
  facet normal 0 0 1
    outer loop
      vertex 8.4116 23.0288 6.25
      vertex 9.49376 22.5933 6.25
      vertex 9.49741 22.6026 6.25
    endloop
  endfacet
  facet normal -0 0 1
    outer loop
      vertex 8.40795 23.0195 6.25
      vertex 9.49376 22.5933 6.25
      vertex 8.4116 23.0288 6.25
    endloop
  endfacet
  facet normal 0 0 1
    outer loop
      vertex 8.40795 23.0195 6.25
      vertex 6.88393 17.1721 6.25
      vertex 9.49376 22.5933 6.25
    endloop
  endfacet
  facet normal 0 -0 1
    outer loop
      vertex 6.88393 17.1721 6.25
      vertex 8.40795 23.0195 6.25
      vertex 6.63369 17.2703 6.25
    endloop
  endfacet
  facet normal 0.847407 -0.407943 0.33983
    outer loop
      vertex 9.49376 22.5933 6.25
      vertex 7.65443 16.8982 4
      vertex 10.2527 22.2955 4
    endloop
  endfacet
  facet normal -0.898963 0.276387 0.339816
    outer loop
      vertex 6.63369 17.2703 6.25
      vertex 5.88257 17.5936 4
      vertex 5.87473 17.5681 4
    endloop
  endfacet
  facet normal -0.898659 0.277335 0.33985
    outer loop
      vertex 5.88257 17.5936 4
      vertex 6.63369 17.2703 6.25
      vertex 8.40795 23.0195 6.25
    endloop
  endfacet
  facet normal 0.875185 -0.343487 0.340688
    outer loop
      vertex 9.49376 22.5933 6.25
      vertex 10.2564 22.3048 4
      vertex 9.49741 22.6026 6.25
    endloop
  endfacet
  facet normal 0.671421 -0.671421 0.31367
    outer loop
      vertex 10.2564 22.3048 4
      vertex 9.49376 22.5933 6.25
      vertex 10.2563 22.3047 4
    endloop
  endfacet
  facet normal 0.365338 0.930875 1.67826e-05
    outer loop
      vertex 10.2516 22.3067 4
      vertex 7.65266 23.3267 4
      vertex 8.4116 23.0288 6.25
    endloop
  endfacet
  facet normal -0.365302 -0.930889 4.22094e-05
    outer loop
      vertex 7.64178 16.8746 4
      vertex 6.88393 17.1721 6.25
      vertex 6.63369 17.2703 6.25
    endloop
  endfacet
  facet normal -0.339002 -0.94073 0.0102021
    outer loop
      vertex 6.88393 17.1721 6.25
      vertex 7.64178 16.8746 4
      vertex 7.64289 16.8742 4
    endloop
  endfacet
  facet normal 0.847398 -0.407947 0.339847
    outer loop
      vertex 6.88393 17.1721 6.25
      vertex 7.65443 16.8982 4
      vertex 9.49376 22.5933 6.25
    endloop
  endfacet
  facet normal 0.847584 -0.407547 0.339863
    outer loop
      vertex 7.65443 16.8982 4
      vertex 6.88393 17.1721 6.25
      vertex 7.64289 16.8742 4
    endloop
  endfacet
  facet normal 0.916484 -0.209752 0.340678
    outer loop
      vertex 6.81745 23.5843 4
      vertex 6.02259 23.7657 6.25
      vertex 6.81523 23.5746 4
    endloop
  endfacet
  facet normal -0.916745 0.208606 0.340678
    outer loop
      vertex 4.0883 24.1969 4
      vertex 4.88539 24.0253 6.25
      vertex 4.09053 24.2067 4
    endloop
  endfacet
  facet normal -0.916745 0.208606 0.340678
    outer loop
      vertex 4.88539 24.0253 6.25
      vertex 4.0883 24.1969 4
      vertex 4.88316 24.0155 6.25
    endloop
  endfacet
  facet normal -0.92996 0.140302 0.339839
    outer loop
      vertex 4.0883 24.1969 4
      vertex 3.19469 18.2738 4
      vertex 4.88316 24.0155 6.25
    endloop
  endfacet
  facet normal -0.222518 -0.974929 9.30343e-06
    outer loop
      vertex 3.98559 18.0661 6.25
      vertex 3.19072 18.2475 4
      vertex 5.0414 17.8251 4
    endloop
  endfacet
  facet normal 0.916277 -0.210649 0.340681
    outer loop
      vertex 6.02036 23.756 6.25
      vertex 6.81523 23.5746 4
      vertex 6.02259 23.7657 6.25
    endloop
  endfacet
  facet normal 0.936354 -0.0936354 0.33834
    outer loop
      vertex 6.81523 23.5746 4
      vertex 6.02036 23.756 6.25
      vertex 6.81522 23.5745 4
    endloop
  endfacet
  facet normal 0 0 1
    outer loop
      vertex 4.88539 24.0253 6.25
      vertex 6.02036 23.756 6.25
      vertex 6.02259 23.7657 6.25
    endloop
  endfacet
  facet normal -0 0 1
    outer loop
      vertex 4.88316 24.0155 6.25
      vertex 6.02036 23.756 6.25
      vertex 4.88539 24.0253 6.25
    endloop
  endfacet
  facet normal 0 0 1
    outer loop
      vertex 4.88316 24.0155 6.25
      vertex 4.24768 18.0063 6.25
      vertex 6.02036 23.756 6.25
    endloop
  endfacet
  facet normal 0 -0 1
    outer loop
      vertex 4.24768 18.0063 6.25
      vertex 4.88316 24.0155 6.25
      vertex 3.98559 18.0661 6.25
    endloop
  endfacet
  facet normal 0.898735 -0.277088 0.339849
    outer loop
      vertex 6.02036 23.756 6.25
      vertex 5.0504 17.8503 4
      vertex 6.81522 23.5745 4
    endloop
  endfacet
  facet normal -0.929946 0.140376 0.339845
    outer loop
      vertex 3.98559 18.0661 6.25
      vertex 3.19469 18.2738 4
      vertex 3.19072 18.2475 4
    endloop
  endfacet
  facet normal -0.929959 0.1403 0.339842
    outer loop
      vertex 3.19469 18.2738 4
      vertex 3.98559 18.0661 6.25
      vertex 4.88316 24.0155 6.25
    endloop
  endfacet
  facet normal 0.213638 0.976907 -0.00328838
    outer loop
      vertex 6.81242 23.5854 4
      vertex 6.02259 23.7657 6.25
      vertex 6.81745 23.5843 4
    endloop
  endfacet
  facet normal 0.222555 0.97492 1.03181e-06
    outer loop
      vertex 6.02259 23.7657 6.25
      vertex 6.81242 23.5854 4
      vertex 4.88539 24.0253 6.25
    endloop
  endfacet
  facet normal 0.222537 0.974924 -1.52301e-05
    outer loop
      vertex 6.81242 23.5854 4
      vertex 4.09053 24.2067 4
      vertex 4.88539 24.0253 6.25
    endloop
  endfacet
  facet normal -0.222449 -0.974944 4.34019e-05
    outer loop
      vertex 5.0414 17.8251 4
      vertex 4.24768 18.0063 6.25
      vertex 3.98559 18.0661 6.25
    endloop
  endfacet
  facet normal -0.250369 -0.968095 -0.0103575
    outer loop
      vertex 4.24768 18.0063 6.25
      vertex 5.0414 17.8251 4
      vertex 5.04256 17.8248 4
    endloop
  endfacet
  facet normal 0.898736 -0.277088 0.339848
    outer loop
      vertex 4.24768 18.0063 6.25
      vertex 5.0504 17.8503 4
      vertex 6.02036 23.756 6.25
    endloop
  endfacet
  facet normal 0.898944 -0.276381 0.339874
    outer loop
      vertex 5.0504 17.8503 4
      vertex 4.24768 18.0063 6.25
      vertex 5.04256 17.8248 4
    endloop
  endfacet
  facet normal 0.0581528 0.99829 -0.00600731
    outer loop
      vertex 3.2211 24.3373 4
      vertex 2.41323 24.3979 6.25
      vertex 3.22625 24.337 4
    endloop
  endfacet
  facet normal 0.0747565 0.997202 -1.6403e-05
    outer loop
      vertex 2.41323 24.3979 6.25
      vertex 3.2211 24.3373 4
      vertex 1.25004 24.4851 6.25
    endloop
  endfacet
  facet normal -0.074752 -0.997202 -2.04603e-05
    outer loop
      vertex 1.51655 18.4382 6.25
      vertex 0.436615 18.5192 4
      vertex 2.32958 18.3773 4
    endloop
  endfacet
  facet normal 0.937547 -0.070316 0.340678
    outer loop
      vertex 3.22625 24.337 4
      vertex 2.41323 24.3979 6.25
      vertex 3.2255 24.327 4
    endloop
  endfacet
  facet normal -0.940482 0.000131885 0.339842
    outer loop
      vertex 0.436273 24.536 4
      vertex 0.435433 18.5459 4
      vertex 1.2493 24.4751 6.25
    endloop
  endfacet
  facet normal 0.929996 -0.140043 0.339846
    outer loop
      vertex 1.51655 18.4382 6.25
      vertex 2.33355 18.4036 4
      vertex 2.41248 24.3879 6.25
    endloop
  endfacet
  facet normal 0.92995 -0.140377 0.339834
    outer loop
      vertex 2.33355 18.4036 4
      vertex 1.51655 18.4382 6.25
      vertex 2.32958 18.3773 4
    endloop
  endfacet
  facet normal -0.937561 0.0701295 0.340678
    outer loop
      vertex 0.436273 24.536 4
      vertex 1.25004 24.4851 6.25
      vertex 0.437021 24.546 4
    endloop
  endfacet
  facet normal -0.937615 0.0693835 0.340681
    outer loop
      vertex 1.25004 24.4851 6.25
      vertex 0.436273 24.536 4
      vertex 1.2493 24.4751 6.25
    endloop
  endfacet
  facet normal 0.929999 -0.14004 0.339838
    outer loop
      vertex 2.41248 24.3879 6.25
      vertex 2.33355 18.4036 4
      vertex 3.2255 24.327 4
    endloop
  endfacet
  facet normal 0 0 1
    outer loop
      vertex 1.2493 24.4751 6.25
      vertex 2.41248 24.3879 6.25
      vertex 2.41323 24.3979 6.25
    endloop
  endfacet
  facet normal -0 0 1
    outer loop
      vertex 1.2493 24.4751 6.25
      vertex 2.41323 24.3979 6.25
      vertex 1.25004 24.4851 6.25
    endloop
  endfacet
  facet normal 0 0 1
    outer loop
      vertex 2.41248 24.3879 6.25
      vertex 1.2493 24.4751 6.25
      vertex 1.51655 18.4382 6.25
    endloop
  endfacet
  facet normal 0 0 1
    outer loop
      vertex 1.51655 18.4382 6.25
      vertex 1.2493 24.4751 6.25
      vertex 1.24847 18.4583 6.25
    endloop
  endfacet
  facet normal -0 -0.999634 -0.0270568
    outer loop
      vertex 0.436615 18.5192 4
      vertex 1.24847 18.4583 6.25
      vertex 0.43543 18.5192 4
    endloop
  endfacet
  facet normal -0.0747678 -0.997201 -1.28729e-05
    outer loop
      vertex 1.24847 18.4583 6.25
      vertex 0.436615 18.5192 4
      vertex 1.51655 18.4382 6.25
    endloop
  endfacet
  facet normal 0.937547 -0.070316 0.340678
    outer loop
      vertex 2.41248 24.3879 6.25
      vertex 3.2255 24.327 4
      vertex 2.41323 24.3979 6.25
    endloop
  endfacet
  facet normal 0.0747522 0.997202 -2.01622e-05
    outer loop
      vertex 3.2211 24.3373 4
      vertex 0.437021 24.546 4
      vertex 1.25004 24.4851 6.25
    endloop
  endfacet
  facet normal -0.940481 0.000105672 0.339847
    outer loop
      vertex 1.24847 18.4583 6.25
      vertex 0.435433 18.5459 4
      vertex 0.43543 18.5192 4
    endloop
  endfacet
  facet normal -0.940481 0.000129737 0.339847
    outer loop
      vertex 0.435433 18.5459 4
      vertex 1.24847 18.4583 6.25
      vertex 1.2493 24.4751 6.25
    endloop
  endfacet
  facet normal 0.937561 0.0701295 0.340678
    outer loop
      vertex -1.25004 24.4851 6.25
      vertex -0.436273 24.536 4
      vertex -0.437021 24.546 4
    endloop
  endfacet
  facet normal 0.937615 0.0693835 0.340681
    outer loop
      vertex -0.436273 24.536 4
      vertex -1.25004 24.4851 6.25
      vertex -1.2493 24.4751 6.25
    endloop
  endfacet
  facet normal -0.937547 -0.070316 0.340678
    outer loop
      vertex -3.2255 24.327 4
      vertex -2.41248 24.3879 6.25
      vertex -2.41323 24.3979 6.25
    endloop
  endfacet
  facet normal -0.937547 -0.070316 0.340678
    outer loop
      vertex -2.41323 24.3979 6.25
      vertex -3.22625 24.337 4
      vertex -3.2255 24.327 4
    endloop
  endfacet
  facet normal -0.929999 -0.14004 0.339838
    outer loop
      vertex -2.41248 24.3879 6.25
      vertex -3.2255 24.327 4
      vertex -2.33355 18.4036 4
    endloop
  endfacet
  facet normal 0.074752 -0.997202 -2.04603e-05
    outer loop
      vertex -1.51655 18.4382 6.25
      vertex -2.32958 18.3773 4
      vertex -0.436615 18.5192 4
    endloop
  endfacet
  facet normal 0 0 1
    outer loop
      vertex -2.41248 24.3879 6.25
      vertex -1.2493 24.4751 6.25
      vertex -1.25004 24.4851 6.25
    endloop
  endfacet
  facet normal 0 0 1
    outer loop
      vertex -1.2493 24.4751 6.25
      vertex -1.51655 18.4382 6.25
      vertex -1.24847 18.4583 6.25
    endloop
  endfacet
  facet normal 0 0 1
    outer loop
      vertex -1.2493 24.4751 6.25
      vertex -2.41248 24.3879 6.25
      vertex -1.51655 18.4382 6.25
    endloop
  endfacet
  facet normal 0 -0 1
    outer loop
      vertex -2.41248 24.3879 6.25
      vertex -1.25004 24.4851 6.25
      vertex -2.41323 24.3979 6.25
    endloop
  endfacet
  facet normal -0.0747522 0.997202 -2.01622e-05
    outer loop
      vertex -0.437021 24.546 4
      vertex -3.2211 24.3373 4
      vertex -1.25004 24.4851 6.25
    endloop
  endfacet
  facet normal 0.940482 0.000131885 0.339842
    outer loop
      vertex -0.436273 24.536 4
      vertex -1.2493 24.4751 6.25
      vertex -0.435433 18.5459 4
    endloop
  endfacet
  facet normal -0.0747565 0.997202 -1.6403e-05
    outer loop
      vertex -3.2211 24.3373 4
      vertex -2.41323 24.3979 6.25
      vertex -1.25004 24.4851 6.25
    endloop
  endfacet
  facet normal -0.0581528 0.99829 -0.00600731
    outer loop
      vertex -2.41323 24.3979 6.25
      vertex -3.2211 24.3373 4
      vertex -3.22625 24.337 4
    endloop
  endfacet
  facet normal -0.929996 -0.140043 0.339846
    outer loop
      vertex -2.33355 18.4036 4
      vertex -1.51655 18.4382 6.25
      vertex -2.41248 24.3879 6.25
    endloop
  endfacet
  facet normal -0.92995 -0.140377 0.339834
    outer loop
      vertex -1.51655 18.4382 6.25
      vertex -2.33355 18.4036 4
      vertex -2.32958 18.3773 4
    endloop
  endfacet
  facet normal 0.0747678 -0.997201 -1.28729e-05
    outer loop
      vertex -0.436615 18.5192 4
      vertex -1.24847 18.4583 6.25
      vertex -1.51655 18.4382 6.25
    endloop
  endfacet
  facet normal 0 -0.999634 -0.0270568
    outer loop
      vertex -1.24847 18.4583 6.25
      vertex -0.436615 18.5192 4
      vertex -0.43543 18.5192 4
    endloop
  endfacet
  facet normal 0.940481 0.000129737 0.339847
    outer loop
      vertex -1.24847 18.4583 6.25
      vertex -0.435433 18.5459 4
      vertex -1.2493 24.4751 6.25
    endloop
  endfacet
  facet normal 0.940481 0.000105672 0.339847
    outer loop
      vertex -0.435433 18.5459 4
      vertex -1.24847 18.4583 6.25
      vertex -0.43543 18.5192 4
    endloop
  endfacet
  facet normal 0.222518 -0.974929 9.30343e-06
    outer loop
      vertex -3.98559 18.0661 6.25
      vertex -5.0414 17.8251 4
      vertex -3.19072 18.2475 4
    endloop
  endfacet
  facet normal -0.916484 -0.209752 0.340678
    outer loop
      vertex -6.02259 23.7657 6.25
      vertex -6.81745 23.5843 4
      vertex -6.81523 23.5746 4
    endloop
  endfacet
  facet normal -0.898735 -0.277088 0.339849
    outer loop
      vertex -6.02036 23.756 6.25
      vertex -6.81522 23.5745 4
      vertex -5.0504 17.8503 4
    endloop
  endfacet
  facet normal 0.929959 0.1403 0.339842
    outer loop
      vertex -3.98559 18.0661 6.25
      vertex -3.19469 18.2738 4
      vertex -4.88316 24.0155 6.25
    endloop
  endfacet
  facet normal 0.929946 0.140376 0.339845
    outer loop
      vertex -3.19469 18.2738 4
      vertex -3.98559 18.0661 6.25
      vertex -3.19072 18.2475 4
    endloop
  endfacet
  facet normal -0.916277 -0.210649 0.340681
    outer loop
      vertex -6.81523 23.5746 4
      vertex -6.02036 23.756 6.25
      vertex -6.02259 23.7657 6.25
    endloop
  endfacet
  facet normal -0.936354 -0.0936354 0.33834
    outer loop
      vertex -6.02036 23.756 6.25
      vertex -6.81523 23.5746 4
      vertex -6.81522 23.5745 4
    endloop
  endfacet
  facet normal 0.92996 0.140302 0.339839
    outer loop
      vertex -4.0883 24.1969 4
      vertex -4.88316 24.0155 6.25
      vertex -3.19469 18.2738 4
    endloop
  endfacet
  facet normal -0.222555 0.97492 1.03181e-06
    outer loop
      vertex -6.81242 23.5854 4
      vertex -6.02259 23.7657 6.25
      vertex -4.88539 24.0253 6.25
    endloop
  endfacet
  facet normal -0.213638 0.976907 -0.00328838
    outer loop
      vertex -6.02259 23.7657 6.25
      vertex -6.81242 23.5854 4
      vertex -6.81745 23.5843 4
    endloop
  endfacet
  facet normal 0.916745 0.208606 0.340678
    outer loop
      vertex -4.88539 24.0253 6.25
      vertex -4.0883 24.1969 4
      vertex -4.09053 24.2067 4
    endloop
  endfacet
  facet normal 0.916745 0.208606 0.340678
    outer loop
      vertex -4.0883 24.1969 4
      vertex -4.88539 24.0253 6.25
      vertex -4.88316 24.0155 6.25
    endloop
  endfacet
  facet normal 0.250369 -0.968095 -0.0103575
    outer loop
      vertex -5.0414 17.8251 4
      vertex -4.24768 18.0063 6.25
      vertex -5.04256 17.8248 4
    endloop
  endfacet
  facet normal 0.222449 -0.974944 4.34019e-05
    outer loop
      vertex -4.24768 18.0063 6.25
      vertex -5.0414 17.8251 4
      vertex -3.98559 18.0661 6.25
    endloop
  endfacet
  facet normal -0.222537 0.974924 -1.52301e-05
    outer loop
      vertex -4.09053 24.2067 4
      vertex -6.81242 23.5854 4
      vertex -4.88539 24.0253 6.25
    endloop
  endfacet
  facet normal 0 0 1
    outer loop
      vertex -4.88316 24.0155 6.25
      vertex -4.24768 18.0063 6.25
      vertex -3.98559 18.0661 6.25
    endloop
  endfacet
  facet normal 0 0 1
    outer loop
      vertex -6.02036 23.756 6.25
      vertex -4.88316 24.0155 6.25
      vertex -4.88539 24.0253 6.25
    endloop
  endfacet
  facet normal 0 0 1
    outer loop
      vertex -4.88316 24.0155 6.25
      vertex -6.02036 23.756 6.25
      vertex -4.24768 18.0063 6.25
    endloop
  endfacet
  facet normal 0 -0 1
    outer loop
      vertex -6.02036 23.756 6.25
      vertex -4.88539 24.0253 6.25
      vertex -6.02259 23.7657 6.25
    endloop
  endfacet
  facet normal -0.898736 -0.277088 0.339848
    outer loop
      vertex -5.0504 17.8503 4
      vertex -4.24768 18.0063 6.25
      vertex -6.02036 23.756 6.25
    endloop
  endfacet
  facet normal -0.898944 -0.276381 0.339874
    outer loop
      vertex -4.24768 18.0063 6.25
      vertex -5.0504 17.8503 4
      vertex -5.04256 17.8248 4
    endloop
  endfacet
  facet normal 0.87583 0.341856 0.34067
    outer loop
      vertex -7.65264 23.3266 4
      vertex -8.40795 23.0195 6.25
      vertex -7.64901 23.3173 4
    endloop
  endfacet
  facet normal -0.875185 -0.343487 0.340688
    outer loop
      vertex -10.2564 22.3048 4
      vertex -9.49376 22.5933 6.25
      vertex -9.49741 22.6026 6.25
    endloop
  endfacet
  facet normal -0.671421 -0.671421 0.31367
    outer loop
      vertex -9.49376 22.5933 6.25
      vertex -10.2564 22.3048 4
      vertex -10.2563 22.3047 4
    endloop
  endfacet
  facet normal -0.875538 -0.342602 0.34067
    outer loop
      vertex -9.49376 22.5933 6.25
      vertex -10.2563 22.3047 4
      vertex -10.2527 22.2955 4
    endloop
  endfacet
  facet normal -0.847407 -0.407943 0.33983
    outer loop
      vertex -9.49376 22.5933 6.25
      vertex -10.2527 22.2955 4
      vertex -7.65443 16.8982 4
    endloop
  endfacet
  facet normal 0.898659 0.277335 0.33985
    outer loop
      vertex -6.63369 17.2703 6.25
      vertex -5.88257 17.5936 4
      vertex -8.40795 23.0195 6.25
    endloop
  endfacet
  facet normal 0.898963 0.276387 0.339816
    outer loop
      vertex -5.88257 17.5936 4
      vertex -6.63369 17.2703 6.25
      vertex -5.87473 17.5681 4
    endloop
  endfacet
  facet normal 0.365334 -0.930877 2.60519e-05
    outer loop
      vertex -6.63369 17.2703 6.25
      vertex -7.64178 16.8746 4
      vertex -5.87473 17.5681 4
    endloop
  endfacet
  facet normal 0.923577 0.184715 0.335985
    outer loop
      vertex -8.4116 23.0288 6.25
      vertex -7.65264 23.3266 4
      vertex -7.65266 23.3267 4
    endloop
  endfacet
  facet normal 0.875189 0.343488 0.340677
    outer loop
      vertex -7.65264 23.3266 4
      vertex -8.4116 23.0288 6.25
      vertex -8.40795 23.0195 6.25
    endloop
  endfacet
  facet normal -0.365338 0.930875 1.67826e-05
    outer loop
      vertex -7.65266 23.3267 4
      vertex -10.2516 22.3067 4
      vertex -8.4116 23.0288 6.25
    endloop
  endfacet
  facet normal 0.898662 0.277344 0.339833
    outer loop
      vertex -7.64901 23.3173 4
      vertex -8.40795 23.0195 6.25
      vertex -5.88257 17.5936 4
    endloop
  endfacet
  facet normal -0.365379 0.930859 5.50951e-05
    outer loop
      vertex -10.2516 22.3067 4
      vertex -9.49741 22.6026 6.25
      vertex -8.4116 23.0288 6.25
    endloop
  endfacet
  facet normal -0.368048 0.929806 0.0010883
    outer loop
      vertex -9.49741 22.6026 6.25
      vertex -10.2516 22.3067 4
      vertex -10.2564 22.3048 4
    endloop
  endfacet
  facet normal 0.339002 -0.94073 0.0102021
    outer loop
      vertex -7.64178 16.8746 4
      vertex -6.88393 17.1721 6.25
      vertex -7.64289 16.8742 4
    endloop
  endfacet
  facet normal 0.365302 -0.930889 4.22094e-05
    outer loop
      vertex -6.88393 17.1721 6.25
      vertex -7.64178 16.8746 4
      vertex -6.63369 17.2703 6.25
    endloop
  endfacet
  facet normal 0 0 1
    outer loop
      vertex -8.40795 23.0195 6.25
      vertex -6.88393 17.1721 6.25
      vertex -6.63369 17.2703 6.25
    endloop
  endfacet
  facet normal 0 0 1
    outer loop
      vertex -9.49376 22.5933 6.25
      vertex -8.40795 23.0195 6.25
      vertex -8.4116 23.0288 6.25
    endloop
  endfacet
  facet normal 0 0 1
    outer loop
      vertex -8.40795 23.0195 6.25
      vertex -9.49376 22.5933 6.25
      vertex -6.88393 17.1721 6.25
    endloop
  endfacet
  facet normal 0 -0 1
    outer loop
      vertex -9.49376 22.5933 6.25
      vertex -8.4116 23.0288 6.25
      vertex -9.49741 22.6026 6.25
    endloop
  endfacet
  facet normal -0.847398 -0.407947 0.339847
    outer loop
      vertex -7.65443 16.8982 4
      vertex -6.88393 17.1721 6.25
      vertex -9.49376 22.5933 6.25
    endloop
  endfacet
  facet normal -0.847584 -0.407547 0.339863
    outer loop
      vertex -6.88393 17.1721 6.25
      vertex -7.65443 16.8982 4
      vertex -7.64289 16.8742 4
    endloop
  endfacet
  facet normal 0.812792 0.472554 0.340678
    outer loop
      vertex -11.7499 21.5179 6.25
      vertex -11.0388 21.9169 4
      vertex -11.0438 21.9255 4
    endloop
  endfacet
  facet normal 0.815143 0.468473 0.340697
    outer loop
      vertex -11.0388 21.9169 4
      vertex -11.7499 21.5179 6.25
      vertex -11.7449 21.5092 6.25
    endloop
  endfacet
  facet normal -0.815149 -0.468476 0.340679
    outer loop
      vertex -13.4612 20.5184 4
      vertex -12.7551 20.926 6.25
      vertex -12.7601 20.9347 6.25
    endloop
  endfacet
  facet normal -0.812787 -0.47255 0.340697
    outer loop
      vertex -12.7601 20.9347 6.25
      vertex -13.4662 20.527 4
      vertex -13.4612 20.5184 4
    endloop
  endfacet
  facet normal -0.777138 -0.529684 0.339839
    outer loop
      vertex -12.7551 20.926 6.25
      vertex -13.4612 20.5184 4
      vertex -10.0875 15.5686 4
    endloop
  endfacet
  facet normal 0.847289 0.408179 0.339839
    outer loop
      vertex -9.13359 16.0887 6.25
      vertex -8.43906 16.5203 4
      vertex -11.7449 21.5092 6.25
    endloop
  endfacet
  facet normal 0.847458 0.407839 0.339826
    outer loop
      vertex -8.43906 16.5203 4
      vertex -9.13359 16.0887 6.25
      vertex -8.42751 16.4963 4
    endloop
  endfacet
  facet normal 0.499977 -0.866039 1.17542e-05
    outer loop
      vertex -9.13359 16.0887 6.25
      vertex -10.0715 15.5472 4
      vertex -8.42751 16.4963 4
    endloop
  endfacet
  facet normal -0.49998 0.866037 -1.73437e-05
    outer loop
      vertex -11.0438 21.9255 4
      vertex -13.4617 20.5296 4
      vertex -11.7499 21.5179 6.25
    endloop
  endfacet
  facet normal 0.847287 0.408169 0.339858
    outer loop
      vertex -11.0388 21.9169 4
      vertex -11.7449 21.5092 6.25
      vertex -8.43906 16.5203 4
    endloop
  endfacet
  facet normal -0.499975 0.86604 -2.24421e-05
    outer loop
      vertex -13.4617 20.5296 4
      vertex -12.7601 20.9347 6.25
      vertex -11.7499 21.5179 6.25
    endloop
  endfacet
  facet normal -0.500278 0.865865 0.000103476
    outer loop
      vertex -12.7601 20.9347 6.25
      vertex -13.4617 20.5296 4
      vertex -13.4662 20.527 4
    endloop
  endfacet
  facet normal 0.514486 -0.857477 -0.00608008
    outer loop
      vertex -10.0715 15.5472 4
      vertex -9.36641 15.9543 6.25
      vertex -10.0725 15.5466 4
    endloop
  endfacet
  facet normal 0.499948 -0.866056 2.79832e-05
    outer loop
      vertex -9.36641 15.9543 6.25
      vertex -10.0715 15.5472 4
      vertex -9.13359 16.0887 6.25
    endloop
  endfacet
  facet normal 0 0 1
    outer loop
      vertex -11.7449 21.5092 6.25
      vertex -9.36641 15.9543 6.25
      vertex -9.13359 16.0887 6.25
    endloop
  endfacet
  facet normal 0 0 1
    outer loop
      vertex -12.7551 20.926 6.25
      vertex -11.7449 21.5092 6.25
      vertex -11.7499 21.5179 6.25
    endloop
  endfacet
  facet normal 0 0 1
    outer loop
      vertex -11.7449 21.5092 6.25
      vertex -12.7551 20.926 6.25
      vertex -9.36641 15.9543 6.25
    endloop
  endfacet
  facet normal 0 -0 1
    outer loop
      vertex -12.7551 20.926 6.25
      vertex -11.7499 21.5179 6.25
      vertex -12.7601 20.9347 6.25
    endloop
  endfacet
  facet normal -0.777128 -0.529687 0.339858
    outer loop
      vertex -10.0875 15.5686 4
      vertex -9.36641 15.9543 6.25
      vertex -12.7551 20.926 6.25
    endloop
  endfacet
  facet normal -0.777049 -0.529806 0.339853
    outer loop
      vertex -9.36641 15.9543 6.25
      vertex -10.0875 15.5686 4
      vertex -10.0725 15.5466 4
    endloop
  endfacet
  facet normal 0.735984 0.585013 0.340716
    outer loop
      vertex -14.1883 20.0347 4
      vertex -14.8258 19.5263 6.25
      vertex -14.1821 20.0269 4
    endloop
  endfacet
  facet normal -0.739606 -0.58045 0.340678
    outer loop
      vertex -16.3751 18.2907 4
      vertex -15.7315 18.7912 6.25
      vertex -15.7377 18.7991 6.25
    endloop
  endfacet
  facet normal -0.735999 -0.585025 0.340664
    outer loop
      vertex -15.7315 18.7912 6.25
      vertex -16.3751 18.2907 4
      vertex -16.3689 18.2829 4
    endloop
  endfacet
  facet normal -0.689521 -0.639593 0.339825
    outer loop
      vertex -15.7315 18.7912 6.25
      vertex -16.3689 18.2829 4
      vertex -12.2952 13.8912 4
    endloop
  endfacet
  facet normal 0.623512 -0.781814 2.10249e-05
    outer loop
      vertex -11.6397 14.3801 6.25
      vertex -12.2771 13.8717 4
      vertex -10.793 15.0553 4
    endloop
  endfacet
  facet normal 0.961429 0 0.275054
    outer loop
      vertex -14.8258 19.5263 6.25
      vertex -14.1821 20.0268 4
      vertex -14.1821 20.0269 4
    endloop
  endfacet
  facet normal 0.73141 0.590754 0.340658
    outer loop
      vertex -14.1821 20.0268 4
      vertex -14.8258 19.5263 6.25
      vertex -14.8195 19.5185 6.25
    endloop
  endfacet
  facet normal 0 0 1
    outer loop
      vertex -14.8195 19.5185 6.25
      vertex -11.6397 14.3801 6.25
      vertex -11.4295 14.5477 6.25
    endloop
  endfacet
  facet normal 0 0 1
    outer loop
      vertex -15.7315 18.7912 6.25
      vertex -14.8195 19.5185 6.25
      vertex -14.8258 19.5263 6.25
    endloop
  endfacet
  facet normal 0 0 1
    outer loop
      vertex -14.8195 19.5185 6.25
      vertex -15.7315 18.7912 6.25
      vertex -11.6397 14.3801 6.25
    endloop
  endfacet
  facet normal 0 -0 1
    outer loop
      vertex -15.7315 18.7912 6.25
      vertex -14.8258 19.5263 6.25
      vertex -15.7377 18.7991 6.25
    endloop
  endfacet
  facet normal 0.77699 0.52991 0.339825
    outer loop
      vertex -14.1821 20.0268 4
      vertex -14.8195 19.5185 6.25
      vertex -10.807 15.078 4
    endloop
  endfacet
  facet normal -0.689506 -0.639595 0.339853
    outer loop
      vertex -12.2952 13.8912 4
      vertex -11.6397 14.3801 6.25
      vertex -15.7315 18.7912 6.25
    endloop
  endfacet
  facet normal -0.689305 -0.639817 0.339843
    outer loop
      vertex -11.6397 14.3801 6.25
      vertex -12.2952 13.8912 4
      vertex -12.2771 13.8717 4
    endloop
  endfacet
  facet normal -0.627009 0.779011 -0.00163064
    outer loop
      vertex -14.1924 20.0314 4
      vertex -14.8258 19.5263 6.25
      vertex -14.1883 20.0347 4
    endloop
  endfacet
  facet normal -0.623481 0.781838 -2.96841e-06
    outer loop
      vertex -14.8258 19.5263 6.25
      vertex -14.1924 20.0314 4
      vertex -15.7377 18.7991 6.25
    endloop
  endfacet
  facet normal -0.623502 0.781822 -2.58693e-05
    outer loop
      vertex -14.1924 20.0314 4
      vertex -16.3751 18.2907 4
      vertex -15.7377 18.7991 6.25
    endloop
  endfacet
  facet normal 0.623424 -0.781884 -3.32625e-05
    outer loop
      vertex -10.793 15.0553 4
      vertex -11.4295 14.5477 6.25
      vertex -11.6397 14.3801 6.25
    endloop
  endfacet
  facet normal 0.573316 -0.819023 -0.0225868
    outer loop
      vertex -11.4295 14.5477 6.25
      vertex -10.793 15.0553 4
      vertex -10.792 15.056 4
    endloop
  endfacet
  facet normal 0.776988 0.529893 0.339857
    outer loop
      vertex -11.4295 14.5477 6.25
      vertex -10.807 15.078 4
      vertex -14.8195 19.5185 6.25
    endloop
  endfacet
  facet normal 0.777049 0.529806 0.339853
    outer loop
      vertex -10.807 15.078 4
      vertex -11.4295 14.5477 6.25
      vertex -10.792 15.056 4
    endloop
  endfacet
  facet normal 0.636151 0.692281 0.340674
    outer loop
      vertex -17.0159 17.6962 4
      vertex -17.5631 17.0918 6.25
      vertex -17.0085 17.6894 4
    endloop
  endfacet
  facet normal 0.640837 0.687957 0.340652
    outer loop
      vertex -17.5631 17.0918 6.25
      vertex -17.0159 17.6962 4
      vertex -17.5704 17.0986 6.25
    endloop
  endfacet
  facet normal -0.971677 0 0.236312
    outer loop
      vertex -18.911 15.639 4
      vertex -18.3638 16.2435 6.25
      vertex -18.911 15.6391 4
    endloop
  endfacet
  facet normal -0.64083 -0.68795 0.340679
    outer loop
      vertex -18.3638 16.2435 6.25
      vertex -18.911 15.639 4
      vertex -18.3565 16.2367 6.25
    endloop
  endfacet
  facet normal -0.635733 -0.692664 0.340675
    outer loop
      vertex -18.3638 16.2435 6.25
      vertex -18.9183 15.6458 4
      vertex -18.911 15.6391 4
    endloop
  endfacet
  facet normal -0.586476 -0.735223 0.339842
    outer loop
      vertex -18.3565 16.2367 6.25
      vertex -18.911 15.639 4
      vertex -14.2282 11.9036 4
    endloop
  endfacet
  facet normal 0.689336 0.639786 0.339838
    outer loop
      vertex -13.47 12.6817 6.25
      vertex -12.9336 13.2989 4
      vertex -17.5631 17.0918 6.25
    endloop
  endfacet
  facet normal 0.689306 0.639817 0.33984
    outer loop
      vertex -12.9336 13.2989 4
      vertex -13.47 12.6817 6.25
      vertex -12.9155 13.2794 4
    endloop
  endfacet
  facet normal 0.733058 -0.680166 2.42848e-05
    outer loop
      vertex -13.6529 12.4847 6.25
      vertex -14.2074 11.887 4
      vertex -12.9163 13.2785 4
    endloop
  endfacet
  facet normal -0.733064 0.68016 -9.0836e-06
    outer loop
      vertex -17.0159 17.6962 4
      vertex -18.9148 15.6496 4
      vertex -17.5704 17.0986 6.25
    endloop
  endfacet
  facet normal 0.689336 0.639785 0.33984
    outer loop
      vertex -17.0085 17.6894 4
      vertex -17.5631 17.0918 6.25
      vertex -12.9336 13.2989 4
    endloop
  endfacet
  facet normal -0.733059 0.680165 -1.53015e-05
    outer loop
      vertex -18.9148 15.6496 4
      vertex -18.3638 16.2435 6.25
      vertex -17.5704 17.0986 6.25
    endloop
  endfacet
  facet normal -0.735544 0.677475 0.00130333
    outer loop
      vertex -18.3638 16.2435 6.25
      vertex -18.9148 15.6496 4
      vertex -18.9183 15.6458 4
    endloop
  endfacet
  facet normal 0.747387 -0.664344 0.00771008
    outer loop
      vertex -13.47 12.6817 6.25
      vertex -12.9163 13.2785 4
      vertex -12.9155 13.2794 4
    endloop
  endfacet
  facet normal 0.732846 -0.680394 -0.000125357
    outer loop
      vertex -12.9163 13.2785 4
      vertex -13.47 12.6817 6.25
      vertex -13.6529 12.4847 6.25
    endloop
  endfacet
  facet normal 0 0 1
    outer loop
      vertex -17.5631 17.0918 6.25
      vertex -13.6529 12.4847 6.25
      vertex -13.47 12.6817 6.25
    endloop
  endfacet
  facet normal 0 0 1
    outer loop
      vertex -18.3565 16.2367 6.25
      vertex -17.5631 17.0918 6.25
      vertex -17.5704 17.0986 6.25
    endloop
  endfacet
  facet normal 0 0 1
    outer loop
      vertex -17.5631 17.0918 6.25
      vertex -18.3565 16.2367 6.25
      vertex -13.6529 12.4847 6.25
    endloop
  endfacet
  facet normal 0 -0 1
    outer loop
      vertex -18.3565 16.2367 6.25
      vertex -17.5704 17.0986 6.25
      vertex -18.3638 16.2435 6.25
    endloop
  endfacet
  facet normal -0.586478 -0.735223 0.339839
    outer loop
      vertex -14.2282 11.9036 4
      vertex -13.6529 12.4847 6.25
      vertex -18.3565 16.2367 6.25
    endloop
  endfacet
  facet normal -0.586651 -0.735081 0.339847
    outer loop
      vertex -13.6529 12.4847 6.25
      vertex -14.2282 11.9036 4
      vertex -14.2074 11.887 4
    endloop
  endfacet
  facet normal 0.530226 0.776403 0.340675
    outer loop
      vertex -19.4633 14.9625 4
      vertex -19.9226 14.2889 6.25
      vertex -19.4551 14.9569 4
    endloop
  endfacet
  facet normal -0.979803 0 0.199967
    outer loop
      vertex -21.0389 12.6514 4
      vertex -20.5797 13.3251 6.25
      vertex -21.0389 12.6515 4
    endloop
  endfacet
  facet normal -0.525843 -0.779375 0.340681
    outer loop
      vertex -20.5797 13.3251 6.25
      vertex -21.0389 12.6514 4
      vertex -20.5714 13.3195 6.25
    endloop
  endfacet
  facet normal -0.53022 -0.776394 0.340705
    outer loop
      vertex -20.5714 13.3195 6.25
      vertex -21.0389 12.6514 4
      vertex -21.0307 12.6458 4
    endloop
  endfacet
  facet normal -0.470349 -0.81441 0.339866
    outer loop
      vertex -20.5714 13.3195 6.25
      vertex -21.0307 12.6458 4
      vertex -15.8435 9.65002 4
    endloop
  endfacet
  facet normal 0.826241 -0.563316 3.55654e-06
    outer loop
      vertex -15.3611 10.3104 6.25
      vertex -15.8204 9.63671 4
      vertex -14.7511 11.2051 4
    endloop
  endfacet
  facet normal 0 0 1
    outer loop
      vertex -19.9143 14.2832 6.25
      vertex -15.3611 10.3104 6.25
      vertex -15.2097 10.5325 6.25
    endloop
  endfacet
  facet normal 0 0 1
    outer loop
      vertex -20.5714 13.3195 6.25
      vertex -19.9143 14.2832 6.25
      vertex -19.9226 14.2889 6.25
    endloop
  endfacet
  facet normal 0 0 1
    outer loop
      vertex -19.9143 14.2832 6.25
      vertex -20.5714 13.3195 6.25
      vertex -15.3611 10.3104 6.25
    endloop
  endfacet
  facet normal 0 -0 1
    outer loop
      vertex -20.5714 13.3195 6.25
      vertex -19.9226 14.2889 6.25
      vertex -20.5797 13.3251 6.25
    endloop
  endfacet
  facet normal -0 0.957978 0.28684
    outer loop
      vertex -19.4551 14.9569 4
      vertex -19.9143 14.2832 6.25
      vertex -19.455 14.9569 4
    endloop
  endfacet
  facet normal 0.532242 0.775019 0.340682
    outer loop
      vertex -19.9143 14.2832 6.25
      vertex -19.4551 14.9569 4
      vertex -19.9226 14.2889 6.25
    endloop
  endfacet
  facet normal -0.826247 0.563308 -2.26878e-05
    outer loop
      vertex -19.4633 14.9625 4
      vertex -21.036 12.6557 4
      vertex -19.9226 14.2889 6.25
    endloop
  endfacet
  facet normal 0.58628 0.735369 0.339865
    outer loop
      vertex -19.455 14.9569 4
      vertex -19.9143 14.2832 6.25
      vertex -14.7712 11.2227 4
    endloop
  endfacet
  facet normal -0.826242 0.563316 -3.07857e-05
    outer loop
      vertex -21.036 12.6557 4
      vertex -20.5797 13.3251 6.25
      vertex -19.9226 14.2889 6.25
    endloop
  endfacet
  facet normal -0.822895 0.568189 -0.00215956
    outer loop
      vertex -20.5797 13.3251 6.25
      vertex -21.036 12.6557 4
      vertex -21.0389 12.6515 4
    endloop
  endfacet
  facet normal -0.470345 -0.814409 0.339873
    outer loop
      vertex -15.8435 9.65002 4
      vertex -15.3611 10.3104 6.25
      vertex -20.5714 13.3195 6.25
    endloop
  endfacet
  facet normal -0.469533 -0.814891 0.33984
    outer loop
      vertex -15.3611 10.3104 6.25
      vertex -15.8435 9.65002 4
      vertex -15.8204 9.63671 4
    endloop
  endfacet
  facet normal 0.819224 -0.573457 -0.0044493
    outer loop
      vertex -15.2097 10.5325 6.25
      vertex -14.7511 11.2051 4
      vertex -14.7504 11.2061 4
    endloop
  endfacet
  facet normal 0.826282 -0.563256 3.87244e-05
    outer loop
      vertex -14.7511 11.2051 4
      vertex -15.2097 10.5325 6.25
      vertex -15.3611 10.3104 6.25
    endloop
  endfacet
  facet normal 0.586656 0.735087 0.339825
    outer loop
      vertex -14.7712 11.2227 4
      vertex -15.2097 10.5325 6.25
      vertex -14.7504 11.2061 4
    endloop
  endfacet
  facet normal 0.586277 0.735382 0.339841
    outer loop
      vertex -15.2097 10.5325 6.25
      vertex -14.7712 11.2227 4
      vertex -19.9143 14.2832 6.25
    endloop
  endfacet
  facet normal 0.405309 0.848321 0.3407
    outer loop
      vertex -21.4759 11.8945 4
      vertex -21.8207 11.1556 6.25
      vertex -21.4669 11.8902 4
    endloop
  endfacet
  facet normal 0.900955 -0.433913 6.33453e-06
    outer loop
      vertex -16.6096 8.14795 6.25
      vertex -17.0795 7.17224 4
      vertex -16.2558 8.88253 4
    endloop
  endfacet
  facet normal -0.902134 0.431455 -0.000969249
    outer loop
      vertex -21.4782 11.8899 4
      vertex -21.8297 11.16 6.25
      vertex -21.476 11.8945 4
    endloop
  endfacet
  facet normal -0.900981 0.433859 -9.18602e-06
    outer loop
      vertex -21.8297 11.16 6.25
      vertex -21.4782 11.8899 4
      vertex -22.3358 10.109 6.25
    endloop
  endfacet
  facet normal -0.343723 -0.875421 0.339841
    outer loop
      vertex -22.3268 10.1047 6.25
      vertex -22.6805 9.37012 4
      vertex -17.1048 7.18089 4
    endloop
  endfacet
  facet normal 0.46926 0.815031 0.33988
    outer loop
      vertex -16.2789 8.89583 4
      vertex -16.6096 8.14795 6.25
      vertex -16.2558 8.88253 4
    endloop
  endfacet
  facet normal 0.470126 0.814547 0.339846
    outer loop
      vertex -16.6096 8.14795 6.25
      vertex -16.2789 8.89583 4
      vertex -21.8207 11.1556 6.25
    endloop
  endfacet
  facet normal -0.408376 -0.846863 0.340665
    outer loop
      vertex -22.6805 9.37012 4
      vertex -22.3358 10.109 6.25
      vertex -22.6895 9.37446 4
    endloop
  endfacet
  facet normal -0.405312 -0.848328 0.340677
    outer loop
      vertex -22.3358 10.109 6.25
      vertex -22.6805 9.37012 4
      vertex -22.3268 10.1047 6.25
    endloop
  endfacet
  facet normal 0.470129 0.814538 0.339863
    outer loop
      vertex -21.4669 11.8902 4
      vertex -21.8207 11.1556 6.25
      vertex -16.2789 8.89583 4
    endloop
  endfacet
  facet normal -0 0.95008 0.312006
    outer loop
      vertex -21.476 11.8945 4
      vertex -21.8207 11.1556 6.25
      vertex -21.4759 11.8945 4
    endloop
  endfacet
  facet normal 0.412942 0.844653 0.340647
    outer loop
      vertex -21.8207 11.1556 6.25
      vertex -21.476 11.8945 4
      vertex -21.8297 11.16 6.25
    endloop
  endfacet
  facet normal -0.900979 0.433863 -5.91776e-06
    outer loop
      vertex -21.4782 11.8899 4
      vertex -22.6895 9.37446 4
      vertex -22.3358 10.109 6.25
    endloop
  endfacet
  facet normal 0.901023 -0.433771 -6.94331e-05
    outer loop
      vertex -16.7262 7.90575 6.25
      vertex -17.0795 7.17224 4
      vertex -16.6096 8.14795 6.25
    endloop
  endfacet
  facet normal 0.905959 -0.423345 -0.00424324
    outer loop
      vertex -17.0795 7.17224 4
      vertex -16.7262 7.90575 6.25
      vertex -17.08 7.17117 4
    endloop
  endfacet
  facet normal 0 0 1
    outer loop
      vertex -21.8207 11.1556 6.25
      vertex -16.7262 7.90575 6.25
      vertex -16.6096 8.14795 6.25
    endloop
  endfacet
  facet normal 0 0 1
    outer loop
      vertex -22.3268 10.1047 6.25
      vertex -21.8207 11.1556 6.25
      vertex -21.8297 11.16 6.25
    endloop
  endfacet
  facet normal 0 0 1
    outer loop
      vertex -21.8207 11.1556 6.25
      vertex -22.3268 10.1047 6.25
      vertex -16.7262 7.90575 6.25
    endloop
  endfacet
  facet normal 0 -0 1
    outer loop
      vertex -22.3268 10.1047 6.25
      vertex -21.8297 11.16 6.25
      vertex -22.3358 10.109 6.25
    endloop
  endfacet
  facet normal -0.343713 -0.875418 0.33986
    outer loop
      vertex -17.1048 7.18089 4
      vertex -16.7262 7.90575 6.25
      vertex -22.3268 10.1047 6.25
    endloop
  endfacet
  facet normal -0.343191 -0.87563 0.339841
    outer loop
      vertex -16.7262 7.90575 6.25
      vertex -17.1048 7.18089 4
      vertex -17.08 7.17117 4
    endloop
  endfacet
  facet normal 0.277092 0.89842 0.340678
    outer loop
      vertex -23.0089 8.56084 4
      vertex -23.2492 7.78176 6.25
      vertex -22.9994 8.55791 4
    endloop
  endfacet
  facet normal -0.278817 -0.897886 0.340678
    outer loop
      vertex -23.8238 5.88511 4
      vertex -23.593 6.66714 6.25
      vertex -23.8333 5.88806 4
    endloop
  endfacet
  facet normal -0.276164 -0.898702 0.340689
    outer loop
      vertex -23.593 6.66714 6.25
      vertex -23.8238 5.88511 4
      vertex -23.5834 6.66419 6.25
    endloop
  endfacet
  facet normal 0 0 1
    outer loop
      vertex -23.2396 7.77881 6.25
      vertex -17.7177 5.32453 6.25
      vertex -17.6385 5.58141 6.25
    endloop
  endfacet
  facet normal 0 0 1
    outer loop
      vertex -23.5834 6.66419 6.25
      vertex -23.2396 7.77881 6.25
      vertex -23.2492 7.78176 6.25
    endloop
  endfacet
  facet normal 0 0 1
    outer loop
      vertex -23.2396 7.77881 6.25
      vertex -23.5834 6.66419 6.25
      vertex -17.7177 5.32453 6.25
    endloop
  endfacet
  facet normal 0 -0 1
    outer loop
      vertex -23.5834 6.66419 6.25
      vertex -23.2492 7.78176 6.25
      vertex -23.593 6.66714 6.25
    endloop
  endfacet
  facet normal -0.209404 -0.916872 0.339848
    outer loop
      vertex -23.5834 6.66419 6.25
      vertex -23.8238 5.88511 4
      vertex -17.984 4.55136 4
    endloop
  endfacet
  facet normal 0.955577 -0.294742 3.90251e-06
    outer loop
      vertex -17.7177 5.32453 6.25
      vertex -17.958 4.54543 4
      vertex -17.3985 6.35937 4
    endloop
  endfacet
  facet normal 0.184495 0.922475 0.339118
    outer loop
      vertex -22.9994 8.55791 4
      vertex -23.2396 7.77881 6.25
      vertex -22.9993 8.55789 4
    endloop
  endfacet
  facet normal 0.276165 0.898707 0.340674
    outer loop
      vertex -23.2396 7.77881 6.25
      vertex -22.9994 8.55791 4
      vertex -23.2492 7.78176 6.25
    endloop
  endfacet
  facet normal -0.955575 0.294748 3.27569e-06
    outer loop
      vertex -23.0089 8.56084 4
      vertex -23.8318 5.89299 4
      vertex -23.2492 7.78176 6.25
    endloop
  endfacet
  facet normal 0.343473 0.875521 0.339839
    outer loop
      vertex -22.9993 8.55789 4
      vertex -23.2396 7.77881 6.25
      vertex -17.4229 6.37023 4
    endloop
  endfacet
  facet normal -0.955576 0.294744 7.04367e-06
    outer loop
      vertex -23.8318 5.89299 4
      vertex -23.593 6.66714 6.25
      vertex -23.2492 7.78176 6.25
    endloop
  endfacet
  facet normal -0.956696 0.291084 0.00138504
    outer loop
      vertex -23.593 6.66714 6.25
      vertex -23.8318 5.89299 4
      vertex -23.8333 5.88806 4
    endloop
  endfacet
  facet normal -0.209403 -0.916871 0.339849
    outer loop
      vertex -17.984 4.55136 4
      vertex -17.7177 5.32453 6.25
      vertex -23.5834 6.66419 6.25
    endloop
  endfacet
  facet normal -0.209132 -0.916937 0.33984
    outer loop
      vertex -17.7177 5.32453 6.25
      vertex -17.984 4.55136 4
      vertex -17.958 4.54543 4
    endloop
  endfacet
  facet normal 0.966963 -0.254464 0.0151593
    outer loop
      vertex -17.6385 5.58141 6.25
      vertex -17.3985 6.35937 4
      vertex -17.3982 6.36051 4
    endloop
  endfacet
  facet normal 0.955612 -0.29463 6.07909e-05
    outer loop
      vertex -17.3985 6.35937 4
      vertex -17.6385 5.58141 6.25
      vertex -17.7177 5.32453 6.25
    endloop
  endfacet
  facet normal 0.344397 0.875164 0.339822
    outer loop
      vertex -17.4229 6.37023 4
      vertex -17.6385 5.58141 6.25
      vertex -17.3982 6.36051 4
    endloop
  endfacet
  facet normal 0.343477 0.875512 0.339856
    outer loop
      vertex -17.6385 5.58141 6.25
      vertex -17.4229 6.37023 4
      vertex -23.2396 7.77881 6.25
    endloop
  endfacet
  facet normal 0.139926 0.929708 0.340681
    outer loop
      vertex -24.0278 5.03593 4
      vertex -24.1394 4.22824 6.25
      vertex -24.0179 5.03444 4
    endloop
  endfacet
  facet normal 0.139926 0.929708 0.340681
    outer loop
      vertex -24.1394 4.22824 6.25
      vertex -24.0278 5.03593 4
      vertex -24.1493 4.22973 6.25
    endloop
  endfacet
  facet normal 0.988833 -0.149031 2.99782e-06
    outer loop
      vertex -18.3134 2.62437 6.25
      vertex -18.4349 1.81816 4
      vertex -18.152 3.69523 4
    endloop
  endfacet
  facet normal 0 0 1
    outer loop
      vertex -24.1394 4.22824 6.25
      vertex -18.3134 2.62437 6.25
      vertex -18.2733 2.89019 6.25
    endloop
  endfacet
  facet normal 0 0 1
    outer loop
      vertex -24.3133 3.07483 6.25
      vertex -24.1394 4.22824 6.25
      vertex -24.1493 4.22973 6.25
    endloop
  endfacet
  facet normal 0 0 1
    outer loop
      vertex -24.1394 4.22824 6.25
      vertex -24.3133 3.07483 6.25
      vertex -18.3134 2.62437 6.25
    endloop
  endfacet
  facet normal 0 -0 1
    outer loop
      vertex -24.3133 3.07483 6.25
      vertex -24.1493 4.22973 6.25
      vertex -24.3232 3.07632 6.25
    endloop
  endfacet
  facet normal -0.070414 -0.937843 0.339842
    outer loop
      vertex -24.3133 3.07483 6.25
      vertex -24.4348 2.26863 4
      vertex -18.4615 1.82015 4
    endloop
  endfacet
  facet normal -0.139926 -0.929708 0.340681
    outer loop
      vertex -24.4348 2.26863 4
      vertex -24.3232 3.07632 6.25
      vertex -24.4447 2.27012 4
    endloop
  endfacet
  facet normal -0.139926 -0.929708 0.340681
    outer loop
      vertex -24.3232 3.07632 6.25
      vertex -24.4348 2.26863 4
      vertex -24.3133 3.07483 6.25
    endloop
  endfacet
  facet normal 0.209151 0.916932 0.339841
    outer loop
      vertex -24.0179 5.03444 4
      vertex -24.1394 4.22824 6.25
      vertex -18.1778 3.70232 4
    endloop
  endfacet
  facet normal -0.0704111 -0.937841 0.339848
    outer loop
      vertex -18.4615 1.82015 4
      vertex -18.3134 2.62437 6.25
      vertex -24.3133 3.07483 6.25
    endloop
  endfacet
  facet normal -0.0701634 -0.937863 0.33984
    outer loop
      vertex -18.3134 2.62437 6.25
      vertex -18.4615 1.82015 4
      vertex -18.4349 1.81816 4
    endloop
  endfacet
  facet normal -0.987917 0.154967 0.00217901
    outer loop
      vertex -24.0286 5.03083 4
      vertex -24.1493 4.22973 6.25
      vertex -24.0278 5.03593 4
    endloop
  endfacet
  facet normal -0.988824 0.149085 3.60842e-05
    outer loop
      vertex -24.1493 4.22973 6.25
      vertex -24.0286 5.03083 4
      vertex -24.3232 3.07632 6.25
    endloop
  endfacet
  facet normal -0.988831 0.149039 -5.34166e-06
    outer loop
      vertex -24.0286 5.03083 4
      vertex -24.4447 2.27012 4
      vertex -24.3232 3.07632 6.25
    endloop
  endfacet
  facet normal 0.985917 -0.167105 -0.00663739
    outer loop
      vertex -18.2733 2.89019 6.25
      vertex -18.152 3.69523 4
      vertex -18.1518 3.69641 4
    endloop
  endfacet
  facet normal 0.988812 -0.149166 -6.30524e-05
    outer loop
      vertex -18.152 3.69523 4
      vertex -18.2733 2.89019 6.25
      vertex -18.3134 2.62437 6.25
    endloop
  endfacet
  facet normal 0.208459 0.91708 0.339865
    outer loop
      vertex -18.1778 3.70232 4
      vertex -18.2733 2.89019 6.25
      vertex -18.1518 3.69641 4
    endloop
  endfacet
  facet normal 0.209151 0.916932 0.339841
    outer loop
      vertex -18.2733 2.89019 6.25
      vertex -18.1778 3.70232 4
      vertex -24.1394 4.22824 6.25
    endloop
  endfacet
  facet normal 0.0701499 -0.937864 0.33984
    outer loop
      vertex -24.5 -0.583221 6.25
      vertex -24.5 -1.39852 4
      vertex -18.5265 -0.951717 4
    endloop
  endfacet
  facet normal 0.0702506 0.937854 0.339844
    outer loop
      vertex -18.5265 0.951717 4
      vertex -18.5 0.134415 6.25
      vertex -18.5 0.949732 4
    endloop
  endfacet
  facet normal 0.0701529 0.937861 0.339847
    outer loop
      vertex -18.5 0.134415 6.25
      vertex -18.5265 0.951717 4
      vertex -24.5 0.583221 6.25
    endloop
  endfacet
  facet normal 0 -0.94018 0.340679
    outer loop
      vertex -24.51 -1.39852 4
      vertex -24.5 -0.583221 6.25
      vertex -24.51 -0.583221 6.25
    endloop
  endfacet
  facet normal 0 -0.94018 0.340679
    outer loop
      vertex -24.5 -0.583221 6.25
      vertex -24.51 -1.39852 4
      vertex -24.5 -1.39852 4
    endloop
  endfacet
  facet normal 0.0701499 0.937864 0.33984
    outer loop
      vertex -24.5 1.39852 4
      vertex -24.5 0.583221 6.25
      vertex -18.5265 0.951717 4
    endloop
  endfacet
  facet normal 0 0 1
    outer loop
      vertex -24.5 0.583221 6.25
      vertex -18.5 -0.134415 6.25
      vertex -18.5 0.134415 6.25
    endloop
  endfacet
  facet normal 0 0 1
    outer loop
      vertex -24.5 0.583221 6.25
      vertex -24.5 -0.583221 6.25
      vertex -18.5 -0.134415 6.25
    endloop
  endfacet
  facet normal -0 0 1
    outer loop
      vertex -24.51 0.583221 6.25
      vertex -24.5 -0.583221 6.25
      vertex -24.5 0.583221 6.25
    endloop
  endfacet
  facet normal 0 0 1
    outer loop
      vertex -24.5 -0.583221 6.25
      vertex -24.51 0.583221 6.25
      vertex -24.51 -0.583221 6.25
    endloop
  endfacet
  facet normal 0 0.94018 0.340679
    outer loop
      vertex -24.5 1.39852 4
      vertex -24.51 0.583221 6.25
      vertex -24.5 0.583221 6.25
    endloop
  endfacet
  facet normal 0 0.94018 0.340679
    outer loop
      vertex -24.51 0.583221 6.25
      vertex -24.5 1.39852 4
      vertex -24.51 1.39852 4
    endloop
  endfacet
  facet normal 1 -0 0
    outer loop
      vertex -18.5 -0.134415 6.25
      vertex -18.5 0.949732 4
      vertex -18.5 0.134415 6.25
    endloop
  endfacet
  facet normal 1 0 0
    outer loop
      vertex -18.5 0.949732 4
      vertex -18.5 -0.134415 6.25
      vertex -18.5 -0.949732 4
    endloop
  endfacet
  facet normal -1 0 0
    outer loop
      vertex -24.51 1.39852 4
      vertex -24.51 -0.583221 6.25
      vertex -24.51 0.583221 6.25
    endloop
  endfacet
  facet normal -1 0 -0
    outer loop
      vertex -24.51 -0.583221 6.25
      vertex -24.51 1.39852 4
      vertex -24.51 -1.39852 4
    endloop
  endfacet
  facet normal 0.0701529 -0.937861 0.339847
    outer loop
      vertex -18.5265 -0.951717 4
      vertex -18.5 -0.134415 6.25
      vertex -24.5 -0.583221 6.25
    endloop
  endfacet
  facet normal 0.0702506 -0.937854 0.339844
    outer loop
      vertex -18.5 -0.134415 6.25
      vertex -18.5265 -0.951717 4
      vertex -18.5 -0.949732 4
    endloop
  endfacet
  facet normal -0.139926 0.929708 0.340681
    outer loop
      vertex -24.4348 -2.26863 4
      vertex -24.3232 -3.07632 6.25
      vertex -24.3133 -3.07483 6.25
    endloop
  endfacet
  facet normal -0.139926 0.929708 0.340681
    outer loop
      vertex -24.3232 -3.07632 6.25
      vertex -24.4348 -2.26863 4
      vertex -24.4447 -2.27012 4
    endloop
  endfacet
  facet normal 0.209151 -0.916932 0.339841
    outer loop
      vertex -18.1778 -3.70232 4
      vertex -24.1394 -4.22824 6.25
      vertex -24.0179 -5.03444 4
    endloop
  endfacet
  facet normal 0 0 1
    outer loop
      vertex -18.3134 -2.62437 6.25
      vertex -24.1394 -4.22824 6.25
      vertex -18.2733 -2.89019 6.25
    endloop
  endfacet
  facet normal -0 0 1
    outer loop
      vertex -24.3133 -3.07483 6.25
      vertex -24.1394 -4.22824 6.25
      vertex -18.3134 -2.62437 6.25
    endloop
  endfacet
  facet normal 0 0 1
    outer loop
      vertex -24.1394 -4.22824 6.25
      vertex -24.3133 -3.07483 6.25
      vertex -24.1493 -4.22973 6.25
    endloop
  endfacet
  facet normal 0 0 1
    outer loop
      vertex -24.1493 -4.22973 6.25
      vertex -24.3133 -3.07483 6.25
      vertex -24.3232 -3.07632 6.25
    endloop
  endfacet
  facet normal 0.988833 0.149031 2.99782e-06
    outer loop
      vertex -18.152 -3.69523 4
      vertex -18.4349 -1.81816 4
      vertex -18.3134 -2.62437 6.25
    endloop
  endfacet
  facet normal -0.0701634 0.937863 0.33984
    outer loop
      vertex -18.4615 -1.82015 4
      vertex -18.3134 -2.62437 6.25
      vertex -18.4349 -1.81816 4
    endloop
  endfacet
  facet normal -0.0704111 0.937841 0.339848
    outer loop
      vertex -18.3134 -2.62437 6.25
      vertex -18.4615 -1.82015 4
      vertex -24.3133 -3.07483 6.25
    endloop
  endfacet
  facet normal -0.988831 -0.149039 -5.34166e-06
    outer loop
      vertex -24.3232 -3.07632 6.25
      vertex -24.4447 -2.27012 4
      vertex -24.0286 -5.03083 4
    endloop
  endfacet
  facet normal -0.070414 0.937843 0.339842
    outer loop
      vertex -18.4615 -1.82015 4
      vertex -24.4348 -2.26863 4
      vertex -24.3133 -3.07483 6.25
    endloop
  endfacet
  facet normal 0.139926 -0.929708 0.340681
    outer loop
      vertex -24.0278 -5.03593 4
      vertex -24.1394 -4.22824 6.25
      vertex -24.1493 -4.22973 6.25
    endloop
  endfacet
  facet normal 0.139926 -0.929708 0.340681
    outer loop
      vertex -24.1394 -4.22824 6.25
      vertex -24.0278 -5.03593 4
      vertex -24.0179 -5.03444 4
    endloop
  endfacet
  facet normal 0.988812 0.149166 -6.30524e-05
    outer loop
      vertex -18.2733 -2.89019 6.25
      vertex -18.152 -3.69523 4
      vertex -18.3134 -2.62437 6.25
    endloop
  endfacet
  facet normal 0.985917 0.167105 -0.00663739
    outer loop
      vertex -18.152 -3.69523 4
      vertex -18.2733 -2.89019 6.25
      vertex -18.1518 -3.69641 4
    endloop
  endfacet
  facet normal -0.988824 -0.149085 3.60842e-05
    outer loop
      vertex -24.0286 -5.03083 4
      vertex -24.1493 -4.22973 6.25
      vertex -24.3232 -3.07632 6.25
    endloop
  endfacet
  facet normal -0.987917 -0.154967 0.00217901
    outer loop
      vertex -24.1493 -4.22973 6.25
      vertex -24.0286 -5.03083 4
      vertex -24.0278 -5.03593 4
    endloop
  endfacet
  facet normal 0.209151 -0.916932 0.339841
    outer loop
      vertex -18.1778 -3.70232 4
      vertex -18.2733 -2.89019 6.25
      vertex -24.1394 -4.22824 6.25
    endloop
  endfacet
  facet normal 0.208459 -0.91708 0.339865
    outer loop
      vertex -18.2733 -2.89019 6.25
      vertex -18.1778 -3.70232 4
      vertex -18.1518 -3.69641 4
    endloop
  endfacet
  facet normal -0.956696 -0.291084 0.00138504
    outer loop
      vertex -23.8318 -5.89299 4
      vertex -23.593 -6.66714 6.25
      vertex -23.8333 -5.88806 4
    endloop
  endfacet
  facet normal -0.955576 -0.294744 7.04367e-06
    outer loop
      vertex -23.593 -6.66714 6.25
      vertex -23.8318 -5.89299 4
      vertex -23.2492 -7.78176 6.25
    endloop
  endfacet
  facet normal 0.955577 0.294742 3.90251e-06
    outer loop
      vertex -17.3985 -6.35937 4
      vertex -17.958 -4.54543 4
      vertex -17.7177 -5.32453 6.25
    endloop
  endfacet
  facet normal 0.277092 -0.89842 0.340678
    outer loop
      vertex -22.9994 -8.55791 4
      vertex -23.2492 -7.78176 6.25
      vertex -23.0089 -8.56084 4
    endloop
  endfacet
  facet normal 0.343473 -0.875521 0.339839
    outer loop
      vertex -17.4229 -6.37023 4
      vertex -23.2396 -7.77881 6.25
      vertex -22.9993 -8.55789 4
    endloop
  endfacet
  facet normal -0.276164 0.898702 0.340689
    outer loop
      vertex -23.8238 -5.88511 4
      vertex -23.593 -6.66714 6.25
      vertex -23.5834 -6.66419 6.25
    endloop
  endfacet
  facet normal -0.278817 0.897886 0.340678
    outer loop
      vertex -23.593 -6.66714 6.25
      vertex -23.8238 -5.88511 4
      vertex -23.8333 -5.88806 4
    endloop
  endfacet
  facet normal -0.209132 0.916937 0.33984
    outer loop
      vertex -17.984 -4.55136 4
      vertex -17.7177 -5.32453 6.25
      vertex -17.958 -4.54543 4
    endloop
  endfacet
  facet normal -0.209403 0.916871 0.339849
    outer loop
      vertex -17.7177 -5.32453 6.25
      vertex -17.984 -4.55136 4
      vertex -23.5834 -6.66419 6.25
    endloop
  endfacet
  facet normal 0.276165 -0.898707 0.340674
    outer loop
      vertex -22.9994 -8.55791 4
      vertex -23.2396 -7.77881 6.25
      vertex -23.2492 -7.78176 6.25
    endloop
  endfacet
  facet normal 0.184495 -0.922475 0.339118
    outer loop
      vertex -23.2396 -7.77881 6.25
      vertex -22.9994 -8.55791 4
      vertex -22.9993 -8.55789 4
    endloop
  endfacet
  facet normal -0.209404 0.916872 0.339848
    outer loop
      vertex -17.984 -4.55136 4
      vertex -23.8238 -5.88511 4
      vertex -23.5834 -6.66419 6.25
    endloop
  endfacet
  facet normal -0.955575 -0.294748 3.27569e-06
    outer loop
      vertex -23.2492 -7.78176 6.25
      vertex -23.8318 -5.89299 4
      vertex -23.0089 -8.56084 4
    endloop
  endfacet
  facet normal 0.955612 0.29463 6.07909e-05
    outer loop
      vertex -17.6385 -5.58141 6.25
      vertex -17.3985 -6.35937 4
      vertex -17.7177 -5.32453 6.25
    endloop
  endfacet
  facet normal 0.966963 0.254464 0.0151593
    outer loop
      vertex -17.3985 -6.35937 4
      vertex -17.6385 -5.58141 6.25
      vertex -17.3982 -6.36051 4
    endloop
  endfacet
  facet normal 0 0 1
    outer loop
      vertex -17.7177 -5.32453 6.25
      vertex -23.2396 -7.77881 6.25
      vertex -17.6385 -5.58141 6.25
    endloop
  endfacet
  facet normal -0 0 1
    outer loop
      vertex -23.5834 -6.66419 6.25
      vertex -23.2396 -7.77881 6.25
      vertex -17.7177 -5.32453 6.25
    endloop
  endfacet
  facet normal 0 0 1
    outer loop
      vertex -23.2396 -7.77881 6.25
      vertex -23.5834 -6.66419 6.25
      vertex -23.2492 -7.78176 6.25
    endloop
  endfacet
  facet normal 0 0 1
    outer loop
      vertex -23.2492 -7.78176 6.25
      vertex -23.5834 -6.66419 6.25
      vertex -23.593 -6.66714 6.25
    endloop
  endfacet
  facet normal 0.343477 -0.875512 0.339856
    outer loop
      vertex -17.4229 -6.37023 4
      vertex -17.6385 -5.58141 6.25
      vertex -23.2396 -7.77881 6.25
    endloop
  endfacet
  facet normal 0.344397 -0.875164 0.339822
    outer loop
      vertex -17.6385 -5.58141 6.25
      vertex -17.4229 -6.37023 4
      vertex -17.3982 -6.36051 4
    endloop
  endfacet
  facet normal -0.405312 0.848328 0.340677
    outer loop
      vertex -22.6805 -9.37012 4
      vertex -22.3358 -10.109 6.25
      vertex -22.3268 -10.1047 6.25
    endloop
  endfacet
  facet normal -0.408376 0.846863 0.340665
    outer loop
      vertex -22.3358 -10.109 6.25
      vertex -22.6805 -9.37012 4
      vertex -22.6895 -9.37446 4
    endloop
  endfacet
  facet normal 0.412942 -0.844653 0.340647
    outer loop
      vertex -21.476 -11.8945 4
      vertex -21.8207 -11.1556 6.25
      vertex -21.8297 -11.16 6.25
    endloop
  endfacet
  facet normal 0 -0.95008 0.312006
    outer loop
      vertex -21.8207 -11.1556 6.25
      vertex -21.476 -11.8945 4
      vertex -21.4759 -11.8945 4
    endloop
  endfacet
  facet normal 0.405309 -0.848321 0.3407
    outer loop
      vertex -21.4669 -11.8902 4
      vertex -21.8207 -11.1556 6.25
      vertex -21.4759 -11.8945 4
    endloop
  endfacet
  facet normal 0.470129 -0.814538 0.339863
    outer loop
      vertex -16.2789 -8.89583 4
      vertex -21.8207 -11.1556 6.25
      vertex -21.4669 -11.8902 4
    endloop
  endfacet
  facet normal 0.900955 0.433913 6.33453e-06
    outer loop
      vertex -16.2558 -8.88253 4
      vertex -17.0795 -7.17224 4
      vertex -16.6096 -8.14795 6.25
    endloop
  endfacet
  facet normal 0 0 1
    outer loop
      vertex -16.7262 -7.90575 6.25
      vertex -21.8207 -11.1556 6.25
      vertex -16.6096 -8.14795 6.25
    endloop
  endfacet
  facet normal -0 0 1
    outer loop
      vertex -22.3268 -10.1047 6.25
      vertex -21.8207 -11.1556 6.25
      vertex -16.7262 -7.90575 6.25
    endloop
  endfacet
  facet normal 0 0 1
    outer loop
      vertex -21.8207 -11.1556 6.25
      vertex -22.3268 -10.1047 6.25
      vertex -21.8297 -11.16 6.25
    endloop
  endfacet
  facet normal 0 0 1
    outer loop
      vertex -21.8297 -11.16 6.25
      vertex -22.3268 -10.1047 6.25
      vertex -22.3358 -10.109 6.25
    endloop
  endfacet
  facet normal -0.900979 -0.433863 -5.91776e-06
    outer loop
      vertex -22.3358 -10.109 6.25
      vertex -22.6895 -9.37446 4
      vertex -21.4782 -11.8899 4
    endloop
  endfacet
  facet normal -0.343723 0.875421 0.339841
    outer loop
      vertex -17.1048 -7.18089 4
      vertex -22.6805 -9.37012 4
      vertex -22.3268 -10.1047 6.25
    endloop
  endfacet
  facet normal 0.470126 -0.814547 0.339846
    outer loop
      vertex -16.2789 -8.89583 4
      vertex -16.6096 -8.14795 6.25
      vertex -21.8207 -11.1556 6.25
    endloop
  endfacet
  facet normal 0.46926 -0.815031 0.33988
    outer loop
      vertex -16.6096 -8.14795 6.25
      vertex -16.2789 -8.89583 4
      vertex -16.2558 -8.88253 4
    endloop
  endfacet
  facet normal -0.900981 -0.433859 -9.18602e-06
    outer loop
      vertex -21.4782 -11.8899 4
      vertex -21.8297 -11.16 6.25
      vertex -22.3358 -10.109 6.25
    endloop
  endfacet
  facet normal -0.902134 -0.431455 -0.000969249
    outer loop
      vertex -21.8297 -11.16 6.25
      vertex -21.4782 -11.8899 4
      vertex -21.476 -11.8945 4
    endloop
  endfacet
  facet normal 0.905959 0.423345 -0.00424324
    outer loop
      vertex -16.7262 -7.90575 6.25
      vertex -17.0795 -7.17224 4
      vertex -17.08 -7.17117 4
    endloop
  endfacet
  facet normal 0.901023 0.433771 -6.94331e-05
    outer loop
      vertex -17.0795 -7.17224 4
      vertex -16.7262 -7.90575 6.25
      vertex -16.6096 -8.14795 6.25
    endloop
  endfacet
  facet normal -0.343191 0.87563 0.339841
    outer loop
      vertex -17.1048 -7.18089 4
      vertex -16.7262 -7.90575 6.25
      vertex -17.08 -7.17117 4
    endloop
  endfacet
  facet normal -0.343713 0.875418 0.33986
    outer loop
      vertex -16.7262 -7.90575 6.25
      vertex -17.1048 -7.18089 4
      vertex -22.3268 -10.1047 6.25
    endloop
  endfacet
  facet normal -0.53022 0.776394 0.340705
    outer loop
      vertex -21.0307 -12.6458 4
      vertex -21.0389 -12.6514 4
      vertex -20.5714 -13.3195 6.25
    endloop
  endfacet
  facet normal 0.826241 0.563316 3.55654e-06
    outer loop
      vertex -14.7511 -11.2051 4
      vertex -15.8204 -9.63671 4
      vertex -15.3611 -10.3104 6.25
    endloop
  endfacet
  facet normal 0.530226 -0.776403 0.340675
    outer loop
      vertex -19.4551 -14.9569 4
      vertex -19.9226 -14.2889 6.25
      vertex -19.4633 -14.9625 4
    endloop
  endfacet
  facet normal 0.58628 -0.735369 0.339865
    outer loop
      vertex -14.7712 -11.2227 4
      vertex -19.9143 -14.2832 6.25
      vertex -19.455 -14.9569 4
    endloop
  endfacet
  facet normal -0.822895 -0.568189 -0.00215956
    outer loop
      vertex -21.036 -12.6557 4
      vertex -20.5797 -13.3251 6.25
      vertex -21.0389 -12.6515 4
    endloop
  endfacet
  facet normal -0.826242 -0.563316 -3.07857e-05
    outer loop
      vertex -20.5797 -13.3251 6.25
      vertex -21.036 -12.6557 4
      vertex -19.9226 -14.2889 6.25
    endloop
  endfacet
  facet normal -0.469533 0.814891 0.33984
    outer loop
      vertex -15.8435 -9.65002 4
      vertex -15.3611 -10.3104 6.25
      vertex -15.8204 -9.63671 4
    endloop
  endfacet
  facet normal -0.470345 0.814409 0.339873
    outer loop
      vertex -15.3611 -10.3104 6.25
      vertex -15.8435 -9.65002 4
      vertex -20.5714 -13.3195 6.25
    endloop
  endfacet
  facet normal 0.532242 -0.775019 0.340682
    outer loop
      vertex -19.4551 -14.9569 4
      vertex -19.9143 -14.2832 6.25
      vertex -19.9226 -14.2889 6.25
    endloop
  endfacet
  facet normal 0 -0.957978 0.28684
    outer loop
      vertex -19.9143 -14.2832 6.25
      vertex -19.4551 -14.9569 4
      vertex -19.455 -14.9569 4
    endloop
  endfacet
  facet normal -0.470349 0.81441 0.339866
    outer loop
      vertex -15.8435 -9.65002 4
      vertex -21.0307 -12.6458 4
      vertex -20.5714 -13.3195 6.25
    endloop
  endfacet
  facet normal -0.525843 0.779375 0.340681
    outer loop
      vertex -21.0389 -12.6514 4
      vertex -20.5797 -13.3251 6.25
      vertex -20.5714 -13.3195 6.25
    endloop
  endfacet
  facet normal -0.979803 0 0.199967
    outer loop
      vertex -20.5797 -13.3251 6.25
      vertex -21.0389 -12.6514 4
      vertex -21.0389 -12.6515 4
    endloop
  endfacet
  facet normal -0.826247 -0.563308 -2.26878e-05
    outer loop
      vertex -19.9226 -14.2889 6.25
      vertex -21.036 -12.6557 4
      vertex -19.4633 -14.9625 4
    endloop
  endfacet
  facet normal 0.826282 0.563256 3.87244e-05
    outer loop
      vertex -15.2097 -10.5325 6.25
      vertex -14.7511 -11.2051 4
      vertex -15.3611 -10.3104 6.25
    endloop
  endfacet
  facet normal 0.819224 0.573457 -0.0044493
    outer loop
      vertex -14.7511 -11.2051 4
      vertex -15.2097 -10.5325 6.25
      vertex -14.7504 -11.2061 4
    endloop
  endfacet
  facet normal 0 0 1
    outer loop
      vertex -15.3611 -10.3104 6.25
      vertex -19.9143 -14.2832 6.25
      vertex -15.2097 -10.5325 6.25
    endloop
  endfacet
  facet normal -0 0 1
    outer loop
      vertex -20.5714 -13.3195 6.25
      vertex -19.9143 -14.2832 6.25
      vertex -15.3611 -10.3104 6.25
    endloop
  endfacet
  facet normal 0 0 1
    outer loop
      vertex -19.9143 -14.2832 6.25
      vertex -20.5714 -13.3195 6.25
      vertex -19.9226 -14.2889 6.25
    endloop
  endfacet
  facet normal 0 0 1
    outer loop
      vertex -19.9226 -14.2889 6.25
      vertex -20.5714 -13.3195 6.25
      vertex -20.5797 -13.3251 6.25
    endloop
  endfacet
  facet normal 0.586277 -0.735382 0.339841
    outer loop
      vertex -14.7712 -11.2227 4
      vertex -15.2097 -10.5325 6.25
      vertex -19.9143 -14.2832 6.25
    endloop
  endfacet
  facet normal 0.586656 -0.735087 0.339825
    outer loop
      vertex -15.2097 -10.5325 6.25
      vertex -14.7712 -11.2227 4
      vertex -14.7504 -11.2061 4
    endloop
  endfacet
  facet normal -0.735544 -0.677475 0.00130333
    outer loop
      vertex -18.9148 -15.6496 4
      vertex -18.3638 -16.2435 6.25
      vertex -18.9183 -15.6458 4
    endloop
  endfacet
  facet normal -0.733059 -0.680165 -1.53015e-05
    outer loop
      vertex -18.3638 -16.2435 6.25
      vertex -18.9148 -15.6496 4
      vertex -17.5704 -17.0986 6.25
    endloop
  endfacet
  facet normal 0.733058 0.680166 2.42848e-05
    outer loop
      vertex -12.9163 -13.2785 4
      vertex -14.2074 -11.887 4
      vertex -13.6529 -12.4847 6.25
    endloop
  endfacet
  facet normal -0.635733 0.692664 0.340675
    outer loop
      vertex -18.911 -15.6391 4
      vertex -18.9183 -15.6458 4
      vertex -18.3638 -16.2435 6.25
    endloop
  endfacet
  facet normal 0.689336 -0.639785 0.33984
    outer loop
      vertex -12.9336 -13.2989 4
      vertex -17.5631 -17.0918 6.25
      vertex -17.0085 -17.6894 4
    endloop
  endfacet
  facet normal -0.586651 0.735081 0.339847
    outer loop
      vertex -14.2282 -11.9036 4
      vertex -13.6529 -12.4847 6.25
      vertex -14.2074 -11.887 4
    endloop
  endfacet
  facet normal -0.586478 0.735223 0.339839
    outer loop
      vertex -13.6529 -12.4847 6.25
      vertex -14.2282 -11.9036 4
      vertex -18.3565 -16.2367 6.25
    endloop
  endfacet
  facet normal 0.640837 -0.687957 0.340652
    outer loop
      vertex -17.0159 -17.6962 4
      vertex -17.5631 -17.0918 6.25
      vertex -17.5704 -17.0986 6.25
    endloop
  endfacet
  facet normal 0.636151 -0.692281 0.340674
    outer loop
      vertex -17.5631 -17.0918 6.25
      vertex -17.0159 -17.6962 4
      vertex -17.0085 -17.6894 4
    endloop
  endfacet
  facet normal -0.586476 0.735223 0.339842
    outer loop
      vertex -14.2282 -11.9036 4
      vertex -18.911 -15.639 4
      vertex -18.3565 -16.2367 6.25
    endloop
  endfacet
  facet normal 0.689306 -0.639817 0.33984
    outer loop
      vertex -13.47 -12.6817 6.25
      vertex -12.9336 -13.2989 4
      vertex -12.9155 -13.2794 4
    endloop
  endfacet
  facet normal 0.689336 -0.639786 0.339838
    outer loop
      vertex -12.9336 -13.2989 4
      vertex -13.47 -12.6817 6.25
      vertex -17.5631 -17.0918 6.25
    endloop
  endfacet
  facet normal -0.64083 0.68795 0.340679
    outer loop
      vertex -18.911 -15.639 4
      vertex -18.3638 -16.2435 6.25
      vertex -18.3565 -16.2367 6.25
    endloop
  endfacet
  facet normal -0.971677 0 0.236312
    outer loop
      vertex -18.3638 -16.2435 6.25
      vertex -18.911 -15.639 4
      vertex -18.911 -15.6391 4
    endloop
  endfacet
  facet normal -0.733064 -0.68016 -9.0836e-06
    outer loop
      vertex -17.5704 -17.0986 6.25
      vertex -18.9148 -15.6496 4
      vertex -17.0159 -17.6962 4
    endloop
  endfacet
  facet normal 0.732846 0.680394 -0.000125357
    outer loop
      vertex -13.47 -12.6817 6.25
      vertex -12.9163 -13.2785 4
      vertex -13.6529 -12.4847 6.25
    endloop
  endfacet
  facet normal 0.747387 0.664344 0.00771008
    outer loop
      vertex -12.9163 -13.2785 4
      vertex -13.47 -12.6817 6.25
      vertex -12.9155 -13.2794 4
    endloop
  endfacet
  facet normal 0 0 1
    outer loop
      vertex -13.6529 -12.4847 6.25
      vertex -17.5631 -17.0918 6.25
      vertex -13.47 -12.6817 6.25
    endloop
  endfacet
  facet normal -0 0 1
    outer loop
      vertex -18.3565 -16.2367 6.25
      vertex -17.5631 -17.0918 6.25
      vertex -13.6529 -12.4847 6.25
    endloop
  endfacet
  facet normal 0 0 1
    outer loop
      vertex -17.5631 -17.0918 6.25
      vertex -18.3565 -16.2367 6.25
      vertex -17.5704 -17.0986 6.25
    endloop
  endfacet
  facet normal 0 0 1
    outer loop
      vertex -17.5704 -17.0986 6.25
      vertex -18.3565 -16.2367 6.25
      vertex -18.3638 -16.2435 6.25
    endloop
  endfacet
  facet normal -0.735999 0.585025 0.340664
    outer loop
      vertex -16.3689 -18.2829 4
      vertex -16.3751 -18.2907 4
      vertex -15.7315 -18.7912 6.25
    endloop
  endfacet
  facet normal 0.623512 0.781814 2.10249e-05
    outer loop
      vertex -10.793 -15.0553 4
      vertex -12.2771 -13.8717 4
      vertex -11.6397 -14.3801 6.25
    endloop
  endfacet
  facet normal 0.735984 -0.585013 0.340716
    outer loop
      vertex -14.1821 -20.0269 4
      vertex -14.8258 -19.5263 6.25
      vertex -14.1883 -20.0347 4
    endloop
  endfacet
  facet normal 0.77699 -0.52991 0.339825
    outer loop
      vertex -10.807 -15.078 4
      vertex -14.8195 -19.5185 6.25
      vertex -14.1821 -20.0268 4
    endloop
  endfacet
  facet normal -0.689305 0.639817 0.339843
    outer loop
      vertex -12.2952 -13.8912 4
      vertex -11.6397 -14.3801 6.25
      vertex -12.2771 -13.8717 4
    endloop
  endfacet
  facet normal -0.689506 0.639595 0.339853
    outer loop
      vertex -11.6397 -14.3801 6.25
      vertex -12.2952 -13.8912 4
      vertex -15.7315 -18.7912 6.25
    endloop
  endfacet
  facet normal 0.73141 -0.590754 0.340658
    outer loop
      vertex -14.8258 -19.5263 6.25
      vertex -14.1821 -20.0268 4
      vertex -14.8195 -19.5185 6.25
    endloop
  endfacet
  facet normal 0.961429 0 0.275054
    outer loop
      vertex -14.1821 -20.0268 4
      vertex -14.8258 -19.5263 6.25
      vertex -14.1821 -20.0269 4
    endloop
  endfacet
  facet normal -0.689521 0.639593 0.339825
    outer loop
      vertex -12.2952 -13.8912 4
      vertex -16.3689 -18.2829 4
      vertex -15.7315 -18.7912 6.25
    endloop
  endfacet
  facet normal -0.623481 -0.781838 -2.96841e-06
    outer loop
      vertex -14.1924 -20.0314 4
      vertex -14.8258 -19.5263 6.25
      vertex -15.7377 -18.7991 6.25
    endloop
  endfacet
  facet normal -0.627009 -0.779011 -0.00163064
    outer loop
      vertex -14.8258 -19.5263 6.25
      vertex -14.1924 -20.0314 4
      vertex -14.1883 -20.0347 4
    endloop
  endfacet
  facet normal 0 0 1
    outer loop
      vertex -11.6397 -14.3801 6.25
      vertex -14.8195 -19.5185 6.25
      vertex -11.4295 -14.5477 6.25
    endloop
  endfacet
  facet normal -0 0 1
    outer loop
      vertex -15.7315 -18.7912 6.25
      vertex -14.8195 -19.5185 6.25
      vertex -11.6397 -14.3801 6.25
    endloop
  endfacet
  facet normal 0 0 1
    outer loop
      vertex -14.8195 -19.5185 6.25
      vertex -15.7315 -18.7912 6.25
      vertex -14.8258 -19.5263 6.25
    endloop
  endfacet
  facet normal 0 0 1
    outer loop
      vertex -14.8258 -19.5263 6.25
      vertex -15.7315 -18.7912 6.25
      vertex -15.7377 -18.7991 6.25
    endloop
  endfacet
  facet normal 0.573316 0.819023 -0.0225868
    outer loop
      vertex -10.793 -15.0553 4
      vertex -11.4295 -14.5477 6.25
      vertex -10.792 -15.056 4
    endloop
  endfacet
  facet normal 0.623424 0.781884 -3.32625e-05
    outer loop
      vertex -11.4295 -14.5477 6.25
      vertex -10.793 -15.0553 4
      vertex -11.6397 -14.3801 6.25
    endloop
  endfacet
  facet normal -0.739606 0.58045 0.340678
    outer loop
      vertex -15.7315 -18.7912 6.25
      vertex -16.3751 -18.2907 4
      vertex -15.7377 -18.7991 6.25
    endloop
  endfacet
  facet normal -0.623502 -0.781822 -2.58693e-05
    outer loop
      vertex -15.7377 -18.7991 6.25
      vertex -16.3751 -18.2907 4
      vertex -14.1924 -20.0314 4
    endloop
  endfacet
  facet normal 0.777049 -0.529806 0.339853
    outer loop
      vertex -11.4295 -14.5477 6.25
      vertex -10.807 -15.078 4
      vertex -10.792 -15.056 4
    endloop
  endfacet
  facet normal 0.776988 -0.529893 0.339857
    outer loop
      vertex -10.807 -15.078 4
      vertex -11.4295 -14.5477 6.25
      vertex -14.8195 -19.5185 6.25
    endloop
  endfacet
  facet normal -0.500278 -0.865865 0.000103476
    outer loop
      vertex -13.4617 -20.5296 4
      vertex -12.7601 -20.9347 6.25
      vertex -13.4662 -20.527 4
    endloop
  endfacet
  facet normal -0.499975 -0.86604 -2.24421e-05
    outer loop
      vertex -12.7601 -20.9347 6.25
      vertex -13.4617 -20.5296 4
      vertex -11.7499 -21.5179 6.25
    endloop
  endfacet
  facet normal 0.499977 0.866039 1.17542e-05
    outer loop
      vertex -8.42751 -16.4963 4
      vertex -10.0715 -15.5472 4
      vertex -9.13359 -16.0887 6.25
    endloop
  endfacet
  facet normal 0.847287 -0.408169 0.339858
    outer loop
      vertex -8.43906 -16.5203 4
      vertex -11.7449 -21.5092 6.25
      vertex -11.0388 -21.9169 4
    endloop
  endfacet
  facet normal -0.812787 0.47255 0.340697
    outer loop
      vertex -13.4612 -20.5184 4
      vertex -13.4662 -20.527 4
      vertex -12.7601 -20.9347 6.25
    endloop
  endfacet
  facet normal 0.815143 -0.468473 0.340697
    outer loop
      vertex -11.7499 -21.5179 6.25
      vertex -11.0388 -21.9169 4
      vertex -11.7449 -21.5092 6.25
    endloop
  endfacet
  facet normal 0.812792 -0.472554 0.340678
    outer loop
      vertex -11.0388 -21.9169 4
      vertex -11.7499 -21.5179 6.25
      vertex -11.0438 -21.9255 4
    endloop
  endfacet
  facet normal -0.777138 0.529684 0.339839
    outer loop
      vertex -10.0875 -15.5686 4
      vertex -13.4612 -20.5184 4
      vertex -12.7551 -20.926 6.25
    endloop
  endfacet
  facet normal 0.847458 -0.407839 0.339826
    outer loop
      vertex -9.13359 -16.0887 6.25
      vertex -8.43906 -16.5203 4
      vertex -8.42751 -16.4963 4
    endloop
  endfacet
  facet normal 0.847289 -0.408179 0.339839
    outer loop
      vertex -8.43906 -16.5203 4
      vertex -9.13359 -16.0887 6.25
      vertex -11.7449 -21.5092 6.25
    endloop
  endfacet
  facet normal -0.815149 0.468476 0.340679
    outer loop
      vertex -12.7551 -20.926 6.25
      vertex -13.4612 -20.5184 4
      vertex -12.7601 -20.9347 6.25
    endloop
  endfacet
  facet normal -0.49998 -0.866037 -1.73437e-05
    outer loop
      vertex -11.7499 -21.5179 6.25
      vertex -13.4617 -20.5296 4
      vertex -11.0438 -21.9255 4
    endloop
  endfacet
  facet normal 0.499948 0.866056 2.79832e-05
    outer loop
      vertex -10.0715 -15.5472 4
      vertex -9.36641 -15.9543 6.25
      vertex -9.13359 -16.0887 6.25
    endloop
  endfacet
  facet normal 0.514486 0.857477 -0.00608008
    outer loop
      vertex -9.36641 -15.9543 6.25
      vertex -10.0715 -15.5472 4
      vertex -10.0725 -15.5466 4
    endloop
  endfacet
  facet normal -0.777049 0.529806 0.339853
    outer loop
      vertex -10.0875 -15.5686 4
      vertex -9.36641 -15.9543 6.25
      vertex -10.0725 -15.5466 4
    endloop
  endfacet
  facet normal -0.777128 0.529687 0.339858
    outer loop
      vertex -9.36641 -15.9543 6.25
      vertex -10.0875 -15.5686 4
      vertex -12.7551 -20.926 6.25
    endloop
  endfacet
  facet normal 0 0 1
    outer loop
      vertex -9.36641 -15.9543 6.25
      vertex -11.7449 -21.5092 6.25
      vertex -9.13359 -16.0887 6.25
    endloop
  endfacet
  facet normal -0 0 1
    outer loop
      vertex -12.7551 -20.926 6.25
      vertex -11.7449 -21.5092 6.25
      vertex -9.36641 -15.9543 6.25
    endloop
  endfacet
  facet normal 0 0 1
    outer loop
      vertex -11.7449 -21.5092 6.25
      vertex -12.7551 -20.926 6.25
      vertex -11.7499 -21.5179 6.25
    endloop
  endfacet
  facet normal 0 0 1
    outer loop
      vertex -11.7499 -21.5179 6.25
      vertex -12.7551 -20.926 6.25
      vertex -12.7601 -20.9347 6.25
    endloop
  endfacet
  facet normal -0.875538 0.342602 0.34067
    outer loop
      vertex -10.2527 -22.2955 4
      vertex -10.2563 -22.3047 4
      vertex -9.49376 -22.5933 6.25
    endloop
  endfacet
  facet normal 0.365334 0.930877 2.60519e-05
    outer loop
      vertex -5.87473 -17.5681 4
      vertex -7.64178 -16.8746 4
      vertex -6.63369 -17.2703 6.25
    endloop
  endfacet
  facet normal 0.87583 -0.341856 0.34067
    outer loop
      vertex -7.64901 -23.3173 4
      vertex -8.40795 -23.0195 6.25
      vertex -7.65264 -23.3266 4
    endloop
  endfacet
  facet normal 0.898662 -0.277344 0.339833
    outer loop
      vertex -5.88257 -17.5936 4
      vertex -8.40795 -23.0195 6.25
      vertex -7.64901 -23.3173 4
    endloop
  endfacet
  facet normal -0.368048 -0.929806 0.0010883
    outer loop
      vertex -10.2516 -22.3067 4
      vertex -9.49741 -22.6026 6.25
      vertex -10.2564 -22.3048 4
    endloop
  endfacet
  facet normal -0.365379 -0.930859 5.50951e-05
    outer loop
      vertex -9.49741 -22.6026 6.25
      vertex -10.2516 -22.3067 4
      vertex -8.4116 -23.0288 6.25
    endloop
  endfacet
  facet normal 0.875189 -0.343488 0.340677
    outer loop
      vertex -8.4116 -23.0288 6.25
      vertex -7.65264 -23.3266 4
      vertex -8.40795 -23.0195 6.25
    endloop
  endfacet
  facet normal 0.923577 -0.184715 0.335985
    outer loop
      vertex -7.65264 -23.3266 4
      vertex -8.4116 -23.0288 6.25
      vertex -7.65266 -23.3267 4
    endloop
  endfacet
  facet normal -0.847407 0.407943 0.33983
    outer loop
      vertex -7.65443 -16.8982 4
      vertex -10.2527 -22.2955 4
      vertex -9.49376 -22.5933 6.25
    endloop
  endfacet
  facet normal 0.898963 -0.276387 0.339816
    outer loop
      vertex -6.63369 -17.2703 6.25
      vertex -5.88257 -17.5936 4
      vertex -5.87473 -17.5681 4
    endloop
  endfacet
  facet normal 0.898659 -0.277335 0.33985
    outer loop
      vertex -5.88257 -17.5936 4
      vertex -6.63369 -17.2703 6.25
      vertex -8.40795 -23.0195 6.25
    endloop
  endfacet
  facet normal -0.671421 0.671421 0.31367
    outer loop
      vertex -10.2564 -22.3048 4
      vertex -9.49376 -22.5933 6.25
      vertex -10.2563 -22.3047 4
    endloop
  endfacet
  facet normal -0.875185 0.343487 0.340688
    outer loop
      vertex -9.49376 -22.5933 6.25
      vertex -10.2564 -22.3048 4
      vertex -9.49741 -22.6026 6.25
    endloop
  endfacet
  facet normal -0.365338 -0.930875 1.67826e-05
    outer loop
      vertex -8.4116 -23.0288 6.25
      vertex -10.2516 -22.3067 4
      vertex -7.65266 -23.3267 4
    endloop
  endfacet
  facet normal 0.365302 0.930889 4.22094e-05
    outer loop
      vertex -7.64178 -16.8746 4
      vertex -6.88393 -17.1721 6.25
      vertex -6.63369 -17.2703 6.25
    endloop
  endfacet
  facet normal 0.339002 0.94073 0.0102021
    outer loop
      vertex -6.88393 -17.1721 6.25
      vertex -7.64178 -16.8746 4
      vertex -7.64289 -16.8742 4
    endloop
  endfacet
  facet normal -0.847584 0.407547 0.339863
    outer loop
      vertex -7.65443 -16.8982 4
      vertex -6.88393 -17.1721 6.25
      vertex -7.64289 -16.8742 4
    endloop
  endfacet
  facet normal -0.847398 0.407947 0.339847
    outer loop
      vertex -6.88393 -17.1721 6.25
      vertex -7.65443 -16.8982 4
      vertex -9.49376 -22.5933 6.25
    endloop
  endfacet
  facet normal 0 0 1
    outer loop
      vertex -6.88393 -17.1721 6.25
      vertex -8.40795 -23.0195 6.25
      vertex -6.63369 -17.2703 6.25
    endloop
  endfacet
  facet normal -0 0 1
    outer loop
      vertex -9.49376 -22.5933 6.25
      vertex -8.40795 -23.0195 6.25
      vertex -6.88393 -17.1721 6.25
    endloop
  endfacet
  facet normal 0 0 1
    outer loop
      vertex -8.40795 -23.0195 6.25
      vertex -9.49376 -22.5933 6.25
      vertex -8.4116 -23.0288 6.25
    endloop
  endfacet
  facet normal 0 0 1
    outer loop
      vertex -8.4116 -23.0288 6.25
      vertex -9.49376 -22.5933 6.25
      vertex -9.49741 -22.6026 6.25
    endloop
  endfacet
  facet normal -0.916484 0.209752 0.340678
    outer loop
      vertex -6.81523 -23.5746 4
      vertex -6.81745 -23.5843 4
      vertex -6.02259 -23.7657 6.25
    endloop
  endfacet
  facet normal 0.929959 -0.140303 0.339839
    outer loop
      vertex -3.19468 -18.2738 4
      vertex -4.88316 -24.0155 6.25
      vertex -4.0883 -24.1969 4
    endloop
  endfacet
  facet normal 0.222518 0.974929 9.30343e-06
    outer loop
      vertex -3.19072 -18.2475 4
      vertex -5.0414 -17.8251 4
      vertex -3.98559 -18.0661 6.25
    endloop
  endfacet
  facet normal 0 0 1
    outer loop
      vertex -4.24768 -18.0063 6.25
      vertex -4.88316 -24.0155 6.25
      vertex -3.98559 -18.0661 6.25
    endloop
  endfacet
  facet normal -0 0 1
    outer loop
      vertex -6.02036 -23.756 6.25
      vertex -4.88316 -24.0155 6.25
      vertex -4.24768 -18.0063 6.25
    endloop
  endfacet
  facet normal 0 0 1
    outer loop
      vertex -4.88316 -24.0155 6.25
      vertex -6.02036 -23.756 6.25
      vertex -4.88539 -24.0253 6.25
    endloop
  endfacet
  facet normal 0 0 1
    outer loop
      vertex -4.88539 -24.0253 6.25
      vertex -6.02036 -23.756 6.25
      vertex -6.02259 -23.7657 6.25
    endloop
  endfacet
  facet normal -0.936354 0.0936354 0.33834
    outer loop
      vertex -6.81523 -23.5746 4
      vertex -6.02036 -23.756 6.25
      vertex -6.81522 -23.5745 4
    endloop
  endfacet
  facet normal -0.916277 0.210649 0.340681
    outer loop
      vertex -6.02036 -23.756 6.25
      vertex -6.81523 -23.5746 4
      vertex -6.02259 -23.7657 6.25
    endloop
  endfacet
  facet normal -0.898735 0.277088 0.339849
    outer loop
      vertex -5.0504 -17.8503 4
      vertex -6.81522 -23.5745 4
      vertex -6.02036 -23.756 6.25
    endloop
  endfacet
  facet normal 0.916745 -0.208606 0.340678
    outer loop
      vertex -4.88539 -24.0253 6.25
      vertex -4.0883 -24.1969 4
      vertex -4.88316 -24.0155 6.25
    endloop
  endfacet
  facet normal 0.916745 -0.208606 0.340678
    outer loop
      vertex -4.0883 -24.1969 4
      vertex -4.88539 -24.0253 6.25
      vertex -4.09053 -24.2067 4
    endloop
  endfacet
  facet normal 0.930001 -0.140031 0.339836
    outer loop
      vertex -3.98559 -18.0661 6.25
      vertex -3.19468 -18.2738 4
      vertex -3.19072 -18.2475 4
    endloop
  endfacet
  facet normal 0.929957 -0.1403 0.339846
    outer loop
      vertex -3.19468 -18.2738 4
      vertex -3.98559 -18.0661 6.25
      vertex -4.88316 -24.0155 6.25
    endloop
  endfacet
  facet normal -0.213638 -0.976907 -0.00328838
    outer loop
      vertex -6.81242 -23.5854 4
      vertex -6.02259 -23.7657 6.25
      vertex -6.81745 -23.5843 4
    endloop
  endfacet
  facet normal -0.222555 -0.97492 1.03181e-06
    outer loop
      vertex -6.02259 -23.7657 6.25
      vertex -6.81242 -23.5854 4
      vertex -4.88539 -24.0253 6.25
    endloop
  endfacet
  facet normal -0.222537 -0.974924 -1.52301e-05
    outer loop
      vertex -4.88539 -24.0253 6.25
      vertex -6.81242 -23.5854 4
      vertex -4.09053 -24.2067 4
    endloop
  endfacet
  facet normal 0.222449 0.974944 4.34019e-05
    outer loop
      vertex -5.0414 -17.8251 4
      vertex -4.24768 -18.0063 6.25
      vertex -3.98559 -18.0661 6.25
    endloop
  endfacet
  facet normal 0.250369 0.968095 -0.0103575
    outer loop
      vertex -4.24768 -18.0063 6.25
      vertex -5.0414 -17.8251 4
      vertex -5.04256 -17.8248 4
    endloop
  endfacet
  facet normal -0.898944 0.276381 0.339874
    outer loop
      vertex -5.0504 -17.8503 4
      vertex -4.24768 -18.0063 6.25
      vertex -5.04256 -17.8248 4
    endloop
  endfacet
  facet normal -0.898736 0.277088 0.339848
    outer loop
      vertex -4.24768 -18.0063 6.25
      vertex -5.0504 -17.8503 4
      vertex -6.02036 -23.756 6.25
    endloop
  endfacet
  facet normal -0.0581528 -0.99829 -0.00600731
    outer loop
      vertex -3.2211 -24.3373 4
      vertex -2.41323 -24.3979 6.25
      vertex -3.22625 -24.337 4
    endloop
  endfacet
  facet normal -0.0747565 -0.997202 -1.6403e-05
    outer loop
      vertex -2.41323 -24.3979 6.25
      vertex -3.2211 -24.3373 4
      vertex -1.25004 -24.4851 6.25
    endloop
  endfacet
  facet normal 0.074752 0.997202 -2.04603e-05
    outer loop
      vertex -0.436615 -18.5192 4
      vertex -2.32958 -18.3773 4
      vertex -1.51655 -18.4382 6.25
    endloop
  endfacet
  facet normal -0.937547 0.070316 0.340678
    outer loop
      vertex -3.2255 -24.327 4
      vertex -3.22625 -24.337 4
      vertex -2.41323 -24.3979 6.25
    endloop
  endfacet
  facet normal 0.940482 -0.000131885 0.339842
    outer loop
      vertex -0.435433 -18.5459 4
      vertex -1.2493 -24.4751 6.25
      vertex -0.436273 -24.536 4
    endloop
  endfacet
  facet normal -0.92995 0.140377 0.339834
    outer loop
      vertex -2.33355 -18.4036 4
      vertex -1.51655 -18.4382 6.25
      vertex -2.32958 -18.3773 4
    endloop
  endfacet
  facet normal -0.929996 0.140043 0.339846
    outer loop
      vertex -1.51655 -18.4382 6.25
      vertex -2.33355 -18.4036 4
      vertex -2.41248 -24.3879 6.25
    endloop
  endfacet
  facet normal 0.937615 -0.0693835 0.340681
    outer loop
      vertex -1.25004 -24.4851 6.25
      vertex -0.436273 -24.536 4
      vertex -1.2493 -24.4751 6.25
    endloop
  endfacet
  facet normal 0.937561 -0.0701295 0.340678
    outer loop
      vertex -0.436273 -24.536 4
      vertex -1.25004 -24.4851 6.25
      vertex -0.437021 -24.546 4
    endloop
  endfacet
  facet normal -0.929999 0.14004 0.339838
    outer loop
      vertex -2.33355 -18.4036 4
      vertex -3.2255 -24.327 4
      vertex -2.41248 -24.3879 6.25
    endloop
  endfacet
  facet normal 0 0.999634 -0.0270568
    outer loop
      vertex -0.436615 -18.5192 4
      vertex -1.24847 -18.4583 6.25
      vertex -0.43543 -18.5192 4
    endloop
  endfacet
  facet normal 0.0747678 0.997201 -1.28729e-05
    outer loop
      vertex -1.24847 -18.4583 6.25
      vertex -0.436615 -18.5192 4
      vertex -1.51655 -18.4382 6.25
    endloop
  endfacet
  facet normal -0.937547 0.070316 0.340678
    outer loop
      vertex -2.41248 -24.3879 6.25
      vertex -3.2255 -24.327 4
      vertex -2.41323 -24.3979 6.25
    endloop
  endfacet
  facet normal -0.0747522 -0.997202 -2.01622e-05
    outer loop
      vertex -1.25004 -24.4851 6.25
      vertex -3.2211 -24.3373 4
      vertex -0.437021 -24.546 4
    endloop
  endfacet
  facet normal 0.940481 -0.000105672 0.339847
    outer loop
      vertex -1.24847 -18.4583 6.25
      vertex -0.435433 -18.5459 4
      vertex -0.43543 -18.5192 4
    endloop
  endfacet
  facet normal 0.940481 -0.000129737 0.339847
    outer loop
      vertex -0.435433 -18.5459 4
      vertex -1.24847 -18.4583 6.25
      vertex -1.2493 -24.4751 6.25
    endloop
  endfacet
  facet normal 0 0 1
    outer loop
      vertex -1.51655 -18.4382 6.25
      vertex -1.2493 -24.4751 6.25
      vertex -1.24847 -18.4583 6.25
    endloop
  endfacet
  facet normal -0 0 1
    outer loop
      vertex -2.41248 -24.3879 6.25
      vertex -1.2493 -24.4751 6.25
      vertex -1.51655 -18.4382 6.25
    endloop
  endfacet
  facet normal 0 0 1
    outer loop
      vertex -1.2493 -24.4751 6.25
      vertex -2.41248 -24.3879 6.25
      vertex -1.25004 -24.4851 6.25
    endloop
  endfacet
  facet normal 0 0 1
    outer loop
      vertex -1.25004 -24.4851 6.25
      vertex -2.41248 -24.3879 6.25
      vertex -2.41323 -24.3979 6.25
    endloop
  endfacet
  facet normal 0.937547 0.070316 0.340678
    outer loop
      vertex 3.2255 -24.327 4
      vertex 2.41248 -24.3879 6.25
      vertex 2.41323 -24.3979 6.25
    endloop
  endfacet
  facet normal 0.937547 0.070316 0.340678
    outer loop
      vertex 3.2255 -24.327 4
      vertex 2.41323 -24.3979 6.25
      vertex 3.22625 -24.337 4
    endloop
  endfacet
  facet normal 0.929999 0.14004 0.339838
    outer loop
      vertex 3.2255 -24.327 4
      vertex 2.33355 -18.4036 4
      vertex 2.41248 -24.3879 6.25
    endloop
  endfacet
  facet normal -0.074752 0.997202 -2.04603e-05
    outer loop
      vertex 2.32958 -18.3773 4
      vertex 0.436615 -18.5192 4
      vertex 1.51655 -18.4382 6.25
    endloop
  endfacet
  facet normal -0.937615 -0.0693835 0.340681
    outer loop
      vertex 0.436273 -24.536 4
      vertex 1.25004 -24.4851 6.25
      vertex 1.2493 -24.4751 6.25
    endloop
  endfacet
  facet normal -0.937561 -0.0701295 0.340678
    outer loop
      vertex 1.25004 -24.4851 6.25
      vertex 0.436273 -24.536 4
      vertex 0.437021 -24.546 4
    endloop
  endfacet
  facet normal 0.0747522 -0.997202 -2.01622e-05
    outer loop
      vertex 1.25004 -24.4851 6.25
      vertex 0.437021 -24.546 4
      vertex 3.2211 -24.3373 4
    endloop
  endfacet
  facet normal -0.940482 -0.000131885 0.339842
    outer loop
      vertex 1.2493 -24.4751 6.25
      vertex 0.435433 -18.5459 4
      vertex 0.436273 -24.536 4
    endloop
  endfacet
  facet normal 0.0747565 -0.997202 -1.6403e-05
    outer loop
      vertex 3.2211 -24.3373 4
      vertex 2.41323 -24.3979 6.25
      vertex 1.25004 -24.4851 6.25
    endloop
  endfacet
  facet normal 0.0581528 -0.99829 -0.00600731
    outer loop
      vertex 2.41323 -24.3979 6.25
      vertex 3.2211 -24.3373 4
      vertex 3.22625 -24.337 4
    endloop
  endfacet
  facet normal 0 0 1
    outer loop
      vertex 1.2493 -24.4751 6.25
      vertex 2.41248 -24.3879 6.25
      vertex 1.51655 -18.4382 6.25
    endloop
  endfacet
  facet normal 0 0 1
    outer loop
      vertex 2.41248 -24.3879 6.25
      vertex 1.2493 -24.4751 6.25
      vertex 2.41323 -24.3979 6.25
    endloop
  endfacet
  facet normal 0 0 1
    outer loop
      vertex 2.41323 -24.3979 6.25
      vertex 1.2493 -24.4751 6.25
      vertex 1.25004 -24.4851 6.25
    endloop
  endfacet
  facet normal 0 -0 1
    outer loop
      vertex 1.2493 -24.4751 6.25
      vertex 1.51655 -18.4382 6.25
      vertex 1.24847 -18.4583 6.25
    endloop
  endfacet
  facet normal 0.92995 0.140377 0.339834
    outer loop
      vertex 1.51655 -18.4382 6.25
      vertex 2.33355 -18.4036 4
      vertex 2.32958 -18.3773 4
    endloop
  endfacet
  facet normal 0.929996 0.140043 0.339846
    outer loop
      vertex 2.33355 -18.4036 4
      vertex 1.51655 -18.4382 6.25
      vertex 2.41248 -24.3879 6.25
    endloop
  endfacet
  facet normal -0.0747678 0.997201 -1.28729e-05
    outer loop
      vertex 0.436615 -18.5192 4
      vertex 1.24847 -18.4583 6.25
      vertex 1.51655 -18.4382 6.25
    endloop
  endfacet
  facet normal 0 0.999634 -0.0270568
    outer loop
      vertex 1.24847 -18.4583 6.25
      vertex 0.436615 -18.5192 4
      vertex 0.43543 -18.5192 4
    endloop
  endfacet
  facet normal -0.940481 -0.000105672 0.339847
    outer loop
      vertex 0.435433 -18.5459 4
      vertex 1.24847 -18.4583 6.25
      vertex 0.43543 -18.5192 4
    endloop
  endfacet
  facet normal -0.940481 -0.000129737 0.339847
    outer loop
      vertex 1.24847 -18.4583 6.25
      vertex 0.435433 -18.5459 4
      vertex 1.2493 -24.4751 6.25
    endloop
  endfacet
  facet normal -0.222518 0.974929 9.30343e-06
    outer loop
      vertex 5.0414 -17.8251 4
      vertex 3.19072 -18.2475 4
      vertex 3.98559 -18.0661 6.25
    endloop
  endfacet
  facet normal 0.916484 0.209752 0.340678
    outer loop
      vertex 6.81523 -23.5746 4
      vertex 6.02259 -23.7657 6.25
      vertex 6.81745 -23.5843 4
    endloop
  endfacet
  facet normal 0.898735 0.277088 0.339849
    outer loop
      vertex 6.81522 -23.5745 4
      vertex 5.0504 -17.8503 4
      vertex 6.02036 -23.756 6.25
    endloop
  endfacet
  facet normal -0.929946 -0.140376 0.339845
    outer loop
      vertex 3.19469 -18.2738 4
      vertex 3.98559 -18.0661 6.25
      vertex 3.19072 -18.2475 4
    endloop
  endfacet
  facet normal -0.929959 -0.1403 0.339842
    outer loop
      vertex 3.98559 -18.0661 6.25
      vertex 3.19469 -18.2738 4
      vertex 4.88316 -24.0155 6.25
    endloop
  endfacet
  facet normal 0 0 1
    outer loop
      vertex 6.02036 -23.756 6.25
      vertex 4.88539 -24.0253 6.25
      vertex 6.02259 -23.7657 6.25
    endloop
  endfacet
  facet normal 0 0 1
    outer loop
      vertex 6.02036 -23.756 6.25
      vertex 4.88316 -24.0155 6.25
      vertex 4.88539 -24.0253 6.25
    endloop
  endfacet
  facet normal 0 0 1
    outer loop
      vertex 4.24768 -18.0063 6.25
      vertex 4.88316 -24.0155 6.25
      vertex 6.02036 -23.756 6.25
    endloop
  endfacet
  facet normal 0 0 1
    outer loop
      vertex 4.88316 -24.0155 6.25
      vertex 4.24768 -18.0063 6.25
      vertex 3.98559 -18.0661 6.25
    endloop
  endfacet
  facet normal 0.936354 0.0936354 0.33834
    outer loop
      vertex 6.02036 -23.756 6.25
      vertex 6.81523 -23.5746 4
      vertex 6.81522 -23.5745 4
    endloop
  endfacet
  facet normal 0.916277 0.210649 0.340681
    outer loop
      vertex 6.81523 -23.5746 4
      vertex 6.02036 -23.756 6.25
      vertex 6.02259 -23.7657 6.25
    endloop
  endfacet
  facet normal -0.92996 -0.140302 0.339839
    outer loop
      vertex 4.88316 -24.0155 6.25
      vertex 3.19469 -18.2738 4
      vertex 4.0883 -24.1969 4
    endloop
  endfacet
  facet normal 0.222555 -0.97492 1.03181e-06
    outer loop
      vertex 6.81242 -23.5854 4
      vertex 6.02259 -23.7657 6.25
      vertex 4.88539 -24.0253 6.25
    endloop
  endfacet
  facet normal 0.213638 -0.976907 -0.00328838
    outer loop
      vertex 6.02259 -23.7657 6.25
      vertex 6.81242 -23.5854 4
      vertex 6.81745 -23.5843 4
    endloop
  endfacet
  facet normal -0.916745 -0.208606 0.340678
    outer loop
      vertex 4.0883 -24.1969 4
      vertex 4.88539 -24.0253 6.25
      vertex 4.88316 -24.0155 6.25
    endloop
  endfacet
  facet normal -0.916745 -0.208606 0.340678
    outer loop
      vertex 4.88539 -24.0253 6.25
      vertex 4.0883 -24.1969 4
      vertex 4.09053 -24.2067 4
    endloop
  endfacet
  facet normal -0.250369 0.968095 -0.0103575
    outer loop
      vertex 5.0414 -17.8251 4
      vertex 4.24768 -18.0063 6.25
      vertex 5.04256 -17.8248 4
    endloop
  endfacet
  facet normal -0.222449 0.974944 4.34019e-05
    outer loop
      vertex 4.24768 -18.0063 6.25
      vertex 5.0414 -17.8251 4
      vertex 3.98559 -18.0661 6.25
    endloop
  endfacet
  facet normal 0.222537 -0.974924 -1.52301e-05
    outer loop
      vertex 4.88539 -24.0253 6.25
      vertex 4.09053 -24.2067 4
      vertex 6.81242 -23.5854 4
    endloop
  endfacet
  facet normal 0.898944 0.276381 0.339874
    outer loop
      vertex 4.24768 -18.0063 6.25
      vertex 5.0504 -17.8503 4
      vertex 5.04256 -17.8248 4
    endloop
  endfacet
  facet normal 0.898736 0.277088 0.339848
    outer loop
      vertex 5.0504 -17.8503 4
      vertex 4.24768 -18.0063 6.25
      vertex 6.02036 -23.756 6.25
    endloop
  endfacet
  facet normal -0.87583 -0.341856 0.34067
    outer loop
      vertex 8.40795 -23.0195 6.25
      vertex 7.64901 -23.3173 4
      vertex 7.65264 -23.3266 4
    endloop
  endfacet
  facet normal 0.671421 0.671421 0.31367
    outer loop
      vertex 9.49376 -22.5933 6.25
      vertex 10.2564 -22.3048 4
      vertex 10.2563 -22.3047 4
    endloop
  endfacet
  facet normal 0.875185 0.343487 0.340688
    outer loop
      vertex 10.2564 -22.3048 4
      vertex 9.49376 -22.5933 6.25
      vertex 9.49741 -22.6026 6.25
    endloop
  endfacet
  facet normal 0.875538 0.342602 0.34067
    outer loop
      vertex 10.2527 -22.2955 4
      vertex 9.49376 -22.5933 6.25
      vertex 10.2563 -22.3047 4
    endloop
  endfacet
  facet normal 0.847407 0.407943 0.33983
    outer loop
      vertex 10.2527 -22.2955 4
      vertex 7.65443 -16.8982 4
      vertex 9.49376 -22.5933 6.25
    endloop
  endfacet
  facet normal -0.898963 -0.276387 0.339816
    outer loop
      vertex 5.88257 -17.5936 4
      vertex 6.63369 -17.2703 6.25
      vertex 5.87473 -17.5681 4
    endloop
  endfacet
  facet normal -0.898659 -0.277335 0.33985
    outer loop
      vertex 6.63369 -17.2703 6.25
      vertex 5.88257 -17.5936 4
      vertex 8.40795 -23.0195 6.25
    endloop
  endfacet
  facet normal -0.365334 0.930877 2.60519e-05
    outer loop
      vertex 7.64178 -16.8746 4
      vertex 5.87473 -17.5681 4
      vertex 6.63369 -17.2703 6.25
    endloop
  endfacet
  facet normal -0.875189 -0.343488 0.340677
    outer loop
      vertex 7.65264 -23.3266 4
      vertex 8.4116 -23.0288 6.25
      vertex 8.40795 -23.0195 6.25
    endloop
  endfacet
  facet normal -0.923577 -0.184715 0.335985
    outer loop
      vertex 8.4116 -23.0288 6.25
      vertex 7.65264 -23.3266 4
      vertex 7.65266 -23.3267 4
    endloop
  endfacet
  facet normal 0.365338 -0.930875 1.67826e-05
    outer loop
      vertex 8.4116 -23.0288 6.25
      vertex 7.65266 -23.3267 4
      vertex 10.2516 -22.3067 4
    endloop
  endfacet
  facet normal -0.898662 -0.277344 0.339833
    outer loop
      vertex 8.40795 -23.0195 6.25
      vertex 5.88257 -17.5936 4
      vertex 7.64901 -23.3173 4
    endloop
  endfacet
  facet normal 0.365379 -0.930859 5.50951e-05
    outer loop
      vertex 10.2516 -22.3067 4
      vertex 9.49741 -22.6026 6.25
      vertex 8.4116 -23.0288 6.25
    endloop
  endfacet
  facet normal 0.368048 -0.929806 0.0010883
    outer loop
      vertex 9.49741 -22.6026 6.25
      vertex 10.2516 -22.3067 4
      vertex 10.2564 -22.3048 4
    endloop
  endfacet
  facet normal 0 0 1
    outer loop
      vertex 9.49376 -22.5933 6.25
      vertex 8.4116 -23.0288 6.25
      vertex 9.49741 -22.6026 6.25
    endloop
  endfacet
  facet normal 0 0 1
    outer loop
      vertex 9.49376 -22.5933 6.25
      vertex 8.40795 -23.0195 6.25
      vertex 8.4116 -23.0288 6.25
    endloop
  endfacet
  facet normal 0 0 1
    outer loop
      vertex 6.88393 -17.1721 6.25
      vertex 8.40795 -23.0195 6.25
      vertex 9.49376 -22.5933 6.25
    endloop
  endfacet
  facet normal 0 0 1
    outer loop
      vertex 8.40795 -23.0195 6.25
      vertex 6.88393 -17.1721 6.25
      vertex 6.63369 -17.2703 6.25
    endloop
  endfacet
  facet normal -0.339002 0.94073 0.0102021
    outer loop
      vertex 7.64178 -16.8746 4
      vertex 6.88393 -17.1721 6.25
      vertex 7.64289 -16.8742 4
    endloop
  endfacet
  facet normal -0.365302 0.930889 4.22094e-05
    outer loop
      vertex 6.88393 -17.1721 6.25
      vertex 7.64178 -16.8746 4
      vertex 6.63369 -17.2703 6.25
    endloop
  endfacet
  facet normal 0.847584 0.407547 0.339863
    outer loop
      vertex 6.88393 -17.1721 6.25
      vertex 7.65443 -16.8982 4
      vertex 7.64289 -16.8742 4
    endloop
  endfacet
  facet normal 0.847398 0.407947 0.339847
    outer loop
      vertex 7.65443 -16.8982 4
      vertex 6.88393 -17.1721 6.25
      vertex 9.49376 -22.5933 6.25
    endloop
  endfacet
  facet normal 0.815149 0.468476 0.340679
    outer loop
      vertex 13.4612 -20.5184 4
      vertex 12.7551 -20.926 6.25
      vertex 12.7601 -20.9347 6.25
    endloop
  endfacet
  facet normal 0.812787 0.47255 0.340697
    outer loop
      vertex 13.4612 -20.5184 4
      vertex 12.7601 -20.9347 6.25
      vertex 13.4662 -20.527 4
    endloop
  endfacet
  facet normal 0.777138 0.529684 0.339839
    outer loop
      vertex 13.4612 -20.5184 4
      vertex 10.0875 -15.5686 4
      vertex 12.7551 -20.926 6.25
    endloop
  endfacet
  facet normal -0.847458 -0.407839 0.339826
    outer loop
      vertex 8.43906 -16.5203 4
      vertex 9.13359 -16.0887 6.25
      vertex 8.42751 -16.4963 4
    endloop
  endfacet
  facet normal -0.847289 -0.408179 0.339839
    outer loop
      vertex 9.13359 -16.0887 6.25
      vertex 8.43906 -16.5203 4
      vertex 11.7449 -21.5092 6.25
    endloop
  endfacet
  facet normal -0.499977 0.866039 1.17542e-05
    outer loop
      vertex 10.0715 -15.5472 4
      vertex 8.42751 -16.4963 4
      vertex 9.13359 -16.0887 6.25
    endloop
  endfacet
  facet normal -0.815143 -0.468473 0.340697
    outer loop
      vertex 11.0388 -21.9169 4
      vertex 11.7499 -21.5179 6.25
      vertex 11.7449 -21.5092 6.25
    endloop
  endfacet
  facet normal -0.812792 -0.472554 0.340678
    outer loop
      vertex 11.7499 -21.5179 6.25
      vertex 11.0388 -21.9169 4
      vertex 11.0438 -21.9255 4
    endloop
  endfacet
  facet normal 0.49998 -0.866037 -1.73437e-05
    outer loop
      vertex 11.7499 -21.5179 6.25
      vertex 11.0438 -21.9255 4
      vertex 13.4617 -20.5296 4
    endloop
  endfacet
  facet normal -0.847287 -0.408169 0.339858
    outer loop
      vertex 11.7449 -21.5092 6.25
      vertex 8.43906 -16.5203 4
      vertex 11.0388 -21.9169 4
    endloop
  endfacet
  facet normal 0.499975 -0.86604 -2.24421e-05
    outer loop
      vertex 13.4617 -20.5296 4
      vertex 12.7601 -20.9347 6.25
      vertex 11.7499 -21.5179 6.25
    endloop
  endfacet
  facet normal 0.500278 -0.865865 0.000103476
    outer loop
      vertex 12.7601 -20.9347 6.25
      vertex 13.4617 -20.5296 4
      vertex 13.4662 -20.527 4
    endloop
  endfacet
  facet normal 0 0 1
    outer loop
      vertex 12.7551 -20.926 6.25
      vertex 11.7499 -21.5179 6.25
      vertex 12.7601 -20.9347 6.25
    endloop
  endfacet
  facet normal 0 0 1
    outer loop
      vertex 12.7551 -20.926 6.25
      vertex 11.7449 -21.5092 6.25
      vertex 11.7499 -21.5179 6.25
    endloop
  endfacet
  facet normal 0 0 1
    outer loop
      vertex 9.36641 -15.9543 6.25
      vertex 11.7449 -21.5092 6.25
      vertex 12.7551 -20.926 6.25
    endloop
  endfacet
  facet normal 0 0 1
    outer loop
      vertex 11.7449 -21.5092 6.25
      vertex 9.36641 -15.9543 6.25
      vertex 9.13359 -16.0887 6.25
    endloop
  endfacet
  facet normal -0.514486 0.857477 -0.00608008
    outer loop
      vertex 10.0715 -15.5472 4
      vertex 9.36641 -15.9543 6.25
      vertex 10.0725 -15.5466 4
    endloop
  endfacet
  facet normal -0.499948 0.866056 2.79832e-05
    outer loop
      vertex 9.36641 -15.9543 6.25
      vertex 10.0715 -15.5472 4
      vertex 9.13359 -16.0887 6.25
    endloop
  endfacet
  facet normal 0.777049 0.529806 0.339853
    outer loop
      vertex 9.36641 -15.9543 6.25
      vertex 10.0875 -15.5686 4
      vertex 10.0725 -15.5466 4
    endloop
  endfacet
  facet normal 0.777128 0.529687 0.339858
    outer loop
      vertex 10.0875 -15.5686 4
      vertex 9.36641 -15.9543 6.25
      vertex 12.7551 -20.926 6.25
    endloop
  endfacet
  facet normal -0.735984 -0.585013 0.340716
    outer loop
      vertex 14.8258 -19.5263 6.25
      vertex 14.1821 -20.0269 4
      vertex 14.1883 -20.0347 4
    endloop
  endfacet
  facet normal 0.739606 0.58045 0.340678
    outer loop
      vertex 16.3751 -18.2907 4
      vertex 15.7315 -18.7912 6.25
      vertex 15.7377 -18.7991 6.25
    endloop
  endfacet
  facet normal 0.735999 0.585025 0.340664
    outer loop
      vertex 16.3689 -18.2829 4
      vertex 15.7315 -18.7912 6.25
      vertex 16.3751 -18.2907 4
    endloop
  endfacet
  facet normal 0.689521 0.639593 0.339825
    outer loop
      vertex 16.3689 -18.2829 4
      vertex 12.2952 -13.8912 4
      vertex 15.7315 -18.7912 6.25
    endloop
  endfacet
  facet normal -0.623512 0.781814 2.10249e-05
    outer loop
      vertex 12.2771 -13.8717 4
      vertex 10.793 -15.0553 4
      vertex 11.6397 -14.3801 6.25
    endloop
  endfacet
  facet normal -0.73141 -0.590754 0.340658
    outer loop
      vertex 14.1821 -20.0268 4
      vertex 14.8258 -19.5263 6.25
      vertex 14.8195 -19.5185 6.25
    endloop
  endfacet
  facet normal -0.961429 0 0.275054
    outer loop
      vertex 14.8258 -19.5263 6.25
      vertex 14.1821 -20.0268 4
      vertex 14.1821 -20.0269 4
    endloop
  endfacet
  facet normal -0.77699 -0.52991 0.339825
    outer loop
      vertex 14.8195 -19.5185 6.25
      vertex 10.807 -15.078 4
      vertex 14.1821 -20.0268 4
    endloop
  endfacet
  facet normal 0 0 1
    outer loop
      vertex 15.7315 -18.7912 6.25
      vertex 14.8258 -19.5263 6.25
      vertex 15.7377 -18.7991 6.25
    endloop
  endfacet
  facet normal 0 0 1
    outer loop
      vertex 15.7315 -18.7912 6.25
      vertex 14.8195 -19.5185 6.25
      vertex 14.8258 -19.5263 6.25
    endloop
  endfacet
  facet normal 0 0 1
    outer loop
      vertex 11.6397 -14.3801 6.25
      vertex 14.8195 -19.5185 6.25
      vertex 15.7315 -18.7912 6.25
    endloop
  endfacet
  facet normal 0 0 1
    outer loop
      vertex 14.8195 -19.5185 6.25
      vertex 11.6397 -14.3801 6.25
      vertex 11.4295 -14.5477 6.25
    endloop
  endfacet
  facet normal 0.689305 0.639817 0.339843
    outer loop
      vertex 11.6397 -14.3801 6.25
      vertex 12.2952 -13.8912 4
      vertex 12.2771 -13.8717 4
    endloop
  endfacet
  facet normal 0.689506 0.639595 0.339853
    outer loop
      vertex 12.2952 -13.8912 4
      vertex 11.6397 -14.3801 6.25
      vertex 15.7315 -18.7912 6.25
    endloop
  endfacet
  facet normal 0.627009 -0.779011 -0.00163064
    outer loop
      vertex 14.1924 -20.0314 4
      vertex 14.8258 -19.5263 6.25
      vertex 14.1883 -20.0347 4
    endloop
  endfacet
  facet normal 0.623481 -0.781838 -2.96841e-06
    outer loop
      vertex 14.8258 -19.5263 6.25
      vertex 14.1924 -20.0314 4
      vertex 15.7377 -18.7991 6.25
    endloop
  endfacet
  facet normal 0.623502 -0.781822 -2.58693e-05
    outer loop
      vertex 15.7377 -18.7991 6.25
      vertex 14.1924 -20.0314 4
      vertex 16.3751 -18.2907 4
    endloop
  endfacet
  facet normal -0.623424 0.781884 -3.32625e-05
    outer loop
      vertex 10.793 -15.0553 4
      vertex 11.4295 -14.5477 6.25
      vertex 11.6397 -14.3801 6.25
    endloop
  endfacet
  facet normal -0.573316 0.819023 -0.0225868
    outer loop
      vertex 11.4295 -14.5477 6.25
      vertex 10.793 -15.0553 4
      vertex 10.792 -15.056 4
    endloop
  endfacet
  facet normal -0.777049 -0.529806 0.339853
    outer loop
      vertex 10.807 -15.078 4
      vertex 11.4295 -14.5477 6.25
      vertex 10.792 -15.056 4
    endloop
  endfacet
  facet normal -0.776988 -0.529893 0.339857
    outer loop
      vertex 11.4295 -14.5477 6.25
      vertex 10.807 -15.078 4
      vertex 14.8195 -19.5185 6.25
    endloop
  endfacet
  facet normal 0.971677 0 0.236312
    outer loop
      vertex 18.911 -15.639 4
      vertex 18.3638 -16.2435 6.25
      vertex 18.911 -15.6391 4
    endloop
  endfacet
  facet normal 0.64083 0.68795 0.340679
    outer loop
      vertex 18.3638 -16.2435 6.25
      vertex 18.911 -15.639 4
      vertex 18.3565 -16.2367 6.25
    endloop
  endfacet
  facet normal 0.635733 0.692664 0.340675
    outer loop
      vertex 18.911 -15.6391 4
      vertex 18.3638 -16.2435 6.25
      vertex 18.9183 -15.6458 4
    endloop
  endfacet
  facet normal 0.586476 0.735223 0.339842
    outer loop
      vertex 18.911 -15.639 4
      vertex 14.2282 -11.9036 4
      vertex 18.3565 -16.2367 6.25
    endloop
  endfacet
  facet normal -0.689306 -0.639817 0.33984
    outer loop
      vertex 12.9336 -13.2989 4
      vertex 13.47 -12.6817 6.25
      vertex 12.9155 -13.2794 4
    endloop
  endfacet
  facet normal -0.689336 -0.639786 0.339838
    outer loop
      vertex 13.47 -12.6817 6.25
      vertex 12.9336 -13.2989 4
      vertex 17.5631 -17.0918 6.25
    endloop
  endfacet
  facet normal -0.733058 0.680166 2.42848e-05
    outer loop
      vertex 14.2074 -11.887 4
      vertex 12.9163 -13.2785 4
      vertex 13.6529 -12.4847 6.25
    endloop
  endfacet
  facet normal -0.636151 -0.692281 0.340674
    outer loop
      vertex 17.0159 -17.6962 4
      vertex 17.5631 -17.0918 6.25
      vertex 17.0085 -17.6894 4
    endloop
  endfacet
  facet normal -0.640837 -0.687957 0.340652
    outer loop
      vertex 17.5631 -17.0918 6.25
      vertex 17.0159 -17.6962 4
      vertex 17.5704 -17.0986 6.25
    endloop
  endfacet
  facet normal 0.733064 -0.68016 -9.0836e-06
    outer loop
      vertex 17.5704 -17.0986 6.25
      vertex 17.0159 -17.6962 4
      vertex 18.9148 -15.6496 4
    endloop
  endfacet
  facet normal -0.689336 -0.639785 0.33984
    outer loop
      vertex 17.5631 -17.0918 6.25
      vertex 12.9336 -13.2989 4
      vertex 17.0085 -17.6894 4
    endloop
  endfacet
  facet normal 0.735544 -0.677475 0.00130333
    outer loop
      vertex 18.3638 -16.2435 6.25
      vertex 18.9148 -15.6496 4
      vertex 18.9183 -15.6458 4
    endloop
  endfacet
  facet normal 0.733059 -0.680165 -1.53015e-05
    outer loop
      vertex 18.9148 -15.6496 4
      vertex 18.3638 -16.2435 6.25
      vertex 17.5704 -17.0986 6.25
    endloop
  endfacet
  facet normal 0 0 1
    outer loop
      vertex 18.3565 -16.2367 6.25
      vertex 17.5704 -17.0986 6.25
      vertex 18.3638 -16.2435 6.25
    endloop
  endfacet
  facet normal 0 0 1
    outer loop
      vertex 18.3565 -16.2367 6.25
      vertex 17.5631 -17.0918 6.25
      vertex 17.5704 -17.0986 6.25
    endloop
  endfacet
  facet normal 0 0 1
    outer loop
      vertex 13.6529 -12.4847 6.25
      vertex 17.5631 -17.0918 6.25
      vertex 18.3565 -16.2367 6.25
    endloop
  endfacet
  facet normal 0 0 1
    outer loop
      vertex 17.5631 -17.0918 6.25
      vertex 13.6529 -12.4847 6.25
      vertex 13.47 -12.6817 6.25
    endloop
  endfacet
  facet normal -0.732846 0.680394 -0.000125357
    outer loop
      vertex 12.9163 -13.2785 4
      vertex 13.47 -12.6817 6.25
      vertex 13.6529 -12.4847 6.25
    endloop
  endfacet
  facet normal -0.747387 0.664344 0.00771008
    outer loop
      vertex 13.47 -12.6817 6.25
      vertex 12.9163 -13.2785 4
      vertex 12.9155 -13.2794 4
    endloop
  endfacet
  facet normal 0.586478 0.735223 0.339839
    outer loop
      vertex 14.2282 -11.9036 4
      vertex 13.6529 -12.4847 6.25
      vertex 18.3565 -16.2367 6.25
    endloop
  endfacet
  facet normal 0.586651 0.735081 0.339847
    outer loop
      vertex 13.6529 -12.4847 6.25
      vertex 14.2282 -11.9036 4
      vertex 14.2074 -11.887 4
    endloop
  endfacet
  facet normal -0.530226 -0.776403 0.340675
    outer loop
      vertex 19.9226 -14.2889 6.25
      vertex 19.4551 -14.9569 4
      vertex 19.4633 -14.9625 4
    endloop
  endfacet
  facet normal 0.979803 0 0.199967
    outer loop
      vertex 21.0389 -12.6514 4
      vertex 20.5797 -13.3251 6.25
      vertex 21.0389 -12.6515 4
    endloop
  endfacet
  facet normal 0.525843 0.779375 0.340681
    outer loop
      vertex 20.5797 -13.3251 6.25
      vertex 21.0389 -12.6514 4
      vertex 20.5714 -13.3195 6.25
    endloop
  endfacet
  facet normal 0.53022 0.776394 0.340705
    outer loop
      vertex 21.0307 -12.6458 4
      vertex 20.5714 -13.3195 6.25
      vertex 21.0389 -12.6514 4
    endloop
  endfacet
  facet normal 0.470349 0.81441 0.339866
    outer loop
      vertex 21.0307 -12.6458 4
      vertex 15.8435 -9.65002 4
      vertex 20.5714 -13.3195 6.25
    endloop
  endfacet
  facet normal -0.826241 0.563316 3.55654e-06
    outer loop
      vertex 15.8204 -9.63671 4
      vertex 14.7511 -11.2051 4
      vertex 15.3611 -10.3104 6.25
    endloop
  endfacet
  facet normal 0 -0.957978 0.28684
    outer loop
      vertex 19.4551 -14.9569 4
      vertex 19.9143 -14.2832 6.25
      vertex 19.455 -14.9569 4
    endloop
  endfacet
  facet normal -0.532242 -0.775019 0.340682
    outer loop
      vertex 19.9143 -14.2832 6.25
      vertex 19.4551 -14.9569 4
      vertex 19.9226 -14.2889 6.25
    endloop
  endfacet
  facet normal 0.826247 -0.563308 -2.26878e-05
    outer loop
      vertex 19.9226 -14.2889 6.25
      vertex 19.4633 -14.9625 4
      vertex 21.036 -12.6557 4
    endloop
  endfacet
  facet normal -0.58628 -0.735369 0.339865
    outer loop
      vertex 19.9143 -14.2832 6.25
      vertex 14.7712 -11.2227 4
      vertex 19.455 -14.9569 4
    endloop
  endfacet
  facet normal 0.822895 -0.568189 -0.00215956
    outer loop
      vertex 20.5797 -13.3251 6.25
      vertex 21.036 -12.6557 4
      vertex 21.0389 -12.6515 4
    endloop
  endfacet
  facet normal 0.826242 -0.563316 -3.07857e-05
    outer loop
      vertex 21.036 -12.6557 4
      vertex 20.5797 -13.3251 6.25
      vertex 19.9226 -14.2889 6.25
    endloop
  endfacet
  facet normal 0 0 1
    outer loop
      vertex 20.5714 -13.3195 6.25
      vertex 19.9226 -14.2889 6.25
      vertex 20.5797 -13.3251 6.25
    endloop
  endfacet
  facet normal 0 0 1
    outer loop
      vertex 20.5714 -13.3195 6.25
      vertex 19.9143 -14.2832 6.25
      vertex 19.9226 -14.2889 6.25
    endloop
  endfacet
  facet normal 0 0 1
    outer loop
      vertex 15.3611 -10.3104 6.25
      vertex 19.9143 -14.2832 6.25
      vertex 20.5714 -13.3195 6.25
    endloop
  endfacet
  facet normal 0 0 1
    outer loop
      vertex 19.9143 -14.2832 6.25
      vertex 15.3611 -10.3104 6.25
      vertex 15.2097 -10.5325 6.25
    endloop
  endfacet
  facet normal 0.470345 0.814409 0.339873
    outer loop
      vertex 15.8435 -9.65002 4
      vertex 15.3611 -10.3104 6.25
      vertex 20.5714 -13.3195 6.25
    endloop
  endfacet
  facet normal 0.469533 0.814891 0.33984
    outer loop
      vertex 15.3611 -10.3104 6.25
      vertex 15.8435 -9.65002 4
      vertex 15.8204 -9.63671 4
    endloop
  endfacet
  facet normal -0.826282 0.563256 3.87244e-05
    outer loop
      vertex 14.7511 -11.2051 4
      vertex 15.2097 -10.5325 6.25
      vertex 15.3611 -10.3104 6.25
    endloop
  endfacet
  facet normal -0.819224 0.573457 -0.0044493
    outer loop
      vertex 15.2097 -10.5325 6.25
      vertex 14.7511 -11.2051 4
      vertex 14.7504 -11.2061 4
    endloop
  endfacet
  facet normal -0.586656 -0.735087 0.339825
    outer loop
      vertex 14.7712 -11.2227 4
      vertex 15.2097 -10.5325 6.25
      vertex 14.7504 -11.2061 4
    endloop
  endfacet
  facet normal -0.586277 -0.735382 0.339841
    outer loop
      vertex 15.2097 -10.5325 6.25
      vertex 14.7712 -11.2227 4
      vertex 19.9143 -14.2832 6.25
    endloop
  endfacet
  facet normal -0.405309 -0.848321 0.3407
    outer loop
      vertex 21.8207 -11.1556 6.25
      vertex 21.4669 -11.8902 4
      vertex 21.4759 -11.8945 4
    endloop
  endfacet
  facet normal -0.900955 0.433913 6.33453e-06
    outer loop
      vertex 17.0795 -7.17224 4
      vertex 16.2558 -8.88253 4
      vertex 16.6096 -8.14795 6.25
    endloop
  endfacet
  facet normal 0.900981 -0.433859 -9.18602e-06
    outer loop
      vertex 21.8297 -11.16 6.25
      vertex 21.4782 -11.8899 4
      vertex 22.3358 -10.109 6.25
    endloop
  endfacet
  facet normal 0.902134 -0.431455 -0.000969249
    outer loop
      vertex 21.4782 -11.8899 4
      vertex 21.8297 -11.16 6.25
      vertex 21.476 -11.8945 4
    endloop
  endfacet
  facet normal 0.343723 0.875421 0.339841
    outer loop
      vertex 22.6805 -9.37012 4
      vertex 17.1048 -7.18089 4
      vertex 22.3268 -10.1047 6.25
    endloop
  endfacet
  facet normal -0.46926 -0.815031 0.33988
    outer loop
      vertex 16.2789 -8.89583 4
      vertex 16.6096 -8.14795 6.25
      vertex 16.2558 -8.88253 4
    endloop
  endfacet
  facet normal -0.470126 -0.814547 0.339846
    outer loop
      vertex 16.6096 -8.14795 6.25
      vertex 16.2789 -8.89583 4
      vertex 21.8207 -11.1556 6.25
    endloop
  endfacet
  facet normal 0.408376 0.846863 0.340665
    outer loop
      vertex 22.6805 -9.37012 4
      vertex 22.3358 -10.109 6.25
      vertex 22.6895 -9.37446 4
    endloop
  endfacet
  facet normal 0.405312 0.848328 0.340677
    outer loop
      vertex 22.3358 -10.109 6.25
      vertex 22.6805 -9.37012 4
      vertex 22.3268 -10.1047 6.25
    endloop
  endfacet
  facet normal -0.470129 -0.814538 0.339863
    outer loop
      vertex 21.8207 -11.1556 6.25
      vertex 16.2789 -8.89583 4
      vertex 21.4669 -11.8902 4
    endloop
  endfacet
  facet normal 0 -0.95008 0.312006
    outer loop
      vertex 21.476 -11.8945 4
      vertex 21.8207 -11.1556 6.25
      vertex 21.4759 -11.8945 4
    endloop
  endfacet
  facet normal -0.412942 -0.844653 0.340647
    outer loop
      vertex 21.8207 -11.1556 6.25
      vertex 21.476 -11.8945 4
      vertex 21.8297 -11.16 6.25
    endloop
  endfacet
  facet normal 0.900979 -0.433863 -5.91776e-06
    outer loop
      vertex 22.3358 -10.109 6.25
      vertex 21.4782 -11.8899 4
      vertex 22.6895 -9.37446 4
    endloop
  endfacet
  facet normal -0.905959 0.423345 -0.00424324
    outer loop
      vertex 17.0795 -7.17224 4
      vertex 16.7262 -7.90575 6.25
      vertex 17.08 -7.17117 4
    endloop
  endfacet
  facet normal -0.901023 0.433771 -6.94331e-05
    outer loop
      vertex 16.7262 -7.90575 6.25
      vertex 17.0795 -7.17224 4
      vertex 16.6096 -8.14795 6.25
    endloop
  endfacet
  facet normal 0 0 1
    outer loop
      vertex 22.3268 -10.1047 6.25
      vertex 21.8297 -11.16 6.25
      vertex 22.3358 -10.109 6.25
    endloop
  endfacet
  facet normal 0 0 1
    outer loop
      vertex 22.3268 -10.1047 6.25
      vertex 21.8207 -11.1556 6.25
      vertex 21.8297 -11.16 6.25
    endloop
  endfacet
  facet normal 0 0 1
    outer loop
      vertex 16.7262 -7.90575 6.25
      vertex 21.8207 -11.1556 6.25
      vertex 22.3268 -10.1047 6.25
    endloop
  endfacet
  facet normal 0 0 1
    outer loop
      vertex 21.8207 -11.1556 6.25
      vertex 16.7262 -7.90575 6.25
      vertex 16.6096 -8.14795 6.25
    endloop
  endfacet
  facet normal 0.343713 0.875418 0.33986
    outer loop
      vertex 17.1048 -7.18089 4
      vertex 16.7262 -7.90575 6.25
      vertex 22.3268 -10.1047 6.25
    endloop
  endfacet
  facet normal 0.343191 0.87563 0.339841
    outer loop
      vertex 16.7262 -7.90575 6.25
      vertex 17.1048 -7.18089 4
      vertex 17.08 -7.17117 4
    endloop
  endfacet
  facet normal -0.277092 -0.89842 0.340678
    outer loop
      vertex 23.2492 -7.78176 6.25
      vertex 22.9994 -8.55791 4
      vertex 23.0089 -8.56084 4
    endloop
  endfacet
  facet normal 0.209404 0.916872 0.339848
    outer loop
      vertex 23.8238 -5.88511 4
      vertex 17.984 -4.55136 4
      vertex 23.5834 -6.66419 6.25
    endloop
  endfacet
  facet normal -0.955577 0.294742 3.90251e-06
    outer loop
      vertex 17.958 -4.54543 4
      vertex 17.3985 -6.35937 4
      vertex 17.7177 -5.32453 6.25
    endloop
  endfacet
  facet normal 0.278817 0.897886 0.340678
    outer loop
      vertex 23.8238 -5.88511 4
      vertex 23.593 -6.66714 6.25
      vertex 23.8333 -5.88806 4
    endloop
  endfacet
  facet normal 0.276164 0.898702 0.340689
    outer loop
      vertex 23.593 -6.66714 6.25
      vertex 23.8238 -5.88511 4
      vertex 23.5834 -6.66419 6.25
    endloop
  endfacet
  facet normal -0.184495 -0.922475 0.339118
    outer loop
      vertex 22.9994 -8.55791 4
      vertex 23.2396 -7.77881 6.25
      vertex 22.9993 -8.55789 4
    endloop
  endfacet
  facet normal -0.276165 -0.898707 0.340674
    outer loop
      vertex 23.2396 -7.77881 6.25
      vertex 22.9994 -8.55791 4
      vertex 23.2492 -7.78176 6.25
    endloop
  endfacet
  facet normal 0.955575 -0.294748 3.27569e-06
    outer loop
      vertex 23.2492 -7.78176 6.25
      vertex 23.0089 -8.56084 4
      vertex 23.8318 -5.89299 4
    endloop
  endfacet
  facet normal -0.343473 -0.875521 0.339839
    outer loop
      vertex 23.2396 -7.77881 6.25
      vertex 17.4229 -6.37023 4
      vertex 22.9993 -8.55789 4
    endloop
  endfacet
  facet normal 0.956696 -0.291084 0.00138504
    outer loop
      vertex 23.593 -6.66714 6.25
      vertex 23.8318 -5.89299 4
      vertex 23.8333 -5.88806 4
    endloop
  endfacet
  facet normal 0.955576 -0.294744 7.04367e-06
    outer loop
      vertex 23.8318 -5.89299 4
      vertex 23.593 -6.66714 6.25
      vertex 23.2492 -7.78176 6.25
    endloop
  endfacet
  facet normal 0 0 1
    outer loop
      vertex 23.5834 -6.66419 6.25
      vertex 23.2492 -7.78176 6.25
      vertex 23.593 -6.66714 6.25
    endloop
  endfacet
  facet normal 0 0 1
    outer loop
      vertex 23.5834 -6.66419 6.25
      vertex 23.2396 -7.77881 6.25
      vertex 23.2492 -7.78176 6.25
    endloop
  endfacet
  facet normal 0 0 1
    outer loop
      vertex 17.7177 -5.32453 6.25
      vertex 23.2396 -7.77881 6.25
      vertex 23.5834 -6.66419 6.25
    endloop
  endfacet
  facet normal 0 0 1
    outer loop
      vertex 23.2396 -7.77881 6.25
      vertex 17.7177 -5.32453 6.25
      vertex 17.6385 -5.58141 6.25
    endloop
  endfacet
  facet normal 0.209403 0.916871 0.339849
    outer loop
      vertex 17.984 -4.55136 4
      vertex 17.7177 -5.32453 6.25
      vertex 23.5834 -6.66419 6.25
    endloop
  endfacet
  facet normal 0.209132 0.916937 0.33984
    outer loop
      vertex 17.7177 -5.32453 6.25
      vertex 17.984 -4.55136 4
      vertex 17.958 -4.54543 4
    endloop
  endfacet
  facet normal -0.955612 0.29463 6.07909e-05
    outer loop
      vertex 17.3985 -6.35937 4
      vertex 17.6385 -5.58141 6.25
      vertex 17.7177 -5.32453 6.25
    endloop
  endfacet
  facet normal -0.966963 0.254464 0.0151593
    outer loop
      vertex 17.6385 -5.58141 6.25
      vertex 17.3985 -6.35937 4
      vertex 17.3982 -6.36051 4
    endloop
  endfacet
  facet normal -0.344397 -0.875164 0.339822
    outer loop
      vertex 17.4229 -6.37023 4
      vertex 17.6385 -5.58141 6.25
      vertex 17.3982 -6.36051 4
    endloop
  endfacet
  facet normal -0.343477 -0.875512 0.339856
    outer loop
      vertex 17.6385 -5.58141 6.25
      vertex 17.4229 -6.37023 4
      vertex 23.2396 -7.77881 6.25
    endloop
  endfacet
  facet normal -0.988833 0.149031 2.99782e-06
    outer loop
      vertex 18.4349 -1.81816 4
      vertex 18.152 -3.69523 4
      vertex 18.3134 -2.62437 6.25
    endloop
  endfacet
  facet normal 0.070414 0.937843 0.339842
    outer loop
      vertex 24.4348 -2.26863 4
      vertex 18.4615 -1.82015 4
      vertex 24.3133 -3.07483 6.25
    endloop
  endfacet
  facet normal -0.209151 -0.916932 0.339841
    outer loop
      vertex 24.1394 -4.22824 6.25
      vertex 18.1778 -3.70232 4
      vertex 24.0179 -5.03444 4
    endloop
  endfacet
  facet normal -0.139926 -0.929708 0.340681
    outer loop
      vertex 24.0278 -5.03593 4
      vertex 24.1394 -4.22824 6.25
      vertex 24.0179 -5.03444 4
    endloop
  endfacet
  facet normal -0.139926 -0.929708 0.340681
    outer loop
      vertex 24.1394 -4.22824 6.25
      vertex 24.0278 -5.03593 4
      vertex 24.1493 -4.22973 6.25
    endloop
  endfacet
  facet normal 0 0 1
    outer loop
      vertex 24.3133 -3.07483 6.25
      vertex 24.1493 -4.22973 6.25
      vertex 24.3232 -3.07632 6.25
    endloop
  endfacet
  facet normal 0 0 1
    outer loop
      vertex 24.3133 -3.07483 6.25
      vertex 24.1394 -4.22824 6.25
      vertex 24.1493 -4.22973 6.25
    endloop
  endfacet
  facet normal 0 0 1
    outer loop
      vertex 18.3134 -2.62437 6.25
      vertex 24.1394 -4.22824 6.25
      vertex 24.3133 -3.07483 6.25
    endloop
  endfacet
  facet normal 0 0 1
    outer loop
      vertex 24.1394 -4.22824 6.25
      vertex 18.3134 -2.62437 6.25
      vertex 18.2733 -2.89019 6.25
    endloop
  endfacet
  facet normal 0.139926 0.929708 0.340681
    outer loop
      vertex 24.4348 -2.26863 4
      vertex 24.3232 -3.07632 6.25
      vertex 24.4447 -2.27012 4
    endloop
  endfacet
  facet normal 0.139926 0.929708 0.340681
    outer loop
      vertex 24.3232 -3.07632 6.25
      vertex 24.4348 -2.26863 4
      vertex 24.3133 -3.07483 6.25
    endloop
  endfacet
  facet normal 0.0704111 0.937841 0.339848
    outer loop
      vertex 18.4615 -1.82015 4
      vertex 18.3134 -2.62437 6.25
      vertex 24.3133 -3.07483 6.25
    endloop
  endfacet
  facet normal 0.0701634 0.937863 0.33984
    outer loop
      vertex 18.3134 -2.62437 6.25
      vertex 18.4615 -1.82015 4
      vertex 18.4349 -1.81816 4
    endloop
  endfacet
  facet normal 0.988824 -0.149085 3.60842e-05
    outer loop
      vertex 24.1493 -4.22973 6.25
      vertex 24.0286 -5.03083 4
      vertex 24.3232 -3.07632 6.25
    endloop
  endfacet
  facet normal 0.987917 -0.154967 0.00217901
    outer loop
      vertex 24.0286 -5.03083 4
      vertex 24.1493 -4.22973 6.25
      vertex 24.0278 -5.03593 4
    endloop
  endfacet
  facet normal 0.988831 -0.149039 -5.34166e-06
    outer loop
      vertex 24.3232 -3.07632 6.25
      vertex 24.0286 -5.03083 4
      vertex 24.4447 -2.27012 4
    endloop
  endfacet
  facet normal -0.988812 0.149166 -6.30524e-05
    outer loop
      vertex 18.152 -3.69523 4
      vertex 18.2733 -2.89019 6.25
      vertex 18.3134 -2.62437 6.25
    endloop
  endfacet
  facet normal -0.985917 0.167105 -0.00663739
    outer loop
      vertex 18.2733 -2.89019 6.25
      vertex 18.152 -3.69523 4
      vertex 18.1518 -3.69641 4
    endloop
  endfacet
  facet normal -0.208459 -0.91708 0.339865
    outer loop
      vertex 18.1778 -3.70232 4
      vertex 18.2733 -2.89019 6.25
      vertex 18.1518 -3.69641 4
    endloop
  endfacet
  facet normal -0.209151 -0.916932 0.339841
    outer loop
      vertex 18.2733 -2.89019 6.25
      vertex 18.1778 -3.70232 4
      vertex 24.1394 -4.22824 6.25
    endloop
  endfacet
  facet normal 0.996917 0.0784598 0
    outer loop
      vertex 25.9644 1.36073 4
      vertex 25.8576 2.71774 0
      vertex 25.8576 2.71774 4
    endloop
  endfacet
  facet normal 0.996917 0.0784598 0
    outer loop
      vertex 25.8576 2.71774 0
      vertex 25.9644 1.36073 4
      vertex 25.9644 1.36073 0
    endloop
  endfacet
  facet normal 0.999658 0.0261535 0
    outer loop
      vertex 26 0 4
      vertex 25.9644 1.36073 0
      vertex 25.9644 1.36073 4
    endloop
  endfacet
  facet normal 0.999658 0.0261535 0
    outer loop
      vertex 25.9644 1.36073 0
      vertex 26 0 4
      vertex 26 0 0
    endloop
  endfacet
  facet normal 0.991442 0.130546 0
    outer loop
      vertex 25.8576 2.71774 4
      vertex 25.6799 4.0673 0
      vertex 25.6799 4.0673 4
    endloop
  endfacet
  facet normal 0.991442 0.130546 0
    outer loop
      vertex 25.6799 4.0673 0
      vertex 25.8576 2.71774 4
      vertex 25.8576 2.71774 0
    endloop
  endfacet
  facet normal -0.33382 0.942637 0
    outer loop
      vertex -8.03444 24.7275 0
      vertex -9.31757 24.2731 4
      vertex -8.03444 24.7275 4
    endloop
  endfacet
  facet normal -0.33382 0.942637 0
    outer loop
      vertex -9.31757 24.2731 4
      vertex -8.03444 24.7275 0
      vertex -9.31757 24.2731 0
    endloop
  endfacet
  facet normal 0.430504 -0.902589 0
    outer loop
      vertex 10.5752 -23.7522 0
      vertex 11.8038 -23.1662 4
      vertex 10.5752 -23.7522 4
    endloop
  endfacet
  facet normal 0.430504 -0.902589 0
    outer loop
      vertex 11.8038 -23.1662 4
      vertex 10.5752 -23.7522 0
      vertex 11.8038 -23.1662 0
    endloop
  endfacet
  facet normal 0.608745 0.793366 -0
    outer loop
      vertex 16.3623 20.2058 0
      vertex 15.2824 21.0344 4
      vertex 16.3623 20.2058 4
    endloop
  endfacet
  facet normal 0.608745 0.793366 0
    outer loop
      vertex 15.2824 21.0344 4
      vertex 16.3623 20.2058 0
      vertex 15.2824 21.0344 0
    endloop
  endfacet
  facet normal 0.0784598 -0.996917 0
    outer loop
      vertex 1.36073 -25.9644 0
      vertex 2.71774 -25.8576 4
      vertex 1.36073 -25.9644 4
    endloop
  endfacet
  facet normal 0.0784598 -0.996917 0
    outer loop
      vertex 2.71774 -25.8576 4
      vertex 1.36073 -25.9644 0
      vertex 2.71774 -25.8576 0
    endloop
  endfacet
  facet normal 0.522543 -0.852613 0
    outer loop
      vertex 13 -22.5167 0
      vertex 14.1606 -21.8054 4
      vertex 13 -22.5167 4
    endloop
  endfacet
  facet normal 0.522543 -0.852613 0
    outer loop
      vertex 14.1606 -21.8054 4
      vertex 13 -22.5167 0
      vertex 14.1606 -21.8054 0
    endloop
  endfacet
  facet normal -0.522543 0.852613 0
    outer loop
      vertex -13 22.5167 0
      vertex -14.1606 21.8054 4
      vertex -13 22.5167 4
    endloop
  endfacet
  facet normal -0.522543 0.852613 0
    outer loop
      vertex -14.1606 21.8054 4
      vertex -13 22.5167 0
      vertex -14.1606 21.8054 0
    endloop
  endfacet
  facet normal 0.56641 -0.824123 0
    outer loop
      vertex 14.1606 -21.8054 0
      vertex 15.2824 -21.0344 4
      vertex 14.1606 -21.8054 4
    endloop
  endfacet
  facet normal 0.56641 -0.824123 0
    outer loop
      vertex 15.2824 -21.0344 4
      vertex 14.1606 -21.8054 0
      vertex 15.2824 -21.0344 0
    endloop
  endfacet
  facet normal -0.649423 -0.760427 0
    outer loop
      vertex -17.3974 -19.3218 0
      vertex -16.3623 -20.2058 4
      vertex -17.3974 -19.3218 4
    endloop
  endfacet
  facet normal -0.649423 -0.760427 -0
    outer loop
      vertex -16.3623 -20.2058 4
      vertex -17.3974 -19.3218 0
      vertex -16.3623 -20.2058 0
    endloop
  endfacet
  facet normal 0.430504 0.902589 -0
    outer loop
      vertex 11.8038 23.1662 0
      vertex 10.5752 23.7522 4
      vertex 11.8038 23.1662 4
    endloop
  endfacet
  facet normal 0.430504 0.902589 0
    outer loop
      vertex 10.5752 23.7522 4
      vertex 11.8038 23.1662 0
      vertex 10.5752 23.7522 0
    endloop
  endfacet
  facet normal -0.2334 -0.972381 0
    outer loop
      vertex -6.72929 -25.1141 0
      vertex -5.4057 -25.4318 4
      vertex -6.72929 -25.1141 4
    endloop
  endfacet
  facet normal -0.2334 -0.972381 -0
    outer loop
      vertex -5.4057 -25.4318 4
      vertex -6.72929 -25.1141 0
      vertex -5.4057 -25.4318 0
    endloop
  endfacet
  facet normal 0.972381 -0.2334 0
    outer loop
      vertex 25.1141 -6.72929 4
      vertex 25.4318 -5.4057 0
      vertex 25.4318 -5.4057 4
    endloop
  endfacet
  facet normal 0.972381 -0.2334 0
    outer loop
      vertex 25.4318 -5.4057 0
      vertex 25.1141 -6.72929 4
      vertex 25.1141 -6.72929 0
    endloop
  endfacet
  facet normal 0.522543 0.852613 -0
    outer loop
      vertex 14.1606 21.8054 0
      vertex 13 22.5167 4
      vertex 14.1606 21.8054 4
    endloop
  endfacet
  facet normal 0.522543 0.852613 0
    outer loop
      vertex 13 22.5167 4
      vertex 14.1606 21.8054 0
      vertex 13 22.5167 0
    endloop
  endfacet
  facet normal -0.996917 -0.0784598 0
    outer loop
      vertex -25.8576 -2.71774 0
      vertex -25.9644 -1.36073 4
      vertex -25.9644 -1.36073 0
    endloop
  endfacet
  facet normal -0.996917 -0.0784598 0
    outer loop
      vertex -25.9644 -1.36073 4
      vertex -25.8576 -2.71774 0
      vertex -25.8576 -2.71774 4
    endloop
  endfacet
  facet normal 0.0261535 -0.999658 0
    outer loop
      vertex 0 -26 0
      vertex 1.36073 -25.9644 4
      vertex 0 -26 4
    endloop
  endfacet
  facet normal 0.0261535 -0.999658 0
    outer loop
      vertex 1.36073 -25.9644 4
      vertex 0 -26 0
      vertex 1.36073 -25.9644 0
    endloop
  endfacet
  facet normal 0.878812 -0.477168 0
    outer loop
      vertex 22.5167 -13 4
      vertex 23.1662 -11.8038 0
      vertex 23.1662 -11.8038 4
    endloop
  endfacet
  facet normal 0.878812 -0.477168 0
    outer loop
      vertex 23.1662 -11.8038 0
      vertex 22.5167 -13 4
      vertex 22.5167 -13 0
    endloop
  endfacet
  facet normal -0.0784598 0.996917 0
    outer loop
      vertex -1.36073 25.9644 0
      vertex -2.71774 25.8576 4
      vertex -1.36073 25.9644 4
    endloop
  endfacet
  facet normal -0.0784598 0.996917 0
    outer loop
      vertex -2.71774 25.8576 4
      vertex -1.36073 25.9644 0
      vertex -2.71774 25.8576 0
    endloop
  endfacet
  facet normal -0.923887 -0.382666 0
    outer loop
      vertex -23.7522 -10.5752 0
      vertex -24.2731 -9.31757 4
      vertex -24.2731 -9.31757 0
    endloop
  endfacet
  facet normal -0.923887 -0.382666 0
    outer loop
      vertex -24.2731 -9.31757 4
      vertex -23.7522 -10.5752 0
      vertex -23.7522 -10.5752 4
    endloop
  endfacet
  facet normal -0.983249 0.182266 0
    outer loop
      vertex -25.6799 4.0673 0
      vertex -25.4318 5.4057 4
      vertex -25.4318 5.4057 0
    endloop
  endfacet
  facet normal -0.983249 0.182266 0
    outer loop
      vertex -25.4318 5.4057 4
      vertex -25.6799 4.0673 0
      vertex -25.6799 4.0673 4
    endloop
  endfacet
  facet normal 0.923887 0.382666 0
    outer loop
      vertex 24.2731 9.31757 4
      vertex 23.7522 10.5752 0
      vertex 23.7522 10.5752 4
    endloop
  endfacet
  facet normal 0.923887 0.382666 0
    outer loop
      vertex 23.7522 10.5752 0
      vertex 24.2731 9.31757 4
      vertex 24.2731 9.31757 0
    endloop
  endfacet
  facet normal -0.382666 0.923887 0
    outer loop
      vertex -9.31757 24.2731 0
      vertex -10.5752 23.7522 4
      vertex -9.31757 24.2731 4
    endloop
  endfacet
  facet normal -0.382666 0.923887 0
    outer loop
      vertex -10.5752 23.7522 4
      vertex -9.31757 24.2731 0
      vertex -10.5752 23.7522 0
    endloop
  endfacet
  facet normal -0.649423 0.760427 0
    outer loop
      vertex -16.3623 20.2058 0
      vertex -17.3974 19.3218 4
      vertex -16.3623 20.2058 4
    endloop
  endfacet
  facet normal -0.649423 0.760427 0
    outer loop
      vertex -17.3974 19.3218 4
      vertex -16.3623 20.2058 0
      vertex -17.3974 19.3218 0
    endloop
  endfacet
  facet normal 0.95882 -0.284013 0
    outer loop
      vertex 24.7275 -8.03444 4
      vertex 25.1141 -6.72929 0
      vertex 25.1141 -6.72929 4
    endloop
  endfacet
  facet normal 0.95882 -0.284013 0
    outer loop
      vertex 25.1141 -6.72929 0
      vertex 24.7275 -8.03444 4
      vertex 24.7275 -8.03444 0
    endloop
  endfacet
  facet normal 0.942637 -0.33382 0
    outer loop
      vertex 24.2731 -9.31757 4
      vertex 24.7275 -8.03444 0
      vertex 24.7275 -8.03444 4
    endloop
  endfacet
  facet normal 0.942637 -0.33382 0
    outer loop
      vertex 24.7275 -8.03444 0
      vertex 24.2731 -9.31757 4
      vertex 24.2731 -9.31757 0
    endloop
  endfacet
  facet normal -0.972381 -0.2334 0
    outer loop
      vertex -25.1141 -6.72929 0
      vertex -25.4318 -5.4057 4
      vertex -25.4318 -5.4057 0
    endloop
  endfacet
  facet normal -0.972381 -0.2334 0
    outer loop
      vertex -25.4318 -5.4057 4
      vertex -25.1141 -6.72929 0
      vertex -25.1141 -6.72929 4
    endloop
  endfacet
  facet normal -0.902589 0.430504 0
    outer loop
      vertex -23.7522 10.5752 0
      vertex -23.1662 11.8038 4
      vertex -23.1662 11.8038 0
    endloop
  endfacet
  facet normal -0.902589 0.430504 0
    outer loop
      vertex -23.1662 11.8038 4
      vertex -23.7522 10.5752 0
      vertex -23.7522 10.5752 4
    endloop
  endfacet
  facet normal 0.824123 0.56641 0
    outer loop
      vertex 21.8054 14.1606 4
      vertex 21.0344 15.2824 0
      vertex 21.0344 15.2824 4
    endloop
  endfacet
  facet normal 0.824123 0.56641 0
    outer loop
      vertex 21.0344 15.2824 0
      vertex 21.8054 14.1606 4
      vertex 21.8054 14.1606 0
    endloop
  endfacet
  facet normal 0.33382 0.942637 -0
    outer loop
      vertex 9.31757 24.2731 0
      vertex 8.03444 24.7275 4
      vertex 9.31757 24.2731 4
    endloop
  endfacet
  facet normal 0.33382 0.942637 0
    outer loop
      vertex 8.03444 24.7275 4
      vertex 9.31757 24.2731 0
      vertex 8.03444 24.7275 0
    endloop
  endfacet
  facet normal 0.852613 0.522543 0
    outer loop
      vertex 22.5167 13 4
      vertex 21.8054 14.1606 0
      vertex 21.8054 14.1606 4
    endloop
  endfacet
  facet normal 0.852613 0.522543 0
    outer loop
      vertex 21.8054 14.1606 0
      vertex 22.5167 13 4
      vertex 22.5167 13 0
    endloop
  endfacet
  facet normal 0.477168 0.878812 -0
    outer loop
      vertex 13 22.5167 0
      vertex 11.8038 23.1662 4
      vertex 13 22.5167 4
    endloop
  endfacet
  facet normal 0.477168 0.878812 0
    outer loop
      vertex 11.8038 23.1662 4
      vertex 13 22.5167 0
      vertex 11.8038 23.1662 0
    endloop
  endfacet
  facet normal 0.760427 -0.649423 0
    outer loop
      vertex 19.3218 -17.3974 4
      vertex 20.2058 -16.3623 0
      vertex 20.2058 -16.3623 4
    endloop
  endfacet
  facet normal 0.760427 -0.649423 0
    outer loop
      vertex 20.2058 -16.3623 0
      vertex 19.3218 -17.3974 4
      vertex 19.3218 -17.3974 0
    endloop
  endfacet
  facet normal 0.95882 0.284013 0
    outer loop
      vertex 25.1141 6.72929 4
      vertex 24.7275 8.03444 0
      vertex 24.7275 8.03444 4
    endloop
  endfacet
  facet normal 0.95882 0.284013 0
    outer loop
      vertex 24.7275 8.03444 0
      vertex 25.1141 6.72929 4
      vertex 25.1141 6.72929 0
    endloop
  endfacet
  facet normal -0.983249 -0.182266 0
    outer loop
      vertex -25.4318 -5.4057 0
      vertex -25.6799 -4.0673 4
      vertex -25.6799 -4.0673 0
    endloop
  endfacet
  facet normal -0.983249 -0.182266 0
    outer loop
      vertex -25.6799 -4.0673 4
      vertex -25.4318 -5.4057 0
      vertex -25.4318 -5.4057 4
    endloop
  endfacet
  facet normal -0.0261535 0.999658 0
    outer loop
      vertex 0 26 0
      vertex -1.36073 25.9644 4
      vertex 0 26 4
    endloop
  endfacet
  facet normal -0.0261535 0.999658 0
    outer loop
      vertex -1.36073 25.9644 4
      vertex 0 26 0
      vertex -1.36073 25.9644 0
    endloop
  endfacet
  facet normal 0.793366 -0.608745 0
    outer loop
      vertex 20.2058 -16.3623 4
      vertex 21.0344 -15.2824 0
      vertex 21.0344 -15.2824 4
    endloop
  endfacet
  facet normal 0.793366 -0.608745 0
    outer loop
      vertex 21.0344 -15.2824 0
      vertex 20.2058 -16.3623 4
      vertex 20.2058 -16.3623 0
    endloop
  endfacet
  facet normal -0.999658 -0.0261535 0
    outer loop
      vertex -25.9644 -1.36073 0
      vertex -26 0 4
      vertex -26 0 0
    endloop
  endfacet
  facet normal -0.999658 -0.0261535 0
    outer loop
      vertex -26 0 4
      vertex -25.9644 -1.36073 0
      vertex -25.9644 -1.36073 4
    endloop
  endfacet
  facet normal -0.991442 -0.130546 0
    outer loop
      vertex -25.6799 -4.0673 0
      vertex -25.8576 -2.71774 4
      vertex -25.8576 -2.71774 0
    endloop
  endfacet
  facet normal -0.991442 -0.130546 0
    outer loop
      vertex -25.8576 -2.71774 4
      vertex -25.6799 -4.0673 0
      vertex -25.6799 -4.0673 4
    endloop
  endfacet
  facet normal 0.2334 -0.972381 0
    outer loop
      vertex 5.4057 -25.4318 0
      vertex 6.72929 -25.1141 4
      vertex 5.4057 -25.4318 4
    endloop
  endfacet
  facet normal 0.2334 -0.972381 0
    outer loop
      vertex 6.72929 -25.1141 4
      vertex 5.4057 -25.4318 0
      vertex 6.72929 -25.1141 0
    endloop
  endfacet
  facet normal -0.688352 0.725377 0
    outer loop
      vertex -17.3974 19.3218 0
      vertex -18.3848 18.3848 4
      vertex -17.3974 19.3218 4
    endloop
  endfacet
  facet normal -0.688352 0.725377 0
    outer loop
      vertex -18.3848 18.3848 4
      vertex -17.3974 19.3218 0
      vertex -18.3848 18.3848 0
    endloop
  endfacet
  facet normal 0.991442 -0.130546 0
    outer loop
      vertex 25.6799 -4.0673 4
      vertex 25.8576 -2.71774 0
      vertex 25.8576 -2.71774 4
    endloop
  endfacet
  facet normal 0.991442 -0.130546 0
    outer loop
      vertex 25.8576 -2.71774 0
      vertex 25.6799 -4.0673 4
      vertex 25.6799 -4.0673 0
    endloop
  endfacet
  facet normal -0.760427 -0.649423 0
    outer loop
      vertex -19.3218 -17.3974 0
      vertex -20.2058 -16.3623 4
      vertex -20.2058 -16.3623 0
    endloop
  endfacet
  facet normal -0.760427 -0.649423 0
    outer loop
      vertex -20.2058 -16.3623 4
      vertex -19.3218 -17.3974 0
      vertex -19.3218 -17.3974 4
    endloop
  endfacet
  facet normal -0.56641 0.824123 0
    outer loop
      vertex -14.1606 21.8054 0
      vertex -15.2824 21.0344 4
      vertex -14.1606 21.8054 4
    endloop
  endfacet
  facet normal -0.56641 0.824123 0
    outer loop
      vertex -15.2824 21.0344 4
      vertex -14.1606 21.8054 0
      vertex -15.2824 21.0344 0
    endloop
  endfacet
  facet normal 0 0 -1
    outer loop
      vertex 11.075 0 0
      vertex 26 0 0
      vertex 25.9644 -1.36073 0
    endloop
  endfacet
  facet normal 0 0 -1
    outer loop
      vertex 11.0513 -0.724339 0
      vertex 25.9644 -1.36073 0
      vertex 25.8576 -2.71774 0
    endloop
  endfacet
  facet normal 0 0 -1
    outer loop
      vertex 26 0 0
      vertex 11.075 0 0
      vertex 25.9644 1.36073 0
    endloop
  endfacet
  facet normal 0 0 -1
    outer loop
      vertex 10.9803 -1.44558 0
      vertex 25.8576 -2.71774 0
      vertex 25.6799 -4.0673 0
    endloop
  endfacet
  facet normal 0 0 -1
    outer loop
      vertex 11.0513 0.724339 0
      vertex 25.9644 1.36073 0
      vertex 11.075 0 0
    endloop
  endfacet
  facet normal 0 0 -1
    outer loop
      vertex 10.8622 -2.16062 0
      vertex 25.6799 -4.0673 0
      vertex 25.4318 -5.4057 0
    endloop
  endfacet
  facet normal -0 0 -1
    outer loop
      vertex 25.9644 1.36073 0
      vertex 11.0513 0.724339 0
      vertex 25.8576 2.71774 0
    endloop
  endfacet
  facet normal 0 0 -1
    outer loop
      vertex 10.6976 -2.86642 0
      vertex 25.4318 -5.4057 0
      vertex 25.1141 -6.72929 0
    endloop
  endfacet
  facet normal 0 0 -1
    outer loop
      vertex 10.9803 1.44558 0
      vertex 25.8576 2.71774 0
      vertex 11.0513 0.724339 0
    endloop
  endfacet
  facet normal 0 0 -1
    outer loop
      vertex 10.6976 -2.86642 0
      vertex 25.1141 -6.72929 0
      vertex 24.7275 -8.03444 0
    endloop
  endfacet
  facet normal -0 0 -1
    outer loop
      vertex 25.8576 2.71774 0
      vertex 10.9803 1.44558 0
      vertex 25.6799 4.0673 0
    endloop
  endfacet
  facet normal 0 0 -1
    outer loop
      vertex 10.4873 -3.55994 0
      vertex 24.7275 -8.03444 0
      vertex 24.2731 -9.31757 0
    endloop
  endfacet
  facet normal 0 0 -1
    outer loop
      vertex 10.8622 2.16062 0
      vertex 25.6799 4.0673 0
      vertex 10.9803 1.44558 0
    endloop
  endfacet
  facet normal 0 0 -1
    outer loop
      vertex 10.232 -4.23822 0
      vertex 24.2731 -9.31757 0
      vertex 23.7522 -10.5752 0
    endloop
  endfacet
  facet normal -0 0 -1
    outer loop
      vertex 25.6799 4.0673 0
      vertex 10.8622 2.16062 0
      vertex 25.4318 5.4057 0
    endloop
  endfacet
  facet normal 0 0 -1
    outer loop
      vertex 9.93287 -4.89835 0
      vertex 23.7522 -10.5752 0
      vertex 23.1662 -11.8038 0
    endloop
  endfacet
  facet normal 0 0 -1
    outer loop
      vertex 10.6976 2.86642 0
      vertex 25.4318 5.4057 0
      vertex 10.8622 2.16062 0
    endloop
  endfacet
  facet normal 0 0 -1
    outer loop
      vertex 9.59123 -5.5375 0
      vertex 23.1662 -11.8038 0
      vertex 22.5167 -13 0
    endloop
  endfacet
  facet normal -0 0 -1
    outer loop
      vertex 25.4318 5.4057 0
      vertex 10.6976 2.86642 0
      vertex 25.1141 6.72929 0
    endloop
  endfacet
  facet normal 0 0 -1
    outer loop
      vertex 9.59123 -5.5375 0
      vertex 22.5167 -13 0
      vertex 21.8054 -14.1606 0
    endloop
  endfacet
  facet normal -0 0 -1
    outer loop
      vertex 25.1141 6.72929 0
      vertex 10.6976 2.86642 0
      vertex 24.7275 8.03444 0
    endloop
  endfacet
  facet normal 0 0 -1
    outer loop
      vertex 9.20853 -6.15294 0
      vertex 21.8054 -14.1606 0
      vertex 21.0344 -15.2824 0
    endloop
  endfacet
  facet normal 0 0 -1
    outer loop
      vertex 10.4873 3.55994 0
      vertex 24.7275 8.03444 0
      vertex 10.6976 2.86642 0
    endloop
  endfacet
  facet normal 0 0 -1
    outer loop
      vertex 8.78639 -6.74203 0
      vertex 21.0344 -15.2824 0
      vertex 20.2058 -16.3623 0
    endloop
  endfacet
  facet normal -0 0 -1
    outer loop
      vertex 24.7275 8.03444 0
      vertex 10.4873 3.55994 0
      vertex 24.2731 9.31757 0
    endloop
  endfacet
  facet normal 0 0 -1
    outer loop
      vertex 8.32663 -7.30225 0
      vertex 20.2058 -16.3623 0
      vertex 19.3218 -17.3974 0
    endloop
  endfacet
  facet normal 0 0 -1
    outer loop
      vertex 10.232 4.23822 0
      vertex 24.2731 9.31757 0
      vertex 10.4873 3.55994 0
    endloop
  endfacet
  facet normal 0 0 -1
    outer loop
      vertex 7.83121 -7.83121 0
      vertex 19.3218 -17.3974 0
      vertex 18.3848 -18.3848 0
    endloop
  endfacet
  facet normal -0 0 -1
    outer loop
      vertex 24.2731 9.31757 0
      vertex 10.232 4.23822 0
      vertex 23.7522 10.5752 0
    endloop
  endfacet
  facet normal 0 0 -1
    outer loop
      vertex 7.83121 -7.83121 0
      vertex 18.3848 -18.3848 0
      vertex 17.3974 -19.3218 0
    endloop
  endfacet
  facet normal 0 0 -1
    outer loop
      vertex 9.93287 4.89835 0
      vertex 23.7522 10.5752 0
      vertex 10.232 4.23822 0
    endloop
  endfacet
  facet normal 0 0 -1
    outer loop
      vertex 7.30225 -8.32663 0
      vertex 17.3974 -19.3218 0
      vertex 16.3623 -20.2058 0
    endloop
  endfacet
  facet normal -0 0 -1
    outer loop
      vertex 23.7522 10.5752 0
      vertex 9.93287 4.89835 0
      vertex 23.1662 11.8038 0
    endloop
  endfacet
  facet normal 0 0 -1
    outer loop
      vertex 6.74203 -8.78639 0
      vertex 16.3623 -20.2058 0
      vertex 15.2824 -21.0344 0
    endloop
  endfacet
  facet normal 0 0 -1
    outer loop
      vertex 9.59123 5.5375 0
      vertex 23.1662 11.8038 0
      vertex 9.93287 4.89835 0
    endloop
  endfacet
  facet normal 0 0 -1
    outer loop
      vertex 6.15294 -9.20853 0
      vertex 15.2824 -21.0344 0
      vertex 14.1606 -21.8054 0
    endloop
  endfacet
  facet normal -0 0 -1
    outer loop
      vertex 23.1662 11.8038 0
      vertex 9.59123 5.5375 0
      vertex 22.5167 13 0
    endloop
  endfacet
  facet normal 0 0 -1
    outer loop
      vertex 5.5375 -9.59123 0
      vertex 14.1606 -21.8054 0
      vertex 13 -22.5167 0
    endloop
  endfacet
  facet normal -0 0 -1
    outer loop
      vertex 22.5167 13 0
      vertex 9.59123 5.5375 0
      vertex 21.8054 14.1606 0
    endloop
  endfacet
  facet normal 0 0 -1
    outer loop
      vertex 5.5375 -9.59123 0
      vertex 13 -22.5167 0
      vertex 11.8038 -23.1662 0
    endloop
  endfacet
  facet normal 0 0 -1
    outer loop
      vertex 9.20853 6.15294 0
      vertex 21.8054 14.1606 0
      vertex 9.59123 5.5375 0
    endloop
  endfacet
  facet normal -0 0 -1
    outer loop
      vertex 21.8054 14.1606 0
      vertex 9.20853 6.15294 0
      vertex 21.0344 15.2824 0
    endloop
  endfacet
  facet normal 0 0 -1
    outer loop
      vertex 25.9644 -1.36073 0
      vertex 11.0513 -0.724339 0
      vertex 11.075 0 0
    endloop
  endfacet
  facet normal 0 0 -1
    outer loop
      vertex 25.8576 -2.71774 0
      vertex 10.9803 -1.44558 0
      vertex 11.0513 -0.724339 0
    endloop
  endfacet
  facet normal 0 0 -1
    outer loop
      vertex 25.6799 -4.0673 0
      vertex 10.8622 -2.16062 0
      vertex 10.9803 -1.44558 0
    endloop
  endfacet
  facet normal 0 0 -1
    outer loop
      vertex 25.4318 -5.4057 0
      vertex 10.6976 -2.86642 0
      vertex 10.8622 -2.16062 0
    endloop
  endfacet
  facet normal 0 0 -1
    outer loop
      vertex 4.89835 -9.93287 0
      vertex 11.8038 -23.1662 0
      vertex 10.5752 -23.7522 0
    endloop
  endfacet
  facet normal 0 0 -1
    outer loop
      vertex 24.7275 -8.03444 0
      vertex 10.4873 -3.55994 0
      vertex 10.6976 -2.86642 0
    endloop
  endfacet
  facet normal 0 0 -1
    outer loop
      vertex 24.2731 -9.31757 0
      vertex 10.232 -4.23822 0
      vertex 10.4873 -3.55994 0
    endloop
  endfacet
  facet normal 0 0 -1
    outer loop
      vertex 23.7522 -10.5752 0
      vertex 9.93287 -4.89835 0
      vertex 10.232 -4.23822 0
    endloop
  endfacet
  facet normal 0 0 -1
    outer loop
      vertex 23.1662 -11.8038 0
      vertex 9.59123 -5.5375 0
      vertex 9.93287 -4.89835 0
    endloop
  endfacet
  facet normal 0 0 -1
    outer loop
      vertex 4.23822 -10.232 0
      vertex 10.5752 -23.7522 0
      vertex 9.31757 -24.2731 0
    endloop
  endfacet
  facet normal 0 0 -1
    outer loop
      vertex 21.8054 -14.1606 0
      vertex 9.20853 -6.15294 0
      vertex 9.59123 -5.5375 0
    endloop
  endfacet
  facet normal 0 0 -1
    outer loop
      vertex 21.0344 -15.2824 0
      vertex 8.78639 -6.74203 0
      vertex 9.20853 -6.15294 0
    endloop
  endfacet
  facet normal 0 0 -1
    outer loop
      vertex 20.2058 -16.3623 0
      vertex 8.32663 -7.30225 0
      vertex 8.78639 -6.74203 0
    endloop
  endfacet
  facet normal 0 0 -1
    outer loop
      vertex 3.55994 -10.4873 0
      vertex 9.31757 -24.2731 0
      vertex 8.03444 -24.7275 0
    endloop
  endfacet
  facet normal 0 0 -1
    outer loop
      vertex 19.3218 -17.3974 0
      vertex 7.83121 -7.83121 0
      vertex 8.32663 -7.30225 0
    endloop
  endfacet
  facet normal 0 0 -1
    outer loop
      vertex 17.3974 -19.3218 0
      vertex 7.30225 -8.32663 0
      vertex 7.83121 -7.83121 0
    endloop
  endfacet
  facet normal 0 0 -1
    outer loop
      vertex 16.3623 -20.2058 0
      vertex 6.74203 -8.78639 0
      vertex 7.30225 -8.32663 0
    endloop
  endfacet
  facet normal 0 0 -1
    outer loop
      vertex 2.86642 -10.6976 0
      vertex 8.03444 -24.7275 0
      vertex 6.72929 -25.1141 0
    endloop
  endfacet
  facet normal 0 0 -1
    outer loop
      vertex 15.2824 -21.0344 0
      vertex 6.15294 -9.20853 0
      vertex 6.74203 -8.78639 0
    endloop
  endfacet
  facet normal 0 0 -1
    outer loop
      vertex 14.1606 -21.8054 0
      vertex 5.5375 -9.59123 0
      vertex 6.15294 -9.20853 0
    endloop
  endfacet
  facet normal 0 0 -1
    outer loop
      vertex 2.86642 -10.6976 0
      vertex 6.72929 -25.1141 0
      vertex 5.4057 -25.4318 0
    endloop
  endfacet
  facet normal 0 0 -1
    outer loop
      vertex 11.8038 -23.1662 0
      vertex 4.89835 -9.93287 0
      vertex 5.5375 -9.59123 0
    endloop
  endfacet
  facet normal 0 0 -1
    outer loop
      vertex 10.5752 -23.7522 0
      vertex 4.23822 -10.232 0
      vertex 4.89835 -9.93287 0
    endloop
  endfacet
  facet normal 0 0 -1
    outer loop
      vertex 2.16062 -10.8622 0
      vertex 5.4057 -25.4318 0
      vertex 4.0673 -25.6799 0
    endloop
  endfacet
  facet normal 0 0 -1
    outer loop
      vertex 9.31757 -24.2731 0
      vertex 3.55994 -10.4873 0
      vertex 4.23822 -10.232 0
    endloop
  endfacet
  facet normal 0 0 -1
    outer loop
      vertex 8.03444 -24.7275 0
      vertex 2.86642 -10.6976 0
      vertex 3.55994 -10.4873 0
    endloop
  endfacet
  facet normal 0 0 -1
    outer loop
      vertex 1.44558 -10.9803 0
      vertex 4.0673 -25.6799 0
      vertex 2.71774 -25.8576 0
    endloop
  endfacet
  facet normal 0 0 -1
    outer loop
      vertex 5.4057 -25.4318 0
      vertex 2.16062 -10.8622 0
      vertex 2.86642 -10.6976 0
    endloop
  endfacet
  facet normal 0 0 -1
    outer loop
      vertex 4.0673 -25.6799 0
      vertex 1.44558 -10.9803 0
      vertex 2.16062 -10.8622 0
    endloop
  endfacet
  facet normal 0 0 -1
    outer loop
      vertex 0.724339 -11.0513 0
      vertex 2.71774 -25.8576 0
      vertex 1.36073 -25.9644 0
    endloop
  endfacet
  facet normal 0 0 -1
    outer loop
      vertex 2.71774 -25.8576 0
      vertex 0.724339 -11.0513 0
      vertex 1.44558 -10.9803 0
    endloop
  endfacet
  facet normal 0 0 -1
    outer loop
      vertex 0 -11.075 0
      vertex 1.36073 -25.9644 0
      vertex 0 -26 0
    endloop
  endfacet
  facet normal 0 0 -1
    outer loop
      vertex 1.36073 -25.9644 0
      vertex 0 -11.075 0
      vertex 0.724339 -11.0513 0
    endloop
  endfacet
  facet normal 0 0 -1
    outer loop
      vertex -1.36073 -25.9644 0
      vertex 0 -11.075 0
      vertex 0 -26 0
    endloop
  endfacet
  facet normal -0 0 -1
    outer loop
      vertex 0 -11.075 0
      vertex -1.36073 -25.9644 0
      vertex -0.724339 -11.0513 0
    endloop
  endfacet
  facet normal 0 0 -1
    outer loop
      vertex -2.71774 -25.8576 0
      vertex -0.724339 -11.0513 0
      vertex -1.36073 -25.9644 0
    endloop
  endfacet
  facet normal -0 0 -1
    outer loop
      vertex -0.724339 -11.0513 0
      vertex -2.71774 -25.8576 0
      vertex -1.44558 -10.9803 0
    endloop
  endfacet
  facet normal 0 0 -1
    outer loop
      vertex -4.0673 -25.6799 0
      vertex -1.44558 -10.9803 0
      vertex -2.71774 -25.8576 0
    endloop
  endfacet
  facet normal -0 0 -1
    outer loop
      vertex -1.44558 -10.9803 0
      vertex -4.0673 -25.6799 0
      vertex -2.16062 -10.8622 0
    endloop
  endfacet
  facet normal 0 0 -1
    outer loop
      vertex -5.4057 -25.4318 0
      vertex -2.16062 -10.8622 0
      vertex -4.0673 -25.6799 0
    endloop
  endfacet
  facet normal -0 0 -1
    outer loop
      vertex -2.16062 -10.8622 0
      vertex -5.4057 -25.4318 0
      vertex -2.86642 -10.6976 0
    endloop
  endfacet
  facet normal 0 0 -1
    outer loop
      vertex -6.72929 -25.1141 0
      vertex -2.86642 -10.6976 0
      vertex -5.4057 -25.4318 0
    endloop
  endfacet
  facet normal 0 0 -1
    outer loop
      vertex -8.03444 -24.7275 0
      vertex -2.86642 -10.6976 0
      vertex -6.72929 -25.1141 0
    endloop
  endfacet
  facet normal -0 0 -1
    outer loop
      vertex -2.86642 -10.6976 0
      vertex -8.03444 -24.7275 0
      vertex -3.55994 -10.4873 0
    endloop
  endfacet
  facet normal 0 0 -1
    outer loop
      vertex -9.31757 -24.2731 0
      vertex -3.55994 -10.4873 0
      vertex -8.03444 -24.7275 0
    endloop
  endfacet
  facet normal -0 0 -1
    outer loop
      vertex -3.55994 -10.4873 0
      vertex -9.31757 -24.2731 0
      vertex -4.23822 -10.232 0
    endloop
  endfacet
  facet normal 0 0 -1
    outer loop
      vertex -10.5752 -23.7522 0
      vertex -4.23822 -10.232 0
      vertex -9.31757 -24.2731 0
    endloop
  endfacet
  facet normal -0 0 -1
    outer loop
      vertex -4.23822 -10.232 0
      vertex -10.5752 -23.7522 0
      vertex -4.89835 -9.93287 0
    endloop
  endfacet
  facet normal 0 0 -1
    outer loop
      vertex -11.8038 -23.1662 0
      vertex -4.89835 -9.93287 0
      vertex -10.5752 -23.7522 0
    endloop
  endfacet
  facet normal -0 0 -1
    outer loop
      vertex -4.89835 -9.93287 0
      vertex -11.8038 -23.1662 0
      vertex -5.5375 -9.59123 0
    endloop
  endfacet
  facet normal 0 0 -1
    outer loop
      vertex -13 -22.5167 0
      vertex -5.5375 -9.59123 0
      vertex -11.8038 -23.1662 0
    endloop
  endfacet
  facet normal 0 0 -1
    outer loop
      vertex -14.1606 -21.8054 0
      vertex -5.5375 -9.59123 0
      vertex -13 -22.5167 0
    endloop
  endfacet
  facet normal -0 0 -1
    outer loop
      vertex -5.5375 -9.59123 0
      vertex -14.1606 -21.8054 0
      vertex -6.15294 -9.20853 0
    endloop
  endfacet
  facet normal 0 0 -1
    outer loop
      vertex -15.2824 -21.0344 0
      vertex -6.15294 -9.20853 0
      vertex -14.1606 -21.8054 0
    endloop
  endfacet
  facet normal -0 0 -1
    outer loop
      vertex -6.15294 -9.20853 0
      vertex -15.2824 -21.0344 0
      vertex -6.74203 -8.78639 0
    endloop
  endfacet
  facet normal 0 0 -1
    outer loop
      vertex -16.3623 -20.2058 0
      vertex -6.74203 -8.78639 0
      vertex -15.2824 -21.0344 0
    endloop
  endfacet
  facet normal -0 0 -1
    outer loop
      vertex -6.74203 -8.78639 0
      vertex -16.3623 -20.2058 0
      vertex -7.30225 -8.32663 0
    endloop
  endfacet
  facet normal 0 0 -1
    outer loop
      vertex -17.3974 -19.3218 0
      vertex -7.30225 -8.32663 0
      vertex -16.3623 -20.2058 0
    endloop
  endfacet
  facet normal -0 0 -1
    outer loop
      vertex -7.30225 -8.32663 0
      vertex -17.3974 -19.3218 0
      vertex -7.83121 -7.83121 0
    endloop
  endfacet
  facet normal 0 0 -1
    outer loop
      vertex -18.3848 -18.3848 0
      vertex -7.83121 -7.83121 0
      vertex -17.3974 -19.3218 0
    endloop
  endfacet
  facet normal 0 0 -1
    outer loop
      vertex -19.3218 -17.3974 0
      vertex -7.83121 -7.83121 0
      vertex -18.3848 -18.3848 0
    endloop
  endfacet
  facet normal -0 0 -1
    outer loop
      vertex -7.83121 -7.83121 0
      vertex -19.3218 -17.3974 0
      vertex -8.32663 -7.30225 0
    endloop
  endfacet
  facet normal 0 0 -1
    outer loop
      vertex -20.2058 -16.3623 0
      vertex -8.32663 -7.30225 0
      vertex -19.3218 -17.3974 0
    endloop
  endfacet
  facet normal -0 0 -1
    outer loop
      vertex -8.32663 -7.30225 0
      vertex -20.2058 -16.3623 0
      vertex -8.78639 -6.74203 0
    endloop
  endfacet
  facet normal 0 0 -1
    outer loop
      vertex -21.0344 -15.2824 0
      vertex -8.78639 -6.74203 0
      vertex -20.2058 -16.3623 0
    endloop
  endfacet
  facet normal -0 0 -1
    outer loop
      vertex -8.78639 -6.74203 0
      vertex -21.0344 -15.2824 0
      vertex -9.20853 -6.15294 0
    endloop
  endfacet
  facet normal 0 0 -1
    outer loop
      vertex 8.78639 6.74203 0
      vertex 21.0344 15.2824 0
      vertex 9.20853 6.15294 0
    endloop
  endfacet
  facet normal -0 0 -1
    outer loop
      vertex 21.0344 15.2824 0
      vertex 8.78639 6.74203 0
      vertex 20.2058 16.3623 0
    endloop
  endfacet
  facet normal 0 0 -1
    outer loop
      vertex 8.32663 7.30225 0
      vertex 20.2058 16.3623 0
      vertex 8.78639 6.74203 0
    endloop
  endfacet
  facet normal -0 0 -1
    outer loop
      vertex 20.2058 16.3623 0
      vertex 8.32663 7.30225 0
      vertex 19.3218 17.3974 0
    endloop
  endfacet
  facet normal 0 0 -1
    outer loop
      vertex 7.83121 7.83121 0
      vertex 19.3218 17.3974 0
      vertex 8.32663 7.30225 0
    endloop
  endfacet
  facet normal -0 0 -1
    outer loop
      vertex 19.3218 17.3974 0
      vertex 7.83121 7.83121 0
      vertex 18.3848 18.3848 0
    endloop
  endfacet
  facet normal -0 0 -1
    outer loop
      vertex 18.3848 18.3848 0
      vertex 7.83121 7.83121 0
      vertex 17.3974 19.3218 0
    endloop
  endfacet
  facet normal 0 0 -1
    outer loop
      vertex 7.30225 8.32663 0
      vertex 17.3974 19.3218 0
      vertex 7.83121 7.83121 0
    endloop
  endfacet
  facet normal -0 0 -1
    outer loop
      vertex 17.3974 19.3218 0
      vertex 7.30225 8.32663 0
      vertex 16.3623 20.2058 0
    endloop
  endfacet
  facet normal 0 0 -1
    outer loop
      vertex 6.74203 8.78639 0
      vertex 16.3623 20.2058 0
      vertex 7.30225 8.32663 0
    endloop
  endfacet
  facet normal -0 0 -1
    outer loop
      vertex 16.3623 20.2058 0
      vertex 6.74203 8.78639 0
      vertex 15.2824 21.0344 0
    endloop
  endfacet
  facet normal 0 0 -1
    outer loop
      vertex 6.15294 9.20853 0
      vertex 15.2824 21.0344 0
      vertex 6.74203 8.78639 0
    endloop
  endfacet
  facet normal -0 0 -1
    outer loop
      vertex 15.2824 21.0344 0
      vertex 6.15294 9.20853 0
      vertex 14.1606 21.8054 0
    endloop
  endfacet
  facet normal 0 0 -1
    outer loop
      vertex 5.5375 9.59123 0
      vertex 14.1606 21.8054 0
      vertex 6.15294 9.20853 0
    endloop
  endfacet
  facet normal -0 0 -1
    outer loop
      vertex 14.1606 21.8054 0
      vertex 5.5375 9.59123 0
      vertex 13 22.5167 0
    endloop
  endfacet
  facet normal -0 0 -1
    outer loop
      vertex 13 22.5167 0
      vertex 5.5375 9.59123 0
      vertex 11.8038 23.1662 0
    endloop
  endfacet
  facet normal 0 0 -1
    outer loop
      vertex 4.89835 9.93287 0
      vertex 11.8038 23.1662 0
      vertex 5.5375 9.59123 0
    endloop
  endfacet
  facet normal -0 0 -1
    outer loop
      vertex 11.8038 23.1662 0
      vertex 4.89835 9.93287 0
      vertex 10.5752 23.7522 0
    endloop
  endfacet
  facet normal 0 0 -1
    outer loop
      vertex 4.23822 10.232 0
      vertex 10.5752 23.7522 0
      vertex 4.89835 9.93287 0
    endloop
  endfacet
  facet normal -0 0 -1
    outer loop
      vertex 10.5752 23.7522 0
      vertex 4.23822 10.232 0
      vertex 9.31757 24.2731 0
    endloop
  endfacet
  facet normal 0 0 -1
    outer loop
      vertex 3.55994 10.4873 0
      vertex 9.31757 24.2731 0
      vertex 4.23822 10.232 0
    endloop
  endfacet
  facet normal -0 0 -1
    outer loop
      vertex 9.31757 24.2731 0
      vertex 3.55994 10.4873 0
      vertex 8.03444 24.7275 0
    endloop
  endfacet
  facet normal 0 0 -1
    outer loop
      vertex 2.86642 10.6976 0
      vertex 8.03444 24.7275 0
      vertex 3.55994 10.4873 0
    endloop
  endfacet
  facet normal -0 0 -1
    outer loop
      vertex 8.03444 24.7275 0
      vertex 2.86642 10.6976 0
      vertex 6.72929 25.1141 0
    endloop
  endfacet
  facet normal -0 0 -1
    outer loop
      vertex 6.72929 25.1141 0
      vertex 2.86642 10.6976 0
      vertex 5.4057 25.4318 0
    endloop
  endfacet
  facet normal 0 0 -1
    outer loop
      vertex 2.16062 10.8622 0
      vertex 5.4057 25.4318 0
      vertex 2.86642 10.6976 0
    endloop
  endfacet
  facet normal -0 0 -1
    outer loop
      vertex 5.4057 25.4318 0
      vertex 2.16062 10.8622 0
      vertex 4.0673 25.6799 0
    endloop
  endfacet
  facet normal 0 0 -1
    outer loop
      vertex 1.44558 10.9803 0
      vertex 4.0673 25.6799 0
      vertex 2.16062 10.8622 0
    endloop
  endfacet
  facet normal -0 0 -1
    outer loop
      vertex 4.0673 25.6799 0
      vertex 1.44558 10.9803 0
      vertex 2.71774 25.8576 0
    endloop
  endfacet
  facet normal 0 0 -1
    outer loop
      vertex 0.724339 11.0513 0
      vertex 2.71774 25.8576 0
      vertex 1.44558 10.9803 0
    endloop
  endfacet
  facet normal -0 0 -1
    outer loop
      vertex 2.71774 25.8576 0
      vertex 0.724339 11.0513 0
      vertex 1.36073 25.9644 0
    endloop
  endfacet
  facet normal 0 0 -1
    outer loop
      vertex 0 11.075 0
      vertex 1.36073 25.9644 0
      vertex 0.724339 11.0513 0
    endloop
  endfacet
  facet normal 0 0 -1
    outer loop
      vertex 0 11.075 0
      vertex 0 26 0
      vertex 1.36073 25.9644 0
    endloop
  endfacet
  facet normal 0 0 -1
    outer loop
      vertex -1.36073 25.9644 0
      vertex 0 11.075 0
      vertex -0.724339 11.0513 0
    endloop
  endfacet
  facet normal 0 0 -1
    outer loop
      vertex 0 11.075 0
      vertex -1.36073 25.9644 0
      vertex 0 26 0
    endloop
  endfacet
  facet normal 0 0 -1
    outer loop
      vertex -2.71774 25.8576 0
      vertex -0.724339 11.0513 0
      vertex -1.44558 10.9803 0
    endloop
  endfacet
  facet normal 0 0 -1
    outer loop
      vertex -4.0673 25.6799 0
      vertex -1.44558 10.9803 0
      vertex -2.16062 10.8622 0
    endloop
  endfacet
  facet normal 0 0 -1
    outer loop
      vertex -0.724339 11.0513 0
      vertex -2.71774 25.8576 0
      vertex -1.36073 25.9644 0
    endloop
  endfacet
  facet normal 0 0 -1
    outer loop
      vertex -5.4057 25.4318 0
      vertex -2.16062 10.8622 0
      vertex -2.86642 10.6976 0
    endloop
  endfacet
  facet normal 0 0 -1
    outer loop
      vertex -8.03444 24.7275 0
      vertex -2.86642 10.6976 0
      vertex -3.55994 10.4873 0
    endloop
  endfacet
  facet normal 0 0 -1
    outer loop
      vertex -1.44558 10.9803 0
      vertex -4.0673 25.6799 0
      vertex -2.71774 25.8576 0
    endloop
  endfacet
  facet normal 0 0 -1
    outer loop
      vertex -9.31757 24.2731 0
      vertex -3.55994 10.4873 0
      vertex -4.23822 10.232 0
    endloop
  endfacet
  facet normal 0 0 -1
    outer loop
      vertex -10.5752 23.7522 0
      vertex -4.23822 10.232 0
      vertex -4.89835 9.93287 0
    endloop
  endfacet
  facet normal 0 0 -1
    outer loop
      vertex -2.16062 10.8622 0
      vertex -5.4057 25.4318 0
      vertex -4.0673 25.6799 0
    endloop
  endfacet
  facet normal 0 0 -1
    outer loop
      vertex -11.8038 23.1662 0
      vertex -4.89835 9.93287 0
      vertex -5.5375 9.59123 0
    endloop
  endfacet
  facet normal 0 0 -1
    outer loop
      vertex -14.1606 21.8054 0
      vertex -5.5375 9.59123 0
      vertex -6.15294 9.20853 0
    endloop
  endfacet
  facet normal 0 0 -1
    outer loop
      vertex -2.86642 10.6976 0
      vertex -6.72929 25.1141 0
      vertex -5.4057 25.4318 0
    endloop
  endfacet
  facet normal 0 0 -1
    outer loop
      vertex -15.2824 21.0344 0
      vertex -6.15294 9.20853 0
      vertex -6.74203 8.78639 0
    endloop
  endfacet
  facet normal 0 0 -1
    outer loop
      vertex -16.3623 20.2058 0
      vertex -6.74203 8.78639 0
      vertex -7.30225 8.32663 0
    endloop
  endfacet
  facet normal 0 0 -1
    outer loop
      vertex -17.3974 19.3218 0
      vertex -7.30225 8.32663 0
      vertex -7.83121 7.83121 0
    endloop
  endfacet
  facet normal 0 0 -1
    outer loop
      vertex -2.86642 10.6976 0
      vertex -8.03444 24.7275 0
      vertex -6.72929 25.1141 0
    endloop
  endfacet
  facet normal 0 0 -1
    outer loop
      vertex -19.3218 17.3974 0
      vertex -7.83121 7.83121 0
      vertex -8.32663 7.30225 0
    endloop
  endfacet
  facet normal 0 0 -1
    outer loop
      vertex -20.2058 16.3623 0
      vertex -8.32663 7.30225 0
      vertex -8.78639 6.74203 0
    endloop
  endfacet
  facet normal 0 0 -1
    outer loop
      vertex -21.0344 15.2824 0
      vertex -8.78639 6.74203 0
      vertex -9.20853 6.15294 0
    endloop
  endfacet
  facet normal 0 0 -1
    outer loop
      vertex -3.55994 10.4873 0
      vertex -9.31757 24.2731 0
      vertex -8.03444 24.7275 0
    endloop
  endfacet
  facet normal 0 0 -1
    outer loop
      vertex -21.8054 14.1606 0
      vertex -9.20853 6.15294 0
      vertex -9.59123 5.5375 0
    endloop
  endfacet
  facet normal 0 0 -1
    outer loop
      vertex -23.1662 11.8038 0
      vertex -9.59123 5.5375 0
      vertex -9.93287 4.89835 0
    endloop
  endfacet
  facet normal 0 0 -1
    outer loop
      vertex -23.7522 10.5752 0
      vertex -9.93287 4.89835 0
      vertex -10.232 4.23822 0
    endloop
  endfacet
  facet normal 0 0 -1
    outer loop
      vertex -24.2731 9.31757 0
      vertex -10.232 4.23822 0
      vertex -10.4873 3.55994 0
    endloop
  endfacet
  facet normal 0 0 -1
    outer loop
      vertex -4.23822 10.232 0
      vertex -10.5752 23.7522 0
      vertex -9.31757 24.2731 0
    endloop
  endfacet
  facet normal 0 0 -1
    outer loop
      vertex -24.7275 8.03444 0
      vertex -10.4873 3.55994 0
      vertex -10.6976 2.86642 0
    endloop
  endfacet
  facet normal 0 0 -1
    outer loop
      vertex -25.4318 5.4057 0
      vertex -10.6976 2.86642 0
      vertex -10.8622 2.16062 0
    endloop
  endfacet
  facet normal 0 0 -1
    outer loop
      vertex -25.6799 4.0673 0
      vertex -10.8622 2.16062 0
      vertex -10.9803 1.44558 0
    endloop
  endfacet
  facet normal 0 0 -1
    outer loop
      vertex -25.8576 2.71774 0
      vertex -10.9803 1.44558 0
      vertex -11.0513 0.724339 0
    endloop
  endfacet
  facet normal 0 0 -1
    outer loop
      vertex -25.9644 1.36073 0
      vertex -11.0513 0.724339 0
      vertex -11.075 0 0
    endloop
  endfacet
  facet normal 0 0 -1
    outer loop
      vertex -21.8054 -14.1606 0
      vertex -9.20853 -6.15294 0
      vertex -21.0344 -15.2824 0
    endloop
  endfacet
  facet normal 0 0 -1
    outer loop
      vertex -4.89835 9.93287 0
      vertex -11.8038 23.1662 0
      vertex -10.5752 23.7522 0
    endloop
  endfacet
  facet normal -0 0 -1
    outer loop
      vertex -9.20853 -6.15294 0
      vertex -21.8054 -14.1606 0
      vertex -9.59123 -5.5375 0
    endloop
  endfacet
  facet normal 0 0 -1
    outer loop
      vertex -5.5375 9.59123 0
      vertex -13 22.5167 0
      vertex -11.8038 23.1662 0
    endloop
  endfacet
  facet normal 0 0 -1
    outer loop
      vertex -22.5167 -13 0
      vertex -9.59123 -5.5375 0
      vertex -21.8054 -14.1606 0
    endloop
  endfacet
  facet normal 0 0 -1
    outer loop
      vertex -5.5375 9.59123 0
      vertex -14.1606 21.8054 0
      vertex -13 22.5167 0
    endloop
  endfacet
  facet normal 0 0 -1
    outer loop
      vertex -23.1662 -11.8038 0
      vertex -9.59123 -5.5375 0
      vertex -22.5167 -13 0
    endloop
  endfacet
  facet normal 0 0 -1
    outer loop
      vertex -6.15294 9.20853 0
      vertex -15.2824 21.0344 0
      vertex -14.1606 21.8054 0
    endloop
  endfacet
  facet normal -0 0 -1
    outer loop
      vertex -9.59123 -5.5375 0
      vertex -23.1662 -11.8038 0
      vertex -9.93287 -4.89835 0
    endloop
  endfacet
  facet normal 0 0 -1
    outer loop
      vertex -6.74203 8.78639 0
      vertex -16.3623 20.2058 0
      vertex -15.2824 21.0344 0
    endloop
  endfacet
  facet normal 0 0 -1
    outer loop
      vertex -23.7522 -10.5752 0
      vertex -9.93287 -4.89835 0
      vertex -23.1662 -11.8038 0
    endloop
  endfacet
  facet normal 0 0 -1
    outer loop
      vertex -7.30225 8.32663 0
      vertex -17.3974 19.3218 0
      vertex -16.3623 20.2058 0
    endloop
  endfacet
  facet normal -0 0 -1
    outer loop
      vertex -9.93287 -4.89835 0
      vertex -23.7522 -10.5752 0
      vertex -10.232 -4.23822 0
    endloop
  endfacet
  facet normal 0 0 -1
    outer loop
      vertex -7.83121 7.83121 0
      vertex -18.3848 18.3848 0
      vertex -17.3974 19.3218 0
    endloop
  endfacet
  facet normal 0 0 -1
    outer loop
      vertex -24.2731 -9.31757 0
      vertex -10.232 -4.23822 0
      vertex -23.7522 -10.5752 0
    endloop
  endfacet
  facet normal 0 0 -1
    outer loop
      vertex -7.83121 7.83121 0
      vertex -19.3218 17.3974 0
      vertex -18.3848 18.3848 0
    endloop
  endfacet
  facet normal -0 0 -1
    outer loop
      vertex -10.232 -4.23822 0
      vertex -24.2731 -9.31757 0
      vertex -10.4873 -3.55994 0
    endloop
  endfacet
  facet normal 0 0 -1
    outer loop
      vertex -8.32663 7.30225 0
      vertex -20.2058 16.3623 0
      vertex -19.3218 17.3974 0
    endloop
  endfacet
  facet normal 0 0 -1
    outer loop
      vertex -24.7275 -8.03444 0
      vertex -10.4873 -3.55994 0
      vertex -24.2731 -9.31757 0
    endloop
  endfacet
  facet normal 0 0 -1
    outer loop
      vertex -8.78639 6.74203 0
      vertex -21.0344 15.2824 0
      vertex -20.2058 16.3623 0
    endloop
  endfacet
  facet normal -0 0 -1
    outer loop
      vertex -10.4873 -3.55994 0
      vertex -24.7275 -8.03444 0
      vertex -10.6976 -2.86642 0
    endloop
  endfacet
  facet normal 0 0 -1
    outer loop
      vertex -9.20853 6.15294 0
      vertex -21.8054 14.1606 0
      vertex -21.0344 15.2824 0
    endloop
  endfacet
  facet normal 0 0 -1
    outer loop
      vertex -25.1141 -6.72929 0
      vertex -10.6976 -2.86642 0
      vertex -24.7275 -8.03444 0
    endloop
  endfacet
  facet normal 0 0 -1
    outer loop
      vertex -9.59123 5.5375 0
      vertex -22.5167 13 0
      vertex -21.8054 14.1606 0
    endloop
  endfacet
  facet normal 0 0 -1
    outer loop
      vertex -25.4318 -5.4057 0
      vertex -10.6976 -2.86642 0
      vertex -25.1141 -6.72929 0
    endloop
  endfacet
  facet normal 0 0 -1
    outer loop
      vertex -9.59123 5.5375 0
      vertex -23.1662 11.8038 0
      vertex -22.5167 13 0
    endloop
  endfacet
  facet normal -0 0 -1
    outer loop
      vertex -10.6976 -2.86642 0
      vertex -25.4318 -5.4057 0
      vertex -10.8622 -2.16062 0
    endloop
  endfacet
  facet normal 0 0 -1
    outer loop
      vertex -9.93287 4.89835 0
      vertex -23.7522 10.5752 0
      vertex -23.1662 11.8038 0
    endloop
  endfacet
  facet normal 0 0 -1
    outer loop
      vertex -25.6799 -4.0673 0
      vertex -10.8622 -2.16062 0
      vertex -25.4318 -5.4057 0
    endloop
  endfacet
  facet normal 0 0 -1
    outer loop
      vertex -10.232 4.23822 0
      vertex -24.2731 9.31757 0
      vertex -23.7522 10.5752 0
    endloop
  endfacet
  facet normal -0 0 -1
    outer loop
      vertex -10.8622 -2.16062 0
      vertex -25.6799 -4.0673 0
      vertex -10.9803 -1.44558 0
    endloop
  endfacet
  facet normal 0 0 -1
    outer loop
      vertex -10.4873 3.55994 0
      vertex -24.7275 8.03444 0
      vertex -24.2731 9.31757 0
    endloop
  endfacet
  facet normal 0 0 -1
    outer loop
      vertex -25.8576 -2.71774 0
      vertex -10.9803 -1.44558 0
      vertex -25.6799 -4.0673 0
    endloop
  endfacet
  facet normal 0 0 -1
    outer loop
      vertex -10.6976 2.86642 0
      vertex -25.1141 6.72929 0
      vertex -24.7275 8.03444 0
    endloop
  endfacet
  facet normal -0 0 -1
    outer loop
      vertex -10.9803 -1.44558 0
      vertex -25.8576 -2.71774 0
      vertex -11.0513 -0.724339 0
    endloop
  endfacet
  facet normal 0 0 -1
    outer loop
      vertex -10.6976 2.86642 0
      vertex -25.4318 5.4057 0
      vertex -25.1141 6.72929 0
    endloop
  endfacet
  facet normal 0 0 -1
    outer loop
      vertex -25.9644 -1.36073 0
      vertex -11.0513 -0.724339 0
      vertex -25.8576 -2.71774 0
    endloop
  endfacet
  facet normal 0 0 -1
    outer loop
      vertex -10.8622 2.16062 0
      vertex -25.6799 4.0673 0
      vertex -25.4318 5.4057 0
    endloop
  endfacet
  facet normal -0 0 -1
    outer loop
      vertex -11.0513 -0.724339 0
      vertex -25.9644 -1.36073 0
      vertex -11.075 0 0
    endloop
  endfacet
  facet normal 0 0 -1
    outer loop
      vertex -10.9803 1.44558 0
      vertex -25.8576 2.71774 0
      vertex -25.6799 4.0673 0
    endloop
  endfacet
  facet normal 0 0 -1
    outer loop
      vertex -26 0 0
      vertex -11.075 0 0
      vertex -25.9644 -1.36073 0
    endloop
  endfacet
  facet normal 0 0 -1
    outer loop
      vertex -11.0513 0.724339 0
      vertex -25.9644 1.36073 0
      vertex -25.8576 2.71774 0
    endloop
  endfacet
  facet normal 0 0 -1
    outer loop
      vertex -11.075 0 0
      vertex -26 0 0
      vertex -25.9644 1.36073 0
    endloop
  endfacet
  facet normal -0.999658 0.0261535 0
    outer loop
      vertex -26 0 0
      vertex -25.9644 1.36073 4
      vertex -25.9644 1.36073 0
    endloop
  endfacet
  facet normal -0.999658 0.0261535 0
    outer loop
      vertex -25.9644 1.36073 4
      vertex -26 0 0
      vertex -26 0 4
    endloop
  endfacet
  facet normal 0.878812 0.477168 0
    outer loop
      vertex 23.1662 11.8038 4
      vertex 22.5167 13 0
      vertex 22.5167 13 4
    endloop
  endfacet
  facet normal 0.878812 0.477168 0
    outer loop
      vertex 22.5167 13 0
      vertex 23.1662 11.8038 4
      vertex 23.1662 11.8038 0
    endloop
  endfacet
  facet normal -0.95882 0.284013 0
    outer loop
      vertex -25.1141 6.72929 0
      vertex -24.7275 8.03444 4
      vertex -24.7275 8.03444 0
    endloop
  endfacet
  facet normal -0.95882 0.284013 0
    outer loop
      vertex -24.7275 8.03444 4
      vertex -25.1141 6.72929 0
      vertex -25.1141 6.72929 4
    endloop
  endfacet
  facet normal -0.608745 0.793366 0
    outer loop
      vertex -15.2824 21.0344 0
      vertex -16.3623 20.2058 4
      vertex -15.2824 21.0344 4
    endloop
  endfacet
  facet normal -0.608745 0.793366 0
    outer loop
      vertex -16.3623 20.2058 4
      vertex -15.2824 21.0344 0
      vertex -16.3623 20.2058 0
    endloop
  endfacet
  facet normal 0.824123 -0.56641 0
    outer loop
      vertex 21.0344 -15.2824 4
      vertex 21.8054 -14.1606 0
      vertex 21.8054 -14.1606 4
    endloop
  endfacet
  facet normal 0.824123 -0.56641 0
    outer loop
      vertex 21.8054 -14.1606 0
      vertex 21.0344 -15.2824 4
      vertex 21.0344 -15.2824 0
    endloop
  endfacet
  facet normal -0.942637 -0.33382 0
    outer loop
      vertex -24.2731 -9.31757 0
      vertex -24.7275 -8.03444 4
      vertex -24.7275 -8.03444 0
    endloop
  endfacet
  facet normal -0.942637 -0.33382 0
    outer loop
      vertex -24.7275 -8.03444 4
      vertex -24.2731 -9.31757 0
      vertex -24.2731 -9.31757 4
    endloop
  endfacet
  facet normal 0.649423 0.760427 -0
    outer loop
      vertex 17.3974 19.3218 0
      vertex 16.3623 20.2058 4
      vertex 17.3974 19.3218 4
    endloop
  endfacet
  facet normal 0.649423 0.760427 0
    outer loop
      vertex 16.3623 20.2058 4
      vertex 17.3974 19.3218 0
      vertex 16.3623 20.2058 0
    endloop
  endfacet
  facet normal -0.793366 0.608745 0
    outer loop
      vertex -21.0344 15.2824 0
      vertex -20.2058 16.3623 4
      vertex -20.2058 16.3623 0
    endloop
  endfacet
  facet normal -0.793366 0.608745 0
    outer loop
      vertex -20.2058 16.3623 4
      vertex -21.0344 15.2824 0
      vertex -21.0344 15.2824 4
    endloop
  endfacet
  facet normal 0.725377 0.688352 0
    outer loop
      vertex 19.3218 17.3974 4
      vertex 18.3848 18.3848 0
      vertex 18.3848 18.3848 4
    endloop
  endfacet
  facet normal 0.725377 0.688352 0
    outer loop
      vertex 18.3848 18.3848 0
      vertex 19.3218 17.3974 4
      vertex 19.3218 17.3974 0
    endloop
  endfacet
  facet normal -0.0261535 -0.999658 0
    outer loop
      vertex -1.36073 -25.9644 0
      vertex 0 -26 4
      vertex -1.36073 -25.9644 4
    endloop
  endfacet
  facet normal -0.0261535 -0.999658 -0
    outer loop
      vertex 0 -26 4
      vertex -1.36073 -25.9644 0
      vertex 0 -26 0
    endloop
  endfacet
  facet normal -0.793366 -0.608745 0
    outer loop
      vertex -20.2058 -16.3623 0
      vertex -21.0344 -15.2824 4
      vertex -21.0344 -15.2824 0
    endloop
  endfacet
  facet normal -0.793366 -0.608745 0
    outer loop
      vertex -21.0344 -15.2824 4
      vertex -20.2058 -16.3623 0
      vertex -20.2058 -16.3623 4
    endloop
  endfacet
  facet normal 0.182266 0.983249 -0
    outer loop
      vertex 5.4057 25.4318 0
      vertex 4.0673 25.6799 4
      vertex 5.4057 25.4318 4
    endloop
  endfacet
  facet normal 0.182266 0.983249 0
    outer loop
      vertex 4.0673 25.6799 4
      vertex 5.4057 25.4318 0
      vertex 4.0673 25.6799 0
    endloop
  endfacet
  facet normal 0.688352 0.725377 -0
    outer loop
      vertex 18.3848 18.3848 0
      vertex 17.3974 19.3218 4
      vertex 18.3848 18.3848 4
    endloop
  endfacet
  facet normal 0.688352 0.725377 0
    outer loop
      vertex 17.3974 19.3218 4
      vertex 18.3848 18.3848 0
      vertex 17.3974 19.3218 0
    endloop
  endfacet
  facet normal -0.430504 -0.902589 0
    outer loop
      vertex -11.8038 -23.1662 0
      vertex -10.5752 -23.7522 4
      vertex -11.8038 -23.1662 4
    endloop
  endfacet
  facet normal -0.430504 -0.902589 -0
    outer loop
      vertex -10.5752 -23.7522 4
      vertex -11.8038 -23.1662 0
      vertex -10.5752 -23.7522 0
    endloop
  endfacet
  facet normal 0.130546 0.991442 -0
    outer loop
      vertex 4.0673 25.6799 0
      vertex 2.71774 25.8576 4
      vertex 4.0673 25.6799 4
    endloop
  endfacet
  facet normal 0.130546 0.991442 0
    outer loop
      vertex 2.71774 25.8576 4
      vertex 4.0673 25.6799 0
      vertex 2.71774 25.8576 0
    endloop
  endfacet
  facet normal 0.725377 -0.688352 0
    outer loop
      vertex 18.3848 -18.3848 4
      vertex 19.3218 -17.3974 0
      vertex 19.3218 -17.3974 4
    endloop
  endfacet
  facet normal 0.725377 -0.688352 0
    outer loop
      vertex 19.3218 -17.3974 0
      vertex 18.3848 -18.3848 4
      vertex 18.3848 -18.3848 0
    endloop
  endfacet
  facet normal -0.2334 0.972381 0
    outer loop
      vertex -5.4057 25.4318 0
      vertex -6.72929 25.1141 4
      vertex -5.4057 25.4318 4
    endloop
  endfacet
  facet normal -0.2334 0.972381 0
    outer loop
      vertex -6.72929 25.1141 4
      vertex -5.4057 25.4318 0
      vertex -6.72929 25.1141 0
    endloop
  endfacet
  facet normal 0.983249 -0.182266 0
    outer loop
      vertex 25.4318 -5.4057 4
      vertex 25.6799 -4.0673 0
      vertex 25.6799 -4.0673 4
    endloop
  endfacet
  facet normal 0.983249 -0.182266 0
    outer loop
      vertex 25.6799 -4.0673 0
      vertex 25.4318 -5.4057 4
      vertex 25.4318 -5.4057 0
    endloop
  endfacet
  facet normal -0.130546 0.991442 0
    outer loop
      vertex -2.71774 25.8576 0
      vertex -4.0673 25.6799 4
      vertex -2.71774 25.8576 4
    endloop
  endfacet
  facet normal -0.130546 0.991442 0
    outer loop
      vertex -4.0673 25.6799 4
      vertex -2.71774 25.8576 0
      vertex -4.0673 25.6799 0
    endloop
  endfacet
  facet normal 0.996917 -0.0784598 0
    outer loop
      vertex 25.8576 -2.71774 4
      vertex 25.9644 -1.36073 0
      vertex 25.9644 -1.36073 4
    endloop
  endfacet
  facet normal 0.996917 -0.0784598 0
    outer loop
      vertex 25.9644 -1.36073 0
      vertex 25.8576 -2.71774 4
      vertex 25.8576 -2.71774 0
    endloop
  endfacet
  facet normal -0.760427 0.649423 0
    outer loop
      vertex -20.2058 16.3623 0
      vertex -19.3218 17.3974 4
      vertex -19.3218 17.3974 0
    endloop
  endfacet
  facet normal -0.760427 0.649423 0
    outer loop
      vertex -19.3218 17.3974 4
      vertex -20.2058 16.3623 0
      vertex -20.2058 16.3623 4
    endloop
  endfacet
  facet normal 0.942637 0.33382 0
    outer loop
      vertex 24.7275 8.03444 4
      vertex 24.2731 9.31757 0
      vertex 24.2731 9.31757 4
    endloop
  endfacet
  facet normal 0.942637 0.33382 0
    outer loop
      vertex 24.2731 9.31757 0
      vertex 24.7275 8.03444 4
      vertex 24.7275 8.03444 0
    endloop
  endfacet
  facet normal 0.56641 0.824123 -0
    outer loop
      vertex 15.2824 21.0344 0
      vertex 14.1606 21.8054 4
      vertex 15.2824 21.0344 4
    endloop
  endfacet
  facet normal 0.56641 0.824123 0
    outer loop
      vertex 14.1606 21.8054 4
      vertex 15.2824 21.0344 0
      vertex 14.1606 21.8054 0
    endloop
  endfacet
  facet normal 0.284013 -0.95882 0
    outer loop
      vertex 6.72929 -25.1141 0
      vertex 8.03444 -24.7275 4
      vertex 6.72929 -25.1141 4
    endloop
  endfacet
  facet normal 0.284013 -0.95882 0
    outer loop
      vertex 8.03444 -24.7275 4
      vertex 6.72929 -25.1141 0
      vertex 8.03444 -24.7275 0
    endloop
  endfacet
  facet normal -0.824123 -0.56641 0
    outer loop
      vertex -21.0344 -15.2824 0
      vertex -21.8054 -14.1606 4
      vertex -21.8054 -14.1606 0
    endloop
  endfacet
  facet normal -0.824123 -0.56641 0
    outer loop
      vertex -21.8054 -14.1606 4
      vertex -21.0344 -15.2824 0
      vertex -21.0344 -15.2824 4
    endloop
  endfacet
  facet normal 0.0784598 0.996917 -0
    outer loop
      vertex 2.71774 25.8576 0
      vertex 1.36073 25.9644 4
      vertex 2.71774 25.8576 4
    endloop
  endfacet
  facet normal 0.0784598 0.996917 0
    outer loop
      vertex 1.36073 25.9644 4
      vertex 2.71774 25.8576 0
      vertex 1.36073 25.9644 0
    endloop
  endfacet
  facet normal 0.852613 -0.522543 0
    outer loop
      vertex 21.8054 -14.1606 4
      vertex 22.5167 -13 0
      vertex 22.5167 -13 4
    endloop
  endfacet
  facet normal 0.852613 -0.522543 0
    outer loop
      vertex 22.5167 -13 0
      vertex 21.8054 -14.1606 4
      vertex 21.8054 -14.1606 0
    endloop
  endfacet
  facet normal -0.942637 0.33382 0
    outer loop
      vertex -24.7275 8.03444 0
      vertex -24.2731 9.31757 4
      vertex -24.2731 9.31757 0
    endloop
  endfacet
  facet normal -0.942637 0.33382 0
    outer loop
      vertex -24.2731 9.31757 4
      vertex -24.7275 8.03444 0
      vertex -24.7275 8.03444 4
    endloop
  endfacet
  facet normal -0.878812 -0.477168 0
    outer loop
      vertex -22.5167 -13 0
      vertex -23.1662 -11.8038 4
      vertex -23.1662 -11.8038 0
    endloop
  endfacet
  facet normal -0.878812 -0.477168 0
    outer loop
      vertex -23.1662 -11.8038 4
      vertex -22.5167 -13 0
      vertex -22.5167 -13 4
    endloop
  endfacet
  facet normal -0.923887 0.382666 0
    outer loop
      vertex -24.2731 9.31757 0
      vertex -23.7522 10.5752 4
      vertex -23.7522 10.5752 0
    endloop
  endfacet
  facet normal -0.923887 0.382666 0
    outer loop
      vertex -23.7522 10.5752 4
      vertex -24.2731 9.31757 0
      vertex -24.2731 9.31757 4
    endloop
  endfacet
  facet normal -0 0 1
    outer loop
      vertex -18.5 0.949732 4
      vertex -13.97 0.915644 4
      vertex -18.4349 1.81816 4
    endloop
  endfacet
  facet normal 0 0 1
    outer loop
      vertex -14 0 4
      vertex -18.152 -3.69523 4
      vertex -18.1518 -3.69641 4
    endloop
  endfacet
  facet normal 0 0 1
    outer loop
      vertex -13.97 0.915644 4
      vertex -18.5 0.949732 4
      vertex -14 0 4
    endloop
  endfacet
  facet normal 0 0 1
    outer loop
      vertex -14 0 4
      vertex -18.4349 -1.81816 4
      vertex -18.152 -3.69523 4
    endloop
  endfacet
  facet normal 0 0 1
    outer loop
      vertex -18.5 0.949732 4
      vertex -18.4349 1.81816 4
      vertex -18.4615 1.82015 4
    endloop
  endfacet
  facet normal 0 0 1
    outer loop
      vertex -18.5 -0.949732 4
      vertex -14 0 4
      vertex -18.5 0.949732 4
    endloop
  endfacet
  facet normal 0 0 1
    outer loop
      vertex -14 0 4
      vertex -18.5 -0.949732 4
      vertex -18.4349 -1.81816 4
    endloop
  endfacet
  facet normal 0 0 1
    outer loop
      vertex -18.4615 1.82015 4
      vertex -18.5265 0.951717 4
      vertex -18.5 0.949732 4
    endloop
  endfacet
  facet normal 0 0 1
    outer loop
      vertex -24.4348 2.26863 4
      vertex -18.5265 0.951717 4
      vertex -18.4615 1.82015 4
    endloop
  endfacet
  facet normal 0 0 1
    outer loop
      vertex -24.5 1.39852 4
      vertex -24.4348 2.26863 4
      vertex -24.4447 2.27012 4
    endloop
  endfacet
  facet normal 0 0 1
    outer loop
      vertex -24.4348 2.26863 4
      vertex -24.5 1.39852 4
      vertex -18.5265 0.951717 4
    endloop
  endfacet
  facet normal 0 0 1
    outer loop
      vertex -13.731 2.73126 4
      vertex -18.152 3.69523 4
      vertex -13.8802 1.82737 4
    endloop
  endfacet
  facet normal 0 0 1
    outer loop
      vertex -14 0 4
      vertex -17.3985 -6.35937 4
      vertex -17.3982 -6.36051 4
    endloop
  endfacet
  facet normal 0 0 1
    outer loop
      vertex -18.4349 1.81816 4
      vertex -13.8802 1.82737 4
      vertex -18.152 3.69523 4
    endloop
  endfacet
  facet normal 0 0 1
    outer loop
      vertex -14 0 4
      vertex -17.958 -4.54543 4
      vertex -17.3985 -6.35937 4
    endloop
  endfacet
  facet normal 0 0 1
    outer loop
      vertex -18.1518 3.69641 4
      vertex -17.958 4.54543 4
      vertex -17.984 4.55136 4
    endloop
  endfacet
  facet normal 0 0 1
    outer loop
      vertex -13.8802 1.82737 4
      vertex -18.4349 1.81816 4
      vertex -13.97 0.915644 4
    endloop
  endfacet
  facet normal 0 0 1
    outer loop
      vertex -14 0 4
      vertex -18.1518 -3.69641 4
      vertex -17.958 -4.54543 4
    endloop
  endfacet
  facet normal 0 0 1
    outer loop
      vertex -17.984 4.55136 4
      vertex -18.1778 3.70232 4
      vertex -18.1518 3.69641 4
    endloop
  endfacet
  facet normal 0 0 1
    outer loop
      vertex -23.8238 5.88511 4
      vertex -18.1778 3.70232 4
      vertex -17.984 4.55136 4
    endloop
  endfacet
  facet normal 0 0 1
    outer loop
      vertex -24.0179 5.03444 4
      vertex -23.8238 5.88511 4
      vertex -23.8333 5.88806 4
    endloop
  endfacet
  facet normal 0 0 1
    outer loop
      vertex -23.8238 5.88511 4
      vertex -24.0179 5.03444 4
      vertex -18.1778 3.70232 4
    endloop
  endfacet
  facet normal 0 0 1
    outer loop
      vertex -17.08 -7.17117 4
      vertex -17.3982 -6.36051 4
      vertex -17.1048 -7.18089 4
    endloop
  endfacet
  facet normal -0 0 1
    outer loop
      vertex -17.4229 -6.37023 4
      vertex -17.1048 -7.18089 4
      vertex -17.3982 -6.36051 4
    endloop
  endfacet
  facet normal 0 0 1
    outer loop
      vertex -17.4229 -6.37023 4
      vertex -22.6805 -9.37012 4
      vertex -17.1048 -7.18089 4
    endloop
  endfacet
  facet normal -0 0 1
    outer loop
      vertex -22.9993 -8.55789 4
      vertex -22.6805 -9.37012 4
      vertex -17.4229 -6.37023 4
    endloop
  endfacet
  facet normal -0 0 1
    outer loop
      vertex -22.9994 -8.55791 4
      vertex -22.6805 -9.37012 4
      vertex -22.9993 -8.55789 4
    endloop
  endfacet
  facet normal 0 0 1
    outer loop
      vertex -17.958 -4.54543 4
      vertex -18.1518 -3.69641 4
      vertex -17.984 -4.55136 4
    endloop
  endfacet
  facet normal -0 0 1
    outer loop
      vertex -18.1778 -3.70232 4
      vertex -17.984 -4.55136 4
      vertex -18.1518 -3.69641 4
    endloop
  endfacet
  facet normal 0 0 1
    outer loop
      vertex -18.1778 -3.70232 4
      vertex -23.8238 -5.88511 4
      vertex -17.984 -4.55136 4
    endloop
  endfacet
  facet normal -0 0 1
    outer loop
      vertex -24.0179 -5.03444 4
      vertex -23.8238 -5.88511 4
      vertex -18.1778 -3.70232 4
    endloop
  endfacet
  facet normal 0 0 1
    outer loop
      vertex -23.8238 -5.88511 4
      vertex -24.0179 -5.03444 4
      vertex -23.8333 -5.88806 4
    endloop
  endfacet
  facet normal 0 0 1
    outer loop
      vertex -18.4349 -1.81816 4
      vertex -18.5 -0.949732 4
      vertex -18.4615 -1.82015 4
    endloop
  endfacet
  facet normal -0 0 1
    outer loop
      vertex -18.5265 -0.951717 4
      vertex -18.4615 -1.82015 4
      vertex -18.5 -0.949732 4
    endloop
  endfacet
  facet normal 0 0 1
    outer loop
      vertex -18.5265 -0.951717 4
      vertex -24.4348 -2.26863 4
      vertex -18.4615 -1.82015 4
    endloop
  endfacet
  facet normal -0 0 1
    outer loop
      vertex -24.5 -1.39852 4
      vertex -24.4348 -2.26863 4
      vertex -18.5265 -0.951717 4
    endloop
  endfacet
  facet normal 0 0 1
    outer loop
      vertex -24.4348 -2.26863 4
      vertex -24.5 -1.39852 4
      vertex -24.4447 -2.27012 4
    endloop
  endfacet
  facet normal -0 0 1
    outer loop
      vertex -18.1518 3.69641 4
      vertex -13.731 2.73126 4
      vertex -17.958 4.54543 4
    endloop
  endfacet
  facet normal 0 0 1
    outer loop
      vertex -14 0 4
      vertex -17.0795 -7.17224 4
      vertex -16.2558 -8.88253 4
    endloop
  endfacet
  facet normal 0 0 1
    outer loop
      vertex -17.3982 6.36051 4
      vertex -17.0795 7.17224 4
      vertex -17.08 7.17117 4
    endloop
  endfacet
  facet normal -0 0 1
    outer loop
      vertex -18.152 3.69523 4
      vertex -13.731 2.73126 4
      vertex -18.1518 3.69641 4
    endloop
  endfacet
  facet normal 0 0 1
    outer loop
      vertex -17.3982 6.36051 4
      vertex -17.08 7.17117 4
      vertex -17.1048 7.18089 4
    endloop
  endfacet
  facet normal 0 0 1
    outer loop
      vertex -14 0 4
      vertex -17.08 -7.17117 4
      vertex -17.0795 -7.17224 4
    endloop
  endfacet
  facet normal -0 0 1
    outer loop
      vertex -17.3982 -6.36051 4
      vertex -17.08 -7.17117 4
      vertex -14 0 4
    endloop
  endfacet
  facet normal 0 0 1
    outer loop
      vertex -17.1048 7.18089 4
      vertex -17.4229 6.37023 4
      vertex -17.3982 6.36051 4
    endloop
  endfacet
  facet normal 0 0 1
    outer loop
      vertex -22.6805 9.37012 4
      vertex -17.4229 6.37023 4
      vertex -17.1048 7.18089 4
    endloop
  endfacet
  facet normal 0 0 1
    outer loop
      vertex -22.9994 8.55791 4
      vertex -22.6805 9.37012 4
      vertex -22.6895 9.37446 4
    endloop
  endfacet
  facet normal 0 0 1
    outer loop
      vertex -22.6805 9.37012 4
      vertex -22.9993 8.55789 4
      vertex -17.4229 6.37023 4
    endloop
  endfacet
  facet normal -0 0 1
    outer loop
      vertex -17.958 4.54543 4
      vertex -13.257 4.50015 4
      vertex -17.3985 6.35937 4
    endloop
  endfacet
  facet normal 0 0 1
    outer loop
      vertex -14 0 4
      vertex -14.7511 -11.2051 4
      vertex -14.7504 -11.2061 4
    endloop
  endfacet
  facet normal 0 0 1
    outer loop
      vertex -13.257 4.50015 4
      vertex -17.958 4.54543 4
      vertex -13.523 3.62347 4
    endloop
  endfacet
  facet normal 0 0 1
    outer loop
      vertex -14 0 4
      vertex -15.8204 -9.63671 4
      vertex -14.7511 -11.2051 4
    endloop
  endfacet
  facet normal 0 0 1
    outer loop
      vertex -16.2558 8.88253 4
      vertex -15.8204 9.63671 4
      vertex -15.8435 9.65002 4
    endloop
  endfacet
  facet normal 0 0 1
    outer loop
      vertex -13.523 3.62347 4
      vertex -17.958 4.54543 4
      vertex -13.731 2.73126 4
    endloop
  endfacet
  facet normal 0 0 1
    outer loop
      vertex -14 0 4
      vertex -16.2558 -8.88253 4
      vertex -15.8204 -9.63671 4
    endloop
  endfacet
  facet normal 0 0 1
    outer loop
      vertex -15.8435 9.65002 4
      vertex -16.2789 8.89583 4
      vertex -16.2558 8.88253 4
    endloop
  endfacet
  facet normal 0 0 1
    outer loop
      vertex -21.0307 12.6458 4
      vertex -16.2789 8.89583 4
      vertex -15.8435 9.65002 4
    endloop
  endfacet
  facet normal 0 0 1
    outer loop
      vertex -21.4669 11.8902 4
      vertex -21.0307 12.6458 4
      vertex -21.0389 12.6514 4
    endloop
  endfacet
  facet normal 0 0 1
    outer loop
      vertex -21.476 11.8945 4
      vertex -21.0389 12.6514 4
      vertex -21.0389 12.6515 4
    endloop
  endfacet
  facet normal 0 0 1
    outer loop
      vertex -21.0307 12.6458 4
      vertex -21.4669 11.8902 4
      vertex -16.2789 8.89583 4
    endloop
  endfacet
  facet normal 0 0 1
    outer loop
      vertex -14.2074 -11.887 4
      vertex -14.7504 -11.2061 4
      vertex -14.2282 -11.9036 4
    endloop
  endfacet
  facet normal -0 0 1
    outer loop
      vertex -14.7712 -11.2227 4
      vertex -14.2282 -11.9036 4
      vertex -14.7504 -11.2061 4
    endloop
  endfacet
  facet normal 0 0 1
    outer loop
      vertex -14.7712 -11.2227 4
      vertex -18.911 -15.639 4
      vertex -14.2282 -11.9036 4
    endloop
  endfacet
  facet normal -0 0 1
    outer loop
      vertex -19.455 -14.9569 4
      vertex -18.911 -15.639 4
      vertex -14.7712 -11.2227 4
    endloop
  endfacet
  facet normal 0 0 1
    outer loop
      vertex -18.911 -15.639 4
      vertex -19.455 -14.9569 4
      vertex -18.911 -15.6391 4
    endloop
  endfacet
  facet normal -0 0 1
    outer loop
      vertex -19.4551 -14.9569 4
      vertex -18.911 -15.6391 4
      vertex -19.455 -14.9569 4
    endloop
  endfacet
  facet normal 0 0 1
    outer loop
      vertex -18.911 -15.6391 4
      vertex -19.4551 -14.9569 4
      vertex -18.9183 -15.6458 4
    endloop
  endfacet
  facet normal -0 0 1
    outer loop
      vertex -19.4633 -14.9625 4
      vertex -18.9183 -15.6458 4
      vertex -19.4551 -14.9569 4
    endloop
  endfacet
  facet normal 0 0 1
    outer loop
      vertex -20.2058 -16.3623 4
      vertex -18.9183 -15.6458 4
      vertex -19.4633 -14.9625 4
    endloop
  endfacet
  facet normal 0 0 1
    outer loop
      vertex -18.9183 -15.6458 4
      vertex -20.2058 -16.3623 4
      vertex -19.3218 -17.3974 4
    endloop
  endfacet
  facet normal 0 0 1
    outer loop
      vertex -19.4633 -14.9625 4
      vertex -21.0344 -15.2824 4
      vertex -20.2058 -16.3623 4
    endloop
  endfacet
  facet normal -0 0 1
    outer loop
      vertex -21.8054 -14.1606 4
      vertex -19.4633 -14.9625 4
      vertex -21.036 -12.6557 4
    endloop
  endfacet
  facet normal 0 0 1
    outer loop
      vertex -22.5167 -13 4
      vertex -21.036 -12.6557 4
      vertex -21.0389 -12.6515 4
    endloop
  endfacet
  facet normal 0 0 1
    outer loop
      vertex -21.0389 -12.6514 4
      vertex -21.476 -11.8945 4
      vertex -21.0389 -12.6515 4
    endloop
  endfacet
  facet normal 0 0 -1
    outer loop
      vertex -21.476 -11.8945 4
      vertex -21.4669 -11.8902 4
      vertex -21.4759 -11.8945 4
    endloop
  endfacet
  facet normal 0 0 1
    outer loop
      vertex -22.5167 -13 4
      vertex -21.0389 -12.6515 4
      vertex -21.476 -11.8945 4
    endloop
  endfacet
  facet normal 0 0 1
    outer loop
      vertex -22.5167 -13 4
      vertex -21.476 -11.8945 4
      vertex -21.4782 -11.8899 4
    endloop
  endfacet
  facet normal 0 0 1
    outer loop
      vertex -19.4633 -14.9625 4
      vertex -21.8054 -14.1606 4
      vertex -21.0344 -15.2824 4
    endloop
  endfacet
  facet normal 0 0 1
    outer loop
      vertex -21.036 -12.6557 4
      vertex -22.5167 -13 4
      vertex -21.8054 -14.1606 4
    endloop
  endfacet
  facet normal -0 0 1
    outer loop
      vertex -23.1662 -11.8038 4
      vertex -21.4782 -11.8899 4
      vertex -22.6895 -9.37446 4
    endloop
  endfacet
  facet normal 0 0 1
    outer loop
      vertex -22.6805 -9.37012 4
      vertex -22.9994 -8.55791 4
      vertex -22.6895 -9.37446 4
    endloop
  endfacet
  facet normal -0 0 1
    outer loop
      vertex -23.0089 -8.56084 4
      vertex -22.6895 -9.37446 4
      vertex -22.9994 -8.55791 4
    endloop
  endfacet
  facet normal -0 0 1
    outer loop
      vertex -24.2731 -9.31757 4
      vertex -22.6895 -9.37446 4
      vertex -23.0089 -8.56084 4
    endloop
  endfacet
  facet normal 0 0 1
    outer loop
      vertex -21.4782 -11.8899 4
      vertex -23.1662 -11.8038 4
      vertex -22.5167 -13 4
    endloop
  endfacet
  facet normal 0 0 1
    outer loop
      vertex -22.6895 -9.37446 4
      vertex -23.7522 -10.5752 4
      vertex -23.1662 -11.8038 4
    endloop
  endfacet
  facet normal -0 0 1
    outer loop
      vertex -24.7275 -8.03444 4
      vertex -23.0089 -8.56084 4
      vertex -23.8318 -5.89299 4
    endloop
  endfacet
  facet normal 0 0 1
    outer loop
      vertex -25.1141 -6.72929 4
      vertex -23.8318 -5.89299 4
      vertex -23.8333 -5.88806 4
    endloop
  endfacet
  facet normal -0 0 1
    outer loop
      vertex -24.0278 -5.03593 4
      vertex -23.8333 -5.88806 4
      vertex -24.0179 -5.03444 4
    endloop
  endfacet
  facet normal -0 0 1
    outer loop
      vertex -25.4318 -5.4057 4
      vertex -23.8333 -5.88806 4
      vertex -24.0278 -5.03593 4
    endloop
  endfacet
  facet normal 0 0 1
    outer loop
      vertex -25.4318 -5.4057 4
      vertex -24.0278 -5.03593 4
      vertex -24.0286 -5.03083 4
    endloop
  endfacet
  facet normal 0 0 1
    outer loop
      vertex -22.6895 -9.37446 4
      vertex -24.2731 -9.31757 4
      vertex -23.7522 -10.5752 4
    endloop
  endfacet
  facet normal -0 0 1
    outer loop
      vertex -25.6799 -4.0673 4
      vertex -24.0286 -5.03083 4
      vertex -24.4447 -2.27012 4
    endloop
  endfacet
  facet normal -0 0 1
    outer loop
      vertex -24.51 -1.39852 4
      vertex -24.4447 -2.27012 4
      vertex -24.5 -1.39852 4
    endloop
  endfacet
  facet normal 0 0 1
    outer loop
      vertex -25.9644 -1.36073 4
      vertex -24.4447 -2.27012 4
      vertex -24.51 -1.39852 4
    endloop
  endfacet
  facet normal 0 0 1
    outer loop
      vertex -23.0089 -8.56084 4
      vertex -24.7275 -8.03444 4
      vertex -24.2731 -9.31757 4
    endloop
  endfacet
  facet normal 0 0 1
    outer loop
      vertex -24.0286 5.03083 4
      vertex -25.6799 4.0673 4
      vertex -24.4447 2.27012 4
    endloop
  endfacet
  facet normal -0 0 1
    outer loop
      vertex -25.8576 2.71774 4
      vertex -24.4447 2.27012 4
      vertex -25.6799 4.0673 4
    endloop
  endfacet
  facet normal 0 0 1
    outer loop
      vertex -23.8318 -5.89299 4
      vertex -25.1141 -6.72929 4
      vertex -24.7275 -8.03444 4
    endloop
  endfacet
  facet normal 0 0 1
    outer loop
      vertex -25.9644 1.36073 4
      vertex -24.4447 2.27012 4
      vertex -25.8576 2.71774 4
    endloop
  endfacet
  facet normal 0 0 1
    outer loop
      vertex -23.8333 -5.88806 4
      vertex -25.4318 -5.4057 4
      vertex -25.1141 -6.72929 4
    endloop
  endfacet
  facet normal 0 0 1
    outer loop
      vertex -24.4447 2.27012 4
      vertex -25.9644 1.36073 4
      vertex -24.51 1.39852 4
    endloop
  endfacet
  facet normal 0 0 1
    outer loop
      vertex -24.0286 -5.03083 4
      vertex -25.6799 -4.0673 4
      vertex -25.4318 -5.4057 4
    endloop
  endfacet
  facet normal 0 0 1
    outer loop
      vertex -26 0 4
      vertex -24.51 1.39852 4
      vertex -25.9644 1.36073 4
    endloop
  endfacet
  facet normal 0 0 1
    outer loop
      vertex -24.4447 -2.27012 4
      vertex -25.8576 -2.71774 4
      vertex -25.6799 -4.0673 4
    endloop
  endfacet
  facet normal 0 0 1
    outer loop
      vertex -24.51 1.39852 4
      vertex -26 0 4
      vertex -24.51 -1.39852 4
    endloop
  endfacet
  facet normal 0 0 1
    outer loop
      vertex -24.4447 -2.27012 4
      vertex -25.9644 -1.36073 4
      vertex -25.8576 -2.71774 4
    endloop
  endfacet
  facet normal 0 0 1
    outer loop
      vertex -24.51 -1.39852 4
      vertex -26 0 4
      vertex -25.9644 -1.36073 4
    endloop
  endfacet
  facet normal 0 0 1
    outer loop
      vertex -15.8204 -9.63671 4
      vertex -16.2558 -8.88253 4
      vertex -15.8435 -9.65002 4
    endloop
  endfacet
  facet normal -0 0 1
    outer loop
      vertex -16.2789 -8.89583 4
      vertex -15.8435 -9.65002 4
      vertex -16.2558 -8.88253 4
    endloop
  endfacet
  facet normal 0 0 1
    outer loop
      vertex -16.2789 -8.89583 4
      vertex -21.0307 -12.6458 4
      vertex -15.8435 -9.65002 4
    endloop
  endfacet
  facet normal -0 0 1
    outer loop
      vertex -21.4669 -11.8902 4
      vertex -21.0307 -12.6458 4
      vertex -16.2789 -8.89583 4
    endloop
  endfacet
  facet normal 0 0 1
    outer loop
      vertex -21.0307 -12.6458 4
      vertex -21.4669 -11.8902 4
      vertex -21.0389 -12.6514 4
    endloop
  endfacet
  facet normal -0 0 1
    outer loop
      vertex -21.476 -11.8945 4
      vertex -21.0389 -12.6514 4
      vertex -21.4669 -11.8902 4
    endloop
  endfacet
  facet normal 0 0 1
    outer loop
      vertex -9.89949 -9.89949 4
      vertex -12.9163 -13.2785 4
      vertex -12.9155 -13.2794 4
    endloop
  endfacet
  facet normal 0 0 1
    outer loop
      vertex -14.7504 -11.2061 4
      vertex -12.5562 -6.19204 4
      vertex -12.9343 -5.35757 4
    endloop
  endfacet
  facet normal 0 0 1
    outer loop
      vertex -14.7504 -11.2061 4
      vertex -12.9343 -5.35757 4
      vertex -13.257 -4.50015 4
    endloop
  endfacet
  facet normal 0 0 1
    outer loop
      vertex -14.7504 -11.2061 4
      vertex -13.257 -4.50015 4
      vertex -13.523 -3.62347 4
    endloop
  endfacet
  facet normal 0 0 1
    outer loop
      vertex -14.7504 -11.2061 4
      vertex -13.523 -3.62347 4
      vertex -13.731 -2.73126 4
    endloop
  endfacet
  facet normal 0 0 1
    outer loop
      vertex -14.7504 -11.2061 4
      vertex -13.731 -2.73126 4
      vertex -13.8802 -1.82737 4
    endloop
  endfacet
  facet normal 0 0 1
    outer loop
      vertex -14.7504 -11.2061 4
      vertex -13.8802 -1.82737 4
      vertex -13.97 -0.915644 4
    endloop
  endfacet
  facet normal 0 0 1
    outer loop
      vertex -12.1244 -7 4
      vertex -14.2074 -11.887 4
      vertex -12.9163 -13.2785 4
    endloop
  endfacet
  facet normal 0 0 1
    outer loop
      vertex -14.7504 -11.2061 4
      vertex -13.97 -0.915644 4
      vertex -14 0 4
    endloop
  endfacet
  facet normal 0 0 1
    outer loop
      vertex -12.9343 5.35757 4
      vertex -17.3982 6.36051 4
      vertex -13.257 4.50015 4
    endloop
  endfacet
  facet normal 0 0 1
    outer loop
      vertex -14.7504 11.2061 4
      vertex -14.2074 11.887 4
      vertex -14.2282 11.9036 4
    endloop
  endfacet
  facet normal -0 0 1
    outer loop
      vertex -17.3985 6.35937 4
      vertex -13.257 4.50015 4
      vertex -17.3982 6.36051 4
    endloop
  endfacet
  facet normal 0 0 1
    outer loop
      vertex -12.1244 -7 4
      vertex -14.7504 -11.2061 4
      vertex -14.2074 -11.887 4
    endloop
  endfacet
  facet normal 0 0 1
    outer loop
      vertex -14.2282 11.9036 4
      vertex -14.7712 11.2227 4
      vertex -14.7504 11.2061 4
    endloop
  endfacet
  facet normal 0 0 1
    outer loop
      vertex -18.911 15.639 4
      vertex -14.7712 11.2227 4
      vertex -14.2282 11.9036 4
    endloop
  endfacet
  facet normal 0 0 1
    outer loop
      vertex -19.455 14.9569 4
      vertex -18.911 15.639 4
      vertex -18.911 15.6391 4
    endloop
  endfacet
  facet normal 0 0 1
    outer loop
      vertex -19.4551 14.9569 4
      vertex -18.911 15.6391 4
      vertex -18.9183 15.6458 4
    endloop
  endfacet
  facet normal 0 0 1
    outer loop
      vertex -18.911 15.639 4
      vertex -19.455 14.9569 4
      vertex -14.7712 11.2227 4
    endloop
  endfacet
  facet normal 0 0 1
    outer loop
      vertex -18.9148 15.6496 4
      vertex -20.2058 16.3623 4
      vertex -18.9183 15.6458 4
    endloop
  endfacet
  facet normal 0 0 1
    outer loop
      vertex -18.911 15.6391 4
      vertex -19.4551 14.9569 4
      vertex -19.455 14.9569 4
    endloop
  endfacet
  facet normal 0 0 1
    outer loop
      vertex -18.9183 15.6458 4
      vertex -19.4633 14.9625 4
      vertex -19.4551 14.9569 4
    endloop
  endfacet
  facet normal 0 0 1
    outer loop
      vertex -18.9183 15.6458 4
      vertex -20.2058 16.3623 4
      vertex -19.4633 14.9625 4
    endloop
  endfacet
  facet normal -0 0 1
    outer loop
      vertex -21.0344 15.2824 4
      vertex -19.4633 14.9625 4
      vertex -20.2058 16.3623 4
    endloop
  endfacet
  facet normal 0 0 1
    outer loop
      vertex -21.8054 14.1606 4
      vertex -19.4633 14.9625 4
      vertex -21.0344 15.2824 4
    endloop
  endfacet
  facet normal 0 0 1
    outer loop
      vertex -19.4633 14.9625 4
      vertex -21.8054 14.1606 4
      vertex -21.036 12.6557 4
    endloop
  endfacet
  facet normal -0 0 1
    outer loop
      vertex -22.5167 13 4
      vertex -21.036 12.6557 4
      vertex -21.8054 14.1606 4
    endloop
  endfacet
  facet normal 0 0 1
    outer loop
      vertex -21.036 12.6557 4
      vertex -22.5167 13 4
      vertex -21.0389 12.6515 4
    endloop
  endfacet
  facet normal 0 0 1
    outer loop
      vertex -21.0389 12.6514 4
      vertex -21.476 11.8945 4
      vertex -21.4669 11.8902 4
    endloop
  endfacet
  facet normal 0 0 -1
    outer loop
      vertex -21.4669 11.8902 4
      vertex -21.476 11.8945 4
      vertex -21.4759 11.8945 4
    endloop
  endfacet
  facet normal 0 0 1
    outer loop
      vertex -21.0389 12.6515 4
      vertex -22.5167 13 4
      vertex -21.476 11.8945 4
    endloop
  endfacet
  facet normal 0 0 1
    outer loop
      vertex -21.476 11.8945 4
      vertex -22.5167 13 4
      vertex -21.4782 11.8899 4
    endloop
  endfacet
  facet normal 0 0 1
    outer loop
      vertex -23.1662 11.8038 4
      vertex -21.4782 11.8899 4
      vertex -22.5167 13 4
    endloop
  endfacet
  facet normal 0 0 1
    outer loop
      vertex -21.4782 11.8899 4
      vertex -23.1662 11.8038 4
      vertex -22.6895 9.37446 4
    endloop
  endfacet
  facet normal -0 0 1
    outer loop
      vertex -23.7522 10.5752 4
      vertex -22.6895 9.37446 4
      vertex -23.1662 11.8038 4
    endloop
  endfacet
  facet normal 0 0 1
    outer loop
      vertex -24.2731 9.31757 4
      vertex -22.6895 9.37446 4
      vertex -23.7522 10.5752 4
    endloop
  endfacet
  facet normal 0 0 1
    outer loop
      vertex -22.6805 9.37012 4
      vertex -22.9994 8.55791 4
      vertex -22.9993 8.55789 4
    endloop
  endfacet
  facet normal 0 0 1
    outer loop
      vertex -22.6895 9.37446 4
      vertex -23.0089 8.56084 4
      vertex -22.9994 8.55791 4
    endloop
  endfacet
  facet normal 0 0 1
    outer loop
      vertex -22.6895 9.37446 4
      vertex -24.2731 9.31757 4
      vertex -23.0089 8.56084 4
    endloop
  endfacet
  facet normal 0 0 1
    outer loop
      vertex -24.7275 8.03444 4
      vertex -23.0089 8.56084 4
      vertex -24.2731 9.31757 4
    endloop
  endfacet
  facet normal 0 0 1
    outer loop
      vertex -23.0089 8.56084 4
      vertex -24.7275 8.03444 4
      vertex -23.8318 5.89299 4
    endloop
  endfacet
  facet normal -0 0 1
    outer loop
      vertex -25.1141 6.72929 4
      vertex -23.8318 5.89299 4
      vertex -24.7275 8.03444 4
    endloop
  endfacet
  facet normal 0 0 1
    outer loop
      vertex -23.8318 5.89299 4
      vertex -25.1141 6.72929 4
      vertex -23.8333 5.88806 4
    endloop
  endfacet
  facet normal 0 0 1
    outer loop
      vertex -23.8333 5.88806 4
      vertex -24.0278 5.03593 4
      vertex -24.0179 5.03444 4
    endloop
  endfacet
  facet normal 0 0 1
    outer loop
      vertex -25.4318 5.4057 4
      vertex -23.8333 5.88806 4
      vertex -25.1141 6.72929 4
    endloop
  endfacet
  facet normal 0 0 1
    outer loop
      vertex -23.8333 5.88806 4
      vertex -25.4318 5.4057 4
      vertex -24.0278 5.03593 4
    endloop
  endfacet
  facet normal 0 0 1
    outer loop
      vertex -24.0278 5.03593 4
      vertex -25.4318 5.4057 4
      vertex -24.0286 5.03083 4
    endloop
  endfacet
  facet normal 0 0 1
    outer loop
      vertex -25.6799 4.0673 4
      vertex -24.0286 5.03083 4
      vertex -25.4318 5.4057 4
    endloop
  endfacet
  facet normal 0 0 1
    outer loop
      vertex -24.4447 2.27012 4
      vertex -24.51 1.39852 4
      vertex -24.5 1.39852 4
    endloop
  endfacet
  facet normal 0 0 1
    outer loop
      vertex -7.77798 -11.6406 4
      vertex -10.793 -15.0553 4
      vertex -10.792 -15.056 4
    endloop
  endfacet
  facet normal 0 0 1
    outer loop
      vertex -12.9163 -13.2785 4
      vertex -10.5258 -9.23084 4
      vertex -11.1069 -8.52266 4
    endloop
  endfacet
  facet normal 0 0 1
    outer loop
      vertex -12.9163 -13.2785 4
      vertex -11.1069 -8.52266 4
      vertex -11.6406 -7.77798 4
    endloop
  endfacet
  facet normal 0 0 1
    outer loop
      vertex -12.9163 -13.2785 4
      vertex -11.6406 -7.77798 4
      vertex -12.1244 -7 4
    endloop
  endfacet
  facet normal 0 0 1
    outer loop
      vertex -9.89949 -9.89949 4
      vertex -12.2771 -13.8717 4
      vertex -10.793 -15.0553 4
    endloop
  endfacet
  facet normal 0 0 1
    outer loop
      vertex -9.89949 -9.89949 4
      vertex -12.9155 -13.2794 4
      vertex -12.2771 -13.8717 4
    endloop
  endfacet
  facet normal 0 0 1
    outer loop
      vertex -14.7504 -11.2061 4
      vertex -12.1244 -7 4
      vertex -12.5562 -6.19204 4
    endloop
  endfacet
  facet normal 0 0 1
    outer loop
      vertex -12.2771 -13.8717 4
      vertex -12.9155 -13.2794 4
      vertex -12.2952 -13.8912 4
    endloop
  endfacet
  facet normal -0 0 1
    outer loop
      vertex -12.9336 -13.2989 4
      vertex -12.2952 -13.8912 4
      vertex -12.9155 -13.2794 4
    endloop
  endfacet
  facet normal 0 0 1
    outer loop
      vertex -12.9336 -13.2989 4
      vertex -16.3689 -18.2829 4
      vertex -12.2952 -13.8912 4
    endloop
  endfacet
  facet normal -0 0 1
    outer loop
      vertex -17.0085 -17.6894 4
      vertex -16.3689 -18.2829 4
      vertex -12.9336 -13.2989 4
    endloop
  endfacet
  facet normal 0 0 1
    outer loop
      vertex -16.3689 -18.2829 4
      vertex -17.0085 -17.6894 4
      vertex -16.3751 -18.2907 4
    endloop
  endfacet
  facet normal -0 0 1
    outer loop
      vertex -17.0159 -17.6962 4
      vertex -16.3751 -18.2907 4
      vertex -17.0085 -17.6894 4
    endloop
  endfacet
  facet normal -0 0 1
    outer loop
      vertex -12.9155 13.2794 4
      vertex -9.23084 10.5258 4
      vertex -12.2771 13.8717 4
    endloop
  endfacet
  facet normal 0 0 1
    outer loop
      vertex -9.23084 10.5258 4
      vertex -12.9155 13.2794 4
      vertex -9.89949 9.89949 4
    endloop
  endfacet
  facet normal -0 0 1
    outer loop
      vertex -12.9163 13.2785 4
      vertex -9.89949 9.89949 4
      vertex -12.9155 13.2794 4
    endloop
  endfacet
  facet normal 0 0 1
    outer loop
      vertex -9.89949 9.89949 4
      vertex -12.9163 13.2785 4
      vertex -10.5258 9.23084 4
    endloop
  endfacet
  facet normal -0 0 1
    outer loop
      vertex -14.2074 11.887 4
      vertex -10.5258 9.23084 4
      vertex -12.9163 13.2785 4
    endloop
  endfacet
  facet normal 0 0 1
    outer loop
      vertex -12.9155 13.2794 4
      vertex -12.2771 13.8717 4
      vertex -12.2952 13.8912 4
    endloop
  endfacet
  facet normal 0 0 1
    outer loop
      vertex -10.5258 9.23084 4
      vertex -14.2074 11.887 4
      vertex -11.1069 8.52266 4
    endloop
  endfacet
  facet normal -0 0 1
    outer loop
      vertex -14.7504 11.2061 4
      vertex -11.1069 8.52266 4
      vertex -14.2074 11.887 4
    endloop
  endfacet
  facet normal 0 0 1
    outer loop
      vertex -12.2952 13.8912 4
      vertex -12.9336 13.2989 4
      vertex -12.9155 13.2794 4
    endloop
  endfacet
  facet normal 0 0 1
    outer loop
      vertex -16.3689 18.2829 4
      vertex -12.9336 13.2989 4
      vertex -12.2952 13.8912 4
    endloop
  endfacet
  facet normal 0 0 1
    outer loop
      vertex -17.0085 17.6894 4
      vertex -16.3689 18.2829 4
      vertex -16.3751 18.2907 4
    endloop
  endfacet
  facet normal 0 0 1
    outer loop
      vertex -16.3689 18.2829 4
      vertex -17.0085 17.6894 4
      vertex -12.9336 13.2989 4
    endloop
  endfacet
  facet normal -0 0 1
    outer loop
      vertex -14.7511 11.2051 4
      vertex -11.1069 8.52266 4
      vertex -14.7504 11.2061 4
    endloop
  endfacet
  facet normal 0 0 1
    outer loop
      vertex -11.1069 8.52266 4
      vertex -14.7511 11.2051 4
      vertex -11.6406 7.77798 4
    endloop
  endfacet
  facet normal -0 0 1
    outer loop
      vertex -15.8204 9.63671 4
      vertex -11.6406 7.77798 4
      vertex -14.7511 11.2051 4
    endloop
  endfacet
  facet normal 0 0 1
    outer loop
      vertex -11.6406 7.77798 4
      vertex -15.8204 9.63671 4
      vertex -12.1244 7 4
    endloop
  endfacet
  facet normal -0 0 1
    outer loop
      vertex -16.2558 8.88253 4
      vertex -12.1244 7 4
      vertex -15.8204 9.63671 4
    endloop
  endfacet
  facet normal 0 0 1
    outer loop
      vertex -12.1244 7 4
      vertex -16.2558 8.88253 4
      vertex -12.5562 6.19204 4
    endloop
  endfacet
  facet normal -0 0 1
    outer loop
      vertex -17.0795 7.17224 4
      vertex -12.5562 6.19204 4
      vertex -16.2558 8.88253 4
    endloop
  endfacet
  facet normal -0 0 1
    outer loop
      vertex -17.3982 6.36051 4
      vertex -12.9343 5.35757 4
      vertex -17.0795 7.17224 4
    endloop
  endfacet
  facet normal 0 0 1
    outer loop
      vertex -12.5562 6.19204 4
      vertex -17.0795 7.17224 4
      vertex -12.9343 5.35757 4
    endloop
  endfacet
  facet normal 0 0 1
    outer loop
      vertex -10.793 -15.0553 4
      vertex -7.77798 -11.6406 4
      vertex -8.52266 -11.1069 4
    endloop
  endfacet
  facet normal 0 0 1
    outer loop
      vertex -10.793 -15.0553 4
      vertex -8.52266 -11.1069 4
      vertex -9.23084 -10.5258 4
    endloop
  endfacet
  facet normal 0 0 1
    outer loop
      vertex -10.793 -15.0553 4
      vertex -9.23084 -10.5258 4
      vertex -9.89949 -9.89949 4
    endloop
  endfacet
  facet normal 0 0 1
    outer loop
      vertex -7.77798 -11.6406 4
      vertex -10.0715 -15.5472 4
      vertex -8.42751 -16.4963 4
    endloop
  endfacet
  facet normal 0 0 1
    outer loop
      vertex -7.77798 -11.6406 4
      vertex -10.0725 -15.5466 4
      vertex -10.0715 -15.5472 4
    endloop
  endfacet
  facet normal 0 0 1
    outer loop
      vertex -7.77798 -11.6406 4
      vertex -10.792 -15.056 4
      vertex -10.0725 -15.5466 4
    endloop
  endfacet
  facet normal 0 0 1
    outer loop
      vertex -12.9163 -13.2785 4
      vertex -9.89949 -9.89949 4
      vertex -10.5258 -9.23084 4
    endloop
  endfacet
  facet normal 0 0 1
    outer loop
      vertex -10.0725 -15.5466 4
      vertex -10.792 -15.056 4
      vertex -10.0875 -15.5686 4
    endloop
  endfacet
  facet normal -0 0 1
    outer loop
      vertex -10.807 -15.078 4
      vertex -10.0875 -15.5686 4
      vertex -10.792 -15.056 4
    endloop
  endfacet
  facet normal 0 0 1
    outer loop
      vertex -10.807 -15.078 4
      vertex -13.4612 -20.5184 4
      vertex -10.0875 -15.5686 4
    endloop
  endfacet
  facet normal -0 0 1
    outer loop
      vertex -14.1821 -20.0268 4
      vertex -13.4612 -20.5184 4
      vertex -10.807 -15.078 4
    endloop
  endfacet
  facet normal 0 0 1
    outer loop
      vertex -13.4612 -20.5184 4
      vertex -14.1821 -20.0268 4
      vertex -13.4662 -20.527 4
    endloop
  endfacet
  facet normal -0 0 1
    outer loop
      vertex -14.1821 -20.0269 4
      vertex -13.4662 -20.527 4
      vertex -14.1821 -20.0268 4
    endloop
  endfacet
  facet normal -0 0 1
    outer loop
      vertex -14.1883 -20.0347 4
      vertex -13.4662 -20.527 4
      vertex -14.1821 -20.0269 4
    endloop
  endfacet
  facet normal 0 0 1
    outer loop
      vertex -13.4662 -20.527 4
      vertex -14.1883 -20.0347 4
      vertex -14.1606 -21.8054 4
    endloop
  endfacet
  facet normal 0 0 1
    outer loop
      vertex -15.2824 -21.0344 4
      vertex -14.1883 -20.0347 4
      vertex -14.1924 -20.0314 4
    endloop
  endfacet
  facet normal 0 0 1
    outer loop
      vertex -14.1883 -20.0347 4
      vertex -15.2824 -21.0344 4
      vertex -14.1606 -21.8054 4
    endloop
  endfacet
  facet normal 0 0 1
    outer loop
      vertex -14.1924 -20.0314 4
      vertex -16.3623 -20.2058 4
      vertex -15.2824 -21.0344 4
    endloop
  endfacet
  facet normal 0 0 1
    outer loop
      vertex -16.3751 -18.2907 4
      vertex -16.3623 -20.2058 4
      vertex -14.1924 -20.0314 4
    endloop
  endfacet
  facet normal 0 0 1
    outer loop
      vertex -17.3974 -19.3218 4
      vertex -16.3751 -18.2907 4
      vertex -17.0159 -17.6962 4
    endloop
  endfacet
  facet normal 0 0 1
    outer loop
      vertex -16.3751 -18.2907 4
      vertex -17.3974 -19.3218 4
      vertex -16.3623 -20.2058 4
    endloop
  endfacet
  facet normal 0 0 1
    outer loop
      vertex -17.0159 -17.6962 4
      vertex -18.3848 -18.3848 4
      vertex -17.3974 -19.3218 4
    endloop
  endfacet
  facet normal -0 0 1
    outer loop
      vertex -19.3218 -17.3974 4
      vertex -17.0159 -17.6962 4
      vertex -18.9148 -15.6496 4
    endloop
  endfacet
  facet normal 0 0 1
    outer loop
      vertex -19.3218 -17.3974 4
      vertex -18.9148 -15.6496 4
      vertex -18.9183 -15.6458 4
    endloop
  endfacet
  facet normal 0 0 1
    outer loop
      vertex -17.0159 -17.6962 4
      vertex -19.3218 -17.3974 4
      vertex -18.3848 -18.3848 4
    endloop
  endfacet
  facet normal 0 0 1
    outer loop
      vertex -7 12.1244 4
      vertex -10.0715 15.5472 4
      vertex -7.77798 11.6406 4
    endloop
  endfacet
  facet normal -0 0 1
    outer loop
      vertex -10.0725 15.5466 4
      vertex -7.77798 11.6406 4
      vertex -10.0715 15.5472 4
    endloop
  endfacet
  facet normal -0 0 1
    outer loop
      vertex -10.792 15.056 4
      vertex -7.77798 11.6406 4
      vertex -10.0725 15.5466 4
    endloop
  endfacet
  facet normal -0 0 1
    outer loop
      vertex -10.793 15.0553 4
      vertex -7.77798 11.6406 4
      vertex -10.792 15.056 4
    endloop
  endfacet
  facet normal 0 0 1
    outer loop
      vertex -7.77798 11.6406 4
      vertex -10.793 15.0553 4
      vertex -8.52266 11.1069 4
    endloop
  endfacet
  facet normal 0 0 1
    outer loop
      vertex -10.792 15.056 4
      vertex -10.0725 15.5466 4
      vertex -10.0875 15.5686 4
    endloop
  endfacet
  facet normal -0 0 1
    outer loop
      vertex -12.2771 13.8717 4
      vertex -8.52266 11.1069 4
      vertex -10.793 15.0553 4
    endloop
  endfacet
  facet normal 0 0 1
    outer loop
      vertex -8.52266 11.1069 4
      vertex -12.2771 13.8717 4
      vertex -9.23084 10.5258 4
    endloop
  endfacet
  facet normal 0 0 1
    outer loop
      vertex -10.0875 15.5686 4
      vertex -10.807 15.078 4
      vertex -10.792 15.056 4
    endloop
  endfacet
  facet normal 0 0 1
    outer loop
      vertex -13.4612 20.5184 4
      vertex -10.807 15.078 4
      vertex -10.0875 15.5686 4
    endloop
  endfacet
  facet normal 0 0 1
    outer loop
      vertex -14.1821 20.0268 4
      vertex -13.4612 20.5184 4
      vertex -13.4662 20.527 4
    endloop
  endfacet
  facet normal 0 0 1
    outer loop
      vertex -14.1883 20.0347 4
      vertex -13.4662 20.527 4
      vertex -14.1606 21.8054 4
    endloop
  endfacet
  facet normal 0 0 1
    outer loop
      vertex -13.4612 20.5184 4
      vertex -14.1821 20.0268 4
      vertex -10.807 15.078 4
    endloop
  endfacet
  facet normal 0 0 1
    outer loop
      vertex -13.4662 20.527 4
      vertex -14.1821 20.0269 4
      vertex -14.1821 20.0268 4
    endloop
  endfacet
  facet normal 0 0 1
    outer loop
      vertex -13.4662 20.527 4
      vertex -14.1883 20.0347 4
      vertex -14.1821 20.0269 4
    endloop
  endfacet
  facet normal -0 0 1
    outer loop
      vertex -15.2824 21.0344 4
      vertex -14.1883 20.0347 4
      vertex -14.1606 21.8054 4
    endloop
  endfacet
  facet normal 0 0 1
    outer loop
      vertex -14.1883 20.0347 4
      vertex -15.2824 21.0344 4
      vertex -14.1924 20.0314 4
    endloop
  endfacet
  facet normal -0 0 1
    outer loop
      vertex -16.3623 20.2058 4
      vertex -14.1924 20.0314 4
      vertex -15.2824 21.0344 4
    endloop
  endfacet
  facet normal 0 0 1
    outer loop
      vertex -16.3623 20.2058 4
      vertex -16.3751 18.2907 4
      vertex -14.1924 20.0314 4
    endloop
  endfacet
  facet normal -0 0 1
    outer loop
      vertex -17.3974 19.3218 4
      vertex -16.3751 18.2907 4
      vertex -16.3623 20.2058 4
    endloop
  endfacet
  facet normal 0 0 1
    outer loop
      vertex -16.3751 18.2907 4
      vertex -17.0159 17.6962 4
      vertex -17.0085 17.6894 4
    endloop
  endfacet
  facet normal 0 0 1
    outer loop
      vertex -16.3751 18.2907 4
      vertex -17.3974 19.3218 4
      vertex -17.0159 17.6962 4
    endloop
  endfacet
  facet normal -0 0 1
    outer loop
      vertex -18.3848 18.3848 4
      vertex -17.0159 17.6962 4
      vertex -17.3974 19.3218 4
    endloop
  endfacet
  facet normal 0 0 1
    outer loop
      vertex -19.3218 17.3974 4
      vertex -17.0159 17.6962 4
      vertex -18.3848 18.3848 4
    endloop
  endfacet
  facet normal 0 0 1
    outer loop
      vertex -17.0159 17.6962 4
      vertex -19.3218 17.3974 4
      vertex -18.9148 15.6496 4
    endloop
  endfacet
  facet normal -0 0 1
    outer loop
      vertex -20.2058 16.3623 4
      vertex -18.9148 15.6496 4
      vertex -19.3218 17.3974 4
    endloop
  endfacet
  facet normal 0 0 1
    outer loop
      vertex -7.64178 -16.8746 4
      vertex -5.35757 -12.9343 4
      vertex -6.19204 -12.5562 4
    endloop
  endfacet
  facet normal 0 0 1
    outer loop
      vertex -8.42751 -16.4963 4
      vertex -6.19204 -12.5562 4
      vertex -7 -12.1244 4
    endloop
  endfacet
  facet normal 0 0 1
    outer loop
      vertex -5.35757 -12.9343 4
      vertex -7.64178 -16.8746 4
      vertex -5.87473 -17.5681 4
    endloop
  endfacet
  facet normal 0 0 1
    outer loop
      vertex -6.19204 -12.5562 4
      vertex -7.64289 -16.8742 4
      vertex -7.64178 -16.8746 4
    endloop
  endfacet
  facet normal 0 0 1
    outer loop
      vertex -6.19204 -12.5562 4
      vertex -8.42751 -16.4963 4
      vertex -7.64289 -16.8742 4
    endloop
  endfacet
  facet normal 0 0 1
    outer loop
      vertex -8.42751 -16.4963 4
      vertex -7 -12.1244 4
      vertex -7.77798 -11.6406 4
    endloop
  endfacet
  facet normal 0 0 1
    outer loop
      vertex -7.64289 -16.8742 4
      vertex -8.42751 -16.4963 4
      vertex -7.65443 -16.8982 4
    endloop
  endfacet
  facet normal -0 0 1
    outer loop
      vertex -8.43906 -16.5203 4
      vertex -7.65443 -16.8982 4
      vertex -8.42751 -16.4963 4
    endloop
  endfacet
  facet normal 0 0 1
    outer loop
      vertex -8.43906 -16.5203 4
      vertex -10.2527 -22.2955 4
      vertex -7.65443 -16.8982 4
    endloop
  endfacet
  facet normal -0 0 1
    outer loop
      vertex -11.0388 -21.9169 4
      vertex -10.2527 -22.2955 4
      vertex -8.43906 -16.5203 4
    endloop
  endfacet
  facet normal 0 0 1
    outer loop
      vertex -10.2527 -22.2955 4
      vertex -11.0388 -21.9169 4
      vertex -10.2563 -22.3047 4
    endloop
  endfacet
  facet normal -0 0 1
    outer loop
      vertex -11.0438 -21.9255 4
      vertex -10.2563 -22.3047 4
      vertex -11.0388 -21.9169 4
    endloop
  endfacet
  facet normal 0 0 1
    outer loop
      vertex -10.2563 -22.3047 4
      vertex -11.0438 -21.9255 4
      vertex -10.2564 -22.3048 4
    endloop
  endfacet
  facet normal 0 0 1
    outer loop
      vertex -11.8038 -23.1662 4
      vertex -10.2564 -22.3048 4
      vertex -11.0438 -21.9255 4
    endloop
  endfacet
  facet normal 0 0 1
    outer loop
      vertex -10.2564 -22.3048 4
      vertex -11.8038 -23.1662 4
      vertex -10.5752 -23.7522 4
    endloop
  endfacet
  facet normal 0 0 1
    outer loop
      vertex -11.0438 -21.9255 4
      vertex -13 -22.5167 4
      vertex -11.8038 -23.1662 4
    endloop
  endfacet
  facet normal 0 0 1
    outer loop
      vertex -13.4617 -20.5296 4
      vertex -13 -22.5167 4
      vertex -11.0438 -21.9255 4
    endloop
  endfacet
  facet normal 0 0 1
    outer loop
      vertex -14.1606 -21.8054 4
      vertex -13.4617 -20.5296 4
      vertex -13.4662 -20.527 4
    endloop
  endfacet
  facet normal 0 0 1
    outer loop
      vertex -13.4617 -20.5296 4
      vertex -14.1606 -21.8054 4
      vertex -13 -22.5167 4
    endloop
  endfacet
  facet normal -0 0 1
    outer loop
      vertex -7.64178 16.8746 4
      vertex -5.35757 12.9343 4
      vertex -5.87473 17.5681 4
    endloop
  endfacet
  facet normal 0 0 1
    outer loop
      vertex -5.35757 12.9343 4
      vertex -7.64178 16.8746 4
      vertex -6.19204 12.5562 4
    endloop
  endfacet
  facet normal -0 0 1
    outer loop
      vertex -7.64289 16.8742 4
      vertex -6.19204 12.5562 4
      vertex -7.64178 16.8746 4
    endloop
  endfacet
  facet normal -0 0 1
    outer loop
      vertex -8.42751 16.4963 4
      vertex -6.19204 12.5562 4
      vertex -7.64289 16.8742 4
    endloop
  endfacet
  facet normal 0 0 1
    outer loop
      vertex -8.42751 16.4963 4
      vertex -7.64289 16.8742 4
      vertex -7.65443 16.8982 4
    endloop
  endfacet
  facet normal 0 0 1
    outer loop
      vertex -6.19204 12.5562 4
      vertex -8.42751 16.4963 4
      vertex -7 12.1244 4
    endloop
  endfacet
  facet normal -0 0 1
    outer loop
      vertex -10.0715 15.5472 4
      vertex -7 12.1244 4
      vertex -8.42751 16.4963 4
    endloop
  endfacet
  facet normal 0 0 1
    outer loop
      vertex -7.65443 16.8982 4
      vertex -8.43906 16.5203 4
      vertex -8.42751 16.4963 4
    endloop
  endfacet
  facet normal 0 0 1
    outer loop
      vertex -10.2527 22.2955 4
      vertex -8.43906 16.5203 4
      vertex -7.65443 16.8982 4
    endloop
  endfacet
  facet normal 0 0 1
    outer loop
      vertex -11.0388 21.9169 4
      vertex -10.2527 22.2955 4
      vertex -10.2563 22.3047 4
    endloop
  endfacet
  facet normal 0 0 1
    outer loop
      vertex -11.0438 21.9255 4
      vertex -10.2563 22.3047 4
      vertex -10.2564 22.3048 4
    endloop
  endfacet
  facet normal 0 0 1
    outer loop
      vertex -10.2527 22.2955 4
      vertex -11.0388 21.9169 4
      vertex -8.43906 16.5203 4
    endloop
  endfacet
  facet normal -0 0 1
    outer loop
      vertex -11.8038 23.1662 4
      vertex -10.2564 22.3048 4
      vertex -10.5752 23.7522 4
    endloop
  endfacet
  facet normal 0 0 1
    outer loop
      vertex -10.2563 22.3047 4
      vertex -11.0438 21.9255 4
      vertex -11.0388 21.9169 4
    endloop
  endfacet
  facet normal 0 0 1
    outer loop
      vertex -10.2564 22.3048 4
      vertex -11.8038 23.1662 4
      vertex -11.0438 21.9255 4
    endloop
  endfacet
  facet normal -0 0 1
    outer loop
      vertex -13 22.5167 4
      vertex -11.0438 21.9255 4
      vertex -11.8038 23.1662 4
    endloop
  endfacet
  facet normal 0 0 1
    outer loop
      vertex -13 22.5167 4
      vertex -13.4617 20.5296 4
      vertex -11.0438 21.9255 4
    endloop
  endfacet
  facet normal -0 0 1
    outer loop
      vertex -14.1606 21.8054 4
      vertex -13.4617 20.5296 4
      vertex -13 22.5167 4
    endloop
  endfacet
  facet normal 0 0 1
    outer loop
      vertex -13.4617 20.5296 4
      vertex -14.1606 21.8054 4
      vertex -13.4662 20.527 4
    endloop
  endfacet
  facet normal 0 0 1
    outer loop
      vertex -5.0414 -17.8251 4
      vertex -2.73126 -13.731 4
      vertex -3.62347 -13.523 4
    endloop
  endfacet
  facet normal 0 0 1
    outer loop
      vertex -5.04256 -17.8248 4
      vertex -3.62347 -13.523 4
      vertex -4.50015 -13.257 4
    endloop
  endfacet
  facet normal 0 0 1
    outer loop
      vertex -2.73126 -13.731 4
      vertex -5.0414 -17.8251 4
      vertex -3.19072 -18.2475 4
    endloop
  endfacet
  facet normal 0 0 1
    outer loop
      vertex -3.62347 -13.523 4
      vertex -5.04256 -17.8248 4
      vertex -5.0414 -17.8251 4
    endloop
  endfacet
  facet normal -0 0 1
    outer loop
      vertex -5.87473 -17.5681 4
      vertex -5.04256 -17.8248 4
      vertex -4.50015 -13.257 4
    endloop
  endfacet
  facet normal 0 0 1
    outer loop
      vertex -5.87473 -17.5681 4
      vertex -4.50015 -13.257 4
      vertex -5.35757 -12.9343 4
    endloop
  endfacet
  facet normal 0 0 1
    outer loop
      vertex -5.04256 -17.8248 4
      vertex -5.87473 -17.5681 4
      vertex -5.0504 -17.8503 4
    endloop
  endfacet
  facet normal -0 0 1
    outer loop
      vertex -5.88257 -17.5936 4
      vertex -5.0504 -17.8503 4
      vertex -5.87473 -17.5681 4
    endloop
  endfacet
  facet normal 0 0 1
    outer loop
      vertex -5.88257 -17.5936 4
      vertex -6.81522 -23.5745 4
      vertex -5.0504 -17.8503 4
    endloop
  endfacet
  facet normal -0 0 1
    outer loop
      vertex -7.64901 -23.3173 4
      vertex -6.81522 -23.5745 4
      vertex -5.88257 -17.5936 4
    endloop
  endfacet
  facet normal 0 0 1
    outer loop
      vertex -6.81522 -23.5745 4
      vertex -7.64901 -23.3173 4
      vertex -6.81523 -23.5746 4
    endloop
  endfacet
  facet normal 0 0 1
    outer loop
      vertex -6.81523 -23.5746 4
      vertex -7.64901 -23.3173 4
      vertex -6.81745 -23.5843 4
    endloop
  endfacet
  facet normal -0 0 1
    outer loop
      vertex -0.436615 18.5192 4
      vertex 0 14 4
      vertex -0.43543 18.5192 4
    endloop
  endfacet
  facet normal 0 0 1
    outer loop
      vertex -0.436615 18.5192 4
      vertex -0.915644 13.97 4
      vertex 0 14 4
    endloop
  endfacet
  facet normal -0 0 1
    outer loop
      vertex -2.32958 18.3773 4
      vertex -0.915644 13.97 4
      vertex -0.436615 18.5192 4
    endloop
  endfacet
  facet normal 0 0 1
    outer loop
      vertex -0.915644 13.97 4
      vertex -2.32958 18.3773 4
      vertex -1.82737 13.8802 4
    endloop
  endfacet
  facet normal 0 0 1
    outer loop
      vertex -3.19072 18.2475 4
      vertex -2.32958 18.3773 4
      vertex -2.33355 18.4036 4
    endloop
  endfacet
  facet normal 0 0 1
    outer loop
      vertex -2.32958 18.3773 4
      vertex -3.19072 18.2475 4
      vertex -1.82737 13.8802 4
    endloop
  endfacet
  facet normal 0 0 1
    outer loop
      vertex -1.82737 13.8802 4
      vertex -3.19072 18.2475 4
      vertex -2.73126 13.731 4
    endloop
  endfacet
  facet normal 0 0 1
    outer loop
      vertex -2.33355 18.4036 4
      vertex -3.19469 18.2738 4
      vertex -3.19072 18.2475 4
    endloop
  endfacet
  facet normal 0 0 1
    outer loop
      vertex -3.2255 24.327 4
      vertex -3.19469 18.2738 4
      vertex -2.33355 18.4036 4
    endloop
  endfacet
  facet normal 0 0 1
    outer loop
      vertex -4.0883 24.1969 4
      vertex -3.2255 24.327 4
      vertex -3.22625 24.337 4
    endloop
  endfacet
  facet normal 0 0 1
    outer loop
      vertex -4.09053 24.2067 4
      vertex -3.22625 24.337 4
      vertex -4.0673 25.6799 4
    endloop
  endfacet
  facet normal 0 0 1
    outer loop
      vertex -3.2255 24.327 4
      vertex -4.0883 24.1969 4
      vertex -3.19469 18.2738 4
    endloop
  endfacet
  facet normal 0 0 1
    outer loop
      vertex -3.22625 24.337 4
      vertex -4.09053 24.2067 4
      vertex -4.0883 24.1969 4
    endloop
  endfacet
  facet normal -0 0 1
    outer loop
      vertex -5.4057 25.4318 4
      vertex -4.09053 24.2067 4
      vertex -4.0673 25.6799 4
    endloop
  endfacet
  facet normal 0 0 1
    outer loop
      vertex -6.81242 23.5854 4
      vertex -5.4057 25.4318 4
      vertex -6.72929 25.1141 4
    endloop
  endfacet
  facet normal 0 0 1
    outer loop
      vertex -5.4057 25.4318 4
      vertex -6.81242 23.5854 4
      vertex -4.09053 24.2067 4
    endloop
  endfacet
  facet normal 0 0 1
    outer loop
      vertex -6.72929 25.1141 4
      vertex -6.81745 23.5843 4
      vertex -6.81242 23.5854 4
    endloop
  endfacet
  facet normal -0 0 1
    outer loop
      vertex -8.03444 24.7275 4
      vertex -6.81745 23.5843 4
      vertex -6.72929 25.1141 4
    endloop
  endfacet
  facet normal 0 0 1
    outer loop
      vertex -6.81745 23.5843 4
      vertex -7.65264 23.3266 4
      vertex -7.64901 23.3173 4
    endloop
  endfacet
  facet normal 0 0 1
    outer loop
      vertex -6.81745 23.5843 4
      vertex -7.65266 23.3267 4
      vertex -7.65264 23.3266 4
    endloop
  endfacet
  facet normal 0 0 1
    outer loop
      vertex -6.81745 23.5843 4
      vertex -8.03444 24.7275 4
      vertex -7.65266 23.3267 4
    endloop
  endfacet
  facet normal -0 0 1
    outer loop
      vertex -9.31757 24.2731 4
      vertex -7.65266 23.3267 4
      vertex -8.03444 24.7275 4
    endloop
  endfacet
  facet normal 0 0 1
    outer loop
      vertex -9.31757 24.2731 4
      vertex -10.2516 22.3067 4
      vertex -7.65266 23.3267 4
    endloop
  endfacet
  facet normal -0 0 1
    outer loop
      vertex -10.5752 23.7522 4
      vertex -10.2516 22.3067 4
      vertex -9.31757 24.2731 4
    endloop
  endfacet
  facet normal 0 0 1
    outer loop
      vertex -10.2516 22.3067 4
      vertex -10.5752 23.7522 4
      vertex -10.2564 22.3048 4
    endloop
  endfacet
  facet normal 0 0 1
    outer loop
      vertex -0.436273 -24.536 4
      vertex 0.436273 -24.536 4
      vertex -0.435433 -18.5459 4
    endloop
  endfacet
  facet normal 0 0 1
    outer loop
      vertex -0.437021 -24.546 4
      vertex 0.436273 -24.536 4
      vertex -0.436273 -24.536 4
    endloop
  endfacet
  facet normal 0 0 1
    outer loop
      vertex 0.436273 -24.536 4
      vertex -0.437021 -24.546 4
      vertex 0 -26 4
    endloop
  endfacet
  facet normal 0 0 1
    outer loop
      vertex -0.437021 -24.546 4
      vertex -1.36073 -25.9644 4
      vertex 0 -26 4
    endloop
  endfacet
  facet normal 0 0 1
    outer loop
      vertex -3.2211 -24.3373 4
      vertex -1.36073 -25.9644 4
      vertex -0.437021 -24.546 4
    endloop
  endfacet
  facet normal 0 0 1
    outer loop
      vertex -1.36073 -25.9644 4
      vertex -3.2211 -24.3373 4
      vertex -2.71774 -25.8576 4
    endloop
  endfacet
  facet normal 0 0 1
    outer loop
      vertex -3.22625 -24.337 4
      vertex -2.71774 -25.8576 4
      vertex -3.2211 -24.3373 4
    endloop
  endfacet
  facet normal 0 0 1
    outer loop
      vertex -2.71774 -25.8576 4
      vertex -3.22625 -24.337 4
      vertex -4.0673 -25.6799 4
    endloop
  endfacet
  facet normal -0 0 1
    outer loop
      vertex -5.0414 17.8251 4
      vertex -2.73126 13.731 4
      vertex -3.19072 18.2475 4
    endloop
  endfacet
  facet normal 0 0 1
    outer loop
      vertex -2.73126 13.731 4
      vertex -5.0414 17.8251 4
      vertex -3.62347 13.523 4
    endloop
  endfacet
  facet normal -0 0 1
    outer loop
      vertex -5.04256 17.8248 4
      vertex -3.62347 13.523 4
      vertex -5.0414 17.8251 4
    endloop
  endfacet
  facet normal 0 0 1
    outer loop
      vertex -3.62347 13.523 4
      vertex -5.04256 17.8248 4
      vertex -4.50015 13.257 4
    endloop
  endfacet
  facet normal 0 0 1
    outer loop
      vertex -5.87473 17.5681 4
      vertex -5.04256 17.8248 4
      vertex -5.0504 17.8503 4
    endloop
  endfacet
  facet normal 0 0 1
    outer loop
      vertex -5.04256 17.8248 4
      vertex -5.87473 17.5681 4
      vertex -4.50015 13.257 4
    endloop
  endfacet
  facet normal 0 0 1
    outer loop
      vertex -4.50015 13.257 4
      vertex -5.87473 17.5681 4
      vertex -5.35757 12.9343 4
    endloop
  endfacet
  facet normal 0 0 1
    outer loop
      vertex -5.0504 17.8503 4
      vertex -5.88257 17.5936 4
      vertex -5.87473 17.5681 4
    endloop
  endfacet
  facet normal 0 0 1
    outer loop
      vertex -6.81522 23.5745 4
      vertex -5.88257 17.5936 4
      vertex -5.0504 17.8503 4
    endloop
  endfacet
  facet normal 0 0 1
    outer loop
      vertex -7.64901 23.3173 4
      vertex -6.81522 23.5745 4
      vertex -6.81523 23.5746 4
    endloop
  endfacet
  facet normal 0 0 1
    outer loop
      vertex -7.64901 23.3173 4
      vertex -6.81523 23.5746 4
      vertex -6.81745 23.5843 4
    endloop
  endfacet
  facet normal 0 0 1
    outer loop
      vertex -6.81522 23.5745 4
      vertex -7.64901 23.3173 4
      vertex -5.88257 17.5936 4
    endloop
  endfacet
  facet normal 0 0 1
    outer loop
      vertex 2.71774 25.8576 4
      vertex 3.22625 24.337 4
      vertex 4.0673 25.6799 4
    endloop
  endfacet
  facet normal 0 0 1
    outer loop
      vertex 3.22625 24.337 4
      vertex 2.71774 25.8576 4
      vertex 3.2211 24.3373 4
    endloop
  endfacet
  facet normal 0 0 1
    outer loop
      vertex 1.36073 25.9644 4
      vertex 3.2211 24.3373 4
      vertex 2.71774 25.8576 4
    endloop
  endfacet
  facet normal 0 0 1
    outer loop
      vertex 1.36073 25.9644 4
      vertex 0.437021 24.546 4
      vertex 3.2211 24.3373 4
    endloop
  endfacet
  facet normal 0 0 1
    outer loop
      vertex 0.436273 24.536 4
      vertex -0.436273 24.536 4
      vertex 0.435433 18.5459 4
    endloop
  endfacet
  facet normal 0 0 1
    outer loop
      vertex 0.437021 24.546 4
      vertex -0.436273 24.536 4
      vertex 0.436273 24.536 4
    endloop
  endfacet
  facet normal 0 0 1
    outer loop
      vertex -0.436273 24.536 4
      vertex 0.437021 24.546 4
      vertex 0 26 4
    endloop
  endfacet
  facet normal 0 0 1
    outer loop
      vertex 0 26 4
      vertex 0.437021 24.546 4
      vertex 1.36073 25.9644 4
    endloop
  endfacet
  facet normal 0 0 1
    outer loop
      vertex 2.71774 -25.8576 4
      vertex 3.22625 -24.337 4
      vertex 3.2211 -24.3373 4
    endloop
  endfacet
  facet normal 0 0 1
    outer loop
      vertex 3.22625 -24.337 4
      vertex 2.71774 -25.8576 4
      vertex 4.0673 -25.6799 4
    endloop
  endfacet
  facet normal 0 0 1
    outer loop
      vertex 3.2211 -24.3373 4
      vertex 1.36073 -25.9644 4
      vertex 2.71774 -25.8576 4
    endloop
  endfacet
  facet normal -0 0 1
    outer loop
      vertex 0.437021 -24.546 4
      vertex 1.36073 -25.9644 4
      vertex 3.2211 -24.3373 4
    endloop
  endfacet
  facet normal 0 0 1
    outer loop
      vertex -0.43543 -18.5192 4
      vertex 0.43543 -18.5192 4
      vertex 0 -14 4
    endloop
  endfacet
  facet normal 0 0 1
    outer loop
      vertex 0.43543 -18.5192 4
      vertex -0.43543 -18.5192 4
      vertex 0.435433 -18.5459 4
    endloop
  endfacet
  facet normal 0 0 1
    outer loop
      vertex 0.437021 -24.546 4
      vertex 0 -26 4
      vertex 1.36073 -25.9644 4
    endloop
  endfacet
  facet normal 0 0 1
    outer loop
      vertex 0.436273 -24.536 4
      vertex 0 -26 4
      vertex 0.437021 -24.546 4
    endloop
  endfacet
  facet normal 0 0 1
    outer loop
      vertex -0.435433 -18.5459 4
      vertex 0.435433 -18.5459 4
      vertex -0.43543 -18.5192 4
    endloop
  endfacet
  facet normal 0 0 1
    outer loop
      vertex 0.435433 -18.5459 4
      vertex -0.435433 -18.5459 4
      vertex 0.436273 -24.536 4
    endloop
  endfacet
  facet normal 0 0 1
    outer loop
      vertex 0 -14 4
      vertex -0.436615 -18.5192 4
      vertex -0.43543 -18.5192 4
    endloop
  endfacet
  facet normal 0 0 1
    outer loop
      vertex -0.915644 -13.97 4
      vertex -0.436615 -18.5192 4
      vertex 0 -14 4
    endloop
  endfacet
  facet normal 0 0 1
    outer loop
      vertex -2.32958 -18.3773 4
      vertex -0.915644 -13.97 4
      vertex -1.82737 -13.8802 4
    endloop
  endfacet
  facet normal 0 0 1
    outer loop
      vertex -0.915644 -13.97 4
      vertex -2.32958 -18.3773 4
      vertex -0.436615 -18.5192 4
    endloop
  endfacet
  facet normal -0 0 1
    outer loop
      vertex -3.19072 -18.2475 4
      vertex -2.32958 -18.3773 4
      vertex -1.82737 -13.8802 4
    endloop
  endfacet
  facet normal 0 0 1
    outer loop
      vertex -3.19072 -18.2475 4
      vertex -1.82737 -13.8802 4
      vertex -2.73126 -13.731 4
    endloop
  endfacet
  facet normal 0 0 1
    outer loop
      vertex -2.32958 -18.3773 4
      vertex -3.19072 -18.2475 4
      vertex -2.33355 -18.4036 4
    endloop
  endfacet
  facet normal -0 0 1
    outer loop
      vertex -3.19468 -18.2738 4
      vertex -2.33355 -18.4036 4
      vertex -3.19072 -18.2475 4
    endloop
  endfacet
  facet normal 0 0 1
    outer loop
      vertex -3.19468 -18.2738 4
      vertex -3.2255 -24.327 4
      vertex -2.33355 -18.4036 4
    endloop
  endfacet
  facet normal -0 0 1
    outer loop
      vertex -4.0883 -24.1969 4
      vertex -3.2255 -24.327 4
      vertex -3.19468 -18.2738 4
    endloop
  endfacet
  facet normal 0 0 1
    outer loop
      vertex -3.2255 -24.327 4
      vertex -4.0883 -24.1969 4
      vertex -3.22625 -24.337 4
    endloop
  endfacet
  facet normal -0 0 1
    outer loop
      vertex -4.09053 -24.2067 4
      vertex -3.22625 -24.337 4
      vertex -4.0883 -24.1969 4
    endloop
  endfacet
  facet normal 0 0 1
    outer loop
      vertex -3.22625 -24.337 4
      vertex -4.09053 -24.2067 4
      vertex -4.0673 -25.6799 4
    endloop
  endfacet
  facet normal 0 0 1
    outer loop
      vertex -4.09053 -24.2067 4
      vertex -5.4057 -25.4318 4
      vertex -4.0673 -25.6799 4
    endloop
  endfacet
  facet normal 0 0 1
    outer loop
      vertex -6.81242 -23.5854 4
      vertex -5.4057 -25.4318 4
      vertex -4.09053 -24.2067 4
    endloop
  endfacet
  facet normal 0 0 1
    outer loop
      vertex -5.4057 -25.4318 4
      vertex -6.81242 -23.5854 4
      vertex -6.72929 -25.1141 4
    endloop
  endfacet
  facet normal 0 0 1
    outer loop
      vertex -6.81745 -23.5843 4
      vertex -6.72929 -25.1141 4
      vertex -6.81242 -23.5854 4
    endloop
  endfacet
  facet normal -0 0 1
    outer loop
      vertex -7.65264 -23.3266 4
      vertex -6.81745 -23.5843 4
      vertex -7.64901 -23.3173 4
    endloop
  endfacet
  facet normal -0 0 1
    outer loop
      vertex -7.65266 -23.3267 4
      vertex -6.81745 -23.5843 4
      vertex -7.65264 -23.3266 4
    endloop
  endfacet
  facet normal 0 0 1
    outer loop
      vertex -8.03444 -24.7275 4
      vertex -6.81745 -23.5843 4
      vertex -7.65266 -23.3267 4
    endloop
  endfacet
  facet normal 0 0 1
    outer loop
      vertex -6.81745 -23.5843 4
      vertex -8.03444 -24.7275 4
      vertex -6.72929 -25.1141 4
    endloop
  endfacet
  facet normal 0 0 1
    outer loop
      vertex -7.65266 -23.3267 4
      vertex -9.31757 -24.2731 4
      vertex -8.03444 -24.7275 4
    endloop
  endfacet
  facet normal 0 0 1
    outer loop
      vertex -10.2516 -22.3067 4
      vertex -9.31757 -24.2731 4
      vertex -7.65266 -23.3267 4
    endloop
  endfacet
  facet normal 0 0 1
    outer loop
      vertex -10.5752 -23.7522 4
      vertex -10.2516 -22.3067 4
      vertex -10.2564 -22.3048 4
    endloop
  endfacet
  facet normal 0 0 1
    outer loop
      vertex -10.2516 -22.3067 4
      vertex -10.5752 -23.7522 4
      vertex -9.31757 -24.2731 4
    endloop
  endfacet
  facet normal 0 0 1
    outer loop
      vertex 7.64901 -23.3173 4
      vertex 6.81523 -23.5746 4
      vertex 6.81745 -23.5843 4
    endloop
  endfacet
  facet normal 0 0 1
    outer loop
      vertex 7.64901 -23.3173 4
      vertex 6.81522 -23.5745 4
      vertex 6.81523 -23.5746 4
    endloop
  endfacet
  facet normal 0 0 1
    outer loop
      vertex 5.88257 -17.5936 4
      vertex 6.81522 -23.5745 4
      vertex 7.64901 -23.3173 4
    endloop
  endfacet
  facet normal 0 0 1
    outer loop
      vertex 5.0504 -17.8503 4
      vertex 5.88257 -17.5936 4
      vertex 5.87473 -17.5681 4
    endloop
  endfacet
  facet normal 0 0 1
    outer loop
      vertex 5.88257 -17.5936 4
      vertex 5.0504 -17.8503 4
      vertex 6.81522 -23.5745 4
    endloop
  endfacet
  facet normal -0 0 1
    outer loop
      vertex 4.50015 -13.257 4
      vertex 5.87473 -17.5681 4
      vertex 5.35757 -12.9343 4
    endloop
  endfacet
  facet normal 0 0 1
    outer loop
      vertex 5.87473 -17.5681 4
      vertex 5.04256 -17.8248 4
      vertex 5.0504 -17.8503 4
    endloop
  endfacet
  facet normal 0 0 1
    outer loop
      vertex 5.87473 -17.5681 4
      vertex 4.50015 -13.257 4
      vertex 5.04256 -17.8248 4
    endloop
  endfacet
  facet normal -0 0 1
    outer loop
      vertex 3.62347 -13.523 4
      vertex 5.04256 -17.8248 4
      vertex 4.50015 -13.257 4
    endloop
  endfacet
  facet normal 0 0 1
    outer loop
      vertex 5.04256 -17.8248 4
      vertex 3.62347 -13.523 4
      vertex 5.0414 -17.8251 4
    endloop
  endfacet
  facet normal -0 0 1
    outer loop
      vertex 2.73126 -13.731 4
      vertex 5.0414 -17.8251 4
      vertex 3.62347 -13.523 4
    endloop
  endfacet
  facet normal 0 0 1
    outer loop
      vertex 5.0414 -17.8251 4
      vertex 2.73126 -13.731 4
      vertex 3.19072 -18.2475 4
    endloop
  endfacet
  facet normal -0 0 1
    outer loop
      vertex 6.81523 23.5746 4
      vertex 7.64901 23.3173 4
      vertex 6.81745 23.5843 4
    endloop
  endfacet
  facet normal -0 0 1
    outer loop
      vertex 6.81522 23.5745 4
      vertex 7.64901 23.3173 4
      vertex 6.81523 23.5746 4
    endloop
  endfacet
  facet normal 0 0 1
    outer loop
      vertex 6.81522 23.5745 4
      vertex 5.88257 17.5936 4
      vertex 7.64901 23.3173 4
    endloop
  endfacet
  facet normal -0 0 1
    outer loop
      vertex 5.0504 17.8503 4
      vertex 5.88257 17.5936 4
      vertex 6.81522 23.5745 4
    endloop
  endfacet
  facet normal 0 0 1
    outer loop
      vertex 5.88257 17.5936 4
      vertex 5.0504 17.8503 4
      vertex 5.87473 17.5681 4
    endloop
  endfacet
  facet normal -0 0 1
    outer loop
      vertex 5.04256 17.8248 4
      vertex 5.87473 17.5681 4
      vertex 5.0504 17.8503 4
    endloop
  endfacet
  facet normal 0 0 1
    outer loop
      vertex 4.50015 13.257 4
      vertex 5.87473 17.5681 4
      vertex 5.04256 17.8248 4
    endloop
  endfacet
  facet normal 0 0 1
    outer loop
      vertex 3.62347 13.523 4
      vertex 5.04256 17.8248 4
      vertex 5.0414 17.8251 4
    endloop
  endfacet
  facet normal 0 0 1
    outer loop
      vertex 5.87473 17.5681 4
      vertex 4.50015 13.257 4
      vertex 5.35757 12.9343 4
    endloop
  endfacet
  facet normal 0 0 1
    outer loop
      vertex 5.04256 17.8248 4
      vertex 3.62347 13.523 4
      vertex 4.50015 13.257 4
    endloop
  endfacet
  facet normal 0 0 1
    outer loop
      vertex 2.73126 13.731 4
      vertex 5.0414 17.8251 4
      vertex 3.19072 18.2475 4
    endloop
  endfacet
  facet normal 0 0 1
    outer loop
      vertex 5.0414 17.8251 4
      vertex 2.73126 13.731 4
      vertex 3.62347 13.523 4
    endloop
  endfacet
  facet normal 0 0 1
    outer loop
      vertex 10.5752 23.7522 4
      vertex 10.2516 22.3067 4
      vertex 10.2564 22.3048 4
    endloop
  endfacet
  facet normal 0 0 1
    outer loop
      vertex 9.31757 24.2731 4
      vertex 10.2516 22.3067 4
      vertex 10.5752 23.7522 4
    endloop
  endfacet
  facet normal 0 0 1
    outer loop
      vertex 7.65266 23.3267 4
      vertex 9.31757 24.2731 4
      vertex 8.03444 24.7275 4
    endloop
  endfacet
  facet normal 0 0 1
    outer loop
      vertex 9.31757 24.2731 4
      vertex 7.65266 23.3267 4
      vertex 10.2516 22.3067 4
    endloop
  endfacet
  facet normal -0 0 1
    outer loop
      vertex 6.81745 23.5843 4
      vertex 7.65266 23.3267 4
      vertex 8.03444 24.7275 4
    endloop
  endfacet
  facet normal 0 0 1
    outer loop
      vertex 7.65266 23.3267 4
      vertex 6.81745 23.5843 4
      vertex 7.65264 23.3266 4
    endloop
  endfacet
  facet normal 0 0 1
    outer loop
      vertex 7.65264 23.3266 4
      vertex 6.81745 23.5843 4
      vertex 7.64901 23.3173 4
    endloop
  endfacet
  facet normal 0 0 1
    outer loop
      vertex 6.72929 25.1141 4
      vertex 6.81745 23.5843 4
      vertex 8.03444 24.7275 4
    endloop
  endfacet
  facet normal 0 0 1
    outer loop
      vertex 6.81745 23.5843 4
      vertex 6.72929 25.1141 4
      vertex 6.81242 23.5854 4
    endloop
  endfacet
  facet normal 0 0 1
    outer loop
      vertex 5.4057 25.4318 4
      vertex 6.81242 23.5854 4
      vertex 6.72929 25.1141 4
    endloop
  endfacet
  facet normal 0 0 1
    outer loop
      vertex 5.4057 25.4318 4
      vertex 4.09053 24.2067 4
      vertex 6.81242 23.5854 4
    endloop
  endfacet
  facet normal 0 0 1
    outer loop
      vertex 4.0673 25.6799 4
      vertex 4.09053 24.2067 4
      vertex 5.4057 25.4318 4
    endloop
  endfacet
  facet normal -0 0 1
    outer loop
      vertex 3.22625 24.337 4
      vertex 4.09053 24.2067 4
      vertex 4.0673 25.6799 4
    endloop
  endfacet
  facet normal 0 0 1
    outer loop
      vertex 4.09053 24.2067 4
      vertex 3.22625 24.337 4
      vertex 4.0883 24.1969 4
    endloop
  endfacet
  facet normal -0 0 1
    outer loop
      vertex 3.2255 24.327 4
      vertex 4.0883 24.1969 4
      vertex 3.22625 24.337 4
    endloop
  endfacet
  facet normal 0 0 1
    outer loop
      vertex 3.2255 24.327 4
      vertex 3.19469 18.2738 4
      vertex 4.0883 24.1969 4
    endloop
  endfacet
  facet normal -0 0 1
    outer loop
      vertex 2.33355 18.4036 4
      vertex 3.19469 18.2738 4
      vertex 3.2255 24.327 4
    endloop
  endfacet
  facet normal 0 0 1
    outer loop
      vertex 3.19469 18.2738 4
      vertex 2.33355 18.4036 4
      vertex 3.19072 18.2475 4
    endloop
  endfacet
  facet normal -0 0 1
    outer loop
      vertex 2.32958 18.3773 4
      vertex 3.19072 18.2475 4
      vertex 2.33355 18.4036 4
    endloop
  endfacet
  facet normal 0 0 1
    outer loop
      vertex 1.82737 13.8802 4
      vertex 3.19072 18.2475 4
      vertex 2.32958 18.3773 4
    endloop
  endfacet
  facet normal 0 0 1
    outer loop
      vertex 3.19072 18.2475 4
      vertex 1.82737 13.8802 4
      vertex 2.73126 13.731 4
    endloop
  endfacet
  facet normal 0 0 1
    outer loop
      vertex 2.32958 18.3773 4
      vertex 0.915644 13.97 4
      vertex 1.82737 13.8802 4
    endloop
  endfacet
  facet normal 0 0 1
    outer loop
      vertex 0.436615 18.5192 4
      vertex 0.915644 13.97 4
      vertex 2.32958 18.3773 4
    endloop
  endfacet
  facet normal 0 0 1
    outer loop
      vertex 0 14 4
      vertex 0.436615 18.5192 4
      vertex 0.43543 18.5192 4
    endloop
  endfacet
  facet normal 0 0 1
    outer loop
      vertex 0.436615 18.5192 4
      vertex 0 14 4
      vertex 0.915644 13.97 4
    endloop
  endfacet
  facet normal 0 -0 1
    outer loop
      vertex -0.435433 18.5459 4
      vertex 0.435433 18.5459 4
      vertex -0.436273 24.536 4
    endloop
  endfacet
  facet normal 0 -0 1
    outer loop
      vertex -0.43543 18.5192 4
      vertex 0.43543 18.5192 4
      vertex -0.435433 18.5459 4
    endloop
  endfacet
  facet normal 0 0 1
    outer loop
      vertex 0.43543 18.5192 4
      vertex -0.43543 18.5192 4
      vertex 0 14 4
    endloop
  endfacet
  facet normal 0 0 1
    outer loop
      vertex 0.435433 18.5459 4
      vertex -0.435433 18.5459 4
      vertex 0.43543 18.5192 4
    endloop
  endfacet
  facet normal 0 0 1
    outer loop
      vertex 0 26 4
      vertex -0.437021 24.546 4
      vertex -0.436273 24.536 4
    endloop
  endfacet
  facet normal -0 0 1
    outer loop
      vertex -1.36073 25.9644 4
      vertex -0.437021 24.546 4
      vertex 0 26 4
    endloop
  endfacet
  facet normal 0 0 1
    outer loop
      vertex -3.2211 24.3373 4
      vertex -1.36073 25.9644 4
      vertex -2.71774 25.8576 4
    endloop
  endfacet
  facet normal 0 0 1
    outer loop
      vertex -1.36073 25.9644 4
      vertex -3.2211 24.3373 4
      vertex -0.437021 24.546 4
    endloop
  endfacet
  facet normal 0 0 1
    outer loop
      vertex -2.71774 25.8576 4
      vertex -3.22625 24.337 4
      vertex -3.2211 24.3373 4
    endloop
  endfacet
  facet normal 0 -0 1
    outer loop
      vertex -3.22625 24.337 4
      vertex -2.71774 25.8576 4
      vertex -4.0673 25.6799 4
    endloop
  endfacet
  facet normal -0 0 1
    outer loop
      vertex 10.2516 -22.3067 4
      vertex 10.5752 -23.7522 4
      vertex 10.2564 -22.3048 4
    endloop
  endfacet
  facet normal 0 0 1
    outer loop
      vertex 10.2516 -22.3067 4
      vertex 9.31757 -24.2731 4
      vertex 10.5752 -23.7522 4
    endloop
  endfacet
  facet normal -0 0 1
    outer loop
      vertex 7.65266 -23.3267 4
      vertex 9.31757 -24.2731 4
      vertex 10.2516 -22.3067 4
    endloop
  endfacet
  facet normal 0 0 1
    outer loop
      vertex 9.31757 -24.2731 4
      vertex 7.65266 -23.3267 4
      vertex 8.03444 -24.7275 4
    endloop
  endfacet
  facet normal 0 0 1
    outer loop
      vertex 6.81745 -23.5843 4
      vertex 7.65266 -23.3267 4
      vertex 7.65264 -23.3266 4
    endloop
  endfacet
  facet normal 0 0 1
    outer loop
      vertex 6.81745 -23.5843 4
      vertex 7.65264 -23.3266 4
      vertex 7.64901 -23.3173 4
    endloop
  endfacet
  facet normal 0 0 1
    outer loop
      vertex 7.65266 -23.3267 4
      vertex 6.81745 -23.5843 4
      vertex 8.03444 -24.7275 4
    endloop
  endfacet
  facet normal 0 0 1
    outer loop
      vertex 6.72929 -25.1141 4
      vertex 6.81745 -23.5843 4
      vertex 6.81242 -23.5854 4
    endloop
  endfacet
  facet normal 0 0 1
    outer loop
      vertex 6.81745 -23.5843 4
      vertex 6.72929 -25.1141 4
      vertex 8.03444 -24.7275 4
    endloop
  endfacet
  facet normal 0 0 1
    outer loop
      vertex 6.81242 -23.5854 4
      vertex 5.4057 -25.4318 4
      vertex 6.72929 -25.1141 4
    endloop
  endfacet
  facet normal -0 0 1
    outer loop
      vertex 4.09053 -24.2067 4
      vertex 5.4057 -25.4318 4
      vertex 6.81242 -23.5854 4
    endloop
  endfacet
  facet normal 0 0 1
    outer loop
      vertex 4.09053 -24.2067 4
      vertex 4.0673 -25.6799 4
      vertex 5.4057 -25.4318 4
    endloop
  endfacet
  facet normal 0 0 1
    outer loop
      vertex 3.22625 -24.337 4
      vertex 4.09053 -24.2067 4
      vertex 4.0883 -24.1969 4
    endloop
  endfacet
  facet normal 0 0 1
    outer loop
      vertex 4.09053 -24.2067 4
      vertex 3.22625 -24.337 4
      vertex 4.0673 -25.6799 4
    endloop
  endfacet
  facet normal 0 0 1
    outer loop
      vertex 4.0883 -24.1969 4
      vertex 3.2255 -24.327 4
      vertex 3.22625 -24.337 4
    endloop
  endfacet
  facet normal 0 0 1
    outer loop
      vertex 3.19469 -18.2738 4
      vertex 3.2255 -24.327 4
      vertex 4.0883 -24.1969 4
    endloop
  endfacet
  facet normal 0 0 1
    outer loop
      vertex 2.33355 -18.4036 4
      vertex 3.19469 -18.2738 4
      vertex 3.19072 -18.2475 4
    endloop
  endfacet
  facet normal -0 0 1
    outer loop
      vertex 1.82737 -13.8802 4
      vertex 3.19072 -18.2475 4
      vertex 2.73126 -13.731 4
    endloop
  endfacet
  facet normal 0 0 1
    outer loop
      vertex 3.19469 -18.2738 4
      vertex 2.33355 -18.4036 4
      vertex 3.2255 -24.327 4
    endloop
  endfacet
  facet normal 0 0 1
    outer loop
      vertex 3.19072 -18.2475 4
      vertex 2.32958 -18.3773 4
      vertex 2.33355 -18.4036 4
    endloop
  endfacet
  facet normal 0 0 1
    outer loop
      vertex 3.19072 -18.2475 4
      vertex 1.82737 -13.8802 4
      vertex 2.32958 -18.3773 4
    endloop
  endfacet
  facet normal -0 0 1
    outer loop
      vertex 0.915644 -13.97 4
      vertex 2.32958 -18.3773 4
      vertex 1.82737 -13.8802 4
    endloop
  endfacet
  facet normal 0 0 1
    outer loop
      vertex 0.915644 -13.97 4
      vertex 0.436615 -18.5192 4
      vertex 2.32958 -18.3773 4
    endloop
  endfacet
  facet normal -0 0 1
    outer loop
      vertex 0 -14 4
      vertex 0.436615 -18.5192 4
      vertex 0.915644 -13.97 4
    endloop
  endfacet
  facet normal 0 0 1
    outer loop
      vertex 0.436615 -18.5192 4
      vertex 0 -14 4
      vertex 0.43543 -18.5192 4
    endloop
  endfacet
  facet normal 0 0 1
    outer loop
      vertex 14.1606 21.8054 4
      vertex 13.4617 20.5296 4
      vertex 13.4662 20.527 4
    endloop
  endfacet
  facet normal 0 0 1
    outer loop
      vertex 13 22.5167 4
      vertex 13.4617 20.5296 4
      vertex 14.1606 21.8054 4
    endloop
  endfacet
  facet normal 0 0 1
    outer loop
      vertex 11.0438 21.9255 4
      vertex 13 22.5167 4
      vertex 11.8038 23.1662 4
    endloop
  endfacet
  facet normal 0 0 1
    outer loop
      vertex 13 22.5167 4
      vertex 11.0438 21.9255 4
      vertex 13.4617 20.5296 4
    endloop
  endfacet
  facet normal 0 0 1
    outer loop
      vertex 10.2564 22.3048 4
      vertex 11.8038 23.1662 4
      vertex 10.5752 23.7522 4
    endloop
  endfacet
  facet normal 0 0 1
    outer loop
      vertex 11.8038 23.1662 4
      vertex 10.2564 22.3048 4
      vertex 11.0438 21.9255 4
    endloop
  endfacet
  facet normal -0 0 1
    outer loop
      vertex 10.2563 22.3047 4
      vertex 11.0438 21.9255 4
      vertex 10.2564 22.3048 4
    endloop
  endfacet
  facet normal 0 0 1
    outer loop
      vertex 11.0438 21.9255 4
      vertex 10.2563 22.3047 4
      vertex 11.0388 21.9169 4
    endloop
  endfacet
  facet normal -0 0 1
    outer loop
      vertex 10.2527 22.2955 4
      vertex 11.0388 21.9169 4
      vertex 10.2563 22.3047 4
    endloop
  endfacet
  facet normal 0 0 1
    outer loop
      vertex 10.2527 22.2955 4
      vertex 8.43906 16.5203 4
      vertex 11.0388 21.9169 4
    endloop
  endfacet
  facet normal -0 0 1
    outer loop
      vertex 7.65443 16.8982 4
      vertex 8.43906 16.5203 4
      vertex 10.2527 22.2955 4
    endloop
  endfacet
  facet normal 0 0 1
    outer loop
      vertex 8.43906 16.5203 4
      vertex 7.65443 16.8982 4
      vertex 8.42751 16.4963 4
    endloop
  endfacet
  facet normal -0 0 1
    outer loop
      vertex 7.64289 16.8742 4
      vertex 8.42751 16.4963 4
      vertex 7.65443 16.8982 4
    endloop
  endfacet
  facet normal 0 0 1
    outer loop
      vertex 6.19204 12.5562 4
      vertex 8.42751 16.4963 4
      vertex 7.64289 16.8742 4
    endloop
  endfacet
  facet normal 0 0 1
    outer loop
      vertex 6.19204 12.5562 4
      vertex 7.64289 16.8742 4
      vertex 7.64178 16.8746 4
    endloop
  endfacet
  facet normal 0 0 1
    outer loop
      vertex 8.42751 16.4963 4
      vertex 7 12.1244 4
      vertex 7.77798 11.6406 4
    endloop
  endfacet
  facet normal 0 0 1
    outer loop
      vertex 8.42751 16.4963 4
      vertex 6.19204 12.5562 4
      vertex 7 12.1244 4
    endloop
  endfacet
  facet normal 0 0 1
    outer loop
      vertex 5.35757 12.9343 4
      vertex 7.64178 16.8746 4
      vertex 5.87473 17.5681 4
    endloop
  endfacet
  facet normal 0 0 1
    outer loop
      vertex 7.64178 16.8746 4
      vertex 5.35757 12.9343 4
      vertex 6.19204 12.5562 4
    endloop
  endfacet
  facet normal 0 0 1
    outer loop
      vertex 17.3985 -6.35937 4
      vertex 12.9343 -5.35757 4
      vertex 17.08 -7.17117 4
    endloop
  endfacet
  facet normal 0 0 1
    outer loop
      vertex 17.08 -7.17117 4
      vertex 12.9343 -5.35757 4
      vertex 17.0795 -7.17224 4
    endloop
  endfacet
  facet normal -0 0 1
    outer loop
      vertex 12.5562 -6.19204 4
      vertex 17.0795 -7.17224 4
      vertex 12.9343 -5.35757 4
    endloop
  endfacet
  facet normal 0 0 1
    outer loop
      vertex 17.0795 -7.17224 4
      vertex 12.5562 -6.19204 4
      vertex 16.2558 -8.88253 4
    endloop
  endfacet
  facet normal -0 0 1
    outer loop
      vertex 12.1244 -7 4
      vertex 16.2558 -8.88253 4
      vertex 12.5562 -6.19204 4
    endloop
  endfacet
  facet normal 0 0 1
    outer loop
      vertex 16.2558 -8.88253 4
      vertex 12.1244 -7 4
      vertex 15.8204 -9.63671 4
    endloop
  endfacet
  facet normal -0 0 1
    outer loop
      vertex 11.6406 -7.77798 4
      vertex 15.8204 -9.63671 4
      vertex 12.1244 -7 4
    endloop
  endfacet
  facet normal 0 0 1
    outer loop
      vertex 15.8204 -9.63671 4
      vertex 11.6406 -7.77798 4
      vertex 14.7511 -11.2051 4
    endloop
  endfacet
  facet normal -0 0 1
    outer loop
      vertex 11.1069 -8.52266 4
      vertex 14.7511 -11.2051 4
      vertex 11.6406 -7.77798 4
    endloop
  endfacet
  facet normal -0 0 1
    outer loop
      vertex 13.4617 -20.5296 4
      vertex 14.1606 -21.8054 4
      vertex 13.4662 -20.527 4
    endloop
  endfacet
  facet normal 0 0 1
    outer loop
      vertex 13.4617 -20.5296 4
      vertex 13 -22.5167 4
      vertex 14.1606 -21.8054 4
    endloop
  endfacet
  facet normal -0 0 1
    outer loop
      vertex 11.0438 -21.9255 4
      vertex 13 -22.5167 4
      vertex 13.4617 -20.5296 4
    endloop
  endfacet
  facet normal 0 0 1
    outer loop
      vertex 13 -22.5167 4
      vertex 11.0438 -21.9255 4
      vertex 11.8038 -23.1662 4
    endloop
  endfacet
  facet normal -0 0 1
    outer loop
      vertex 10.2564 -22.3048 4
      vertex 11.8038 -23.1662 4
      vertex 11.0438 -21.9255 4
    endloop
  endfacet
  facet normal 0 0 1
    outer loop
      vertex 10.2563 -22.3047 4
      vertex 11.0438 -21.9255 4
      vertex 11.0388 -21.9169 4
    endloop
  endfacet
  facet normal 0 0 1
    outer loop
      vertex 11.8038 -23.1662 4
      vertex 10.2564 -22.3048 4
      vertex 10.5752 -23.7522 4
    endloop
  endfacet
  facet normal 0 0 1
    outer loop
      vertex 11.0438 -21.9255 4
      vertex 10.2563 -22.3047 4
      vertex 10.2564 -22.3048 4
    endloop
  endfacet
  facet normal 0 0 1
    outer loop
      vertex 11.0388 -21.9169 4
      vertex 10.2527 -22.2955 4
      vertex 10.2563 -22.3047 4
    endloop
  endfacet
  facet normal 0 0 1
    outer loop
      vertex 8.43906 -16.5203 4
      vertex 10.2527 -22.2955 4
      vertex 11.0388 -21.9169 4
    endloop
  endfacet
  facet normal 0 0 1
    outer loop
      vertex 7.65443 -16.8982 4
      vertex 8.43906 -16.5203 4
      vertex 8.42751 -16.4963 4
    endloop
  endfacet
  facet normal 0 0 1
    outer loop
      vertex 8.43906 -16.5203 4
      vertex 7.65443 -16.8982 4
      vertex 10.2527 -22.2955 4
    endloop
  endfacet
  facet normal 0 0 1
    outer loop
      vertex 10.0715 -15.5472 4
      vertex 7 -12.1244 4
      vertex 8.42751 -16.4963 4
    endloop
  endfacet
  facet normal 0 0 1
    outer loop
      vertex 8.42751 -16.4963 4
      vertex 7.64289 -16.8742 4
      vertex 7.65443 -16.8982 4
    endloop
  endfacet
  facet normal -0 0 1
    outer loop
      vertex 6.19204 -12.5562 4
      vertex 8.42751 -16.4963 4
      vertex 7 -12.1244 4
    endloop
  endfacet
  facet normal 0 0 1
    outer loop
      vertex 8.42751 -16.4963 4
      vertex 6.19204 -12.5562 4
      vertex 7.64289 -16.8742 4
    endloop
  endfacet
  facet normal 0 0 1
    outer loop
      vertex 7.64289 -16.8742 4
      vertex 6.19204 -12.5562 4
      vertex 7.64178 -16.8746 4
    endloop
  endfacet
  facet normal -0 0 1
    outer loop
      vertex 5.35757 -12.9343 4
      vertex 7.64178 -16.8746 4
      vertex 6.19204 -12.5562 4
    endloop
  endfacet
  facet normal 0 0 1
    outer loop
      vertex 7.64178 -16.8746 4
      vertex 5.35757 -12.9343 4
      vertex 5.87473 -17.5681 4
    endloop
  endfacet
  facet normal 0 0 1
    outer loop
      vertex 17.0085 -17.6894 4
      vertex 16.3689 -18.2829 4
      vertex 16.3751 -18.2907 4
    endloop
  endfacet
  facet normal 0 0 1
    outer loop
      vertex 12.9336 -13.2989 4
      vertex 16.3689 -18.2829 4
      vertex 17.0085 -17.6894 4
    endloop
  endfacet
  facet normal 0 0 1
    outer loop
      vertex 12.2952 -13.8912 4
      vertex 12.9336 -13.2989 4
      vertex 12.9155 -13.2794 4
    endloop
  endfacet
  facet normal 0 0 1
    outer loop
      vertex 12.9336 -13.2989 4
      vertex 12.2952 -13.8912 4
      vertex 16.3689 -18.2829 4
    endloop
  endfacet
  facet normal 0 0 1
    outer loop
      vertex 14.7511 -11.2051 4
      vertex 11.1069 -8.52266 4
      vertex 14.2074 -11.887 4
    endloop
  endfacet
  facet normal -0 0 1
    outer loop
      vertex 10.5258 -9.23084 4
      vertex 14.2074 -11.887 4
      vertex 11.1069 -8.52266 4
    endloop
  endfacet
  facet normal 0 0 1
    outer loop
      vertex 14.2074 -11.887 4
      vertex 10.5258 -9.23084 4
      vertex 12.9163 -13.2785 4
    endloop
  endfacet
  facet normal 0 0 1
    outer loop
      vertex 12.9155 -13.2794 4
      vertex 12.2771 -13.8717 4
      vertex 12.2952 -13.8912 4
    endloop
  endfacet
  facet normal -0 0 1
    outer loop
      vertex 9.89949 -9.89949 4
      vertex 12.9163 -13.2785 4
      vertex 10.5258 -9.23084 4
    endloop
  endfacet
  facet normal 0 0 1
    outer loop
      vertex 12.9163 -13.2785 4
      vertex 9.89949 -9.89949 4
      vertex 12.9155 -13.2794 4
    endloop
  endfacet
  facet normal -0 0 1
    outer loop
      vertex 9.23084 -10.5258 4
      vertex 12.9155 -13.2794 4
      vertex 9.89949 -9.89949 4
    endloop
  endfacet
  facet normal 0 0 1
    outer loop
      vertex 12.9155 -13.2794 4
      vertex 9.23084 -10.5258 4
      vertex 12.2771 -13.8717 4
    endloop
  endfacet
  facet normal 0 0 1
    outer loop
      vertex 17.0159 17.6962 4
      vertex 16.3751 18.2907 4
      vertex 17.0085 17.6894 4
    endloop
  endfacet
  facet normal -0 0 1
    outer loop
      vertex 16.3689 18.2829 4
      vertex 17.0085 17.6894 4
      vertex 16.3751 18.2907 4
    endloop
  endfacet
  facet normal 0 0 1
    outer loop
      vertex 16.3689 18.2829 4
      vertex 12.9336 13.2989 4
      vertex 17.0085 17.6894 4
    endloop
  endfacet
  facet normal -0 0 1
    outer loop
      vertex 12.2952 13.8912 4
      vertex 12.9336 13.2989 4
      vertex 16.3689 18.2829 4
    endloop
  endfacet
  facet normal 0 0 1
    outer loop
      vertex 12.9336 13.2989 4
      vertex 12.2952 13.8912 4
      vertex 12.9155 13.2794 4
    endloop
  endfacet
  facet normal -0 0 1
    outer loop
      vertex 12.2771 13.8717 4
      vertex 12.9155 13.2794 4
      vertex 12.2952 13.8912 4
    endloop
  endfacet
  facet normal 0 0 1
    outer loop
      vertex 9.23084 10.5258 4
      vertex 12.9155 13.2794 4
      vertex 12.2771 13.8717 4
    endloop
  endfacet
  facet normal 0 0 1
    outer loop
      vertex 12.9155 13.2794 4
      vertex 12.1244 7 4
      vertex 12.5562 6.19204 4
    endloop
  endfacet
  facet normal 0 0 1
    outer loop
      vertex 12.9155 13.2794 4
      vertex 11.6406 7.77798 4
      vertex 12.1244 7 4
    endloop
  endfacet
  facet normal 0 0 1
    outer loop
      vertex 12.9155 13.2794 4
      vertex 11.1069 8.52266 4
      vertex 11.6406 7.77798 4
    endloop
  endfacet
  facet normal 0 0 1
    outer loop
      vertex 8.52266 11.1069 4
      vertex 12.2771 13.8717 4
      vertex 10.793 15.0553 4
    endloop
  endfacet
  facet normal 0 0 1
    outer loop
      vertex 7.77798 11.6406 4
      vertex 10.793 15.0553 4
      vertex 10.792 15.056 4
    endloop
  endfacet
  facet normal 0 0 1
    outer loop
      vertex 12.9155 13.2794 4
      vertex 10.5258 9.23084 4
      vertex 11.1069 8.52266 4
    endloop
  endfacet
  facet normal 0 0 1
    outer loop
      vertex 20.2058 16.3623 4
      vertex 18.9148 15.6496 4
      vertex 18.9183 15.6458 4
    endloop
  endfacet
  facet normal -0 0 1
    outer loop
      vertex 17.0159 17.6962 4
      vertex 19.3218 17.3974 4
      vertex 18.3848 18.3848 4
    endloop
  endfacet
  facet normal 0 0 1
    outer loop
      vertex 17.0159 17.6962 4
      vertex 18.3848 18.3848 4
      vertex 17.3974 19.3218 4
    endloop
  endfacet
  facet normal 0 0 1
    outer loop
      vertex 19.3218 17.3974 4
      vertex 17.0159 17.6962 4
      vertex 18.9148 15.6496 4
    endloop
  endfacet
  facet normal -0 0 1
    outer loop
      vertex 16.3751 18.2907 4
      vertex 17.0159 17.6962 4
      vertex 17.3974 19.3218 4
    endloop
  endfacet
  facet normal 0 0 1
    outer loop
      vertex 16.3623 20.2058 4
      vertex 16.3751 18.2907 4
      vertex 17.3974 19.3218 4
    endloop
  endfacet
  facet normal 0 0 1
    outer loop
      vertex 14.1924 20.0314 4
      vertex 16.3623 20.2058 4
      vertex 15.2824 21.0344 4
    endloop
  endfacet
  facet normal 0 0 1
    outer loop
      vertex 16.3623 20.2058 4
      vertex 14.1924 20.0314 4
      vertex 16.3751 18.2907 4
    endloop
  endfacet
  facet normal 0 0 1
    outer loop
      vertex 15.2824 21.0344 4
      vertex 14.1883 20.0347 4
      vertex 14.1924 20.0314 4
    endloop
  endfacet
  facet normal 0 0 -1
    outer loop
      vertex 14.1883 20.0347 4
      vertex 14.1821 20.0268 4
      vertex 14.1821 20.0269 4
    endloop
  endfacet
  facet normal 0 0 1
    outer loop
      vertex 14.1606 21.8054 4
      vertex 14.1883 20.0347 4
      vertex 15.2824 21.0344 4
    endloop
  endfacet
  facet normal -0 0 1
    outer loop
      vertex 13.4662 20.527 4
      vertex 14.1883 20.0347 4
      vertex 14.1606 21.8054 4
    endloop
  endfacet
  facet normal 0 0 1
    outer loop
      vertex 14.1883 20.0347 4
      vertex 13.4662 20.527 4
      vertex 14.1821 20.0268 4
    endloop
  endfacet
  facet normal -0 0 1
    outer loop
      vertex 13.4612 20.5184 4
      vertex 14.1821 20.0268 4
      vertex 13.4662 20.527 4
    endloop
  endfacet
  facet normal 0 0 1
    outer loop
      vertex 13.4612 20.5184 4
      vertex 10.807 15.078 4
      vertex 14.1821 20.0268 4
    endloop
  endfacet
  facet normal -0 0 1
    outer loop
      vertex 10.0875 15.5686 4
      vertex 10.807 15.078 4
      vertex 13.4612 20.5184 4
    endloop
  endfacet
  facet normal 0 0 1
    outer loop
      vertex 10.807 15.078 4
      vertex 10.0875 15.5686 4
      vertex 10.792 15.056 4
    endloop
  endfacet
  facet normal -0 0 1
    outer loop
      vertex 10.0725 15.5466 4
      vertex 10.792 15.056 4
      vertex 10.0875 15.5686 4
    endloop
  endfacet
  facet normal 0 0 1
    outer loop
      vertex 7.77798 11.6406 4
      vertex 10.792 15.056 4
      vertex 10.0725 15.5466 4
    endloop
  endfacet
  facet normal 0 0 1
    outer loop
      vertex 7.77798 11.6406 4
      vertex 10.0725 15.5466 4
      vertex 10.0715 15.5472 4
    endloop
  endfacet
  facet normal 0 0 1
    outer loop
      vertex 12.9155 13.2794 4
      vertex 9.89949 9.89949 4
      vertex 10.5258 9.23084 4
    endloop
  endfacet
  facet normal 0 0 1
    outer loop
      vertex 12.9155 13.2794 4
      vertex 9.23084 10.5258 4
      vertex 9.89949 9.89949 4
    endloop
  endfacet
  facet normal 0 0 1
    outer loop
      vertex 12.2771 13.8717 4
      vertex 8.52266 11.1069 4
      vertex 9.23084 10.5258 4
    endloop
  endfacet
  facet normal 0 0 1
    outer loop
      vertex 7.77798 11.6406 4
      vertex 10.0715 15.5472 4
      vertex 8.42751 16.4963 4
    endloop
  endfacet
  facet normal 0 0 1
    outer loop
      vertex 10.793 15.0553 4
      vertex 7.77798 11.6406 4
      vertex 8.52266 11.1069 4
    endloop
  endfacet
  facet normal 0 0 1
    outer loop
      vertex 21.476 -11.8945 4
      vertex 21.0389 -12.6514 4
      vertex 21.0389 -12.6515 4
    endloop
  endfacet
  facet normal 0 0 1
    outer loop
      vertex 21.4669 -11.8902 4
      vertex 21.0307 -12.6458 4
      vertex 21.0389 -12.6514 4
    endloop
  endfacet
  facet normal 0 0 1
    outer loop
      vertex 16.2789 -8.89583 4
      vertex 21.0307 -12.6458 4
      vertex 21.4669 -11.8902 4
    endloop
  endfacet
  facet normal 0 0 1
    outer loop
      vertex 15.8435 -9.65002 4
      vertex 16.2789 -8.89583 4
      vertex 16.2558 -8.88253 4
    endloop
  endfacet
  facet normal 0 0 1
    outer loop
      vertex 16.2789 -8.89583 4
      vertex 15.8435 -9.65002 4
      vertex 21.0307 -12.6458 4
    endloop
  endfacet
  facet normal -0 0 1
    outer loop
      vertex 13.523 -3.62347 4
      vertex 17.958 -4.54543 4
      vertex 13.731 -2.73126 4
    endloop
  endfacet
  facet normal 0 0 1
    outer loop
      vertex 13.523 3.62347 4
      vertex 15.8435 9.65002 4
      vertex 15.8204 9.63671 4
    endloop
  endfacet
  facet normal -0 0 1
    outer loop
      vertex 13.257 -4.50015 4
      vertex 17.958 -4.54543 4
      vertex 13.523 -3.62347 4
    endloop
  endfacet
  facet normal 0 0 1
    outer loop
      vertex 12.5562 6.19204 4
      vertex 15.8204 9.63671 4
      vertex 14.7511 11.2051 4
    endloop
  endfacet
  facet normal 0 0 1
    outer loop
      vertex 15.8435 9.65002 4
      vertex 13.97 0.915644 4
      vertex 14 0 4
    endloop
  endfacet
  facet normal 0 0 1
    outer loop
      vertex 12.5562 6.19204 4
      vertex 14.7511 11.2051 4
      vertex 14.7504 11.2061 4
    endloop
  endfacet
  facet normal 0 0 1
    outer loop
      vertex 17.958 -4.54543 4
      vertex 13.257 -4.50015 4
      vertex 17.3985 -6.35937 4
    endloop
  endfacet
  facet normal 0 0 1
    outer loop
      vertex 22.9994 -8.55791 4
      vertex 22.6805 -9.37012 4
      vertex 22.6895 -9.37446 4
    endloop
  endfacet
  facet normal 0 0 1
    outer loop
      vertex 17.4229 -6.37023 4
      vertex 22.6805 -9.37012 4
      vertex 22.9993 -8.55789 4
    endloop
  endfacet
  facet normal 0 0 1
    outer loop
      vertex 17.1048 -7.18089 4
      vertex 17.4229 -6.37023 4
      vertex 17.3982 -6.36051 4
    endloop
  endfacet
  facet normal 0 0 1
    outer loop
      vertex 17.4229 -6.37023 4
      vertex 17.1048 -7.18089 4
      vertex 22.6805 -9.37012 4
    endloop
  endfacet
  facet normal 0 0 1
    outer loop
      vertex 17.3985 -6.35937 4
      vertex 17.1048 -7.18089 4
      vertex 17.3982 -6.36051 4
    endloop
  endfacet
  facet normal 0 0 1
    outer loop
      vertex 14 0 4
      vertex 17.3985 6.35937 4
      vertex 17.0795 7.17224 4
    endloop
  endfacet
  facet normal 0 0 1
    outer loop
      vertex 17.3985 -6.35937 4
      vertex 17.08 -7.17117 4
      vertex 17.1048 -7.18089 4
    endloop
  endfacet
  facet normal 0 0 1
    outer loop
      vertex 18.4349 -1.81816 4
      vertex 13.8802 -1.82737 4
      vertex 18.152 -3.69523 4
    endloop
  endfacet
  facet normal 0 0 1
    outer loop
      vertex 18.152 -3.69523 4
      vertex 13.731 -2.73126 4
      vertex 17.958 -4.54543 4
    endloop
  endfacet
  facet normal 0 0 1
    outer loop
      vertex 14 0 4
      vertex 17.0795 7.17224 4
      vertex 16.2558 8.88253 4
    endloop
  endfacet
  facet normal -0 0 1
    outer loop
      vertex 13.731 -2.73126 4
      vertex 18.152 -3.69523 4
      vertex 13.8802 -1.82737 4
    endloop
  endfacet
  facet normal 0 0 1
    outer loop
      vertex 24.0179 -5.03444 4
      vertex 23.8238 -5.88511 4
      vertex 23.8333 -5.88806 4
    endloop
  endfacet
  facet normal 0 0 1
    outer loop
      vertex 18.1778 -3.70232 4
      vertex 23.8238 -5.88511 4
      vertex 24.0179 -5.03444 4
    endloop
  endfacet
  facet normal 0 0 1
    outer loop
      vertex 17.984 -4.55136 4
      vertex 18.1778 -3.70232 4
      vertex 18.1518 -3.69641 4
    endloop
  endfacet
  facet normal 0 0 1
    outer loop
      vertex 18.1778 -3.70232 4
      vertex 17.984 -4.55136 4
      vertex 23.8238 -5.88511 4
    endloop
  endfacet
  facet normal 0 0 1
    outer loop
      vertex 18.152 -3.69523 4
      vertex 17.984 -4.55136 4
      vertex 18.1518 -3.69641 4
    endloop
  endfacet
  facet normal 0 0 1
    outer loop
      vertex 18.5 -0.949732 4
      vertex 13.97 -0.915644 4
      vertex 18.4349 -1.81816 4
    endloop
  endfacet
  facet normal 0 0 1
    outer loop
      vertex 18.152 -3.69523 4
      vertex 17.958 -4.54543 4
      vertex 17.984 -4.55136 4
    endloop
  endfacet
  facet normal 0 0 1
    outer loop
      vertex 14 0 4
      vertex 17.958 4.54543 4
      vertex 17.3985 6.35937 4
    endloop
  endfacet
  facet normal 0 0 1
    outer loop
      vertex 13.8802 -1.82737 4
      vertex 18.4349 -1.81816 4
      vertex 13.97 -0.915644 4
    endloop
  endfacet
  facet normal -0 0 1
    outer loop
      vertex 17.08 7.17117 4
      vertex 17.3982 6.36051 4
      vertex 17.1048 7.18089 4
    endloop
  endfacet
  facet normal 0 0 1
    outer loop
      vertex 17.3982 6.36051 4
      vertex 17.08 7.17117 4
      vertex 17.3985 6.35937 4
    endloop
  endfacet
  facet normal 0 0 1
    outer loop
      vertex 24.5 -1.39852 4
      vertex 24.4348 -2.26863 4
      vertex 24.4447 -2.27012 4
    endloop
  endfacet
  facet normal 0 0 1
    outer loop
      vertex 18.5265 -0.951717 4
      vertex 24.4348 -2.26863 4
      vertex 24.5 -1.39852 4
    endloop
  endfacet
  facet normal 0 0 1
    outer loop
      vertex 18.4615 -1.82015 4
      vertex 18.5265 -0.951717 4
      vertex 18.5 -0.949732 4
    endloop
  endfacet
  facet normal 0 0 1
    outer loop
      vertex 18.5265 -0.951717 4
      vertex 18.4615 -1.82015 4
      vertex 24.4348 -2.26863 4
    endloop
  endfacet
  facet normal 0 0 1
    outer loop
      vertex 14 0 4
      vertex 18.5 0.949732 4
      vertex 18.4349 1.81816 4
    endloop
  endfacet
  facet normal 0 0 1
    outer loop
      vertex 18.5 0.949732 4
      vertex 14 0 4
      vertex 18.5 -0.949732 4
    endloop
  endfacet
  facet normal 0 0 1
    outer loop
      vertex 18.5 -0.949732 4
      vertex 18.4349 -1.81816 4
      vertex 18.4615 -1.82015 4
    endloop
  endfacet
  facet normal 0 0 1
    outer loop
      vertex 14 0 4
      vertex 18.4349 1.81816 4
      vertex 18.152 3.69523 4
    endloop
  endfacet
  facet normal -0 0 1
    outer loop
      vertex 13.97 -0.915644 4
      vertex 18.5 -0.949732 4
      vertex 14 0 4
    endloop
  endfacet
  facet normal -0 0 1
    outer loop
      vertex 17.958 4.54543 4
      vertex 18.1518 3.69641 4
      vertex 17.984 4.55136 4
    endloop
  endfacet
  facet normal 0 0 1
    outer loop
      vertex 14 0 4
      vertex 18.1518 3.69641 4
      vertex 17.958 4.54543 4
    endloop
  endfacet
  facet normal 0 0 1
    outer loop
      vertex 24.51 1.39852 4
      vertex 26 0 4
      vertex 25.9644 1.36073 4
    endloop
  endfacet
  facet normal -0 0 1
    outer loop
      vertex 24.4447 2.27012 4
      vertex 25.9644 1.36073 4
      vertex 25.8576 2.71774 4
    endloop
  endfacet
  facet normal 0 0 1
    outer loop
      vertex 24.51 -1.39852 4
      vertex 26 0 4
      vertex 24.51 1.39852 4
    endloop
  endfacet
  facet normal 0 0 1
    outer loop
      vertex 24.4447 2.27012 4
      vertex 25.8576 2.71774 4
      vertex 25.6799 4.0673 4
    endloop
  endfacet
  facet normal 0 0 1
    outer loop
      vertex 26 0 4
      vertex 24.51 -1.39852 4
      vertex 25.9644 -1.36073 4
    endloop
  endfacet
  facet normal -0 0 1
    outer loop
      vertex 24.0286 5.03083 4
      vertex 25.6799 4.0673 4
      vertex 25.4318 5.4057 4
    endloop
  endfacet
  facet normal 0 0 1
    outer loop
      vertex 24.4447 -2.27012 4
      vertex 25.9644 -1.36073 4
      vertex 24.51 -1.39852 4
    endloop
  endfacet
  facet normal -0 0 1
    outer loop
      vertex 23.8333 5.88806 4
      vertex 25.4318 5.4057 4
      vertex 25.1141 6.72929 4
    endloop
  endfacet
  facet normal 0 0 1
    outer loop
      vertex 25.9644 -1.36073 4
      vertex 24.4447 -2.27012 4
      vertex 25.8576 -2.71774 4
    endloop
  endfacet
  facet normal 0 0 1
    outer loop
      vertex 23.8318 5.89299 4
      vertex 25.1141 6.72929 4
      vertex 24.7275 8.03444 4
    endloop
  endfacet
  facet normal 0 0 1
    outer loop
      vertex 25.8576 -2.71774 4
      vertex 24.4447 -2.27012 4
      vertex 25.6799 -4.0673 4
    endloop
  endfacet
  facet normal 0 0 1
    outer loop
      vertex 24.0286 -5.03083 4
      vertex 25.6799 -4.0673 4
      vertex 24.4447 -2.27012 4
    endloop
  endfacet
  facet normal 0 0 1
    outer loop
      vertex 25.9644 1.36073 4
      vertex 24.4447 2.27012 4
      vertex 24.51 1.39852 4
    endloop
  endfacet
  facet normal 0 0 1
    outer loop
      vertex 24.51 1.39852 4
      vertex 24.4447 2.27012 4
      vertex 24.5 1.39852 4
    endloop
  endfacet
  facet normal -0 0 1
    outer loop
      vertex 23.0089 8.56084 4
      vertex 24.7275 8.03444 4
      vertex 24.2731 9.31757 4
    endloop
  endfacet
  facet normal 0 0 1
    outer loop
      vertex 25.6799 4.0673 4
      vertex 24.0286 5.03083 4
      vertex 24.4447 2.27012 4
    endloop
  endfacet
  facet normal 0 0 1
    outer loop
      vertex 25.4318 5.4057 4
      vertex 24.0278 5.03593 4
      vertex 24.0286 5.03083 4
    endloop
  endfacet
  facet normal 0 0 1
    outer loop
      vertex 25.4318 5.4057 4
      vertex 23.8333 5.88806 4
      vertex 24.0278 5.03593 4
    endloop
  endfacet
  facet normal 0 0 1
    outer loop
      vertex 24.0278 5.03593 4
      vertex 23.8333 5.88806 4
      vertex 24.0179 5.03444 4
    endloop
  endfacet
  facet normal 0 0 1
    outer loop
      vertex 25.1141 6.72929 4
      vertex 23.8318 5.89299 4
      vertex 23.8333 5.88806 4
    endloop
  endfacet
  facet normal -0 0 1
    outer loop
      vertex 22.6895 9.37446 4
      vertex 24.2731 9.31757 4
      vertex 23.7522 10.5752 4
    endloop
  endfacet
  facet normal 0 0 1
    outer loop
      vertex 22.6895 9.37446 4
      vertex 23.7522 10.5752 4
      vertex 23.1662 11.8038 4
    endloop
  endfacet
  facet normal 0 0 1
    outer loop
      vertex 24.7275 8.03444 4
      vertex 23.0089 8.56084 4
      vertex 23.8318 5.89299 4
    endloop
  endfacet
  facet normal 0 0 1
    outer loop
      vertex 24.2731 9.31757 4
      vertex 22.6895 9.37446 4
      vertex 23.0089 8.56084 4
    endloop
  endfacet
  facet normal 0 0 1
    outer loop
      vertex 23.0089 8.56084 4
      vertex 22.6895 9.37446 4
      vertex 22.9994 8.55791 4
    endloop
  endfacet
  facet normal -0 0 1
    outer loop
      vertex 22.6805 9.37012 4
      vertex 22.9994 8.55791 4
      vertex 22.6895 9.37446 4
    endloop
  endfacet
  facet normal -0 0 1
    outer loop
      vertex 21.4782 11.8899 4
      vertex 23.1662 11.8038 4
      vertex 22.5167 13 4
    endloop
  endfacet
  facet normal 0 0 1
    outer loop
      vertex 21.036 12.6557 4
      vertex 22.5167 13 4
      vertex 21.8054 14.1606 4
    endloop
  endfacet
  facet normal 0 0 1
    outer loop
      vertex 23.1662 11.8038 4
      vertex 21.4782 11.8899 4
      vertex 22.6895 9.37446 4
    endloop
  endfacet
  facet normal 0 0 1
    outer loop
      vertex 22.5167 13 4
      vertex 21.476 11.8945 4
      vertex 21.4782 11.8899 4
    endloop
  endfacet
  facet normal 0 0 1
    outer loop
      vertex 22.5167 13 4
      vertex 21.0389 12.6515 4
      vertex 21.476 11.8945 4
    endloop
  endfacet
  facet normal -0 0 1
    outer loop
      vertex 21.0389 12.6514 4
      vertex 21.476 11.8945 4
      vertex 21.0389 12.6515 4
    endloop
  endfacet
  facet normal 0 0 1
    outer loop
      vertex 21.476 11.8945 4
      vertex 21.0389 12.6514 4
      vertex 21.4759 11.8945 4
    endloop
  endfacet
  facet normal 0 0 1
    outer loop
      vertex 22.5167 13 4
      vertex 21.036 12.6557 4
      vertex 21.0389 12.6515 4
    endloop
  endfacet
  facet normal -0 0 1
    outer loop
      vertex 19.4633 14.9625 4
      vertex 21.8054 14.1606 4
      vertex 21.0344 15.2824 4
    endloop
  endfacet
  facet normal 0 0 1
    outer loop
      vertex 19.4633 14.9625 4
      vertex 21.0344 15.2824 4
      vertex 20.2058 16.3623 4
    endloop
  endfacet
  facet normal 0 0 1
    outer loop
      vertex 21.8054 14.1606 4
      vertex 19.4633 14.9625 4
      vertex 21.036 12.6557 4
    endloop
  endfacet
  facet normal -0 0 1
    outer loop
      vertex 18.9183 15.6458 4
      vertex 19.4633 14.9625 4
      vertex 20.2058 16.3623 4
    endloop
  endfacet
  facet normal 0 0 1
    outer loop
      vertex 19.4633 14.9625 4
      vertex 18.9183 15.6458 4
      vertex 19.4551 14.9569 4
    endloop
  endfacet
  facet normal 0 0 1
    outer loop
      vertex 18.9148 15.6496 4
      vertex 20.2058 16.3623 4
      vertex 19.3218 17.3974 4
    endloop
  endfacet
  facet normal -0 0 1
    outer loop
      vertex 18.911 15.6391 4
      vertex 19.4551 14.9569 4
      vertex 18.9183 15.6458 4
    endloop
  endfacet
  facet normal 0 0 1
    outer loop
      vertex 19.4551 14.9569 4
      vertex 18.911 15.6391 4
      vertex 19.455 14.9569 4
    endloop
  endfacet
  facet normal -0 0 1
    outer loop
      vertex 18.911 15.639 4
      vertex 19.455 14.9569 4
      vertex 18.911 15.6391 4
    endloop
  endfacet
  facet normal 0 0 1
    outer loop
      vertex 18.911 15.639 4
      vertex 14.7712 11.2227 4
      vertex 19.455 14.9569 4
    endloop
  endfacet
  facet normal -0 0 1
    outer loop
      vertex 14.2282 11.9036 4
      vertex 14.7712 11.2227 4
      vertex 18.911 15.639 4
    endloop
  endfacet
  facet normal -0 0 1
    outer loop
      vertex 14.2074 11.887 4
      vertex 14.7504 11.2061 4
      vertex 14.2282 11.9036 4
    endloop
  endfacet
  facet normal 0 0 1
    outer loop
      vertex 14.7712 11.2227 4
      vertex 14.2282 11.9036 4
      vertex 14.7504 11.2061 4
    endloop
  endfacet
  facet normal 0 0 1
    outer loop
      vertex 25.6799 -4.0673 4
      vertex 24.0286 -5.03083 4
      vertex 25.4318 -5.4057 4
    endloop
  endfacet
  facet normal 0 0 1
    outer loop
      vertex 24.4447 -2.27012 4
      vertex 24.51 -1.39852 4
      vertex 24.5 -1.39852 4
    endloop
  endfacet
  facet normal -0 0 1
    outer loop
      vertex 24.0278 -5.03593 4
      vertex 25.4318 -5.4057 4
      vertex 24.0286 -5.03083 4
    endloop
  endfacet
  facet normal 0 0 1
    outer loop
      vertex 23.8333 -5.88806 4
      vertex 25.4318 -5.4057 4
      vertex 24.0278 -5.03593 4
    endloop
  endfacet
  facet normal 0 0 1
    outer loop
      vertex 25.4318 -5.4057 4
      vertex 23.8333 -5.88806 4
      vertex 25.1141 -6.72929 4
    endloop
  endfacet
  facet normal -0 0 1
    outer loop
      vertex 23.8318 -5.89299 4
      vertex 25.1141 -6.72929 4
      vertex 23.8333 -5.88806 4
    endloop
  endfacet
  facet normal 0 0 1
    outer loop
      vertex 23.8333 -5.88806 4
      vertex 24.0278 -5.03593 4
      vertex 24.0179 -5.03444 4
    endloop
  endfacet
  facet normal 0 0 1
    outer loop
      vertex 25.1141 -6.72929 4
      vertex 23.8318 -5.89299 4
      vertex 24.7275 -8.03444 4
    endloop
  endfacet
  facet normal 0 0 1
    outer loop
      vertex 23.0089 -8.56084 4
      vertex 24.7275 -8.03444 4
      vertex 23.8318 -5.89299 4
    endloop
  endfacet
  facet normal 0 0 1
    outer loop
      vertex 24.7275 -8.03444 4
      vertex 23.0089 -8.56084 4
      vertex 24.2731 -9.31757 4
    endloop
  endfacet
  facet normal 0 0 1
    outer loop
      vertex 22.6895 -9.37446 4
      vertex 24.2731 -9.31757 4
      vertex 23.0089 -8.56084 4
    endloop
  endfacet
  facet normal 0 0 1
    outer loop
      vertex 24.2731 -9.31757 4
      vertex 22.6895 -9.37446 4
      vertex 23.7522 -10.5752 4
    endloop
  endfacet
  facet normal 0 0 1
    outer loop
      vertex 22.6895 -9.37446 4
      vertex 23.0089 -8.56084 4
      vertex 22.9994 -8.55791 4
    endloop
  endfacet
  facet normal 0 0 1
    outer loop
      vertex 22.6805 -9.37012 4
      vertex 22.9994 -8.55791 4
      vertex 22.9993 -8.55789 4
    endloop
  endfacet
  facet normal 0 0 1
    outer loop
      vertex 23.7522 -10.5752 4
      vertex 22.6895 -9.37446 4
      vertex 23.1662 -11.8038 4
    endloop
  endfacet
  facet normal 0 0 1
    outer loop
      vertex 21.4782 -11.8899 4
      vertex 23.1662 -11.8038 4
      vertex 22.6895 -9.37446 4
    endloop
  endfacet
  facet normal 0 0 1
    outer loop
      vertex 23.1662 -11.8038 4
      vertex 21.4782 -11.8899 4
      vertex 22.5167 -13 4
    endloop
  endfacet
  facet normal -0 0 1
    outer loop
      vertex 21.476 -11.8945 4
      vertex 22.5167 -13 4
      vertex 21.4782 -11.8899 4
    endloop
  endfacet
  facet normal -0 0 1
    outer loop
      vertex 21.0389 -12.6515 4
      vertex 22.5167 -13 4
      vertex 21.476 -11.8945 4
    endloop
  endfacet
  facet normal 0 0 1
    outer loop
      vertex 21.0389 -12.6514 4
      vertex 21.476 -11.8945 4
      vertex 21.4759 -11.8945 4
    endloop
  endfacet
  facet normal 0 0 1
    outer loop
      vertex 21.0389 -12.6514 4
      vertex 21.4759 -11.8945 4
      vertex 21.4669 -11.8902 4
    endloop
  endfacet
  facet normal -0 0 1
    outer loop
      vertex 21.036 -12.6557 4
      vertex 22.5167 -13 4
      vertex 21.0389 -12.6515 4
    endloop
  endfacet
  facet normal 0 0 1
    outer loop
      vertex 22.5167 -13 4
      vertex 21.036 -12.6557 4
      vertex 21.8054 -14.1606 4
    endloop
  endfacet
  facet normal 0 0 1
    outer loop
      vertex 19.4633 -14.9625 4
      vertex 21.8054 -14.1606 4
      vertex 21.036 -12.6557 4
    endloop
  endfacet
  facet normal 0 0 1
    outer loop
      vertex 21.8054 -14.1606 4
      vertex 19.4633 -14.9625 4
      vertex 21.0344 -15.2824 4
    endloop
  endfacet
  facet normal 0 0 1
    outer loop
      vertex 21.0344 -15.2824 4
      vertex 19.4633 -14.9625 4
      vertex 20.2058 -16.3623 4
    endloop
  endfacet
  facet normal 0 0 1
    outer loop
      vertex 18.9183 -15.6458 4
      vertex 19.4633 -14.9625 4
      vertex 19.4551 -14.9569 4
    endloop
  endfacet
  facet normal 0 0 1
    outer loop
      vertex 18.911 -15.6391 4
      vertex 19.4551 -14.9569 4
      vertex 19.455 -14.9569 4
    endloop
  endfacet
  facet normal 0 0 1
    outer loop
      vertex 19.4633 -14.9625 4
      vertex 18.9183 -15.6458 4
      vertex 20.2058 -16.3623 4
    endloop
  endfacet
  facet normal -0 0 1
    outer loop
      vertex 18.9148 -15.6496 4
      vertex 20.2058 -16.3623 4
      vertex 18.9183 -15.6458 4
    endloop
  endfacet
  facet normal 0 0 1
    outer loop
      vertex 19.4551 -14.9569 4
      vertex 18.911 -15.6391 4
      vertex 18.9183 -15.6458 4
    endloop
  endfacet
  facet normal 0 0 1
    outer loop
      vertex 19.455 -14.9569 4
      vertex 18.911 -15.639 4
      vertex 18.911 -15.6391 4
    endloop
  endfacet
  facet normal 0 0 1
    outer loop
      vertex 14.7712 -11.2227 4
      vertex 18.911 -15.639 4
      vertex 19.455 -14.9569 4
    endloop
  endfacet
  facet normal 0 0 1
    outer loop
      vertex 14.2282 -11.9036 4
      vertex 14.7712 -11.2227 4
      vertex 14.7504 -11.2061 4
    endloop
  endfacet
  facet normal 0 0 1
    outer loop
      vertex 14.7712 -11.2227 4
      vertex 14.2282 -11.9036 4
      vertex 18.911 -15.639 4
    endloop
  endfacet
  facet normal -0 0 1
    outer loop
      vertex 12.9343 -5.35757 4
      vertex 17.3985 -6.35937 4
      vertex 13.257 -4.50015 4
    endloop
  endfacet
  facet normal 0 0 1
    outer loop
      vertex 12.5562 6.19204 4
      vertex 14.7504 11.2061 4
      vertex 14.2074 11.887 4
    endloop
  endfacet
  facet normal 0 0 1
    outer loop
      vertex 14.7511 -11.2051 4
      vertex 14.2074 -11.887 4
      vertex 14.7504 -11.2061 4
    endloop
  endfacet
  facet normal 0 0 1
    outer loop
      vertex 14.7504 -11.2061 4
      vertex 14.2074 -11.887 4
      vertex 14.2282 -11.9036 4
    endloop
  endfacet
  facet normal 0 0 1
    outer loop
      vertex 16.2558 -8.88253 4
      vertex 15.8204 -9.63671 4
      vertex 15.8435 -9.65002 4
    endloop
  endfacet
  facet normal 0 0 1
    outer loop
      vertex 15.8435 9.65002 4
      vertex 13.8802 1.82737 4
      vertex 13.97 0.915644 4
    endloop
  endfacet
  facet normal 0 0 1
    outer loop
      vertex 15.8435 9.65002 4
      vertex 13.731 2.73126 4
      vertex 13.8802 1.82737 4
    endloop
  endfacet
  facet normal 0 0 1
    outer loop
      vertex 15.8435 9.65002 4
      vertex 13.523 3.62347 4
      vertex 13.731 2.73126 4
    endloop
  endfacet
  facet normal 0 0 1
    outer loop
      vertex 15.8204 9.63671 4
      vertex 13.257 4.50015 4
      vertex 13.523 3.62347 4
    endloop
  endfacet
  facet normal 0 0 1
    outer loop
      vertex 15.8204 9.63671 4
      vertex 12.9343 5.35757 4
      vertex 13.257 4.50015 4
    endloop
  endfacet
  facet normal 0 0 1
    outer loop
      vertex 12.5562 6.19204 4
      vertex 14.2074 11.887 4
      vertex 12.9163 13.2785 4
    endloop
  endfacet
  facet normal 0 0 1
    outer loop
      vertex 12.5562 6.19204 4
      vertex 12.9163 13.2785 4
      vertex 12.9155 13.2794 4
    endloop
  endfacet
  facet normal 0 0 1
    outer loop
      vertex 15.8204 9.63671 4
      vertex 12.5562 6.19204 4
      vertex 12.9343 5.35757 4
    endloop
  endfacet
  facet normal -0 0 1
    outer loop
      vertex 24.4348 2.26863 4
      vertex 24.5 1.39852 4
      vertex 24.4447 2.27012 4
    endloop
  endfacet
  facet normal 0 0 1
    outer loop
      vertex 24.4348 2.26863 4
      vertex 18.5265 0.951717 4
      vertex 24.5 1.39852 4
    endloop
  endfacet
  facet normal -0 0 1
    outer loop
      vertex 18.4615 1.82015 4
      vertex 18.5265 0.951717 4
      vertex 24.4348 2.26863 4
    endloop
  endfacet
  facet normal -0 0 1
    outer loop
      vertex 18.4349 1.81816 4
      vertex 18.5 0.949732 4
      vertex 18.4615 1.82015 4
    endloop
  endfacet
  facet normal 0 0 1
    outer loop
      vertex 18.5265 0.951717 4
      vertex 18.4615 1.82015 4
      vertex 18.5 0.949732 4
    endloop
  endfacet
  facet normal -0 0 1
    outer loop
      vertex 23.8238 5.88511 4
      vertex 24.0179 5.03444 4
      vertex 23.8333 5.88806 4
    endloop
  endfacet
  facet normal 0 0 1
    outer loop
      vertex 23.8238 5.88511 4
      vertex 18.1778 3.70232 4
      vertex 24.0179 5.03444 4
    endloop
  endfacet
  facet normal -0 0 1
    outer loop
      vertex 17.984 4.55136 4
      vertex 18.1778 3.70232 4
      vertex 23.8238 5.88511 4
    endloop
  endfacet
  facet normal 0 0 1
    outer loop
      vertex 18.1518 3.69641 4
      vertex 14 0 4
      vertex 18.152 3.69523 4
    endloop
  endfacet
  facet normal 0 0 1
    outer loop
      vertex 18.1778 3.70232 4
      vertex 17.984 4.55136 4
      vertex 18.1518 3.69641 4
    endloop
  endfacet
  facet normal 0 0 1
    outer loop
      vertex 22.9994 8.55791 4
      vertex 22.6805 9.37012 4
      vertex 22.9993 8.55789 4
    endloop
  endfacet
  facet normal 0 0 1
    outer loop
      vertex 22.6805 9.37012 4
      vertex 17.4229 6.37023 4
      vertex 22.9993 8.55789 4
    endloop
  endfacet
  facet normal -0 0 1
    outer loop
      vertex 17.1048 7.18089 4
      vertex 17.4229 6.37023 4
      vertex 22.6805 9.37012 4
    endloop
  endfacet
  facet normal 0 0 1
    outer loop
      vertex 17.0795 7.17224 4
      vertex 17.3985 6.35937 4
      vertex 17.08 7.17117 4
    endloop
  endfacet
  facet normal 0 0 1
    outer loop
      vertex 17.4229 6.37023 4
      vertex 17.1048 7.18089 4
      vertex 17.3982 6.36051 4
    endloop
  endfacet
  facet normal 0 0 1
    outer loop
      vertex 21.4759 11.8945 4
      vertex 21.0389 12.6514 4
      vertex 21.4669 11.8902 4
    endloop
  endfacet
  facet normal -0 0 1
    outer loop
      vertex 21.0307 12.6458 4
      vertex 21.4669 11.8902 4
      vertex 21.0389 12.6514 4
    endloop
  endfacet
  facet normal 0 0 1
    outer loop
      vertex 21.0307 12.6458 4
      vertex 16.2789 8.89583 4
      vertex 21.4669 11.8902 4
    endloop
  endfacet
  facet normal -0 0 1
    outer loop
      vertex 15.8435 9.65002 4
      vertex 16.2789 8.89583 4
      vertex 21.0307 12.6458 4
    endloop
  endfacet
  facet normal 0 0 1
    outer loop
      vertex 14 0 4
      vertex 16.2558 8.88253 4
      vertex 15.8435 9.65002 4
    endloop
  endfacet
  facet normal 0 0 1
    outer loop
      vertex 16.2789 8.89583 4
      vertex 15.8435 9.65002 4
      vertex 16.2558 8.88253 4
    endloop
  endfacet
  facet normal 0 0 1
    outer loop
      vertex 20.2058 -16.3623 4
      vertex 18.9148 -15.6496 4
      vertex 19.3218 -17.3974 4
    endloop
  endfacet
  facet normal 0 0 1
    outer loop
      vertex 17.0159 -17.6962 4
      vertex 19.3218 -17.3974 4
      vertex 18.9148 -15.6496 4
    endloop
  endfacet
  facet normal 0 0 1
    outer loop
      vertex 19.3218 -17.3974 4
      vertex 17.0159 -17.6962 4
      vertex 18.3848 -18.3848 4
    endloop
  endfacet
  facet normal 0 0 1
    outer loop
      vertex 18.3848 -18.3848 4
      vertex 17.0159 -17.6962 4
      vertex 17.3974 -19.3218 4
    endloop
  endfacet
  facet normal 0 0 1
    outer loop
      vertex 16.3751 -18.2907 4
      vertex 17.0159 -17.6962 4
      vertex 17.0085 -17.6894 4
    endloop
  endfacet
  facet normal 0 0 1
    outer loop
      vertex 17.0159 -17.6962 4
      vertex 16.3751 -18.2907 4
      vertex 17.3974 -19.3218 4
    endloop
  endfacet
  facet normal 0 0 1
    outer loop
      vertex 16.3751 -18.2907 4
      vertex 16.3623 -20.2058 4
      vertex 17.3974 -19.3218 4
    endloop
  endfacet
  facet normal -0 0 1
    outer loop
      vertex 14.1924 -20.0314 4
      vertex 16.3623 -20.2058 4
      vertex 16.3751 -18.2907 4
    endloop
  endfacet
  facet normal 0 0 1
    outer loop
      vertex 16.3623 -20.2058 4
      vertex 14.1924 -20.0314 4
      vertex 15.2824 -21.0344 4
    endloop
  endfacet
  facet normal -0 0 1
    outer loop
      vertex 14.1883 -20.0347 4
      vertex 15.2824 -21.0344 4
      vertex 14.1924 -20.0314 4
    endloop
  endfacet
  facet normal 0 0 -1
    outer loop
      vertex 14.1821 -20.0268 4
      vertex 14.1883 -20.0347 4
      vertex 14.1821 -20.0269 4
    endloop
  endfacet
  facet normal 0 0 1
    outer loop
      vertex 14.1883 -20.0347 4
      vertex 14.1606 -21.8054 4
      vertex 15.2824 -21.0344 4
    endloop
  endfacet
  facet normal 0 0 1
    outer loop
      vertex 13.4662 -20.527 4
      vertex 14.1883 -20.0347 4
      vertex 14.1821 -20.0268 4
    endloop
  endfacet
  facet normal 0 0 1
    outer loop
      vertex 14.1883 -20.0347 4
      vertex 13.4662 -20.527 4
      vertex 14.1606 -21.8054 4
    endloop
  endfacet
  facet normal 0 0 1
    outer loop
      vertex 14.1821 -20.0268 4
      vertex 13.4612 -20.5184 4
      vertex 13.4662 -20.527 4
    endloop
  endfacet
  facet normal 0 0 1
    outer loop
      vertex 10.807 -15.078 4
      vertex 13.4612 -20.5184 4
      vertex 14.1821 -20.0268 4
    endloop
  endfacet
  facet normal 0 0 1
    outer loop
      vertex 10.0875 -15.5686 4
      vertex 10.807 -15.078 4
      vertex 10.792 -15.056 4
    endloop
  endfacet
  facet normal 0 0 1
    outer loop
      vertex 10.807 -15.078 4
      vertex 10.0875 -15.5686 4
      vertex 13.4612 -20.5184 4
    endloop
  endfacet
  facet normal -0 0 1
    outer loop
      vertex 8.52266 -11.1069 4
      vertex 12.2771 -13.8717 4
      vertex 9.23084 -10.5258 4
    endloop
  endfacet
  facet normal 0 0 1
    outer loop
      vertex 10.792 -15.056 4
      vertex 10.0725 -15.5466 4
      vertex 10.0875 -15.5686 4
    endloop
  endfacet
  facet normal 0 0 1
    outer loop
      vertex 12.2771 -13.8717 4
      vertex 8.52266 -11.1069 4
      vertex 10.793 -15.0553 4
    endloop
  endfacet
  facet normal -0 0 1
    outer loop
      vertex 7.77798 -11.6406 4
      vertex 10.793 -15.0553 4
      vertex 8.52266 -11.1069 4
    endloop
  endfacet
  facet normal 0 0 1
    outer loop
      vertex 10.793 -15.0553 4
      vertex 7.77798 -11.6406 4
      vertex 10.792 -15.056 4
    endloop
  endfacet
  facet normal 0 0 1
    outer loop
      vertex 10.792 -15.056 4
      vertex 7.77798 -11.6406 4
      vertex 10.0725 -15.5466 4
    endloop
  endfacet
  facet normal 0 0 1
    outer loop
      vertex 10.0725 -15.5466 4
      vertex 7.77798 -11.6406 4
      vertex 10.0715 -15.5472 4
    endloop
  endfacet
  facet normal -0 0 1
    outer loop
      vertex 7 -12.1244 4
      vertex 10.0715 -15.5472 4
      vertex 7.77798 -11.6406 4
    endloop
  endfacet
  facet normal -0.182266 -0.983249 0
    outer loop
      vertex -5.4057 -25.4318 0
      vertex -4.0673 -25.6799 4
      vertex -5.4057 -25.4318 4
    endloop
  endfacet
  facet normal -0.182266 -0.983249 -0
    outer loop
      vertex -4.0673 -25.6799 4
      vertex -5.4057 -25.4318 0
      vertex -4.0673 -25.6799 0
    endloop
  endfacet
  facet normal 0.923887 -0.382666 0
    outer loop
      vertex 23.7522 -10.5752 4
      vertex 24.2731 -9.31757 0
      vertex 24.2731 -9.31757 4
    endloop
  endfacet
  facet normal 0.923887 -0.382666 0
    outer loop
      vertex 24.2731 -9.31757 0
      vertex 23.7522 -10.5752 4
      vertex 23.7522 -10.5752 0
    endloop
  endfacet
  facet normal 0.983249 0.182266 0
    outer loop
      vertex 25.6799 4.0673 4
      vertex 25.4318 5.4057 0
      vertex 25.4318 5.4057 4
    endloop
  endfacet
  facet normal 0.983249 0.182266 0
    outer loop
      vertex 25.4318 5.4057 0
      vertex 25.6799 4.0673 4
      vertex 25.6799 4.0673 0
    endloop
  endfacet
  facet normal -0.33382 -0.942637 0
    outer loop
      vertex -9.31757 -24.2731 0
      vertex -8.03444 -24.7275 4
      vertex -9.31757 -24.2731 4
    endloop
  endfacet
  facet normal -0.33382 -0.942637 -0
    outer loop
      vertex -8.03444 -24.7275 4
      vertex -9.31757 -24.2731 0
      vertex -8.03444 -24.7275 0
    endloop
  endfacet
  facet normal 0.902589 0.430504 0
    outer loop
      vertex 23.7522 10.5752 4
      vertex 23.1662 11.8038 0
      vertex 23.1662 11.8038 4
    endloop
  endfacet
  facet normal 0.902589 0.430504 0
    outer loop
      vertex 23.1662 11.8038 0
      vertex 23.7522 10.5752 4
      vertex 23.7522 10.5752 0
    endloop
  endfacet
  facet normal 0.760427 0.649423 0
    outer loop
      vertex 20.2058 16.3623 4
      vertex 19.3218 17.3974 0
      vertex 19.3218 17.3974 4
    endloop
  endfacet
  facet normal 0.760427 0.649423 0
    outer loop
      vertex 19.3218 17.3974 0
      vertex 20.2058 16.3623 4
      vertex 20.2058 16.3623 0
    endloop
  endfacet
  facet normal 0.793366 0.608745 0
    outer loop
      vertex 21.0344 15.2824 4
      vertex 20.2058 16.3623 0
      vertex 20.2058 16.3623 4
    endloop
  endfacet
  facet normal 0.793366 0.608745 0
    outer loop
      vertex 20.2058 16.3623 0
      vertex 21.0344 15.2824 4
      vertex 21.0344 15.2824 0
    endloop
  endfacet
  facet normal 0.999658 -0.0261535 0
    outer loop
      vertex 25.9644 -1.36073 4
      vertex 26 0 0
      vertex 26 0 4
    endloop
  endfacet
  facet normal 0.999658 -0.0261535 0
    outer loop
      vertex 26 0 0
      vertex 25.9644 -1.36073 4
      vertex 25.9644 -1.36073 0
    endloop
  endfacet
  facet normal 0.182266 -0.983249 0
    outer loop
      vertex 4.0673 -25.6799 0
      vertex 5.4057 -25.4318 4
      vertex 4.0673 -25.6799 4
    endloop
  endfacet
  facet normal 0.182266 -0.983249 0
    outer loop
      vertex 5.4057 -25.4318 4
      vertex 4.0673 -25.6799 0
      vertex 5.4057 -25.4318 0
    endloop
  endfacet
  facet normal -0.852613 -0.522543 0
    outer loop
      vertex -21.8054 -14.1606 0
      vertex -22.5167 -13 4
      vertex -22.5167 -13 0
    endloop
  endfacet
  facet normal -0.852613 -0.522543 0
    outer loop
      vertex -22.5167 -13 4
      vertex -21.8054 -14.1606 0
      vertex -21.8054 -14.1606 4
    endloop
  endfacet
  facet normal -0.182266 0.983249 0
    outer loop
      vertex -4.0673 25.6799 0
      vertex -5.4057 25.4318 4
      vertex -4.0673 25.6799 4
    endloop
  endfacet
  facet normal -0.182266 0.983249 0
    outer loop
      vertex -5.4057 25.4318 4
      vertex -4.0673 25.6799 0
      vertex -5.4057 25.4318 0
    endloop
  endfacet
  facet normal -0.0784598 -0.996917 0
    outer loop
      vertex -2.71774 -25.8576 0
      vertex -1.36073 -25.9644 4
      vertex -2.71774 -25.8576 4
    endloop
  endfacet
  facet normal -0.0784598 -0.996917 -0
    outer loop
      vertex -1.36073 -25.9644 4
      vertex -2.71774 -25.8576 0
      vertex -1.36073 -25.9644 0
    endloop
  endfacet
  facet normal 0.902589 -0.430504 0
    outer loop
      vertex 23.1662 -11.8038 4
      vertex 23.7522 -10.5752 0
      vertex 23.7522 -10.5752 4
    endloop
  endfacet
  facet normal 0.902589 -0.430504 0
    outer loop
      vertex 23.7522 -10.5752 0
      vertex 23.1662 -11.8038 4
      vertex 23.1662 -11.8038 0
    endloop
  endfacet
  facet normal 0.972381 0.2334 0
    outer loop
      vertex 25.4318 5.4057 4
      vertex 25.1141 6.72929 0
      vertex 25.1141 6.72929 4
    endloop
  endfacet
  facet normal 0.972381 0.2334 0
    outer loop
      vertex 25.1141 6.72929 0
      vertex 25.4318 5.4057 4
      vertex 25.4318 5.4057 0
    endloop
  endfacet
  facet normal -0.996917 0.0784598 0
    outer loop
      vertex -25.9644 1.36073 0
      vertex -25.8576 2.71774 4
      vertex -25.8576 2.71774 0
    endloop
  endfacet
  facet normal -0.996917 0.0784598 0
    outer loop
      vertex -25.8576 2.71774 4
      vertex -25.9644 1.36073 0
      vertex -25.9644 1.36073 4
    endloop
  endfacet
  facet normal -0.130546 -0.991442 0
    outer loop
      vertex -4.0673 -25.6799 0
      vertex -2.71774 -25.8576 4
      vertex -4.0673 -25.6799 4
    endloop
  endfacet
  facet normal -0.130546 -0.991442 -0
    outer loop
      vertex -2.71774 -25.8576 4
      vertex -4.0673 -25.6799 0
      vertex -2.71774 -25.8576 0
    endloop
  endfacet
  facet normal 0.0261535 0.999658 -0
    outer loop
      vertex 1.36073 25.9644 0
      vertex 0 26 4
      vertex 1.36073 25.9644 4
    endloop
  endfacet
  facet normal 0.0261535 0.999658 0
    outer loop
      vertex 0 26 4
      vertex 1.36073 25.9644 0
      vertex 0 26 0
    endloop
  endfacet
  facet normal -0.95882 -0.284013 0
    outer loop
      vertex -24.7275 -8.03444 0
      vertex -25.1141 -6.72929 4
      vertex -25.1141 -6.72929 0
    endloop
  endfacet
  facet normal -0.95882 -0.284013 0
    outer loop
      vertex -25.1141 -6.72929 4
      vertex -24.7275 -8.03444 0
      vertex -24.7275 -8.03444 4
    endloop
  endfacet
  facet normal -0.382666 -0.923887 0
    outer loop
      vertex -10.5752 -23.7522 0
      vertex -9.31757 -24.2731 4
      vertex -10.5752 -23.7522 4
    endloop
  endfacet
  facet normal -0.382666 -0.923887 -0
    outer loop
      vertex -9.31757 -24.2731 4
      vertex -10.5752 -23.7522 0
      vertex -9.31757 -24.2731 0
    endloop
  endfacet
  facet normal 0.649423 -0.760427 0
    outer loop
      vertex 16.3623 -20.2058 0
      vertex 17.3974 -19.3218 4
      vertex 16.3623 -20.2058 4
    endloop
  endfacet
  facet normal 0.649423 -0.760427 0
    outer loop
      vertex 17.3974 -19.3218 4
      vertex 16.3623 -20.2058 0
      vertex 17.3974 -19.3218 0
    endloop
  endfacet
  facet normal -0.725377 -0.688352 0
    outer loop
      vertex -18.3848 -18.3848 0
      vertex -19.3218 -17.3974 4
      vertex -19.3218 -17.3974 0
    endloop
  endfacet
  facet normal -0.725377 -0.688352 0
    outer loop
      vertex -19.3218 -17.3974 4
      vertex -18.3848 -18.3848 0
      vertex -18.3848 -18.3848 4
    endloop
  endfacet
  facet normal -0.430504 0.902589 0
    outer loop
      vertex -10.5752 23.7522 0
      vertex -11.8038 23.1662 4
      vertex -10.5752 23.7522 4
    endloop
  endfacet
  facet normal -0.430504 0.902589 0
    outer loop
      vertex -11.8038 23.1662 4
      vertex -10.5752 23.7522 0
      vertex -11.8038 23.1662 0
    endloop
  endfacet
  facet normal 0.608745 -0.793366 0
    outer loop
      vertex 15.2824 -21.0344 0
      vertex 16.3623 -20.2058 4
      vertex 15.2824 -21.0344 4
    endloop
  endfacet
  facet normal 0.608745 -0.793366 0
    outer loop
      vertex 16.3623 -20.2058 4
      vertex 15.2824 -21.0344 0
      vertex 16.3623 -20.2058 0
    endloop
  endfacet
  facet normal -0.477168 -0.878812 0
    outer loop
      vertex -13 -22.5167 0
      vertex -11.8038 -23.1662 4
      vertex -13 -22.5167 4
    endloop
  endfacet
  facet normal -0.477168 -0.878812 -0
    outer loop
      vertex -11.8038 -23.1662 4
      vertex -13 -22.5167 0
      vertex -11.8038 -23.1662 0
    endloop
  endfacet
  facet normal 0.130546 -0.991442 0
    outer loop
      vertex 2.71774 -25.8576 0
      vertex 4.0673 -25.6799 4
      vertex 2.71774 -25.8576 4
    endloop
  endfacet
  facet normal 0.130546 -0.991442 0
    outer loop
      vertex 4.0673 -25.6799 4
      vertex 2.71774 -25.8576 0
      vertex 4.0673 -25.6799 0
    endloop
  endfacet
  facet normal -0.972381 0.2334 0
    outer loop
      vertex -25.4318 5.4057 0
      vertex -25.1141 6.72929 4
      vertex -25.1141 6.72929 0
    endloop
  endfacet
  facet normal -0.972381 0.2334 0
    outer loop
      vertex -25.1141 6.72929 4
      vertex -25.4318 5.4057 0
      vertex -25.4318 5.4057 4
    endloop
  endfacet
  facet normal 0.477168 -0.878812 0
    outer loop
      vertex 11.8038 -23.1662 0
      vertex 13 -22.5167 4
      vertex 11.8038 -23.1662 4
    endloop
  endfacet
  facet normal 0.477168 -0.878812 0
    outer loop
      vertex 13 -22.5167 4
      vertex 11.8038 -23.1662 0
      vertex 13 -22.5167 0
    endloop
  endfacet
  facet normal 0.382666 0.923887 -0
    outer loop
      vertex 10.5752 23.7522 0
      vertex 9.31757 24.2731 4
      vertex 10.5752 23.7522 4
    endloop
  endfacet
  facet normal 0.382666 0.923887 0
    outer loop
      vertex 9.31757 24.2731 4
      vertex 10.5752 23.7522 0
      vertex 9.31757 24.2731 0
    endloop
  endfacet
  facet normal -0.608745 -0.793366 0
    outer loop
      vertex -16.3623 -20.2058 0
      vertex -15.2824 -21.0344 4
      vertex -16.3623 -20.2058 4
    endloop
  endfacet
  facet normal -0.608745 -0.793366 -0
    outer loop
      vertex -15.2824 -21.0344 4
      vertex -16.3623 -20.2058 0
      vertex -15.2824 -21.0344 0
    endloop
  endfacet
  facet normal -0.56641 -0.824123 0
    outer loop
      vertex -15.2824 -21.0344 0
      vertex -14.1606 -21.8054 4
      vertex -15.2824 -21.0344 4
    endloop
  endfacet
  facet normal -0.56641 -0.824123 -0
    outer loop
      vertex -14.1606 -21.8054 4
      vertex -15.2824 -21.0344 0
      vertex -14.1606 -21.8054 0
    endloop
  endfacet
  facet normal -0.824123 0.56641 0
    outer loop
      vertex -21.8054 14.1606 0
      vertex -21.0344 15.2824 4
      vertex -21.0344 15.2824 0
    endloop
  endfacet
  facet normal -0.824123 0.56641 0
    outer loop
      vertex -21.0344 15.2824 4
      vertex -21.8054 14.1606 0
      vertex -21.8054 14.1606 4
    endloop
  endfacet
  facet normal -0.284013 -0.95882 0
    outer loop
      vertex -8.03444 -24.7275 0
      vertex -6.72929 -25.1141 4
      vertex -8.03444 -24.7275 4
    endloop
  endfacet
  facet normal -0.284013 -0.95882 -0
    outer loop
      vertex -6.72929 -25.1141 4
      vertex -8.03444 -24.7275 0
      vertex -6.72929 -25.1141 0
    endloop
  endfacet
  facet normal -0.725377 0.688352 0
    outer loop
      vertex -19.3218 17.3974 0
      vertex -18.3848 18.3848 4
      vertex -18.3848 18.3848 0
    endloop
  endfacet
  facet normal -0.725377 0.688352 0
    outer loop
      vertex -18.3848 18.3848 4
      vertex -19.3218 17.3974 0
      vertex -19.3218 17.3974 4
    endloop
  endfacet
  facet normal -0.902589 -0.430504 0
    outer loop
      vertex -23.1662 -11.8038 0
      vertex -23.7522 -10.5752 4
      vertex -23.7522 -10.5752 0
    endloop
  endfacet
  facet normal -0.902589 -0.430504 0
    outer loop
      vertex -23.7522 -10.5752 4
      vertex -23.1662 -11.8038 0
      vertex -23.1662 -11.8038 4
    endloop
  endfacet
  facet normal -0.878812 0.477168 0
    outer loop
      vertex -23.1662 11.8038 0
      vertex -22.5167 13 4
      vertex -22.5167 13 0
    endloop
  endfacet
  facet normal -0.878812 0.477168 0
    outer loop
      vertex -22.5167 13 4
      vertex -23.1662 11.8038 0
      vertex -23.1662 11.8038 4
    endloop
  endfacet
  facet normal -0.522543 -0.852613 0
    outer loop
      vertex -14.1606 -21.8054 0
      vertex -13 -22.5167 4
      vertex -14.1606 -21.8054 4
    endloop
  endfacet
  facet normal -0.522543 -0.852613 -0
    outer loop
      vertex -13 -22.5167 4
      vertex -14.1606 -21.8054 0
      vertex -13 -22.5167 0
    endloop
  endfacet
  facet normal -0.284013 0.95882 0
    outer loop
      vertex -6.72929 25.1141 0
      vertex -8.03444 24.7275 4
      vertex -6.72929 25.1141 4
    endloop
  endfacet
  facet normal -0.284013 0.95882 0
    outer loop
      vertex -8.03444 24.7275 4
      vertex -6.72929 25.1141 0
      vertex -8.03444 24.7275 0
    endloop
  endfacet
  facet normal -0.688352 -0.725377 0
    outer loop
      vertex -18.3848 -18.3848 0
      vertex -17.3974 -19.3218 4
      vertex -18.3848 -18.3848 4
    endloop
  endfacet
  facet normal -0.688352 -0.725377 -0
    outer loop
      vertex -17.3974 -19.3218 4
      vertex -18.3848 -18.3848 0
      vertex -17.3974 -19.3218 0
    endloop
  endfacet
  facet normal -0.991442 0.130546 0
    outer loop
      vertex -25.8576 2.71774 0
      vertex -25.6799 4.0673 4
      vertex -25.6799 4.0673 0
    endloop
  endfacet
  facet normal -0.991442 0.130546 0
    outer loop
      vertex -25.6799 4.0673 4
      vertex -25.8576 2.71774 0
      vertex -25.8576 2.71774 4
    endloop
  endfacet
  facet normal -0.852613 0.522543 0
    outer loop
      vertex -22.5167 13 0
      vertex -21.8054 14.1606 4
      vertex -21.8054 14.1606 0
    endloop
  endfacet
  facet normal -0.852613 0.522543 0
    outer loop
      vertex -21.8054 14.1606 4
      vertex -22.5167 13 0
      vertex -22.5167 13 4
    endloop
  endfacet
  facet normal 0.2334 0.972381 -0
    outer loop
      vertex 6.72929 25.1141 0
      vertex 5.4057 25.4318 4
      vertex 6.72929 25.1141 4
    endloop
  endfacet
  facet normal 0.2334 0.972381 0
    outer loop
      vertex 5.4057 25.4318 4
      vertex 6.72929 25.1141 0
      vertex 5.4057 25.4318 0
    endloop
  endfacet
  facet normal 0.33382 -0.942637 0
    outer loop
      vertex 8.03444 -24.7275 0
      vertex 9.31757 -24.2731 4
      vertex 8.03444 -24.7275 4
    endloop
  endfacet
  facet normal 0.33382 -0.942637 0
    outer loop
      vertex 9.31757 -24.2731 4
      vertex 8.03444 -24.7275 0
      vertex 9.31757 -24.2731 0
    endloop
  endfacet
  facet normal 0.382666 -0.923887 0
    outer loop
      vertex 9.31757 -24.2731 0
      vertex 10.5752 -23.7522 4
      vertex 9.31757 -24.2731 4
    endloop
  endfacet
  facet normal 0.382666 -0.923887 0
    outer loop
      vertex 10.5752 -23.7522 4
      vertex 9.31757 -24.2731 0
      vertex 10.5752 -23.7522 0
    endloop
  endfacet
  facet normal 0.688352 -0.725377 0
    outer loop
      vertex 17.3974 -19.3218 0
      vertex 18.3848 -18.3848 4
      vertex 17.3974 -19.3218 4
    endloop
  endfacet
  facet normal 0.688352 -0.725377 0
    outer loop
      vertex 18.3848 -18.3848 4
      vertex 17.3974 -19.3218 0
      vertex 18.3848 -18.3848 0
    endloop
  endfacet
  facet normal 0.284013 0.95882 -0
    outer loop
      vertex 8.03444 24.7275 0
      vertex 6.72929 25.1141 4
      vertex 8.03444 24.7275 4
    endloop
  endfacet
  facet normal 0.284013 0.95882 0
    outer loop
      vertex 6.72929 25.1141 4
      vertex 8.03444 24.7275 0
      vertex 6.72929 25.1141 0
    endloop
  endfacet
  facet normal -0.477168 0.878812 0
    outer loop
      vertex -11.8038 23.1662 0
      vertex -13 22.5167 4
      vertex -11.8038 23.1662 4
    endloop
  endfacet
  facet normal -0.477168 0.878812 0
    outer loop
      vertex -13 22.5167 4
      vertex -11.8038 23.1662 0
      vertex -13 22.5167 0
    endloop
  endfacet
  facet normal 0.995184 0.0980202 0
    outer loop
      vertex 13.97 0.915644 8.8
      vertex 13.8802 1.82737 4
      vertex 13.8802 1.82737 8.8
    endloop
  endfacet
  facet normal 0.995184 0.0980202 0
    outer loop
      vertex 13.8802 1.82737 4
      vertex 13.97 0.915644 8.8
      vertex 13.97 0.915644 4
    endloop
  endfacet
  facet normal 0.999464 0.0327463 0
    outer loop
      vertex 14 0 8.8
      vertex 13.97 0.915644 4
      vertex 13.97 0.915644 8.8
    endloop
  endfacet
  facet normal 0.999464 0.0327463 0
    outer loop
      vertex 13.97 0.915644 4
      vertex 14 0 8.8
      vertex 14 0 4
    endloop
  endfacet
  facet normal 0.634336 0.773058 -0
    outer loop
      vertex 9.23084 10.5258 4
      vertex 8.52266 11.1069 8.8
      vertex 9.23084 10.5258 8.8
    endloop
  endfacet
  facet normal 0.634336 0.773058 0
    outer loop
      vertex 8.52266 11.1069 8.8
      vertex 9.23084 10.5258 4
      vertex 8.52266 11.1069 4
    endloop
  endfacet
  facet normal 0.582528 -0.812811 0
    outer loop
      vertex 7.77798 -11.6406 4
      vertex 8.52266 -11.1069 8.8
      vertex 7.77798 -11.6406 8.8
    endloop
  endfacet
  facet normal 0.582528 -0.812811 0
    outer loop
      vertex 8.52266 -11.1069 8.8
      vertex 7.77798 -11.6406 4
      vertex 8.52266 -11.1069 4
    endloop
  endfacet
  facet normal -0.995184 0.0980202 0
    outer loop
      vertex -13.97 0.915644 4
      vertex -13.8802 1.82737 8.8
      vertex -13.8802 1.82737 4
    endloop
  endfacet
  facet normal -0.995184 0.0980202 0
    outer loop
      vertex -13.8802 1.82737 8.8
      vertex -13.97 0.915644 4
      vertex -13.97 0.915644 8.8
    endloop
  endfacet
  facet normal 0.910861 -0.412713 0
    outer loop
      vertex 12.5562 -6.19204 8.8
      vertex 12.9343 -5.35757 4
      vertex 12.9343 -5.35757 8.8
    endloop
  endfacet
  facet normal 0.910861 -0.412713 0
    outer loop
      vertex 12.9343 -5.35757 4
      vertex 12.5562 -6.19204 8.8
      vertex 12.5562 -6.19204 4
    endloop
  endfacet
  facet normal 0.729836 0.683622 0
    outer loop
      vertex 10.5258 9.23084 8.8
      vertex 9.89949 9.89949 4
      vertex 9.89949 9.89949 8.8
    endloop
  endfacet
  facet normal 0.729836 0.683622 0
    outer loop
      vertex 9.89949 9.89949 4
      vertex 10.5258 9.23084 8.8
      vertex 10.5258 9.23084 4
    endloop
  endfacet
  facet normal 0.162861 -0.986649 0
    outer loop
      vertex 1.82737 -13.8802 4
      vertex 2.73126 -13.731 8.8
      vertex 1.82737 -13.8802 8.8
    endloop
  endfacet
  facet normal 0.162861 -0.986649 0
    outer loop
      vertex 2.73126 -13.731 8.8
      vertex 1.82737 -13.8802 4
      vertex 2.73126 -13.731 4
    endloop
  endfacet
  facet normal 0.973885 0.227041 0
    outer loop
      vertex 13.731 2.73126 8.8
      vertex 13.523 3.62347 4
      vertex 13.523 3.62347 8.8
    endloop
  endfacet
  facet normal 0.973885 0.227041 0
    outer loop
      vertex 13.523 3.62347 4
      vertex 13.731 2.73126 8.8
      vertex 13.731 2.73126 4
    endloop
  endfacet
  facet normal 0.528084 0.849192 -0
    outer loop
      vertex 7.77798 11.6406 4
      vertex 7 12.1244 8.8
      vertex 7.77798 11.6406 8.8
    endloop
  endfacet
  facet normal 0.528084 0.849192 0
    outer loop
      vertex 7 12.1244 8.8
      vertex 7.77798 11.6406 4
      vertex 7 12.1244 4
    endloop
  endfacet
  facet normal 0.986649 -0.162861 0
    outer loop
      vertex 13.731 -2.73126 8.8
      vertex 13.8802 -1.82737 4
      vertex 13.8802 -1.82737 8.8
    endloop
  endfacet
  facet normal 0.986649 -0.162861 0
    outer loop
      vertex 13.8802 -1.82737 4
      vertex 13.731 -2.73126 8.8
      vertex 13.731 -2.73126 4
    endloop
  endfacet
  facet normal 0.227041 0.973885 -0
    outer loop
      vertex 3.62347 13.523 4
      vertex 2.73126 13.731 8.8
      vertex 3.62347 13.523 8.8
    endloop
  endfacet
  facet normal 0.227041 0.973885 0
    outer loop
      vertex 2.73126 13.731 8.8
      vertex 3.62347 13.523 4
      vertex 2.73126 13.731 4
    endloop
  endfacet
  facet normal -0.729836 -0.683622 0
    outer loop
      vertex -9.89949 -9.89949 4
      vertex -10.5258 -9.23084 8.8
      vertex -10.5258 -9.23084 4
    endloop
  endfacet
  facet normal -0.729836 -0.683622 0
    outer loop
      vertex -10.5258 -9.23084 8.8
      vertex -9.89949 -9.89949 4
      vertex -9.89949 -9.89949 8.8
    endloop
  endfacet
  facet normal 0.0327463 -0.999464 0
    outer loop
      vertex 0 -14 4
      vertex 0.915644 -13.97 8.8
      vertex 0 -14 8.8
    endloop
  endfacet
  facet normal 0.0327463 -0.999464 0
    outer loop
      vertex 0.915644 -13.97 8.8
      vertex 0 -14 4
      vertex 0.915644 -13.97 4
    endloop
  endfacet
  facet normal -0.849192 0.528084 0
    outer loop
      vertex -12.1244 7 4
      vertex -11.6406 7.77798 8.8
      vertex -11.6406 7.77798 4
    endloop
  endfacet
  facet normal -0.849192 0.528084 0
    outer loop
      vertex -11.6406 7.77798 8.8
      vertex -12.1244 7 4
      vertex -12.1244 7 8.8
    endloop
  endfacet
  facet normal -0.227041 -0.973885 0
    outer loop
      vertex -3.62347 -13.523 4
      vertex -2.73126 -13.731 8.8
      vertex -3.62347 -13.523 8.8
    endloop
  endfacet
  facet normal -0.227041 -0.973885 -0
    outer loop
      vertex -2.73126 -13.731 8.8
      vertex -3.62347 -13.523 4
      vertex -2.73126 -13.731 4
    endloop
  endfacet
  facet normal 0.412713 0.910861 -0
    outer loop
      vertex 6.19204 12.5562 4
      vertex 5.35757 12.9343 8.8
      vertex 6.19204 12.5562 8.8
    endloop
  endfacet
  facet normal 0.412713 0.910861 0
    outer loop
      vertex 5.35757 12.9343 8.8
      vertex 6.19204 12.5562 4
      vertex 5.35757 12.9343 4
    endloop
  endfacet
  facet normal 0.0980202 -0.995184 0
    outer loop
      vertex 0.915644 -13.97 4
      vertex 1.82737 -13.8802 8.8
      vertex 0.915644 -13.97 8.8
    endloop
  endfacet
  facet normal 0.0980202 -0.995184 0
    outer loop
      vertex 1.82737 -13.8802 8.8
      vertex 0.915644 -13.97 4
      vertex 1.82737 -13.8802 4
    endloop
  endfacet
  facet normal -0.634336 0.773058 0
    outer loop
      vertex -8.52266 11.1069 4
      vertex -9.23084 10.5258 8.8
      vertex -8.52266 11.1069 8.8
    endloop
  endfacet
  facet normal -0.634336 0.773058 0
    outer loop
      vertex -9.23084 10.5258 8.8
      vertex -8.52266 11.1069 4
      vertex -9.23084 10.5258 4
    endloop
  endfacet
  facet normal 0.471343 0.88195 -0
    outer loop
      vertex 7 12.1244 4
      vertex 6.19204 12.5562 8.8
      vertex 7 12.1244 8.8
    endloop
  endfacet
  facet normal 0.471343 0.88195 0
    outer loop
      vertex 6.19204 12.5562 8.8
      vertex 7 12.1244 4
      vertex 6.19204 12.5562 4
    endloop
  endfacet
  facet normal 0.683622 -0.729836 0
    outer loop
      vertex 9.23084 -10.5258 4
      vertex 9.89949 -9.89949 8.8
      vertex 9.23084 -10.5258 8.8
    endloop
  endfacet
  facet normal 0.683622 -0.729836 0
    outer loop
      vertex 9.89949 -9.89949 8.8
      vertex 9.23084 -10.5258 4
      vertex 9.89949 -9.89949 4
    endloop
  endfacet
  facet normal 0.956922 -0.290347 0
    outer loop
      vertex 13.257 -4.50015 8.8
      vertex 13.523 -3.62347 4
      vertex 13.523 -3.62347 8.8
    endloop
  endfacet
  facet normal 0.956922 -0.290347 0
    outer loop
      vertex 13.523 -3.62347 4
      vertex 13.257 -4.50015 8.8
      vertex 13.257 -4.50015 4
    endloop
  endfacet
  facet normal 0.634336 -0.773058 0
    outer loop
      vertex 8.52266 -11.1069 4
      vertex 9.23084 -10.5258 8.8
      vertex 8.52266 -11.1069 8.8
    endloop
  endfacet
  facet normal 0.634336 -0.773058 0
    outer loop
      vertex 9.23084 -10.5258 8.8
      vertex 8.52266 -11.1069 4
      vertex 9.23084 -10.5258 4
    endloop
  endfacet
  facet normal 0.582528 0.812811 -0
    outer loop
      vertex 8.52266 11.1069 4
      vertex 7.77798 11.6406 8.8
      vertex 8.52266 11.1069 8.8
    endloop
  endfacet
  facet normal 0.582528 0.812811 0
    outer loop
      vertex 7.77798 11.6406 8.8
      vertex 8.52266 11.1069 4
      vertex 7.77798 11.6406 4
    endloop
  endfacet
  facet normal -0.683622 0.729836 0
    outer loop
      vertex -9.23084 10.5258 4
      vertex -9.89949 9.89949 8.8
      vertex -9.23084 10.5258 8.8
    endloop
  endfacet
  facet normal -0.683622 0.729836 0
    outer loop
      vertex -9.89949 9.89949 8.8
      vertex -9.23084 10.5258 4
      vertex -9.89949 9.89949 4
    endloop
  endfacet
  facet normal -0.773058 -0.634336 0
    outer loop
      vertex -10.5258 -9.23084 4
      vertex -11.1069 -8.52266 8.8
      vertex -11.1069 -8.52266 4
    endloop
  endfacet
  facet normal -0.773058 -0.634336 0
    outer loop
      vertex -11.1069 -8.52266 8.8
      vertex -10.5258 -9.23084 4
      vertex -10.5258 -9.23084 8.8
    endloop
  endfacet
  facet normal -0.910861 -0.412713 0
    outer loop
      vertex -12.5562 -6.19204 4
      vertex -12.9343 -5.35757 8.8
      vertex -12.9343 -5.35757 4
    endloop
  endfacet
  facet normal -0.910861 -0.412713 0
    outer loop
      vertex -12.9343 -5.35757 8.8
      vertex -12.5562 -6.19204 4
      vertex -12.5562 -6.19204 8.8
    endloop
  endfacet
  facet normal -0.93591 -0.35224 0
    outer loop
      vertex -12.9343 -5.35757 4
      vertex -13.257 -4.50015 8.8
      vertex -13.257 -4.50015 4
    endloop
  endfacet
  facet normal -0.93591 -0.35224 0
    outer loop
      vertex -13.257 -4.50015 8.8
      vertex -12.9343 -5.35757 4
      vertex -12.9343 -5.35757 8.8
    endloop
  endfacet
  facet normal -0.999464 -0.0327463 0
    outer loop
      vertex -13.97 -0.915644 4
      vertex -14 0 8.8
      vertex -14 0 4
    endloop
  endfacet
  facet normal -0.999464 -0.0327463 0
    outer loop
      vertex -14 0 8.8
      vertex -13.97 -0.915644 4
      vertex -13.97 -0.915644 8.8
    endloop
  endfacet
  facet normal -0.973885 0.227041 0
    outer loop
      vertex -13.731 2.73126 4
      vertex -13.523 3.62347 8.8
      vertex -13.523 3.62347 4
    endloop
  endfacet
  facet normal -0.973885 0.227041 0
    outer loop
      vertex -13.523 3.62347 8.8
      vertex -13.731 2.73126 4
      vertex -13.731 2.73126 8.8
    endloop
  endfacet
  facet normal 0.999464 -0.0327463 0
    outer loop
      vertex 13.97 -0.915644 8.8
      vertex 14 0 4
      vertex 14 0 8.8
    endloop
  endfacet
  facet normal 0.999464 -0.0327463 0
    outer loop
      vertex 14 0 4
      vertex 13.97 -0.915644 8.8
      vertex 13.97 -0.915644 4
    endloop
  endfacet
  facet normal -0.729836 0.683622 0
    outer loop
      vertex -10.5258 9.23084 4
      vertex -9.89949 9.89949 8.8
      vertex -9.89949 9.89949 4
    endloop
  endfacet
  facet normal -0.729836 0.683622 0
    outer loop
      vertex -9.89949 9.89949 8.8
      vertex -10.5258 9.23084 4
      vertex -10.5258 9.23084 8.8
    endloop
  endfacet
  facet normal 0.812811 0.582528 0
    outer loop
      vertex 11.6406 7.77798 8.8
      vertex 11.1069 8.52266 4
      vertex 11.1069 8.52266 8.8
    endloop
  endfacet
  facet normal 0.812811 0.582528 0
    outer loop
      vertex 11.1069 8.52266 4
      vertex 11.6406 7.77798 8.8
      vertex 11.6406 7.77798 4
    endloop
  endfacet
  facet normal 0.849192 0.528084 0
    outer loop
      vertex 12.1244 7 8.8
      vertex 11.6406 7.77798 4
      vertex 11.6406 7.77798 8.8
    endloop
  endfacet
  facet normal 0.849192 0.528084 0
    outer loop
      vertex 11.6406 7.77798 4
      vertex 12.1244 7 8.8
      vertex 12.1244 7 4
    endloop
  endfacet
  facet normal 0.162861 0.986649 -0
    outer loop
      vertex 2.73126 13.731 4
      vertex 1.82737 13.8802 8.8
      vertex 2.73126 13.731 8.8
    endloop
  endfacet
  facet normal 0.162861 0.986649 0
    outer loop
      vertex 1.82737 13.8802 8.8
      vertex 2.73126 13.731 4
      vertex 1.82737 13.8802 4
    endloop
  endfacet
  facet normal -0.0327463 0.999464 0
    outer loop
      vertex 0 14 4
      vertex -0.915644 13.97 8.8
      vertex 0 14 8.8
    endloop
  endfacet
  facet normal -0.0327463 0.999464 0
    outer loop
      vertex -0.915644 13.97 8.8
      vertex 0 14 4
      vertex -0.915644 13.97 4
    endloop
  endfacet
  facet normal -0.162861 0.986649 0
    outer loop
      vertex -1.82737 13.8802 4
      vertex -2.73126 13.731 8.8
      vertex -1.82737 13.8802 8.8
    endloop
  endfacet
  facet normal -0.162861 0.986649 0
    outer loop
      vertex -2.73126 13.731 8.8
      vertex -1.82737 13.8802 4
      vertex -2.73126 13.731 4
    endloop
  endfacet
  facet normal 0.773058 -0.634336 0
    outer loop
      vertex 10.5258 -9.23084 8.8
      vertex 11.1069 -8.52266 4
      vertex 11.1069 -8.52266 8.8
    endloop
  endfacet
  facet normal 0.773058 -0.634336 0
    outer loop
      vertex 11.1069 -8.52266 4
      vertex 10.5258 -9.23084 8.8
      vertex 10.5258 -9.23084 4
    endloop
  endfacet
  facet normal 0.412713 -0.910861 0
    outer loop
      vertex 5.35757 -12.9343 4
      vertex 6.19204 -12.5562 8.8
      vertex 5.35757 -12.9343 8.8
    endloop
  endfacet
  facet normal 0.412713 -0.910861 0
    outer loop
      vertex 6.19204 -12.5562 8.8
      vertex 5.35757 -12.9343 4
      vertex 6.19204 -12.5562 4
    endloop
  endfacet
  facet normal 0.0980202 0.995184 -0
    outer loop
      vertex 1.82737 13.8802 4
      vertex 0.915644 13.97 8.8
      vertex 1.82737 13.8802 8.8
    endloop
  endfacet
  facet normal 0.0980202 0.995184 0
    outer loop
      vertex 0.915644 13.97 8.8
      vertex 1.82737 13.8802 4
      vertex 0.915644 13.97 4
    endloop
  endfacet
  facet normal -0.471343 0.88195 0
    outer loop
      vertex -6.19204 12.5562 4
      vertex -7 12.1244 8.8
      vertex -6.19204 12.5562 8.8
    endloop
  endfacet
  facet normal -0.471343 0.88195 0
    outer loop
      vertex -7 12.1244 8.8
      vertex -6.19204 12.5562 4
      vertex -7 12.1244 4
    endloop
  endfacet
  facet normal 0.88195 -0.471343 0
    outer loop
      vertex 12.1244 -7 8.8
      vertex 12.5562 -6.19204 4
      vertex 12.5562 -6.19204 8.8
    endloop
  endfacet
  facet normal 0.88195 -0.471343 0
    outer loop
      vertex 12.5562 -6.19204 4
      vertex 12.1244 -7 8.8
      vertex 12.1244 -7 4
    endloop
  endfacet
  facet normal 0.88195 0.471343 0
    outer loop
      vertex 12.5562 6.19204 8.8
      vertex 12.1244 7 4
      vertex 12.1244 7 8.8
    endloop
  endfacet
  facet normal 0.88195 0.471343 0
    outer loop
      vertex 12.1244 7 4
      vertex 12.5562 6.19204 8.8
      vertex 12.5562 6.19204 4
    endloop
  endfacet
  facet normal -0.412713 0.910861 0
    outer loop
      vertex -5.35757 12.9343 4
      vertex -6.19204 12.5562 8.8
      vertex -5.35757 12.9343 8.8
    endloop
  endfacet
  facet normal -0.412713 0.910861 0
    outer loop
      vertex -6.19204 12.5562 8.8
      vertex -5.35757 12.9343 4
      vertex -6.19204 12.5562 4
    endloop
  endfacet
  facet normal 0.0327463 0.999464 -0
    outer loop
      vertex 0.915644 13.97 4
      vertex 0 14 8.8
      vertex 0.915644 13.97 8.8
    endloop
  endfacet
  facet normal 0.0327463 0.999464 0
    outer loop
      vertex 0 14 8.8
      vertex 0.915644 13.97 4
      vertex 0 14 4
    endloop
  endfacet
  facet normal 0 0 1
    outer loop
      vertex 13.6255 0 8.8
      vertex 14 0 8.8
      vertex 13.97 0.915644 8.8
    endloop
  endfacet
  facet normal 0 0 1
    outer loop
      vertex 13.6255 0 8.8
      vertex 13.97 0.915644 8.8
      vertex 13.8802 1.82737 8.8
    endloop
  endfacet
  facet normal 0 0 1
    outer loop
      vertex 14 0 8.8
      vertex 13.6255 0 8.8
      vertex 13.97 -0.915644 8.8
    endloop
  endfacet
  facet normal 0 0 1
    outer loop
      vertex 13.6255 0 8.8
      vertex 13.8802 1.82737 8.8
      vertex 13.731 2.73126 8.8
    endloop
  endfacet
  facet normal 0 0 1
    outer loop
      vertex 13.97 -0.915644 8.8
      vertex 13.6255 0 8.8
      vertex 13.8802 -1.82737 8.8
    endloop
  endfacet
  facet normal 0 0 1
    outer loop
      vertex 13.8802 -1.82737 8.8
      vertex 13.6255 0 8.8
      vertex 13.731 -2.73126 8.8
    endloop
  endfacet
  facet normal 0 0 1
    outer loop
      vertex 13.523 3.62347 8.8
      vertex 13.6255 0 8.8
      vertex 13.731 2.73126 8.8
    endloop
  endfacet
  facet normal 0 0 1
    outer loop
      vertex 13.257 4.50015 8.8
      vertex 13.6255 0 8.8
      vertex 13.523 3.62347 8.8
    endloop
  endfacet
  facet normal 0 0 1
    outer loop
      vertex 12.9343 5.35757 8.8
      vertex 13.6255 0 8.8
      vertex 13.257 4.50015 8.8
    endloop
  endfacet
  facet normal 0 0 1
    outer loop
      vertex 12.5562 6.19204 8.8
      vertex 13.6255 0 8.8
      vertex 12.9343 5.35757 8.8
    endloop
  endfacet
  facet normal 0 0 1
    outer loop
      vertex 12.1244 7 8.8
      vertex 13.6255 0 8.8
      vertex 12.5562 6.19204 8.8
    endloop
  endfacet
  facet normal 0 0 1
    outer loop
      vertex 11.6406 7.77798 8.8
      vertex 13.6255 0 8.8
      vertex 12.1244 7 8.8
    endloop
  endfacet
  facet normal 0 0 1
    outer loop
      vertex 6.81273 11.8 8.8
      vertex 11.6406 7.77798 8.8
      vertex 11.1069 8.52266 8.8
    endloop
  endfacet
  facet normal 0 0 1
    outer loop
      vertex 6.81273 11.8 8.8
      vertex 11.1069 8.52266 8.8
      vertex 10.5258 9.23084 8.8
    endloop
  endfacet
  facet normal 0 0 1
    outer loop
      vertex 6.81273 11.8 8.8
      vertex 10.5258 9.23084 8.8
      vertex 9.89949 9.89949 8.8
    endloop
  endfacet
  facet normal 0 0 1
    outer loop
      vertex 6.81273 11.8 8.8
      vertex 9.89949 9.89949 8.8
      vertex 9.23084 10.5258 8.8
    endloop
  endfacet
  facet normal 0 0 1
    outer loop
      vertex 6.81273 11.8 8.8
      vertex 9.23084 10.5258 8.8
      vertex 8.52266 11.1069 8.8
    endloop
  endfacet
  facet normal 0 0 1
    outer loop
      vertex 6.81273 11.8 8.8
      vertex 8.52266 11.1069 8.8
      vertex 7.77798 11.6406 8.8
    endloop
  endfacet
  facet normal -0 0 1
    outer loop
      vertex 6.81273 11.8 8.8
      vertex 7.77798 11.6406 8.8
      vertex 7 12.1244 8.8
    endloop
  endfacet
  facet normal 0 0 1
    outer loop
      vertex 11.6406 7.77798 8.8
      vertex 6.81273 11.8 8.8
      vertex 13.6255 0 8.8
    endloop
  endfacet
  facet normal 0 0 1
    outer loop
      vertex 6.19204 12.5562 8.8
      vertex 6.81273 11.8 8.8
      vertex 7 12.1244 8.8
    endloop
  endfacet
  facet normal 0 0 1
    outer loop
      vertex 5.35757 12.9343 8.8
      vertex 6.81273 11.8 8.8
      vertex 6.19204 12.5562 8.8
    endloop
  endfacet
  facet normal 0 0 1
    outer loop
      vertex 4.50015 13.257 8.8
      vertex 6.81273 11.8 8.8
      vertex 5.35757 12.9343 8.8
    endloop
  endfacet
  facet normal 0 0 1
    outer loop
      vertex 3.62347 13.523 8.8
      vertex 6.81273 11.8 8.8
      vertex 4.50015 13.257 8.8
    endloop
  endfacet
  facet normal 0 0 1
    outer loop
      vertex 2.73126 13.731 8.8
      vertex 6.81273 11.8 8.8
      vertex 3.62347 13.523 8.8
    endloop
  endfacet
  facet normal 0 0 1
    outer loop
      vertex 1.82737 13.8802 8.8
      vertex 6.81273 11.8 8.8
      vertex 2.73126 13.731 8.8
    endloop
  endfacet
  facet normal 0 0 1
    outer loop
      vertex 0.915644 13.97 8.8
      vertex 6.81273 11.8 8.8
      vertex 1.82737 13.8802 8.8
    endloop
  endfacet
  facet normal 0 0 1
    outer loop
      vertex 0 14 8.8
      vertex 6.81273 11.8 8.8
      vertex 0.915644 13.97 8.8
    endloop
  endfacet
  facet normal -0 0 1
    outer loop
      vertex -0.915644 13.97 8.8
      vertex 6.81273 11.8 8.8
      vertex 0 14 8.8
    endloop
  endfacet
  facet normal 0 0 1
    outer loop
      vertex -6.81273 11.8 8.8
      vertex -0.915644 13.97 8.8
      vertex -1.82737 13.8802 8.8
    endloop
  endfacet
  facet normal 0 0 1
    outer loop
      vertex -6.81273 11.8 8.8
      vertex -1.82737 13.8802 8.8
      vertex -2.73126 13.731 8.8
    endloop
  endfacet
  facet normal 0 0 1
    outer loop
      vertex -6.81273 11.8 8.8
      vertex -2.73126 13.731 8.8
      vertex -3.62347 13.523 8.8
    endloop
  endfacet
  facet normal 0 0 1
    outer loop
      vertex -6.81273 11.8 8.8
      vertex -3.62347 13.523 8.8
      vertex -4.50015 13.257 8.8
    endloop
  endfacet
  facet normal 0 0 1
    outer loop
      vertex -6.81273 11.8 8.8
      vertex -4.50015 13.257 8.8
      vertex -5.35757 12.9343 8.8
    endloop
  endfacet
  facet normal 0 0 1
    outer loop
      vertex -6.81273 11.8 8.8
      vertex -5.35757 12.9343 8.8
      vertex -6.19204 12.5562 8.8
    endloop
  endfacet
  facet normal 0 0 1
    outer loop
      vertex -0.915644 13.97 8.8
      vertex -6.81273 11.8 8.8
      vertex 6.81273 11.8 8.8
    endloop
  endfacet
  facet normal -0 0 1
    outer loop
      vertex -7 12.1244 8.8
      vertex -6.81273 11.8 8.8
      vertex -6.19204 12.5562 8.8
    endloop
  endfacet
  facet normal 0 0 1
    outer loop
      vertex -7.77798 11.6406 8.8
      vertex -6.81273 11.8 8.8
      vertex -7 12.1244 8.8
    endloop
  endfacet
  facet normal 0 0 1
    outer loop
      vertex -8.52266 11.1069 8.8
      vertex -6.81273 11.8 8.8
      vertex -7.77798 11.6406 8.8
    endloop
  endfacet
  facet normal 0 0 1
    outer loop
      vertex -9.23084 10.5258 8.8
      vertex -6.81273 11.8 8.8
      vertex -8.52266 11.1069 8.8
    endloop
  endfacet
  facet normal 0 0 1
    outer loop
      vertex -9.89949 9.89949 8.8
      vertex -6.81273 11.8 8.8
      vertex -9.23084 10.5258 8.8
    endloop
  endfacet
  facet normal 0 0 1
    outer loop
      vertex -10.5258 9.23084 8.8
      vertex -6.81273 11.8 8.8
      vertex -9.89949 9.89949 8.8
    endloop
  endfacet
  facet normal 0 0 1
    outer loop
      vertex -11.1069 8.52266 8.8
      vertex -6.81273 11.8 8.8
      vertex -10.5258 9.23084 8.8
    endloop
  endfacet
  facet normal 0 0 1
    outer loop
      vertex -11.6406 7.77798 8.8
      vertex -6.81273 11.8 8.8
      vertex -11.1069 8.52266 8.8
    endloop
  endfacet
  facet normal 0 0 1
    outer loop
      vertex -12.1244 7 8.8
      vertex -6.81273 11.8 8.8
      vertex -11.6406 7.77798 8.8
    endloop
  endfacet
  facet normal 0 0 1
    outer loop
      vertex -12.5562 6.19204 8.8
      vertex -6.81273 11.8 8.8
      vertex -12.1244 7 8.8
    endloop
  endfacet
  facet normal 0 0 1
    outer loop
      vertex -13.6255 0 8.8
      vertex -12.5562 6.19204 8.8
      vertex -12.9343 5.35757 8.8
    endloop
  endfacet
  facet normal 0 0 1
    outer loop
      vertex -13.6255 0 8.8
      vertex -12.9343 5.35757 8.8
      vertex -13.257 4.50015 8.8
    endloop
  endfacet
  facet normal 0 0 1
    outer loop
      vertex -13.6255 0 8.8
      vertex -13.257 4.50015 8.8
      vertex -13.523 3.62347 8.8
    endloop
  endfacet
  facet normal -0 0 1
    outer loop
      vertex -12.5562 6.19204 8.8
      vertex -13.6255 0 8.8
      vertex -6.81273 11.8 8.8
    endloop
  endfacet
  facet normal 0 -0 1
    outer loop
      vertex -13.6255 0 8.8
      vertex -13.523 3.62347 8.8
      vertex -13.731 2.73126 8.8
    endloop
  endfacet
  facet normal 0 0 1
    outer loop
      vertex 13.6255 0 8.8
      vertex 13.523 -3.62347 8.8
      vertex 13.731 -2.73126 8.8
    endloop
  endfacet
  facet normal 0 0 1
    outer loop
      vertex 13.6255 0 8.8
      vertex 13.257 -4.50015 8.8
      vertex 13.523 -3.62347 8.8
    endloop
  endfacet
  facet normal 0 0 1
    outer loop
      vertex 13.6255 0 8.8
      vertex 12.9343 -5.35757 8.8
      vertex 13.257 -4.50015 8.8
    endloop
  endfacet
  facet normal 0 0 1
    outer loop
      vertex 13.6255 0 8.8
      vertex 12.5562 -6.19204 8.8
      vertex 12.9343 -5.35757 8.8
    endloop
  endfacet
  facet normal 0 0 1
    outer loop
      vertex 13.6255 0 8.8
      vertex 12.1244 -7 8.8
      vertex 12.5562 -6.19204 8.8
    endloop
  endfacet
  facet normal 0 0 1
    outer loop
      vertex 13.6255 0 8.8
      vertex 11.6406 -7.77798 8.8
      vertex 12.1244 -7 8.8
    endloop
  endfacet
  facet normal 0 0 1
    outer loop
      vertex 6.81273 -11.8 8.8
      vertex 11.6406 -7.77798 8.8
      vertex 13.6255 0 8.8
    endloop
  endfacet
  facet normal 0 0 1
    outer loop
      vertex 11.6406 -7.77798 8.8
      vertex 6.81273 -11.8 8.8
      vertex 11.1069 -8.52266 8.8
    endloop
  endfacet
  facet normal 0 0 1
    outer loop
      vertex 11.1069 -8.52266 8.8
      vertex 6.81273 -11.8 8.8
      vertex 10.5258 -9.23084 8.8
    endloop
  endfacet
  facet normal 0 0 1
    outer loop
      vertex 10.5258 -9.23084 8.8
      vertex 6.81273 -11.8 8.8
      vertex 9.89949 -9.89949 8.8
    endloop
  endfacet
  facet normal 0 0 1
    outer loop
      vertex 9.89949 -9.89949 8.8
      vertex 6.81273 -11.8 8.8
      vertex 9.23084 -10.5258 8.8
    endloop
  endfacet
  facet normal 0 0 1
    outer loop
      vertex 9.23084 -10.5258 8.8
      vertex 6.81273 -11.8 8.8
      vertex 8.52266 -11.1069 8.8
    endloop
  endfacet
  facet normal 0 0 1
    outer loop
      vertex 8.52266 -11.1069 8.8
      vertex 6.81273 -11.8 8.8
      vertex 7.77798 -11.6406 8.8
    endloop
  endfacet
  facet normal 0 0 1
    outer loop
      vertex 7.77798 -11.6406 8.8
      vertex 6.81273 -11.8 8.8
      vertex 7 -12.1244 8.8
    endloop
  endfacet
  facet normal 0 0 1
    outer loop
      vertex 6.81273 -11.8 8.8
      vertex 6.19204 -12.5562 8.8
      vertex 7 -12.1244 8.8
    endloop
  endfacet
  facet normal 0 0 1
    outer loop
      vertex 6.81273 -11.8 8.8
      vertex 5.35757 -12.9343 8.8
      vertex 6.19204 -12.5562 8.8
    endloop
  endfacet
  facet normal 0 0 1
    outer loop
      vertex 6.81273 -11.8 8.8
      vertex 4.50015 -13.257 8.8
      vertex 5.35757 -12.9343 8.8
    endloop
  endfacet
  facet normal 0 0 1
    outer loop
      vertex 6.81273 -11.8 8.8
      vertex 3.62347 -13.523 8.8
      vertex 4.50015 -13.257 8.8
    endloop
  endfacet
  facet normal 0 0 1
    outer loop
      vertex 6.81273 -11.8 8.8
      vertex 2.73126 -13.731 8.8
      vertex 3.62347 -13.523 8.8
    endloop
  endfacet
  facet normal 0 0 1
    outer loop
      vertex 6.81273 -11.8 8.8
      vertex 1.82737 -13.8802 8.8
      vertex 2.73126 -13.731 8.8
    endloop
  endfacet
  facet normal 0 0 1
    outer loop
      vertex 6.81273 -11.8 8.8
      vertex 0.915644 -13.97 8.8
      vertex 1.82737 -13.8802 8.8
    endloop
  endfacet
  facet normal 0 0 1
    outer loop
      vertex 6.81273 -11.8 8.8
      vertex 0 -14 8.8
      vertex 0.915644 -13.97 8.8
    endloop
  endfacet
  facet normal 0 0 1
    outer loop
      vertex 6.81273 -11.8 8.8
      vertex -0.915644 -13.97 8.8
      vertex 0 -14 8.8
    endloop
  endfacet
  facet normal -0 0 1
    outer loop
      vertex -6.81273 -11.8 8.8
      vertex -0.915644 -13.97 8.8
      vertex 6.81273 -11.8 8.8
    endloop
  endfacet
  facet normal 0 0 1
    outer loop
      vertex -0.915644 -13.97 8.8
      vertex -6.81273 -11.8 8.8
      vertex -1.82737 -13.8802 8.8
    endloop
  endfacet
  facet normal 0 0 1
    outer loop
      vertex -1.82737 -13.8802 8.8
      vertex -6.81273 -11.8 8.8
      vertex -2.73126 -13.731 8.8
    endloop
  endfacet
  facet normal 0 0 1
    outer loop
      vertex -2.73126 -13.731 8.8
      vertex -6.81273 -11.8 8.8
      vertex -3.62347 -13.523 8.8
    endloop
  endfacet
  facet normal 0 0 1
    outer loop
      vertex -3.62347 -13.523 8.8
      vertex -6.81273 -11.8 8.8
      vertex -4.50015 -13.257 8.8
    endloop
  endfacet
  facet normal 0 0 1
    outer loop
      vertex -4.50015 -13.257 8.8
      vertex -6.81273 -11.8 8.8
      vertex -5.35757 -12.9343 8.8
    endloop
  endfacet
  facet normal 0 0 1
    outer loop
      vertex -5.35757 -12.9343 8.8
      vertex -6.81273 -11.8 8.8
      vertex -6.19204 -12.5562 8.8
    endloop
  endfacet
  facet normal 0 0 1
    outer loop
      vertex -6.81273 -11.8 8.8
      vertex -7 -12.1244 8.8
      vertex -6.19204 -12.5562 8.8
    endloop
  endfacet
  facet normal 0 0 1
    outer loop
      vertex -6.81273 -11.8 8.8
      vertex -7.77798 -11.6406 8.8
      vertex -7 -12.1244 8.8
    endloop
  endfacet
  facet normal 0 0 1
    outer loop
      vertex -6.81273 -11.8 8.8
      vertex -8.52266 -11.1069 8.8
      vertex -7.77798 -11.6406 8.8
    endloop
  endfacet
  facet normal 0 0 1
    outer loop
      vertex -6.81273 -11.8 8.8
      vertex -9.23084 -10.5258 8.8
      vertex -8.52266 -11.1069 8.8
    endloop
  endfacet
  facet normal 0 0 1
    outer loop
      vertex -6.81273 -11.8 8.8
      vertex -9.89949 -9.89949 8.8
      vertex -9.23084 -10.5258 8.8
    endloop
  endfacet
  facet normal 0 0 1
    outer loop
      vertex -6.81273 -11.8 8.8
      vertex -10.5258 -9.23084 8.8
      vertex -9.89949 -9.89949 8.8
    endloop
  endfacet
  facet normal 0 0 1
    outer loop
      vertex -6.81273 -11.8 8.8
      vertex -11.1069 -8.52266 8.8
      vertex -10.5258 -9.23084 8.8
    endloop
  endfacet
  facet normal 0 0 1
    outer loop
      vertex -6.81273 -11.8 8.8
      vertex -11.6406 -7.77798 8.8
      vertex -11.1069 -8.52266 8.8
    endloop
  endfacet
  facet normal 0 0 1
    outer loop
      vertex -6.81273 -11.8 8.8
      vertex -12.1244 -7 8.8
      vertex -11.6406 -7.77798 8.8
    endloop
  endfacet
  facet normal 0 0 1
    outer loop
      vertex -6.81273 -11.8 8.8
      vertex -12.5562 -6.19204 8.8
      vertex -12.1244 -7 8.8
    endloop
  endfacet
  facet normal 0 0 1
    outer loop
      vertex -13.6255 0 8.8
      vertex -12.5562 -6.19204 8.8
      vertex -6.81273 -11.8 8.8
    endloop
  endfacet
  facet normal 0 0 1
    outer loop
      vertex -12.5562 -6.19204 8.8
      vertex -13.6255 0 8.8
      vertex -12.9343 -5.35757 8.8
    endloop
  endfacet
  facet normal 0 0 1
    outer loop
      vertex -12.9343 -5.35757 8.8
      vertex -13.6255 0 8.8
      vertex -13.257 -4.50015 8.8
    endloop
  endfacet
  facet normal 0 0 1
    outer loop
      vertex -13.257 -4.50015 8.8
      vertex -13.6255 0 8.8
      vertex -13.523 -3.62347 8.8
    endloop
  endfacet
  facet normal -0 0 1
    outer loop
      vertex -13.8802 1.82737 8.8
      vertex -13.6255 0 8.8
      vertex -13.731 2.73126 8.8
    endloop
  endfacet
  facet normal 0 0 1
    outer loop
      vertex -13.6255 0 8.8
      vertex -13.731 -2.73126 8.8
      vertex -13.523 -3.62347 8.8
    endloop
  endfacet
  facet normal -0 0 1
    outer loop
      vertex -13.97 0.915644 8.8
      vertex -13.6255 0 8.8
      vertex -13.8802 1.82737 8.8
    endloop
  endfacet
  facet normal 0 0 1
    outer loop
      vertex -13.6255 0 8.8
      vertex -13.8802 -1.82737 8.8
      vertex -13.731 -2.73126 8.8
    endloop
  endfacet
  facet normal 0 0 1
    outer loop
      vertex -14 0 8.8
      vertex -13.6255 0 8.8
      vertex -13.97 0.915644 8.8
    endloop
  endfacet
  facet normal 0 0 1
    outer loop
      vertex -13.6255 0 8.8
      vertex -13.97 -0.915644 8.8
      vertex -13.8802 -1.82737 8.8
    endloop
  endfacet
  facet normal 0 0 1
    outer loop
      vertex -13.6255 0 8.8
      vertex -14 0 8.8
      vertex -13.97 -0.915644 8.8
    endloop
  endfacet
  facet normal 0.849192 -0.528084 0
    outer loop
      vertex 11.6406 -7.77798 8.8
      vertex 12.1244 -7 4
      vertex 12.1244 -7 8.8
    endloop
  endfacet
  facet normal 0.849192 -0.528084 0
    outer loop
      vertex 12.1244 -7 4
      vertex 11.6406 -7.77798 8.8
      vertex 11.6406 -7.77798 4
    endloop
  endfacet
  facet normal 0.471343 -0.88195 0
    outer loop
      vertex 6.19204 -12.5562 4
      vertex 7 -12.1244 8.8
      vertex 6.19204 -12.5562 8.8
    endloop
  endfacet
  facet normal 0.471343 -0.88195 0
    outer loop
      vertex 7 -12.1244 8.8
      vertex 6.19204 -12.5562 4
      vertex 7 -12.1244 4
    endloop
  endfacet
  facet normal 0.812811 -0.582528 0
    outer loop
      vertex 11.1069 -8.52266 8.8
      vertex 11.6406 -7.77798 4
      vertex 11.6406 -7.77798 8.8
    endloop
  endfacet
  facet normal 0.812811 -0.582528 0
    outer loop
      vertex 11.6406 -7.77798 4
      vertex 11.1069 -8.52266 8.8
      vertex 11.1069 -8.52266 4
    endloop
  endfacet
  facet normal -0.849192 -0.528084 0
    outer loop
      vertex -11.6406 -7.77798 4
      vertex -12.1244 -7 8.8
      vertex -12.1244 -7 4
    endloop
  endfacet
  facet normal -0.849192 -0.528084 0
    outer loop
      vertex -12.1244 -7 8.8
      vertex -11.6406 -7.77798 4
      vertex -11.6406 -7.77798 8.8
    endloop
  endfacet
  facet normal 0.910861 0.412713 0
    outer loop
      vertex 12.9343 5.35757 8.8
      vertex 12.5562 6.19204 4
      vertex 12.5562 6.19204 8.8
    endloop
  endfacet
  facet normal 0.910861 0.412713 0
    outer loop
      vertex 12.5562 6.19204 4
      vertex 12.9343 5.35757 8.8
      vertex 12.9343 5.35757 4
    endloop
  endfacet
  facet normal 0.956922 0.290347 0
    outer loop
      vertex 13.523 3.62347 8.8
      vertex 13.257 4.50015 4
      vertex 13.257 4.50015 8.8
    endloop
  endfacet
  facet normal 0.956922 0.290347 0
    outer loop
      vertex 13.257 4.50015 4
      vertex 13.523 3.62347 8.8
      vertex 13.523 3.62347 4
    endloop
  endfacet
  facet normal 0.35224 -0.93591 0
    outer loop
      vertex 4.50015 -13.257 4
      vertex 5.35757 -12.9343 8.8
      vertex 4.50015 -13.257 8.8
    endloop
  endfacet
  facet normal 0.35224 -0.93591 0
    outer loop
      vertex 5.35757 -12.9343 8.8
      vertex 4.50015 -13.257 4
      vertex 5.35757 -12.9343 4
    endloop
  endfacet
  facet normal -0.986649 -0.162861 0
    outer loop
      vertex -13.731 -2.73126 4
      vertex -13.8802 -1.82737 8.8
      vertex -13.8802 -1.82737 4
    endloop
  endfacet
  facet normal -0.986649 -0.162861 0
    outer loop
      vertex -13.8802 -1.82737 8.8
      vertex -13.731 -2.73126 4
      vertex -13.731 -2.73126 8.8
    endloop
  endfacet
  facet normal 0.995184 -0.0980202 0
    outer loop
      vertex 13.8802 -1.82737 8.8
      vertex 13.97 -0.915644 4
      vertex 13.97 -0.915644 8.8
    endloop
  endfacet
  facet normal 0.995184 -0.0980202 0
    outer loop
      vertex 13.97 -0.915644 4
      vertex 13.8802 -1.82737 8.8
      vertex 13.8802 -1.82737 4
    endloop
  endfacet
  facet normal -0.773058 0.634336 0
    outer loop
      vertex -11.1069 8.52266 4
      vertex -10.5258 9.23084 8.8
      vertex -10.5258 9.23084 4
    endloop
  endfacet
  facet normal -0.773058 0.634336 0
    outer loop
      vertex -10.5258 9.23084 8.8
      vertex -11.1069 8.52266 4
      vertex -11.1069 8.52266 8.8
    endloop
  endfacet
  facet normal -0.683622 -0.729836 0
    outer loop
      vertex -9.89949 -9.89949 4
      vertex -9.23084 -10.5258 8.8
      vertex -9.89949 -9.89949 8.8
    endloop
  endfacet
  facet normal -0.683622 -0.729836 -0
    outer loop
      vertex -9.23084 -10.5258 8.8
      vertex -9.89949 -9.89949 4
      vertex -9.23084 -10.5258 4
    endloop
  endfacet
  facet normal 0.773058 0.634336 0
    outer loop
      vertex 11.1069 8.52266 8.8
      vertex 10.5258 9.23084 4
      vertex 10.5258 9.23084 8.8
    endloop
  endfacet
  facet normal 0.773058 0.634336 0
    outer loop
      vertex 10.5258 9.23084 4
      vertex 11.1069 8.52266 8.8
      vertex 11.1069 8.52266 4
    endloop
  endfacet
  facet normal -0.227041 0.973885 0
    outer loop
      vertex -2.73126 13.731 4
      vertex -3.62347 13.523 8.8
      vertex -2.73126 13.731 8.8
    endloop
  endfacet
  facet normal -0.227041 0.973885 0
    outer loop
      vertex -3.62347 13.523 8.8
      vertex -2.73126 13.731 4
      vertex -3.62347 13.523 4
    endloop
  endfacet
  facet normal 0.35224 0.93591 -0
    outer loop
      vertex 5.35757 12.9343 4
      vertex 4.50015 13.257 8.8
      vertex 5.35757 12.9343 8.8
    endloop
  endfacet
  facet normal 0.35224 0.93591 0
    outer loop
      vertex 4.50015 13.257 8.8
      vertex 5.35757 12.9343 4
      vertex 4.50015 13.257 4
    endloop
  endfacet
  facet normal -0.93591 0.35224 0
    outer loop
      vertex -13.257 4.50015 4
      vertex -12.9343 5.35757 8.8
      vertex -12.9343 5.35757 4
    endloop
  endfacet
  facet normal -0.93591 0.35224 0
    outer loop
      vertex -12.9343 5.35757 8.8
      vertex -13.257 4.50015 4
      vertex -13.257 4.50015 8.8
    endloop
  endfacet
  facet normal 0.729836 -0.683622 0
    outer loop
      vertex 9.89949 -9.89949 8.8
      vertex 10.5258 -9.23084 4
      vertex 10.5258 -9.23084 8.8
    endloop
  endfacet
  facet normal 0.729836 -0.683622 0
    outer loop
      vertex 10.5258 -9.23084 4
      vertex 9.89949 -9.89949 8.8
      vertex 9.89949 -9.89949 4
    endloop
  endfacet
  facet normal -0.290347 -0.956922 0
    outer loop
      vertex -4.50015 -13.257 4
      vertex -3.62347 -13.523 8.8
      vertex -4.50015 -13.257 8.8
    endloop
  endfacet
  facet normal -0.290347 -0.956922 -0
    outer loop
      vertex -3.62347 -13.523 8.8
      vertex -4.50015 -13.257 4
      vertex -3.62347 -13.523 4
    endloop
  endfacet
  facet normal -0.973885 -0.227041 0
    outer loop
      vertex -13.523 -3.62347 4
      vertex -13.731 -2.73126 8.8
      vertex -13.731 -2.73126 4
    endloop
  endfacet
  facet normal -0.973885 -0.227041 0
    outer loop
      vertex -13.731 -2.73126 8.8
      vertex -13.523 -3.62347 4
      vertex -13.523 -3.62347 8.8
    endloop
  endfacet
  facet normal -0.582528 -0.812811 0
    outer loop
      vertex -8.52266 -11.1069 4
      vertex -7.77798 -11.6406 8.8
      vertex -8.52266 -11.1069 8.8
    endloop
  endfacet
  facet normal -0.582528 -0.812811 -0
    outer loop
      vertex -7.77798 -11.6406 8.8
      vertex -8.52266 -11.1069 4
      vertex -7.77798 -11.6406 4
    endloop
  endfacet
  facet normal -0.956922 0.290347 0
    outer loop
      vertex -13.523 3.62347 4
      vertex -13.257 4.50015 8.8
      vertex -13.257 4.50015 4
    endloop
  endfacet
  facet normal -0.956922 0.290347 0
    outer loop
      vertex -13.257 4.50015 8.8
      vertex -13.523 3.62347 4
      vertex -13.523 3.62347 8.8
    endloop
  endfacet
  facet normal -0.528084 0.849192 0
    outer loop
      vertex -7 12.1244 4
      vertex -7.77798 11.6406 8.8
      vertex -7 12.1244 8.8
    endloop
  endfacet
  facet normal -0.528084 0.849192 0
    outer loop
      vertex -7.77798 11.6406 8.8
      vertex -7 12.1244 4
      vertex -7.77798 11.6406 4
    endloop
  endfacet
  facet normal -0.412713 -0.910861 0
    outer loop
      vertex -6.19204 -12.5562 4
      vertex -5.35757 -12.9343 8.8
      vertex -6.19204 -12.5562 8.8
    endloop
  endfacet
  facet normal -0.412713 -0.910861 -0
    outer loop
      vertex -5.35757 -12.9343 8.8
      vertex -6.19204 -12.5562 4
      vertex -5.35757 -12.9343 4
    endloop
  endfacet
  facet normal 0.973885 -0.227041 0
    outer loop
      vertex 13.523 -3.62347 8.8
      vertex 13.731 -2.73126 4
      vertex 13.731 -2.73126 8.8
    endloop
  endfacet
  facet normal 0.973885 -0.227041 0
    outer loop
      vertex 13.731 -2.73126 4
      vertex 13.523 -3.62347 8.8
      vertex 13.523 -3.62347 4
    endloop
  endfacet
  facet normal 0.93591 -0.35224 0
    outer loop
      vertex 12.9343 -5.35757 8.8
      vertex 13.257 -4.50015 4
      vertex 13.257 -4.50015 8.8
    endloop
  endfacet
  facet normal 0.93591 -0.35224 0
    outer loop
      vertex 13.257 -4.50015 4
      vertex 12.9343 -5.35757 8.8
      vertex 12.9343 -5.35757 4
    endloop
  endfacet
  facet normal -0.812811 -0.582528 0
    outer loop
      vertex -11.1069 -8.52266 4
      vertex -11.6406 -7.77798 8.8
      vertex -11.6406 -7.77798 4
    endloop
  endfacet
  facet normal -0.812811 -0.582528 0
    outer loop
      vertex -11.6406 -7.77798 8.8
      vertex -11.1069 -8.52266 4
      vertex -11.1069 -8.52266 8.8
    endloop
  endfacet
  facet normal -0.0980202 0.995184 0
    outer loop
      vertex -0.915644 13.97 4
      vertex -1.82737 13.8802 8.8
      vertex -0.915644 13.97 8.8
    endloop
  endfacet
  facet normal -0.0980202 0.995184 0
    outer loop
      vertex -1.82737 13.8802 8.8
      vertex -0.915644 13.97 4
      vertex -1.82737 13.8802 4
    endloop
  endfacet
  facet normal -0.290347 0.956922 0
    outer loop
      vertex -3.62347 13.523 4
      vertex -4.50015 13.257 8.8
      vertex -3.62347 13.523 8.8
    endloop
  endfacet
  facet normal -0.290347 0.956922 0
    outer loop
      vertex -4.50015 13.257 8.8
      vertex -3.62347 13.523 4
      vertex -4.50015 13.257 4
    endloop
  endfacet
  facet normal -0.582528 0.812811 0
    outer loop
      vertex -7.77798 11.6406 4
      vertex -8.52266 11.1069 8.8
      vertex -7.77798 11.6406 8.8
    endloop
  endfacet
  facet normal -0.582528 0.812811 0
    outer loop
      vertex -8.52266 11.1069 8.8
      vertex -7.77798 11.6406 4
      vertex -8.52266 11.1069 4
    endloop
  endfacet
  facet normal 0.93591 0.35224 0
    outer loop
      vertex 13.257 4.50015 8.8
      vertex 12.9343 5.35757 4
      vertex 12.9343 5.35757 8.8
    endloop
  endfacet
  facet normal 0.93591 0.35224 0
    outer loop
      vertex 12.9343 5.35757 4
      vertex 13.257 4.50015 8.8
      vertex 13.257 4.50015 4
    endloop
  endfacet
  facet normal 0.683622 0.729836 -0
    outer loop
      vertex 9.89949 9.89949 4
      vertex 9.23084 10.5258 8.8
      vertex 9.89949 9.89949 8.8
    endloop
  endfacet
  facet normal 0.683622 0.729836 0
    outer loop
      vertex 9.23084 10.5258 8.8
      vertex 9.89949 9.89949 4
      vertex 9.23084 10.5258 4
    endloop
  endfacet
  facet normal 0.986649 0.162861 0
    outer loop
      vertex 13.8802 1.82737 8.8
      vertex 13.731 2.73126 4
      vertex 13.731 2.73126 8.8
    endloop
  endfacet
  facet normal 0.986649 0.162861 0
    outer loop
      vertex 13.731 2.73126 4
      vertex 13.8802 1.82737 8.8
      vertex 13.8802 1.82737 4
    endloop
  endfacet
  facet normal -0.35224 0.93591 0
    outer loop
      vertex -4.50015 13.257 4
      vertex -5.35757 12.9343 8.8
      vertex -4.50015 13.257 8.8
    endloop
  endfacet
  facet normal -0.35224 0.93591 0
    outer loop
      vertex -5.35757 12.9343 8.8
      vertex -4.50015 13.257 4
      vertex -5.35757 12.9343 4
    endloop
  endfacet
  facet normal 0.227041 -0.973885 0
    outer loop
      vertex 2.73126 -13.731 4
      vertex 3.62347 -13.523 8.8
      vertex 2.73126 -13.731 8.8
    endloop
  endfacet
  facet normal 0.227041 -0.973885 0
    outer loop
      vertex 3.62347 -13.523 8.8
      vertex 2.73126 -13.731 4
      vertex 3.62347 -13.523 4
    endloop
  endfacet
  facet normal -0.956922 -0.290347 0
    outer loop
      vertex -13.257 -4.50015 4
      vertex -13.523 -3.62347 8.8
      vertex -13.523 -3.62347 4
    endloop
  endfacet
  facet normal -0.956922 -0.290347 0
    outer loop
      vertex -13.523 -3.62347 8.8
      vertex -13.257 -4.50015 4
      vertex -13.257 -4.50015 8.8
    endloop
  endfacet
  facet normal -0.986649 0.162861 0
    outer loop
      vertex -13.8802 1.82737 4
      vertex -13.731 2.73126 8.8
      vertex -13.731 2.73126 4
    endloop
  endfacet
  facet normal -0.986649 0.162861 0
    outer loop
      vertex -13.731 2.73126 8.8
      vertex -13.8802 1.82737 4
      vertex -13.8802 1.82737 8.8
    endloop
  endfacet
  facet normal -0.471343 -0.88195 0
    outer loop
      vertex -7 -12.1244 4
      vertex -6.19204 -12.5562 8.8
      vertex -7 -12.1244 8.8
    endloop
  endfacet
  facet normal -0.471343 -0.88195 -0
    outer loop
      vertex -6.19204 -12.5562 8.8
      vertex -7 -12.1244 4
      vertex -6.19204 -12.5562 4
    endloop
  endfacet
  facet normal 0.290347 -0.956922 0
    outer loop
      vertex 3.62347 -13.523 4
      vertex 4.50015 -13.257 8.8
      vertex 3.62347 -13.523 8.8
    endloop
  endfacet
  facet normal 0.290347 -0.956922 0
    outer loop
      vertex 4.50015 -13.257 8.8
      vertex 3.62347 -13.523 4
      vertex 4.50015 -13.257 4
    endloop
  endfacet
  facet normal -0.910861 0.412713 0
    outer loop
      vertex -12.9343 5.35757 4
      vertex -12.5562 6.19204 8.8
      vertex -12.5562 6.19204 4
    endloop
  endfacet
  facet normal -0.910861 0.412713 0
    outer loop
      vertex -12.5562 6.19204 8.8
      vertex -12.9343 5.35757 4
      vertex -12.9343 5.35757 8.8
    endloop
  endfacet
  facet normal 0.528084 -0.849192 0
    outer loop
      vertex 7 -12.1244 4
      vertex 7.77798 -11.6406 8.8
      vertex 7 -12.1244 8.8
    endloop
  endfacet
  facet normal 0.528084 -0.849192 0
    outer loop
      vertex 7.77798 -11.6406 8.8
      vertex 7 -12.1244 4
      vertex 7.77798 -11.6406 4
    endloop
  endfacet
  facet normal 0.290347 0.956922 -0
    outer loop
      vertex 4.50015 13.257 4
      vertex 3.62347 13.523 8.8
      vertex 4.50015 13.257 8.8
    endloop
  endfacet
  facet normal 0.290347 0.956922 0
    outer loop
      vertex 3.62347 13.523 8.8
      vertex 4.50015 13.257 4
      vertex 3.62347 13.523 4
    endloop
  endfacet
  facet normal -0.162861 -0.986649 0
    outer loop
      vertex -2.73126 -13.731 4
      vertex -1.82737 -13.8802 8.8
      vertex -2.73126 -13.731 8.8
    endloop
  endfacet
  facet normal -0.162861 -0.986649 -0
    outer loop
      vertex -1.82737 -13.8802 8.8
      vertex -2.73126 -13.731 4
      vertex -1.82737 -13.8802 4
    endloop
  endfacet
  facet normal -0.995184 -0.0980202 0
    outer loop
      vertex -13.8802 -1.82737 4
      vertex -13.97 -0.915644 8.8
      vertex -13.97 -0.915644 4
    endloop
  endfacet
  facet normal -0.995184 -0.0980202 0
    outer loop
      vertex -13.97 -0.915644 8.8
      vertex -13.8802 -1.82737 4
      vertex -13.8802 -1.82737 8.8
    endloop
  endfacet
  facet normal -0.0980202 -0.995184 0
    outer loop
      vertex -1.82737 -13.8802 4
      vertex -0.915644 -13.97 8.8
      vertex -1.82737 -13.8802 8.8
    endloop
  endfacet
  facet normal -0.0980202 -0.995184 -0
    outer loop
      vertex -0.915644 -13.97 8.8
      vertex -1.82737 -13.8802 4
      vertex -0.915644 -13.97 4
    endloop
  endfacet
  facet normal -0.634336 -0.773058 0
    outer loop
      vertex -9.23084 -10.5258 4
      vertex -8.52266 -11.1069 8.8
      vertex -9.23084 -10.5258 8.8
    endloop
  endfacet
  facet normal -0.634336 -0.773058 -0
    outer loop
      vertex -8.52266 -11.1069 8.8
      vertex -9.23084 -10.5258 4
      vertex -8.52266 -11.1069 4
    endloop
  endfacet
  facet normal -0.528084 -0.849192 0
    outer loop
      vertex -7.77798 -11.6406 4
      vertex -7 -12.1244 8.8
      vertex -7.77798 -11.6406 8.8
    endloop
  endfacet
  facet normal -0.528084 -0.849192 -0
    outer loop
      vertex -7 -12.1244 8.8
      vertex -7.77798 -11.6406 4
      vertex -7 -12.1244 4
    endloop
  endfacet
  facet normal -0.0327463 -0.999464 0
    outer loop
      vertex -0.915644 -13.97 4
      vertex 0 -14 8.8
      vertex -0.915644 -13.97 8.8
    endloop
  endfacet
  facet normal -0.0327463 -0.999464 -0
    outer loop
      vertex 0 -14 8.8
      vertex -0.915644 -13.97 4
      vertex 0 -14 4
    endloop
  endfacet
  facet normal -0.88195 0.471343 0
    outer loop
      vertex -12.5562 6.19204 4
      vertex -12.1244 7 8.8
      vertex -12.1244 7 4
    endloop
  endfacet
  facet normal -0.88195 0.471343 0
    outer loop
      vertex -12.1244 7 8.8
      vertex -12.5562 6.19204 4
      vertex -12.5562 6.19204 8.8
    endloop
  endfacet
  facet normal -0.88195 -0.471343 0
    outer loop
      vertex -12.1244 -7 4
      vertex -12.5562 -6.19204 8.8
      vertex -12.5562 -6.19204 4
    endloop
  endfacet
  facet normal -0.88195 -0.471343 0
    outer loop
      vertex -12.5562 -6.19204 8.8
      vertex -12.1244 -7 4
      vertex -12.1244 -7 8.8
    endloop
  endfacet
  facet normal -0.812811 0.582528 0
    outer loop
      vertex -11.6406 7.77798 4
      vertex -11.1069 8.52266 8.8
      vertex -11.1069 8.52266 4
    endloop
  endfacet
  facet normal -0.812811 0.582528 0
    outer loop
      vertex -11.1069 8.52266 8.8
      vertex -11.6406 7.77798 4
      vertex -11.6406 7.77798 8.8
    endloop
  endfacet
  facet normal -0.999464 0.0327463 0
    outer loop
      vertex -14 0 4
      vertex -13.97 0.915644 8.8
      vertex -13.97 0.915644 4
    endloop
  endfacet
  facet normal -0.999464 0.0327463 0
    outer loop
      vertex -13.97 0.915644 8.8
      vertex -14 0 4
      vertex -14 0 8.8
    endloop
  endfacet
  facet normal -0.35224 -0.93591 0
    outer loop
      vertex -5.35757 -12.9343 4
      vertex -4.50015 -13.257 8.8
      vertex -5.35757 -12.9343 8.8
    endloop
  endfacet
  facet normal -0.35224 -0.93591 -0
    outer loop
      vertex -4.50015 -13.257 8.8
      vertex -5.35757 -12.9343 4
      vertex -4.50015 -13.257 4
    endloop
  endfacet
  facet normal 0 -1 0
    outer loop
      vertex -6.81273 -11.8 8.8
      vertex 6.81273 -11.8 11.8
      vertex -6.81273 -11.8 11.8
    endloop
  endfacet
  facet normal 0 -1 -0
    outer loop
      vertex 6.81273 -11.8 11.8
      vertex -6.81273 -11.8 8.8
      vertex 6.81273 -11.8 8.8
    endloop
  endfacet
  facet normal 0.866024 -0.500002 0
    outer loop
      vertex 6.81273 -11.8 11.8
      vertex 13.6255 0 8.8
      vertex 13.6255 0 11.8
    endloop
  endfacet
  facet normal 0.866024 -0.500002 0
    outer loop
      vertex 13.6255 0 8.8
      vertex 6.81273 -11.8 11.8
      vertex 6.81273 -11.8 8.8
    endloop
  endfacet
  facet normal 0 1 -0
    outer loop
      vertex 6.81273 11.8 8.8
      vertex -6.81273 11.8 11.8
      vertex 6.81273 11.8 11.8
    endloop
  endfacet
  facet normal 0 1 0
    outer loop
      vertex -6.81273 11.8 11.8
      vertex 6.81273 11.8 8.8
      vertex -6.81273 11.8 8.8
    endloop
  endfacet
  facet normal 0.866024 0.500002 0
    outer loop
      vertex 13.6255 0 11.8
      vertex 6.81273 11.8 8.8
      vertex 6.81273 11.8 11.8
    endloop
  endfacet
  facet normal 0.866024 0.500002 0
    outer loop
      vertex 6.81273 11.8 8.8
      vertex 13.6255 0 11.8
      vertex 13.6255 0 8.8
    endloop
  endfacet
  facet normal -0.866024 0.500002 0
    outer loop
      vertex -13.6255 0 8.8
      vertex -6.81273 11.8 11.8
      vertex -6.81273 11.8 8.8
    endloop
  endfacet
  facet normal -0.866024 0.500002 0
    outer loop
      vertex -6.81273 11.8 11.8
      vertex -13.6255 0 8.8
      vertex -13.6255 0 11.8
    endloop
  endfacet
  facet normal -0.866024 -0.500002 0
    outer loop
      vertex -6.81273 -11.8 8.8
      vertex -13.6255 0 11.8
      vertex -13.6255 0 8.8
    endloop
  endfacet
  facet normal -0.866024 -0.500002 0
    outer loop
      vertex -13.6255 0 11.8
      vertex -6.81273 -11.8 8.8
      vertex -6.81273 -11.8 11.8
    endloop
  endfacet
  facet normal -0 0 1
    outer loop
      vertex 4.76314 2.75 11.8
      vertex 13.6255 0 11.8
      vertex 6.81273 11.8 11.8
    endloop
  endfacet
  facet normal 0 0 1
    outer loop
      vertex 5.48822 -0.359716 11.8
      vertex 13.6255 0 11.8
      vertex 5.5 0 11.8
    endloop
  endfacet
  facet normal 0 0 1
    outer loop
      vertex 13.6255 0 11.8
      vertex 5.48822 0.359716 11.8
      vertex 5.5 0 11.8
    endloop
  endfacet
  facet normal 0 0 1
    outer loop
      vertex 13.6255 0 11.8
      vertex 5.45295 0.717894 11.8
      vertex 5.48822 0.359716 11.8
    endloop
  endfacet
  facet normal 0 0 1
    outer loop
      vertex 13.6255 0 11.8
      vertex 5.39432 1.073 11.8
      vertex 5.45295 0.717894 11.8
    endloop
  endfacet
  facet normal 0 0 1
    outer loop
      vertex 13.6255 0 11.8
      vertex 5.31259 1.4235 11.8
      vertex 5.39432 1.073 11.8
    endloop
  endfacet
  facet normal 0 0 1
    outer loop
      vertex 13.6255 0 11.8
      vertex 5.20812 1.76792 11.8
      vertex 5.31259 1.4235 11.8
    endloop
  endfacet
  facet normal 0 0 1
    outer loop
      vertex 13.6255 0 11.8
      vertex 5.08134 2.10476 11.8
      vertex 5.20812 1.76792 11.8
    endloop
  endfacet
  facet normal 0 0 1
    outer loop
      vertex 13.6255 0 11.8
      vertex 4.9328 2.43259 11.8
      vertex 5.08134 2.10476 11.8
    endloop
  endfacet
  facet normal 0 0 1
    outer loop
      vertex 13.6255 0 11.8
      vertex 4.76314 2.75 11.8
      vertex 4.9328 2.43259 11.8
    endloop
  endfacet
  facet normal 0 0 1
    outer loop
      vertex 6.81273 11.8 11.8
      vertex 4.57308 3.05564 11.8
      vertex 4.76314 2.75 11.8
    endloop
  endfacet
  facet normal 0 0 1
    outer loop
      vertex 6.81273 11.8 11.8
      vertex 4.36344 3.34819 11.8
      vertex 4.57308 3.05564 11.8
    endloop
  endfacet
  facet normal 0 0 1
    outer loop
      vertex 6.81273 11.8 11.8
      vertex 4.13512 3.6264 11.8
      vertex 4.36344 3.34819 11.8
    endloop
  endfacet
  facet normal 0 0 1
    outer loop
      vertex 6.81273 11.8 11.8
      vertex 3.88909 3.88909 11.8
      vertex 4.13512 3.6264 11.8
    endloop
  endfacet
  facet normal 0 0 1
    outer loop
      vertex 6.81273 11.8 11.8
      vertex 3.6264 4.13512 11.8
      vertex 3.88909 3.88909 11.8
    endloop
  endfacet
  facet normal 0 0 1
    outer loop
      vertex 6.81273 11.8 11.8
      vertex 3.34819 4.36344 11.8
      vertex 3.6264 4.13512 11.8
    endloop
  endfacet
  facet normal 0 0 1
    outer loop
      vertex 6.81273 11.8 11.8
      vertex 3.05564 4.57308 11.8
      vertex 3.34819 4.36344 11.8
    endloop
  endfacet
  facet normal 0 0 1
    outer loop
      vertex 6.81273 11.8 11.8
      vertex 2.75 4.76314 11.8
      vertex 3.05564 4.57308 11.8
    endloop
  endfacet
  facet normal 0 0 1
    outer loop
      vertex 6.81273 11.8 11.8
      vertex 2.43259 4.9328 11.8
      vertex 2.75 4.76314 11.8
    endloop
  endfacet
  facet normal 0 0 1
    outer loop
      vertex 6.81273 11.8 11.8
      vertex 2.10476 5.08134 11.8
      vertex 2.43259 4.9328 11.8
    endloop
  endfacet
  facet normal 0 0 1
    outer loop
      vertex 6.81273 11.8 11.8
      vertex 1.76792 5.20812 11.8
      vertex 2.10476 5.08134 11.8
    endloop
  endfacet
  facet normal 0 0 1
    outer loop
      vertex 6.81273 11.8 11.8
      vertex 1.4235 5.31259 11.8
      vertex 1.76792 5.20812 11.8
    endloop
  endfacet
  facet normal 0 0 1
    outer loop
      vertex 6.81273 11.8 11.8
      vertex 1.073 5.39432 11.8
      vertex 1.4235 5.31259 11.8
    endloop
  endfacet
  facet normal 0 0 1
    outer loop
      vertex 6.81273 11.8 11.8
      vertex 0.717894 5.45295 11.8
      vertex 1.073 5.39432 11.8
    endloop
  endfacet
  facet normal 0 0 1
    outer loop
      vertex 6.81273 11.8 11.8
      vertex 0.359716 5.48822 11.8
      vertex 0.717894 5.45295 11.8
    endloop
  endfacet
  facet normal 0 0 1
    outer loop
      vertex 6.81273 11.8 11.8
      vertex 0 5.5 11.8
      vertex 0.359716 5.48822 11.8
    endloop
  endfacet
  facet normal -0 0 1
    outer loop
      vertex -6.81273 11.8 11.8
      vertex 0 5.5 11.8
      vertex 6.81273 11.8 11.8
    endloop
  endfacet
  facet normal 0 0 1
    outer loop
      vertex 0 5.5 11.8
      vertex -6.81273 11.8 11.8
      vertex -0.359716 5.48822 11.8
    endloop
  endfacet
  facet normal 0 0 1
    outer loop
      vertex -0.359716 5.48822 11.8
      vertex -6.81273 11.8 11.8
      vertex -0.717894 5.45295 11.8
    endloop
  endfacet
  facet normal 0 0 1
    outer loop
      vertex -0.717894 5.45295 11.8
      vertex -6.81273 11.8 11.8
      vertex -1.073 5.39432 11.8
    endloop
  endfacet
  facet normal 0 0 1
    outer loop
      vertex -1.073 5.39432 11.8
      vertex -6.81273 11.8 11.8
      vertex -1.4235 5.31259 11.8
    endloop
  endfacet
  facet normal 0 0 1
    outer loop
      vertex -1.4235 5.31259 11.8
      vertex -6.81273 11.8 11.8
      vertex -1.76792 5.20812 11.8
    endloop
  endfacet
  facet normal 0 0 1
    outer loop
      vertex -1.76792 5.20812 11.8
      vertex -6.81273 11.8 11.8
      vertex -2.10476 5.08134 11.8
    endloop
  endfacet
  facet normal 0 0 1
    outer loop
      vertex -2.10476 5.08134 11.8
      vertex -6.81273 11.8 11.8
      vertex -2.43259 4.9328 11.8
    endloop
  endfacet
  facet normal 0 0 1
    outer loop
      vertex -2.43259 4.9328 11.8
      vertex -6.81273 11.8 11.8
      vertex -2.75 4.76314 11.8
    endloop
  endfacet
  facet normal 0 0 1
    outer loop
      vertex -2.75 4.76314 11.8
      vertex -6.81273 11.8 11.8
      vertex -3.05564 4.57308 11.8
    endloop
  endfacet
  facet normal 0 0 1
    outer loop
      vertex -5.45295 0.717894 11.8
      vertex -13.6255 0 11.8
      vertex -5.48822 0.359716 11.8
    endloop
  endfacet
  facet normal 0 0 1
    outer loop
      vertex -5.39432 1.073 11.8
      vertex -13.6255 0 11.8
      vertex -5.45295 0.717894 11.8
    endloop
  endfacet
  facet normal 0 0 1
    outer loop
      vertex -5.31259 1.4235 11.8
      vertex -13.6255 0 11.8
      vertex -5.39432 1.073 11.8
    endloop
  endfacet
  facet normal 0 0 1
    outer loop
      vertex -5.20812 1.76792 11.8
      vertex -13.6255 0 11.8
      vertex -5.31259 1.4235 11.8
    endloop
  endfacet
  facet normal 0 0 1
    outer loop
      vertex -5.08134 2.10476 11.8
      vertex -13.6255 0 11.8
      vertex -5.20812 1.76792 11.8
    endloop
  endfacet
  facet normal 0 0 1
    outer loop
      vertex -4.9328 2.43259 11.8
      vertex -13.6255 0 11.8
      vertex -5.08134 2.10476 11.8
    endloop
  endfacet
  facet normal 0 0 1
    outer loop
      vertex -4.76314 2.75 11.8
      vertex -13.6255 0 11.8
      vertex -4.9328 2.43259 11.8
    endloop
  endfacet
  facet normal 0 0 1
    outer loop
      vertex -13.6255 0 11.8
      vertex -4.76314 2.75 11.8
      vertex -6.81273 11.8 11.8
    endloop
  endfacet
  facet normal 0 0 1
    outer loop
      vertex -4.57308 3.05564 11.8
      vertex -6.81273 11.8 11.8
      vertex -4.76314 2.75 11.8
    endloop
  endfacet
  facet normal 0 0 1
    outer loop
      vertex -4.36344 3.34819 11.8
      vertex -6.81273 11.8 11.8
      vertex -4.57308 3.05564 11.8
    endloop
  endfacet
  facet normal 0 0 1
    outer loop
      vertex -4.13512 3.6264 11.8
      vertex -6.81273 11.8 11.8
      vertex -4.36344 3.34819 11.8
    endloop
  endfacet
  facet normal 0 0 1
    outer loop
      vertex -3.88909 3.88909 11.8
      vertex -6.81273 11.8 11.8
      vertex -4.13512 3.6264 11.8
    endloop
  endfacet
  facet normal 0 0 1
    outer loop
      vertex -3.6264 4.13512 11.8
      vertex -6.81273 11.8 11.8
      vertex -3.88909 3.88909 11.8
    endloop
  endfacet
  facet normal 0 0 1
    outer loop
      vertex -3.34819 4.36344 11.8
      vertex -6.81273 11.8 11.8
      vertex -3.6264 4.13512 11.8
    endloop
  endfacet
  facet normal 0 0 1
    outer loop
      vertex -3.05564 4.57308 11.8
      vertex -6.81273 11.8 11.8
      vertex -3.34819 4.36344 11.8
    endloop
  endfacet
  facet normal 0 0 1
    outer loop
      vertex 5.45295 -0.717894 11.8
      vertex 13.6255 0 11.8
      vertex 5.48822 -0.359716 11.8
    endloop
  endfacet
  facet normal 0 0 1
    outer loop
      vertex 5.39432 -1.073 11.8
      vertex 13.6255 0 11.8
      vertex 5.45295 -0.717894 11.8
    endloop
  endfacet
  facet normal 0 0 1
    outer loop
      vertex 5.31259 -1.4235 11.8
      vertex 13.6255 0 11.8
      vertex 5.39432 -1.073 11.8
    endloop
  endfacet
  facet normal 0 0 1
    outer loop
      vertex 5.20812 -1.76792 11.8
      vertex 13.6255 0 11.8
      vertex 5.31259 -1.4235 11.8
    endloop
  endfacet
  facet normal 0 0 1
    outer loop
      vertex 5.08134 -2.10476 11.8
      vertex 13.6255 0 11.8
      vertex 5.20812 -1.76792 11.8
    endloop
  endfacet
  facet normal 0 0 1
    outer loop
      vertex 4.9328 -2.43259 11.8
      vertex 13.6255 0 11.8
      vertex 5.08134 -2.10476 11.8
    endloop
  endfacet
  facet normal 0 0 1
    outer loop
      vertex 4.76314 -2.75 11.8
      vertex 13.6255 0 11.8
      vertex 4.9328 -2.43259 11.8
    endloop
  endfacet
  facet normal 0 0 1
    outer loop
      vertex 13.6255 0 11.8
      vertex 4.76314 -2.75 11.8
      vertex 6.81273 -11.8 11.8
    endloop
  endfacet
  facet normal -0 0 1
    outer loop
      vertex 4.57308 -3.05564 11.8
      vertex 6.81273 -11.8 11.8
      vertex 4.76314 -2.75 11.8
    endloop
  endfacet
  facet normal -0 0 1
    outer loop
      vertex 4.36344 -3.34819 11.8
      vertex 6.81273 -11.8 11.8
      vertex 4.57308 -3.05564 11.8
    endloop
  endfacet
  facet normal -0 0 1
    outer loop
      vertex 4.13512 -3.6264 11.8
      vertex 6.81273 -11.8 11.8
      vertex 4.36344 -3.34819 11.8
    endloop
  endfacet
  facet normal -0 0 1
    outer loop
      vertex 3.88909 -3.88909 11.8
      vertex 6.81273 -11.8 11.8
      vertex 4.13512 -3.6264 11.8
    endloop
  endfacet
  facet normal -0 0 1
    outer loop
      vertex 3.6264 -4.13512 11.8
      vertex 6.81273 -11.8 11.8
      vertex 3.88909 -3.88909 11.8
    endloop
  endfacet
  facet normal -0 0 1
    outer loop
      vertex 3.34819 -4.36344 11.8
      vertex 6.81273 -11.8 11.8
      vertex 3.6264 -4.13512 11.8
    endloop
  endfacet
  facet normal -0 0 1
    outer loop
      vertex 3.05564 -4.57308 11.8
      vertex 6.81273 -11.8 11.8
      vertex 3.34819 -4.36344 11.8
    endloop
  endfacet
  facet normal -0 0 1
    outer loop
      vertex 2.75 -4.76314 11.8
      vertex 6.81273 -11.8 11.8
      vertex 3.05564 -4.57308 11.8
    endloop
  endfacet
  facet normal -0 0 1
    outer loop
      vertex 2.43259 -4.9328 11.8
      vertex 6.81273 -11.8 11.8
      vertex 2.75 -4.76314 11.8
    endloop
  endfacet
  facet normal -0 0 1
    outer loop
      vertex 2.10476 -5.08134 11.8
      vertex 6.81273 -11.8 11.8
      vertex 2.43259 -4.9328 11.8
    endloop
  endfacet
  facet normal -0 0 1
    outer loop
      vertex 1.76792 -5.20812 11.8
      vertex 6.81273 -11.8 11.8
      vertex 2.10476 -5.08134 11.8
    endloop
  endfacet
  facet normal -0 0 1
    outer loop
      vertex 1.4235 -5.31259 11.8
      vertex 6.81273 -11.8 11.8
      vertex 1.76792 -5.20812 11.8
    endloop
  endfacet
  facet normal -0 0 1
    outer loop
      vertex 1.073 -5.39432 11.8
      vertex 6.81273 -11.8 11.8
      vertex 1.4235 -5.31259 11.8
    endloop
  endfacet
  facet normal -0 0 1
    outer loop
      vertex 0.717894 -5.45295 11.8
      vertex 6.81273 -11.8 11.8
      vertex 1.073 -5.39432 11.8
    endloop
  endfacet
  facet normal -0 0 1
    outer loop
      vertex 0.359716 -5.48822 11.8
      vertex 6.81273 -11.8 11.8
      vertex 0.717894 -5.45295 11.8
    endloop
  endfacet
  facet normal -0 0 1
    outer loop
      vertex 0 -5.5 11.8
      vertex 6.81273 -11.8 11.8
      vertex 0.359716 -5.48822 11.8
    endloop
  endfacet
  facet normal 0 0 1
    outer loop
      vertex -6.81273 -11.8 11.8
      vertex 0 -5.5 11.8
      vertex -0.359716 -5.48822 11.8
    endloop
  endfacet
  facet normal 0 0 1
    outer loop
      vertex -6.81273 -11.8 11.8
      vertex -0.359716 -5.48822 11.8
      vertex -0.717894 -5.45295 11.8
    endloop
  endfacet
  facet normal 0 0 1
    outer loop
      vertex -6.81273 -11.8 11.8
      vertex -0.717894 -5.45295 11.8
      vertex -1.073 -5.39432 11.8
    endloop
  endfacet
  facet normal 0 0 1
    outer loop
      vertex -6.81273 -11.8 11.8
      vertex -1.073 -5.39432 11.8
      vertex -1.4235 -5.31259 11.8
    endloop
  endfacet
  facet normal 0 0 1
    outer loop
      vertex -6.81273 -11.8 11.8
      vertex -1.4235 -5.31259 11.8
      vertex -1.76792 -5.20812 11.8
    endloop
  endfacet
  facet normal 0 0 1
    outer loop
      vertex -6.81273 -11.8 11.8
      vertex -1.76792 -5.20812 11.8
      vertex -2.10476 -5.08134 11.8
    endloop
  endfacet
  facet normal 0 0 1
    outer loop
      vertex -6.81273 -11.8 11.8
      vertex -2.10476 -5.08134 11.8
      vertex -2.43259 -4.9328 11.8
    endloop
  endfacet
  facet normal 0 0 1
    outer loop
      vertex -6.81273 -11.8 11.8
      vertex -2.43259 -4.9328 11.8
      vertex -2.75 -4.76314 11.8
    endloop
  endfacet
  facet normal 0 0 1
    outer loop
      vertex -6.81273 -11.8 11.8
      vertex -2.75 -4.76314 11.8
      vertex -3.05564 -4.57308 11.8
    endloop
  endfacet
  facet normal 0 0 1
    outer loop
      vertex -6.81273 -11.8 11.8
      vertex -3.05564 -4.57308 11.8
      vertex -3.34819 -4.36344 11.8
    endloop
  endfacet
  facet normal 0 0 1
    outer loop
      vertex -5.48822 0.359716 11.8
      vertex -13.6255 0 11.8
      vertex -5.5 0 11.8
    endloop
  endfacet
  facet normal 0 0 1
    outer loop
      vertex -5.5 0 11.8
      vertex -13.6255 0 11.8
      vertex -5.48822 -0.359716 11.8
    endloop
  endfacet
  facet normal 0 0 1
    outer loop
      vertex 0 -5.5 11.8
      vertex -6.81273 -11.8 11.8
      vertex 6.81273 -11.8 11.8
    endloop
  endfacet
  facet normal 0 0 1
    outer loop
      vertex -3.6264 -4.13512 11.8
      vertex -6.81273 -11.8 11.8
      vertex -3.34819 -4.36344 11.8
    endloop
  endfacet
  facet normal 0 0 1
    outer loop
      vertex -3.88909 -3.88909 11.8
      vertex -6.81273 -11.8 11.8
      vertex -3.6264 -4.13512 11.8
    endloop
  endfacet
  facet normal 0 0 1
    outer loop
      vertex -4.13512 -3.6264 11.8
      vertex -6.81273 -11.8 11.8
      vertex -3.88909 -3.88909 11.8
    endloop
  endfacet
  facet normal 0 0 1
    outer loop
      vertex -4.36344 -3.34819 11.8
      vertex -6.81273 -11.8 11.8
      vertex -4.13512 -3.6264 11.8
    endloop
  endfacet
  facet normal 0 0 1
    outer loop
      vertex -4.57308 -3.05564 11.8
      vertex -6.81273 -11.8 11.8
      vertex -4.36344 -3.34819 11.8
    endloop
  endfacet
  facet normal 0 0 1
    outer loop
      vertex -4.76314 -2.75 11.8
      vertex -6.81273 -11.8 11.8
      vertex -4.57308 -3.05564 11.8
    endloop
  endfacet
  facet normal 0 0 1
    outer loop
      vertex -13.6255 0 11.8
      vertex -4.76314 -2.75 11.8
      vertex -4.9328 -2.43259 11.8
    endloop
  endfacet
  facet normal 0 0 1
    outer loop
      vertex -13.6255 0 11.8
      vertex -4.9328 -2.43259 11.8
      vertex -5.08134 -2.10476 11.8
    endloop
  endfacet
  facet normal 0 0 1
    outer loop
      vertex -13.6255 0 11.8
      vertex -5.08134 -2.10476 11.8
      vertex -5.20812 -1.76792 11.8
    endloop
  endfacet
  facet normal 0 0 1
    outer loop
      vertex -13.6255 0 11.8
      vertex -5.20812 -1.76792 11.8
      vertex -5.31259 -1.4235 11.8
    endloop
  endfacet
  facet normal 0 0 1
    outer loop
      vertex -13.6255 0 11.8
      vertex -5.31259 -1.4235 11.8
      vertex -5.39432 -1.073 11.8
    endloop
  endfacet
  facet normal 0 0 1
    outer loop
      vertex -13.6255 0 11.8
      vertex -5.39432 -1.073 11.8
      vertex -5.45295 -0.717894 11.8
    endloop
  endfacet
  facet normal 0 0 1
    outer loop
      vertex -5.48822 -0.359716 11.8
      vertex -13.6255 0 11.8
      vertex -5.45295 -0.717894 11.8
    endloop
  endfacet
  facet normal 0 0 1
    outer loop
      vertex -4.76314 -2.75 11.8
      vertex -13.6255 0 11.8
      vertex -6.81273 -11.8 11.8
    endloop
  endfacet
  facet normal -0.99519 -0.0979679 0
    outer loop
      vertex 11.0513 0.724339 0
      vertex 10.9803 1.44558 7.3
      vertex 10.9803 1.44558 0
    endloop
  endfacet
  facet normal -0.99519 -0.0979679 0
    outer loop
      vertex 10.9803 1.44558 7.3
      vertex 11.0513 0.724339 0
      vertex 11.0513 0.724339 7.3
    endloop
  endfacet
  facet normal -0.999465 -0.032702 0
    outer loop
      vertex 11.075 0 0
      vertex 11.0513 0.724339 7.3
      vertex 11.0513 0.724339 0
    endloop
  endfacet
  facet normal -0.999465 -0.032702 0
    outer loop
      vertex 11.0513 0.724339 7.3
      vertex 11.075 0 0
      vertex 11.075 0 7.3
    endloop
  endfacet
  facet normal -0.986633 -0.162958 0
    outer loop
      vertex 10.9803 1.44558 0
      vertex 10.8622 2.16062 7.3
      vertex 10.8622 2.16062 0
    endloop
  endfacet
  facet normal -0.986633 -0.162958 0
    outer loop
      vertex 10.8622 2.16062 7.3
      vertex 10.9803 1.44558 0
      vertex 10.9803 1.44558 7.3
    endloop
  endfacet
  facet normal -0.528063 0.849205 0
    outer loop
      vertex 6.15294 -9.20853 0
      vertex 5.5375 -9.59123 7.3
      vertex 6.15294 -9.20853 7.3
    endloop
  endfacet
  facet normal -0.528063 0.849205 0
    outer loop
      vertex 5.5375 -9.59123 7.3
      vertex 6.15294 -9.20853 0
      vertex 5.5375 -9.59123 0
    endloop
  endfacet
  facet normal -0.471404 0.881917 0
    outer loop
      vertex 5.5375 -9.59123 0
      vertex 4.89835 -9.93287 7.3
      vertex 5.5375 -9.59123 7.3
    endloop
  endfacet
  facet normal -0.471404 0.881917 0
    outer loop
      vertex 4.89835 -9.93287 7.3
      vertex 5.5375 -9.59123 0
      vertex 4.89835 -9.93287 0
    endloop
  endfacet
  facet normal -0.290187 -0.95697 0
    outer loop
      vertex 2.86642 10.6976 0
      vertex 3.55994 10.4873 7.3
      vertex 2.86642 10.6976 7.3
    endloop
  endfacet
  facet normal -0.290187 -0.95697 -0
    outer loop
      vertex 3.55994 10.4873 7.3
      vertex 2.86642 10.6976 0
      vertex 3.55994 10.4873 0
    endloop
  endfacet
  facet normal 0.634393 -0.773011 0
    outer loop
      vertex -7.30225 8.32663 0
      vertex -6.74203 8.78639 7.3
      vertex -7.30225 8.32663 7.3
    endloop
  endfacet
  facet normal 0.634393 -0.773011 0
    outer loop
      vertex -6.74203 8.78639 7.3
      vertex -7.30225 8.32663 0
      vertex -6.74203 8.78639 0
    endloop
  endfacet
  facet normal -0.729868 -0.683589 0
    outer loop
      vertex 8.32663 7.30225 0
      vertex 7.83121 7.83121 7.3
      vertex 7.83121 7.83121 0
    endloop
  endfacet
  facet normal -0.729868 -0.683589 0
    outer loop
      vertex 7.83121 7.83121 7.3
      vertex 8.32663 7.30225 0
      vertex 8.32663 7.30225 7.3
    endloop
  endfacet
  facet normal -0.0979679 -0.99519 0
    outer loop
      vertex 0.724339 11.0513 0
      vertex 1.44558 10.9803 7.3
      vertex 0.724339 11.0513 7.3
    endloop
  endfacet
  facet normal -0.0979679 -0.99519 -0
    outer loop
      vertex 1.44558 10.9803 7.3
      vertex 0.724339 11.0513 0
      vertex 1.44558 10.9803 0
    endloop
  endfacet
  facet normal -0.973868 -0.227116 0
    outer loop
      vertex 10.8622 2.16062 0
      vertex 10.6976 2.86642 7.3
      vertex 10.6976 2.86642 0
    endloop
  endfacet
  facet normal -0.973868 -0.227116 0
    outer loop
      vertex 10.6976 2.86642 7.3
      vertex 10.8622 2.16062 0
      vertex 10.8622 2.16062 7.3
    endloop
  endfacet
  facet normal -0.95697 -0.290187 0
    outer loop
      vertex 10.6976 2.86642 0
      vertex 10.4873 3.55994 7.3
      vertex 10.4873 3.55994 0
    endloop
  endfacet
  facet normal -0.95697 -0.290187 0
    outer loop
      vertex 10.4873 3.55994 7.3
      vertex 10.6976 2.86642 0
      vertex 10.6976 2.86642 7.3
    endloop
  endfacet
  facet normal 0.812844 0.582481 0
    outer loop
      vertex -8.78639 -6.74203 7.3
      vertex -9.20853 -6.15294 0
      vertex -9.20853 -6.15294 7.3
    endloop
  endfacet
  facet normal 0.812844 0.582481 0
    outer loop
      vertex -9.20853 -6.15294 0
      vertex -8.78639 -6.74203 7.3
      vertex -8.78639 -6.74203 0
    endloop
  endfacet
  facet normal 0.910849 -0.41274 0
    outer loop
      vertex -10.232 4.23822 7.3
      vertex -9.93287 4.89835 0
      vertex -9.93287 4.89835 7.3
    endloop
  endfacet
  facet normal 0.910849 -0.41274 0
    outer loop
      vertex -9.93287 4.89835 0
      vertex -10.232 4.23822 7.3
      vertex -10.232 4.23822 0
    endloop
  endfacet
  facet normal 0.227116 -0.973868 0
    outer loop
      vertex -2.86642 10.6976 0
      vertex -2.16062 10.8622 7.3
      vertex -2.86642 10.6976 7.3
    endloop
  endfacet
  facet normal 0.227116 -0.973868 0
    outer loop
      vertex -2.16062 10.8622 7.3
      vertex -2.86642 10.6976 0
      vertex -2.16062 10.8622 0
    endloop
  endfacet
  facet normal -0.9359 -0.352266 0
    outer loop
      vertex 10.4873 3.55994 0
      vertex 10.232 4.23822 7.3
      vertex 10.232 4.23822 0
    endloop
  endfacet
  facet normal -0.9359 -0.352266 0
    outer loop
      vertex 10.232 4.23822 7.3
      vertex 10.4873 3.55994 0
      vertex 10.4873 3.55994 7.3
    endloop
  endfacet
  facet normal 0.773011 -0.634393 0
    outer loop
      vertex -8.78639 6.74203 7.3
      vertex -8.32663 7.30225 0
      vertex -8.32663 7.30225 7.3
    endloop
  endfacet
  facet normal 0.773011 -0.634393 0
    outer loop
      vertex -8.32663 7.30225 0
      vertex -8.78639 6.74203 7.3
      vertex -8.78639 6.74203 0
    endloop
  endfacet
  facet normal 0.849205 0.528063 0
    outer loop
      vertex -9.20853 -6.15294 7.3
      vertex -9.59123 -5.5375 0
      vertex -9.59123 -5.5375 7.3
    endloop
  endfacet
  facet normal 0.849205 0.528063 0
    outer loop
      vertex -9.59123 -5.5375 0
      vertex -9.20853 -6.15294 7.3
      vertex -9.20853 -6.15294 0
    endloop
  endfacet
  facet normal -0.352266 0.9359 0
    outer loop
      vertex 4.23822 -10.232 0
      vertex 3.55994 -10.4873 7.3
      vertex 4.23822 -10.232 7.3
    endloop
  endfacet
  facet normal -0.352266 0.9359 0
    outer loop
      vertex 3.55994 -10.4873 7.3
      vertex 4.23822 -10.232 0
      vertex 3.55994 -10.4873 0
    endloop
  endfacet
  facet normal 0.95697 -0.290187 0
    outer loop
      vertex -10.6976 2.86642 7.3
      vertex -10.4873 3.55994 0
      vertex -10.4873 3.55994 7.3
    endloop
  endfacet
  facet normal 0.95697 -0.290187 0
    outer loop
      vertex -10.4873 3.55994 0
      vertex -10.6976 2.86642 7.3
      vertex -10.6976 2.86642 0
    endloop
  endfacet
  facet normal 0.582481 -0.812844 0
    outer loop
      vertex -6.74203 8.78639 0
      vertex -6.15294 9.20853 7.3
      vertex -6.74203 8.78639 7.3
    endloop
  endfacet
  facet normal 0.582481 -0.812844 0
    outer loop
      vertex -6.15294 9.20853 7.3
      vertex -6.74203 8.78639 0
      vertex -6.15294 9.20853 0
    endloop
  endfacet
  facet normal 0.0979679 -0.99519 0
    outer loop
      vertex -1.44558 10.9803 0
      vertex -0.724339 11.0513 7.3
      vertex -1.44558 10.9803 7.3
    endloop
  endfacet
  facet normal 0.0979679 -0.99519 0
    outer loop
      vertex -0.724339 11.0513 7.3
      vertex -1.44558 10.9803 0
      vertex -0.724339 11.0513 0
    endloop
  endfacet
  facet normal -0.227116 -0.973868 0
    outer loop
      vertex 2.16062 10.8622 0
      vertex 2.86642 10.6976 7.3
      vertex 2.16062 10.8622 7.3
    endloop
  endfacet
  facet normal -0.227116 -0.973868 -0
    outer loop
      vertex 2.86642 10.6976 7.3
      vertex 2.16062 10.8622 0
      vertex 2.86642 10.6976 0
    endloop
  endfacet
  facet normal 0.471404 -0.881917 0
    outer loop
      vertex -5.5375 9.59123 0
      vertex -4.89835 9.93287 7.3
      vertex -5.5375 9.59123 7.3
    endloop
  endfacet
  facet normal 0.471404 -0.881917 0
    outer loop
      vertex -4.89835 9.93287 7.3
      vertex -5.5375 9.59123 0
      vertex -4.89835 9.93287 0
    endloop
  endfacet
  facet normal 0.683589 -0.729868 0
    outer loop
      vertex -7.83121 7.83121 0
      vertex -7.30225 8.32663 7.3
      vertex -7.83121 7.83121 7.3
    endloop
  endfacet
  facet normal 0.683589 -0.729868 0
    outer loop
      vertex -7.30225 8.32663 7.3
      vertex -7.83121 7.83121 0
      vertex -7.30225 8.32663 0
    endloop
  endfacet
  facet normal 0.99519 -0.0979679 0
    outer loop
      vertex -11.0513 0.724339 7.3
      vertex -10.9803 1.44558 0
      vertex -10.9803 1.44558 7.3
    endloop
  endfacet
  facet normal 0.99519 -0.0979679 0
    outer loop
      vertex -10.9803 1.44558 0
      vertex -11.0513 0.724339 7.3
      vertex -11.0513 0.724339 0
    endloop
  endfacet
  facet normal -0.471404 -0.881917 0
    outer loop
      vertex 4.89835 9.93287 0
      vertex 5.5375 9.59123 7.3
      vertex 4.89835 9.93287 7.3
    endloop
  endfacet
  facet normal -0.471404 -0.881917 -0
    outer loop
      vertex 5.5375 9.59123 7.3
      vertex 4.89835 9.93287 0
      vertex 5.5375 9.59123 0
    endloop
  endfacet
  facet normal -0.986633 0.162958 0
    outer loop
      vertex 10.8622 -2.16062 0
      vertex 10.9803 -1.44558 7.3
      vertex 10.9803 -1.44558 0
    endloop
  endfacet
  facet normal -0.986633 0.162958 0
    outer loop
      vertex 10.9803 -1.44558 7.3
      vertex 10.8622 -2.16062 0
      vertex 10.8622 -2.16062 7.3
    endloop
  endfacet
  facet normal -0.162958 -0.986633 0
    outer loop
      vertex 1.44558 10.9803 0
      vertex 2.16062 10.8622 7.3
      vertex 1.44558 10.9803 7.3
    endloop
  endfacet
  facet normal -0.162958 -0.986633 -0
    outer loop
      vertex 2.16062 10.8622 7.3
      vertex 1.44558 10.9803 0
      vertex 2.16062 10.8622 0
    endloop
  endfacet
  facet normal -0.352266 -0.9359 0
    outer loop
      vertex 3.55994 10.4873 0
      vertex 4.23822 10.232 7.3
      vertex 3.55994 10.4873 7.3
    endloop
  endfacet
  facet normal -0.352266 -0.9359 -0
    outer loop
      vertex 4.23822 10.232 7.3
      vertex 3.55994 10.4873 0
      vertex 4.23822 10.232 0
    endloop
  endfacet
  facet normal 0.227116 0.973868 -0
    outer loop
      vertex -2.16062 -10.8622 0
      vertex -2.86642 -10.6976 7.3
      vertex -2.16062 -10.8622 7.3
    endloop
  endfacet
  facet normal 0.227116 0.973868 0
    outer loop
      vertex -2.86642 -10.6976 7.3
      vertex -2.16062 -10.8622 0
      vertex -2.86642 -10.6976 0
    endloop
  endfacet
  facet normal 0.162958 0.986633 -0
    outer loop
      vertex -1.44558 -10.9803 0
      vertex -2.16062 -10.8622 7.3
      vertex -1.44558 -10.9803 7.3
    endloop
  endfacet
  facet normal 0.162958 0.986633 0
    outer loop
      vertex -2.16062 -10.8622 7.3
      vertex -1.44558 -10.9803 0
      vertex -2.16062 -10.8622 0
    endloop
  endfacet
  facet normal -0.162958 0.986633 0
    outer loop
      vertex 2.16062 -10.8622 0
      vertex 1.44558 -10.9803 7.3
      vertex 2.16062 -10.8622 7.3
    endloop
  endfacet
  facet normal -0.162958 0.986633 0
    outer loop
      vertex 1.44558 -10.9803 7.3
      vertex 2.16062 -10.8622 0
      vertex 1.44558 -10.9803 0
    endloop
  endfacet
  facet normal -0.0979679 0.99519 0
    outer loop
      vertex 1.44558 -10.9803 0
      vertex 0.724339 -11.0513 7.3
      vertex 1.44558 -10.9803 7.3
    endloop
  endfacet
  facet normal -0.0979679 0.99519 0
    outer loop
      vertex 0.724339 -11.0513 7.3
      vertex 1.44558 -10.9803 0
      vertex 0.724339 -11.0513 0
    endloop
  endfacet
  facet normal -0.683589 -0.729868 0
    outer loop
      vertex 7.30225 8.32663 0
      vertex 7.83121 7.83121 7.3
      vertex 7.30225 8.32663 7.3
    endloop
  endfacet
  facet normal -0.683589 -0.729868 -0
    outer loop
      vertex 7.83121 7.83121 7.3
      vertex 7.30225 8.32663 0
      vertex 7.83121 7.83121 0
    endloop
  endfacet
  facet normal -0.41274 0.910849 0
    outer loop
      vertex 4.89835 -9.93287 0
      vertex 4.23822 -10.232 7.3
      vertex 4.89835 -9.93287 7.3
    endloop
  endfacet
  facet normal -0.41274 0.910849 0
    outer loop
      vertex 4.23822 -10.232 7.3
      vertex 4.89835 -9.93287 0
      vertex 4.23822 -10.232 0
    endloop
  endfacet
  facet normal -0.910849 -0.41274 0
    outer loop
      vertex 10.232 4.23822 0
      vertex 9.93287 4.89835 7.3
      vertex 9.93287 4.89835 0
    endloop
  endfacet
  facet normal -0.910849 -0.41274 0
    outer loop
      vertex 9.93287 4.89835 7.3
      vertex 10.232 4.23822 0
      vertex 10.232 4.23822 7.3
    endloop
  endfacet
  facet normal -0.41274 -0.910849 0
    outer loop
      vertex 4.23822 10.232 0
      vertex 4.89835 9.93287 7.3
      vertex 4.23822 10.232 7.3
    endloop
  endfacet
  facet normal -0.41274 -0.910849 -0
    outer loop
      vertex 4.89835 9.93287 7.3
      vertex 4.23822 10.232 0
      vertex 4.89835 9.93287 0
    endloop
  endfacet
  facet normal -0.528063 -0.849205 0
    outer loop
      vertex 5.5375 9.59123 0
      vertex 6.15294 9.20853 7.3
      vertex 5.5375 9.59123 7.3
    endloop
  endfacet
  facet normal -0.528063 -0.849205 -0
    outer loop
      vertex 6.15294 9.20853 7.3
      vertex 5.5375 9.59123 0
      vertex 6.15294 9.20853 0
    endloop
  endfacet
  facet normal 0.95697 0.290187 0
    outer loop
      vertex -10.4873 -3.55994 7.3
      vertex -10.6976 -2.86642 0
      vertex -10.6976 -2.86642 7.3
    endloop
  endfacet
  facet normal 0.95697 0.290187 0
    outer loop
      vertex -10.6976 -2.86642 0
      vertex -10.4873 -3.55994 7.3
      vertex -10.4873 -3.55994 0
    endloop
  endfacet
  facet normal -0.9359 0.352266 0
    outer loop
      vertex 10.232 -4.23822 0
      vertex 10.4873 -3.55994 7.3
      vertex 10.4873 -3.55994 0
    endloop
  endfacet
  facet normal -0.9359 0.352266 0
    outer loop
      vertex 10.4873 -3.55994 7.3
      vertex 10.232 -4.23822 0
      vertex 10.232 -4.23822 7.3
    endloop
  endfacet
  facet normal -0.812844 -0.582481 0
    outer loop
      vertex 9.20853 6.15294 0
      vertex 8.78639 6.74203 7.3
      vertex 8.78639 6.74203 0
    endloop
  endfacet
  facet normal -0.812844 -0.582481 0
    outer loop
      vertex 8.78639 6.74203 7.3
      vertex 9.20853 6.15294 0
      vertex 9.20853 6.15294 7.3
    endloop
  endfacet
  facet normal -0.849205 -0.528063 0
    outer loop
      vertex 9.59123 5.5375 0
      vertex 9.20853 6.15294 7.3
      vertex 9.20853 6.15294 0
    endloop
  endfacet
  facet normal -0.849205 -0.528063 0
    outer loop
      vertex 9.20853 6.15294 7.3
      vertex 9.59123 5.5375 0
      vertex 9.59123 5.5375 7.3
    endloop
  endfacet
  facet normal 0.849205 -0.528063 0
    outer loop
      vertex -9.59123 5.5375 7.3
      vertex -9.20853 6.15294 0
      vertex -9.20853 6.15294 7.3
    endloop
  endfacet
  facet normal 0.849205 -0.528063 0
    outer loop
      vertex -9.20853 6.15294 0
      vertex -9.59123 5.5375 7.3
      vertex -9.59123 5.5375 0
    endloop
  endfacet
  facet normal -0.849205 0.528063 0
    outer loop
      vertex 9.20853 -6.15294 0
      vertex 9.59123 -5.5375 7.3
      vertex 9.59123 -5.5375 0
    endloop
  endfacet
  facet normal -0.849205 0.528063 0
    outer loop
      vertex 9.59123 -5.5375 7.3
      vertex 9.20853 -6.15294 0
      vertex 9.20853 -6.15294 7.3
    endloop
  endfacet
  facet normal -0.881917 -0.471404 0
    outer loop
      vertex 9.93287 4.89835 0
      vertex 9.59123 5.5375 7.3
      vertex 9.59123 5.5375 0
    endloop
  endfacet
  facet normal -0.881917 -0.471404 0
    outer loop
      vertex 9.59123 5.5375 7.3
      vertex 9.93287 4.89835 0
      vertex 9.93287 4.89835 7.3
    endloop
  endfacet
  facet normal -0.683589 0.729868 0
    outer loop
      vertex 7.83121 -7.83121 0
      vertex 7.30225 -8.32663 7.3
      vertex 7.83121 -7.83121 7.3
    endloop
  endfacet
  facet normal -0.683589 0.729868 0
    outer loop
      vertex 7.30225 -8.32663 7.3
      vertex 7.83121 -7.83121 0
      vertex 7.30225 -8.32663 0
    endloop
  endfacet
  facet normal -0.773011 0.634393 0
    outer loop
      vertex 8.32663 -7.30225 0
      vertex 8.78639 -6.74203 7.3
      vertex 8.78639 -6.74203 0
    endloop
  endfacet
  facet normal -0.773011 0.634393 0
    outer loop
      vertex 8.78639 -6.74203 7.3
      vertex 8.32663 -7.30225 0
      vertex 8.32663 -7.30225 7.3
    endloop
  endfacet
  facet normal 0.9359 -0.352266 0
    outer loop
      vertex -10.4873 3.55994 7.3
      vertex -10.232 4.23822 0
      vertex -10.232 4.23822 7.3
    endloop
  endfacet
  facet normal 0.9359 -0.352266 0
    outer loop
      vertex -10.232 4.23822 0
      vertex -10.4873 3.55994 7.3
      vertex -10.4873 3.55994 0
    endloop
  endfacet
  facet normal 0.881917 0.471404 0
    outer loop
      vertex -9.59123 -5.5375 7.3
      vertex -9.93287 -4.89835 0
      vertex -9.93287 -4.89835 7.3
    endloop
  endfacet
  facet normal 0.881917 0.471404 0
    outer loop
      vertex -9.93287 -4.89835 0
      vertex -9.59123 -5.5375 7.3
      vertex -9.59123 -5.5375 0
    endloop
  endfacet
  facet normal 0.9359 0.352266 0
    outer loop
      vertex -10.232 -4.23822 7.3
      vertex -10.4873 -3.55994 0
      vertex -10.4873 -3.55994 7.3
    endloop
  endfacet
  facet normal 0.9359 0.352266 0
    outer loop
      vertex -10.4873 -3.55994 0
      vertex -10.232 -4.23822 7.3
      vertex -10.232 -4.23822 0
    endloop
  endfacet
  facet normal -0.032702 -0.999465 0
    outer loop
      vertex 0 11.075 0
      vertex 0.724339 11.0513 7.3
      vertex 0 11.075 7.3
    endloop
  endfacet
  facet normal -0.032702 -0.999465 -0
    outer loop
      vertex 0.724339 11.0513 7.3
      vertex 0 11.075 0
      vertex 0.724339 11.0513 0
    endloop
  endfacet
  facet normal 0.773011 0.634393 0
    outer loop
      vertex -8.32663 -7.30225 7.3
      vertex -8.78639 -6.74203 0
      vertex -8.78639 -6.74203 7.3
    endloop
  endfacet
  facet normal 0.773011 0.634393 0
    outer loop
      vertex -8.78639 -6.74203 0
      vertex -8.32663 -7.30225 7.3
      vertex -8.32663 -7.30225 0
    endloop
  endfacet
  facet normal 0.352266 -0.9359 0
    outer loop
      vertex -4.23822 10.232 0
      vertex -3.55994 10.4873 7.3
      vertex -4.23822 10.232 7.3
    endloop
  endfacet
  facet normal 0.352266 -0.9359 0
    outer loop
      vertex -3.55994 10.4873 7.3
      vertex -4.23822 10.232 0
      vertex -3.55994 10.4873 0
    endloop
  endfacet
  facet normal 0.352266 0.9359 -0
    outer loop
      vertex -3.55994 -10.4873 0
      vertex -4.23822 -10.232 7.3
      vertex -3.55994 -10.4873 7.3
    endloop
  endfacet
  facet normal 0.352266 0.9359 0
    outer loop
      vertex -4.23822 -10.232 7.3
      vertex -3.55994 -10.4873 0
      vertex -4.23822 -10.232 0
    endloop
  endfacet
  facet normal 0.729868 0.683589 0
    outer loop
      vertex -7.83121 -7.83121 7.3
      vertex -8.32663 -7.30225 0
      vertex -8.32663 -7.30225 7.3
    endloop
  endfacet
  facet normal 0.729868 0.683589 0
    outer loop
      vertex -8.32663 -7.30225 0
      vertex -7.83121 -7.83121 7.3
      vertex -7.83121 -7.83121 0
    endloop
  endfacet
  facet normal -0.634393 0.773011 0
    outer loop
      vertex 7.30225 -8.32663 0
      vertex 6.74203 -8.78639 7.3
      vertex 7.30225 -8.32663 7.3
    endloop
  endfacet
  facet normal -0.634393 0.773011 0
    outer loop
      vertex 6.74203 -8.78639 7.3
      vertex 7.30225 -8.32663 0
      vertex 6.74203 -8.78639 0
    endloop
  endfacet
  facet normal 0.162958 -0.986633 0
    outer loop
      vertex -2.16062 10.8622 0
      vertex -1.44558 10.9803 7.3
      vertex -2.16062 10.8622 7.3
    endloop
  endfacet
  facet normal 0.162958 -0.986633 0
    outer loop
      vertex -1.44558 10.9803 7.3
      vertex -2.16062 10.8622 0
      vertex -1.44558 10.9803 0
    endloop
  endfacet
  facet normal 0.812844 -0.582481 0
    outer loop
      vertex -9.20853 6.15294 7.3
      vertex -8.78639 6.74203 0
      vertex -8.78639 6.74203 7.3
    endloop
  endfacet
  facet normal 0.812844 -0.582481 0
    outer loop
      vertex -8.78639 6.74203 0
      vertex -9.20853 6.15294 7.3
      vertex -9.20853 6.15294 0
    endloop
  endfacet
  facet normal 0.986633 0.162958 0
    outer loop
      vertex -10.8622 -2.16062 7.3
      vertex -10.9803 -1.44558 0
      vertex -10.9803 -1.44558 7.3
    endloop
  endfacet
  facet normal 0.986633 0.162958 0
    outer loop
      vertex -10.9803 -1.44558 0
      vertex -10.8622 -2.16062 7.3
      vertex -10.8622 -2.16062 0
    endloop
  endfacet
  facet normal -0.032702 0.999465 0
    outer loop
      vertex 0.724339 -11.0513 0
      vertex 0 -11.075 7.3
      vertex 0.724339 -11.0513 7.3
    endloop
  endfacet
  facet normal -0.032702 0.999465 0
    outer loop
      vertex 0 -11.075 7.3
      vertex 0.724339 -11.0513 0
      vertex 0 -11.075 0
    endloop
  endfacet
  facet normal 0.032702 0.999465 -0
    outer loop
      vertex 0 -11.075 0
      vertex -0.724339 -11.0513 7.3
      vertex 0 -11.075 7.3
    endloop
  endfacet
  facet normal 0.032702 0.999465 0
    outer loop
      vertex -0.724339 -11.0513 7.3
      vertex 0 -11.075 0
      vertex -0.724339 -11.0513 0
    endloop
  endfacet
  facet normal -0.773011 -0.634393 0
    outer loop
      vertex 8.78639 6.74203 0
      vertex 8.32663 7.30225 7.3
      vertex 8.32663 7.30225 0
    endloop
  endfacet
  facet normal -0.773011 -0.634393 0
    outer loop
      vertex 8.32663 7.30225 7.3
      vertex 8.78639 6.74203 0
      vertex 8.78639 6.74203 7.3
    endloop
  endfacet
  facet normal -0.812844 0.582481 0
    outer loop
      vertex 8.78639 -6.74203 0
      vertex 9.20853 -6.15294 7.3
      vertex 9.20853 -6.15294 0
    endloop
  endfacet
  facet normal -0.812844 0.582481 0
    outer loop
      vertex 9.20853 -6.15294 7.3
      vertex 8.78639 -6.74203 0
      vertex 8.78639 -6.74203 7.3
    endloop
  endfacet
  facet normal 0.973868 0.227116 0
    outer loop
      vertex -10.6976 -2.86642 7.3
      vertex -10.8622 -2.16062 0
      vertex -10.8622 -2.16062 7.3
    endloop
  endfacet
  facet normal 0.973868 0.227116 0
    outer loop
      vertex -10.8622 -2.16062 0
      vertex -10.6976 -2.86642 7.3
      vertex -10.6976 -2.86642 0
    endloop
  endfacet
  facet normal 0.973868 -0.227116 0
    outer loop
      vertex -10.8622 2.16062 7.3
      vertex -10.6976 2.86642 0
      vertex -10.6976 2.86642 7.3
    endloop
  endfacet
  facet normal 0.973868 -0.227116 0
    outer loop
      vertex -10.6976 2.86642 0
      vertex -10.8622 2.16062 7.3
      vertex -10.8622 2.16062 0
    endloop
  endfacet
  facet normal 0.41274 -0.910849 0
    outer loop
      vertex -4.89835 9.93287 0
      vertex -4.23822 10.232 7.3
      vertex -4.89835 9.93287 7.3
    endloop
  endfacet
  facet normal 0.41274 -0.910849 0
    outer loop
      vertex -4.23822 10.232 7.3
      vertex -4.89835 9.93287 0
      vertex -4.23822 10.232 0
    endloop
  endfacet
  facet normal 0.729868 -0.683589 0
    outer loop
      vertex -8.32663 7.30225 7.3
      vertex -7.83121 7.83121 0
      vertex -7.83121 7.83121 7.3
    endloop
  endfacet
  facet normal 0.729868 -0.683589 0
    outer loop
      vertex -7.83121 7.83121 0
      vertex -8.32663 7.30225 7.3
      vertex -8.32663 7.30225 0
    endloop
  endfacet
  facet normal -0.99519 0.0979679 0
    outer loop
      vertex 10.9803 -1.44558 0
      vertex 11.0513 -0.724339 7.3
      vertex 11.0513 -0.724339 0
    endloop
  endfacet
  facet normal -0.99519 0.0979679 0
    outer loop
      vertex 11.0513 -0.724339 7.3
      vertex 10.9803 -1.44558 0
      vertex 10.9803 -1.44558 7.3
    endloop
  endfacet
  facet normal 0.634393 0.773011 -0
    outer loop
      vertex -6.74203 -8.78639 0
      vertex -7.30225 -8.32663 7.3
      vertex -6.74203 -8.78639 7.3
    endloop
  endfacet
  facet normal 0.634393 0.773011 0
    outer loop
      vertex -7.30225 -8.32663 7.3
      vertex -6.74203 -8.78639 0
      vertex -7.30225 -8.32663 0
    endloop
  endfacet
  facet normal 0.290187 -0.95697 0
    outer loop
      vertex -3.55994 10.4873 0
      vertex -2.86642 10.6976 7.3
      vertex -3.55994 10.4873 7.3
    endloop
  endfacet
  facet normal 0.290187 -0.95697 0
    outer loop
      vertex -2.86642 10.6976 7.3
      vertex -3.55994 10.4873 0
      vertex -2.86642 10.6976 0
    endloop
  endfacet
  facet normal -0.973868 0.227116 0
    outer loop
      vertex 10.6976 -2.86642 0
      vertex 10.8622 -2.16062 7.3
      vertex 10.8622 -2.16062 0
    endloop
  endfacet
  facet normal -0.973868 0.227116 0
    outer loop
      vertex 10.8622 -2.16062 7.3
      vertex 10.6976 -2.86642 0
      vertex 10.6976 -2.86642 7.3
    endloop
  endfacet
  facet normal 0.528063 -0.849205 0
    outer loop
      vertex -6.15294 9.20853 0
      vertex -5.5375 9.59123 7.3
      vertex -6.15294 9.20853 7.3
    endloop
  endfacet
  facet normal 0.528063 -0.849205 0
    outer loop
      vertex -5.5375 9.59123 7.3
      vertex -6.15294 9.20853 0
      vertex -5.5375 9.59123 0
    endloop
  endfacet
  facet normal -0.634393 -0.773011 0
    outer loop
      vertex 6.74203 8.78639 0
      vertex 7.30225 8.32663 7.3
      vertex 6.74203 8.78639 7.3
    endloop
  endfacet
  facet normal -0.634393 -0.773011 -0
    outer loop
      vertex 7.30225 8.32663 7.3
      vertex 6.74203 8.78639 0
      vertex 7.30225 8.32663 0
    endloop
  endfacet
  facet normal -0.729868 0.683589 0
    outer loop
      vertex 7.83121 -7.83121 0
      vertex 8.32663 -7.30225 7.3
      vertex 8.32663 -7.30225 0
    endloop
  endfacet
  facet normal -0.729868 0.683589 0
    outer loop
      vertex 8.32663 -7.30225 7.3
      vertex 7.83121 -7.83121 0
      vertex 7.83121 -7.83121 7.3
    endloop
  endfacet
  facet normal -0.881917 0.471404 0
    outer loop
      vertex 9.59123 -5.5375 0
      vertex 9.93287 -4.89835 7.3
      vertex 9.93287 -4.89835 0
    endloop
  endfacet
  facet normal -0.881917 0.471404 0
    outer loop
      vertex 9.93287 -4.89835 7.3
      vertex 9.59123 -5.5375 0
      vertex 9.59123 -5.5375 7.3
    endloop
  endfacet
  facet normal -0.582481 0.812844 0
    outer loop
      vertex 6.74203 -8.78639 0
      vertex 6.15294 -9.20853 7.3
      vertex 6.74203 -8.78639 7.3
    endloop
  endfacet
  facet normal -0.582481 0.812844 0
    outer loop
      vertex 6.15294 -9.20853 7.3
      vertex 6.74203 -8.78639 0
      vertex 6.15294 -9.20853 0
    endloop
  endfacet
  facet normal 0.0979679 0.99519 -0
    outer loop
      vertex -0.724339 -11.0513 0
      vertex -1.44558 -10.9803 7.3
      vertex -0.724339 -11.0513 7.3
    endloop
  endfacet
  facet normal 0.0979679 0.99519 0
    outer loop
      vertex -1.44558 -10.9803 7.3
      vertex -0.724339 -11.0513 0
      vertex -1.44558 -10.9803 0
    endloop
  endfacet
  facet normal -0.95697 0.290187 0
    outer loop
      vertex 10.4873 -3.55994 0
      vertex 10.6976 -2.86642 7.3
      vertex 10.6976 -2.86642 0
    endloop
  endfacet
  facet normal -0.95697 0.290187 0
    outer loop
      vertex 10.6976 -2.86642 7.3
      vertex 10.4873 -3.55994 0
      vertex 10.4873 -3.55994 7.3
    endloop
  endfacet
  facet normal 0.032702 -0.999465 0
    outer loop
      vertex -0.724339 11.0513 0
      vertex 0 11.075 7.3
      vertex -0.724339 11.0513 7.3
    endloop
  endfacet
  facet normal 0.032702 -0.999465 0
    outer loop
      vertex 0 11.075 7.3
      vertex -0.724339 11.0513 0
      vertex 0 11.075 0
    endloop
  endfacet
  facet normal -0.582481 -0.812844 0
    outer loop
      vertex 6.15294 9.20853 0
      vertex 6.74203 8.78639 7.3
      vertex 6.15294 9.20853 7.3
    endloop
  endfacet
  facet normal -0.582481 -0.812844 -0
    outer loop
      vertex 6.74203 8.78639 7.3
      vertex 6.15294 9.20853 0
      vertex 6.74203 8.78639 0
    endloop
  endfacet
  facet normal 0.471404 0.881917 -0
    outer loop
      vertex -4.89835 -9.93287 0
      vertex -5.5375 -9.59123 7.3
      vertex -4.89835 -9.93287 7.3
    endloop
  endfacet
  facet normal 0.471404 0.881917 0
    outer loop
      vertex -5.5375 -9.59123 7.3
      vertex -4.89835 -9.93287 0
      vertex -5.5375 -9.59123 0
    endloop
  endfacet
  facet normal -0.227116 0.973868 0
    outer loop
      vertex 2.86642 -10.6976 0
      vertex 2.16062 -10.8622 7.3
      vertex 2.86642 -10.6976 7.3
    endloop
  endfacet
  facet normal -0.227116 0.973868 0
    outer loop
      vertex 2.16062 -10.8622 7.3
      vertex 2.86642 -10.6976 0
      vertex 2.16062 -10.8622 0
    endloop
  endfacet
  facet normal 0.683589 0.729868 -0
    outer loop
      vertex -7.30225 -8.32663 0
      vertex -7.83121 -7.83121 7.3
      vertex -7.30225 -8.32663 7.3
    endloop
  endfacet
  facet normal 0.683589 0.729868 0
    outer loop
      vertex -7.83121 -7.83121 7.3
      vertex -7.30225 -8.32663 0
      vertex -7.83121 -7.83121 0
    endloop
  endfacet
  facet normal 0.881917 -0.471404 0
    outer loop
      vertex -9.93287 4.89835 7.3
      vertex -9.59123 5.5375 0
      vertex -9.59123 5.5375 7.3
    endloop
  endfacet
  facet normal 0.881917 -0.471404 0
    outer loop
      vertex -9.59123 5.5375 0
      vertex -9.93287 4.89835 7.3
      vertex -9.93287 4.89835 0
    endloop
  endfacet
  facet normal 0.99519 0.0979679 0
    outer loop
      vertex -10.9803 -1.44558 7.3
      vertex -11.0513 -0.724339 0
      vertex -11.0513 -0.724339 7.3
    endloop
  endfacet
  facet normal 0.99519 0.0979679 0
    outer loop
      vertex -11.0513 -0.724339 0
      vertex -10.9803 -1.44558 7.3
      vertex -10.9803 -1.44558 0
    endloop
  endfacet
  facet normal -0.290187 0.95697 0
    outer loop
      vertex 3.55994 -10.4873 0
      vertex 2.86642 -10.6976 7.3
      vertex 3.55994 -10.4873 7.3
    endloop
  endfacet
  facet normal -0.290187 0.95697 0
    outer loop
      vertex 2.86642 -10.6976 7.3
      vertex 3.55994 -10.4873 0
      vertex 2.86642 -10.6976 0
    endloop
  endfacet
  facet normal 0.986633 -0.162958 0
    outer loop
      vertex -10.9803 1.44558 7.3
      vertex -10.8622 2.16062 0
      vertex -10.8622 2.16062 7.3
    endloop
  endfacet
  facet normal 0.986633 -0.162958 0
    outer loop
      vertex -10.8622 2.16062 0
      vertex -10.9803 1.44558 7.3
      vertex -10.9803 1.44558 0
    endloop
  endfacet
  facet normal 0.290187 0.95697 -0
    outer loop
      vertex -2.86642 -10.6976 0
      vertex -3.55994 -10.4873 7.3
      vertex -2.86642 -10.6976 7.3
    endloop
  endfacet
  facet normal 0.290187 0.95697 0
    outer loop
      vertex -3.55994 -10.4873 7.3
      vertex -2.86642 -10.6976 0
      vertex -3.55994 -10.4873 0
    endloop
  endfacet
  facet normal 0.910849 0.41274 0
    outer loop
      vertex -9.93287 -4.89835 7.3
      vertex -10.232 -4.23822 0
      vertex -10.232 -4.23822 7.3
    endloop
  endfacet
  facet normal 0.910849 0.41274 0
    outer loop
      vertex -10.232 -4.23822 0
      vertex -9.93287 -4.89835 7.3
      vertex -9.93287 -4.89835 0
    endloop
  endfacet
  facet normal 0.999465 0.032702 0
    outer loop
      vertex -11.0513 -0.724339 7.3
      vertex -11.075 0 0
      vertex -11.075 0 7.3
    endloop
  endfacet
  facet normal 0.999465 0.032702 0
    outer loop
      vertex -11.075 0 0
      vertex -11.0513 -0.724339 7.3
      vertex -11.0513 -0.724339 0
    endloop
  endfacet
  facet normal -0.999465 0.032702 0
    outer loop
      vertex 11.0513 -0.724339 0
      vertex 11.075 0 7.3
      vertex 11.075 0 0
    endloop
  endfacet
  facet normal -0.999465 0.032702 0
    outer loop
      vertex 11.075 0 7.3
      vertex 11.0513 -0.724339 0
      vertex 11.0513 -0.724339 7.3
    endloop
  endfacet
  facet normal 0.528063 0.849205 -0
    outer loop
      vertex -5.5375 -9.59123 0
      vertex -6.15294 -9.20853 7.3
      vertex -5.5375 -9.59123 7.3
    endloop
  endfacet
  facet normal 0.528063 0.849205 0
    outer loop
      vertex -6.15294 -9.20853 7.3
      vertex -5.5375 -9.59123 0
      vertex -6.15294 -9.20853 0
    endloop
  endfacet
  facet normal 0.999465 -0.032702 0
    outer loop
      vertex -11.075 0 7.3
      vertex -11.0513 0.724339 0
      vertex -11.0513 0.724339 7.3
    endloop
  endfacet
  facet normal 0.999465 -0.032702 0
    outer loop
      vertex -11.0513 0.724339 0
      vertex -11.075 0 7.3
      vertex -11.075 0 0
    endloop
  endfacet
  facet normal -0.910849 0.41274 0
    outer loop
      vertex 9.93287 -4.89835 0
      vertex 10.232 -4.23822 7.3
      vertex 10.232 -4.23822 0
    endloop
  endfacet
  facet normal -0.910849 0.41274 0
    outer loop
      vertex 10.232 -4.23822 7.3
      vertex 9.93287 -4.89835 0
      vertex 9.93287 -4.89835 7.3
    endloop
  endfacet
  facet normal 0 0 -1
    outer loop
      vertex 5.5 0 7.3
      vertex 11.075 0 7.3
      vertex 11.0513 -0.724339 7.3
    endloop
  endfacet
  facet normal 0 0 -1
    outer loop
      vertex 5.48822 -0.359716 7.3
      vertex 11.0513 -0.724339 7.3
      vertex 10.9803 -1.44558 7.3
    endloop
  endfacet
  facet normal 0 0 -1
    outer loop
      vertex 11.075 0 7.3
      vertex 5.5 0 7.3
      vertex 11.0513 0.724339 7.3
    endloop
  endfacet
  facet normal 0 0 -1
    outer loop
      vertex 5.45295 -0.717894 7.3
      vertex 10.9803 -1.44558 7.3
      vertex 10.8622 -2.16062 7.3
    endloop
  endfacet
  facet normal 0 0 -1
    outer loop
      vertex 5.48822 0.359716 7.3
      vertex 11.0513 0.724339 7.3
      vertex 5.5 0 7.3
    endloop
  endfacet
  facet normal 0 0 -1
    outer loop
      vertex 5.39432 -1.073 7.3
      vertex 10.8622 -2.16062 7.3
      vertex 10.6976 -2.86642 7.3
    endloop
  endfacet
  facet normal -0 0 -1
    outer loop
      vertex 11.0513 0.724339 7.3
      vertex 5.48822 0.359716 7.3
      vertex 10.9803 1.44558 7.3
    endloop
  endfacet
  facet normal 0 0 -1
    outer loop
      vertex 5.31259 -1.4235 7.3
      vertex 10.6976 -2.86642 7.3
      vertex 10.4873 -3.55994 7.3
    endloop
  endfacet
  facet normal 0 0 -1
    outer loop
      vertex 5.45295 0.717894 7.3
      vertex 10.9803 1.44558 7.3
      vertex 5.48822 0.359716 7.3
    endloop
  endfacet
  facet normal 0 0 -1
    outer loop
      vertex 5.20812 -1.76792 7.3
      vertex 10.4873 -3.55994 7.3
      vertex 10.232 -4.23822 7.3
    endloop
  endfacet
  facet normal -0 0 -1
    outer loop
      vertex 10.9803 1.44558 7.3
      vertex 5.45295 0.717894 7.3
      vertex 10.8622 2.16062 7.3
    endloop
  endfacet
  facet normal 0 0 -1
    outer loop
      vertex 5.08134 -2.10476 7.3
      vertex 10.232 -4.23822 7.3
      vertex 9.93287 -4.89835 7.3
    endloop
  endfacet
  facet normal 0 0 -1
    outer loop
      vertex 5.39432 1.073 7.3
      vertex 10.8622 2.16062 7.3
      vertex 5.45295 0.717894 7.3
    endloop
  endfacet
  facet normal 0 0 -1
    outer loop
      vertex 4.9328 -2.43259 7.3
      vertex 9.93287 -4.89835 7.3
      vertex 9.59123 -5.5375 7.3
    endloop
  endfacet
  facet normal -0 0 -1
    outer loop
      vertex 10.8622 2.16062 7.3
      vertex 5.39432 1.073 7.3
      vertex 10.6976 2.86642 7.3
    endloop
  endfacet
  facet normal 0 0 -1
    outer loop
      vertex 4.76314 -2.75 7.3
      vertex 9.59123 -5.5375 7.3
      vertex 9.20853 -6.15294 7.3
    endloop
  endfacet
  facet normal 0 0 -1
    outer loop
      vertex 5.31259 1.4235 7.3
      vertex 10.6976 2.86642 7.3
      vertex 5.39432 1.073 7.3
    endloop
  endfacet
  facet normal 0 0 -1
    outer loop
      vertex 4.57308 -3.05564 7.3
      vertex 9.20853 -6.15294 7.3
      vertex 8.78639 -6.74203 7.3
    endloop
  endfacet
  facet normal -0 0 -1
    outer loop
      vertex 10.6976 2.86642 7.3
      vertex 5.31259 1.4235 7.3
      vertex 10.4873 3.55994 7.3
    endloop
  endfacet
  facet normal 0 0 -1
    outer loop
      vertex 4.36344 -3.34819 7.3
      vertex 8.78639 -6.74203 7.3
      vertex 8.32663 -7.30225 7.3
    endloop
  endfacet
  facet normal 0 0 -1
    outer loop
      vertex 5.20812 1.76792 7.3
      vertex 10.4873 3.55994 7.3
      vertex 5.31259 1.4235 7.3
    endloop
  endfacet
  facet normal 0 0 -1
    outer loop
      vertex 4.13512 -3.6264 7.3
      vertex 8.32663 -7.30225 7.3
      vertex 7.83121 -7.83121 7.3
    endloop
  endfacet
  facet normal -0 0 -1
    outer loop
      vertex 10.4873 3.55994 7.3
      vertex 5.20812 1.76792 7.3
      vertex 10.232 4.23822 7.3
    endloop
  endfacet
  facet normal 0 0 -1
    outer loop
      vertex 3.88909 -3.88909 7.3
      vertex 7.83121 -7.83121 7.3
      vertex 7.30225 -8.32663 7.3
    endloop
  endfacet
  facet normal 0 0 -1
    outer loop
      vertex 5.08134 2.10476 7.3
      vertex 10.232 4.23822 7.3
      vertex 5.20812 1.76792 7.3
    endloop
  endfacet
  facet normal 0 0 -1
    outer loop
      vertex 3.6264 -4.13512 7.3
      vertex 7.30225 -8.32663 7.3
      vertex 6.74203 -8.78639 7.3
    endloop
  endfacet
  facet normal -0 0 -1
    outer loop
      vertex 10.232 4.23822 7.3
      vertex 5.08134 2.10476 7.3
      vertex 9.93287 4.89835 7.3
    endloop
  endfacet
  facet normal 0 0 -1
    outer loop
      vertex 3.34819 -4.36344 7.3
      vertex 6.74203 -8.78639 7.3
      vertex 6.15294 -9.20853 7.3
    endloop
  endfacet
  facet normal 0 0 -1
    outer loop
      vertex 4.9328 2.43259 7.3
      vertex 9.93287 4.89835 7.3
      vertex 5.08134 2.10476 7.3
    endloop
  endfacet
  facet normal 0 0 -1
    outer loop
      vertex 3.05564 -4.57308 7.3
      vertex 6.15294 -9.20853 7.3
      vertex 5.5375 -9.59123 7.3
    endloop
  endfacet
  facet normal -0 0 -1
    outer loop
      vertex 9.93287 4.89835 7.3
      vertex 4.9328 2.43259 7.3
      vertex 9.59123 5.5375 7.3
    endloop
  endfacet
  facet normal 0 0 -1
    outer loop
      vertex 4.76314 2.75 7.3
      vertex 9.59123 5.5375 7.3
      vertex 4.9328 2.43259 7.3
    endloop
  endfacet
  facet normal 0 0 -1
    outer loop
      vertex 11.0513 -0.724339 7.3
      vertex 5.48822 -0.359716 7.3
      vertex 5.5 0 7.3
    endloop
  endfacet
  facet normal 0 0 -1
    outer loop
      vertex 10.9803 -1.44558 7.3
      vertex 5.45295 -0.717894 7.3
      vertex 5.48822 -0.359716 7.3
    endloop
  endfacet
  facet normal 0 0 -1
    outer loop
      vertex 10.8622 -2.16062 7.3
      vertex 5.39432 -1.073 7.3
      vertex 5.45295 -0.717894 7.3
    endloop
  endfacet
  facet normal 0 0 -1
    outer loop
      vertex 10.6976 -2.86642 7.3
      vertex 5.31259 -1.4235 7.3
      vertex 5.39432 -1.073 7.3
    endloop
  endfacet
  facet normal 0 0 -1
    outer loop
      vertex 10.4873 -3.55994 7.3
      vertex 5.20812 -1.76792 7.3
      vertex 5.31259 -1.4235 7.3
    endloop
  endfacet
  facet normal 0 0 -1
    outer loop
      vertex 10.232 -4.23822 7.3
      vertex 5.08134 -2.10476 7.3
      vertex 5.20812 -1.76792 7.3
    endloop
  endfacet
  facet normal 0 0 -1
    outer loop
      vertex 9.93287 -4.89835 7.3
      vertex 4.9328 -2.43259 7.3
      vertex 5.08134 -2.10476 7.3
    endloop
  endfacet
  facet normal 0 0 -1
    outer loop
      vertex 2.75 -4.76314 7.3
      vertex 5.5375 -9.59123 7.3
      vertex 4.89835 -9.93287 7.3
    endloop
  endfacet
  facet normal 0 0 -1
    outer loop
      vertex 9.59123 -5.5375 7.3
      vertex 4.76314 -2.75 7.3
      vertex 4.9328 -2.43259 7.3
    endloop
  endfacet
  facet normal 0 0 -1
    outer loop
      vertex 9.20853 -6.15294 7.3
      vertex 4.57308 -3.05564 7.3
      vertex 4.76314 -2.75 7.3
    endloop
  endfacet
  facet normal 0 0 -1
    outer loop
      vertex 8.78639 -6.74203 7.3
      vertex 4.36344 -3.34819 7.3
      vertex 4.57308 -3.05564 7.3
    endloop
  endfacet
  facet normal 0 0 -1
    outer loop
      vertex 2.43259 -4.9328 7.3
      vertex 4.89835 -9.93287 7.3
      vertex 4.23822 -10.232 7.3
    endloop
  endfacet
  facet normal 0 0 -1
    outer loop
      vertex 8.32663 -7.30225 7.3
      vertex 4.13512 -3.6264 7.3
      vertex 4.36344 -3.34819 7.3
    endloop
  endfacet
  facet normal 0 0 -1
    outer loop
      vertex 7.83121 -7.83121 7.3
      vertex 3.88909 -3.88909 7.3
      vertex 4.13512 -3.6264 7.3
    endloop
  endfacet
  facet normal 0 0 -1
    outer loop
      vertex 7.30225 -8.32663 7.3
      vertex 3.6264 -4.13512 7.3
      vertex 3.88909 -3.88909 7.3
    endloop
  endfacet
  facet normal 0 0 -1
    outer loop
      vertex 2.10476 -5.08134 7.3
      vertex 4.23822 -10.232 7.3
      vertex 3.55994 -10.4873 7.3
    endloop
  endfacet
  facet normal 0 0 -1
    outer loop
      vertex 6.74203 -8.78639 7.3
      vertex 3.34819 -4.36344 7.3
      vertex 3.6264 -4.13512 7.3
    endloop
  endfacet
  facet normal 0 0 -1
    outer loop
      vertex 6.15294 -9.20853 7.3
      vertex 3.05564 -4.57308 7.3
      vertex 3.34819 -4.36344 7.3
    endloop
  endfacet
  facet normal 0 0 -1
    outer loop
      vertex 1.76792 -5.20812 7.3
      vertex 3.55994 -10.4873 7.3
      vertex 2.86642 -10.6976 7.3
    endloop
  endfacet
  facet normal 0 0 -1
    outer loop
      vertex 5.5375 -9.59123 7.3
      vertex 2.75 -4.76314 7.3
      vertex 3.05564 -4.57308 7.3
    endloop
  endfacet
  facet normal 0 0 -1
    outer loop
      vertex 4.89835 -9.93287 7.3
      vertex 2.43259 -4.9328 7.3
      vertex 2.75 -4.76314 7.3
    endloop
  endfacet
  facet normal 0 0 -1
    outer loop
      vertex 1.4235 -5.31259 7.3
      vertex 2.86642 -10.6976 7.3
      vertex 2.16062 -10.8622 7.3
    endloop
  endfacet
  facet normal 0 0 -1
    outer loop
      vertex 4.23822 -10.232 7.3
      vertex 2.10476 -5.08134 7.3
      vertex 2.43259 -4.9328 7.3
    endloop
  endfacet
  facet normal 0 0 -1
    outer loop
      vertex 3.55994 -10.4873 7.3
      vertex 1.76792 -5.20812 7.3
      vertex 2.10476 -5.08134 7.3
    endloop
  endfacet
  facet normal 0 0 -1
    outer loop
      vertex 1.073 -5.39432 7.3
      vertex 2.16062 -10.8622 7.3
      vertex 1.44558 -10.9803 7.3
    endloop
  endfacet
  facet normal 0 0 -1
    outer loop
      vertex 2.86642 -10.6976 7.3
      vertex 1.4235 -5.31259 7.3
      vertex 1.76792 -5.20812 7.3
    endloop
  endfacet
  facet normal 0 0 -1
    outer loop
      vertex 2.16062 -10.8622 7.3
      vertex 1.073 -5.39432 7.3
      vertex 1.4235 -5.31259 7.3
    endloop
  endfacet
  facet normal 0 0 -1
    outer loop
      vertex 0.717894 -5.45295 7.3
      vertex 1.44558 -10.9803 7.3
      vertex 0.724339 -11.0513 7.3
    endloop
  endfacet
  facet normal 0 0 -1
    outer loop
      vertex 1.44558 -10.9803 7.3
      vertex 0.717894 -5.45295 7.3
      vertex 1.073 -5.39432 7.3
    endloop
  endfacet
  facet normal 0 0 -1
    outer loop
      vertex 0.724339 -11.0513 7.3
      vertex 0.359716 -5.48822 7.3
      vertex 0.717894 -5.45295 7.3
    endloop
  endfacet
  facet normal 0 0 -1
    outer loop
      vertex 0 -11.075 7.3
      vertex 0.359716 -5.48822 7.3
      vertex 0.724339 -11.0513 7.3
    endloop
  endfacet
  facet normal 0 0 -1
    outer loop
      vertex 0 -11.075 7.3
      vertex 0 -5.5 7.3
      vertex 0.359716 -5.48822 7.3
    endloop
  endfacet
  facet normal 0 0 -1
    outer loop
      vertex 0 -11.075 7.3
      vertex -0.359716 -5.48822 7.3
      vertex 0 -5.5 7.3
    endloop
  endfacet
  facet normal 0 0 -1
    outer loop
      vertex -0.724339 -11.0513 7.3
      vertex -0.359716 -5.48822 7.3
      vertex 0 -11.075 7.3
    endloop
  endfacet
  facet normal -0 0 -1
    outer loop
      vertex -0.359716 -5.48822 7.3
      vertex -0.724339 -11.0513 7.3
      vertex -0.717894 -5.45295 7.3
    endloop
  endfacet
  facet normal 0 0 -1
    outer loop
      vertex -1.44558 -10.9803 7.3
      vertex -0.717894 -5.45295 7.3
      vertex -0.724339 -11.0513 7.3
    endloop
  endfacet
  facet normal -0 0 -1
    outer loop
      vertex -0.717894 -5.45295 7.3
      vertex -1.44558 -10.9803 7.3
      vertex -1.073 -5.39432 7.3
    endloop
  endfacet
  facet normal 0 0 -1
    outer loop
      vertex -2.16062 -10.8622 7.3
      vertex -1.073 -5.39432 7.3
      vertex -1.44558 -10.9803 7.3
    endloop
  endfacet
  facet normal -0 0 -1
    outer loop
      vertex -1.073 -5.39432 7.3
      vertex -2.16062 -10.8622 7.3
      vertex -1.4235 -5.31259 7.3
    endloop
  endfacet
  facet normal 0 0 -1
    outer loop
      vertex -2.86642 -10.6976 7.3
      vertex -1.4235 -5.31259 7.3
      vertex -2.16062 -10.8622 7.3
    endloop
  endfacet
  facet normal -0 0 -1
    outer loop
      vertex -1.4235 -5.31259 7.3
      vertex -2.86642 -10.6976 7.3
      vertex -1.76792 -5.20812 7.3
    endloop
  endfacet
  facet normal 0 0 -1
    outer loop
      vertex -3.55994 -10.4873 7.3
      vertex -1.76792 -5.20812 7.3
      vertex -2.86642 -10.6976 7.3
    endloop
  endfacet
  facet normal -0 0 -1
    outer loop
      vertex -1.76792 -5.20812 7.3
      vertex -3.55994 -10.4873 7.3
      vertex -2.10476 -5.08134 7.3
    endloop
  endfacet
  facet normal 0 0 -1
    outer loop
      vertex -4.23822 -10.232 7.3
      vertex -2.10476 -5.08134 7.3
      vertex -3.55994 -10.4873 7.3
    endloop
  endfacet
  facet normal -0 0 -1
    outer loop
      vertex -2.10476 -5.08134 7.3
      vertex -4.23822 -10.232 7.3
      vertex -2.43259 -4.9328 7.3
    endloop
  endfacet
  facet normal 0 0 -1
    outer loop
      vertex -4.89835 -9.93287 7.3
      vertex -2.43259 -4.9328 7.3
      vertex -4.23822 -10.232 7.3
    endloop
  endfacet
  facet normal -0 0 -1
    outer loop
      vertex -2.43259 -4.9328 7.3
      vertex -4.89835 -9.93287 7.3
      vertex -2.75 -4.76314 7.3
    endloop
  endfacet
  facet normal 0 0 -1
    outer loop
      vertex -5.5375 -9.59123 7.3
      vertex -2.75 -4.76314 7.3
      vertex -4.89835 -9.93287 7.3
    endloop
  endfacet
  facet normal -0 0 -1
    outer loop
      vertex -2.75 -4.76314 7.3
      vertex -5.5375 -9.59123 7.3
      vertex -3.05564 -4.57308 7.3
    endloop
  endfacet
  facet normal 0 0 -1
    outer loop
      vertex -6.15294 -9.20853 7.3
      vertex -3.05564 -4.57308 7.3
      vertex -5.5375 -9.59123 7.3
    endloop
  endfacet
  facet normal -0 0 -1
    outer loop
      vertex -3.05564 -4.57308 7.3
      vertex -6.15294 -9.20853 7.3
      vertex -3.34819 -4.36344 7.3
    endloop
  endfacet
  facet normal 0 0 -1
    outer loop
      vertex -6.74203 -8.78639 7.3
      vertex -3.34819 -4.36344 7.3
      vertex -6.15294 -9.20853 7.3
    endloop
  endfacet
  facet normal -0 0 -1
    outer loop
      vertex -3.34819 -4.36344 7.3
      vertex -6.74203 -8.78639 7.3
      vertex -3.6264 -4.13512 7.3
    endloop
  endfacet
  facet normal 0 0 -1
    outer loop
      vertex -7.30225 -8.32663 7.3
      vertex -3.6264 -4.13512 7.3
      vertex -6.74203 -8.78639 7.3
    endloop
  endfacet
  facet normal -0 0 -1
    outer loop
      vertex -3.6264 -4.13512 7.3
      vertex -7.30225 -8.32663 7.3
      vertex -3.88909 -3.88909 7.3
    endloop
  endfacet
  facet normal 0 0 -1
    outer loop
      vertex -7.83121 -7.83121 7.3
      vertex -3.88909 -3.88909 7.3
      vertex -7.30225 -8.32663 7.3
    endloop
  endfacet
  facet normal -0 0 -1
    outer loop
      vertex -3.88909 -3.88909 7.3
      vertex -7.83121 -7.83121 7.3
      vertex -4.13512 -3.6264 7.3
    endloop
  endfacet
  facet normal 0 0 -1
    outer loop
      vertex -8.32663 -7.30225 7.3
      vertex -4.13512 -3.6264 7.3
      vertex -7.83121 -7.83121 7.3
    endloop
  endfacet
  facet normal -0 0 -1
    outer loop
      vertex -4.13512 -3.6264 7.3
      vertex -8.32663 -7.30225 7.3
      vertex -4.36344 -3.34819 7.3
    endloop
  endfacet
  facet normal 0 0 -1
    outer loop
      vertex -8.78639 -6.74203 7.3
      vertex -4.36344 -3.34819 7.3
      vertex -8.32663 -7.30225 7.3
    endloop
  endfacet
  facet normal -0 0 -1
    outer loop
      vertex -4.36344 -3.34819 7.3
      vertex -8.78639 -6.74203 7.3
      vertex -4.57308 -3.05564 7.3
    endloop
  endfacet
  facet normal 0 0 -1
    outer loop
      vertex -9.20853 -6.15294 7.3
      vertex -4.57308 -3.05564 7.3
      vertex -8.78639 -6.74203 7.3
    endloop
  endfacet
  facet normal 0 0 -1
    outer loop
      vertex -9.59123 -5.5375 7.3
      vertex -4.76314 -2.75 7.3
      vertex -9.20853 -6.15294 7.3
    endloop
  endfacet
  facet normal -0 0 -1
    outer loop
      vertex -4.57308 -3.05564 7.3
      vertex -9.20853 -6.15294 7.3
      vertex -4.76314 -2.75 7.3
    endloop
  endfacet
  facet normal -0 0 -1
    outer loop
      vertex 9.59123 5.5375 7.3
      vertex 4.76314 2.75 7.3
      vertex 9.20853 6.15294 7.3
    endloop
  endfacet
  facet normal 0 0 -1
    outer loop
      vertex 4.57308 3.05564 7.3
      vertex 9.20853 6.15294 7.3
      vertex 4.76314 2.75 7.3
    endloop
  endfacet
  facet normal -0 0 -1
    outer loop
      vertex 9.20853 6.15294 7.3
      vertex 4.57308 3.05564 7.3
      vertex 8.78639 6.74203 7.3
    endloop
  endfacet
  facet normal 0 0 -1
    outer loop
      vertex 4.36344 3.34819 7.3
      vertex 8.78639 6.74203 7.3
      vertex 4.57308 3.05564 7.3
    endloop
  endfacet
  facet normal -0 0 -1
    outer loop
      vertex 8.78639 6.74203 7.3
      vertex 4.36344 3.34819 7.3
      vertex 8.32663 7.30225 7.3
    endloop
  endfacet
  facet normal 0 0 -1
    outer loop
      vertex 4.13512 3.6264 7.3
      vertex 8.32663 7.30225 7.3
      vertex 4.36344 3.34819 7.3
    endloop
  endfacet
  facet normal -0 0 -1
    outer loop
      vertex 8.32663 7.30225 7.3
      vertex 4.13512 3.6264 7.3
      vertex 7.83121 7.83121 7.3
    endloop
  endfacet
  facet normal 0 0 -1
    outer loop
      vertex 3.88909 3.88909 7.3
      vertex 7.83121 7.83121 7.3
      vertex 4.13512 3.6264 7.3
    endloop
  endfacet
  facet normal -0 0 -1
    outer loop
      vertex 7.83121 7.83121 7.3
      vertex 3.88909 3.88909 7.3
      vertex 7.30225 8.32663 7.3
    endloop
  endfacet
  facet normal 0 0 -1
    outer loop
      vertex 3.6264 4.13512 7.3
      vertex 7.30225 8.32663 7.3
      vertex 3.88909 3.88909 7.3
    endloop
  endfacet
  facet normal -0 0 -1
    outer loop
      vertex 7.30225 8.32663 7.3
      vertex 3.6264 4.13512 7.3
      vertex 6.74203 8.78639 7.3
    endloop
  endfacet
  facet normal 0 0 -1
    outer loop
      vertex 3.34819 4.36344 7.3
      vertex 6.74203 8.78639 7.3
      vertex 3.6264 4.13512 7.3
    endloop
  endfacet
  facet normal -0 0 -1
    outer loop
      vertex 6.74203 8.78639 7.3
      vertex 3.34819 4.36344 7.3
      vertex 6.15294 9.20853 7.3
    endloop
  endfacet
  facet normal 0 0 -1
    outer loop
      vertex 3.05564 4.57308 7.3
      vertex 6.15294 9.20853 7.3
      vertex 3.34819 4.36344 7.3
    endloop
  endfacet
  facet normal -0 0 -1
    outer loop
      vertex 6.15294 9.20853 7.3
      vertex 3.05564 4.57308 7.3
      vertex 5.5375 9.59123 7.3
    endloop
  endfacet
  facet normal 0 0 -1
    outer loop
      vertex 2.75 4.76314 7.3
      vertex 5.5375 9.59123 7.3
      vertex 3.05564 4.57308 7.3
    endloop
  endfacet
  facet normal -0 0 -1
    outer loop
      vertex 5.5375 9.59123 7.3
      vertex 2.75 4.76314 7.3
      vertex 4.89835 9.93287 7.3
    endloop
  endfacet
  facet normal 0 0 -1
    outer loop
      vertex 2.43259 4.9328 7.3
      vertex 4.89835 9.93287 7.3
      vertex 2.75 4.76314 7.3
    endloop
  endfacet
  facet normal -0 0 -1
    outer loop
      vertex 4.89835 9.93287 7.3
      vertex 2.43259 4.9328 7.3
      vertex 4.23822 10.232 7.3
    endloop
  endfacet
  facet normal 0 0 -1
    outer loop
      vertex 2.10476 5.08134 7.3
      vertex 4.23822 10.232 7.3
      vertex 2.43259 4.9328 7.3
    endloop
  endfacet
  facet normal -0 0 -1
    outer loop
      vertex 4.23822 10.232 7.3
      vertex 2.10476 5.08134 7.3
      vertex 3.55994 10.4873 7.3
    endloop
  endfacet
  facet normal 0 0 -1
    outer loop
      vertex 1.76792 5.20812 7.3
      vertex 3.55994 10.4873 7.3
      vertex 2.10476 5.08134 7.3
    endloop
  endfacet
  facet normal -0 0 -1
    outer loop
      vertex 3.55994 10.4873 7.3
      vertex 1.76792 5.20812 7.3
      vertex 2.86642 10.6976 7.3
    endloop
  endfacet
  facet normal 0 0 -1
    outer loop
      vertex 1.4235 5.31259 7.3
      vertex 2.86642 10.6976 7.3
      vertex 1.76792 5.20812 7.3
    endloop
  endfacet
  facet normal -0 0 -1
    outer loop
      vertex 2.86642 10.6976 7.3
      vertex 1.4235 5.31259 7.3
      vertex 2.16062 10.8622 7.3
    endloop
  endfacet
  facet normal 0 0 -1
    outer loop
      vertex 1.073 5.39432 7.3
      vertex 2.16062 10.8622 7.3
      vertex 1.4235 5.31259 7.3
    endloop
  endfacet
  facet normal -0 0 -1
    outer loop
      vertex 2.16062 10.8622 7.3
      vertex 1.073 5.39432 7.3
      vertex 1.44558 10.9803 7.3
    endloop
  endfacet
  facet normal 0 0 -1
    outer loop
      vertex 0.717894 5.45295 7.3
      vertex 1.44558 10.9803 7.3
      vertex 1.073 5.39432 7.3
    endloop
  endfacet
  facet normal -0 0 -1
    outer loop
      vertex 1.44558 10.9803 7.3
      vertex 0.717894 5.45295 7.3
      vertex 0.724339 11.0513 7.3
    endloop
  endfacet
  facet normal 0 0 -1
    outer loop
      vertex 0.359716 5.48822 7.3
      vertex 0.724339 11.0513 7.3
      vertex 0.717894 5.45295 7.3
    endloop
  endfacet
  facet normal 0 0 -1
    outer loop
      vertex 0 5.5 7.3
      vertex 0.724339 11.0513 7.3
      vertex 0.359716 5.48822 7.3
    endloop
  endfacet
  facet normal 0 0 -1
    outer loop
      vertex 0 5.5 7.3
      vertex 0 11.075 7.3
      vertex 0.724339 11.0513 7.3
    endloop
  endfacet
  facet normal 0 0 -1
    outer loop
      vertex -0.359716 5.48822 7.3
      vertex 0 11.075 7.3
      vertex 0 5.5 7.3
    endloop
  endfacet
  facet normal 0 0 -1
    outer loop
      vertex -0.724339 11.0513 7.3
      vertex -0.359716 5.48822 7.3
      vertex -0.717894 5.45295 7.3
    endloop
  endfacet
  facet normal 0 0 -1
    outer loop
      vertex -0.359716 5.48822 7.3
      vertex -0.724339 11.0513 7.3
      vertex 0 11.075 7.3
    endloop
  endfacet
  facet normal 0 0 -1
    outer loop
      vertex -1.44558 10.9803 7.3
      vertex -0.717894 5.45295 7.3
      vertex -1.073 5.39432 7.3
    endloop
  endfacet
  facet normal 0 0 -1
    outer loop
      vertex -2.16062 10.8622 7.3
      vertex -1.073 5.39432 7.3
      vertex -1.4235 5.31259 7.3
    endloop
  endfacet
  facet normal 0 0 -1
    outer loop
      vertex -0.717894 5.45295 7.3
      vertex -1.44558 10.9803 7.3
      vertex -0.724339 11.0513 7.3
    endloop
  endfacet
  facet normal 0 0 -1
    outer loop
      vertex -2.86642 10.6976 7.3
      vertex -1.4235 5.31259 7.3
      vertex -1.76792 5.20812 7.3
    endloop
  endfacet
  facet normal 0 0 -1
    outer loop
      vertex -3.55994 10.4873 7.3
      vertex -1.76792 5.20812 7.3
      vertex -2.10476 5.08134 7.3
    endloop
  endfacet
  facet normal 0 0 -1
    outer loop
      vertex -1.073 5.39432 7.3
      vertex -2.16062 10.8622 7.3
      vertex -1.44558 10.9803 7.3
    endloop
  endfacet
  facet normal 0 0 -1
    outer loop
      vertex -4.23822 10.232 7.3
      vertex -2.10476 5.08134 7.3
      vertex -2.43259 4.9328 7.3
    endloop
  endfacet
  facet normal 0 0 -1
    outer loop
      vertex -4.89835 9.93287 7.3
      vertex -2.43259 4.9328 7.3
      vertex -2.75 4.76314 7.3
    endloop
  endfacet
  facet normal 0 0 -1
    outer loop
      vertex -1.4235 5.31259 7.3
      vertex -2.86642 10.6976 7.3
      vertex -2.16062 10.8622 7.3
    endloop
  endfacet
  facet normal 0 0 -1
    outer loop
      vertex -5.5375 9.59123 7.3
      vertex -2.75 4.76314 7.3
      vertex -3.05564 4.57308 7.3
    endloop
  endfacet
  facet normal 0 0 -1
    outer loop
      vertex -6.15294 9.20853 7.3
      vertex -3.05564 4.57308 7.3
      vertex -3.34819 4.36344 7.3
    endloop
  endfacet
  facet normal 0 0 -1
    outer loop
      vertex -1.76792 5.20812 7.3
      vertex -3.55994 10.4873 7.3
      vertex -2.86642 10.6976 7.3
    endloop
  endfacet
  facet normal 0 0 -1
    outer loop
      vertex -6.74203 8.78639 7.3
      vertex -3.34819 4.36344 7.3
      vertex -3.6264 4.13512 7.3
    endloop
  endfacet
  facet normal 0 0 -1
    outer loop
      vertex -7.30225 8.32663 7.3
      vertex -3.6264 4.13512 7.3
      vertex -3.88909 3.88909 7.3
    endloop
  endfacet
  facet normal 0 0 -1
    outer loop
      vertex -7.83121 7.83121 7.3
      vertex -3.88909 3.88909 7.3
      vertex -4.13512 3.6264 7.3
    endloop
  endfacet
  facet normal 0 0 -1
    outer loop
      vertex -2.10476 5.08134 7.3
      vertex -4.23822 10.232 7.3
      vertex -3.55994 10.4873 7.3
    endloop
  endfacet
  facet normal 0 0 -1
    outer loop
      vertex -8.32663 7.30225 7.3
      vertex -4.13512 3.6264 7.3
      vertex -4.36344 3.34819 7.3
    endloop
  endfacet
  facet normal 0 0 -1
    outer loop
      vertex -8.78639 6.74203 7.3
      vertex -4.36344 3.34819 7.3
      vertex -4.57308 3.05564 7.3
    endloop
  endfacet
  facet normal 0 0 -1
    outer loop
      vertex -9.20853 6.15294 7.3
      vertex -4.57308 3.05564 7.3
      vertex -4.76314 2.75 7.3
    endloop
  endfacet
  facet normal 0 0 -1
    outer loop
      vertex -2.43259 4.9328 7.3
      vertex -4.89835 9.93287 7.3
      vertex -4.23822 10.232 7.3
    endloop
  endfacet
  facet normal 0 0 -1
    outer loop
      vertex -9.59123 5.5375 7.3
      vertex -4.76314 2.75 7.3
      vertex -4.9328 2.43259 7.3
    endloop
  endfacet
  facet normal 0 0 -1
    outer loop
      vertex -9.93287 4.89835 7.3
      vertex -4.9328 2.43259 7.3
      vertex -5.08134 2.10476 7.3
    endloop
  endfacet
  facet normal 0 0 -1
    outer loop
      vertex -10.232 4.23822 7.3
      vertex -5.08134 2.10476 7.3
      vertex -5.20812 1.76792 7.3
    endloop
  endfacet
  facet normal 0 0 -1
    outer loop
      vertex -10.4873 3.55994 7.3
      vertex -5.20812 1.76792 7.3
      vertex -5.31259 1.4235 7.3
    endloop
  endfacet
  facet normal 0 0 -1
    outer loop
      vertex -10.6976 2.86642 7.3
      vertex -5.31259 1.4235 7.3
      vertex -5.39432 1.073 7.3
    endloop
  endfacet
  facet normal 0 0 -1
    outer loop
      vertex -10.8622 2.16062 7.3
      vertex -5.39432 1.073 7.3
      vertex -5.45295 0.717894 7.3
    endloop
  endfacet
  facet normal 0 0 -1
    outer loop
      vertex -10.9803 1.44558 7.3
      vertex -5.45295 0.717894 7.3
      vertex -5.48822 0.359716 7.3
    endloop
  endfacet
  facet normal 0 0 -1
    outer loop
      vertex -2.75 4.76314 7.3
      vertex -5.5375 9.59123 7.3
      vertex -4.89835 9.93287 7.3
    endloop
  endfacet
  facet normal 0 0 -1
    outer loop
      vertex -11.0513 0.724339 7.3
      vertex -5.48822 0.359716 7.3
      vertex -5.5 0 7.3
    endloop
  endfacet
  facet normal -0 0 -1
    outer loop
      vertex -4.76314 -2.75 7.3
      vertex -9.59123 -5.5375 7.3
      vertex -4.9328 -2.43259 7.3
    endloop
  endfacet
  facet normal 0 0 -1
    outer loop
      vertex -9.93287 -4.89835 7.3
      vertex -4.9328 -2.43259 7.3
      vertex -9.59123 -5.5375 7.3
    endloop
  endfacet
  facet normal 0 0 -1
    outer loop
      vertex -3.05564 4.57308 7.3
      vertex -6.15294 9.20853 7.3
      vertex -5.5375 9.59123 7.3
    endloop
  endfacet
  facet normal -0 0 -1
    outer loop
      vertex -4.9328 -2.43259 7.3
      vertex -9.93287 -4.89835 7.3
      vertex -5.08134 -2.10476 7.3
    endloop
  endfacet
  facet normal 0 0 -1
    outer loop
      vertex -3.34819 4.36344 7.3
      vertex -6.74203 8.78639 7.3
      vertex -6.15294 9.20853 7.3
    endloop
  endfacet
  facet normal 0 0 -1
    outer loop
      vertex -10.232 -4.23822 7.3
      vertex -5.08134 -2.10476 7.3
      vertex -9.93287 -4.89835 7.3
    endloop
  endfacet
  facet normal 0 0 -1
    outer loop
      vertex -3.6264 4.13512 7.3
      vertex -7.30225 8.32663 7.3
      vertex -6.74203 8.78639 7.3
    endloop
  endfacet
  facet normal -0 0 -1
    outer loop
      vertex -5.08134 -2.10476 7.3
      vertex -10.232 -4.23822 7.3
      vertex -5.20812 -1.76792 7.3
    endloop
  endfacet
  facet normal 0 0 -1
    outer loop
      vertex -3.88909 3.88909 7.3
      vertex -7.83121 7.83121 7.3
      vertex -7.30225 8.32663 7.3
    endloop
  endfacet
  facet normal 0 0 -1
    outer loop
      vertex -10.4873 -3.55994 7.3
      vertex -5.20812 -1.76792 7.3
      vertex -10.232 -4.23822 7.3
    endloop
  endfacet
  facet normal 0 0 -1
    outer loop
      vertex -4.13512 3.6264 7.3
      vertex -8.32663 7.30225 7.3
      vertex -7.83121 7.83121 7.3
    endloop
  endfacet
  facet normal -0 0 -1
    outer loop
      vertex -5.20812 -1.76792 7.3
      vertex -10.4873 -3.55994 7.3
      vertex -5.31259 -1.4235 7.3
    endloop
  endfacet
  facet normal 0 0 -1
    outer loop
      vertex -4.36344 3.34819 7.3
      vertex -8.78639 6.74203 7.3
      vertex -8.32663 7.30225 7.3
    endloop
  endfacet
  facet normal 0 0 -1
    outer loop
      vertex -10.6976 -2.86642 7.3
      vertex -5.31259 -1.4235 7.3
      vertex -10.4873 -3.55994 7.3
    endloop
  endfacet
  facet normal 0 0 -1
    outer loop
      vertex -4.57308 3.05564 7.3
      vertex -9.20853 6.15294 7.3
      vertex -8.78639 6.74203 7.3
    endloop
  endfacet
  facet normal -0 0 -1
    outer loop
      vertex -5.31259 -1.4235 7.3
      vertex -10.6976 -2.86642 7.3
      vertex -5.39432 -1.073 7.3
    endloop
  endfacet
  facet normal 0 0 -1
    outer loop
      vertex -4.76314 2.75 7.3
      vertex -9.59123 5.5375 7.3
      vertex -9.20853 6.15294 7.3
    endloop
  endfacet
  facet normal 0 0 -1
    outer loop
      vertex -10.8622 -2.16062 7.3
      vertex -5.39432 -1.073 7.3
      vertex -10.6976 -2.86642 7.3
    endloop
  endfacet
  facet normal 0 0 -1
    outer loop
      vertex -4.9328 2.43259 7.3
      vertex -9.93287 4.89835 7.3
      vertex -9.59123 5.5375 7.3
    endloop
  endfacet
  facet normal -0 0 -1
    outer loop
      vertex -5.39432 -1.073 7.3
      vertex -10.8622 -2.16062 7.3
      vertex -5.45295 -0.717894 7.3
    endloop
  endfacet
  facet normal 0 0 -1
    outer loop
      vertex -5.08134 2.10476 7.3
      vertex -10.232 4.23822 7.3
      vertex -9.93287 4.89835 7.3
    endloop
  endfacet
  facet normal 0 0 -1
    outer loop
      vertex -10.9803 -1.44558 7.3
      vertex -5.45295 -0.717894 7.3
      vertex -10.8622 -2.16062 7.3
    endloop
  endfacet
  facet normal 0 0 -1
    outer loop
      vertex -5.20812 1.76792 7.3
      vertex -10.4873 3.55994 7.3
      vertex -10.232 4.23822 7.3
    endloop
  endfacet
  facet normal -0 0 -1
    outer loop
      vertex -5.45295 -0.717894 7.3
      vertex -10.9803 -1.44558 7.3
      vertex -5.48822 -0.359716 7.3
    endloop
  endfacet
  facet normal 0 0 -1
    outer loop
      vertex -5.31259 1.4235 7.3
      vertex -10.6976 2.86642 7.3
      vertex -10.4873 3.55994 7.3
    endloop
  endfacet
  facet normal 0 0 -1
    outer loop
      vertex -11.0513 -0.724339 7.3
      vertex -5.48822 -0.359716 7.3
      vertex -10.9803 -1.44558 7.3
    endloop
  endfacet
  facet normal 0 0 -1
    outer loop
      vertex -5.39432 1.073 7.3
      vertex -10.8622 2.16062 7.3
      vertex -10.6976 2.86642 7.3
    endloop
  endfacet
  facet normal -0 0 -1
    outer loop
      vertex -5.48822 -0.359716 7.3
      vertex -11.0513 -0.724339 7.3
      vertex -5.5 0 7.3
    endloop
  endfacet
  facet normal 0 0 -1
    outer loop
      vertex -5.45295 0.717894 7.3
      vertex -10.9803 1.44558 7.3
      vertex -10.8622 2.16062 7.3
    endloop
  endfacet
  facet normal 0 0 -1
    outer loop
      vertex -11.075 0 7.3
      vertex -5.5 0 7.3
      vertex -11.0513 -0.724339 7.3
    endloop
  endfacet
  facet normal 0 0 -1
    outer loop
      vertex -5.48822 0.359716 7.3
      vertex -11.0513 0.724339 7.3
      vertex -10.9803 1.44558 7.3
    endloop
  endfacet
  facet normal 0 0 -1
    outer loop
      vertex -5.5 0 7.3
      vertex -11.075 0 7.3
      vertex -11.0513 0.724339 7.3
    endloop
  endfacet
  facet normal 0.41274 0.910849 -0
    outer loop
      vertex -4.23822 -10.232 0
      vertex -4.89835 -9.93287 7.3
      vertex -4.23822 -10.232 7.3
    endloop
  endfacet
  facet normal 0.41274 0.910849 0
    outer loop
      vertex -4.89835 -9.93287 7.3
      vertex -4.23822 -10.232 0
      vertex -4.89835 -9.93287 0
    endloop
  endfacet
  facet normal 0.582481 0.812844 -0
    outer loop
      vertex -6.15294 -9.20853 0
      vertex -6.74203 -8.78639 7.3
      vertex -6.15294 -9.20853 7.3
    endloop
  endfacet
  facet normal 0.582481 0.812844 0
    outer loop
      vertex -6.74203 -8.78639 7.3
      vertex -6.15294 -9.20853 0
      vertex -6.74203 -8.78639 0
    endloop
  endfacet
  facet normal -0.471399 0.88192 0
    outer loop
      vertex 2.75 -4.76314 7.3
      vertex 2.43259 -4.9328 11.8
      vertex 2.75 -4.76314 11.8
    endloop
  endfacet
  facet normal -0.471399 0.88192 0
    outer loop
      vertex 2.43259 -4.9328 11.8
      vertex 2.75 -4.76314 7.3
      vertex 2.43259 -4.9328 7.3
    endloop
  endfacet
  facet normal 0.973874 -0.227089 0
    outer loop
      vertex -5.39432 1.073 11.8
      vertex -5.31259 1.4235 7.3
      vertex -5.31259 1.4235 11.8
    endloop
  endfacet
  facet normal 0.973874 -0.227089 0
    outer loop
      vertex -5.31259 1.4235 7.3
      vertex -5.39432 1.073 11.8
      vertex -5.39432 1.073 7.3
    endloop
  endfacet
  facet normal -0.910862 -0.412712 0
    outer loop
      vertex 5.08134 2.10476 7.3
      vertex 4.9328 2.43259 11.8
      vertex 4.9328 2.43259 7.3
    endloop
  endfacet
  facet normal -0.910862 -0.412712 0
    outer loop
      vertex 4.9328 2.43259 11.8
      vertex 5.08134 2.10476 7.3
      vertex 5.08134 2.10476 11.8
    endloop
  endfacet
  facet normal -0.729872 0.683583 0
    outer loop
      vertex 3.88909 -3.88909 7.3
      vertex 4.13512 -3.6264 11.8
      vertex 4.13512 -3.6264 7.3
    endloop
  endfacet
  facet normal -0.729872 0.683583 0
    outer loop
      vertex 4.13512 -3.6264 11.8
      vertex 3.88909 -3.88909 7.3
      vertex 3.88909 -3.88909 11.8
    endloop
  endfacet
  facet normal 0.0979966 0.995187 -0
    outer loop
      vertex -0.359716 -5.48822 7.3
      vertex -0.717894 -5.45295 11.8
      vertex -0.359716 -5.48822 11.8
    endloop
  endfacet
  facet normal 0.0979966 0.995187 0
    outer loop
      vertex -0.717894 -5.45295 11.8
      vertex -0.359716 -5.48822 7.3
      vertex -0.717894 -5.45295 7.3
    endloop
  endfacet
  facet normal 0.290263 -0.956947 0
    outer loop
      vertex -1.76792 5.20812 7.3
      vertex -1.4235 5.31259 11.8
      vertex -1.76792 5.20812 11.8
    endloop
  endfacet
  facet normal 0.290263 -0.956947 0
    outer loop
      vertex -1.4235 5.31259 11.8
      vertex -1.76792 5.20812 7.3
      vertex -1.4235 5.31259 7.3
    endloop
  endfacet
  facet normal -0.849201 0.52807 0
    outer loop
      vertex 4.57308 -3.05564 7.3
      vertex 4.76314 -2.75 11.8
      vertex 4.76314 -2.75 7.3
    endloop
  endfacet
  facet normal -0.849201 0.52807 0
    outer loop
      vertex 4.76314 -2.75 11.8
      vertex 4.57308 -3.05564 7.3
      vertex 4.57308 -3.05564 11.8
    endloop
  endfacet
  facet normal -0.773012 0.634392 0
    outer loop
      vertex 4.13512 -3.6264 7.3
      vertex 4.36344 -3.34819 11.8
      vertex 4.36344 -3.34819 7.3
    endloop
  endfacet
  facet normal -0.773012 0.634392 0
    outer loop
      vertex 4.36344 -3.34819 11.8
      vertex 4.13512 -3.6264 7.3
      vertex 4.13512 -3.6264 11.8
    endloop
  endfacet
  facet normal -0.956947 0.290263 0
    outer loop
      vertex 5.20812 -1.76792 7.3
      vertex 5.31259 -1.4235 11.8
      vertex 5.31259 -1.4235 7.3
    endloop
  endfacet
  facet normal -0.956947 0.290263 0
    outer loop
      vertex 5.31259 -1.4235 11.8
      vertex 5.20812 -1.76792 7.3
      vertex 5.20812 -1.76792 11.8
    endloop
  endfacet
  facet normal 0.227089 -0.973874 0
    outer loop
      vertex -1.4235 5.31259 7.3
      vertex -1.073 5.39432 11.8
      vertex -1.4235 5.31259 11.8
    endloop
  endfacet
  facet normal 0.227089 -0.973874 0
    outer loop
      vertex -1.073 5.39432 11.8
      vertex -1.4235 5.31259 7.3
      vertex -1.073 5.39432 7.3
    endloop
  endfacet
  facet normal -0.995187 0.0979966 0
    outer loop
      vertex 5.45295 -0.717894 7.3
      vertex 5.48822 -0.359716 11.8
      vertex 5.48822 -0.359716 7.3
    endloop
  endfacet
  facet normal -0.995187 0.0979966 0
    outer loop
      vertex 5.48822 -0.359716 11.8
      vertex 5.45295 -0.717894 7.3
      vertex 5.45295 -0.717894 11.8
    endloop
  endfacet
  facet normal -0.290263 0.956947 0
    outer loop
      vertex 1.76792 -5.20812 7.3
      vertex 1.4235 -5.31259 11.8
      vertex 1.76792 -5.20812 11.8
    endloop
  endfacet
  facet normal -0.290263 0.956947 0
    outer loop
      vertex 1.4235 -5.31259 11.8
      vertex 1.76792 -5.20812 7.3
      vertex 1.4235 -5.31259 7.3
    endloop
  endfacet
  facet normal 0.0327305 -0.999464 0
    outer loop
      vertex -0.359716 5.48822 7.3
      vertex 0 5.5 11.8
      vertex -0.359716 5.48822 11.8
    endloop
  endfacet
  facet normal 0.0327305 -0.999464 0
    outer loop
      vertex 0 5.5 11.8
      vertex -0.359716 5.48822 7.3
      vertex 0 5.5 7.3
    endloop
  endfacet
  facet normal -0.290263 -0.956947 0
    outer loop
      vertex 1.4235 5.31259 7.3
      vertex 1.76792 5.20812 11.8
      vertex 1.4235 5.31259 11.8
    endloop
  endfacet
  facet normal -0.290263 -0.956947 -0
    outer loop
      vertex 1.76792 5.20812 11.8
      vertex 1.4235 5.31259 7.3
      vertex 1.76792 5.20812 7.3
    endloop
  endfacet
  facet normal 0.683583 -0.729872 0
    outer loop
      vertex -3.88909 3.88909 7.3
      vertex -3.6264 4.13512 11.8
      vertex -3.88909 3.88909 11.8
    endloop
  endfacet
  facet normal 0.683583 -0.729872 0
    outer loop
      vertex -3.6264 4.13512 11.8
      vertex -3.88909 3.88909 7.3
      vertex -3.6264 4.13512 7.3
    endloop
  endfacet
  facet normal 0.935904 -0.352256 0
    outer loop
      vertex -5.20812 1.76792 11.8
      vertex -5.08134 2.10476 7.3
      vertex -5.08134 2.10476 11.8
    endloop
  endfacet
  facet normal 0.935904 -0.352256 0
    outer loop
      vertex -5.08134 2.10476 7.3
      vertex -5.20812 1.76792 11.8
      vertex -5.20812 1.76792 7.3
    endloop
  endfacet
  facet normal 0.471399 0.88192 -0
    outer loop
      vertex -2.43259 -4.9328 7.3
      vertex -2.75 -4.76314 11.8
      vertex -2.43259 -4.9328 11.8
    endloop
  endfacet
  facet normal 0.471399 0.88192 0
    outer loop
      vertex -2.75 -4.76314 11.8
      vertex -2.43259 -4.9328 7.3
      vertex -2.75 -4.76314 7.3
    endloop
  endfacet
  facet normal -0.995187 -0.0979966 0
    outer loop
      vertex 5.48822 0.359716 7.3
      vertex 5.45295 0.717894 11.8
      vertex 5.45295 0.717894 7.3
    endloop
  endfacet
  facet normal -0.995187 -0.0979966 0
    outer loop
      vertex 5.45295 0.717894 11.8
      vertex 5.48822 0.359716 7.3
      vertex 5.48822 0.359716 11.8
    endloop
  endfacet
  facet normal -0.999464 -0.0327305 0
    outer loop
      vertex 5.5 0 7.3
      vertex 5.48822 0.359716 11.8
      vertex 5.48822 0.359716 7.3
    endloop
  endfacet
  facet normal -0.999464 -0.0327305 0
    outer loop
      vertex 5.48822 0.359716 11.8
      vertex 5.5 0 7.3
      vertex 5.5 0 11.8
    endloop
  endfacet
  facet normal -0.52807 -0.849201 0
    outer loop
      vertex 2.75 4.76314 7.3
      vertex 3.05564 4.57308 11.8
      vertex 2.75 4.76314 11.8
    endloop
  endfacet
  facet normal -0.52807 -0.849201 -0
    outer loop
      vertex 3.05564 4.57308 11.8
      vertex 2.75 4.76314 7.3
      vertex 3.05564 4.57308 7.3
    endloop
  endfacet
  facet normal -0.88192 -0.471399 0
    outer loop
      vertex 4.9328 2.43259 7.3
      vertex 4.76314 2.75 11.8
      vertex 4.76314 2.75 7.3
    endloop
  endfacet
  facet normal -0.88192 -0.471399 0
    outer loop
      vertex 4.76314 2.75 11.8
      vertex 4.9328 2.43259 7.3
      vertex 4.9328 2.43259 11.8
    endloop
  endfacet
  facet normal -0.1629 0.986643 0
    outer loop
      vertex 1.073 -5.39432 7.3
      vertex 0.717894 -5.45295 11.8
      vertex 1.073 -5.39432 11.8
    endloop
  endfacet
  facet normal -0.1629 0.986643 0
    outer loop
      vertex 0.717894 -5.45295 11.8
      vertex 1.073 -5.39432 7.3
      vertex 0.717894 -5.45295 7.3
    endloop
  endfacet
  facet normal 0.683583 0.729872 -0
    outer loop
      vertex -3.6264 -4.13512 7.3
      vertex -3.88909 -3.88909 11.8
      vertex -3.6264 -4.13512 11.8
    endloop
  endfacet
  facet normal 0.683583 0.729872 0
    outer loop
      vertex -3.88909 -3.88909 11.8
      vertex -3.6264 -4.13512 7.3
      vertex -3.88909 -3.88909 7.3
    endloop
  endfacet
  facet normal 0.849201 0.52807 0
    outer loop
      vertex -4.57308 -3.05564 11.8
      vertex -4.76314 -2.75 7.3
      vertex -4.76314 -2.75 11.8
    endloop
  endfacet
  facet normal 0.849201 0.52807 0
    outer loop
      vertex -4.76314 -2.75 7.3
      vertex -4.57308 -3.05564 11.8
      vertex -4.57308 -3.05564 7.3
    endloop
  endfacet
  facet normal 0.956947 0.290263 0
    outer loop
      vertex -5.20812 -1.76792 11.8
      vertex -5.31259 -1.4235 7.3
      vertex -5.31259 -1.4235 11.8
    endloop
  endfacet
  facet normal 0.956947 0.290263 0
    outer loop
      vertex -5.31259 -1.4235 7.3
      vertex -5.20812 -1.76792 11.8
      vertex -5.20812 -1.76792 7.3
    endloop
  endfacet
  facet normal -0.352256 0.935904 0
    outer loop
      vertex 2.10476 -5.08134 7.3
      vertex 1.76792 -5.20812 11.8
      vertex 2.10476 -5.08134 11.8
    endloop
  endfacet
  facet normal -0.352256 0.935904 0
    outer loop
      vertex 1.76792 -5.20812 11.8
      vertex 2.10476 -5.08134 7.3
      vertex 1.76792 -5.20812 7.3
    endloop
  endfacet
  facet normal -0.910862 0.412712 0
    outer loop
      vertex 4.9328 -2.43259 7.3
      vertex 5.08134 -2.10476 11.8
      vertex 5.08134 -2.10476 7.3
    endloop
  endfacet
  facet normal -0.910862 0.412712 0
    outer loop
      vertex 5.08134 -2.10476 11.8
      vertex 4.9328 -2.43259 7.3
      vertex 4.9328 -2.43259 11.8
    endloop
  endfacet
  facet normal 0.973874 0.227089 0
    outer loop
      vertex -5.31259 -1.4235 11.8
      vertex -5.39432 -1.073 7.3
      vertex -5.39432 -1.073 11.8
    endloop
  endfacet
  facet normal 0.973874 0.227089 0
    outer loop
      vertex -5.39432 -1.073 7.3
      vertex -5.31259 -1.4235 11.8
      vertex -5.31259 -1.4235 7.3
    endloop
  endfacet
  facet normal -0.412712 0.910862 0
    outer loop
      vertex 2.43259 -4.9328 7.3
      vertex 2.10476 -5.08134 11.8
      vertex 2.43259 -4.9328 11.8
    endloop
  endfacet
  facet normal -0.412712 0.910862 0
    outer loop
      vertex 2.10476 -5.08134 11.8
      vertex 2.43259 -4.9328 7.3
      vertex 2.10476 -5.08134 7.3
    endloop
  endfacet
  facet normal 0.88192 -0.471399 0
    outer loop
      vertex -4.9328 2.43259 11.8
      vertex -4.76314 2.75 7.3
      vertex -4.76314 2.75 11.8
    endloop
  endfacet
  facet normal 0.88192 -0.471399 0
    outer loop
      vertex -4.76314 2.75 7.3
      vertex -4.9328 2.43259 11.8
      vertex -4.9328 2.43259 7.3
    endloop
  endfacet
  facet normal -0.986643 0.1629 0
    outer loop
      vertex 5.39432 -1.073 7.3
      vertex 5.45295 -0.717894 11.8
      vertex 5.45295 -0.717894 7.3
    endloop
  endfacet
  facet normal -0.986643 0.1629 0
    outer loop
      vertex 5.45295 -0.717894 11.8
      vertex 5.39432 -1.073 7.3
      vertex 5.39432 -1.073 11.8
    endloop
  endfacet
  facet normal 0.812845 -0.582481 0
    outer loop
      vertex -4.57308 3.05564 11.8
      vertex -4.36344 3.34819 7.3
      vertex -4.36344 3.34819 11.8
    endloop
  endfacet
  facet normal 0.812845 -0.582481 0
    outer loop
      vertex -4.36344 3.34819 7.3
      vertex -4.57308 3.05564 11.8
      vertex -4.57308 3.05564 7.3
    endloop
  endfacet
  facet normal -0.973874 -0.227089 0
    outer loop
      vertex 5.39432 1.073 7.3
      vertex 5.31259 1.4235 11.8
      vertex 5.31259 1.4235 7.3
    endloop
  endfacet
  facet normal -0.973874 -0.227089 0
    outer loop
      vertex 5.31259 1.4235 11.8
      vertex 5.39432 1.073 7.3
      vertex 5.39432 1.073 11.8
    endloop
  endfacet
  facet normal -0.0327305 0.999464 0
    outer loop
      vertex 0.359716 -5.48822 7.3
      vertex 0 -5.5 11.8
      vertex 0.359716 -5.48822 11.8
    endloop
  endfacet
  facet normal -0.0327305 0.999464 0
    outer loop
      vertex 0 -5.5 11.8
      vertex 0.359716 -5.48822 7.3
      vertex 0 -5.5 7.3
    endloop
  endfacet
  facet normal 0.729872 0.683583 0
    outer loop
      vertex -3.88909 -3.88909 11.8
      vertex -4.13512 -3.6264 7.3
      vertex -4.13512 -3.6264 11.8
    endloop
  endfacet
  facet normal 0.729872 0.683583 0
    outer loop
      vertex -4.13512 -3.6264 7.3
      vertex -3.88909 -3.88909 11.8
      vertex -3.88909 -3.88909 7.3
    endloop
  endfacet
  facet normal -0.956947 -0.290263 0
    outer loop
      vertex 5.31259 1.4235 7.3
      vertex 5.20812 1.76792 11.8
      vertex 5.20812 1.76792 7.3
    endloop
  endfacet
  facet normal -0.956947 -0.290263 0
    outer loop
      vertex 5.20812 1.76792 11.8
      vertex 5.31259 1.4235 7.3
      vertex 5.31259 1.4235 11.8
    endloop
  endfacet
  facet normal 0.352256 0.935904 -0
    outer loop
      vertex -1.76792 -5.20812 7.3
      vertex -2.10476 -5.08134 11.8
      vertex -1.76792 -5.20812 11.8
    endloop
  endfacet
  facet normal 0.352256 0.935904 0
    outer loop
      vertex -2.10476 -5.08134 11.8
      vertex -1.76792 -5.20812 7.3
      vertex -2.10476 -5.08134 7.3
    endloop
  endfacet
  facet normal 0.290263 0.956947 -0
    outer loop
      vertex -1.4235 -5.31259 7.3
      vertex -1.76792 -5.20812 11.8
      vertex -1.4235 -5.31259 11.8
    endloop
  endfacet
  facet normal 0.290263 0.956947 0
    outer loop
      vertex -1.76792 -5.20812 11.8
      vertex -1.4235 -5.31259 7.3
      vertex -1.76792 -5.20812 7.3
    endloop
  endfacet
  facet normal -0.634392 -0.773012 0
    outer loop
      vertex 3.34819 4.36344 7.3
      vertex 3.6264 4.13512 11.8
      vertex 3.34819 4.36344 11.8
    endloop
  endfacet
  facet normal -0.634392 -0.773012 -0
    outer loop
      vertex 3.6264 4.13512 11.8
      vertex 3.34819 4.36344 7.3
      vertex 3.6264 4.13512 7.3
    endloop
  endfacet
  facet normal -0.471399 -0.88192 0
    outer loop
      vertex 2.43259 4.9328 7.3
      vertex 2.75 4.76314 11.8
      vertex 2.43259 4.9328 11.8
    endloop
  endfacet
  facet normal -0.471399 -0.88192 -0
    outer loop
      vertex 2.75 4.76314 11.8
      vertex 2.43259 4.9328 7.3
      vertex 2.75 4.76314 7.3
    endloop
  endfacet
  facet normal 0.773012 0.634392 0
    outer loop
      vertex -4.13512 -3.6264 11.8
      vertex -4.36344 -3.34819 7.3
      vertex -4.36344 -3.34819 11.8
    endloop
  endfacet
  facet normal 0.773012 0.634392 0
    outer loop
      vertex -4.36344 -3.34819 7.3
      vertex -4.13512 -3.6264 11.8
      vertex -4.13512 -3.6264 7.3
    endloop
  endfacet
  facet normal 0.995187 0.0979966 0
    outer loop
      vertex -5.45295 -0.717894 11.8
      vertex -5.48822 -0.359716 7.3
      vertex -5.48822 -0.359716 11.8
    endloop
  endfacet
  facet normal 0.995187 0.0979966 0
    outer loop
      vertex -5.48822 -0.359716 7.3
      vertex -5.45295 -0.717894 11.8
      vertex -5.45295 -0.717894 7.3
    endloop
  endfacet
  facet normal -0.88192 0.471399 0
    outer loop
      vertex 4.76314 -2.75 7.3
      vertex 4.9328 -2.43259 11.8
      vertex 4.9328 -2.43259 7.3
    endloop
  endfacet
  facet normal -0.88192 0.471399 0
    outer loop
      vertex 4.9328 -2.43259 11.8
      vertex 4.76314 -2.75 7.3
      vertex 4.76314 -2.75 11.8
    endloop
  endfacet
  facet normal -0.935904 0.352256 0
    outer loop
      vertex 5.08134 -2.10476 7.3
      vertex 5.20812 -1.76792 11.8
      vertex 5.20812 -1.76792 7.3
    endloop
  endfacet
  facet normal -0.935904 0.352256 0
    outer loop
      vertex 5.20812 -1.76792 11.8
      vertex 5.08134 -2.10476 7.3
      vertex 5.08134 -2.10476 11.8
    endloop
  endfacet
  facet normal -0.683583 -0.729872 0
    outer loop
      vertex 3.6264 4.13512 7.3
      vertex 3.88909 3.88909 11.8
      vertex 3.6264 4.13512 11.8
    endloop
  endfacet
  facet normal -0.683583 -0.729872 -0
    outer loop
      vertex 3.88909 3.88909 11.8
      vertex 3.6264 4.13512 7.3
      vertex 3.88909 3.88909 7.3
    endloop
  endfacet
  facet normal 0.986643 -0.1629 0
    outer loop
      vertex -5.45295 0.717894 11.8
      vertex -5.39432 1.073 7.3
      vertex -5.39432 1.073 11.8
    endloop
  endfacet
  facet normal 0.986643 -0.1629 0
    outer loop
      vertex -5.39432 1.073 7.3
      vertex -5.45295 0.717894 11.8
      vertex -5.45295 0.717894 7.3
    endloop
  endfacet
  facet normal 0.729872 -0.683583 0
    outer loop
      vertex -4.13512 3.6264 11.8
      vertex -3.88909 3.88909 7.3
      vertex -3.88909 3.88909 11.8
    endloop
  endfacet
  facet normal 0.729872 -0.683583 0
    outer loop
      vertex -3.88909 3.88909 7.3
      vertex -4.13512 3.6264 11.8
      vertex -4.13512 3.6264 7.3
    endloop
  endfacet
  facet normal -0.773012 -0.634392 0
    outer loop
      vertex 4.36344 3.34819 7.3
      vertex 4.13512 3.6264 11.8
      vertex 4.13512 3.6264 7.3
    endloop
  endfacet
  facet normal -0.773012 -0.634392 0
    outer loop
      vertex 4.13512 3.6264 11.8
      vertex 4.36344 3.34819 7.3
      vertex 4.36344 3.34819 11.8
    endloop
  endfacet
  facet normal -0.973874 0.227089 0
    outer loop
      vertex 5.31259 -1.4235 7.3
      vertex 5.39432 -1.073 11.8
      vertex 5.39432 -1.073 7.3
    endloop
  endfacet
  facet normal -0.973874 0.227089 0
    outer loop
      vertex 5.39432 -1.073 11.8
      vertex 5.31259 -1.4235 7.3
      vertex 5.31259 -1.4235 11.8
    endloop
  endfacet
  facet normal -0.227089 0.973874 0
    outer loop
      vertex 1.4235 -5.31259 7.3
      vertex 1.073 -5.39432 11.8
      vertex 1.4235 -5.31259 11.8
    endloop
  endfacet
  facet normal -0.227089 0.973874 0
    outer loop
      vertex 1.073 -5.39432 11.8
      vertex 1.4235 -5.31259 7.3
      vertex 1.073 -5.39432 7.3
    endloop
  endfacet
  facet normal -0.729872 -0.683583 0
    outer loop
      vertex 4.13512 3.6264 7.3
      vertex 3.88909 3.88909 11.8
      vertex 3.88909 3.88909 7.3
    endloop
  endfacet
  facet normal -0.729872 -0.683583 0
    outer loop
      vertex 3.88909 3.88909 11.8
      vertex 4.13512 3.6264 7.3
      vertex 4.13512 3.6264 11.8
    endloop
  endfacet
  facet normal 0.999464 -0.0327305 0
    outer loop
      vertex -5.5 0 11.8
      vertex -5.48822 0.359716 7.3
      vertex -5.48822 0.359716 11.8
    endloop
  endfacet
  facet normal 0.999464 -0.0327305 0
    outer loop
      vertex -5.48822 0.359716 7.3
      vertex -5.5 0 11.8
      vertex -5.5 0 7.3
    endloop
  endfacet
  facet normal 0.634392 0.773012 -0
    outer loop
      vertex -3.34819 -4.36344 7.3
      vertex -3.6264 -4.13512 11.8
      vertex -3.34819 -4.36344 11.8
    endloop
  endfacet
  facet normal 0.634392 0.773012 0
    outer loop
      vertex -3.6264 -4.13512 11.8
      vertex -3.34819 -4.36344 7.3
      vertex -3.6264 -4.13512 7.3
    endloop
  endfacet
  facet normal 0.0327305 0.999464 -0
    outer loop
      vertex 0 -5.5 7.3
      vertex -0.359716 -5.48822 11.8
      vertex 0 -5.5 11.8
    endloop
  endfacet
  facet normal 0.0327305 0.999464 0
    outer loop
      vertex -0.359716 -5.48822 11.8
      vertex 0 -5.5 7.3
      vertex -0.359716 -5.48822 7.3
    endloop
  endfacet
  facet normal 0.1629 -0.986643 0
    outer loop
      vertex -1.073 5.39432 7.3
      vertex -0.717894 5.45295 11.8
      vertex -1.073 5.39432 11.8
    endloop
  endfacet
  facet normal 0.1629 -0.986643 0
    outer loop
      vertex -0.717894 5.45295 11.8
      vertex -1.073 5.39432 7.3
      vertex -0.717894 5.45295 7.3
    endloop
  endfacet
  facet normal 0.52807 0.849201 -0
    outer loop
      vertex -2.75 -4.76314 7.3
      vertex -3.05564 -4.57308 11.8
      vertex -2.75 -4.76314 11.8
    endloop
  endfacet
  facet normal 0.52807 0.849201 0
    outer loop
      vertex -3.05564 -4.57308 11.8
      vertex -2.75 -4.76314 7.3
      vertex -3.05564 -4.57308 7.3
    endloop
  endfacet
  facet normal -0.352256 -0.935904 0
    outer loop
      vertex 1.76792 5.20812 7.3
      vertex 2.10476 5.08134 11.8
      vertex 1.76792 5.20812 11.8
    endloop
  endfacet
  facet normal -0.352256 -0.935904 -0
    outer loop
      vertex 2.10476 5.08134 11.8
      vertex 1.76792 5.20812 7.3
      vertex 2.10476 5.08134 7.3
    endloop
  endfacet
  facet normal -0.0979966 0.995187 0
    outer loop
      vertex 0.717894 -5.45295 7.3
      vertex 0.359716 -5.48822 11.8
      vertex 0.717894 -5.45295 11.8
    endloop
  endfacet
  facet normal -0.0979966 0.995187 0
    outer loop
      vertex 0.359716 -5.48822 11.8
      vertex 0.717894 -5.45295 7.3
      vertex 0.359716 -5.48822 7.3
    endloop
  endfacet
  facet normal -0.0979966 -0.995187 0
    outer loop
      vertex 0.359716 5.48822 7.3
      vertex 0.717894 5.45295 11.8
      vertex 0.359716 5.48822 11.8
    endloop
  endfacet
  facet normal -0.0979966 -0.995187 -0
    outer loop
      vertex 0.717894 5.45295 11.8
      vertex 0.359716 5.48822 7.3
      vertex 0.717894 5.45295 7.3
    endloop
  endfacet
  facet normal 0.773012 -0.634392 0
    outer loop
      vertex -4.36344 3.34819 11.8
      vertex -4.13512 3.6264 7.3
      vertex -4.13512 3.6264 11.8
    endloop
  endfacet
  facet normal 0.773012 -0.634392 0
    outer loop
      vertex -4.13512 3.6264 7.3
      vertex -4.36344 3.34819 11.8
      vertex -4.36344 3.34819 7.3
    endloop
  endfacet
  facet normal -0.849201 -0.52807 0
    outer loop
      vertex 4.76314 2.75 7.3
      vertex 4.57308 3.05564 11.8
      vertex 4.57308 3.05564 7.3
    endloop
  endfacet
  facet normal -0.849201 -0.52807 0
    outer loop
      vertex 4.57308 3.05564 11.8
      vertex 4.76314 2.75 7.3
      vertex 4.76314 2.75 11.8
    endloop
  endfacet
  facet normal 0.956947 -0.290263 0
    outer loop
      vertex -5.31259 1.4235 11.8
      vertex -5.20812 1.76792 7.3
      vertex -5.20812 1.76792 11.8
    endloop
  endfacet
  facet normal 0.956947 -0.290263 0
    outer loop
      vertex -5.20812 1.76792 7.3
      vertex -5.31259 1.4235 11.8
      vertex -5.31259 1.4235 7.3
    endloop
  endfacet
  facet normal 0.352256 -0.935904 0
    outer loop
      vertex -2.10476 5.08134 7.3
      vertex -1.76792 5.20812 11.8
      vertex -2.10476 5.08134 11.8
    endloop
  endfacet
  facet normal 0.352256 -0.935904 0
    outer loop
      vertex -1.76792 5.20812 11.8
      vertex -2.10476 5.08134 7.3
      vertex -1.76792 5.20812 7.3
    endloop
  endfacet
  facet normal 0.995187 -0.0979966 0
    outer loop
      vertex -5.48822 0.359716 11.8
      vertex -5.45295 0.717894 7.3
      vertex -5.45295 0.717894 11.8
    endloop
  endfacet
  facet normal 0.995187 -0.0979966 0
    outer loop
      vertex -5.45295 0.717894 7.3
      vertex -5.48822 0.359716 11.8
      vertex -5.48822 0.359716 7.3
    endloop
  endfacet
  facet normal -0.935904 -0.352256 0
    outer loop
      vertex 5.20812 1.76792 7.3
      vertex 5.08134 2.10476 11.8
      vertex 5.08134 2.10476 7.3
    endloop
  endfacet
  facet normal -0.935904 -0.352256 0
    outer loop
      vertex 5.08134 2.10476 11.8
      vertex 5.20812 1.76792 7.3
      vertex 5.20812 1.76792 11.8
    endloop
  endfacet
  facet normal -0.999464 0.0327305 0
    outer loop
      vertex 5.48822 -0.359716 7.3
      vertex 5.5 0 11.8
      vertex 5.5 0 7.3
    endloop
  endfacet
  facet normal -0.999464 0.0327305 0
    outer loop
      vertex 5.5 0 11.8
      vertex 5.48822 -0.359716 7.3
      vertex 5.48822 -0.359716 11.8
    endloop
  endfacet
  facet normal 0.812845 0.582481 0
    outer loop
      vertex -4.36344 -3.34819 11.8
      vertex -4.57308 -3.05564 7.3
      vertex -4.57308 -3.05564 11.8
    endloop
  endfacet
  facet normal 0.812845 0.582481 0
    outer loop
      vertex -4.57308 -3.05564 7.3
      vertex -4.36344 -3.34819 11.8
      vertex -4.36344 -3.34819 7.3
    endloop
  endfacet
  facet normal 0.935904 0.352256 0
    outer loop
      vertex -5.08134 -2.10476 11.8
      vertex -5.20812 -1.76792 7.3
      vertex -5.20812 -1.76792 11.8
    endloop
  endfacet
  facet normal 0.935904 0.352256 0
    outer loop
      vertex -5.20812 -1.76792 7.3
      vertex -5.08134 -2.10476 11.8
      vertex -5.08134 -2.10476 7.3
    endloop
  endfacet
  facet normal 0.986643 0.1629 0
    outer loop
      vertex -5.39432 -1.073 11.8
      vertex -5.45295 -0.717894 7.3
      vertex -5.45295 -0.717894 11.8
    endloop
  endfacet
  facet normal 0.986643 0.1629 0
    outer loop
      vertex -5.45295 -0.717894 7.3
      vertex -5.39432 -1.073 11.8
      vertex -5.39432 -1.073 7.3
    endloop
  endfacet
  facet normal -0.582481 0.812845 0
    outer loop
      vertex 3.34819 -4.36344 7.3
      vertex 3.05564 -4.57308 11.8
      vertex 3.34819 -4.36344 11.8
    endloop
  endfacet
  facet normal -0.582481 0.812845 0
    outer loop
      vertex 3.05564 -4.57308 11.8
      vertex 3.34819 -4.36344 7.3
      vertex 3.05564 -4.57308 7.3
    endloop
  endfacet
  facet normal 0.0979966 -0.995187 0
    outer loop
      vertex -0.717894 5.45295 7.3
      vertex -0.359716 5.48822 11.8
      vertex -0.717894 5.45295 11.8
    endloop
  endfacet
  facet normal 0.0979966 -0.995187 0
    outer loop
      vertex -0.359716 5.48822 11.8
      vertex -0.717894 5.45295 7.3
      vertex -0.359716 5.48822 7.3
    endloop
  endfacet
  facet normal 0.849201 -0.52807 0
    outer loop
      vertex -4.76314 2.75 11.8
      vertex -4.57308 3.05564 7.3
      vertex -4.57308 3.05564 11.8
    endloop
  endfacet
  facet normal 0.849201 -0.52807 0
    outer loop
      vertex -4.57308 3.05564 7.3
      vertex -4.76314 2.75 11.8
      vertex -4.76314 2.75 7.3
    endloop
  endfacet
  facet normal -0.986643 -0.1629 0
    outer loop
      vertex 5.45295 0.717894 7.3
      vertex 5.39432 1.073 11.8
      vertex 5.39432 1.073 7.3
    endloop
  endfacet
  facet normal -0.986643 -0.1629 0
    outer loop
      vertex 5.39432 1.073 11.8
      vertex 5.45295 0.717894 7.3
      vertex 5.45295 0.717894 11.8
    endloop
  endfacet
  facet normal 0.52807 -0.849201 0
    outer loop
      vertex -3.05564 4.57308 7.3
      vertex -2.75 4.76314 11.8
      vertex -3.05564 4.57308 11.8
    endloop
  endfacet
  facet normal 0.52807 -0.849201 0
    outer loop
      vertex -2.75 4.76314 11.8
      vertex -3.05564 4.57308 7.3
      vertex -2.75 4.76314 7.3
    endloop
  endfacet
  facet normal 0.910862 -0.412712 0
    outer loop
      vertex -5.08134 2.10476 11.8
      vertex -4.9328 2.43259 7.3
      vertex -4.9328 2.43259 11.8
    endloop
  endfacet
  facet normal 0.910862 -0.412712 0
    outer loop
      vertex -4.9328 2.43259 7.3
      vertex -5.08134 2.10476 11.8
      vertex -5.08134 2.10476 7.3
    endloop
  endfacet
  facet normal -0.812845 -0.582481 0
    outer loop
      vertex 4.57308 3.05564 7.3
      vertex 4.36344 3.34819 11.8
      vertex 4.36344 3.34819 7.3
    endloop
  endfacet
  facet normal -0.812845 -0.582481 0
    outer loop
      vertex 4.36344 3.34819 11.8
      vertex 4.57308 3.05564 7.3
      vertex 4.57308 3.05564 11.8
    endloop
  endfacet
  facet normal -0.1629 -0.986643 0
    outer loop
      vertex 0.717894 5.45295 7.3
      vertex 1.073 5.39432 11.8
      vertex 0.717894 5.45295 11.8
    endloop
  endfacet
  facet normal -0.1629 -0.986643 -0
    outer loop
      vertex 1.073 5.39432 11.8
      vertex 0.717894 5.45295 7.3
      vertex 1.073 5.39432 7.3
    endloop
  endfacet
  facet normal 0.412712 -0.910862 0
    outer loop
      vertex -2.43259 4.9328 7.3
      vertex -2.10476 5.08134 11.8
      vertex -2.43259 4.9328 11.8
    endloop
  endfacet
  facet normal 0.412712 -0.910862 0
    outer loop
      vertex -2.10476 5.08134 11.8
      vertex -2.43259 4.9328 7.3
      vertex -2.10476 5.08134 7.3
    endloop
  endfacet
  facet normal -0.0327305 -0.999464 0
    outer loop
      vertex 0 5.5 7.3
      vertex 0.359716 5.48822 11.8
      vertex 0 5.5 11.8
    endloop
  endfacet
  facet normal -0.0327305 -0.999464 -0
    outer loop
      vertex 0.359716 5.48822 11.8
      vertex 0 5.5 7.3
      vertex 0.359716 5.48822 7.3
    endloop
  endfacet
  facet normal -0.582481 -0.812845 0
    outer loop
      vertex 3.05564 4.57308 7.3
      vertex 3.34819 4.36344 11.8
      vertex 3.05564 4.57308 11.8
    endloop
  endfacet
  facet normal -0.582481 -0.812845 -0
    outer loop
      vertex 3.34819 4.36344 11.8
      vertex 3.05564 4.57308 7.3
      vertex 3.34819 4.36344 7.3
    endloop
  endfacet
  facet normal -0.412712 -0.910862 0
    outer loop
      vertex 2.10476 5.08134 7.3
      vertex 2.43259 4.9328 11.8
      vertex 2.10476 5.08134 11.8
    endloop
  endfacet
  facet normal -0.412712 -0.910862 -0
    outer loop
      vertex 2.43259 4.9328 11.8
      vertex 2.10476 5.08134 7.3
      vertex 2.43259 4.9328 7.3
    endloop
  endfacet
  facet normal 0.582481 -0.812845 0
    outer loop
      vertex -3.34819 4.36344 7.3
      vertex -3.05564 4.57308 11.8
      vertex -3.34819 4.36344 11.8
    endloop
  endfacet
  facet normal 0.582481 -0.812845 0
    outer loop
      vertex -3.05564 4.57308 11.8
      vertex -3.34819 4.36344 7.3
      vertex -3.05564 4.57308 7.3
    endloop
  endfacet
  facet normal -0.634392 0.773012 0
    outer loop
      vertex 3.6264 -4.13512 7.3
      vertex 3.34819 -4.36344 11.8
      vertex 3.6264 -4.13512 11.8
    endloop
  endfacet
  facet normal -0.634392 0.773012 0
    outer loop
      vertex 3.34819 -4.36344 11.8
      vertex 3.6264 -4.13512 7.3
      vertex 3.34819 -4.36344 7.3
    endloop
  endfacet
  facet normal 0.999464 0.0327305 0
    outer loop
      vertex -5.48822 -0.359716 11.8
      vertex -5.5 0 7.3
      vertex -5.5 0 11.8
    endloop
  endfacet
  facet normal 0.999464 0.0327305 0
    outer loop
      vertex -5.5 0 7.3
      vertex -5.48822 -0.359716 11.8
      vertex -5.48822 -0.359716 7.3
    endloop
  endfacet
  facet normal 0.634392 -0.773012 0
    outer loop
      vertex -3.6264 4.13512 7.3
      vertex -3.34819 4.36344 11.8
      vertex -3.6264 4.13512 11.8
    endloop
  endfacet
  facet normal 0.634392 -0.773012 0
    outer loop
      vertex -3.34819 4.36344 11.8
      vertex -3.6264 4.13512 7.3
      vertex -3.34819 4.36344 7.3
    endloop
  endfacet
  facet normal 0.1629 0.986643 -0
    outer loop
      vertex -0.717894 -5.45295 7.3
      vertex -1.073 -5.39432 11.8
      vertex -0.717894 -5.45295 11.8
    endloop
  endfacet
  facet normal 0.1629 0.986643 0
    outer loop
      vertex -1.073 -5.39432 11.8
      vertex -0.717894 -5.45295 7.3
      vertex -1.073 -5.39432 7.3
    endloop
  endfacet
  facet normal 0.227089 0.973874 -0
    outer loop
      vertex -1.073 -5.39432 7.3
      vertex -1.4235 -5.31259 11.8
      vertex -1.073 -5.39432 11.8
    endloop
  endfacet
  facet normal 0.227089 0.973874 0
    outer loop
      vertex -1.4235 -5.31259 11.8
      vertex -1.073 -5.39432 7.3
      vertex -1.4235 -5.31259 7.3
    endloop
  endfacet
  facet normal -0.812845 0.582481 0
    outer loop
      vertex 4.36344 -3.34819 7.3
      vertex 4.57308 -3.05564 11.8
      vertex 4.57308 -3.05564 7.3
    endloop
  endfacet
  facet normal -0.812845 0.582481 0
    outer loop
      vertex 4.57308 -3.05564 11.8
      vertex 4.36344 -3.34819 7.3
      vertex 4.36344 -3.34819 11.8
    endloop
  endfacet
  facet normal -0.227089 -0.973874 0
    outer loop
      vertex 1.073 5.39432 7.3
      vertex 1.4235 5.31259 11.8
      vertex 1.073 5.39432 11.8
    endloop
  endfacet
  facet normal -0.227089 -0.973874 -0
    outer loop
      vertex 1.4235 5.31259 11.8
      vertex 1.073 5.39432 7.3
      vertex 1.4235 5.31259 7.3
    endloop
  endfacet
  facet normal -0.52807 0.849201 0
    outer loop
      vertex 3.05564 -4.57308 7.3
      vertex 2.75 -4.76314 11.8
      vertex 3.05564 -4.57308 11.8
    endloop
  endfacet
  facet normal -0.52807 0.849201 0
    outer loop
      vertex 2.75 -4.76314 11.8
      vertex 3.05564 -4.57308 7.3
      vertex 2.75 -4.76314 7.3
    endloop
  endfacet
  facet normal 0.582481 0.812845 -0
    outer loop
      vertex -3.05564 -4.57308 7.3
      vertex -3.34819 -4.36344 11.8
      vertex -3.05564 -4.57308 11.8
    endloop
  endfacet
  facet normal 0.582481 0.812845 0
    outer loop
      vertex -3.34819 -4.36344 11.8
      vertex -3.05564 -4.57308 7.3
      vertex -3.34819 -4.36344 7.3
    endloop
  endfacet
  facet normal -0.683583 0.729872 0
    outer loop
      vertex 3.88909 -3.88909 7.3
      vertex 3.6264 -4.13512 11.8
      vertex 3.88909 -3.88909 11.8
    endloop
  endfacet
  facet normal -0.683583 0.729872 0
    outer loop
      vertex 3.6264 -4.13512 11.8
      vertex 3.88909 -3.88909 7.3
      vertex 3.6264 -4.13512 7.3
    endloop
  endfacet
  facet normal 0.471399 -0.88192 0
    outer loop
      vertex -2.75 4.76314 7.3
      vertex -2.43259 4.9328 11.8
      vertex -2.75 4.76314 11.8
    endloop
  endfacet
  facet normal 0.471399 -0.88192 0
    outer loop
      vertex -2.43259 4.9328 11.8
      vertex -2.75 4.76314 7.3
      vertex -2.43259 4.9328 7.3
    endloop
  endfacet
  facet normal 0.412712 0.910862 -0
    outer loop
      vertex -2.10476 -5.08134 7.3
      vertex -2.43259 -4.9328 11.8
      vertex -2.10476 -5.08134 11.8
    endloop
  endfacet
  facet normal 0.412712 0.910862 0
    outer loop
      vertex -2.43259 -4.9328 11.8
      vertex -2.10476 -5.08134 7.3
      vertex -2.43259 -4.9328 7.3
    endloop
  endfacet
  facet normal 0.88192 0.471399 0
    outer loop
      vertex -4.76314 -2.75 11.8
      vertex -4.9328 -2.43259 7.3
      vertex -4.9328 -2.43259 11.8
    endloop
  endfacet
  facet normal 0.88192 0.471399 0
    outer loop
      vertex -4.9328 -2.43259 7.3
      vertex -4.76314 -2.75 11.8
      vertex -4.76314 -2.75 7.3
    endloop
  endfacet
  facet normal 0.910862 0.412712 0
    outer loop
      vertex -4.9328 -2.43259 11.8
      vertex -5.08134 -2.10476 7.3
      vertex -5.08134 -2.10476 11.8
    endloop
  endfacet
  facet normal 0.910862 0.412712 0
    outer loop
      vertex -5.08134 -2.10476 7.3
      vertex -4.9328 -2.43259 11.8
      vertex -4.9328 -2.43259 7.3
    endloop
  endfacet
endsolid OpenSCAD_Model
