solid OpenSCAD_Model
  facet normal 0.935924 0.352202 0
    outer loop
      vertex 16.0978 5.46447 17.15
      vertex 15.706 6.50562 3
      vertex 15.706 6.50562 17.15
    endloop
  endfacet
  facet normal 0.935924 0.352202 0
    outer loop
      vertex 15.706 6.50562 3
      vertex 16.0978 5.46447 17.15
      vertex 16.0978 5.46447 3
    endloop
  endfacet
  facet normal 0.162972 0.986631 -0
    outer loop
      vertex 3.31653 16.6733 3
      vertex 2.21894 16.8546 17.15
      vertex 3.31653 16.6733 17.15
    endloop
  endfacet
  facet normal 0.162972 0.986631 0
    outer loop
      vertex 2.21894 16.8546 17.15
      vertex 3.31653 16.6733 3
      vertex 2.21894 16.8546 3
    endloop
  endfacet
  facet normal 0.995188 0.0979826 0
    outer loop
      vertex 16.9636 1.11185 17.15
      vertex 16.8546 2.21894 3
      vertex 16.8546 2.21894 17.15
    endloop
  endfacet
  facet normal 0.995188 0.0979826 0
    outer loop
      vertex 16.8546 2.21894 3
      vertex 16.9636 1.11185 17.15
      vertex 16.9636 1.11185 3
    endloop
  endfacet
  facet normal 0.999465 0.0327207 0
    outer loop
      vertex 17 0 17.15
      vertex 16.9636 1.11185 3
      vertex 16.9636 1.11185 17.15
    endloop
  endfacet
  facet normal 0.999465 0.0327207 0
    outer loop
      vertex 16.9636 1.11185 3
      vertex 17 0 17.15
      vertex 17 0 3
    endloop
  endfacet
  facet normal 0.986631 0.162972 0
    outer loop
      vertex 16.8546 2.21894 17.15
      vertex 16.6733 3.31653 3
      vertex 16.6733 3.31653 17.15
    endloop
  endfacet
  facet normal 0.986631 0.162972 0
    outer loop
      vertex 16.6733 3.31653 3
      vertex 16.8546 2.21894 17.15
      vertex 16.8546 2.21894 3
    endloop
  endfacet
  facet normal -0.881923 0.471394 0
    outer loop
      vertex -15.2468 7.51891 3
      vertex -14.7224 8.5 17.15
      vertex -14.7224 8.5 3
    endloop
  endfacet
  facet normal -0.881923 0.471394 0
    outer loop
      vertex -14.7224 8.5 17.15
      vertex -15.2468 7.51891 3
      vertex -15.2468 7.51891 17.15
    endloop
  endfacet
  facet normal 0.528038 -0.849221 0
    outer loop
      vertex 8.5 -14.7224 3
      vertex 9.44469 -14.135 17.15
      vertex 8.5 -14.7224 17.15
    endloop
  endfacet
  facet normal 0.528038 -0.849221 0
    outer loop
      vertex 9.44469 -14.135 17.15
      vertex 8.5 -14.7224 3
      vertex 9.44469 -14.135 3
    endloop
  endfacet
  facet normal -0.227067 0.973879 0
    outer loop
      vertex -3.31653 16.6733 3
      vertex -4.39992 16.4207 17.15
      vertex -3.31653 16.6733 17.15
    endloop
  endfacet
  facet normal -0.227067 0.973879 0
    outer loop
      vertex -4.39992 16.4207 17.15
      vertex -3.31653 16.6733 3
      vertex -4.39992 16.4207 3
    endloop
  endfacet
  facet normal 0.729831 0.683627 0
    outer loop
      vertex 12.7813 11.2089 17.15
      vertex 12.0208 12.0208 3
      vertex 12.0208 12.0208 17.15
    endloop
  endfacet
  facet normal 0.729831 0.683627 0
    outer loop
      vertex 12.0208 12.0208 3
      vertex 12.7813 11.2089 17.15
      vertex 12.7813 11.2089 3
    endloop
  endfacet
  facet normal -0.41277 -0.910835 0
    outer loop
      vertex -7.51891 -15.2468 3
      vertex -6.50562 -15.706 17.15
      vertex -7.51891 -15.2468 17.15
    endloop
  endfacet
  facet normal -0.41277 -0.910835 -0
    outer loop
      vertex -6.50562 -15.706 17.15
      vertex -7.51891 -15.2468 3
      vertex -6.50562 -15.706 3
    endloop
  endfacet
  facet normal 0.227067 -0.973879 0
    outer loop
      vertex 3.31653 -16.6733 3
      vertex 4.39992 -16.4207 17.15
      vertex 3.31653 -16.6733 17.15
    endloop
  endfacet
  facet normal 0.227067 -0.973879 0
    outer loop
      vertex 4.39992 -16.4207 17.15
      vertex 3.31653 -16.6733 3
      vertex 4.39992 -16.4207 3
    endloop
  endfacet
  facet normal 0.910835 -0.41277 0
    outer loop
      vertex 15.2468 -7.51891 17.15
      vertex 15.706 -6.50562 3
      vertex 15.706 -6.50562 17.15
    endloop
  endfacet
  facet normal 0.910835 -0.41277 0
    outer loop
      vertex 15.706 -6.50562 3
      vertex 15.2468 -7.51891 17.15
      vertex 15.2468 -7.51891 3
    endloop
  endfacet
  facet normal -0.227067 -0.973879 0
    outer loop
      vertex -4.39992 -16.4207 3
      vertex -3.31653 -16.6733 17.15
      vertex -4.39992 -16.4207 17.15
    endloop
  endfacet
  facet normal -0.227067 -0.973879 -0
    outer loop
      vertex -3.31653 -16.6733 17.15
      vertex -4.39992 -16.4207 3
      vertex -3.31653 -16.6733 3
    endloop
  endfacet
  facet normal 0.973879 -0.227067 0
    outer loop
      vertex 16.4207 -4.39992 17.15
      vertex 16.6733 -3.31653 3
      vertex 16.6733 -3.31653 17.15
    endloop
  endfacet
  facet normal 0.973879 -0.227067 0
    outer loop
      vertex 16.6733 -3.31653 3
      vertex 16.4207 -4.39992 17.15
      vertex 16.4207 -4.39992 3
    endloop
  endfacet
  facet normal 0.973879 0.227067 0
    outer loop
      vertex 16.6733 3.31653 17.15
      vertex 16.4207 4.39992 3
      vertex 16.4207 4.39992 17.15
    endloop
  endfacet
  facet normal 0.973879 0.227067 0
    outer loop
      vertex 16.4207 4.39992 3
      vertex 16.6733 3.31653 17.15
      vertex 16.6733 3.31653 3
    endloop
  endfacet
  facet normal 0.528038 0.849221 -0
    outer loop
      vertex 9.44469 14.135 3
      vertex 8.5 14.7224 17.15
      vertex 9.44469 14.135 17.15
    endloop
  endfacet
  facet normal 0.528038 0.849221 0
    outer loop
      vertex 8.5 14.7224 17.15
      vertex 9.44469 14.135 3
      vertex 8.5 14.7224 3
    endloop
  endfacet
  facet normal 0.0327207 -0.999465 0
    outer loop
      vertex 0 -17 3
      vertex 1.11185 -16.9636 17.15
      vertex 0 -17 17.15
    endloop
  endfacet
  facet normal 0.0327207 -0.999465 0
    outer loop
      vertex 1.11185 -16.9636 17.15
      vertex 0 -17 3
      vertex 1.11185 -16.9636 3
    endloop
  endfacet
  facet normal -0.973879 -0.227067 0
    outer loop
      vertex -16.4207 -4.39992 3
      vertex -16.6733 -3.31653 17.15
      vertex -16.6733 -3.31653 3
    endloop
  endfacet
  facet normal -0.973879 -0.227067 0
    outer loop
      vertex -16.6733 -3.31653 17.15
      vertex -16.4207 -4.39992 3
      vertex -16.4207 -4.39992 17.15
    endloop
  endfacet
  facet normal 0.0979826 0.995188 -0
    outer loop
      vertex 2.21894 16.8546 3
      vertex 1.11185 16.9636 17.15
      vertex 2.21894 16.8546 17.15
    endloop
  endfacet
  facet normal 0.0979826 0.995188 0
    outer loop
      vertex 1.11185 16.9636 17.15
      vertex 2.21894 16.8546 3
      vertex 1.11185 16.9636 3
    endloop
  endfacet
  facet normal 0.986631 -0.162972 0
    outer loop
      vertex 16.6733 -3.31653 17.15
      vertex 16.8546 -2.21894 3
      vertex 16.8546 -2.21894 17.15
    endloop
  endfacet
  facet normal 0.986631 -0.162972 0
    outer loop
      vertex 16.8546 -2.21894 3
      vertex 16.6733 -3.31653 17.15
      vertex 16.6733 -3.31653 3
    endloop
  endfacet
  facet normal 0.352202 0.935924 -0
    outer loop
      vertex 6.50562 15.706 3
      vertex 5.46447 16.0978 17.15
      vertex 6.50562 15.706 17.15
    endloop
  endfacet
  facet normal 0.352202 0.935924 0
    outer loop
      vertex 5.46447 16.0978 17.15
      vertex 6.50562 15.706 3
      vertex 5.46447 16.0978 3
    endloop
  endfacet
  facet normal -0.683627 -0.729831 0
    outer loop
      vertex -12.0208 -12.0208 3
      vertex -11.2089 -12.7813 17.15
      vertex -12.0208 -12.0208 17.15
    endloop
  endfacet
  facet normal -0.683627 -0.729831 -0
    outer loop
      vertex -11.2089 -12.7813 17.15
      vertex -12.0208 -12.0208 3
      vertex -11.2089 -12.7813 3
    endloop
  endfacet
  facet normal 0.773047 0.634348 0
    outer loop
      vertex 13.487 10.3489 17.15
      vertex 12.7813 11.2089 3
      vertex 12.7813 11.2089 17.15
    endloop
  endfacet
  facet normal 0.773047 0.634348 0
    outer loop
      vertex 12.7813 11.2089 3
      vertex 13.487 10.3489 17.15
      vertex 13.487 10.3489 3
    endloop
  endfacet
  facet normal -0.999465 -0.0327207 0
    outer loop
      vertex -16.9636 -1.11185 3
      vertex -17 0 17.15
      vertex -17 0 3
    endloop
  endfacet
  facet normal -0.999465 -0.0327207 0
    outer loop
      vertex -17 0 17.15
      vertex -16.9636 -1.11185 3
      vertex -16.9636 -1.11185 17.15
    endloop
  endfacet
  facet normal -0.935924 -0.352202 0
    outer loop
      vertex -15.706 -6.50562 3
      vertex -16.0978 -5.46447 17.15
      vertex -16.0978 -5.46447 3
    endloop
  endfacet
  facet normal -0.935924 -0.352202 0
    outer loop
      vertex -16.0978 -5.46447 17.15
      vertex -15.706 -6.50562 3
      vertex -15.706 -6.50562 17.15
    endloop
  endfacet
  facet normal 0.0327207 0.999465 -0
    outer loop
      vertex 1.11185 16.9636 3
      vertex 0 17 17.15
      vertex 1.11185 16.9636 17.15
    endloop
  endfacet
  facet normal 0.0327207 0.999465 0
    outer loop
      vertex 0 17 17.15
      vertex 1.11185 16.9636 3
      vertex 0 17 3
    endloop
  endfacet
  facet normal 0.812824 0.582509 0
    outer loop
      vertex 14.135 9.44469 17.15
      vertex 13.487 10.3489 3
      vertex 13.487 10.3489 17.15
    endloop
  endfacet
  facet normal 0.812824 0.582509 0
    outer loop
      vertex 13.487 10.3489 3
      vertex 14.135 9.44469 17.15
      vertex 14.135 9.44469 3
    endloop
  endfacet
  facet normal -0.162972 -0.986631 0
    outer loop
      vertex -3.31653 -16.6733 3
      vertex -2.21894 -16.8546 17.15
      vertex -3.31653 -16.6733 17.15
    endloop
  endfacet
  facet normal -0.162972 -0.986631 -0
    outer loop
      vertex -2.21894 -16.8546 17.15
      vertex -3.31653 -16.6733 3
      vertex -2.21894 -16.8546 3
    endloop
  endfacet
  facet normal -0.528038 -0.849221 0
    outer loop
      vertex -9.44469 -14.135 3
      vertex -8.5 -14.7224 17.15
      vertex -9.44469 -14.135 17.15
    endloop
  endfacet
  facet normal -0.528038 -0.849221 -0
    outer loop
      vertex -8.5 -14.7224 17.15
      vertex -9.44469 -14.135 3
      vertex -8.5 -14.7224 3
    endloop
  endfacet
  facet normal -0.290262 -0.956947 0
    outer loop
      vertex -5.46447 -16.0978 3
      vertex -4.39992 -16.4207 17.15
      vertex -5.46447 -16.0978 17.15
    endloop
  endfacet
  facet normal -0.290262 -0.956947 -0
    outer loop
      vertex -4.39992 -16.4207 17.15
      vertex -5.46447 -16.0978 3
      vertex -4.39992 -16.4207 3
    endloop
  endfacet
  facet normal -0.986631 -0.162972 0
    outer loop
      vertex -16.6733 -3.31653 3
      vertex -16.8546 -2.21894 17.15
      vertex -16.8546 -2.21894 3
    endloop
  endfacet
  facet normal -0.986631 -0.162972 0
    outer loop
      vertex -16.8546 -2.21894 17.15
      vertex -16.6733 -3.31653 3
      vertex -16.6733 -3.31653 17.15
    endloop
  endfacet
  facet normal -0.729831 0.683627 0
    outer loop
      vertex -12.7813 11.2089 3
      vertex -12.0208 12.0208 17.15
      vertex -12.0208 12.0208 3
    endloop
  endfacet
  facet normal -0.729831 0.683627 0
    outer loop
      vertex -12.0208 12.0208 17.15
      vertex -12.7813 11.2089 3
      vertex -12.7813 11.2089 17.15
    endloop
  endfacet
  facet normal -0.634348 -0.773047 0
    outer loop
      vertex -11.2089 -12.7813 3
      vertex -10.3489 -13.487 17.15
      vertex -11.2089 -12.7813 17.15
    endloop
  endfacet
  facet normal -0.634348 -0.773047 -0
    outer loop
      vertex -10.3489 -13.487 17.15
      vertex -11.2089 -12.7813 3
      vertex -10.3489 -13.487 3
    endloop
  endfacet
  facet normal -0.773047 0.634348 0
    outer loop
      vertex -13.487 10.3489 3
      vertex -12.7813 11.2089 17.15
      vertex -12.7813 11.2089 3
    endloop
  endfacet
  facet normal -0.773047 0.634348 0
    outer loop
      vertex -12.7813 11.2089 17.15
      vertex -13.487 10.3489 3
      vertex -13.487 10.3489 17.15
    endloop
  endfacet
  facet normal -0.995188 0.0979826 0
    outer loop
      vertex -16.9636 1.11185 3
      vertex -16.8546 2.21894 17.15
      vertex -16.8546 2.21894 3
    endloop
  endfacet
  facet normal -0.995188 0.0979826 0
    outer loop
      vertex -16.8546 2.21894 17.15
      vertex -16.9636 1.11185 3
      vertex -16.9636 1.11185 17.15
    endloop
  endfacet
  facet normal -0.881923 -0.471394 0
    outer loop
      vertex -14.7224 -8.5 3
      vertex -15.2468 -7.51891 17.15
      vertex -15.2468 -7.51891 3
    endloop
  endfacet
  facet normal -0.881923 -0.471394 0
    outer loop
      vertex -15.2468 -7.51891 17.15
      vertex -14.7224 -8.5 3
      vertex -14.7224 -8.5 17.15
    endloop
  endfacet
  facet normal -0.910835 0.41277 0
    outer loop
      vertex -15.706 6.50562 3
      vertex -15.2468 7.51891 17.15
      vertex -15.2468 7.51891 3
    endloop
  endfacet
  facet normal -0.910835 0.41277 0
    outer loop
      vertex -15.2468 7.51891 17.15
      vertex -15.706 6.50562 3
      vertex -15.706 6.50562 17.15
    endloop
  endfacet
  facet normal -0.956947 0.290262 0
    outer loop
      vertex -16.4207 4.39992 3
      vertex -16.0978 5.46447 17.15
      vertex -16.0978 5.46447 3
    endloop
  endfacet
  facet normal -0.956947 0.290262 0
    outer loop
      vertex -16.0978 5.46447 17.15
      vertex -16.4207 4.39992 3
      vertex -16.4207 4.39992 17.15
    endloop
  endfacet
  facet normal 0.582509 0.812824 -0
    outer loop
      vertex 10.3489 13.487 3
      vertex 9.44469 14.135 17.15
      vertex 10.3489 13.487 17.15
    endloop
  endfacet
  facet normal 0.582509 0.812824 0
    outer loop
      vertex 9.44469 14.135 17.15
      vertex 10.3489 13.487 3
      vertex 9.44469 14.135 3
    endloop
  endfacet
  facet normal 0.290262 -0.956947 0
    outer loop
      vertex 4.39992 -16.4207 3
      vertex 5.46447 -16.0978 17.15
      vertex 4.39992 -16.4207 17.15
    endloop
  endfacet
  facet normal 0.290262 -0.956947 0
    outer loop
      vertex 5.46447 -16.0978 17.15
      vertex 4.39992 -16.4207 3
      vertex 5.46447 -16.0978 3
    endloop
  endfacet
  facet normal 0.910835 0.41277 0
    outer loop
      vertex 15.706 6.50562 17.15
      vertex 15.2468 7.51891 3
      vertex 15.2468 7.51891 17.15
    endloop
  endfacet
  facet normal 0.910835 0.41277 0
    outer loop
      vertex 15.2468 7.51891 3
      vertex 15.706 6.50562 17.15
      vertex 15.706 6.50562 3
    endloop
  endfacet
  facet normal 0.935924 -0.352202 0
    outer loop
      vertex 15.706 -6.50562 17.15
      vertex 16.0978 -5.46447 3
      vertex 16.0978 -5.46447 17.15
    endloop
  endfacet
  facet normal 0.935924 -0.352202 0
    outer loop
      vertex 16.0978 -5.46447 3
      vertex 15.706 -6.50562 17.15
      vertex 15.706 -6.50562 3
    endloop
  endfacet
  facet normal 0.41277 -0.910835 0
    outer loop
      vertex 6.50562 -15.706 3
      vertex 7.51891 -15.2468 17.15
      vertex 6.50562 -15.706 17.15
    endloop
  endfacet
  facet normal 0.41277 -0.910835 0
    outer loop
      vertex 7.51891 -15.2468 17.15
      vertex 6.50562 -15.706 3
      vertex 7.51891 -15.2468 3
    endloop
  endfacet
  facet normal 0.634348 0.773047 -0
    outer loop
      vertex 11.2089 12.7813 3
      vertex 10.3489 13.487 17.15
      vertex 11.2089 12.7813 17.15
    endloop
  endfacet
  facet normal 0.634348 0.773047 0
    outer loop
      vertex 10.3489 13.487 17.15
      vertex 11.2089 12.7813 3
      vertex 10.3489 13.487 3
    endloop
  endfacet
  facet normal -0.986631 0.162972 0
    outer loop
      vertex -16.8546 2.21894 3
      vertex -16.6733 3.31653 17.15
      vertex -16.6733 3.31653 3
    endloop
  endfacet
  facet normal -0.986631 0.162972 0
    outer loop
      vertex -16.6733 3.31653 17.15
      vertex -16.8546 2.21894 3
      vertex -16.8546 2.21894 17.15
    endloop
  endfacet
  facet normal 0.881923 0.471394 0
    outer loop
      vertex 15.2468 7.51891 17.15
      vertex 14.7224 8.5 3
      vertex 14.7224 8.5 17.15
    endloop
  endfacet
  facet normal 0.881923 0.471394 0
    outer loop
      vertex 14.7224 8.5 3
      vertex 15.2468 7.51891 17.15
      vertex 15.2468 7.51891 3
    endloop
  endfacet
  facet normal -0.162972 0.986631 0
    outer loop
      vertex -2.21894 16.8546 3
      vertex -3.31653 16.6733 17.15
      vertex -2.21894 16.8546 17.15
    endloop
  endfacet
  facet normal -0.162972 0.986631 0
    outer loop
      vertex -3.31653 16.6733 17.15
      vertex -2.21894 16.8546 3
      vertex -3.31653 16.6733 3
    endloop
  endfacet
  facet normal 0.849221 -0.528038 0
    outer loop
      vertex 14.135 -9.44469 17.15
      vertex 14.7224 -8.5 3
      vertex 14.7224 -8.5 17.15
    endloop
  endfacet
  facet normal 0.849221 -0.528038 0
    outer loop
      vertex 14.7224 -8.5 3
      vertex 14.135 -9.44469 17.15
      vertex 14.135 -9.44469 3
    endloop
  endfacet
  facet normal 0.881923 -0.471394 0
    outer loop
      vertex 14.7224 -8.5 17.15
      vertex 15.2468 -7.51891 3
      vertex 15.2468 -7.51891 17.15
    endloop
  endfacet
  facet normal 0.881923 -0.471394 0
    outer loop
      vertex 15.2468 -7.51891 3
      vertex 14.7224 -8.5 17.15
      vertex 14.7224 -8.5 3
    endloop
  endfacet
  facet normal 0.471394 -0.881923 0
    outer loop
      vertex 7.51891 -15.2468 3
      vertex 8.5 -14.7224 17.15
      vertex 7.51891 -15.2468 17.15
    endloop
  endfacet
  facet normal 0.471394 -0.881923 0
    outer loop
      vertex 8.5 -14.7224 17.15
      vertex 7.51891 -15.2468 3
      vertex 8.5 -14.7224 3
    endloop
  endfacet
  facet normal -0.973879 0.227067 0
    outer loop
      vertex -16.6733 3.31653 3
      vertex -16.4207 4.39992 17.15
      vertex -16.4207 4.39992 3
    endloop
  endfacet
  facet normal -0.973879 0.227067 0
    outer loop
      vertex -16.4207 4.39992 17.15
      vertex -16.6733 3.31653 3
      vertex -16.6733 3.31653 17.15
    endloop
  endfacet
  facet normal -0.956947 -0.290262 0
    outer loop
      vertex -16.0978 -5.46447 3
      vertex -16.4207 -4.39992 17.15
      vertex -16.4207 -4.39992 3
    endloop
  endfacet
  facet normal -0.956947 -0.290262 0
    outer loop
      vertex -16.4207 -4.39992 17.15
      vertex -16.0978 -5.46447 3
      vertex -16.0978 -5.46447 17.15
    endloop
  endfacet
  facet normal -0.812824 -0.582509 0
    outer loop
      vertex -13.487 -10.3489 3
      vertex -14.135 -9.44469 17.15
      vertex -14.135 -9.44469 3
    endloop
  endfacet
  facet normal -0.812824 -0.582509 0
    outer loop
      vertex -14.135 -9.44469 17.15
      vertex -13.487 -10.3489 3
      vertex -13.487 -10.3489 17.15
    endloop
  endfacet
  facet normal -0.683627 0.729831 0
    outer loop
      vertex -11.2089 12.7813 3
      vertex -12.0208 12.0208 17.15
      vertex -11.2089 12.7813 17.15
    endloop
  endfacet
  facet normal -0.683627 0.729831 0
    outer loop
      vertex -12.0208 12.0208 17.15
      vertex -11.2089 12.7813 3
      vertex -12.0208 12.0208 3
    endloop
  endfacet
  facet normal 0.683627 0.729831 -0
    outer loop
      vertex 12.0208 12.0208 3
      vertex 11.2089 12.7813 17.15
      vertex 12.0208 12.0208 17.15
    endloop
  endfacet
  facet normal 0.683627 0.729831 0
    outer loop
      vertex 11.2089 12.7813 17.15
      vertex 12.0208 12.0208 3
      vertex 11.2089 12.7813 3
    endloop
  endfacet
  facet normal -0.935924 0.352202 0
    outer loop
      vertex -16.0978 5.46447 3
      vertex -15.706 6.50562 17.15
      vertex -15.706 6.50562 3
    endloop
  endfacet
  facet normal -0.935924 0.352202 0
    outer loop
      vertex -15.706 6.50562 17.15
      vertex -16.0978 5.46447 3
      vertex -16.0978 5.46447 17.15
    endloop
  endfacet
  facet normal 0.729831 -0.683627 0
    outer loop
      vertex 12.0208 -12.0208 17.15
      vertex 12.7813 -11.2089 3
      vertex 12.7813 -11.2089 17.15
    endloop
  endfacet
  facet normal 0.729831 -0.683627 0
    outer loop
      vertex 12.7813 -11.2089 3
      vertex 12.0208 -12.0208 17.15
      vertex 12.0208 -12.0208 3
    endloop
  endfacet
  facet normal 0.227067 0.973879 -0
    outer loop
      vertex 4.39992 16.4207 3
      vertex 3.31653 16.6733 17.15
      vertex 4.39992 16.4207 17.15
    endloop
  endfacet
  facet normal 0.227067 0.973879 0
    outer loop
      vertex 3.31653 16.6733 17.15
      vertex 4.39992 16.4207 3
      vertex 3.31653 16.6733 3
    endloop
  endfacet
  facet normal -0.849221 -0.528038 0
    outer loop
      vertex -14.135 -9.44469 3
      vertex -14.7224 -8.5 17.15
      vertex -14.7224 -8.5 3
    endloop
  endfacet
  facet normal -0.849221 -0.528038 0
    outer loop
      vertex -14.7224 -8.5 17.15
      vertex -14.135 -9.44469 3
      vertex -14.135 -9.44469 17.15
    endloop
  endfacet
  facet normal -0.352202 0.935924 0
    outer loop
      vertex -5.46447 16.0978 3
      vertex -6.50562 15.706 17.15
      vertex -5.46447 16.0978 17.15
    endloop
  endfacet
  facet normal -0.352202 0.935924 0
    outer loop
      vertex -6.50562 15.706 17.15
      vertex -5.46447 16.0978 3
      vertex -6.50562 15.706 3
    endloop
  endfacet
  facet normal 0.812824 -0.582509 0
    outer loop
      vertex 13.487 -10.3489 17.15
      vertex 14.135 -9.44469 3
      vertex 14.135 -9.44469 17.15
    endloop
  endfacet
  facet normal 0.812824 -0.582509 0
    outer loop
      vertex 14.135 -9.44469 3
      vertex 13.487 -10.3489 17.15
      vertex 13.487 -10.3489 3
    endloop
  endfacet
  facet normal 0.290262 0.956947 -0
    outer loop
      vertex 5.46447 16.0978 3
      vertex 4.39992 16.4207 17.15
      vertex 5.46447 16.0978 17.15
    endloop
  endfacet
  facet normal 0.290262 0.956947 0
    outer loop
      vertex 4.39992 16.4207 17.15
      vertex 5.46447 16.0978 3
      vertex 4.39992 16.4207 3
    endloop
  endfacet
  facet normal -0.0327207 0.999465 0
    outer loop
      vertex 0 17 3
      vertex -1.11185 16.9636 17.15
      vertex 0 17 17.15
    endloop
  endfacet
  facet normal -0.0327207 0.999465 0
    outer loop
      vertex -1.11185 16.9636 17.15
      vertex 0 17 3
      vertex -1.11185 16.9636 3
    endloop
  endfacet
  facet normal 0.352202 -0.935924 0
    outer loop
      vertex 5.46447 -16.0978 3
      vertex 6.50562 -15.706 17.15
      vertex 5.46447 -16.0978 17.15
    endloop
  endfacet
  facet normal 0.352202 -0.935924 0
    outer loop
      vertex 6.50562 -15.706 17.15
      vertex 5.46447 -16.0978 3
      vertex 6.50562 -15.706 3
    endloop
  endfacet
  facet normal 0.995188 -0.0979826 0
    outer loop
      vertex 16.8546 -2.21894 17.15
      vertex 16.9636 -1.11185 3
      vertex 16.9636 -1.11185 17.15
    endloop
  endfacet
  facet normal 0.995188 -0.0979826 0
    outer loop
      vertex 16.9636 -1.11185 3
      vertex 16.8546 -2.21894 17.15
      vertex 16.8546 -2.21894 3
    endloop
  endfacet
  facet normal -0.812824 0.582509 0
    outer loop
      vertex -14.135 9.44469 3
      vertex -13.487 10.3489 17.15
      vertex -13.487 10.3489 3
    endloop
  endfacet
  facet normal -0.812824 0.582509 0
    outer loop
      vertex -13.487 10.3489 17.15
      vertex -14.135 9.44469 3
      vertex -14.135 9.44469 17.15
    endloop
  endfacet
  facet normal 0.41277 0.910835 -0
    outer loop
      vertex 7.51891 15.2468 3
      vertex 6.50562 15.706 17.15
      vertex 7.51891 15.2468 17.15
    endloop
  endfacet
  facet normal 0.41277 0.910835 0
    outer loop
      vertex 6.50562 15.706 17.15
      vertex 7.51891 15.2468 3
      vertex 6.50562 15.706 3
    endloop
  endfacet
  facet normal 0.773047 -0.634348 0
    outer loop
      vertex 12.7813 -11.2089 17.15
      vertex 13.487 -10.3489 3
      vertex 13.487 -10.3489 17.15
    endloop
  endfacet
  facet normal 0.773047 -0.634348 0
    outer loop
      vertex 13.487 -10.3489 3
      vertex 12.7813 -11.2089 17.15
      vertex 12.7813 -11.2089 3
    endloop
  endfacet
  facet normal -0.729831 -0.683627 0
    outer loop
      vertex -12.0208 -12.0208 3
      vertex -12.7813 -11.2089 17.15
      vertex -12.7813 -11.2089 3
    endloop
  endfacet
  facet normal -0.729831 -0.683627 0
    outer loop
      vertex -12.7813 -11.2089 17.15
      vertex -12.0208 -12.0208 3
      vertex -12.0208 -12.0208 17.15
    endloop
  endfacet
  facet normal -0.0979826 0.995188 0
    outer loop
      vertex -1.11185 16.9636 3
      vertex -2.21894 16.8546 17.15
      vertex -1.11185 16.9636 17.15
    endloop
  endfacet
  facet normal -0.0979826 0.995188 0
    outer loop
      vertex -2.21894 16.8546 17.15
      vertex -1.11185 16.9636 3
      vertex -2.21894 16.8546 3
    endloop
  endfacet
  facet normal 0.849221 0.528038 0
    outer loop
      vertex 14.7224 8.5 17.15
      vertex 14.135 9.44469 3
      vertex 14.135 9.44469 17.15
    endloop
  endfacet
  facet normal 0.849221 0.528038 0
    outer loop
      vertex 14.135 9.44469 3
      vertex 14.7224 8.5 17.15
      vertex 14.7224 8.5 3
    endloop
  endfacet
  facet normal 0.956947 0.290262 0
    outer loop
      vertex 16.4207 4.39992 17.15
      vertex 16.0978 5.46447 3
      vertex 16.0978 5.46447 17.15
    endloop
  endfacet
  facet normal 0.956947 0.290262 0
    outer loop
      vertex 16.0978 5.46447 3
      vertex 16.4207 4.39992 17.15
      vertex 16.4207 4.39992 3
    endloop
  endfacet
  facet normal 0.683627 -0.729831 0
    outer loop
      vertex 11.2089 -12.7813 3
      vertex 12.0208 -12.0208 17.15
      vertex 11.2089 -12.7813 17.15
    endloop
  endfacet
  facet normal 0.683627 -0.729831 0
    outer loop
      vertex 12.0208 -12.0208 17.15
      vertex 11.2089 -12.7813 3
      vertex 12.0208 -12.0208 3
    endloop
  endfacet
  facet normal -0.528038 0.849221 0
    outer loop
      vertex -8.5 14.7224 3
      vertex -9.44469 14.135 17.15
      vertex -8.5 14.7224 17.15
    endloop
  endfacet
  facet normal -0.528038 0.849221 0
    outer loop
      vertex -9.44469 14.135 17.15
      vertex -8.5 14.7224 3
      vertex -9.44469 14.135 3
    endloop
  endfacet
  facet normal -0.290262 0.956947 0
    outer loop
      vertex -4.39992 16.4207 3
      vertex -5.46447 16.0978 17.15
      vertex -4.39992 16.4207 17.15
    endloop
  endfacet
  facet normal -0.290262 0.956947 0
    outer loop
      vertex -5.46447 16.0978 17.15
      vertex -4.39992 16.4207 3
      vertex -5.46447 16.0978 3
    endloop
  endfacet
  facet normal 0.471394 0.881923 -0
    outer loop
      vertex 8.5 14.7224 3
      vertex 7.51891 15.2468 17.15
      vertex 8.5 14.7224 17.15
    endloop
  endfacet
  facet normal 0.471394 0.881923 0
    outer loop
      vertex 7.51891 15.2468 17.15
      vertex 8.5 14.7224 3
      vertex 7.51891 15.2468 3
    endloop
  endfacet
  facet normal -0.995188 -0.0979826 0
    outer loop
      vertex -16.8546 -2.21894 3
      vertex -16.9636 -1.11185 17.15
      vertex -16.9636 -1.11185 3
    endloop
  endfacet
  facet normal -0.995188 -0.0979826 0
    outer loop
      vertex -16.9636 -1.11185 17.15
      vertex -16.8546 -2.21894 3
      vertex -16.8546 -2.21894 17.15
    endloop
  endfacet
  facet normal -0.352202 -0.935924 0
    outer loop
      vertex -6.50562 -15.706 3
      vertex -5.46447 -16.0978 17.15
      vertex -6.50562 -15.706 17.15
    endloop
  endfacet
  facet normal -0.352202 -0.935924 -0
    outer loop
      vertex -5.46447 -16.0978 17.15
      vertex -6.50562 -15.706 3
      vertex -5.46447 -16.0978 3
    endloop
  endfacet
  facet normal 0.634348 -0.773047 0
    outer loop
      vertex 10.3489 -13.487 3
      vertex 11.2089 -12.7813 17.15
      vertex 10.3489 -13.487 17.15
    endloop
  endfacet
  facet normal 0.634348 -0.773047 0
    outer loop
      vertex 11.2089 -12.7813 17.15
      vertex 10.3489 -13.487 3
      vertex 11.2089 -12.7813 3
    endloop
  endfacet
  facet normal -0.582509 0.812824 0
    outer loop
      vertex -9.44469 14.135 3
      vertex -10.3489 13.487 17.15
      vertex -9.44469 14.135 17.15
    endloop
  endfacet
  facet normal -0.582509 0.812824 0
    outer loop
      vertex -10.3489 13.487 17.15
      vertex -9.44469 14.135 3
      vertex -10.3489 13.487 3
    endloop
  endfacet
  facet normal -0.910835 -0.41277 0
    outer loop
      vertex -15.2468 -7.51891 3
      vertex -15.706 -6.50562 17.15
      vertex -15.706 -6.50562 3
    endloop
  endfacet
  facet normal -0.910835 -0.41277 0
    outer loop
      vertex -15.706 -6.50562 17.15
      vertex -15.2468 -7.51891 3
      vertex -15.2468 -7.51891 17.15
    endloop
  endfacet
  facet normal -0.773047 -0.634348 0
    outer loop
      vertex -12.7813 -11.2089 3
      vertex -13.487 -10.3489 17.15
      vertex -13.487 -10.3489 3
    endloop
  endfacet
  facet normal -0.773047 -0.634348 0
    outer loop
      vertex -13.487 -10.3489 17.15
      vertex -12.7813 -11.2089 3
      vertex -12.7813 -11.2089 17.15
    endloop
  endfacet
  facet normal -0.0979826 -0.995188 0
    outer loop
      vertex -2.21894 -16.8546 3
      vertex -1.11185 -16.9636 17.15
      vertex -2.21894 -16.8546 17.15
    endloop
  endfacet
  facet normal -0.0979826 -0.995188 -0
    outer loop
      vertex -1.11185 -16.9636 17.15
      vertex -2.21894 -16.8546 3
      vertex -1.11185 -16.9636 3
    endloop
  endfacet
  facet normal -0.999465 0.0327207 0
    outer loop
      vertex -17 0 3
      vertex -16.9636 1.11185 17.15
      vertex -16.9636 1.11185 3
    endloop
  endfacet
  facet normal -0.999465 0.0327207 0
    outer loop
      vertex -16.9636 1.11185 17.15
      vertex -17 0 3
      vertex -17 0 17.15
    endloop
  endfacet
  facet normal 0.0979826 -0.995188 0
    outer loop
      vertex 1.11185 -16.9636 3
      vertex 2.21894 -16.8546 17.15
      vertex 1.11185 -16.9636 17.15
    endloop
  endfacet
  facet normal 0.0979826 -0.995188 0
    outer loop
      vertex 2.21894 -16.8546 17.15
      vertex 1.11185 -16.9636 3
      vertex 2.21894 -16.8546 3
    endloop
  endfacet
  facet normal 0.162972 -0.986631 0
    outer loop
      vertex 2.21894 -16.8546 3
      vertex 3.31653 -16.6733 17.15
      vertex 2.21894 -16.8546 17.15
    endloop
  endfacet
  facet normal 0.162972 -0.986631 0
    outer loop
      vertex 3.31653 -16.6733 17.15
      vertex 2.21894 -16.8546 3
      vertex 3.31653 -16.6733 3
    endloop
  endfacet
  facet normal -0.0327207 -0.999465 0
    outer loop
      vertex -1.11185 -16.9636 3
      vertex 0 -17 17.15
      vertex -1.11185 -16.9636 17.15
    endloop
  endfacet
  facet normal -0.0327207 -0.999465 -0
    outer loop
      vertex 0 -17 17.15
      vertex -1.11185 -16.9636 3
      vertex 0 -17 3
    endloop
  endfacet
  facet normal 0.999465 -0.0327207 0
    outer loop
      vertex 16.9636 -1.11185 17.15
      vertex 17 0 3
      vertex 17 0 17.15
    endloop
  endfacet
  facet normal 0.999465 -0.0327207 0
    outer loop
      vertex 17 0 3
      vertex 16.9636 -1.11185 17.15
      vertex 16.9636 -1.11185 3
    endloop
  endfacet
  facet normal -0.849221 0.528038 0
    outer loop
      vertex -14.7224 8.5 3
      vertex -14.135 9.44469 17.15
      vertex -14.135 9.44469 3
    endloop
  endfacet
  facet normal -0.849221 0.528038 0
    outer loop
      vertex -14.135 9.44469 17.15
      vertex -14.7224 8.5 3
      vertex -14.7224 8.5 17.15
    endloop
  endfacet
  facet normal 0.956947 -0.290262 0
    outer loop
      vertex 16.0978 -5.46447 17.15
      vertex 16.4207 -4.39992 3
      vertex 16.4207 -4.39992 17.15
    endloop
  endfacet
  facet normal 0.956947 -0.290262 0
    outer loop
      vertex 16.4207 -4.39992 3
      vertex 16.0978 -5.46447 17.15
      vertex 16.0978 -5.46447 3
    endloop
  endfacet
  facet normal -0.41277 0.910835 0
    outer loop
      vertex -6.50562 15.706 3
      vertex -7.51891 15.2468 17.15
      vertex -6.50562 15.706 17.15
    endloop
  endfacet
  facet normal -0.41277 0.910835 0
    outer loop
      vertex -7.51891 15.2468 17.15
      vertex -6.50562 15.706 3
      vertex -7.51891 15.2468 3
    endloop
  endfacet
  facet normal -0.634348 0.773047 0
    outer loop
      vertex -10.3489 13.487 3
      vertex -11.2089 12.7813 17.15
      vertex -10.3489 13.487 17.15
    endloop
  endfacet
  facet normal -0.634348 0.773047 0
    outer loop
      vertex -11.2089 12.7813 17.15
      vertex -10.3489 13.487 3
      vertex -11.2089 12.7813 3
    endloop
  endfacet
  facet normal -0.471394 0.881923 0
    outer loop
      vertex -7.51891 15.2468 3
      vertex -8.5 14.7224 17.15
      vertex -7.51891 15.2468 17.15
    endloop
  endfacet
  facet normal -0.471394 0.881923 0
    outer loop
      vertex -8.5 14.7224 17.15
      vertex -7.51891 15.2468 3
      vertex -8.5 14.7224 3
    endloop
  endfacet
  facet normal -0.582509 -0.812824 0
    outer loop
      vertex -10.3489 -13.487 3
      vertex -9.44469 -14.135 17.15
      vertex -10.3489 -13.487 17.15
    endloop
  endfacet
  facet normal -0.582509 -0.812824 -0
    outer loop
      vertex -9.44469 -14.135 17.15
      vertex -10.3489 -13.487 3
      vertex -9.44469 -14.135 3
    endloop
  endfacet
  facet normal 0.582509 -0.812824 0
    outer loop
      vertex 9.44469 -14.135 3
      vertex 10.3489 -13.487 17.15
      vertex 9.44469 -14.135 17.15
    endloop
  endfacet
  facet normal 0.582509 -0.812824 0
    outer loop
      vertex 10.3489 -13.487 17.15
      vertex 9.44469 -14.135 3
      vertex 10.3489 -13.487 3
    endloop
  endfacet
  facet normal 0 0 1
    outer loop
      vertex 13.8564 0 17.15
      vertex 17 0 17.15
      vertex 16.9636 1.11185 17.15
    endloop
  endfacet
  facet normal 0 0 1
    outer loop
      vertex 13.8564 0 17.15
      vertex 16.9636 1.11185 17.15
      vertex 16.8546 2.21894 17.15
    endloop
  endfacet
  facet normal 0 0 1
    outer loop
      vertex 17 0 17.15
      vertex 13.8564 0 17.15
      vertex 16.9636 -1.11185 17.15
    endloop
  endfacet
  facet normal 0 0 1
    outer loop
      vertex 13.8564 0 17.15
      vertex 16.8546 2.21894 17.15
      vertex 16.6733 3.31653 17.15
    endloop
  endfacet
  facet normal 0 0 1
    outer loop
      vertex 16.9636 -1.11185 17.15
      vertex 13.8564 0 17.15
      vertex 16.8546 -2.21894 17.15
    endloop
  endfacet
  facet normal 0 0 1
    outer loop
      vertex 13.8564 0 17.15
      vertex 16.6733 3.31653 17.15
      vertex 16.4207 4.39992 17.15
    endloop
  endfacet
  facet normal 0 0 1
    outer loop
      vertex 16.8546 -2.21894 17.15
      vertex 13.8564 0 17.15
      vertex 16.6733 -3.31653 17.15
    endloop
  endfacet
  facet normal 0 0 1
    outer loop
      vertex 13.8564 0 17.15
      vertex 16.4207 4.39992 17.15
      vertex 16.0978 5.46447 17.15
    endloop
  endfacet
  facet normal 0 0 1
    outer loop
      vertex 16.6733 -3.31653 17.15
      vertex 13.8564 0 17.15
      vertex 16.4207 -4.39992 17.15
    endloop
  endfacet
  facet normal 0 0 1
    outer loop
      vertex 13.8564 0 17.15
      vertex 16.0978 5.46447 17.15
      vertex 15.706 6.50562 17.15
    endloop
  endfacet
  facet normal 0 0 1
    outer loop
      vertex 16.4207 -4.39992 17.15
      vertex 13.8564 0 17.15
      vertex 16.0978 -5.46447 17.15
    endloop
  endfacet
  facet normal 0 0 1
    outer loop
      vertex 13.8564 0 17.15
      vertex 15.706 6.50562 17.15
      vertex 15.2468 7.51891 17.15
    endloop
  endfacet
  facet normal 0 0 1
    outer loop
      vertex 16.0978 -5.46447 17.15
      vertex 13.8564 0 17.15
      vertex 15.706 -6.50562 17.15
    endloop
  endfacet
  facet normal 0 0 1
    outer loop
      vertex 13.8564 0 17.15
      vertex 15.2468 7.51891 17.15
      vertex 14.7224 8.5 17.15
    endloop
  endfacet
  facet normal 0 0 1
    outer loop
      vertex 15.706 -6.50562 17.15
      vertex 13.8564 0 17.15
      vertex 15.2468 -7.51891 17.15
    endloop
  endfacet
  facet normal 0 0 1
    outer loop
      vertex 6.9282 12 17.15
      vertex 14.7224 8.5 17.15
      vertex 14.135 9.44469 17.15
    endloop
  endfacet
  facet normal 0 0 1
    outer loop
      vertex 15.2468 -7.51891 17.15
      vertex 13.8564 0 17.15
      vertex 14.7224 -8.5 17.15
    endloop
  endfacet
  facet normal 0 0 1
    outer loop
      vertex 6.9282 -12 17.15
      vertex 14.7224 -8.5 17.15
      vertex 13.8564 0 17.15
    endloop
  endfacet
  facet normal 0 0 1
    outer loop
      vertex 6.9282 12 17.15
      vertex 14.135 9.44469 17.15
      vertex 13.487 10.3489 17.15
    endloop
  endfacet
  facet normal 0 0 1
    outer loop
      vertex 6.9282 12 17.15
      vertex 13.487 10.3489 17.15
      vertex 12.7813 11.2089 17.15
    endloop
  endfacet
  facet normal -0 0 1
    outer loop
      vertex 6.9282 12 17.15
      vertex 12.7813 11.2089 17.15
      vertex 12.0208 12.0208 17.15
    endloop
  endfacet
  facet normal 0 0 1
    outer loop
      vertex 6.9282 12 17.15
      vertex 12.0208 12.0208 17.15
      vertex 11.2089 12.7813 17.15
    endloop
  endfacet
  facet normal 0 0 1
    outer loop
      vertex 6.9282 12 17.15
      vertex 11.2089 12.7813 17.15
      vertex 10.3489 13.487 17.15
    endloop
  endfacet
  facet normal 0 0 1
    outer loop
      vertex 6.9282 12 17.15
      vertex 10.3489 13.487 17.15
      vertex 9.44469 14.135 17.15
    endloop
  endfacet
  facet normal 0 0 1
    outer loop
      vertex 6.9282 12 17.15
      vertex 9.44469 14.135 17.15
      vertex 8.5 14.7224 17.15
    endloop
  endfacet
  facet normal 0 0 1
    outer loop
      vertex 6.9282 12 17.15
      vertex 8.5 14.7224 17.15
      vertex 7.51891 15.2468 17.15
    endloop
  endfacet
  facet normal 0 0 1
    outer loop
      vertex 14.7224 8.5 17.15
      vertex 6.9282 12 17.15
      vertex 13.8564 0 17.15
    endloop
  endfacet
  facet normal 0 0 1
    outer loop
      vertex 6.50562 15.706 17.15
      vertex 6.9282 12 17.15
      vertex 7.51891 15.2468 17.15
    endloop
  endfacet
  facet normal 0 0 1
    outer loop
      vertex 5.46447 16.0978 17.15
      vertex 6.9282 12 17.15
      vertex 6.50562 15.706 17.15
    endloop
  endfacet
  facet normal 0 0 1
    outer loop
      vertex 4.39992 16.4207 17.15
      vertex 6.9282 12 17.15
      vertex 5.46447 16.0978 17.15
    endloop
  endfacet
  facet normal 0 0 1
    outer loop
      vertex 3.31653 16.6733 17.15
      vertex 6.9282 12 17.15
      vertex 4.39992 16.4207 17.15
    endloop
  endfacet
  facet normal 0 0 1
    outer loop
      vertex 2.21894 16.8546 17.15
      vertex 6.9282 12 17.15
      vertex 3.31653 16.6733 17.15
    endloop
  endfacet
  facet normal 0 0 1
    outer loop
      vertex 1.11185 16.9636 17.15
      vertex 6.9282 12 17.15
      vertex 2.21894 16.8546 17.15
    endloop
  endfacet
  facet normal 0 0 1
    outer loop
      vertex 0 17 17.15
      vertex 6.9282 12 17.15
      vertex 1.11185 16.9636 17.15
    endloop
  endfacet
  facet normal 0 0 1
    outer loop
      vertex -6.9282 12 17.15
      vertex 0 17 17.15
      vertex -1.11185 16.9636 17.15
    endloop
  endfacet
  facet normal 0 0 1
    outer loop
      vertex -6.9282 12 17.15
      vertex -1.11185 16.9636 17.15
      vertex -2.21894 16.8546 17.15
    endloop
  endfacet
  facet normal 0 0 1
    outer loop
      vertex -6.9282 12 17.15
      vertex -2.21894 16.8546 17.15
      vertex -3.31653 16.6733 17.15
    endloop
  endfacet
  facet normal 0 0 1
    outer loop
      vertex -6.9282 12 17.15
      vertex -3.31653 16.6733 17.15
      vertex -4.39992 16.4207 17.15
    endloop
  endfacet
  facet normal 0 0 1
    outer loop
      vertex -6.9282 12 17.15
      vertex -4.39992 16.4207 17.15
      vertex -5.46447 16.0978 17.15
    endloop
  endfacet
  facet normal 0 0 1
    outer loop
      vertex -6.9282 12 17.15
      vertex -5.46447 16.0978 17.15
      vertex -6.50562 15.706 17.15
    endloop
  endfacet
  facet normal 0 0 1
    outer loop
      vertex 0 17 17.15
      vertex -6.9282 12 17.15
      vertex 6.9282 12 17.15
    endloop
  endfacet
  facet normal -0 0 1
    outer loop
      vertex -7.51891 15.2468 17.15
      vertex -6.9282 12 17.15
      vertex -6.50562 15.706 17.15
    endloop
  endfacet
  facet normal -0 0 1
    outer loop
      vertex -8.5 14.7224 17.15
      vertex -6.9282 12 17.15
      vertex -7.51891 15.2468 17.15
    endloop
  endfacet
  facet normal -0 0 1
    outer loop
      vertex -9.44469 14.135 17.15
      vertex -6.9282 12 17.15
      vertex -8.5 14.7224 17.15
    endloop
  endfacet
  facet normal -0 0 1
    outer loop
      vertex -10.3489 13.487 17.15
      vertex -6.9282 12 17.15
      vertex -9.44469 14.135 17.15
    endloop
  endfacet
  facet normal -0 0 1
    outer loop
      vertex -11.2089 12.7813 17.15
      vertex -6.9282 12 17.15
      vertex -10.3489 13.487 17.15
    endloop
  endfacet
  facet normal -0 0 1
    outer loop
      vertex -12.0208 12.0208 17.15
      vertex -6.9282 12 17.15
      vertex -11.2089 12.7813 17.15
    endloop
  endfacet
  facet normal 0 0 1
    outer loop
      vertex -12.7813 11.2089 17.15
      vertex -6.9282 12 17.15
      vertex -12.0208 12.0208 17.15
    endloop
  endfacet
  facet normal 0 0 1
    outer loop
      vertex -13.487 10.3489 17.15
      vertex -6.9282 12 17.15
      vertex -12.7813 11.2089 17.15
    endloop
  endfacet
  facet normal 0 0 1
    outer loop
      vertex -14.135 9.44469 17.15
      vertex -6.9282 12 17.15
      vertex -13.487 10.3489 17.15
    endloop
  endfacet
  facet normal 0 0 1
    outer loop
      vertex -14.7224 8.5 17.15
      vertex -6.9282 12 17.15
      vertex -14.135 9.44469 17.15
    endloop
  endfacet
  facet normal 0 0 1
    outer loop
      vertex 14.7224 -8.5 17.15
      vertex 6.9282 -12 17.15
      vertex 14.135 -9.44469 17.15
    endloop
  endfacet
  facet normal 0 0 1
    outer loop
      vertex 14.135 -9.44469 17.15
      vertex 6.9282 -12 17.15
      vertex 13.487 -10.3489 17.15
    endloop
  endfacet
  facet normal 0 0 1
    outer loop
      vertex 13.487 -10.3489 17.15
      vertex 6.9282 -12 17.15
      vertex 12.7813 -11.2089 17.15
    endloop
  endfacet
  facet normal 0 0 1
    outer loop
      vertex 12.7813 -11.2089 17.15
      vertex 6.9282 -12 17.15
      vertex 12.0208 -12.0208 17.15
    endloop
  endfacet
  facet normal 0 0 1
    outer loop
      vertex 12.0208 -12.0208 17.15
      vertex 6.9282 -12 17.15
      vertex 11.2089 -12.7813 17.15
    endloop
  endfacet
  facet normal 0 0 1
    outer loop
      vertex 11.2089 -12.7813 17.15
      vertex 6.9282 -12 17.15
      vertex 10.3489 -13.487 17.15
    endloop
  endfacet
  facet normal 0 0 1
    outer loop
      vertex 10.3489 -13.487 17.15
      vertex 6.9282 -12 17.15
      vertex 9.44469 -14.135 17.15
    endloop
  endfacet
  facet normal 0 0 1
    outer loop
      vertex 9.44469 -14.135 17.15
      vertex 6.9282 -12 17.15
      vertex 8.5 -14.7224 17.15
    endloop
  endfacet
  facet normal 0 0 1
    outer loop
      vertex 8.5 -14.7224 17.15
      vertex 6.9282 -12 17.15
      vertex 7.51891 -15.2468 17.15
    endloop
  endfacet
  facet normal 0 0 1
    outer loop
      vertex 6.9282 -12 17.15
      vertex 6.50562 -15.706 17.15
      vertex 7.51891 -15.2468 17.15
    endloop
  endfacet
  facet normal 0 0 1
    outer loop
      vertex 6.9282 -12 17.15
      vertex 5.46447 -16.0978 17.15
      vertex 6.50562 -15.706 17.15
    endloop
  endfacet
  facet normal 0 0 1
    outer loop
      vertex 6.9282 -12 17.15
      vertex 4.39992 -16.4207 17.15
      vertex 5.46447 -16.0978 17.15
    endloop
  endfacet
  facet normal 0 0 1
    outer loop
      vertex 6.9282 -12 17.15
      vertex 3.31653 -16.6733 17.15
      vertex 4.39992 -16.4207 17.15
    endloop
  endfacet
  facet normal 0 0 1
    outer loop
      vertex 6.9282 -12 17.15
      vertex 2.21894 -16.8546 17.15
      vertex 3.31653 -16.6733 17.15
    endloop
  endfacet
  facet normal 0 0 1
    outer loop
      vertex 6.9282 -12 17.15
      vertex 1.11185 -16.9636 17.15
      vertex 2.21894 -16.8546 17.15
    endloop
  endfacet
  facet normal 0 0 1
    outer loop
      vertex 6.9282 -12 17.15
      vertex 0 -17 17.15
      vertex 1.11185 -16.9636 17.15
    endloop
  endfacet
  facet normal -0 0 1
    outer loop
      vertex -6.9282 -12 17.15
      vertex 0 -17 17.15
      vertex 6.9282 -12 17.15
    endloop
  endfacet
  facet normal 0 0 1
    outer loop
      vertex 0 -17 17.15
      vertex -6.9282 -12 17.15
      vertex -1.11185 -16.9636 17.15
    endloop
  endfacet
  facet normal 0 0 1
    outer loop
      vertex -1.11185 -16.9636 17.15
      vertex -6.9282 -12 17.15
      vertex -2.21894 -16.8546 17.15
    endloop
  endfacet
  facet normal 0 0 1
    outer loop
      vertex -2.21894 -16.8546 17.15
      vertex -6.9282 -12 17.15
      vertex -3.31653 -16.6733 17.15
    endloop
  endfacet
  facet normal 0 0 1
    outer loop
      vertex -3.31653 -16.6733 17.15
      vertex -6.9282 -12 17.15
      vertex -4.39992 -16.4207 17.15
    endloop
  endfacet
  facet normal 0 0 1
    outer loop
      vertex -4.39992 -16.4207 17.15
      vertex -6.9282 -12 17.15
      vertex -5.46447 -16.0978 17.15
    endloop
  endfacet
  facet normal 0 0 1
    outer loop
      vertex -5.46447 -16.0978 17.15
      vertex -6.9282 -12 17.15
      vertex -6.50562 -15.706 17.15
    endloop
  endfacet
  facet normal 0 0 1
    outer loop
      vertex -6.9282 -12 17.15
      vertex -7.51891 -15.2468 17.15
      vertex -6.50562 -15.706 17.15
    endloop
  endfacet
  facet normal 0 0 1
    outer loop
      vertex -6.9282 -12 17.15
      vertex -8.5 -14.7224 17.15
      vertex -7.51891 -15.2468 17.15
    endloop
  endfacet
  facet normal 0 0 1
    outer loop
      vertex -6.9282 -12 17.15
      vertex -9.44469 -14.135 17.15
      vertex -8.5 -14.7224 17.15
    endloop
  endfacet
  facet normal 0 0 1
    outer loop
      vertex -6.9282 -12 17.15
      vertex -10.3489 -13.487 17.15
      vertex -9.44469 -14.135 17.15
    endloop
  endfacet
  facet normal 0 0 1
    outer loop
      vertex -6.9282 -12 17.15
      vertex -11.2089 -12.7813 17.15
      vertex -10.3489 -13.487 17.15
    endloop
  endfacet
  facet normal 0 0 1
    outer loop
      vertex -6.9282 -12 17.15
      vertex -12.0208 -12.0208 17.15
      vertex -11.2089 -12.7813 17.15
    endloop
  endfacet
  facet normal 0 0 1
    outer loop
      vertex -6.9282 -12 17.15
      vertex -12.7813 -11.2089 17.15
      vertex -12.0208 -12.0208 17.15
    endloop
  endfacet
  facet normal 0 0 1
    outer loop
      vertex -6.9282 -12 17.15
      vertex -13.487 -10.3489 17.15
      vertex -12.7813 -11.2089 17.15
    endloop
  endfacet
  facet normal -0 0 1
    outer loop
      vertex -14.7224 -8.5 17.15
      vertex -6.9282 -12 17.15
      vertex -13.8564 0 17.15
    endloop
  endfacet
  facet normal 0 0 1
    outer loop
      vertex -6.9282 -12 17.15
      vertex -14.135 -9.44469 17.15
      vertex -13.487 -10.3489 17.15
    endloop
  endfacet
  facet normal 0 0 1
    outer loop
      vertex -6.9282 12 17.15
      vertex -14.7224 8.5 17.15
      vertex -13.8564 0 17.15
    endloop
  endfacet
  facet normal -0 0 1
    outer loop
      vertex -15.2468 7.51891 17.15
      vertex -13.8564 0 17.15
      vertex -14.7224 8.5 17.15
    endloop
  endfacet
  facet normal 0 0 1
    outer loop
      vertex -6.9282 -12 17.15
      vertex -14.7224 -8.5 17.15
      vertex -14.135 -9.44469 17.15
    endloop
  endfacet
  facet normal -0 0 1
    outer loop
      vertex -15.706 6.50562 17.15
      vertex -13.8564 0 17.15
      vertex -15.2468 7.51891 17.15
    endloop
  endfacet
  facet normal 0 0 1
    outer loop
      vertex -13.8564 0 17.15
      vertex -15.2468 -7.51891 17.15
      vertex -14.7224 -8.5 17.15
    endloop
  endfacet
  facet normal -0 0 1
    outer loop
      vertex -16.0978 5.46447 17.15
      vertex -13.8564 0 17.15
      vertex -15.706 6.50562 17.15
    endloop
  endfacet
  facet normal 0 0 1
    outer loop
      vertex -13.8564 0 17.15
      vertex -15.706 -6.50562 17.15
      vertex -15.2468 -7.51891 17.15
    endloop
  endfacet
  facet normal -0 0 1
    outer loop
      vertex -16.4207 4.39992 17.15
      vertex -13.8564 0 17.15
      vertex -16.0978 5.46447 17.15
    endloop
  endfacet
  facet normal 0 0 1
    outer loop
      vertex -13.8564 0 17.15
      vertex -16.0978 -5.46447 17.15
      vertex -15.706 -6.50562 17.15
    endloop
  endfacet
  facet normal -0 0 1
    outer loop
      vertex -16.6733 3.31653 17.15
      vertex -13.8564 0 17.15
      vertex -16.4207 4.39992 17.15
    endloop
  endfacet
  facet normal 0 0 1
    outer loop
      vertex -13.8564 0 17.15
      vertex -16.4207 -4.39992 17.15
      vertex -16.0978 -5.46447 17.15
    endloop
  endfacet
  facet normal -0 0 1
    outer loop
      vertex -16.8546 2.21894 17.15
      vertex -13.8564 0 17.15
      vertex -16.6733 3.31653 17.15
    endloop
  endfacet
  facet normal 0 0 1
    outer loop
      vertex -13.8564 0 17.15
      vertex -16.6733 -3.31653 17.15
      vertex -16.4207 -4.39992 17.15
    endloop
  endfacet
  facet normal -0 0 1
    outer loop
      vertex -16.9636 1.11185 17.15
      vertex -13.8564 0 17.15
      vertex -16.8546 2.21894 17.15
    endloop
  endfacet
  facet normal 0 0 1
    outer loop
      vertex -13.8564 0 17.15
      vertex -16.8546 -2.21894 17.15
      vertex -16.6733 -3.31653 17.15
    endloop
  endfacet
  facet normal 0 0 1
    outer loop
      vertex -17 0 17.15
      vertex -13.8564 0 17.15
      vertex -16.9636 1.11185 17.15
    endloop
  endfacet
  facet normal 0 0 1
    outer loop
      vertex -13.8564 0 17.15
      vertex -16.9636 -1.11185 17.15
      vertex -16.8546 -2.21894 17.15
    endloop
  endfacet
  facet normal 0 0 1
    outer loop
      vertex -13.8564 0 17.15
      vertex -17 0 17.15
      vertex -16.9636 -1.11185 17.15
    endloop
  endfacet
  facet normal -0.471394 -0.881923 0
    outer loop
      vertex -8.5 -14.7224 3
      vertex -7.51891 -15.2468 17.15
      vertex -8.5 -14.7224 17.15
    endloop
  endfacet
  facet normal -0.471394 -0.881923 -0
    outer loop
      vertex -7.51891 -15.2468 17.15
      vertex -8.5 -14.7224 3
      vertex -7.51891 -15.2468 3
    endloop
  endfacet
  facet normal -0.0980469 0.995182 0
    outer loop
      vertex -1.63508 24.9465 3.8147e-07
      vertex -3.26315 24.7861 3
      vertex -1.63508 24.9465 3
    endloop
  endfacet
  facet normal -0.0980469 0.995182 0
    outer loop
      vertex -3.26315 24.7861 3
      vertex -1.63508 24.9465 3.8147e-07
      vertex -3.26315 24.7861 3.8147e-07
    endloop
  endfacet
  facet normal 0.999465 -0.0327026 0
    outer loop
      vertex 24.9465 -1.63508 3
      vertex 25 0 3.8147e-07
      vertex 25 0 3
    endloop
  endfacet
  facet normal 0.999465 -0.0327026 0
    outer loop
      vertex 25 0 3.8147e-07
      vertex 24.9465 -1.63508 3
      vertex 24.9465 -1.63508 3.8147e-07
    endloop
  endfacet
  facet normal 0.995182 0.0980469 0
    outer loop
      vertex 24.9465 1.63508 3
      vertex 24.7861 3.26315 3.8147e-07
      vertex 24.7861 3.26315 3
    endloop
  endfacet
  facet normal 0.995182 0.0980469 0
    outer loop
      vertex 24.7861 3.26315 3.8147e-07
      vertex 24.9465 1.63508 3
      vertex 24.9465 1.63508 3.8147e-07
    endloop
  endfacet
  facet normal 0.999465 0.0327026 0
    outer loop
      vertex 25 0 3
      vertex 24.9465 1.63508 3.8147e-07
      vertex 24.9465 1.63508 3
    endloop
  endfacet
  facet normal 0.999465 0.0327026 0
    outer loop
      vertex 24.9465 1.63508 3.8147e-07
      vertex 25 0 3
      vertex 25 0 3.8147e-07
    endloop
  endfacet
  facet normal 0.986642 0.162901 0
    outer loop
      vertex 24.7861 3.26315 3
      vertex 24.5196 4.87726 3.8147e-07
      vertex 24.5196 4.87726 3
    endloop
  endfacet
  facet normal 0.986642 0.162901 0
    outer loop
      vertex 24.5196 4.87726 3.8147e-07
      vertex 24.7861 3.26315 3
      vertex 24.7861 3.26315 3.8147e-07
    endloop
  endfacet
  facet normal -0.935899 -0.352269 0
    outer loop
      vertex -23.097 -9.56709 3.8147e-07
      vertex -23.6733 -8.03599 3
      vertex -23.6733 -8.03599 3.8147e-07
    endloop
  endfacet
  facet normal -0.935899 -0.352269 0
    outer loop
      vertex -23.6733 -8.03599 3
      vertex -23.097 -9.56709 3.8147e-07
      vertex -23.097 -9.56709 3
    endloop
  endfacet
  facet normal 0.162901 0.986642 -0
    outer loop
      vertex 4.87726 24.5196 3.8147e-07
      vertex 3.26315 24.7861 3
      vertex 4.87726 24.5196 3
    endloop
  endfacet
  facet normal 0.162901 0.986642 0
    outer loop
      vertex 3.26315 24.7861 3
      vertex 4.87726 24.5196 3.8147e-07
      vertex 3.26315 24.7861 3.8147e-07
    endloop
  endfacet
  facet normal -0.412727 -0.910855 0
    outer loop
      vertex -11.0572 -22.4218 3.8147e-07
      vertex -9.56709 -23.097 3
      vertex -11.0572 -22.4218 3
    endloop
  endfacet
  facet normal -0.412727 -0.910855 -0
    outer loop
      vertex -9.56709 -23.097 3
      vertex -11.0572 -22.4218 3.8147e-07
      vertex -9.56709 -23.097 3.8147e-07
    endloop
  endfacet
  facet normal -0.956956 -0.290233 0
    outer loop
      vertex -23.6733 -8.03599 3.8147e-07
      vertex -24.1481 -6.47048 3
      vertex -24.1481 -6.47048 3.8147e-07
    endloop
  endfacet
  facet normal -0.956956 -0.290233 0
    outer loop
      vertex -24.1481 -6.47048 3
      vertex -23.6733 -8.03599 3.8147e-07
      vertex -23.6733 -8.03599 3
    endloop
  endfacet
  facet normal -0.995182 -0.0980469 0
    outer loop
      vertex -24.7861 -3.26315 3.8147e-07
      vertex -24.9465 -1.63508 3
      vertex -24.9465 -1.63508 3.8147e-07
    endloop
  endfacet
  facet normal -0.995182 -0.0980469 0
    outer loop
      vertex -24.9465 -1.63508 3
      vertex -24.7861 -3.26315 3.8147e-07
      vertex -24.7861 -3.26315 3
    endloop
  endfacet
  facet normal 0.956956 -0.290233 0
    outer loop
      vertex 23.6733 -8.03599 3
      vertex 24.1481 -6.47048 3.8147e-07
      vertex 24.1481 -6.47048 3
    endloop
  endfacet
  facet normal 0.956956 -0.290233 0
    outer loop
      vertex 24.1481 -6.47048 3.8147e-07
      vertex 23.6733 -8.03599 3
      vertex 23.6733 -8.03599 3.8147e-07
    endloop
  endfacet
  facet normal 0.0327026 -0.999465 0
    outer loop
      vertex 0 -25 3.8147e-07
      vertex 1.63508 -24.9465 3
      vertex 0 -25 3
    endloop
  endfacet
  facet normal 0.0327026 -0.999465 0
    outer loop
      vertex 1.63508 -24.9465 3
      vertex 0 -25 3.8147e-07
      vertex 1.63508 -24.9465 3.8147e-07
    endloop
  endfacet
  facet normal 0.162901 -0.986642 0
    outer loop
      vertex 3.26315 -24.7861 3.8147e-07
      vertex 4.87726 -24.5196 3
      vertex 3.26315 -24.7861 3
    endloop
  endfacet
  facet normal 0.162901 -0.986642 0
    outer loop
      vertex 4.87726 -24.5196 3
      vertex 3.26315 -24.7861 3.8147e-07
      vertex 4.87726 -24.5196 3.8147e-07
    endloop
  endfacet
  facet normal 0.0980469 0.995182 -0
    outer loop
      vertex 3.26315 24.7861 3.8147e-07
      vertex 1.63508 24.9465 3
      vertex 3.26315 24.7861 3
    endloop
  endfacet
  facet normal 0.0980469 0.995182 0
    outer loop
      vertex 1.63508 24.9465 3
      vertex 3.26315 24.7861 3.8147e-07
      vertex 1.63508 24.9465 3.8147e-07
    endloop
  endfacet
  facet normal -0.582498 -0.812832 0
    outer loop
      vertex -15.219 -19.8338 3.8147e-07
      vertex -13.8893 -20.7867 3
      vertex -15.219 -19.8338 3
    endloop
  endfacet
  facet normal -0.582498 -0.812832 -0
    outer loop
      vertex -13.8893 -20.7867 3
      vertex -15.219 -19.8338 3.8147e-07
      vertex -13.8893 -20.7867 3.8147e-07
    endloop
  endfacet
  facet normal 0.582498 0.812832 -0
    outer loop
      vertex 15.219 19.8338 3.8147e-07
      vertex 13.8893 20.7867 3
      vertex 15.219 19.8338 3
    endloop
  endfacet
  facet normal 0.582498 0.812832 0
    outer loop
      vertex 13.8893 20.7867 3
      vertex 15.219 19.8338 3.8147e-07
      vertex 13.8893 20.7867 3.8147e-07
    endloop
  endfacet
  facet normal -0.227084 -0.973875 0
    outer loop
      vertex -6.47048 -24.1481 3.8147e-07
      vertex -4.87726 -24.5196 3
      vertex -6.47048 -24.1481 3
    endloop
  endfacet
  facet normal -0.227084 -0.973875 -0
    outer loop
      vertex -4.87726 -24.5196 3
      vertex -6.47048 -24.1481 3.8147e-07
      vertex -4.87726 -24.5196 3.8147e-07
    endloop
  endfacet
  facet normal -0.973875 -0.227084 0
    outer loop
      vertex -24.1481 -6.47048 3.8147e-07
      vertex -24.5196 -4.87726 3
      vertex -24.5196 -4.87726 3.8147e-07
    endloop
  endfacet
  facet normal -0.973875 -0.227084 0
    outer loop
      vertex -24.5196 -4.87726 3
      vertex -24.1481 -6.47048 3.8147e-07
      vertex -24.1481 -6.47048 3
    endloop
  endfacet
  facet normal 0.910855 -0.412727 0
    outer loop
      vertex 22.4218 -11.0572 3
      vertex 23.097 -9.56709 3.8147e-07
      vertex 23.097 -9.56709 3
    endloop
  endfacet
  facet normal 0.910855 -0.412727 0
    outer loop
      vertex 23.097 -9.56709 3.8147e-07
      vertex 22.4218 -11.0572 3
      vertex 22.4218 -11.0572 3.8147e-07
    endloop
  endfacet
  facet normal 0.528058 -0.849208 0
    outer loop
      vertex 12.5 -21.6506 3.8147e-07
      vertex 13.8893 -20.7867 3
      vertex 12.5 -21.6506 3
    endloop
  endfacet
  facet normal 0.528058 -0.849208 0
    outer loop
      vertex 13.8893 -20.7867 3
      vertex 12.5 -21.6506 3.8147e-07
      vertex 13.8893 -20.7867 3.8147e-07
    endloop
  endfacet
  facet normal -0.352269 0.935899 0
    outer loop
      vertex -8.03599 23.6733 3.8147e-07
      vertex -9.56709 23.097 3
      vertex -8.03599 23.6733 3
    endloop
  endfacet
  facet normal -0.352269 0.935899 0
    outer loop
      vertex -9.56709 23.097 3
      vertex -8.03599 23.6733 3.8147e-07
      vertex -9.56709 23.097 3.8147e-07
    endloop
  endfacet
  facet normal 0.528058 0.849208 -0
    outer loop
      vertex 13.8893 20.7867 3.8147e-07
      vertex 12.5 21.6506 3
      vertex 13.8893 20.7867 3
    endloop
  endfacet
  facet normal 0.528058 0.849208 0
    outer loop
      vertex 12.5 21.6506 3
      vertex 13.8893 20.7867 3.8147e-07
      vertex 12.5 21.6506 3.8147e-07
    endloop
  endfacet
  facet normal -0.986642 0.162901 0
    outer loop
      vertex -24.7861 3.26315 3.8147e-07
      vertex -24.5196 4.87726 3
      vertex -24.5196 4.87726 3.8147e-07
    endloop
  endfacet
  facet normal -0.986642 0.162901 0
    outer loop
      vertex -24.5196 4.87726 3
      vertex -24.7861 3.26315 3.8147e-07
      vertex -24.7861 3.26315 3
    endloop
  endfacet
  facet normal 0.935899 -0.352269 0
    outer loop
      vertex 23.097 -9.56709 3
      vertex 23.6733 -8.03599 3.8147e-07
      vertex 23.6733 -8.03599 3
    endloop
  endfacet
  facet normal 0.935899 -0.352269 0
    outer loop
      vertex 23.6733 -8.03599 3.8147e-07
      vertex 23.097 -9.56709 3
      vertex 23.097 -9.56709 3.8147e-07
    endloop
  endfacet
  facet normal 0.729894 -0.683561 0
    outer loop
      vertex 17.6777 -17.6777 3
      vertex 18.796 -16.4836 3.8147e-07
      vertex 18.796 -16.4836 3
    endloop
  endfacet
  facet normal 0.729894 -0.683561 0
    outer loop
      vertex 18.796 -16.4836 3.8147e-07
      vertex 17.6777 -17.6777 3
      vertex 17.6777 -17.6777 3.8147e-07
    endloop
  endfacet
  facet normal -0.995182 0.0980469 0
    outer loop
      vertex -24.9465 1.63508 3.8147e-07
      vertex -24.7861 3.26315 3
      vertex -24.7861 3.26315 3.8147e-07
    endloop
  endfacet
  facet normal -0.995182 0.0980469 0
    outer loop
      vertex -24.7861 3.26315 3
      vertex -24.9465 1.63508 3.8147e-07
      vertex -24.9465 1.63508 3
    endloop
  endfacet
  facet normal -0.881919 0.4714 0
    outer loop
      vertex -22.4218 11.0572 3.8147e-07
      vertex -21.6506 12.5 3
      vertex -21.6506 12.5 3.8147e-07
    endloop
  endfacet
  facet normal -0.881919 0.4714 0
    outer loop
      vertex -21.6506 12.5 3
      vertex -22.4218 11.0572 3.8147e-07
      vertex -22.4218 11.0572 3
    endloop
  endfacet
  facet normal -0.881919 -0.4714 0
    outer loop
      vertex -21.6506 -12.5 3.8147e-07
      vertex -22.4218 -11.0572 3
      vertex -22.4218 -11.0572 3.8147e-07
    endloop
  endfacet
  facet normal -0.881919 -0.4714 0
    outer loop
      vertex -22.4218 -11.0572 3
      vertex -21.6506 -12.5 3.8147e-07
      vertex -21.6506 -12.5 3
    endloop
  endfacet
  facet normal 0.849208 0.528058 0
    outer loop
      vertex 21.6506 12.5 3
      vertex 20.7867 13.8893 3.8147e-07
      vertex 20.7867 13.8893 3
    endloop
  endfacet
  facet normal 0.849208 0.528058 0
    outer loop
      vertex 20.7867 13.8893 3.8147e-07
      vertex 21.6506 12.5 3
      vertex 21.6506 12.5 3.8147e-07
    endloop
  endfacet
  facet normal 0.973875 0.227084 0
    outer loop
      vertex 24.5196 4.87726 3
      vertex 24.1481 6.47048 3.8147e-07
      vertex 24.1481 6.47048 3
    endloop
  endfacet
  facet normal 0.973875 0.227084 0
    outer loop
      vertex 24.1481 6.47048 3.8147e-07
      vertex 24.5196 4.87726 3
      vertex 24.5196 4.87726 3.8147e-07
    endloop
  endfacet
  facet normal 0.910855 0.412727 0
    outer loop
      vertex 23.097 9.56709 3
      vertex 22.4218 11.0572 3.8147e-07
      vertex 22.4218 11.0572 3
    endloop
  endfacet
  facet normal 0.910855 0.412727 0
    outer loop
      vertex 22.4218 11.0572 3.8147e-07
      vertex 23.097 9.56709 3
      vertex 23.097 9.56709 3.8147e-07
    endloop
  endfacet
  facet normal -0.162901 0.986642 0
    outer loop
      vertex -3.26315 24.7861 3.8147e-07
      vertex -4.87726 24.5196 3
      vertex -3.26315 24.7861 3
    endloop
  endfacet
  facet normal -0.162901 0.986642 0
    outer loop
      vertex -4.87726 24.5196 3
      vertex -3.26315 24.7861 3.8147e-07
      vertex -4.87726 24.5196 3.8147e-07
    endloop
  endfacet
  facet normal 0.986642 -0.162901 0
    outer loop
      vertex 24.5196 -4.87726 3
      vertex 24.7861 -3.26315 3.8147e-07
      vertex 24.7861 -3.26315 3
    endloop
  endfacet
  facet normal 0.986642 -0.162901 0
    outer loop
      vertex 24.7861 -3.26315 3.8147e-07
      vertex 24.5196 -4.87726 3
      vertex 24.5196 -4.87726 3.8147e-07
    endloop
  endfacet
  facet normal 0.683561 -0.729894 0
    outer loop
      vertex 16.4836 -18.796 3.8147e-07
      vertex 17.6777 -17.6777 3
      vertex 16.4836 -18.796 3
    endloop
  endfacet
  facet normal 0.683561 -0.729894 0
    outer loop
      vertex 17.6777 -17.6777 3
      vertex 16.4836 -18.796 3.8147e-07
      vertex 17.6777 -17.6777 3.8147e-07
    endloop
  endfacet
  facet normal -0.0327026 0.999465 0
    outer loop
      vertex 0 25 3.8147e-07
      vertex -1.63508 24.9465 3
      vertex 0 25 3
    endloop
  endfacet
  facet normal -0.0327026 0.999465 0
    outer loop
      vertex -1.63508 24.9465 3
      vertex 0 25 3.8147e-07
      vertex -1.63508 24.9465 3.8147e-07
    endloop
  endfacet
  facet normal 0.812832 -0.582498 0
    outer loop
      vertex 19.8338 -15.219 3
      vertex 20.7867 -13.8893 3.8147e-07
      vertex 20.7867 -13.8893 3
    endloop
  endfacet
  facet normal 0.812832 -0.582498 0
    outer loop
      vertex 20.7867 -13.8893 3.8147e-07
      vertex 19.8338 -15.219 3
      vertex 19.8338 -15.219 3.8147e-07
    endloop
  endfacet
  facet normal 0.729894 0.683561 0
    outer loop
      vertex 18.796 16.4836 3
      vertex 17.6777 17.6777 3.8147e-07
      vertex 17.6777 17.6777 3
    endloop
  endfacet
  facet normal 0.729894 0.683561 0
    outer loop
      vertex 17.6777 17.6777 3.8147e-07
      vertex 18.796 16.4836 3
      vertex 18.796 16.4836 3.8147e-07
    endloop
  endfacet
  facet normal 0 0 -1
    outer loop
      vertex -1.75581 8.82707 3.8147e-07
      vertex -8.81239 16.7917 3.8147e-07
      vertex -8.70712 17.1846 3.8147e-07
    endloop
  endfacet
  facet normal 0 0 -1
    outer loop
      vertex -24.1481 6.47048 3.8147e-07
      vertex -8.69333 2.32937 3.8147e-07
      vertex -8.82707 1.75581 3.8147e-07
    endloop
  endfacet
  facet normal 0 0 -1
    outer loop
      vertex -24.5196 4.87726 3.8147e-07
      vertex -8.82707 1.75581 3.8147e-07
      vertex -8.923 1.17474 3.8147e-07
    endloop
  endfacet
  facet normal 0 0 -1
    outer loop
      vertex -24.7861 3.26315 3.8147e-07
      vertex -8.923 1.17474 3.8147e-07
      vertex -8.98073 0.588628 3.8147e-07
    endloop
  endfacet
  facet normal 0 0 -1
    outer loop
      vertex -24.9465 1.63508 3.8147e-07
      vertex -8.98073 0.588628 3.8147e-07
      vertex -9 0 3.8147e-07
    endloop
  endfacet
  facet normal 0 0 -1
    outer loop
      vertex -8.52237 2.89295 3.8147e-07
      vertex -9.03391 16.4506 3.8147e-07
      vertex -8.81239 16.7917 3.8147e-07
    endloop
  endfacet
  facet normal 0 0 -1
    outer loop
      vertex -23.097 -9.56709 3.8147e-07
      vertex -8.31492 -3.44415 3.8147e-07
      vertex -22.4218 -11.0572 3.8147e-07
    endloop
  endfacet
  facet normal -0 0 -1
    outer loop
      vertex -8.31492 -3.44415 3.8147e-07
      vertex -23.097 -9.56709 3.8147e-07
      vertex -8.52237 -2.89295 3.8147e-07
    endloop
  endfacet
  facet normal 0 0 -1
    outer loop
      vertex -8.52237 2.89295 3.8147e-07
      vertex -9.35 16.1947 3.8147e-07
      vertex -9.03391 16.4506 3.8147e-07
    endloop
  endfacet
  facet normal 0 0 -1
    outer loop
      vertex -23.6733 -8.03599 3.8147e-07
      vertex -8.52237 -2.89295 3.8147e-07
      vertex -23.097 -9.56709 3.8147e-07
    endloop
  endfacet
  facet normal 0 0 -1
    outer loop
      vertex -8.52237 2.89295 3.8147e-07
      vertex -9.72971 16.0489 3.8147e-07
      vertex -9.35 16.1947 3.8147e-07
    endloop
  endfacet
  facet normal -0 0 -1
    outer loop
      vertex -8.52237 -2.89295 3.8147e-07
      vertex -23.6733 -8.03599 3.8147e-07
      vertex -8.69333 -2.32937 3.8147e-07
    endloop
  endfacet
  facet normal 0 -0 -1
    outer loop
      vertex -24.9465 1.63508 3.8147e-07
      vertex -9 0 3.8147e-07
      vertex -25 0 3.8147e-07
    endloop
  endfacet
  facet normal 0 0 -1
    outer loop
      vertex -24.1481 -6.47048 3.8147e-07
      vertex -8.69333 -2.32937 3.8147e-07
      vertex -23.6733 -8.03599 3.8147e-07
    endloop
  endfacet
  facet normal 0 0 -1
    outer loop
      vertex -8.52237 2.89295 3.8147e-07
      vertex -10.1359 16.0276 3.8147e-07
      vertex -9.72971 16.0489 3.8147e-07
    endloop
  endfacet
  facet normal 0 0 -1
    outer loop
      vertex -20.7867 -13.8893 3.8147e-07
      vertex -10.5288 -16.1329 3.8147e-07
      vertex -10.8699 -16.3544 3.8147e-07
    endloop
  endfacet
  facet normal 0 0 -1
    outer loop
      vertex -8.98073 0.588628 3.8147e-07
      vertex -24.9465 1.63508 3.8147e-07
      vertex -24.7861 3.26315 3.8147e-07
    endloop
  endfacet
  facet normal 0 0 -1
    outer loop
      vertex -18.796 -16.4836 3.8147e-07
      vertex -10.8699 -16.3544 3.8147e-07
      vertex -11.1258 -16.6705 3.8147e-07
    endloop
  endfacet
  facet normal 0 0 -1
    outer loop
      vertex -8.923 1.17474 3.8147e-07
      vertex -24.7861 3.26315 3.8147e-07
      vertex -24.5196 4.87726 3.8147e-07
    endloop
  endfacet
  facet normal 0 0 -1
    outer loop
      vertex -17.6777 -17.6777 3.8147e-07
      vertex -11.1258 -16.6705 3.8147e-07
      vertex -11.2716 -17.0502 3.8147e-07
    endloop
  endfacet
  facet normal 0 0 -1
    outer loop
      vertex -8.82707 1.75581 3.8147e-07
      vertex -24.5196 4.87726 3.8147e-07
      vertex -24.1481 6.47048 3.8147e-07
    endloop
  endfacet
  facet normal 0 0 -1
    outer loop
      vertex -16.4836 -18.796 3.8147e-07
      vertex -11.2716 -17.0502 3.8147e-07
      vertex -11.2929 -17.4564 3.8147e-07
    endloop
  endfacet
  facet normal 0 0 -1
    outer loop
      vertex -8.69333 2.32937 3.8147e-07
      vertex -24.1481 6.47048 3.8147e-07
      vertex -23.6733 8.03599 3.8147e-07
    endloop
  endfacet
  facet normal -0 0 -1
    outer loop
      vertex 20.7867 13.8893 3.8147e-07
      vertex 7.48323 5.00013 3.8147e-07
      vertex 19.8338 15.219 3.8147e-07
    endloop
  endfacet
  facet normal 0 0 -1
    outer loop
      vertex 7.14018 5.47885 3.8147e-07
      vertex 19.8338 15.219 3.8147e-07
      vertex 7.48323 5.00013 3.8147e-07
    endloop
  endfacet
  facet normal -0 0 -1
    outer loop
      vertex 19.8338 15.219 3.8147e-07
      vertex 7.14018 5.47885 3.8147e-07
      vertex 18.796 16.4836 3.8147e-07
    endloop
  endfacet
  facet normal 0 0 -1
    outer loop
      vertex 6.76656 5.93411 3.8147e-07
      vertex 18.796 16.4836 3.8147e-07
      vertex 7.14018 5.47885 3.8147e-07
    endloop
  endfacet
  facet normal -0 0 -1
    outer loop
      vertex 18.796 16.4836 3.8147e-07
      vertex 6.76656 5.93411 3.8147e-07
      vertex 17.6777 17.6777 3.8147e-07
    endloop
  endfacet
  facet normal 0 0 -1
    outer loop
      vertex 6.36396 6.36396 3.8147e-07
      vertex 17.6777 17.6777 3.8147e-07
      vertex 6.76656 5.93411 3.8147e-07
    endloop
  endfacet
  facet normal -0 0 -1
    outer loop
      vertex 17.6777 17.6777 3.8147e-07
      vertex 6.36396 6.36396 3.8147e-07
      vertex 16.4836 18.796 3.8147e-07
    endloop
  endfacet
  facet normal 0 0 -1
    outer loop
      vertex 5.93411 6.76656 3.8147e-07
      vertex 16.4836 18.796 3.8147e-07
      vertex 6.36396 6.36396 3.8147e-07
    endloop
  endfacet
  facet normal -0 0 -1
    outer loop
      vertex 16.4836 18.796 3.8147e-07
      vertex 5.93411 6.76656 3.8147e-07
      vertex 15.219 19.8338 3.8147e-07
    endloop
  endfacet
  facet normal 0 0 -1
    outer loop
      vertex 5.47885 7.14018 3.8147e-07
      vertex 15.219 19.8338 3.8147e-07
      vertex 5.93411 6.76656 3.8147e-07
    endloop
  endfacet
  facet normal -0 0 -1
    outer loop
      vertex 15.219 19.8338 3.8147e-07
      vertex 5.47885 7.14018 3.8147e-07
      vertex 13.8893 20.7867 3.8147e-07
    endloop
  endfacet
  facet normal 0 0 -1
    outer loop
      vertex 5.00013 7.48323 3.8147e-07
      vertex 13.8893 20.7867 3.8147e-07
      vertex 5.47885 7.14018 3.8147e-07
    endloop
  endfacet
  facet normal -0 0 -1
    outer loop
      vertex 13.8893 20.7867 3.8147e-07
      vertex 5.00013 7.48323 3.8147e-07
      vertex 12.5 21.6506 3.8147e-07
    endloop
  endfacet
  facet normal 0 0 -1
    outer loop
      vertex 4.5 7.79423 3.8147e-07
      vertex 12.5 21.6506 3.8147e-07
      vertex 5.00013 7.48323 3.8147e-07
    endloop
  endfacet
  facet normal -0 0 -1
    outer loop
      vertex 12.5 21.6506 3.8147e-07
      vertex 4.5 7.79423 3.8147e-07
      vertex 11.0572 22.4218 3.8147e-07
    endloop
  endfacet
  facet normal 0 0 -1
    outer loop
      vertex 3.9806 8.07185 3.8147e-07
      vertex 11.0572 22.4218 3.8147e-07
      vertex 4.5 7.79423 3.8147e-07
    endloop
  endfacet
  facet normal -0 0 -1
    outer loop
      vertex 11.0572 22.4218 3.8147e-07
      vertex 3.9806 8.07185 3.8147e-07
      vertex 9.56709 23.097 3.8147e-07
    endloop
  endfacet
  facet normal 0 0 -1
    outer loop
      vertex 3.44415 8.31492 3.8147e-07
      vertex 9.56709 23.097 3.8147e-07
      vertex 3.9806 8.07185 3.8147e-07
    endloop
  endfacet
  facet normal -0 0 -1
    outer loop
      vertex 9.56709 23.097 3.8147e-07
      vertex 3.44415 8.31492 3.8147e-07
      vertex 8.03599 23.6733 3.8147e-07
    endloop
  endfacet
  facet normal 0 0 -1
    outer loop
      vertex 2.89295 8.52237 3.8147e-07
      vertex 8.03599 23.6733 3.8147e-07
      vertex 3.44415 8.31492 3.8147e-07
    endloop
  endfacet
  facet normal -0 0 -1
    outer loop
      vertex 8.03599 23.6733 3.8147e-07
      vertex 2.89295 8.52237 3.8147e-07
      vertex 6.47048 24.1481 3.8147e-07
    endloop
  endfacet
  facet normal 0 0 -1
    outer loop
      vertex 2.32937 8.69333 3.8147e-07
      vertex 6.47048 24.1481 3.8147e-07
      vertex 2.89295 8.52237 3.8147e-07
    endloop
  endfacet
  facet normal -0 0 -1
    outer loop
      vertex 6.47048 24.1481 3.8147e-07
      vertex 2.32937 8.69333 3.8147e-07
      vertex 4.87726 24.5196 3.8147e-07
    endloop
  endfacet
  facet normal 0 0 -1
    outer loop
      vertex 1.75581 8.82707 3.8147e-07
      vertex 4.87726 24.5196 3.8147e-07
      vertex 2.32937 8.69333 3.8147e-07
    endloop
  endfacet
  facet normal -0 0 -1
    outer loop
      vertex 4.87726 24.5196 3.8147e-07
      vertex 1.75581 8.82707 3.8147e-07
      vertex 3.26315 24.7861 3.8147e-07
    endloop
  endfacet
  facet normal 0 0 -1
    outer loop
      vertex 1.17474 8.923 3.8147e-07
      vertex 3.26315 24.7861 3.8147e-07
      vertex 1.75581 8.82707 3.8147e-07
    endloop
  endfacet
  facet normal -0 0 -1
    outer loop
      vertex 3.26315 24.7861 3.8147e-07
      vertex 1.17474 8.923 3.8147e-07
      vertex 1.63508 24.9465 3.8147e-07
    endloop
  endfacet
  facet normal 0 0 -1
    outer loop
      vertex 0.588628 8.98073 3.8147e-07
      vertex 1.63508 24.9465 3.8147e-07
      vertex 1.17474 8.923 3.8147e-07
    endloop
  endfacet
  facet normal 0 0 -1
    outer loop
      vertex 0 9 3.8147e-07
      vertex 1.63508 24.9465 3.8147e-07
      vertex 0.588628 8.98073 3.8147e-07
    endloop
  endfacet
  facet normal 0 0 -1
    outer loop
      vertex 0 9 3.8147e-07
      vertex 0 25 3.8147e-07
      vertex 1.63508 24.9465 3.8147e-07
    endloop
  endfacet
  facet normal 0 0 -1
    outer loop
      vertex -0.588628 8.98073 3.8147e-07
      vertex 0 25 3.8147e-07
      vertex 0 9 3.8147e-07
    endloop
  endfacet
  facet normal 0 0 -1
    outer loop
      vertex -8.70712 17.1846 3.8147e-07
      vertex -0.588628 8.98073 3.8147e-07
      vertex -1.17474 8.923 3.8147e-07
    endloop
  endfacet
  facet normal 0 0 -1
    outer loop
      vertex -0.588628 8.98073 3.8147e-07
      vertex -1.63508 24.9465 3.8147e-07
      vertex 0 25 3.8147e-07
    endloop
  endfacet
  facet normal 0 0 -1
    outer loop
      vertex -8.70712 17.1846 3.8147e-07
      vertex -1.17474 8.923 3.8147e-07
      vertex -1.75581 8.82707 3.8147e-07
    endloop
  endfacet
  facet normal 0 0 -1
    outer loop
      vertex -8.81239 16.7917 3.8147e-07
      vertex -1.75581 8.82707 3.8147e-07
      vertex -2.32937 8.69333 3.8147e-07
    endloop
  endfacet
  facet normal 0 0 -1
    outer loop
      vertex -8.81239 16.7917 3.8147e-07
      vertex -2.32937 8.69333 3.8147e-07
      vertex -2.89295 8.52237 3.8147e-07
    endloop
  endfacet
  facet normal 0 0 -1
    outer loop
      vertex -0.588628 8.98073 3.8147e-07
      vertex -8.70712 17.1846 3.8147e-07
      vertex -1.63508 24.9465 3.8147e-07
    endloop
  endfacet
  facet normal 0 0 -1
    outer loop
      vertex -8.81239 16.7917 3.8147e-07
      vertex -2.89295 8.52237 3.8147e-07
      vertex -3.44415 8.31492 3.8147e-07
    endloop
  endfacet
  facet normal 0 0 -1
    outer loop
      vertex -8.81239 16.7917 3.8147e-07
      vertex -3.44415 8.31492 3.8147e-07
      vertex -3.9806 8.07185 3.8147e-07
    endloop
  endfacet
  facet normal 0 0 -1
    outer loop
      vertex -8.81239 16.7917 3.8147e-07
      vertex -3.9806 8.07185 3.8147e-07
      vertex -4.5 7.79423 3.8147e-07
    endloop
  endfacet
  facet normal 0 0 -1
    outer loop
      vertex -8.72841 17.5908 3.8147e-07
      vertex -1.63508 24.9465 3.8147e-07
      vertex -8.70712 17.1846 3.8147e-07
    endloop
  endfacet
  facet normal 0 0 -1
    outer loop
      vertex -8.81239 16.7917 3.8147e-07
      vertex -4.5 7.79423 3.8147e-07
      vertex -5.00013 7.48323 3.8147e-07
    endloop
  endfacet
  facet normal 0 0 -1
    outer loop
      vertex -8.81239 16.7917 3.8147e-07
      vertex -5.00013 7.48323 3.8147e-07
      vertex -5.47885 7.14018 3.8147e-07
    endloop
  endfacet
  facet normal 0 0 -1
    outer loop
      vertex -8.81239 16.7917 3.8147e-07
      vertex -5.47885 7.14018 3.8147e-07
      vertex -5.93411 6.76656 3.8147e-07
    endloop
  endfacet
  facet normal 0 0 -1
    outer loop
      vertex -8.81239 16.7917 3.8147e-07
      vertex -5.93411 6.76656 3.8147e-07
      vertex -6.36396 6.36396 3.8147e-07
    endloop
  endfacet
  facet normal 0 0 -1
    outer loop
      vertex -1.63508 24.9465 3.8147e-07
      vertex -8.72841 17.5908 3.8147e-07
      vertex -3.26315 24.7861 3.8147e-07
    endloop
  endfacet
  facet normal 0 0 -1
    outer loop
      vertex -8.81239 16.7917 3.8147e-07
      vertex -6.36396 6.36396 3.8147e-07
      vertex -6.76656 5.93411 3.8147e-07
    endloop
  endfacet
  facet normal 0 0 -1
    outer loop
      vertex -8.81239 16.7917 3.8147e-07
      vertex -6.76656 5.93411 3.8147e-07
      vertex -7.14018 5.47885 3.8147e-07
    endloop
  endfacet
  facet normal 0 0 -1
    outer loop
      vertex -8.81239 16.7917 3.8147e-07
      vertex -7.14018 5.47885 3.8147e-07
      vertex -7.48323 5.00013 3.8147e-07
    endloop
  endfacet
  facet normal 0 0 -1
    outer loop
      vertex -8.81239 16.7917 3.8147e-07
      vertex -7.48323 5.00013 3.8147e-07
      vertex -7.79423 4.5 3.8147e-07
    endloop
  endfacet
  facet normal 0 0 -1
    outer loop
      vertex -3.26315 24.7861 3.8147e-07
      vertex -8.72841 17.5908 3.8147e-07
      vertex -4.87726 24.5196 3.8147e-07
    endloop
  endfacet
  facet normal 0 0 -1
    outer loop
      vertex -8.81239 16.7917 3.8147e-07
      vertex -7.79423 4.5 3.8147e-07
      vertex -8.07185 3.9806 3.8147e-07
    endloop
  endfacet
  facet normal 0 0 -1
    outer loop
      vertex -8.81239 16.7917 3.8147e-07
      vertex -8.07185 3.9806 3.8147e-07
      vertex -8.31492 3.44415 3.8147e-07
    endloop
  endfacet
  facet normal 0 0 -1
    outer loop
      vertex -8.81239 16.7917 3.8147e-07
      vertex -8.31492 3.44415 3.8147e-07
      vertex -8.52237 2.89295 3.8147e-07
    endloop
  endfacet
  facet normal 0 0 -1
    outer loop
      vertex -23.6733 8.03599 3.8147e-07
      vertex -8.52237 2.89295 3.8147e-07
      vertex -8.69333 2.32937 3.8147e-07
    endloop
  endfacet
  facet normal 0 0 -1
    outer loop
      vertex -8.87417 17.9705 3.8147e-07
      vertex -4.87726 24.5196 3.8147e-07
      vertex -8.72841 17.5908 3.8147e-07
    endloop
  endfacet
  facet normal 0 0 -1
    outer loop
      vertex -4.87726 24.5196 3.8147e-07
      vertex -8.87417 17.9705 3.8147e-07
      vertex -6.47048 24.1481 3.8147e-07
    endloop
  endfacet
  facet normal 0 0 -1
    outer loop
      vertex -9.13013 18.2866 3.8147e-07
      vertex -6.47048 24.1481 3.8147e-07
      vertex -8.87417 17.9705 3.8147e-07
    endloop
  endfacet
  facet normal 0 0 -1
    outer loop
      vertex -6.47048 24.1481 3.8147e-07
      vertex -9.13013 18.2866 3.8147e-07
      vertex -8.03599 23.6733 3.8147e-07
    endloop
  endfacet
  facet normal 0 0 -1
    outer loop
      vertex -9.47124 18.5081 3.8147e-07
      vertex -8.03599 23.6733 3.8147e-07
      vertex -9.13013 18.2866 3.8147e-07
    endloop
  endfacet
  facet normal 0 0 -1
    outer loop
      vertex -9.47124 18.5081 3.8147e-07
      vertex -9.56709 23.097 3.8147e-07
      vertex -8.03599 23.6733 3.8147e-07
    endloop
  endfacet
  facet normal 0 0 -1
    outer loop
      vertex -9.86411 18.6134 3.8147e-07
      vertex -9.56709 23.097 3.8147e-07
      vertex -9.47124 18.5081 3.8147e-07
    endloop
  endfacet
  facet normal 0 0 -1
    outer loop
      vertex -11.0572 22.4218 3.8147e-07
      vertex -9.86411 18.6134 3.8147e-07
      vertex -10.2703 18.5921 3.8147e-07
    endloop
  endfacet
  facet normal 0 0 -1
    outer loop
      vertex -12.5 21.6506 3.8147e-07
      vertex -10.2703 18.5921 3.8147e-07
      vertex -10.65 18.4463 3.8147e-07
    endloop
  endfacet
  facet normal 0 0 -1
    outer loop
      vertex -12.5 21.6506 3.8147e-07
      vertex -10.65 18.4463 3.8147e-07
      vertex -10.9661 18.1904 3.8147e-07
    endloop
  endfacet
  facet normal 0 0 -1
    outer loop
      vertex -9.86411 18.6134 3.8147e-07
      vertex -11.0572 22.4218 3.8147e-07
      vertex -9.56709 23.097 3.8147e-07
    endloop
  endfacet
  facet normal 0 0 -1
    outer loop
      vertex -13.8893 20.7867 3.8147e-07
      vertex -10.9661 18.1904 3.8147e-07
      vertex -11.1876 17.8493 3.8147e-07
    endloop
  endfacet
  facet normal 0 0 -1
    outer loop
      vertex -15.219 19.8338 3.8147e-07
      vertex -11.1876 17.8493 3.8147e-07
      vertex -11.2929 17.4564 3.8147e-07
    endloop
  endfacet
  facet normal 0 0 -1
    outer loop
      vertex -10.2703 18.5921 3.8147e-07
      vertex -12.5 21.6506 3.8147e-07
      vertex -11.0572 22.4218 3.8147e-07
    endloop
  endfacet
  facet normal -0 0 -1
    outer loop
      vertex -11.1876 -17.8493 3.8147e-07
      vertex -15.219 -19.8338 3.8147e-07
      vertex -11.2929 -17.4564 3.8147e-07
    endloop
  endfacet
  facet normal 0 0 -1
    outer loop
      vertex -16.4836 -18.796 3.8147e-07
      vertex -11.2929 -17.4564 3.8147e-07
      vertex -15.219 -19.8338 3.8147e-07
    endloop
  endfacet
  facet normal 0 0 -1
    outer loop
      vertex -10.9661 18.1904 3.8147e-07
      vertex -13.8893 20.7867 3.8147e-07
      vertex -12.5 21.6506 3.8147e-07
    endloop
  endfacet
  facet normal 0 0 -1
    outer loop
      vertex -11.2716 -17.0502 3.8147e-07
      vertex -16.4836 -18.796 3.8147e-07
      vertex -17.6777 -17.6777 3.8147e-07
    endloop
  endfacet
  facet normal 0 0 -1
    outer loop
      vertex -11.1876 17.8493 3.8147e-07
      vertex -15.219 19.8338 3.8147e-07
      vertex -13.8893 20.7867 3.8147e-07
    endloop
  endfacet
  facet normal -0 0 -1
    outer loop
      vertex -11.1258 -16.6705 3.8147e-07
      vertex -17.6777 -17.6777 3.8147e-07
      vertex -18.796 -16.4836 3.8147e-07
    endloop
  endfacet
  facet normal 0 0 -1
    outer loop
      vertex -11.2929 17.4564 3.8147e-07
      vertex -16.4836 18.796 3.8147e-07
      vertex -15.219 19.8338 3.8147e-07
    endloop
  endfacet
  facet normal -0 0 -1
    outer loop
      vertex -10.8699 -16.3544 3.8147e-07
      vertex -18.796 -16.4836 3.8147e-07
      vertex -19.8338 -15.219 3.8147e-07
    endloop
  endfacet
  facet normal 0 0 -1
    outer loop
      vertex -11.2716 17.0502 3.8147e-07
      vertex -16.4836 18.796 3.8147e-07
      vertex -11.2929 17.4564 3.8147e-07
    endloop
  endfacet
  facet normal 0 0 -1
    outer loop
      vertex -10.8699 -16.3544 3.8147e-07
      vertex -19.8338 -15.219 3.8147e-07
      vertex -20.7867 -13.8893 3.8147e-07
    endloop
  endfacet
  facet normal 0 -0 -1
    outer loop
      vertex -16.4836 18.796 3.8147e-07
      vertex -11.2716 17.0502 3.8147e-07
      vertex -17.6777 17.6777 3.8147e-07
    endloop
  endfacet
  facet normal 0 0 -1
    outer loop
      vertex -10.5288 -16.1329 3.8147e-07
      vertex -20.7867 -13.8893 3.8147e-07
      vertex -21.6506 -12.5 3.8147e-07
    endloop
  endfacet
  facet normal 0 0 -1
    outer loop
      vertex -11.1258 16.6705 3.8147e-07
      vertex -17.6777 17.6777 3.8147e-07
      vertex -11.2716 17.0502 3.8147e-07
    endloop
  endfacet
  facet normal -0 0 -1
    outer loop
      vertex -8.69333 -2.32937 3.8147e-07
      vertex -24.1481 -6.47048 3.8147e-07
      vertex -8.82707 -1.75581 3.8147e-07
    endloop
  endfacet
  facet normal 0 -0 -1
    outer loop
      vertex -17.6777 17.6777 3.8147e-07
      vertex -11.1258 16.6705 3.8147e-07
      vertex -18.796 16.4836 3.8147e-07
    endloop
  endfacet
  facet normal 0 0 -1
    outer loop
      vertex -24.5196 -4.87726 3.8147e-07
      vertex -8.82707 -1.75581 3.8147e-07
      vertex -24.1481 -6.47048 3.8147e-07
    endloop
  endfacet
  facet normal 0 0 -1
    outer loop
      vertex -10.8699 16.3544 3.8147e-07
      vertex -18.796 16.4836 3.8147e-07
      vertex -11.1258 16.6705 3.8147e-07
    endloop
  endfacet
  facet normal -0 0 -1
    outer loop
      vertex -8.82707 -1.75581 3.8147e-07
      vertex -24.5196 -4.87726 3.8147e-07
      vertex -8.923 -1.17474 3.8147e-07
    endloop
  endfacet
  facet normal 0 -0 -1
    outer loop
      vertex -18.796 16.4836 3.8147e-07
      vertex -10.8699 16.3544 3.8147e-07
      vertex -19.8338 15.219 3.8147e-07
    endloop
  endfacet
  facet normal 0 0 -1
    outer loop
      vertex -24.7861 -3.26315 3.8147e-07
      vertex -8.923 -1.17474 3.8147e-07
      vertex -24.5196 -4.87726 3.8147e-07
    endloop
  endfacet
  facet normal 0 -0 -1
    outer loop
      vertex -19.8338 15.219 3.8147e-07
      vertex -10.8699 16.3544 3.8147e-07
      vertex -20.7867 13.8893 3.8147e-07
    endloop
  endfacet
  facet normal -0 0 -1
    outer loop
      vertex -8.923 -1.17474 3.8147e-07
      vertex -24.7861 -3.26315 3.8147e-07
      vertex -8.98073 -0.588628 3.8147e-07
    endloop
  endfacet
  facet normal -0 0 -1
    outer loop
      vertex -10.5288 16.1329 3.8147e-07
      vertex -20.7867 13.8893 3.8147e-07
      vertex -10.8699 16.3544 3.8147e-07
    endloop
  endfacet
  facet normal 0 0 -1
    outer loop
      vertex -24.9465 -1.63508 3.8147e-07
      vertex -8.98073 -0.588628 3.8147e-07
      vertex -24.7861 -3.26315 3.8147e-07
    endloop
  endfacet
  facet normal 0 -0 -1
    outer loop
      vertex -20.7867 13.8893 3.8147e-07
      vertex -10.5288 16.1329 3.8147e-07
      vertex -21.6506 12.5 3.8147e-07
    endloop
  endfacet
  facet normal -0 0 -1
    outer loop
      vertex -8.98073 -0.588628 3.8147e-07
      vertex -24.9465 -1.63508 3.8147e-07
      vertex -9 0 3.8147e-07
    endloop
  endfacet
  facet normal 0 0 -1
    outer loop
      vertex -8.52237 2.89295 3.8147e-07
      vertex -21.6506 12.5 3.8147e-07
      vertex -10.5288 16.1329 3.8147e-07
    endloop
  endfacet
  facet normal -0 0 -1
    outer loop
      vertex -9 0 3.8147e-07
      vertex -24.9465 -1.63508 3.8147e-07
      vertex -25 0 3.8147e-07
    endloop
  endfacet
  facet normal 0 0 -1
    outer loop
      vertex -8.52237 2.89295 3.8147e-07
      vertex -22.4218 11.0572 3.8147e-07
      vertex -21.6506 12.5 3.8147e-07
    endloop
  endfacet
  facet normal 0 0 -1
    outer loop
      vertex -8.52237 2.89295 3.8147e-07
      vertex -23.6733 8.03599 3.8147e-07
      vertex -23.097 9.56709 3.8147e-07
    endloop
  endfacet
  facet normal 0 0 -1
    outer loop
      vertex -8.52237 2.89295 3.8147e-07
      vertex -10.5288 16.1329 3.8147e-07
      vertex -10.1359 16.0276 3.8147e-07
    endloop
  endfacet
  facet normal 0 0 -1
    outer loop
      vertex -8.52237 2.89295 3.8147e-07
      vertex -23.097 9.56709 3.8147e-07
      vertex -22.4218 11.0572 3.8147e-07
    endloop
  endfacet
  facet normal -0 0 -1
    outer loop
      vertex -7.14018 -5.47885 3.8147e-07
      vertex -10.5288 -16.1329 3.8147e-07
      vertex -7.48323 -5.00013 3.8147e-07
    endloop
  endfacet
  facet normal 0 0 -1
    outer loop
      vertex -21.6506 -12.5 3.8147e-07
      vertex -7.48323 -5.00013 3.8147e-07
      vertex -10.5288 -16.1329 3.8147e-07
    endloop
  endfacet
  facet normal -0 0 -1
    outer loop
      vertex -7.48323 -5.00013 3.8147e-07
      vertex -21.6506 -12.5 3.8147e-07
      vertex -7.79423 -4.5 3.8147e-07
    endloop
  endfacet
  facet normal -0 0 -1
    outer loop
      vertex -7.79423 -4.5 3.8147e-07
      vertex -21.6506 -12.5 3.8147e-07
      vertex -8.07185 -3.9806 3.8147e-07
    endloop
  endfacet
  facet normal 0 0 -1
    outer loop
      vertex -22.4218 -11.0572 3.8147e-07
      vertex -8.07185 -3.9806 3.8147e-07
      vertex -21.6506 -12.5 3.8147e-07
    endloop
  endfacet
  facet normal -0 0 -1
    outer loop
      vertex -8.07185 -3.9806 3.8147e-07
      vertex -22.4218 -11.0572 3.8147e-07
      vertex -8.31492 -3.44415 3.8147e-07
    endloop
  endfacet
  facet normal 0 0 -1
    outer loop
      vertex 21.2364 -0.401722 3.8147e-07
      vertex 25 0 3.8147e-07
      vertex 24.9465 -1.63508 3.8147e-07
    endloop
  endfacet
  facet normal 0 0 -1
    outer loop
      vertex 21.0517 -0.76412 3.8147e-07
      vertex 24.9465 -1.63508 3.8147e-07
      vertex 24.7861 -3.26315 3.8147e-07
    endloop
  endfacet
  facet normal -0 0 -1
    outer loop
      vertex 25 0 3.8147e-07
      vertex 21.2364 -0.401722 3.8147e-07
      vertex 21.3 0 3.8147e-07
    endloop
  endfacet
  facet normal 0 0 -1
    outer loop
      vertex 20.7641 -1.05172 3.8147e-07
      vertex 24.7861 -3.26315 3.8147e-07
      vertex 24.5196 -4.87726 3.8147e-07
    endloop
  endfacet
  facet normal 0 0 -1
    outer loop
      vertex 25 0 3.8147e-07
      vertex 21.2364 0.401722 3.8147e-07
      vertex 24.9465 1.63508 3.8147e-07
    endloop
  endfacet
  facet normal 0 0 -1
    outer loop
      vertex 20.4017 -1.23637 3.8147e-07
      vertex 24.5196 -4.87726 3.8147e-07
      vertex 24.1481 -6.47048 3.8147e-07
    endloop
  endfacet
  facet normal 0 0 -1
    outer loop
      vertex 21.0517 0.76412 3.8147e-07
      vertex 24.9465 1.63508 3.8147e-07
      vertex 21.2364 0.401722 3.8147e-07
    endloop
  endfacet
  facet normal 0 0 -1
    outer loop
      vertex 20 -1.3 3.8147e-07
      vertex 24.1481 -6.47048 3.8147e-07
      vertex 23.6733 -8.03599 3.8147e-07
    endloop
  endfacet
  facet normal -0 0 -1
    outer loop
      vertex 24.9465 1.63508 3.8147e-07
      vertex 21.0517 0.76412 3.8147e-07
      vertex 24.7861 3.26315 3.8147e-07
    endloop
  endfacet
  facet normal 0 0 -1
    outer loop
      vertex 19.5983 -1.23637 3.8147e-07
      vertex 23.6733 -8.03599 3.8147e-07
      vertex 23.097 -9.56709 3.8147e-07
    endloop
  endfacet
  facet normal 0 0 -1
    outer loop
      vertex 20.7641 1.05172 3.8147e-07
      vertex 24.7861 3.26315 3.8147e-07
      vertex 21.0517 0.76412 3.8147e-07
    endloop
  endfacet
  facet normal 0 0 -1
    outer loop
      vertex 19.5983 -1.23637 3.8147e-07
      vertex 23.097 -9.56709 3.8147e-07
      vertex 22.4218 -11.0572 3.8147e-07
    endloop
  endfacet
  facet normal -0 0 -1
    outer loop
      vertex 24.7861 3.26315 3.8147e-07
      vertex 20.7641 1.05172 3.8147e-07
      vertex 24.5196 4.87726 3.8147e-07
    endloop
  endfacet
  facet normal 0 0 -1
    outer loop
      vertex 8.07185 -3.9806 3.8147e-07
      vertex 22.4218 -11.0572 3.8147e-07
      vertex 21.6506 -12.5 3.8147e-07
    endloop
  endfacet
  facet normal 0 0 -1
    outer loop
      vertex 20.4017 1.23637 3.8147e-07
      vertex 24.5196 4.87726 3.8147e-07
      vertex 20.7641 1.05172 3.8147e-07
    endloop
  endfacet
  facet normal -0 0 -1
    outer loop
      vertex 24.5196 4.87726 3.8147e-07
      vertex 20.4017 1.23637 3.8147e-07
      vertex 24.1481 6.47048 3.8147e-07
    endloop
  endfacet
  facet normal 0 0 -1
    outer loop
      vertex 21.2364 0.401722 3.8147e-07
      vertex 25 0 3.8147e-07
      vertex 21.3 0 3.8147e-07
    endloop
  endfacet
  facet normal 0 0 -1
    outer loop
      vertex 24.9465 -1.63508 3.8147e-07
      vertex 21.0517 -0.76412 3.8147e-07
      vertex 21.2364 -0.401722 3.8147e-07
    endloop
  endfacet
  facet normal 0 0 -1
    outer loop
      vertex 7.79423 -4.5 3.8147e-07
      vertex 21.6506 -12.5 3.8147e-07
      vertex 20.7867 -13.8893 3.8147e-07
    endloop
  endfacet
  facet normal 0 0 -1
    outer loop
      vertex 24.7861 -3.26315 3.8147e-07
      vertex 20.7641 -1.05172 3.8147e-07
      vertex 21.0517 -0.76412 3.8147e-07
    endloop
  endfacet
  facet normal 0 0 -1
    outer loop
      vertex 24.5196 -4.87726 3.8147e-07
      vertex 20.4017 -1.23637 3.8147e-07
      vertex 20.7641 -1.05172 3.8147e-07
    endloop
  endfacet
  facet normal 0 0 -1
    outer loop
      vertex 24.1481 -6.47048 3.8147e-07
      vertex 20 -1.3 3.8147e-07
      vertex 20.4017 -1.23637 3.8147e-07
    endloop
  endfacet
  facet normal 0 0 -1
    outer loop
      vertex 7.48323 -5.00013 3.8147e-07
      vertex 20.7867 -13.8893 3.8147e-07
      vertex 19.8338 -15.219 3.8147e-07
    endloop
  endfacet
  facet normal 0 0 -1
    outer loop
      vertex 23.6733 -8.03599 3.8147e-07
      vertex 19.5983 -1.23637 3.8147e-07
      vertex 20 -1.3 3.8147e-07
    endloop
  endfacet
  facet normal 0 0 -1
    outer loop
      vertex 22.4218 -11.0572 3.8147e-07
      vertex 19.2359 -1.05172 3.8147e-07
      vertex 19.5983 -1.23637 3.8147e-07
    endloop
  endfacet
  facet normal 0 -0 -1
    outer loop
      vertex 8.07185 -3.9806 3.8147e-07
      vertex 21.6506 -12.5 3.8147e-07
      vertex 7.79423 -4.5 3.8147e-07
    endloop
  endfacet
  facet normal 0 0 -1
    outer loop
      vertex 7.14018 -5.47885 3.8147e-07
      vertex 19.8338 -15.219 3.8147e-07
      vertex 18.796 -16.4836 3.8147e-07
    endloop
  endfacet
  facet normal 0 0 -1
    outer loop
      vertex 22.4218 -11.0572 3.8147e-07
      vertex 8.07185 -3.9806 3.8147e-07
      vertex 19.2359 -1.05172 3.8147e-07
    endloop
  endfacet
  facet normal 0 -0 -1
    outer loop
      vertex 8.31492 -3.44415 3.8147e-07
      vertex 19.2359 -1.05172 3.8147e-07
      vertex 8.07185 -3.9806 3.8147e-07
    endloop
  endfacet
  facet normal 0 0 -1
    outer loop
      vertex 6.76656 -5.93411 3.8147e-07
      vertex 18.796 -16.4836 3.8147e-07
      vertex 17.6777 -17.6777 3.8147e-07
    endloop
  endfacet
  facet normal 0 0 -1
    outer loop
      vertex 20 1.3 3.8147e-07
      vertex 24.1481 6.47048 3.8147e-07
      vertex 20.4017 1.23637 3.8147e-07
    endloop
  endfacet
  facet normal -0 0 -1
    outer loop
      vertex 24.1481 6.47048 3.8147e-07
      vertex 20 1.3 3.8147e-07
      vertex 23.6733 8.03599 3.8147e-07
    endloop
  endfacet
  facet normal 0 0 -1
    outer loop
      vertex 19.5983 1.23637 3.8147e-07
      vertex 23.6733 8.03599 3.8147e-07
      vertex 20 1.3 3.8147e-07
    endloop
  endfacet
  facet normal -0 0 -1
    outer loop
      vertex 23.6733 8.03599 3.8147e-07
      vertex 19.5983 1.23637 3.8147e-07
      vertex 23.097 9.56709 3.8147e-07
    endloop
  endfacet
  facet normal -0 0 -1
    outer loop
      vertex 23.097 9.56709 3.8147e-07
      vertex 19.5983 1.23637 3.8147e-07
      vertex 22.4218 11.0572 3.8147e-07
    endloop
  endfacet
  facet normal 0 0 -1
    outer loop
      vertex 19.2359 1.05172 3.8147e-07
      vertex 22.4218 11.0572 3.8147e-07
      vertex 19.5983 1.23637 3.8147e-07
    endloop
  endfacet
  facet normal 0 0 -1
    outer loop
      vertex 8.07185 3.9806 3.8147e-07
      vertex 19.2359 1.05172 3.8147e-07
      vertex 8.31492 3.44415 3.8147e-07
    endloop
  endfacet
  facet normal 0 0 -1
    outer loop
      vertex 18.7636 0.401722 3.8147e-07
      vertex 8.82707 1.75581 3.8147e-07
      vertex 18.9483 0.76412 3.8147e-07
    endloop
  endfacet
  facet normal 0 0 -1
    outer loop
      vertex 8.82707 1.75581 3.8147e-07
      vertex 18.7636 0.401722 3.8147e-07
      vertex 8.923 1.17474 3.8147e-07
    endloop
  endfacet
  facet normal 0 0 -1
    outer loop
      vertex 8.923 1.17474 3.8147e-07
      vertex 18.7636 0.401722 3.8147e-07
      vertex 8.98073 0.588628 3.8147e-07
    endloop
  endfacet
  facet normal 0 0 -1
    outer loop
      vertex 8.69333 2.32937 3.8147e-07
      vertex 18.9483 0.76412 3.8147e-07
      vertex 8.82707 1.75581 3.8147e-07
    endloop
  endfacet
  facet normal 0 0 -1
    outer loop
      vertex 18.7 0 3.8147e-07
      vertex 8.98073 0.588628 3.8147e-07
      vertex 18.7636 0.401722 3.8147e-07
    endloop
  endfacet
  facet normal 0 0 -1
    outer loop
      vertex 8.98073 0.588628 3.8147e-07
      vertex 18.7 0 3.8147e-07
      vertex 9 0 3.8147e-07
    endloop
  endfacet
  facet normal -0 0 -1
    outer loop
      vertex 19.2359 -1.05172 3.8147e-07
      vertex 8.31492 -3.44415 3.8147e-07
      vertex 18.9483 -0.76412 3.8147e-07
    endloop
  endfacet
  facet normal 0 0 -1
    outer loop
      vertex 8.52237 2.89295 3.8147e-07
      vertex 18.9483 0.76412 3.8147e-07
      vertex 8.69333 2.32937 3.8147e-07
    endloop
  endfacet
  facet normal 0 0 -1
    outer loop
      vertex 6.36396 -6.36396 3.8147e-07
      vertex 17.6777 -17.6777 3.8147e-07
      vertex 16.4836 -18.796 3.8147e-07
    endloop
  endfacet
  facet normal 0 0 -1
    outer loop
      vertex 18.9483 0.76412 3.8147e-07
      vertex 8.52237 2.89295 3.8147e-07
      vertex 19.2359 1.05172 3.8147e-07
    endloop
  endfacet
  facet normal 0 0 -1
    outer loop
      vertex 5.93411 -6.76656 3.8147e-07
      vertex 16.4836 -18.796 3.8147e-07
      vertex 15.219 -19.8338 3.8147e-07
    endloop
  endfacet
  facet normal 0 0 -1
    outer loop
      vertex 8.31492 3.44415 3.8147e-07
      vertex 19.2359 1.05172 3.8147e-07
      vertex 8.52237 2.89295 3.8147e-07
    endloop
  endfacet
  facet normal 0 0 -1
    outer loop
      vertex 5.47885 -7.14018 3.8147e-07
      vertex 15.219 -19.8338 3.8147e-07
      vertex 13.8893 -20.7867 3.8147e-07
    endloop
  endfacet
  facet normal 0 0 -1
    outer loop
      vertex 19.2359 1.05172 3.8147e-07
      vertex 8.07185 3.9806 3.8147e-07
      vertex 22.4218 11.0572 3.8147e-07
    endloop
  endfacet
  facet normal 0 0 -1
    outer loop
      vertex 5.00013 -7.48323 3.8147e-07
      vertex 13.8893 -20.7867 3.8147e-07
      vertex 12.5 -21.6506 3.8147e-07
    endloop
  endfacet
  facet normal -0 0 -1
    outer loop
      vertex 22.4218 11.0572 3.8147e-07
      vertex 8.07185 3.9806 3.8147e-07
      vertex 21.6506 12.5 3.8147e-07
    endloop
  endfacet
  facet normal 0 0 -1
    outer loop
      vertex 4.5 -7.79423 3.8147e-07
      vertex 12.5 -21.6506 3.8147e-07
      vertex 11.0572 -22.4218 3.8147e-07
    endloop
  endfacet
  facet normal 0 0 -1
    outer loop
      vertex 7.79423 4.5 3.8147e-07
      vertex 21.6506 12.5 3.8147e-07
      vertex 8.07185 3.9806 3.8147e-07
    endloop
  endfacet
  facet normal 0 0 -1
    outer loop
      vertex 3.9806 -8.07185 3.8147e-07
      vertex 11.0572 -22.4218 3.8147e-07
      vertex 9.56709 -23.097 3.8147e-07
    endloop
  endfacet
  facet normal -0 0 -1
    outer loop
      vertex 21.6506 12.5 3.8147e-07
      vertex 7.79423 4.5 3.8147e-07
      vertex 20.7867 13.8893 3.8147e-07
    endloop
  endfacet
  facet normal 0 0 -1
    outer loop
      vertex 7.48323 5.00013 3.8147e-07
      vertex 20.7867 13.8893 3.8147e-07
      vertex 7.79423 4.5 3.8147e-07
    endloop
  endfacet
  facet normal -0 0 -1
    outer loop
      vertex 18.7 0 3.8147e-07
      vertex 8.98073 -0.588628 3.8147e-07
      vertex 9 0 3.8147e-07
    endloop
  endfacet
  facet normal -0 0 -1
    outer loop
      vertex 18.7636 -0.401722 3.8147e-07
      vertex 8.98073 -0.588628 3.8147e-07
      vertex 18.7 0 3.8147e-07
    endloop
  endfacet
  facet normal 0 -0 -1
    outer loop
      vertex 8.98073 -0.588628 3.8147e-07
      vertex 18.7636 -0.401722 3.8147e-07
      vertex 8.923 -1.17474 3.8147e-07
    endloop
  endfacet
  facet normal 0 -0 -1
    outer loop
      vertex 8.923 -1.17474 3.8147e-07
      vertex 18.7636 -0.401722 3.8147e-07
      vertex 8.82707 -1.75581 3.8147e-07
    endloop
  endfacet
  facet normal -0 0 -1
    outer loop
      vertex 18.9483 -0.76412 3.8147e-07
      vertex 8.82707 -1.75581 3.8147e-07
      vertex 18.7636 -0.401722 3.8147e-07
    endloop
  endfacet
  facet normal 0 -0 -1
    outer loop
      vertex 8.82707 -1.75581 3.8147e-07
      vertex 18.9483 -0.76412 3.8147e-07
      vertex 8.69333 -2.32937 3.8147e-07
    endloop
  endfacet
  facet normal 0 -0 -1
    outer loop
      vertex 8.69333 -2.32937 3.8147e-07
      vertex 18.9483 -0.76412 3.8147e-07
      vertex 8.52237 -2.89295 3.8147e-07
    endloop
  endfacet
  facet normal 0 0 -1
    outer loop
      vertex 3.44415 -8.31492 3.8147e-07
      vertex 9.56709 -23.097 3.8147e-07
      vertex 8.03599 -23.6733 3.8147e-07
    endloop
  endfacet
  facet normal 0 -0 -1
    outer loop
      vertex 8.52237 -2.89295 3.8147e-07
      vertex 18.9483 -0.76412 3.8147e-07
      vertex 8.31492 -3.44415 3.8147e-07
    endloop
  endfacet
  facet normal 0 0 -1
    outer loop
      vertex 20.7867 -13.8893 3.8147e-07
      vertex 7.48323 -5.00013 3.8147e-07
      vertex 7.79423 -4.5 3.8147e-07
    endloop
  endfacet
  facet normal 0 0 -1
    outer loop
      vertex 19.8338 -15.219 3.8147e-07
      vertex 7.14018 -5.47885 3.8147e-07
      vertex 7.48323 -5.00013 3.8147e-07
    endloop
  endfacet
  facet normal 0 0 -1
    outer loop
      vertex 18.796 -16.4836 3.8147e-07
      vertex 6.76656 -5.93411 3.8147e-07
      vertex 7.14018 -5.47885 3.8147e-07
    endloop
  endfacet
  facet normal 0 0 -1
    outer loop
      vertex 2.89295 -8.52237 3.8147e-07
      vertex 8.03599 -23.6733 3.8147e-07
      vertex 6.47048 -24.1481 3.8147e-07
    endloop
  endfacet
  facet normal 0 0 -1
    outer loop
      vertex 17.6777 -17.6777 3.8147e-07
      vertex 6.36396 -6.36396 3.8147e-07
      vertex 6.76656 -5.93411 3.8147e-07
    endloop
  endfacet
  facet normal 0 0 -1
    outer loop
      vertex 16.4836 -18.796 3.8147e-07
      vertex 5.93411 -6.76656 3.8147e-07
      vertex 6.36396 -6.36396 3.8147e-07
    endloop
  endfacet
  facet normal 0 0 -1
    outer loop
      vertex 15.219 -19.8338 3.8147e-07
      vertex 5.47885 -7.14018 3.8147e-07
      vertex 5.93411 -6.76656 3.8147e-07
    endloop
  endfacet
  facet normal 0 0 -1
    outer loop
      vertex 13.8893 -20.7867 3.8147e-07
      vertex 5.00013 -7.48323 3.8147e-07
      vertex 5.47885 -7.14018 3.8147e-07
    endloop
  endfacet
  facet normal 0 0 -1
    outer loop
      vertex 2.32937 -8.69333 3.8147e-07
      vertex 6.47048 -24.1481 3.8147e-07
      vertex 4.87726 -24.5196 3.8147e-07
    endloop
  endfacet
  facet normal 0 0 -1
    outer loop
      vertex 12.5 -21.6506 3.8147e-07
      vertex 4.5 -7.79423 3.8147e-07
      vertex 5.00013 -7.48323 3.8147e-07
    endloop
  endfacet
  facet normal 0 0 -1
    outer loop
      vertex 11.0572 -22.4218 3.8147e-07
      vertex 3.9806 -8.07185 3.8147e-07
      vertex 4.5 -7.79423 3.8147e-07
    endloop
  endfacet
  facet normal 0 0 -1
    outer loop
      vertex 9.56709 -23.097 3.8147e-07
      vertex 3.44415 -8.31492 3.8147e-07
      vertex 3.9806 -8.07185 3.8147e-07
    endloop
  endfacet
  facet normal 0 0 -1
    outer loop
      vertex 1.75581 -8.82707 3.8147e-07
      vertex 4.87726 -24.5196 3.8147e-07
      vertex 3.26315 -24.7861 3.8147e-07
    endloop
  endfacet
  facet normal 0 0 -1
    outer loop
      vertex 8.03599 -23.6733 3.8147e-07
      vertex 2.89295 -8.52237 3.8147e-07
      vertex 3.44415 -8.31492 3.8147e-07
    endloop
  endfacet
  facet normal 0 0 -1
    outer loop
      vertex 6.47048 -24.1481 3.8147e-07
      vertex 2.32937 -8.69333 3.8147e-07
      vertex 2.89295 -8.52237 3.8147e-07
    endloop
  endfacet
  facet normal 0 0 -1
    outer loop
      vertex 4.87726 -24.5196 3.8147e-07
      vertex 1.75581 -8.82707 3.8147e-07
      vertex 2.32937 -8.69333 3.8147e-07
    endloop
  endfacet
  facet normal 0 0 -1
    outer loop
      vertex 1.17474 -8.923 3.8147e-07
      vertex 3.26315 -24.7861 3.8147e-07
      vertex 1.63508 -24.9465 3.8147e-07
    endloop
  endfacet
  facet normal 0 0 -1
    outer loop
      vertex 3.26315 -24.7861 3.8147e-07
      vertex 1.17474 -8.923 3.8147e-07
      vertex 1.75581 -8.82707 3.8147e-07
    endloop
  endfacet
  facet normal 0 0 -1
    outer loop
      vertex 1.63508 -24.9465 3.8147e-07
      vertex 0.588628 -8.98073 3.8147e-07
      vertex 1.17474 -8.923 3.8147e-07
    endloop
  endfacet
  facet normal 0 0 -1
    outer loop
      vertex 0 -25 3.8147e-07
      vertex 0.588628 -8.98073 3.8147e-07
      vertex 1.63508 -24.9465 3.8147e-07
    endloop
  endfacet
  facet normal 0 0 -1
    outer loop
      vertex 0 -25 3.8147e-07
      vertex 0 -9 3.8147e-07
      vertex 0.588628 -8.98073 3.8147e-07
    endloop
  endfacet
  facet normal 0 0 -1
    outer loop
      vertex 0 -25 3.8147e-07
      vertex -0.588628 -8.98073 3.8147e-07
      vertex 0 -9 3.8147e-07
    endloop
  endfacet
  facet normal 0 0 -1
    outer loop
      vertex -1.63508 -24.9465 3.8147e-07
      vertex -0.588628 -8.98073 3.8147e-07
      vertex 0 -25 3.8147e-07
    endloop
  endfacet
  facet normal 0 0 -1
    outer loop
      vertex -8.70712 -17.1846 3.8147e-07
      vertex -0.588628 -8.98073 3.8147e-07
      vertex -1.63508 -24.9465 3.8147e-07
    endloop
  endfacet
  facet normal -0 0 -1
    outer loop
      vertex -0.588628 -8.98073 3.8147e-07
      vertex -8.70712 -17.1846 3.8147e-07
      vertex -1.17474 -8.923 3.8147e-07
    endloop
  endfacet
  facet normal -0 0 -1
    outer loop
      vertex -1.17474 -8.923 3.8147e-07
      vertex -8.70712 -17.1846 3.8147e-07
      vertex -1.75581 -8.82707 3.8147e-07
    endloop
  endfacet
  facet normal 0 0 -1
    outer loop
      vertex -8.81239 -16.7917 3.8147e-07
      vertex -1.75581 -8.82707 3.8147e-07
      vertex -8.70712 -17.1846 3.8147e-07
    endloop
  endfacet
  facet normal 0 0 -1
    outer loop
      vertex -8.72841 -17.5908 3.8147e-07
      vertex -1.63508 -24.9465 3.8147e-07
      vertex -3.26315 -24.7861 3.8147e-07
    endloop
  endfacet
  facet normal -0 0 -1
    outer loop
      vertex -1.75581 -8.82707 3.8147e-07
      vertex -8.81239 -16.7917 3.8147e-07
      vertex -2.32937 -8.69333 3.8147e-07
    endloop
  endfacet
  facet normal -0 0 -1
    outer loop
      vertex -2.32937 -8.69333 3.8147e-07
      vertex -8.81239 -16.7917 3.8147e-07
      vertex -2.89295 -8.52237 3.8147e-07
    endloop
  endfacet
  facet normal 0 0 -1
    outer loop
      vertex -9.03391 -16.4506 3.8147e-07
      vertex -2.89295 -8.52237 3.8147e-07
      vertex -8.81239 -16.7917 3.8147e-07
    endloop
  endfacet
  facet normal 0 0 -1
    outer loop
      vertex -8.72841 -17.5908 3.8147e-07
      vertex -3.26315 -24.7861 3.8147e-07
      vertex -4.87726 -24.5196 3.8147e-07
    endloop
  endfacet
  facet normal -0 0 -1
    outer loop
      vertex -2.89295 -8.52237 3.8147e-07
      vertex -9.03391 -16.4506 3.8147e-07
      vertex -3.44415 -8.31492 3.8147e-07
    endloop
  endfacet
  facet normal -0 0 -1
    outer loop
      vertex -3.44415 -8.31492 3.8147e-07
      vertex -9.03391 -16.4506 3.8147e-07
      vertex -3.9806 -8.07185 3.8147e-07
    endloop
  endfacet
  facet normal 0 0 -1
    outer loop
      vertex -9.35 -16.1947 3.8147e-07
      vertex -3.9806 -8.07185 3.8147e-07
      vertex -9.03391 -16.4506 3.8147e-07
    endloop
  endfacet
  facet normal -0 0 -1
    outer loop
      vertex -3.9806 -8.07185 3.8147e-07
      vertex -9.35 -16.1947 3.8147e-07
      vertex -4.5 -7.79423 3.8147e-07
    endloop
  endfacet
  facet normal 0 0 -1
    outer loop
      vertex -8.87417 -17.9705 3.8147e-07
      vertex -4.87726 -24.5196 3.8147e-07
      vertex -6.47048 -24.1481 3.8147e-07
    endloop
  endfacet
  facet normal -0 0 -1
    outer loop
      vertex -4.5 -7.79423 3.8147e-07
      vertex -9.35 -16.1947 3.8147e-07
      vertex -5.00013 -7.48323 3.8147e-07
    endloop
  endfacet
  facet normal 0 0 -1
    outer loop
      vertex -9.72971 -16.0489 3.8147e-07
      vertex -5.00013 -7.48323 3.8147e-07
      vertex -9.35 -16.1947 3.8147e-07
    endloop
  endfacet
  facet normal -0 0 -1
    outer loop
      vertex -5.00013 -7.48323 3.8147e-07
      vertex -9.72971 -16.0489 3.8147e-07
      vertex -5.47885 -7.14018 3.8147e-07
    endloop
  endfacet
  facet normal -0 0 -1
    outer loop
      vertex -5.47885 -7.14018 3.8147e-07
      vertex -9.72971 -16.0489 3.8147e-07
      vertex -5.93411 -6.76656 3.8147e-07
    endloop
  endfacet
  facet normal 0 0 -1
    outer loop
      vertex -9.13013 -18.2866 3.8147e-07
      vertex -6.47048 -24.1481 3.8147e-07
      vertex -8.03599 -23.6733 3.8147e-07
    endloop
  endfacet
  facet normal 0 0 -1
    outer loop
      vertex -10.1359 -16.0276 3.8147e-07
      vertex -5.93411 -6.76656 3.8147e-07
      vertex -9.72971 -16.0489 3.8147e-07
    endloop
  endfacet
  facet normal -0 0 -1
    outer loop
      vertex -5.93411 -6.76656 3.8147e-07
      vertex -10.1359 -16.0276 3.8147e-07
      vertex -6.36396 -6.36396 3.8147e-07
    endloop
  endfacet
  facet normal -0 0 -1
    outer loop
      vertex -6.36396 -6.36396 3.8147e-07
      vertex -10.1359 -16.0276 3.8147e-07
      vertex -6.76656 -5.93411 3.8147e-07
    endloop
  endfacet
  facet normal -0 0 -1
    outer loop
      vertex -6.76656 -5.93411 3.8147e-07
      vertex -10.1359 -16.0276 3.8147e-07
      vertex -7.14018 -5.47885 3.8147e-07
    endloop
  endfacet
  facet normal 0 0 -1
    outer loop
      vertex -10.5288 -16.1329 3.8147e-07
      vertex -7.14018 -5.47885 3.8147e-07
      vertex -10.1359 -16.0276 3.8147e-07
    endloop
  endfacet
  facet normal 0 0 -1
    outer loop
      vertex -1.63508 -24.9465 3.8147e-07
      vertex -8.72841 -17.5908 3.8147e-07
      vertex -8.70712 -17.1846 3.8147e-07
    endloop
  endfacet
  facet normal 0 0 -1
    outer loop
      vertex -4.87726 -24.5196 3.8147e-07
      vertex -8.87417 -17.9705 3.8147e-07
      vertex -8.72841 -17.5908 3.8147e-07
    endloop
  endfacet
  facet normal 0 0 -1
    outer loop
      vertex -6.47048 -24.1481 3.8147e-07
      vertex -9.13013 -18.2866 3.8147e-07
      vertex -8.87417 -17.9705 3.8147e-07
    endloop
  endfacet
  facet normal 0 0 -1
    outer loop
      vertex -8.03599 -23.6733 3.8147e-07
      vertex -9.47124 -18.5081 3.8147e-07
      vertex -9.13013 -18.2866 3.8147e-07
    endloop
  endfacet
  facet normal 0 0 -1
    outer loop
      vertex -9.56709 -23.097 3.8147e-07
      vertex -9.47124 -18.5081 3.8147e-07
      vertex -8.03599 -23.6733 3.8147e-07
    endloop
  endfacet
  facet normal 0 0 -1
    outer loop
      vertex -9.56709 -23.097 3.8147e-07
      vertex -9.86411 -18.6134 3.8147e-07
      vertex -9.47124 -18.5081 3.8147e-07
    endloop
  endfacet
  facet normal 0 0 -1
    outer loop
      vertex -11.0572 -22.4218 3.8147e-07
      vertex -9.86411 -18.6134 3.8147e-07
      vertex -9.56709 -23.097 3.8147e-07
    endloop
  endfacet
  facet normal -0 0 -1
    outer loop
      vertex -9.86411 -18.6134 3.8147e-07
      vertex -11.0572 -22.4218 3.8147e-07
      vertex -10.2703 -18.5921 3.8147e-07
    endloop
  endfacet
  facet normal 0 0 -1
    outer loop
      vertex -12.5 -21.6506 3.8147e-07
      vertex -10.2703 -18.5921 3.8147e-07
      vertex -11.0572 -22.4218 3.8147e-07
    endloop
  endfacet
  facet normal -0 0 -1
    outer loop
      vertex -10.2703 -18.5921 3.8147e-07
      vertex -12.5 -21.6506 3.8147e-07
      vertex -10.65 -18.4463 3.8147e-07
    endloop
  endfacet
  facet normal -0 0 -1
    outer loop
      vertex -10.65 -18.4463 3.8147e-07
      vertex -12.5 -21.6506 3.8147e-07
      vertex -10.9661 -18.1904 3.8147e-07
    endloop
  endfacet
  facet normal 0 0 -1
    outer loop
      vertex -13.8893 -20.7867 3.8147e-07
      vertex -10.9661 -18.1904 3.8147e-07
      vertex -12.5 -21.6506 3.8147e-07
    endloop
  endfacet
  facet normal 0 0 -1
    outer loop
      vertex -15.219 -19.8338 3.8147e-07
      vertex -11.1876 -17.8493 3.8147e-07
      vertex -13.8893 -20.7867 3.8147e-07
    endloop
  endfacet
  facet normal -0 0 -1
    outer loop
      vertex -10.9661 -18.1904 3.8147e-07
      vertex -13.8893 -20.7867 3.8147e-07
      vertex -11.1876 -17.8493 3.8147e-07
    endloop
  endfacet
  facet normal 0.412727 0.910855 -0
    outer loop
      vertex 11.0572 22.4218 3.8147e-07
      vertex 9.56709 23.097 3
      vertex 11.0572 22.4218 3
    endloop
  endfacet
  facet normal 0.412727 0.910855 0
    outer loop
      vertex 9.56709 23.097 3
      vertex 11.0572 22.4218 3.8147e-07
      vertex 9.56709 23.097 3.8147e-07
    endloop
  endfacet
  facet normal -0.582498 0.812832 0
    outer loop
      vertex -13.8893 20.7867 3.8147e-07
      vertex -15.219 19.8338 3
      vertex -13.8893 20.7867 3
    endloop
  endfacet
  facet normal -0.582498 0.812832 0
    outer loop
      vertex -15.219 19.8338 3
      vertex -13.8893 20.7867 3.8147e-07
      vertex -15.219 19.8338 3.8147e-07
    endloop
  endfacet
  facet normal -0.352269 -0.935899 0
    outer loop
      vertex -9.56709 -23.097 3.8147e-07
      vertex -8.03599 -23.6733 3
      vertex -9.56709 -23.097 3
    endloop
  endfacet
  facet normal -0.352269 -0.935899 -0
    outer loop
      vertex -8.03599 -23.6733 3
      vertex -9.56709 -23.097 3.8147e-07
      vertex -8.03599 -23.6733 3.8147e-07
    endloop
  endfacet
  facet normal 0.412727 -0.910855 0
    outer loop
      vertex 9.56709 -23.097 3.8147e-07
      vertex 11.0572 -22.4218 3
      vertex 9.56709 -23.097 3
    endloop
  endfacet
  facet normal 0.412727 -0.910855 0
    outer loop
      vertex 11.0572 -22.4218 3
      vertex 9.56709 -23.097 3.8147e-07
      vertex 11.0572 -22.4218 3.8147e-07
    endloop
  endfacet
  facet normal 0.935899 0.352269 0
    outer loop
      vertex 23.6733 8.03599 3
      vertex 23.097 9.56709 3.8147e-07
      vertex 23.097 9.56709 3
    endloop
  endfacet
  facet normal 0.935899 0.352269 0
    outer loop
      vertex 23.097 9.56709 3.8147e-07
      vertex 23.6733 8.03599 3
      vertex 23.6733 8.03599 3.8147e-07
    endloop
  endfacet
  facet normal -0.986642 -0.162901 0
    outer loop
      vertex -24.5196 -4.87726 3.8147e-07
      vertex -24.7861 -3.26315 3
      vertex -24.7861 -3.26315 3.8147e-07
    endloop
  endfacet
  facet normal -0.986642 -0.162901 0
    outer loop
      vertex -24.7861 -3.26315 3
      vertex -24.5196 -4.87726 3.8147e-07
      vertex -24.5196 -4.87726 3
    endloop
  endfacet
  facet normal -0.412727 0.910855 0
    outer loop
      vertex -9.56709 23.097 3.8147e-07
      vertex -11.0572 22.4218 3
      vertex -9.56709 23.097 3
    endloop
  endfacet
  facet normal -0.412727 0.910855 0
    outer loop
      vertex -11.0572 22.4218 3
      vertex -9.56709 23.097 3.8147e-07
      vertex -11.0572 22.4218 3.8147e-07
    endloop
  endfacet
  facet normal -0.528058 0.849208 0
    outer loop
      vertex -12.5 21.6506 3.8147e-07
      vertex -13.8893 20.7867 3
      vertex -12.5 21.6506 3
    endloop
  endfacet
  facet normal -0.528058 0.849208 0
    outer loop
      vertex -13.8893 20.7867 3
      vertex -12.5 21.6506 3.8147e-07
      vertex -13.8893 20.7867 3.8147e-07
    endloop
  endfacet
  facet normal -0.162901 -0.986642 0
    outer loop
      vertex -4.87726 -24.5196 3.8147e-07
      vertex -3.26315 -24.7861 3
      vertex -4.87726 -24.5196 3
    endloop
  endfacet
  facet normal -0.162901 -0.986642 -0
    outer loop
      vertex -3.26315 -24.7861 3
      vertex -4.87726 -24.5196 3.8147e-07
      vertex -3.26315 -24.7861 3.8147e-07
    endloop
  endfacet
  facet normal 0.77302 -0.634382 0
    outer loop
      vertex 18.796 -16.4836 3
      vertex 19.8338 -15.219 3.8147e-07
      vertex 19.8338 -15.219 3
    endloop
  endfacet
  facet normal 0.77302 -0.634382 0
    outer loop
      vertex 19.8338 -15.219 3.8147e-07
      vertex 18.796 -16.4836 3
      vertex 18.796 -16.4836 3.8147e-07
    endloop
  endfacet
  facet normal -0.812832 0.582498 0
    outer loop
      vertex -20.7867 13.8893 3.8147e-07
      vertex -19.8338 15.219 3
      vertex -19.8338 15.219 3.8147e-07
    endloop
  endfacet
  facet normal -0.812832 0.582498 0
    outer loop
      vertex -19.8338 15.219 3
      vertex -20.7867 13.8893 3.8147e-07
      vertex -20.7867 13.8893 3
    endloop
  endfacet
  facet normal 0.352269 -0.935899 0
    outer loop
      vertex 8.03599 -23.6733 3.8147e-07
      vertex 9.56709 -23.097 3
      vertex 8.03599 -23.6733 3
    endloop
  endfacet
  facet normal 0.352269 -0.935899 0
    outer loop
      vertex 9.56709 -23.097 3
      vertex 8.03599 -23.6733 3.8147e-07
      vertex 9.56709 -23.097 3.8147e-07
    endloop
  endfacet
  facet normal 0.683561 0.729894 -0
    outer loop
      vertex 17.6777 17.6777 3.8147e-07
      vertex 16.4836 18.796 3
      vertex 17.6777 17.6777 3
    endloop
  endfacet
  facet normal 0.683561 0.729894 0
    outer loop
      vertex 16.4836 18.796 3
      vertex 17.6777 17.6777 3.8147e-07
      vertex 16.4836 18.796 3.8147e-07
    endloop
  endfacet
  facet normal -0.290233 0.956956 0
    outer loop
      vertex -6.47048 24.1481 3.8147e-07
      vertex -8.03599 23.6733 3
      vertex -6.47048 24.1481 3
    endloop
  endfacet
  facet normal -0.290233 0.956956 0
    outer loop
      vertex -8.03599 23.6733 3
      vertex -6.47048 24.1481 3.8147e-07
      vertex -8.03599 23.6733 3.8147e-07
    endloop
  endfacet
  facet normal 0.995182 -0.0980469 0
    outer loop
      vertex 24.7861 -3.26315 3
      vertex 24.9465 -1.63508 3.8147e-07
      vertex 24.9465 -1.63508 3
    endloop
  endfacet
  facet normal 0.995182 -0.0980469 0
    outer loop
      vertex 24.9465 -1.63508 3.8147e-07
      vertex 24.7861 -3.26315 3
      vertex 24.7861 -3.26315 3.8147e-07
    endloop
  endfacet
  facet normal 0.4714 0.881919 -0
    outer loop
      vertex 12.5 21.6506 3.8147e-07
      vertex 11.0572 22.4218 3
      vertex 12.5 21.6506 3
    endloop
  endfacet
  facet normal 0.4714 0.881919 0
    outer loop
      vertex 11.0572 22.4218 3
      vertex 12.5 21.6506 3.8147e-07
      vertex 11.0572 22.4218 3.8147e-07
    endloop
  endfacet
  facet normal -0.0327026 -0.999465 0
    outer loop
      vertex -1.63508 -24.9465 3.8147e-07
      vertex 0 -25 3
      vertex -1.63508 -24.9465 3
    endloop
  endfacet
  facet normal -0.0327026 -0.999465 -0
    outer loop
      vertex 0 -25 3
      vertex -1.63508 -24.9465 3.8147e-07
      vertex 0 -25 3.8147e-07
    endloop
  endfacet
  facet normal -0.290233 -0.956956 0
    outer loop
      vertex -8.03599 -23.6733 3.8147e-07
      vertex -6.47048 -24.1481 3
      vertex -8.03599 -23.6733 3
    endloop
  endfacet
  facet normal -0.290233 -0.956956 -0
    outer loop
      vertex -6.47048 -24.1481 3
      vertex -8.03599 -23.6733 3.8147e-07
      vertex -6.47048 -24.1481 3.8147e-07
    endloop
  endfacet
  facet normal 0.634382 -0.77302 0
    outer loop
      vertex 15.219 -19.8338 3.8147e-07
      vertex 16.4836 -18.796 3
      vertex 15.219 -19.8338 3
    endloop
  endfacet
  facet normal 0.634382 -0.77302 0
    outer loop
      vertex 16.4836 -18.796 3
      vertex 15.219 -19.8338 3.8147e-07
      vertex 16.4836 -18.796 3.8147e-07
    endloop
  endfacet
  facet normal -0.634382 0.77302 0
    outer loop
      vertex -15.219 19.8338 3.8147e-07
      vertex -16.4836 18.796 3
      vertex -15.219 19.8338 3
    endloop
  endfacet
  facet normal -0.634382 0.77302 0
    outer loop
      vertex -16.4836 18.796 3
      vertex -15.219 19.8338 3.8147e-07
      vertex -16.4836 18.796 3.8147e-07
    endloop
  endfacet
  facet normal 0.849208 -0.528058 0
    outer loop
      vertex 20.7867 -13.8893 3
      vertex 21.6506 -12.5 3.8147e-07
      vertex 21.6506 -12.5 3
    endloop
  endfacet
  facet normal 0.849208 -0.528058 0
    outer loop
      vertex 21.6506 -12.5 3.8147e-07
      vertex 20.7867 -13.8893 3
      vertex 20.7867 -13.8893 3.8147e-07
    endloop
  endfacet
  facet normal 0.881919 -0.4714 0
    outer loop
      vertex 21.6506 -12.5 3
      vertex 22.4218 -11.0572 3.8147e-07
      vertex 22.4218 -11.0572 3
    endloop
  endfacet
  facet normal 0.881919 -0.4714 0
    outer loop
      vertex 22.4218 -11.0572 3.8147e-07
      vertex 21.6506 -12.5 3
      vertex 21.6506 -12.5 3.8147e-07
    endloop
  endfacet
  facet normal -0.812832 -0.582498 0
    outer loop
      vertex -19.8338 -15.219 3.8147e-07
      vertex -20.7867 -13.8893 3
      vertex -20.7867 -13.8893 3.8147e-07
    endloop
  endfacet
  facet normal -0.812832 -0.582498 0
    outer loop
      vertex -20.7867 -13.8893 3
      vertex -19.8338 -15.219 3.8147e-07
      vertex -19.8338 -15.219 3
    endloop
  endfacet
  facet normal -0.956956 0.290233 0
    outer loop
      vertex -24.1481 6.47048 3.8147e-07
      vertex -23.6733 8.03599 3
      vertex -23.6733 8.03599 3.8147e-07
    endloop
  endfacet
  facet normal -0.956956 0.290233 0
    outer loop
      vertex -23.6733 8.03599 3
      vertex -24.1481 6.47048 3.8147e-07
      vertex -24.1481 6.47048 3
    endloop
  endfacet
  facet normal -0.910855 0.412727 0
    outer loop
      vertex -23.097 9.56709 3.8147e-07
      vertex -22.4218 11.0572 3
      vertex -22.4218 11.0572 3.8147e-07
    endloop
  endfacet
  facet normal -0.910855 0.412727 0
    outer loop
      vertex -22.4218 11.0572 3
      vertex -23.097 9.56709 3.8147e-07
      vertex -23.097 9.56709 3
    endloop
  endfacet
  facet normal 0.0980469 -0.995182 0
    outer loop
      vertex 1.63508 -24.9465 3.8147e-07
      vertex 3.26315 -24.7861 3
      vertex 1.63508 -24.9465 3
    endloop
  endfacet
  facet normal 0.0980469 -0.995182 0
    outer loop
      vertex 3.26315 -24.7861 3
      vertex 1.63508 -24.9465 3.8147e-07
      vertex 3.26315 -24.7861 3.8147e-07
    endloop
  endfacet
  facet normal -0.849208 -0.528058 0
    outer loop
      vertex -20.7867 -13.8893 3.8147e-07
      vertex -21.6506 -12.5 3
      vertex -21.6506 -12.5 3.8147e-07
    endloop
  endfacet
  facet normal -0.849208 -0.528058 0
    outer loop
      vertex -21.6506 -12.5 3
      vertex -20.7867 -13.8893 3.8147e-07
      vertex -20.7867 -13.8893 3
    endloop
  endfacet
  facet normal 0.634382 0.77302 -0
    outer loop
      vertex 16.4836 18.796 3.8147e-07
      vertex 15.219 19.8338 3
      vertex 16.4836 18.796 3
    endloop
  endfacet
  facet normal 0.634382 0.77302 0
    outer loop
      vertex 15.219 19.8338 3
      vertex 16.4836 18.796 3.8147e-07
      vertex 15.219 19.8338 3.8147e-07
    endloop
  endfacet
  facet normal 0.812832 0.582498 0
    outer loop
      vertex 20.7867 13.8893 3
      vertex 19.8338 15.219 3.8147e-07
      vertex 19.8338 15.219 3
    endloop
  endfacet
  facet normal 0.812832 0.582498 0
    outer loop
      vertex 19.8338 15.219 3.8147e-07
      vertex 20.7867 13.8893 3
      vertex 20.7867 13.8893 3.8147e-07
    endloop
  endfacet
  facet normal -0.683561 0.729894 0
    outer loop
      vertex -16.4836 18.796 3.8147e-07
      vertex -17.6777 17.6777 3
      vertex -16.4836 18.796 3
    endloop
  endfacet
  facet normal -0.683561 0.729894 0
    outer loop
      vertex -17.6777 17.6777 3
      vertex -16.4836 18.796 3.8147e-07
      vertex -17.6777 17.6777 3.8147e-07
    endloop
  endfacet
  facet normal 0.956956 0.290233 0
    outer loop
      vertex 24.1481 6.47048 3
      vertex 23.6733 8.03599 3.8147e-07
      vertex 23.6733 8.03599 3
    endloop
  endfacet
  facet normal 0.956956 0.290233 0
    outer loop
      vertex 23.6733 8.03599 3.8147e-07
      vertex 24.1481 6.47048 3
      vertex 24.1481 6.47048 3.8147e-07
    endloop
  endfacet
  facet normal 0.973875 -0.227084 0
    outer loop
      vertex 24.1481 -6.47048 3
      vertex 24.5196 -4.87726 3.8147e-07
      vertex 24.5196 -4.87726 3
    endloop
  endfacet
  facet normal 0.973875 -0.227084 0
    outer loop
      vertex 24.5196 -4.87726 3.8147e-07
      vertex 24.1481 -6.47048 3
      vertex 24.1481 -6.47048 3.8147e-07
    endloop
  endfacet
  facet normal -0.935899 0.352269 0
    outer loop
      vertex -23.6733 8.03599 3.8147e-07
      vertex -23.097 9.56709 3
      vertex -23.097 9.56709 3.8147e-07
    endloop
  endfacet
  facet normal -0.935899 0.352269 0
    outer loop
      vertex -23.097 9.56709 3
      vertex -23.6733 8.03599 3.8147e-07
      vertex -23.6733 8.03599 3
    endloop
  endfacet
  facet normal -0.729894 0.683561 0
    outer loop
      vertex -18.796 16.4836 3.8147e-07
      vertex -17.6777 17.6777 3
      vertex -17.6777 17.6777 3.8147e-07
    endloop
  endfacet
  facet normal -0.729894 0.683561 0
    outer loop
      vertex -17.6777 17.6777 3
      vertex -18.796 16.4836 3.8147e-07
      vertex -18.796 16.4836 3
    endloop
  endfacet
  facet normal 0.881919 0.4714 0
    outer loop
      vertex 22.4218 11.0572 3
      vertex 21.6506 12.5 3.8147e-07
      vertex 21.6506 12.5 3
    endloop
  endfacet
  facet normal 0.881919 0.4714 0
    outer loop
      vertex 21.6506 12.5 3.8147e-07
      vertex 22.4218 11.0572 3
      vertex 22.4218 11.0572 3.8147e-07
    endloop
  endfacet
  facet normal 0.77302 0.634382 0
    outer loop
      vertex 19.8338 15.219 3
      vertex 18.796 16.4836 3.8147e-07
      vertex 18.796 16.4836 3
    endloop
  endfacet
  facet normal 0.77302 0.634382 0
    outer loop
      vertex 18.796 16.4836 3.8147e-07
      vertex 19.8338 15.219 3
      vertex 19.8338 15.219 3.8147e-07
    endloop
  endfacet
  facet normal 0.227084 -0.973875 0
    outer loop
      vertex 4.87726 -24.5196 3.8147e-07
      vertex 6.47048 -24.1481 3
      vertex 4.87726 -24.5196 3
    endloop
  endfacet
  facet normal 0.227084 -0.973875 0
    outer loop
      vertex 6.47048 -24.1481 3
      vertex 4.87726 -24.5196 3.8147e-07
      vertex 6.47048 -24.1481 3.8147e-07
    endloop
  endfacet
  facet normal -0.77302 0.634382 0
    outer loop
      vertex -19.8338 15.219 3.8147e-07
      vertex -18.796 16.4836 3
      vertex -18.796 16.4836 3.8147e-07
    endloop
  endfacet
  facet normal -0.77302 0.634382 0
    outer loop
      vertex -18.796 16.4836 3
      vertex -19.8338 15.219 3.8147e-07
      vertex -19.8338 15.219 3
    endloop
  endfacet
  facet normal -0.77302 -0.634382 0
    outer loop
      vertex -18.796 -16.4836 3.8147e-07
      vertex -19.8338 -15.219 3
      vertex -19.8338 -15.219 3.8147e-07
    endloop
  endfacet
  facet normal -0.77302 -0.634382 0
    outer loop
      vertex -19.8338 -15.219 3
      vertex -18.796 -16.4836 3.8147e-07
      vertex -18.796 -16.4836 3
    endloop
  endfacet
  facet normal 0.290233 -0.956956 0
    outer loop
      vertex 6.47048 -24.1481 3.8147e-07
      vertex 8.03599 -23.6733 3
      vertex 6.47048 -24.1481 3
    endloop
  endfacet
  facet normal 0.290233 -0.956956 0
    outer loop
      vertex 8.03599 -23.6733 3
      vertex 6.47048 -24.1481 3.8147e-07
      vertex 8.03599 -23.6733 3.8147e-07
    endloop
  endfacet
  facet normal 0.352269 0.935899 -0
    outer loop
      vertex 9.56709 23.097 3.8147e-07
      vertex 8.03599 23.6733 3
      vertex 9.56709 23.097 3
    endloop
  endfacet
  facet normal 0.352269 0.935899 0
    outer loop
      vertex 8.03599 23.6733 3
      vertex 9.56709 23.097 3.8147e-07
      vertex 8.03599 23.6733 3.8147e-07
    endloop
  endfacet
  facet normal -0.999465 -0.0327026 0
    outer loop
      vertex -24.9465 -1.63508 3.8147e-07
      vertex -25 0 3
      vertex -25 0 3.8147e-07
    endloop
  endfacet
  facet normal -0.999465 -0.0327026 0
    outer loop
      vertex -25 0 3
      vertex -24.9465 -1.63508 3.8147e-07
      vertex -24.9465 -1.63508 3
    endloop
  endfacet
  facet normal 0.4714 -0.881919 0
    outer loop
      vertex 11.0572 -22.4218 3.8147e-07
      vertex 12.5 -21.6506 3
      vertex 11.0572 -22.4218 3
    endloop
  endfacet
  facet normal 0.4714 -0.881919 0
    outer loop
      vertex 12.5 -21.6506 3
      vertex 11.0572 -22.4218 3.8147e-07
      vertex 12.5 -21.6506 3.8147e-07
    endloop
  endfacet
  facet normal -0.910855 -0.412727 0
    outer loop
      vertex -22.4218 -11.0572 3.8147e-07
      vertex -23.097 -9.56709 3
      vertex -23.097 -9.56709 3.8147e-07
    endloop
  endfacet
  facet normal -0.910855 -0.412727 0
    outer loop
      vertex -23.097 -9.56709 3
      vertex -22.4218 -11.0572 3.8147e-07
      vertex -22.4218 -11.0572 3
    endloop
  endfacet
  facet normal -0.729894 -0.683561 0
    outer loop
      vertex -17.6777 -17.6777 3.8147e-07
      vertex -18.796 -16.4836 3
      vertex -18.796 -16.4836 3.8147e-07
    endloop
  endfacet
  facet normal -0.729894 -0.683561 0
    outer loop
      vertex -18.796 -16.4836 3
      vertex -17.6777 -17.6777 3.8147e-07
      vertex -17.6777 -17.6777 3
    endloop
  endfacet
  facet normal 0.582498 -0.812832 0
    outer loop
      vertex 13.8893 -20.7867 3.8147e-07
      vertex 15.219 -19.8338 3
      vertex 13.8893 -20.7867 3
    endloop
  endfacet
  facet normal 0.582498 -0.812832 0
    outer loop
      vertex 15.219 -19.8338 3
      vertex 13.8893 -20.7867 3.8147e-07
      vertex 15.219 -19.8338 3.8147e-07
    endloop
  endfacet
  facet normal -0.849208 0.528058 0
    outer loop
      vertex -21.6506 12.5 3.8147e-07
      vertex -20.7867 13.8893 3
      vertex -20.7867 13.8893 3.8147e-07
    endloop
  endfacet
  facet normal -0.849208 0.528058 0
    outer loop
      vertex -20.7867 13.8893 3
      vertex -21.6506 12.5 3.8147e-07
      vertex -21.6506 12.5 3
    endloop
  endfacet
  facet normal -0.683561 -0.729894 0
    outer loop
      vertex -17.6777 -17.6777 3.8147e-07
      vertex -16.4836 -18.796 3
      vertex -17.6777 -17.6777 3
    endloop
  endfacet
  facet normal -0.683561 -0.729894 -0
    outer loop
      vertex -16.4836 -18.796 3
      vertex -17.6777 -17.6777 3.8147e-07
      vertex -16.4836 -18.796 3.8147e-07
    endloop
  endfacet
  facet normal -0.973875 0.227084 0
    outer loop
      vertex -24.5196 4.87726 3.8147e-07
      vertex -24.1481 6.47048 3
      vertex -24.1481 6.47048 3.8147e-07
    endloop
  endfacet
  facet normal -0.973875 0.227084 0
    outer loop
      vertex -24.1481 6.47048 3
      vertex -24.5196 4.87726 3.8147e-07
      vertex -24.5196 4.87726 3
    endloop
  endfacet
  facet normal 0.0327026 0.999465 -0
    outer loop
      vertex 1.63508 24.9465 3.8147e-07
      vertex 0 25 3
      vertex 1.63508 24.9465 3
    endloop
  endfacet
  facet normal 0.0327026 0.999465 0
    outer loop
      vertex 0 25 3
      vertex 1.63508 24.9465 3.8147e-07
      vertex 0 25 3.8147e-07
    endloop
  endfacet
  facet normal -0.227084 0.973875 0
    outer loop
      vertex -4.87726 24.5196 3.8147e-07
      vertex -6.47048 24.1481 3
      vertex -4.87726 24.5196 3
    endloop
  endfacet
  facet normal -0.227084 0.973875 0
    outer loop
      vertex -6.47048 24.1481 3
      vertex -4.87726 24.5196 3.8147e-07
      vertex -6.47048 24.1481 3.8147e-07
    endloop
  endfacet
  facet normal 0 0 1
    outer loop
      vertex -6.50562 -15.706 3
      vertex -8.81239 -16.7917 3
      vertex -8.70712 -17.1846 3
    endloop
  endfacet
  facet normal 0 0 1
    outer loop
      vertex -7.51891 -15.2468 3
      vertex -9.03391 -16.4506 3
      vertex -8.81239 -16.7917 3
    endloop
  endfacet
  facet normal 0 0 1
    outer loop
      vertex -8.5 -14.7224 3
      vertex -9.35 -16.1947 3
      vertex -9.03391 -16.4506 3
    endloop
  endfacet
  facet normal 0 0 1
    outer loop
      vertex -9.72971 -16.0489 3
      vertex -8.5 -14.7224 3
      vertex -9.44469 -14.135 3
    endloop
  endfacet
  facet normal 0 0 1
    outer loop
      vertex -8.5 -14.7224 3
      vertex -9.72971 -16.0489 3
      vertex -9.35 -16.1947 3
    endloop
  endfacet
  facet normal 0 0 1
    outer loop
      vertex -9.44469 -14.135 3
      vertex -10.1359 -16.0276 3
      vertex -9.72971 -16.0489 3
    endloop
  endfacet
  facet normal 0 0 1
    outer loop
      vertex -10.3489 -13.487 3
      vertex -10.1359 -16.0276 3
      vertex -9.44469 -14.135 3
    endloop
  endfacet
  facet normal 0 0 1
    outer loop
      vertex -10.3489 -13.487 3
      vertex -10.5288 -16.1329 3
      vertex -10.1359 -16.0276 3
    endloop
  endfacet
  facet normal 0 0 1
    outer loop
      vertex -10.3489 -13.487 3
      vertex -10.8699 -16.3544 3
      vertex -10.5288 -16.1329 3
    endloop
  endfacet
  facet normal 0 0 1
    outer loop
      vertex -11.2089 -12.7813 3
      vertex -10.8699 -16.3544 3
      vertex -10.3489 -13.487 3
    endloop
  endfacet
  facet normal 0 0 1
    outer loop
      vertex -10.8699 -16.3544 3
      vertex -11.2089 -12.7813 3
      vertex -11.1258 -16.6705 3
    endloop
  endfacet
  facet normal 0 0 1
    outer loop
      vertex -12.0208 -12.0208 3
      vertex -11.1258 -16.6705 3
      vertex -11.2089 -12.7813 3
    endloop
  endfacet
  facet normal 0 0 1
    outer loop
      vertex -17.6777 -17.6777 3
      vertex -11.1258 -16.6705 3
      vertex -12.0208 -12.0208 3
    endloop
  endfacet
  facet normal 0 0 1
    outer loop
      vertex -11.1258 -16.6705 3
      vertex -17.6777 -17.6777 3
      vertex -11.2716 -17.0502 3
    endloop
  endfacet
  facet normal 0 0 1
    outer loop
      vertex 23.097 -9.56709 3
      vertex 15.706 -6.50562 3
      vertex 22.4218 -11.0572 3
    endloop
  endfacet
  facet normal -0 0 1
    outer loop
      vertex 15.2468 -7.51891 3
      vertex 22.4218 -11.0572 3
      vertex 15.706 -6.50562 3
    endloop
  endfacet
  facet normal 0 0 1
    outer loop
      vertex 22.4218 -11.0572 3
      vertex 15.2468 -7.51891 3
      vertex 21.6506 -12.5 3
    endloop
  endfacet
  facet normal -0 0 1
    outer loop
      vertex 14.7224 -8.5 3
      vertex 21.6506 -12.5 3
      vertex 15.2468 -7.51891 3
    endloop
  endfacet
  facet normal 0 0 1
    outer loop
      vertex 21.6506 -12.5 3
      vertex 14.7224 -8.5 3
      vertex 20.7867 -13.8893 3
    endloop
  endfacet
  facet normal -0 0 1
    outer loop
      vertex 14.135 -9.44469 3
      vertex 20.7867 -13.8893 3
      vertex 14.7224 -8.5 3
    endloop
  endfacet
  facet normal 0 0 1
    outer loop
      vertex 20.7867 -13.8893 3
      vertex 14.135 -9.44469 3
      vertex 19.8338 -15.219 3
    endloop
  endfacet
  facet normal -0 0 1
    outer loop
      vertex 13.487 -10.3489 3
      vertex 19.8338 -15.219 3
      vertex 14.135 -9.44469 3
    endloop
  endfacet
  facet normal 0 0 1
    outer loop
      vertex 19.8338 -15.219 3
      vertex 13.487 -10.3489 3
      vertex 18.796 -16.4836 3
    endloop
  endfacet
  facet normal -0 0 1
    outer loop
      vertex 12.7813 -11.2089 3
      vertex 18.796 -16.4836 3
      vertex 13.487 -10.3489 3
    endloop
  endfacet
  facet normal 0 0 1
    outer loop
      vertex 18.796 -16.4836 3
      vertex 12.7813 -11.2089 3
      vertex 17.6777 -17.6777 3
    endloop
  endfacet
  facet normal -0 0 1
    outer loop
      vertex 12.0208 -12.0208 3
      vertex 17.6777 -17.6777 3
      vertex 12.7813 -11.2089 3
    endloop
  endfacet
  facet normal 0 0 1
    outer loop
      vertex 17.6777 -17.6777 3
      vertex 12.0208 -12.0208 3
      vertex 16.4836 -18.796 3
    endloop
  endfacet
  facet normal -0 0 1
    outer loop
      vertex 11.2089 -12.7813 3
      vertex 16.4836 -18.796 3
      vertex 12.0208 -12.0208 3
    endloop
  endfacet
  facet normal 0 0 1
    outer loop
      vertex 16.4836 -18.796 3
      vertex 11.2089 -12.7813 3
      vertex 15.219 -19.8338 3
    endloop
  endfacet
  facet normal -0 0 1
    outer loop
      vertex 10.3489 -13.487 3
      vertex 15.219 -19.8338 3
      vertex 11.2089 -12.7813 3
    endloop
  endfacet
  facet normal 0 0 1
    outer loop
      vertex 15.219 -19.8338 3
      vertex 10.3489 -13.487 3
      vertex 13.8893 -20.7867 3
    endloop
  endfacet
  facet normal -0 0 1
    outer loop
      vertex 9.44469 -14.135 3
      vertex 13.8893 -20.7867 3
      vertex 10.3489 -13.487 3
    endloop
  endfacet
  facet normal 0 0 1
    outer loop
      vertex 13.8893 -20.7867 3
      vertex 9.44469 -14.135 3
      vertex 12.5 -21.6506 3
    endloop
  endfacet
  facet normal -0 0 1
    outer loop
      vertex 8.5 -14.7224 3
      vertex 12.5 -21.6506 3
      vertex 9.44469 -14.135 3
    endloop
  endfacet
  facet normal 0 0 1
    outer loop
      vertex 12.5 -21.6506 3
      vertex 8.5 -14.7224 3
      vertex 11.0572 -22.4218 3
    endloop
  endfacet
  facet normal -0 0 1
    outer loop
      vertex 7.51891 -15.2468 3
      vertex 11.0572 -22.4218 3
      vertex 8.5 -14.7224 3
    endloop
  endfacet
  facet normal 0 0 1
    outer loop
      vertex 11.0572 -22.4218 3
      vertex 7.51891 -15.2468 3
      vertex 9.56709 -23.097 3
    endloop
  endfacet
  facet normal -0 0 1
    outer loop
      vertex 6.50562 -15.706 3
      vertex 9.56709 -23.097 3
      vertex 7.51891 -15.2468 3
    endloop
  endfacet
  facet normal 0 0 1
    outer loop
      vertex 9.56709 -23.097 3
      vertex 6.50562 -15.706 3
      vertex 8.03599 -23.6733 3
    endloop
  endfacet
  facet normal -0 0 1
    outer loop
      vertex 5.46447 -16.0978 3
      vertex 8.03599 -23.6733 3
      vertex 6.50562 -15.706 3
    endloop
  endfacet
  facet normal 0 0 1
    outer loop
      vertex 8.03599 -23.6733 3
      vertex 5.46447 -16.0978 3
      vertex 6.47048 -24.1481 3
    endloop
  endfacet
  facet normal -0 0 1
    outer loop
      vertex 4.39992 -16.4207 3
      vertex 6.47048 -24.1481 3
      vertex 5.46447 -16.0978 3
    endloop
  endfacet
  facet normal 0 0 1
    outer loop
      vertex 6.47048 -24.1481 3
      vertex 4.39992 -16.4207 3
      vertex 4.87726 -24.5196 3
    endloop
  endfacet
  facet normal -0 0 1
    outer loop
      vertex 3.31653 -16.6733 3
      vertex 4.87726 -24.5196 3
      vertex 4.39992 -16.4207 3
    endloop
  endfacet
  facet normal 0 0 1
    outer loop
      vertex 3.31653 -16.6733 3
      vertex 3.26315 -24.7861 3
      vertex 4.87726 -24.5196 3
    endloop
  endfacet
  facet normal -0 0 1
    outer loop
      vertex 2.21894 -16.8546 3
      vertex 3.26315 -24.7861 3
      vertex 3.31653 -16.6733 3
    endloop
  endfacet
  facet normal 0 0 1
    outer loop
      vertex 2.21894 -16.8546 3
      vertex 1.63508 -24.9465 3
      vertex 3.26315 -24.7861 3
    endloop
  endfacet
  facet normal -0 0 1
    outer loop
      vertex 1.11185 -16.9636 3
      vertex 1.63508 -24.9465 3
      vertex 2.21894 -16.8546 3
    endloop
  endfacet
  facet normal -0 0 1
    outer loop
      vertex 0 -17 3
      vertex 1.63508 -24.9465 3
      vertex 1.11185 -16.9636 3
    endloop
  endfacet
  facet normal 0 0 1
    outer loop
      vertex 0 -17 3
      vertex 0 -25 3
      vertex 1.63508 -24.9465 3
    endloop
  endfacet
  facet normal 0 0 1
    outer loop
      vertex -1.11185 -16.9636 3
      vertex 0 -25 3
      vertex 0 -17 3
    endloop
  endfacet
  facet normal 0 0 1
    outer loop
      vertex -1.11185 -16.9636 3
      vertex -1.63508 -24.9465 3
      vertex 0 -25 3
    endloop
  endfacet
  facet normal 0 0 1
    outer loop
      vertex -2.21894 -16.8546 3
      vertex -1.63508 -24.9465 3
      vertex -1.11185 -16.9636 3
    endloop
  endfacet
  facet normal 0 0 1
    outer loop
      vertex -2.21894 -16.8546 3
      vertex -3.26315 -24.7861 3
      vertex -1.63508 -24.9465 3
    endloop
  endfacet
  facet normal 0 0 1
    outer loop
      vertex -3.31653 -16.6733 3
      vertex -3.26315 -24.7861 3
      vertex -2.21894 -16.8546 3
    endloop
  endfacet
  facet normal 0 0 1
    outer loop
      vertex -4.87726 -24.5196 3
      vertex -3.31653 -16.6733 3
      vertex -4.39992 -16.4207 3
    endloop
  endfacet
  facet normal 0 0 1
    outer loop
      vertex -3.31653 -16.6733 3
      vertex -4.87726 -24.5196 3
      vertex -3.26315 -24.7861 3
    endloop
  endfacet
  facet normal 0 0 1
    outer loop
      vertex -8.87417 -17.9705 3
      vertex -4.39992 -16.4207 3
      vertex -5.46447 -16.0978 3
    endloop
  endfacet
  facet normal 0 0 1
    outer loop
      vertex -4.39992 -16.4207 3
      vertex -6.47048 -24.1481 3
      vertex -4.87726 -24.5196 3
    endloop
  endfacet
  facet normal 0 0 1
    outer loop
      vertex -8.72841 -17.5908 3
      vertex -5.46447 -16.0978 3
      vertex -6.50562 -15.706 3
    endloop
  endfacet
  facet normal 0 0 1
    outer loop
      vertex -8.81239 -16.7917 3
      vertex -6.50562 -15.706 3
      vertex -7.51891 -15.2468 3
    endloop
  endfacet
  facet normal 0 0 1
    outer loop
      vertex -5.46447 -16.0978 3
      vertex -8.72841 -17.5908 3
      vertex -8.87417 -17.9705 3
    endloop
  endfacet
  facet normal 0 0 1
    outer loop
      vertex -9.03391 -16.4506 3
      vertex -7.51891 -15.2468 3
      vertex -8.5 -14.7224 3
    endloop
  endfacet
  facet normal 0 0 1
    outer loop
      vertex -6.50562 -15.706 3
      vertex -8.70712 -17.1846 3
      vertex -8.72841 -17.5908 3
    endloop
  endfacet
  facet normal 0 0 1
    outer loop
      vertex -4.39992 -16.4207 3
      vertex -8.87417 -17.9705 3
      vertex -6.47048 -24.1481 3
    endloop
  endfacet
  facet normal -0 0 1
    outer loop
      vertex -9.13013 -18.2866 3
      vertex -6.47048 -24.1481 3
      vertex -8.87417 -17.9705 3
    endloop
  endfacet
  facet normal 0 0 1
    outer loop
      vertex -6.47048 -24.1481 3
      vertex -9.13013 -18.2866 3
      vertex -8.03599 -23.6733 3
    endloop
  endfacet
  facet normal -0 0 1
    outer loop
      vertex -9.47124 -18.5081 3
      vertex -8.03599 -23.6733 3
      vertex -9.13013 -18.2866 3
    endloop
  endfacet
  facet normal 0 0 1
    outer loop
      vertex -9.47124 -18.5081 3
      vertex -9.56709 -23.097 3
      vertex -8.03599 -23.6733 3
    endloop
  endfacet
  facet normal -0 0 1
    outer loop
      vertex -9.86411 -18.6134 3
      vertex -9.56709 -23.097 3
      vertex -9.47124 -18.5081 3
    endloop
  endfacet
  facet normal 0 0 1
    outer loop
      vertex -11.0572 -22.4218 3
      vertex -9.86411 -18.6134 3
      vertex -10.2703 -18.5921 3
    endloop
  endfacet
  facet normal 0 0 1
    outer loop
      vertex -12.5 -21.6506 3
      vertex -10.2703 -18.5921 3
      vertex -10.65 -18.4463 3
    endloop
  endfacet
  facet normal 0 0 1
    outer loop
      vertex -12.5 -21.6506 3
      vertex -10.65 -18.4463 3
      vertex -10.9661 -18.1904 3
    endloop
  endfacet
  facet normal 0 0 1
    outer loop
      vertex -9.86411 -18.6134 3
      vertex -11.0572 -22.4218 3
      vertex -9.56709 -23.097 3
    endloop
  endfacet
  facet normal 0 0 1
    outer loop
      vertex -13.8893 -20.7867 3
      vertex -10.9661 -18.1904 3
      vertex -11.1876 -17.8493 3
    endloop
  endfacet
  facet normal 0 0 1
    outer loop
      vertex -15.219 -19.8338 3
      vertex -11.1876 -17.8493 3
      vertex -11.2929 -17.4564 3
    endloop
  endfacet
  facet normal 0 -0 1
    outer loop
      vertex -16.4836 -18.796 3
      vertex -11.2716 -17.0502 3
      vertex -17.6777 -17.6777 3
    endloop
  endfacet
  facet normal 0 0 1
    outer loop
      vertex -10.2703 -18.5921 3
      vertex -12.5 -21.6506 3
      vertex -11.0572 -22.4218 3
    endloop
  endfacet
  facet normal 0 0 1
    outer loop
      vertex -17.6777 -17.6777 3
      vertex -12.0208 -12.0208 3
      vertex -12.7813 -11.2089 3
    endloop
  endfacet
  facet normal 0 0 1
    outer loop
      vertex -18.796 -16.4836 3
      vertex -12.7813 -11.2089 3
      vertex -13.487 -10.3489 3
    endloop
  endfacet
  facet normal 0 0 1
    outer loop
      vertex -10.9661 -18.1904 3
      vertex -13.8893 -20.7867 3
      vertex -12.5 -21.6506 3
    endloop
  endfacet
  facet normal 0 0 1
    outer loop
      vertex -19.8338 -15.219 3
      vertex -13.487 -10.3489 3
      vertex -14.135 -9.44469 3
    endloop
  endfacet
  facet normal 0 0 1
    outer loop
      vertex -20.7867 -13.8893 3
      vertex -14.135 -9.44469 3
      vertex -14.7224 -8.5 3
    endloop
  endfacet
  facet normal 0 0 1
    outer loop
      vertex -11.1876 -17.8493 3
      vertex -15.219 -19.8338 3
      vertex -13.8893 -20.7867 3
    endloop
  endfacet
  facet normal 0 0 1
    outer loop
      vertex -21.6506 -12.5 3
      vertex -14.7224 -8.5 3
      vertex -15.2468 -7.51891 3
    endloop
  endfacet
  facet normal 0 0 1
    outer loop
      vertex -22.4218 -11.0572 3
      vertex -15.2468 -7.51891 3
      vertex -15.706 -6.50562 3
    endloop
  endfacet
  facet normal 0 0 1
    outer loop
      vertex -23.097 -9.56709 3
      vertex -15.706 -6.50562 3
      vertex -16.0978 -5.46447 3
    endloop
  endfacet
  facet normal 0 0 1
    outer loop
      vertex -23.6733 -8.03599 3
      vertex -16.0978 -5.46447 3
      vertex -16.4207 -4.39992 3
    endloop
  endfacet
  facet normal 0 0 1
    outer loop
      vertex -11.2929 -17.4564 3
      vertex -16.4836 -18.796 3
      vertex -15.219 -19.8338 3
    endloop
  endfacet
  facet normal 0 0 1
    outer loop
      vertex -24.1481 -6.47048 3
      vertex -16.4207 -4.39992 3
      vertex -16.6733 -3.31653 3
    endloop
  endfacet
  facet normal 0 0 1
    outer loop
      vertex -24.5196 -4.87726 3
      vertex -16.6733 -3.31653 3
      vertex -16.8546 -2.21894 3
    endloop
  endfacet
  facet normal 0 0 1
    outer loop
      vertex -24.7861 -3.26315 3
      vertex -16.8546 -2.21894 3
      vertex -16.9636 -1.11185 3
    endloop
  endfacet
  facet normal 0 0 1
    outer loop
      vertex -24.9465 -1.63508 3
      vertex -16.9636 -1.11185 3
      vertex -17 0 3
    endloop
  endfacet
  facet normal 0 0 1
    outer loop
      vertex -15.706 6.50562 3
      vertex -23.097 9.56709 3
      vertex -16.0978 5.46447 3
    endloop
  endfacet
  facet normal 0 0 1
    outer loop
      vertex -11.2716 -17.0502 3
      vertex -16.4836 -18.796 3
      vertex -11.2929 -17.4564 3
    endloop
  endfacet
  facet normal -0 0 1
    outer loop
      vertex -23.6733 8.03599 3
      vertex -16.0978 5.46447 3
      vertex -23.097 9.56709 3
    endloop
  endfacet
  facet normal 0 0 1
    outer loop
      vertex -12.7813 -11.2089 3
      vertex -18.796 -16.4836 3
      vertex -17.6777 -17.6777 3
    endloop
  endfacet
  facet normal 0 0 1
    outer loop
      vertex -16.0978 5.46447 3
      vertex -23.6733 8.03599 3
      vertex -16.4207 4.39992 3
    endloop
  endfacet
  facet normal 0 0 1
    outer loop
      vertex -13.487 -10.3489 3
      vertex -19.8338 -15.219 3
      vertex -18.796 -16.4836 3
    endloop
  endfacet
  facet normal -0 0 1
    outer loop
      vertex -24.1481 6.47048 3
      vertex -16.4207 4.39992 3
      vertex -23.6733 8.03599 3
    endloop
  endfacet
  facet normal 0 0 1
    outer loop
      vertex -14.135 -9.44469 3
      vertex -20.7867 -13.8893 3
      vertex -19.8338 -15.219 3
    endloop
  endfacet
  facet normal 0 0 1
    outer loop
      vertex -16.4207 4.39992 3
      vertex -24.1481 6.47048 3
      vertex -16.6733 3.31653 3
    endloop
  endfacet
  facet normal 0 0 1
    outer loop
      vertex -14.7224 -8.5 3
      vertex -21.6506 -12.5 3
      vertex -20.7867 -13.8893 3
    endloop
  endfacet
  facet normal -0 0 1
    outer loop
      vertex -24.5196 4.87726 3
      vertex -16.6733 3.31653 3
      vertex -24.1481 6.47048 3
    endloop
  endfacet
  facet normal 0 0 1
    outer loop
      vertex -15.2468 -7.51891 3
      vertex -22.4218 -11.0572 3
      vertex -21.6506 -12.5 3
    endloop
  endfacet
  facet normal 0 0 1
    outer loop
      vertex -16.6733 3.31653 3
      vertex -24.5196 4.87726 3
      vertex -16.8546 2.21894 3
    endloop
  endfacet
  facet normal 0 0 1
    outer loop
      vertex -15.706 -6.50562 3
      vertex -23.097 -9.56709 3
      vertex -22.4218 -11.0572 3
    endloop
  endfacet
  facet normal -0 0 1
    outer loop
      vertex -24.7861 3.26315 3
      vertex -16.8546 2.21894 3
      vertex -24.5196 4.87726 3
    endloop
  endfacet
  facet normal 0 0 1
    outer loop
      vertex -16.0978 -5.46447 3
      vertex -23.6733 -8.03599 3
      vertex -23.097 -9.56709 3
    endloop
  endfacet
  facet normal 0 0 1
    outer loop
      vertex -16.8546 2.21894 3
      vertex -24.7861 3.26315 3
      vertex -16.9636 1.11185 3
    endloop
  endfacet
  facet normal 0 0 1
    outer loop
      vertex -16.4207 -4.39992 3
      vertex -24.1481 -6.47048 3
      vertex -23.6733 -8.03599 3
    endloop
  endfacet
  facet normal -0 0 1
    outer loop
      vertex -24.9465 1.63508 3
      vertex -16.9636 1.11185 3
      vertex -24.7861 3.26315 3
    endloop
  endfacet
  facet normal 0 0 1
    outer loop
      vertex -16.6733 -3.31653 3
      vertex -24.5196 -4.87726 3
      vertex -24.1481 -6.47048 3
    endloop
  endfacet
  facet normal 0 0 1
    outer loop
      vertex -16.9636 1.11185 3
      vertex -24.9465 1.63508 3
      vertex -17 0 3
    endloop
  endfacet
  facet normal 0 0 1
    outer loop
      vertex -16.8546 -2.21894 3
      vertex -24.7861 -3.26315 3
      vertex -24.5196 -4.87726 3
    endloop
  endfacet
  facet normal 0 0 1
    outer loop
      vertex -25 0 3
      vertex -17 0 3
      vertex -24.9465 1.63508 3
    endloop
  endfacet
  facet normal 0 0 1
    outer loop
      vertex -16.9636 -1.11185 3
      vertex -24.9465 -1.63508 3
      vertex -24.7861 -3.26315 3
    endloop
  endfacet
  facet normal 0 0 1
    outer loop
      vertex -17 0 3
      vertex -25 0 3
      vertex -24.9465 -1.63508 3
    endloop
  endfacet
  facet normal -0 0 1
    outer loop
      vertex -9.03391 16.4506 3
      vertex -7.51891 15.2468 3
      vertex -8.81239 16.7917 3
    endloop
  endfacet
  facet normal 0 0 1
    outer loop
      vertex -7.51891 15.2468 3
      vertex -9.03391 16.4506 3
      vertex -8.5 14.7224 3
    endloop
  endfacet
  facet normal -0 0 1
    outer loop
      vertex -9.35 16.1947 3
      vertex -8.5 14.7224 3
      vertex -9.03391 16.4506 3
    endloop
  endfacet
  facet normal -0 0 1
    outer loop
      vertex -9.72971 16.0489 3
      vertex -8.5 14.7224 3
      vertex -9.35 16.1947 3
    endloop
  endfacet
  facet normal 0 0 1
    outer loop
      vertex -8.5 14.7224 3
      vertex -9.72971 16.0489 3
      vertex -9.44469 14.135 3
    endloop
  endfacet
  facet normal -0 0 1
    outer loop
      vertex -10.1359 16.0276 3
      vertex -9.44469 14.135 3
      vertex -9.72971 16.0489 3
    endloop
  endfacet
  facet normal 0 0 1
    outer loop
      vertex -10.1359 16.0276 3
      vertex -10.3489 13.487 3
      vertex -9.44469 14.135 3
    endloop
  endfacet
  facet normal 0 0 1
    outer loop
      vertex -10.5288 16.1329 3
      vertex -10.3489 13.487 3
      vertex -10.1359 16.0276 3
    endloop
  endfacet
  facet normal 0 0 1
    outer loop
      vertex -10.8699 16.3544 3
      vertex -10.3489 13.487 3
      vertex -10.5288 16.1329 3
    endloop
  endfacet
  facet normal 0 0 1
    outer loop
      vertex -11.2089 12.7813 3
      vertex -10.8699 16.3544 3
      vertex -11.1258 16.6705 3
    endloop
  endfacet
  facet normal 0 0 1
    outer loop
      vertex -10.8699 16.3544 3
      vertex -11.2089 12.7813 3
      vertex -10.3489 13.487 3
    endloop
  endfacet
  facet normal 0 0 1
    outer loop
      vertex -17.6777 17.6777 3
      vertex -11.1258 16.6705 3
      vertex -11.2716 17.0502 3
    endloop
  endfacet
  facet normal 0 0 1
    outer loop
      vertex -16.4836 18.796 3
      vertex -11.2716 17.0502 3
      vertex -11.2929 17.4564 3
    endloop
  endfacet
  facet normal 0 0 1
    outer loop
      vertex -11.1258 16.6705 3
      vertex -12.0208 12.0208 3
      vertex -11.2089 12.7813 3
    endloop
  endfacet
  facet normal -0 0 1
    outer loop
      vertex 21.2364 0.401722 3
      vertex 25 0 3
      vertex 24.9465 1.63508 3
    endloop
  endfacet
  facet normal 0 0 1
    outer loop
      vertex 21.0517 0.76412 3
      vertex 24.9465 1.63508 3
      vertex 24.7861 3.26315 3
    endloop
  endfacet
  facet normal 0 0 1
    outer loop
      vertex 25 0 3
      vertex 21.2364 0.401722 3
      vertex 21.3 0 3
    endloop
  endfacet
  facet normal 0 0 1
    outer loop
      vertex 20.7641 1.05172 3
      vertex 24.7861 3.26315 3
      vertex 24.5196 4.87726 3
    endloop
  endfacet
  facet normal 0 0 1
    outer loop
      vertex 25 0 3
      vertex 21.2364 -0.401722 3
      vertex 24.9465 -1.63508 3
    endloop
  endfacet
  facet normal 0 0 1
    outer loop
      vertex 20.4017 1.23637 3
      vertex 24.5196 4.87726 3
      vertex 24.1481 6.47048 3
    endloop
  endfacet
  facet normal -0 0 1
    outer loop
      vertex 21.0517 -0.76412 3
      vertex 24.9465 -1.63508 3
      vertex 21.2364 -0.401722 3
    endloop
  endfacet
  facet normal 0 0 1
    outer loop
      vertex 16.4207 4.39992 3
      vertex 24.1481 6.47048 3
      vertex 23.6733 8.03599 3
    endloop
  endfacet
  facet normal 0 0 1
    outer loop
      vertex 24.9465 -1.63508 3
      vertex 21.0517 -0.76412 3
      vertex 24.7861 -3.26315 3
    endloop
  endfacet
  facet normal 0 0 1
    outer loop
      vertex 16.0978 5.46447 3
      vertex 23.6733 8.03599 3
      vertex 23.097 9.56709 3
    endloop
  endfacet
  facet normal -0 0 1
    outer loop
      vertex 20.7641 -1.05172 3
      vertex 24.7861 -3.26315 3
      vertex 21.0517 -0.76412 3
    endloop
  endfacet
  facet normal 0 0 1
    outer loop
      vertex 15.706 6.50562 3
      vertex 23.097 9.56709 3
      vertex 22.4218 11.0572 3
    endloop
  endfacet
  facet normal 0 0 1
    outer loop
      vertex 24.7861 -3.26315 3
      vertex 20.7641 -1.05172 3
      vertex 24.5196 -4.87726 3
    endloop
  endfacet
  facet normal 0 0 1
    outer loop
      vertex 15.2468 7.51891 3
      vertex 22.4218 11.0572 3
      vertex 21.6506 12.5 3
    endloop
  endfacet
  facet normal -0 0 1
    outer loop
      vertex 20.4017 -1.23637 3
      vertex 24.5196 -4.87726 3
      vertex 20.7641 -1.05172 3
    endloop
  endfacet
  facet normal 0 0 1
    outer loop
      vertex 24.5196 -4.87726 3
      vertex 20.4017 -1.23637 3
      vertex 24.1481 -6.47048 3
    endloop
  endfacet
  facet normal 0 0 1
    outer loop
      vertex 21.2364 -0.401722 3
      vertex 25 0 3
      vertex 21.3 0 3
    endloop
  endfacet
  facet normal 0 0 1
    outer loop
      vertex 24.9465 1.63508 3
      vertex 21.0517 0.76412 3
      vertex 21.2364 0.401722 3
    endloop
  endfacet
  facet normal 0 0 1
    outer loop
      vertex 14.7224 8.5 3
      vertex 21.6506 12.5 3
      vertex 20.7867 13.8893 3
    endloop
  endfacet
  facet normal 0 0 1
    outer loop
      vertex 24.7861 3.26315 3
      vertex 20.7641 1.05172 3
      vertex 21.0517 0.76412 3
    endloop
  endfacet
  facet normal 0 0 1
    outer loop
      vertex 24.5196 4.87726 3
      vertex 20.4017 1.23637 3
      vertex 20.7641 1.05172 3
    endloop
  endfacet
  facet normal 0 0 1
    outer loop
      vertex 23.6733 8.03599 3
      vertex 16.0978 5.46447 3
      vertex 16.4207 4.39992 3
    endloop
  endfacet
  facet normal 0 0 1
    outer loop
      vertex 14.135 9.44469 3
      vertex 20.7867 13.8893 3
      vertex 19.8338 15.219 3
    endloop
  endfacet
  facet normal 0 0 1
    outer loop
      vertex 24.1481 6.47048 3
      vertex 16.4207 4.39992 3
      vertex 20 1.3 3
    endloop
  endfacet
  facet normal 0 0 1
    outer loop
      vertex 24.1481 6.47048 3
      vertex 20 1.3 3
      vertex 20.4017 1.23637 3
    endloop
  endfacet
  facet normal -0 -0 1
    outer loop
      vertex 16.6733 3.31653 3
      vertex 20 1.3 3
      vertex 16.4207 4.39992 3
    endloop
  endfacet
  facet normal 0 0 1
    outer loop
      vertex 13.487 10.3489 3
      vertex 19.8338 15.219 3
      vertex 18.796 16.4836 3
    endloop
  endfacet
  facet normal 0 0 1
    outer loop
      vertex 20 1.3 3
      vertex 16.6733 3.31653 3
      vertex 19.5983 1.23637 3
    endloop
  endfacet
  facet normal 0 0 1
    outer loop
      vertex 19.5983 1.23637 3
      vertex 16.8546 2.21894 3
      vertex 19.2359 1.05172 3
    endloop
  endfacet
  facet normal 0 0 1
    outer loop
      vertex 12.7813 11.2089 3
      vertex 18.796 16.4836 3
      vertex 17.6777 17.6777 3
    endloop
  endfacet
  facet normal -0 0 1
    outer loop
      vertex 20 -1.3 3
      vertex 24.1481 -6.47048 3
      vertex 20.4017 -1.23637 3
    endloop
  endfacet
  facet normal 0 0 1
    outer loop
      vertex 19.5983 -1.23637 3
      vertex 16.6733 -3.31653 3
      vertex 20 -1.3 3
    endloop
  endfacet
  facet normal 0 0 1
    outer loop
      vertex 16.6733 -3.31653 3
      vertex 19.5983 -1.23637 3
      vertex 16.8546 -2.21894 3
    endloop
  endfacet
  facet normal 0 0 1
    outer loop
      vertex 16.4207 -4.39992 3
      vertex 20 -1.3 3
      vertex 16.6733 -3.31653 3
    endloop
  endfacet
  facet normal 0 0 1
    outer loop
      vertex 19.2359 -1.05172 3
      vertex 16.8546 -2.21894 3
      vertex 19.5983 -1.23637 3
    endloop
  endfacet
  facet normal 0 0 1
    outer loop
      vertex 18.9483 -0.76412 3
      vertex 16.8546 -2.21894 3
      vertex 19.2359 -1.05172 3
    endloop
  endfacet
  facet normal 0 0 1
    outer loop
      vertex 20 -1.3 3
      vertex 16.4207 -4.39992 3
      vertex 24.1481 -6.47048 3
    endloop
  endfacet
  facet normal 0 0 1
    outer loop
      vertex 16.8546 -2.21894 3
      vertex 18.9483 -0.76412 3
      vertex 16.9636 -1.11185 3
    endloop
  endfacet
  facet normal 0 0 1
    outer loop
      vertex 24.1481 -6.47048 3
      vertex 16.4207 -4.39992 3
      vertex 23.6733 -8.03599 3
    endloop
  endfacet
  facet normal 0 0 1
    outer loop
      vertex 18.7636 -0.401722 3
      vertex 16.9636 -1.11185 3
      vertex 18.9483 -0.76412 3
    endloop
  endfacet
  facet normal -0 0 1
    outer loop
      vertex 16.0978 -5.46447 3
      vertex 23.6733 -8.03599 3
      vertex 16.4207 -4.39992 3
    endloop
  endfacet
  facet normal 0 0 1
    outer loop
      vertex 16.9636 -1.11185 3
      vertex 18.7636 -0.401722 3
      vertex 17 0 3
    endloop
  endfacet
  facet normal -0 0 1
    outer loop
      vertex 17 0 3
      vertex 18.7636 -0.401722 3
      vertex 18.7 0 3
    endloop
  endfacet
  facet normal 0 0 1
    outer loop
      vertex 19.2359 1.05172 3
      vertex 16.8546 2.21894 3
      vertex 18.9483 0.76412 3
    endloop
  endfacet
  facet normal 0 0 1
    outer loop
      vertex 23.6733 -8.03599 3
      vertex 16.0978 -5.46447 3
      vertex 23.097 -9.56709 3
    endloop
  endfacet
  facet normal -0 0 1
    outer loop
      vertex 15.706 -6.50562 3
      vertex 23.097 -9.56709 3
      vertex 16.0978 -5.46447 3
    endloop
  endfacet
  facet normal 0 0 1
    outer loop
      vertex 18.7636 0.401722 3
      vertex 17 0 3
      vertex 18.7 0 3
    endloop
  endfacet
  facet normal 0 -0 1
    outer loop
      vertex 17 0 3
      vertex 18.7636 0.401722 3
      vertex 16.9636 1.11185 3
    endloop
  endfacet
  facet normal 0 0 1
    outer loop
      vertex 18.9483 0.76412 3
      vertex 16.9636 1.11185 3
      vertex 18.7636 0.401722 3
    endloop
  endfacet
  facet normal 0 0 1
    outer loop
      vertex 12.0208 12.0208 3
      vertex 17.6777 17.6777 3
      vertex 16.4836 18.796 3
    endloop
  endfacet
  facet normal -0 -0 1
    outer loop
      vertex 16.9636 1.11185 3
      vertex 18.9483 0.76412 3
      vertex 16.8546 2.21894 3
    endloop
  endfacet
  facet normal -0 -0 1
    outer loop
      vertex 16.8546 2.21894 3
      vertex 19.5983 1.23637 3
      vertex 16.6733 3.31653 3
    endloop
  endfacet
  facet normal 0 0 1
    outer loop
      vertex 23.097 9.56709 3
      vertex 15.706 6.50562 3
      vertex 16.0978 5.46447 3
    endloop
  endfacet
  facet normal 0 0 1
    outer loop
      vertex 22.4218 11.0572 3
      vertex 15.2468 7.51891 3
      vertex 15.706 6.50562 3
    endloop
  endfacet
  facet normal 0 0 1
    outer loop
      vertex 11.2089 12.7813 3
      vertex 16.4836 18.796 3
      vertex 15.219 19.8338 3
    endloop
  endfacet
  facet normal 0 0 1
    outer loop
      vertex 21.6506 12.5 3
      vertex 14.7224 8.5 3
      vertex 15.2468 7.51891 3
    endloop
  endfacet
  facet normal 0 0 1
    outer loop
      vertex 20.7867 13.8893 3
      vertex 14.135 9.44469 3
      vertex 14.7224 8.5 3
    endloop
  endfacet
  facet normal 0 0 1
    outer loop
      vertex 10.3489 13.487 3
      vertex 15.219 19.8338 3
      vertex 13.8893 20.7867 3
    endloop
  endfacet
  facet normal 0 0 1
    outer loop
      vertex 19.8338 15.219 3
      vertex 13.487 10.3489 3
      vertex 14.135 9.44469 3
    endloop
  endfacet
  facet normal 0 0 1
    outer loop
      vertex 18.796 16.4836 3
      vertex 12.7813 11.2089 3
      vertex 13.487 10.3489 3
    endloop
  endfacet
  facet normal 0 0 1
    outer loop
      vertex 9.44469 14.135 3
      vertex 13.8893 20.7867 3
      vertex 12.5 21.6506 3
    endloop
  endfacet
  facet normal 0 0 1
    outer loop
      vertex 17.6777 17.6777 3
      vertex 12.0208 12.0208 3
      vertex 12.7813 11.2089 3
    endloop
  endfacet
  facet normal 0 0 1
    outer loop
      vertex 16.4836 18.796 3
      vertex 11.2089 12.7813 3
      vertex 12.0208 12.0208 3
    endloop
  endfacet
  facet normal 0 0 1
    outer loop
      vertex 8.5 14.7224 3
      vertex 12.5 21.6506 3
      vertex 11.0572 22.4218 3
    endloop
  endfacet
  facet normal 0 0 1
    outer loop
      vertex 15.219 19.8338 3
      vertex 10.3489 13.487 3
      vertex 11.2089 12.7813 3
    endloop
  endfacet
  facet normal 0 0 1
    outer loop
      vertex 7.51891 15.2468 3
      vertex 11.0572 22.4218 3
      vertex 9.56709 23.097 3
    endloop
  endfacet
  facet normal 0 0 1
    outer loop
      vertex 13.8893 20.7867 3
      vertex 9.44469 14.135 3
      vertex 10.3489 13.487 3
    endloop
  endfacet
  facet normal 0 0 1
    outer loop
      vertex 12.5 21.6506 3
      vertex 8.5 14.7224 3
      vertex 9.44469 14.135 3
    endloop
  endfacet
  facet normal 0 0 1
    outer loop
      vertex 6.50562 15.706 3
      vertex 9.56709 23.097 3
      vertex 8.03599 23.6733 3
    endloop
  endfacet
  facet normal 0 0 1
    outer loop
      vertex 11.0572 22.4218 3
      vertex 7.51891 15.2468 3
      vertex 8.5 14.7224 3
    endloop
  endfacet
  facet normal 0 0 1
    outer loop
      vertex 9.56709 23.097 3
      vertex 6.50562 15.706 3
      vertex 7.51891 15.2468 3
    endloop
  endfacet
  facet normal 0 0 1
    outer loop
      vertex 5.46447 16.0978 3
      vertex 8.03599 23.6733 3
      vertex 6.47048 24.1481 3
    endloop
  endfacet
  facet normal 0 0 1
    outer loop
      vertex 8.03599 23.6733 3
      vertex 5.46447 16.0978 3
      vertex 6.50562 15.706 3
    endloop
  endfacet
  facet normal 0 0 1
    outer loop
      vertex 4.39992 16.4207 3
      vertex 6.47048 24.1481 3
      vertex 4.87726 24.5196 3
    endloop
  endfacet
  facet normal 0 0 1
    outer loop
      vertex 6.47048 24.1481 3
      vertex 4.39992 16.4207 3
      vertex 5.46447 16.0978 3
    endloop
  endfacet
  facet normal 0 0 1
    outer loop
      vertex 4.87726 24.5196 3
      vertex 3.31653 16.6733 3
      vertex 4.39992 16.4207 3
    endloop
  endfacet
  facet normal 0 0 1
    outer loop
      vertex 3.26315 24.7861 3
      vertex 3.31653 16.6733 3
      vertex 4.87726 24.5196 3
    endloop
  endfacet
  facet normal 0 0 1
    outer loop
      vertex 3.26315 24.7861 3
      vertex 2.21894 16.8546 3
      vertex 3.31653 16.6733 3
    endloop
  endfacet
  facet normal 0 0 1
    outer loop
      vertex 1.63508 24.9465 3
      vertex 2.21894 16.8546 3
      vertex 3.26315 24.7861 3
    endloop
  endfacet
  facet normal 0 0 1
    outer loop
      vertex 1.63508 24.9465 3
      vertex 1.11185 16.9636 3
      vertex 2.21894 16.8546 3
    endloop
  endfacet
  facet normal 0 0 1
    outer loop
      vertex 0 25 3
      vertex 1.11185 16.9636 3
      vertex 1.63508 24.9465 3
    endloop
  endfacet
  facet normal 0 0 1
    outer loop
      vertex 0 25 3
      vertex 0 17 3
      vertex 1.11185 16.9636 3
    endloop
  endfacet
  facet normal 0 0 1
    outer loop
      vertex 0 25 3
      vertex -1.11185 16.9636 3
      vertex 0 17 3
    endloop
  endfacet
  facet normal -0 0 1
    outer loop
      vertex -1.63508 24.9465 3
      vertex -1.11185 16.9636 3
      vertex 0 25 3
    endloop
  endfacet
  facet normal 0 0 1
    outer loop
      vertex -1.63508 24.9465 3
      vertex -2.21894 16.8546 3
      vertex -1.11185 16.9636 3
    endloop
  endfacet
  facet normal -0 0 1
    outer loop
      vertex -3.26315 24.7861 3
      vertex -2.21894 16.8546 3
      vertex -1.63508 24.9465 3
    endloop
  endfacet
  facet normal 0 0 1
    outer loop
      vertex -3.26315 24.7861 3
      vertex -3.31653 16.6733 3
      vertex -2.21894 16.8546 3
    endloop
  endfacet
  facet normal -0 0 1
    outer loop
      vertex -4.87726 24.5196 3
      vertex -3.31653 16.6733 3
      vertex -3.26315 24.7861 3
    endloop
  endfacet
  facet normal 0 0 1
    outer loop
      vertex -3.31653 16.6733 3
      vertex -4.87726 24.5196 3
      vertex -4.39992 16.4207 3
    endloop
  endfacet
  facet normal -0 0 1
    outer loop
      vertex -6.47048 24.1481 3
      vertex -4.39992 16.4207 3
      vertex -4.87726 24.5196 3
    endloop
  endfacet
  facet normal -0 0 1
    outer loop
      vertex -8.87417 17.9705 3
      vertex -4.39992 16.4207 3
      vertex -6.47048 24.1481 3
    endloop
  endfacet
  facet normal 0 0 1
    outer loop
      vertex -4.39992 16.4207 3
      vertex -8.87417 17.9705 3
      vertex -5.46447 16.0978 3
    endloop
  endfacet
  facet normal -0 -0 1
    outer loop
      vertex -8.72841 17.5908 3
      vertex -5.46447 16.0978 3
      vertex -8.87417 17.9705 3
    endloop
  endfacet
  facet normal 0 0 1
    outer loop
      vertex -9.13013 18.2866 3
      vertex -6.47048 24.1481 3
      vertex -8.03599 23.6733 3
    endloop
  endfacet
  facet normal -0 -0 1
    outer loop
      vertex -8.70712 17.1846 3
      vertex -6.50562 15.706 3
      vertex -8.72841 17.5908 3
    endloop
  endfacet
  facet normal 0 0 1
    outer loop
      vertex -6.50562 15.706 3
      vertex -8.81239 16.7917 3
      vertex -7.51891 15.2468 3
    endloop
  endfacet
  facet normal -0 0 1
    outer loop
      vertex -8.81239 16.7917 3
      vertex -6.50562 15.706 3
      vertex -8.70712 17.1846 3
    endloop
  endfacet
  facet normal 0 0 1
    outer loop
      vertex -5.46447 16.0978 3
      vertex -8.72841 17.5908 3
      vertex -6.50562 15.706 3
    endloop
  endfacet
  facet normal 0 0 1
    outer loop
      vertex -6.47048 24.1481 3
      vertex -9.13013 18.2866 3
      vertex -8.87417 17.9705 3
    endloop
  endfacet
  facet normal 0 0 1
    outer loop
      vertex -8.03599 23.6733 3
      vertex -9.47124 18.5081 3
      vertex -9.13013 18.2866 3
    endloop
  endfacet
  facet normal -0 0 1
    outer loop
      vertex -9.56709 23.097 3
      vertex -9.47124 18.5081 3
      vertex -8.03599 23.6733 3
    endloop
  endfacet
  facet normal 0 0 1
    outer loop
      vertex -9.56709 23.097 3
      vertex -9.86411 18.6134 3
      vertex -9.47124 18.5081 3
    endloop
  endfacet
  facet normal -0 0 1
    outer loop
      vertex -11.0572 22.4218 3
      vertex -9.86411 18.6134 3
      vertex -9.56709 23.097 3
    endloop
  endfacet
  facet normal 0 0 1
    outer loop
      vertex -9.86411 18.6134 3
      vertex -11.0572 22.4218 3
      vertex -10.2703 18.5921 3
    endloop
  endfacet
  facet normal -0 0 1
    outer loop
      vertex -12.5 21.6506 3
      vertex -10.2703 18.5921 3
      vertex -11.0572 22.4218 3
    endloop
  endfacet
  facet normal 0 0 1
    outer loop
      vertex -10.2703 18.5921 3
      vertex -12.5 21.6506 3
      vertex -10.65 18.4463 3
    endloop
  endfacet
  facet normal 0 0 1
    outer loop
      vertex -10.65 18.4463 3
      vertex -12.5 21.6506 3
      vertex -10.9661 18.1904 3
    endloop
  endfacet
  facet normal -0 0 1
    outer loop
      vertex -13.8893 20.7867 3
      vertex -10.9661 18.1904 3
      vertex -12.5 21.6506 3
    endloop
  endfacet
  facet normal 0 0 1
    outer loop
      vertex -10.9661 18.1904 3
      vertex -13.8893 20.7867 3
      vertex -11.1876 17.8493 3
    endloop
  endfacet
  facet normal -0 0 1
    outer loop
      vertex -15.219 19.8338 3
      vertex -11.1876 17.8493 3
      vertex -13.8893 20.7867 3
    endloop
  endfacet
  facet normal 0 0 1
    outer loop
      vertex -11.1876 17.8493 3
      vertex -15.219 19.8338 3
      vertex -11.2929 17.4564 3
    endloop
  endfacet
  facet normal -0 0 1
    outer loop
      vertex -16.4836 18.796 3
      vertex -11.2929 17.4564 3
      vertex -15.219 19.8338 3
    endloop
  endfacet
  facet normal 0 0 1
    outer loop
      vertex -11.2716 17.0502 3
      vertex -16.4836 18.796 3
      vertex -17.6777 17.6777 3
    endloop
  endfacet
  facet normal 0 0 1
    outer loop
      vertex -11.1258 16.6705 3
      vertex -17.6777 17.6777 3
      vertex -12.0208 12.0208 3
    endloop
  endfacet
  facet normal 0 0 1
    outer loop
      vertex -12.0208 12.0208 3
      vertex -17.6777 17.6777 3
      vertex -12.7813 11.2089 3
    endloop
  endfacet
  facet normal -0 0 1
    outer loop
      vertex -18.796 16.4836 3
      vertex -12.7813 11.2089 3
      vertex -17.6777 17.6777 3
    endloop
  endfacet
  facet normal 0 0 1
    outer loop
      vertex -12.7813 11.2089 3
      vertex -18.796 16.4836 3
      vertex -13.487 10.3489 3
    endloop
  endfacet
  facet normal -0 0 1
    outer loop
      vertex -19.8338 15.219 3
      vertex -13.487 10.3489 3
      vertex -18.796 16.4836 3
    endloop
  endfacet
  facet normal 0 0 1
    outer loop
      vertex -13.487 10.3489 3
      vertex -19.8338 15.219 3
      vertex -14.135 9.44469 3
    endloop
  endfacet
  facet normal -0 0 1
    outer loop
      vertex -20.7867 13.8893 3
      vertex -14.135 9.44469 3
      vertex -19.8338 15.219 3
    endloop
  endfacet
  facet normal 0 0 1
    outer loop
      vertex -14.135 9.44469 3
      vertex -20.7867 13.8893 3
      vertex -14.7224 8.5 3
    endloop
  endfacet
  facet normal -0 0 1
    outer loop
      vertex -21.6506 12.5 3
      vertex -14.7224 8.5 3
      vertex -20.7867 13.8893 3
    endloop
  endfacet
  facet normal 0 0 1
    outer loop
      vertex -14.7224 8.5 3
      vertex -21.6506 12.5 3
      vertex -15.2468 7.51891 3
    endloop
  endfacet
  facet normal -0 0 1
    outer loop
      vertex -22.4218 11.0572 3
      vertex -15.2468 7.51891 3
      vertex -21.6506 12.5 3
    endloop
  endfacet
  facet normal 0 0 1
    outer loop
      vertex -15.2468 7.51891 3
      vertex -22.4218 11.0572 3
      vertex -15.706 6.50562 3
    endloop
  endfacet
  facet normal -0 0 1
    outer loop
      vertex -23.097 9.56709 3
      vertex -15.706 6.50562 3
      vertex -22.4218 11.0572 3
    endloop
  endfacet
  facet normal -0.528058 -0.849208 0
    outer loop
      vertex -13.8893 -20.7867 3.8147e-07
      vertex -12.5 -21.6506 3
      vertex -13.8893 -20.7867 3
    endloop
  endfacet
  facet normal -0.528058 -0.849208 -0
    outer loop
      vertex -12.5 -21.6506 3
      vertex -13.8893 -20.7867 3.8147e-07
      vertex -12.5 -21.6506 3.8147e-07
    endloop
  endfacet
  facet normal -0.0980469 -0.995182 0
    outer loop
      vertex -3.26315 -24.7861 3.8147e-07
      vertex -1.63508 -24.9465 3
      vertex -3.26315 -24.7861 3
    endloop
  endfacet
  facet normal -0.0980469 -0.995182 -0
    outer loop
      vertex -1.63508 -24.9465 3
      vertex -3.26315 -24.7861 3.8147e-07
      vertex -1.63508 -24.9465 3.8147e-07
    endloop
  endfacet
  facet normal -0.999465 0.0327026 0
    outer loop
      vertex -25 0 3.8147e-07
      vertex -24.9465 1.63508 3
      vertex -24.9465 1.63508 3.8147e-07
    endloop
  endfacet
  facet normal -0.999465 0.0327026 0
    outer loop
      vertex -24.9465 1.63508 3
      vertex -25 0 3.8147e-07
      vertex -25 0 3
    endloop
  endfacet
  facet normal 0.227084 0.973875 -0
    outer loop
      vertex 6.47048 24.1481 3.8147e-07
      vertex 4.87726 24.5196 3
      vertex 6.47048 24.1481 3
    endloop
  endfacet
  facet normal 0.227084 0.973875 0
    outer loop
      vertex 4.87726 24.5196 3
      vertex 6.47048 24.1481 3.8147e-07
      vertex 4.87726 24.5196 3.8147e-07
    endloop
  endfacet
  facet normal 0.290233 0.956956 -0
    outer loop
      vertex 8.03599 23.6733 3.8147e-07
      vertex 6.47048 24.1481 3
      vertex 8.03599 23.6733 3
    endloop
  endfacet
  facet normal 0.290233 0.956956 0
    outer loop
      vertex 6.47048 24.1481 3
      vertex 8.03599 23.6733 3.8147e-07
      vertex 6.47048 24.1481 3.8147e-07
    endloop
  endfacet
  facet normal -0.4714 0.881919 0
    outer loop
      vertex -11.0572 22.4218 3.8147e-07
      vertex -12.5 21.6506 3
      vertex -11.0572 22.4218 3
    endloop
  endfacet
  facet normal -0.4714 0.881919 0
    outer loop
      vertex -12.5 21.6506 3
      vertex -11.0572 22.4218 3.8147e-07
      vertex -12.5 21.6506 3.8147e-07
    endloop
  endfacet
  facet normal -0.634382 -0.77302 0
    outer loop
      vertex -16.4836 -18.796 3.8147e-07
      vertex -15.219 -19.8338 3
      vertex -16.4836 -18.796 3
    endloop
  endfacet
  facet normal -0.634382 -0.77302 -0
    outer loop
      vertex -15.219 -19.8338 3
      vertex -16.4836 -18.796 3.8147e-07
      vertex -15.219 -19.8338 3.8147e-07
    endloop
  endfacet
  facet normal -0.4714 -0.881919 0
    outer loop
      vertex -12.5 -21.6506 3.8147e-07
      vertex -11.0572 -22.4218 3
      vertex -12.5 -21.6506 3
    endloop
  endfacet
  facet normal -0.4714 -0.881919 -0
    outer loop
      vertex -11.0572 -22.4218 3
      vertex -12.5 -21.6506 3.8147e-07
      vertex -11.0572 -22.4218 3.8147e-07
    endloop
  endfacet
  facet normal -0.987698 -0.156371 0
    outer loop
      vertex 21.3 0 3.8147e-07
      vertex 21.2364 0.401722 3
      vertex 21.2364 0.401722 3.8147e-07
    endloop
  endfacet
  facet normal -0.987698 -0.156371 0
    outer loop
      vertex 21.2364 0.401722 3
      vertex 21.3 0 3.8147e-07
      vertex 21.3 0 3
    endloop
  endfacet
  facet normal -0.890958 -0.454086 0
    outer loop
      vertex 21.2364 0.401722 3.8147e-07
      vertex 21.0517 0.76412 3
      vertex 21.0517 0.76412 3.8147e-07
    endloop
  endfacet
  facet normal -0.890958 -0.454086 0
    outer loop
      vertex 21.0517 0.76412 3
      vertex 21.2364 0.401722 3.8147e-07
      vertex 21.2364 0.401722 3
    endloop
  endfacet
  facet normal -0.453987 0.891009 0
    outer loop
      vertex 20.7641 -1.05172 3.8147e-07
      vertex 20.4017 -1.23637 3
      vertex 20.7641 -1.05172 3
    endloop
  endfacet
  facet normal -0.453987 0.891009 0
    outer loop
      vertex 20.4017 -1.23637 3
      vertex 20.7641 -1.05172 3.8147e-07
      vertex 20.4017 -1.23637 3.8147e-07
    endloop
  endfacet
  facet normal 0.453987 -0.891009 0
    outer loop
      vertex 19.2359 1.05172 3.8147e-07
      vertex 19.5983 1.23637 3
      vertex 19.2359 1.05172 3
    endloop
  endfacet
  facet normal 0.453987 -0.891009 0
    outer loop
      vertex 19.5983 1.23637 3
      vertex 19.2359 1.05172 3.8147e-07
      vertex 19.5983 1.23637 3.8147e-07
    endloop
  endfacet
  facet normal 0.453987 0.891009 -0
    outer loop
      vertex 19.5983 -1.23637 3.8147e-07
      vertex 19.2359 -1.05172 3
      vertex 19.5983 -1.23637 3
    endloop
  endfacet
  facet normal 0.453987 0.891009 0
    outer loop
      vertex 19.2359 -1.05172 3
      vertex 19.5983 -1.23637 3.8147e-07
      vertex 19.2359 -1.05172 3.8147e-07
    endloop
  endfacet
  facet normal 0.156451 -0.987686 0
    outer loop
      vertex 19.5983 1.23637 3.8147e-07
      vertex 20 1.3 3
      vertex 19.5983 1.23637 3
    endloop
  endfacet
  facet normal 0.156451 -0.987686 0
    outer loop
      vertex 20 1.3 3
      vertex 19.5983 1.23637 3.8147e-07
      vertex 20 1.3 3.8147e-07
    endloop
  endfacet
  facet normal 0.987698 -0.156371 0
    outer loop
      vertex 18.7 0 3
      vertex 18.7636 0.401722 3.8147e-07
      vertex 18.7636 0.401722 3
    endloop
  endfacet
  facet normal 0.987698 -0.156371 0
    outer loop
      vertex 18.7636 0.401722 3.8147e-07
      vertex 18.7 0 3
      vertex 18.7 0 3.8147e-07
    endloop
  endfacet
  facet normal -0.453987 -0.891009 0
    outer loop
      vertex 20.4017 1.23637 3.8147e-07
      vertex 20.7641 1.05172 3
      vertex 20.4017 1.23637 3
    endloop
  endfacet
  facet normal -0.453987 -0.891009 -0
    outer loop
      vertex 20.7641 1.05172 3
      vertex 20.4017 1.23637 3.8147e-07
      vertex 20.7641 1.05172 3.8147e-07
    endloop
  endfacet
  facet normal -0.156451 -0.987686 0
    outer loop
      vertex 20 1.3 3.8147e-07
      vertex 20.4017 1.23637 3
      vertex 20 1.3 3
    endloop
  endfacet
  facet normal -0.156451 -0.987686 -0
    outer loop
      vertex 20.4017 1.23637 3
      vertex 20 1.3 3.8147e-07
      vertex 20.4017 1.23637 3.8147e-07
    endloop
  endfacet
  facet normal -0.890958 0.454086 0
    outer loop
      vertex 21.0517 -0.76412 3.8147e-07
      vertex 21.2364 -0.401722 3
      vertex 21.2364 -0.401722 3.8147e-07
    endloop
  endfacet
  facet normal -0.890958 0.454086 0
    outer loop
      vertex 21.2364 -0.401722 3
      vertex 21.0517 -0.76412 3.8147e-07
      vertex 21.0517 -0.76412 3
    endloop
  endfacet
  facet normal 0.156451 0.987686 -0
    outer loop
      vertex 20 -1.3 3.8147e-07
      vertex 19.5983 -1.23637 3
      vertex 20 -1.3 3
    endloop
  endfacet
  facet normal 0.156451 0.987686 0
    outer loop
      vertex 19.5983 -1.23637 3
      vertex 20 -1.3 3.8147e-07
      vertex 19.5983 -1.23637 3.8147e-07
    endloop
  endfacet
  facet normal -0.156451 0.987686 0
    outer loop
      vertex 20.4017 -1.23637 3.8147e-07
      vertex 20 -1.3 3
      vertex 20.4017 -1.23637 3
    endloop
  endfacet
  facet normal -0.156451 0.987686 0
    outer loop
      vertex 20 -1.3 3
      vertex 20.4017 -1.23637 3.8147e-07
      vertex 20 -1.3 3.8147e-07
    endloop
  endfacet
  facet normal 0.987698 0.156371 0
    outer loop
      vertex 18.7636 -0.401722 3
      vertex 18.7 0 3.8147e-07
      vertex 18.7 0 3
    endloop
  endfacet
  facet normal 0.987698 0.156371 0
    outer loop
      vertex 18.7 0 3.8147e-07
      vertex 18.7636 -0.401722 3
      vertex 18.7636 -0.401722 3.8147e-07
    endloop
  endfacet
  facet normal -0.707107 -0.707107 0
    outer loop
      vertex 21.0517 0.76412 3.8147e-07
      vertex 20.7641 1.05172 3
      vertex 20.7641 1.05172 3.8147e-07
    endloop
  endfacet
  facet normal -0.707107 -0.707107 0
    outer loop
      vertex 20.7641 1.05172 3
      vertex 21.0517 0.76412 3.8147e-07
      vertex 21.0517 0.76412 3
    endloop
  endfacet
  facet normal 0.890958 -0.454086 0
    outer loop
      vertex 18.7636 0.401722 3
      vertex 18.9483 0.76412 3.8147e-07
      vertex 18.9483 0.76412 3
    endloop
  endfacet
  facet normal 0.890958 -0.454086 0
    outer loop
      vertex 18.9483 0.76412 3.8147e-07
      vertex 18.7636 0.401722 3
      vertex 18.7636 0.401722 3.8147e-07
    endloop
  endfacet
  facet normal -0.987698 0.156371 0
    outer loop
      vertex 21.2364 -0.401722 3.8147e-07
      vertex 21.3 0 3
      vertex 21.3 0 3.8147e-07
    endloop
  endfacet
  facet normal -0.987698 0.156371 0
    outer loop
      vertex 21.3 0 3
      vertex 21.2364 -0.401722 3.8147e-07
      vertex 21.2364 -0.401722 3
    endloop
  endfacet
  facet normal 0.707107 -0.707107 0
    outer loop
      vertex 18.9483 0.76412 3
      vertex 19.2359 1.05172 3.8147e-07
      vertex 19.2359 1.05172 3
    endloop
  endfacet
  facet normal 0.707107 -0.707107 0
    outer loop
      vertex 19.2359 1.05172 3.8147e-07
      vertex 18.9483 0.76412 3
      vertex 18.9483 0.76412 3.8147e-07
    endloop
  endfacet
  facet normal -0.707107 0.707107 0
    outer loop
      vertex 20.7641 -1.05172 3.8147e-07
      vertex 21.0517 -0.76412 3
      vertex 21.0517 -0.76412 3.8147e-07
    endloop
  endfacet
  facet normal -0.707107 0.707107 0
    outer loop
      vertex 21.0517 -0.76412 3
      vertex 20.7641 -1.05172 3.8147e-07
      vertex 20.7641 -1.05172 3
    endloop
  endfacet
  facet normal 0.890958 0.454086 0
    outer loop
      vertex 18.9483 -0.76412 3
      vertex 18.7636 -0.401722 3.8147e-07
      vertex 18.7636 -0.401722 3
    endloop
  endfacet
  facet normal 0.890958 0.454086 0
    outer loop
      vertex 18.7636 -0.401722 3.8147e-07
      vertex 18.9483 -0.76412 3
      vertex 18.9483 -0.76412 3.8147e-07
    endloop
  endfacet
  facet normal 0.707107 0.707107 0
    outer loop
      vertex 19.2359 -1.05172 3
      vertex 18.9483 -0.76412 3.8147e-07
      vertex 18.9483 -0.76412 3
    endloop
  endfacet
  facet normal 0.707107 0.707107 0
    outer loop
      vertex 18.9483 -0.76412 3.8147e-07
      vertex 19.2359 -1.05172 3
      vertex 19.2359 -1.05172 3.8147e-07
    endloop
  endfacet
  facet normal 0.629212 -0.777233 0
    outer loop
      vertex -10.9661 18.1904 3.8147e-07
      vertex -10.65 18.4463 3
      vertex -10.9661 18.1904 3
    endloop
  endfacet
  facet normal 0.629212 -0.777233 0
    outer loop
      vertex -10.65 18.4463 3
      vertex -10.9661 18.1904 3.8147e-07
      vertex -10.65 18.4463 3.8147e-07
    endloop
  endfacet
  facet normal -0.629224 0.777224 0
    outer loop
      vertex -9.03391 16.4506 3.8147e-07
      vertex -9.35 16.1947 3
      vertex -9.03391 16.4506 3
    endloop
  endfacet
  facet normal -0.629224 0.777224 0
    outer loop
      vertex -9.35 16.1947 3
      vertex -9.03391 16.4506 3.8147e-07
      vertex -9.35 16.1947 3.8147e-07
    endloop
  endfacet
  facet normal 0.838685 -0.544617 0
    outer loop
      vertex -11.1876 17.8493 3
      vertex -10.9661 18.1904 3.8147e-07
      vertex -10.9661 18.1904 3
    endloop
  endfacet
  facet normal 0.838685 -0.544617 0
    outer loop
      vertex -10.9661 18.1904 3.8147e-07
      vertex -11.1876 17.8493 3
      vertex -11.1876 17.8493 3.8147e-07
    endloop
  endfacet
  facet normal -0.544605 -0.838692 0
    outer loop
      vertex -9.47124 18.5081 3.8147e-07
      vertex -9.13013 18.2866 3
      vertex -9.47124 18.5081 3
    endloop
  endfacet
  facet normal -0.544605 -0.838692 -0
    outer loop
      vertex -9.13013 18.2866 3
      vertex -9.47124 18.5081 3.8147e-07
      vertex -9.13013 18.2866 3.8147e-07
    endloop
  endfacet
  facet normal 0.258871 0.965912 -0
    outer loop
      vertex -10.1359 16.0276 3.8147e-07
      vertex -10.5288 16.1329 3
      vertex -10.1359 16.0276 3
    endloop
  endfacet
  facet normal 0.258871 0.965912 0
    outer loop
      vertex -10.5288 16.1329 3
      vertex -10.1359 16.0276 3.8147e-07
      vertex -10.5288 16.1329 3.8147e-07
    endloop
  endfacet
  facet normal -0.35846 0.933545 0
    outer loop
      vertex -9.35 16.1947 3.8147e-07
      vertex -9.72971 16.0489 3
      vertex -9.35 16.1947 3
    endloop
  endfacet
  facet normal -0.35846 0.933545 0
    outer loop
      vertex -9.72971 16.0489 3
      vertex -9.35 16.1947 3.8147e-07
      vertex -9.72971 16.0489 3.8147e-07
    endloop
  endfacet
  facet normal 0.777233 0.629212 0
    outer loop
      vertex -10.8699 16.3544 3
      vertex -11.1258 16.6705 3.8147e-07
      vertex -11.1258 16.6705 3
    endloop
  endfacet
  facet normal 0.777233 0.629212 0
    outer loop
      vertex -11.1258 16.6705 3.8147e-07
      vertex -10.8699 16.3544 3
      vertex -10.8699 16.3544 3.8147e-07
    endloop
  endfacet
  facet normal 0.965912 -0.258871 0
    outer loop
      vertex -11.2929 17.4564 3
      vertex -11.1876 17.8493 3.8147e-07
      vertex -11.1876 17.8493 3
    endloop
  endfacet
  facet normal 0.965912 -0.258871 0
    outer loop
      vertex -11.1876 17.8493 3.8147e-07
      vertex -11.2929 17.4564 3
      vertex -11.2929 17.4564 3.8147e-07
    endloop
  endfacet
  facet normal -0.25889 -0.965907 0
    outer loop
      vertex -9.86411 18.6134 3.8147e-07
      vertex -9.47124 18.5081 3
      vertex -9.86411 18.6134 3
    endloop
  endfacet
  facet normal -0.25889 -0.965907 -0
    outer loop
      vertex -9.47124 18.5081 3
      vertex -9.86411 18.6134 3.8147e-07
      vertex -9.47124 18.5081 3.8147e-07
    endloop
  endfacet
  facet normal -0.998629 -0.0523408 0
    outer loop
      vertex -8.70712 17.1846 3.8147e-07
      vertex -8.72841 17.5908 3
      vertex -8.72841 17.5908 3.8147e-07
    endloop
  endfacet
  facet normal -0.998629 -0.0523408 0
    outer loop
      vertex -8.72841 17.5908 3
      vertex -8.70712 17.1846 3.8147e-07
      vertex -8.70712 17.1846 3
    endloop
  endfacet
  facet normal 0.544617 0.838685 -0
    outer loop
      vertex -10.5288 16.1329 3.8147e-07
      vertex -10.8699 16.3544 3
      vertex -10.5288 16.1329 3
    endloop
  endfacet
  facet normal 0.544617 0.838685 0
    outer loop
      vertex -10.8699 16.3544 3
      vertex -10.5288 16.1329 3.8147e-07
      vertex -10.8699 16.3544 3.8147e-07
    endloop
  endfacet
  facet normal 0.933542 0.358468 0
    outer loop
      vertex -11.1258 16.6705 3
      vertex -11.2716 17.0502 3.8147e-07
      vertex -11.2716 17.0502 3
    endloop
  endfacet
  facet normal 0.933542 0.358468 0
    outer loop
      vertex -11.2716 17.0502 3.8147e-07
      vertex -11.1258 16.6705 3
      vertex -11.1258 16.6705 3.8147e-07
    endloop
  endfacet
  facet normal 0.998628 0.0523653 0
    outer loop
      vertex -11.2716 17.0502 3
      vertex -11.2929 17.4564 3.8147e-07
      vertex -11.2929 17.4564 3
    endloop
  endfacet
  facet normal 0.998628 0.0523653 0
    outer loop
      vertex -11.2929 17.4564 3.8147e-07
      vertex -11.2716 17.0502 3
      vertex -11.2716 17.0502 3.8147e-07
    endloop
  endfacet
  facet normal -0.0523666 0.998628 0
    outer loop
      vertex -9.72971 16.0489 3.8147e-07
      vertex -10.1359 16.0276 3
      vertex -9.72971 16.0489 3
    endloop
  endfacet
  facet normal -0.0523666 0.998628 0
    outer loop
      vertex -10.1359 16.0276 3
      vertex -9.72971 16.0489 3.8147e-07
      vertex -10.1359 16.0276 3.8147e-07
    endloop
  endfacet
  facet normal -0.777161 -0.629301 0
    outer loop
      vertex -8.87417 17.9705 3.8147e-07
      vertex -9.13013 18.2866 3
      vertex -9.13013 18.2866 3.8147e-07
    endloop
  endfacet
  facet normal -0.777161 -0.629301 0
    outer loop
      vertex -9.13013 18.2866 3
      vertex -8.87417 17.9705 3.8147e-07
      vertex -8.87417 17.9705 3
    endloop
  endfacet
  facet normal -0.96593 0.258802 0
    outer loop
      vertex -8.81239 16.7917 3.8147e-07
      vertex -8.70712 17.1846 3
      vertex -8.70712 17.1846 3.8147e-07
    endloop
  endfacet
  facet normal -0.96593 0.258802 0
    outer loop
      vertex -8.70712 17.1846 3
      vertex -8.81239 16.7917 3.8147e-07
      vertex -8.81239 16.7917 3
    endloop
  endfacet
  facet normal -0.933575 -0.358383 0
    outer loop
      vertex -8.72841 17.5908 3.8147e-07
      vertex -8.87417 17.9705 3
      vertex -8.87417 17.9705 3.8147e-07
    endloop
  endfacet
  facet normal -0.933575 -0.358383 0
    outer loop
      vertex -8.87417 17.9705 3
      vertex -8.72841 17.5908 3.8147e-07
      vertex -8.72841 17.5908 3
    endloop
  endfacet
  facet normal 0.0523666 -0.998628 0
    outer loop
      vertex -10.2703 18.5921 3.8147e-07
      vertex -9.86411 18.6134 3
      vertex -10.2703 18.5921 3
    endloop
  endfacet
  facet normal 0.0523666 -0.998628 0
    outer loop
      vertex -9.86411 18.6134 3
      vertex -10.2703 18.5921 3.8147e-07
      vertex -9.86411 18.6134 3.8147e-07
    endloop
  endfacet
  facet normal 0.358468 -0.933542 0
    outer loop
      vertex -10.65 18.4463 3.8147e-07
      vertex -10.2703 18.5921 3
      vertex -10.65 18.4463 3
    endloop
  endfacet
  facet normal 0.358468 -0.933542 0
    outer loop
      vertex -10.2703 18.5921 3
      vertex -10.65 18.4463 3.8147e-07
      vertex -10.2703 18.5921 3.8147e-07
    endloop
  endfacet
  facet normal -0.838663 0.544651 0
    outer loop
      vertex -9.03391 16.4506 3.8147e-07
      vertex -8.81239 16.7917 3
      vertex -8.81239 16.7917 3.8147e-07
    endloop
  endfacet
  facet normal -0.838663 0.544651 0
    outer loop
      vertex -8.81239 16.7917 3
      vertex -9.03391 16.4506 3.8147e-07
      vertex -9.03391 16.4506 3
    endloop
  endfacet
  facet normal -0.96593 -0.258802 0
    outer loop
      vertex -8.70712 -17.1846 3.8147e-07
      vertex -8.81239 -16.7917 3
      vertex -8.81239 -16.7917 3.8147e-07
    endloop
  endfacet
  facet normal -0.96593 -0.258802 0
    outer loop
      vertex -8.81239 -16.7917 3
      vertex -8.70712 -17.1846 3.8147e-07
      vertex -8.70712 -17.1846 3
    endloop
  endfacet
  facet normal 0.358468 0.933542 -0
    outer loop
      vertex -10.2703 -18.5921 3.8147e-07
      vertex -10.65 -18.4463 3
      vertex -10.2703 -18.5921 3
    endloop
  endfacet
  facet normal 0.358468 0.933542 0
    outer loop
      vertex -10.65 -18.4463 3
      vertex -10.2703 -18.5921 3.8147e-07
      vertex -10.65 -18.4463 3.8147e-07
    endloop
  endfacet
  facet normal 0.965912 0.258871 0
    outer loop
      vertex -11.1876 -17.8493 3
      vertex -11.2929 -17.4564 3.8147e-07
      vertex -11.2929 -17.4564 3
    endloop
  endfacet
  facet normal 0.965912 0.258871 0
    outer loop
      vertex -11.2929 -17.4564 3.8147e-07
      vertex -11.1876 -17.8493 3
      vertex -11.1876 -17.8493 3.8147e-07
    endloop
  endfacet
  facet normal -0.629224 -0.777224 0
    outer loop
      vertex -9.35 -16.1947 3.8147e-07
      vertex -9.03391 -16.4506 3
      vertex -9.35 -16.1947 3
    endloop
  endfacet
  facet normal -0.629224 -0.777224 -0
    outer loop
      vertex -9.03391 -16.4506 3
      vertex -9.35 -16.1947 3.8147e-07
      vertex -9.03391 -16.4506 3.8147e-07
    endloop
  endfacet
  facet normal 0.0523666 0.998628 -0
    outer loop
      vertex -9.86411 -18.6134 3.8147e-07
      vertex -10.2703 -18.5921 3
      vertex -9.86411 -18.6134 3
    endloop
  endfacet
  facet normal 0.0523666 0.998628 0
    outer loop
      vertex -10.2703 -18.5921 3
      vertex -9.86411 -18.6134 3.8147e-07
      vertex -10.2703 -18.5921 3.8147e-07
    endloop
  endfacet
  facet normal 0.933542 -0.358468 0
    outer loop
      vertex -11.2716 -17.0502 3
      vertex -11.1258 -16.6705 3.8147e-07
      vertex -11.1258 -16.6705 3
    endloop
  endfacet
  facet normal 0.933542 -0.358468 0
    outer loop
      vertex -11.1258 -16.6705 3.8147e-07
      vertex -11.2716 -17.0502 3
      vertex -11.2716 -17.0502 3.8147e-07
    endloop
  endfacet
  facet normal -0.998629 0.0523408 0
    outer loop
      vertex -8.72841 -17.5908 3.8147e-07
      vertex -8.70712 -17.1846 3
      vertex -8.70712 -17.1846 3.8147e-07
    endloop
  endfacet
  facet normal -0.998629 0.0523408 0
    outer loop
      vertex -8.70712 -17.1846 3
      vertex -8.72841 -17.5908 3.8147e-07
      vertex -8.72841 -17.5908 3
    endloop
  endfacet
  facet normal 0.258871 -0.965912 0
    outer loop
      vertex -10.5288 -16.1329 3.8147e-07
      vertex -10.1359 -16.0276 3
      vertex -10.5288 -16.1329 3
    endloop
  endfacet
  facet normal 0.258871 -0.965912 0
    outer loop
      vertex -10.1359 -16.0276 3
      vertex -10.5288 -16.1329 3.8147e-07
      vertex -10.1359 -16.0276 3.8147e-07
    endloop
  endfacet
  facet normal -0.25889 0.965907 0
    outer loop
      vertex -9.47124 -18.5081 3.8147e-07
      vertex -9.86411 -18.6134 3
      vertex -9.47124 -18.5081 3
    endloop
  endfacet
  facet normal -0.25889 0.965907 0
    outer loop
      vertex -9.86411 -18.6134 3
      vertex -9.47124 -18.5081 3.8147e-07
      vertex -9.86411 -18.6134 3.8147e-07
    endloop
  endfacet
  facet normal -0.35846 -0.933545 0
    outer loop
      vertex -9.72971 -16.0489 3.8147e-07
      vertex -9.35 -16.1947 3
      vertex -9.72971 -16.0489 3
    endloop
  endfacet
  facet normal -0.35846 -0.933545 -0
    outer loop
      vertex -9.35 -16.1947 3
      vertex -9.72971 -16.0489 3.8147e-07
      vertex -9.35 -16.1947 3.8147e-07
    endloop
  endfacet
  facet normal -0.544605 0.838692 0
    outer loop
      vertex -9.13013 -18.2866 3.8147e-07
      vertex -9.47124 -18.5081 3
      vertex -9.13013 -18.2866 3
    endloop
  endfacet
  facet normal -0.544605 0.838692 0
    outer loop
      vertex -9.47124 -18.5081 3
      vertex -9.13013 -18.2866 3.8147e-07
      vertex -9.47124 -18.5081 3.8147e-07
    endloop
  endfacet
  facet normal -0.933575 0.358383 0
    outer loop
      vertex -8.87417 -17.9705 3.8147e-07
      vertex -8.72841 -17.5908 3
      vertex -8.72841 -17.5908 3.8147e-07
    endloop
  endfacet
  facet normal -0.933575 0.358383 0
    outer loop
      vertex -8.72841 -17.5908 3
      vertex -8.87417 -17.9705 3.8147e-07
      vertex -8.87417 -17.9705 3
    endloop
  endfacet
  facet normal -0.777161 0.629301 0
    outer loop
      vertex -9.13013 -18.2866 3.8147e-07
      vertex -8.87417 -17.9705 3
      vertex -8.87417 -17.9705 3.8147e-07
    endloop
  endfacet
  facet normal -0.777161 0.629301 0
    outer loop
      vertex -8.87417 -17.9705 3
      vertex -9.13013 -18.2866 3.8147e-07
      vertex -9.13013 -18.2866 3
    endloop
  endfacet
  facet normal 0.777233 -0.629212 0
    outer loop
      vertex -11.1258 -16.6705 3
      vertex -10.8699 -16.3544 3.8147e-07
      vertex -10.8699 -16.3544 3
    endloop
  endfacet
  facet normal 0.777233 -0.629212 0
    outer loop
      vertex -10.8699 -16.3544 3.8147e-07
      vertex -11.1258 -16.6705 3
      vertex -11.1258 -16.6705 3.8147e-07
    endloop
  endfacet
  facet normal -0.0523666 -0.998628 0
    outer loop
      vertex -10.1359 -16.0276 3.8147e-07
      vertex -9.72971 -16.0489 3
      vertex -10.1359 -16.0276 3
    endloop
  endfacet
  facet normal -0.0523666 -0.998628 -0
    outer loop
      vertex -9.72971 -16.0489 3
      vertex -10.1359 -16.0276 3.8147e-07
      vertex -9.72971 -16.0489 3.8147e-07
    endloop
  endfacet
  facet normal 0.544617 -0.838685 0
    outer loop
      vertex -10.8699 -16.3544 3.8147e-07
      vertex -10.5288 -16.1329 3
      vertex -10.8699 -16.3544 3
    endloop
  endfacet
  facet normal 0.544617 -0.838685 0
    outer loop
      vertex -10.5288 -16.1329 3
      vertex -10.8699 -16.3544 3.8147e-07
      vertex -10.5288 -16.1329 3.8147e-07
    endloop
  endfacet
  facet normal 0.998628 -0.0523653 0
    outer loop
      vertex -11.2929 -17.4564 3
      vertex -11.2716 -17.0502 3.8147e-07
      vertex -11.2716 -17.0502 3
    endloop
  endfacet
  facet normal 0.998628 -0.0523653 0
    outer loop
      vertex -11.2716 -17.0502 3.8147e-07
      vertex -11.2929 -17.4564 3
      vertex -11.2929 -17.4564 3.8147e-07
    endloop
  endfacet
  facet normal -0.838663 -0.544651 0
    outer loop
      vertex -8.81239 -16.7917 3.8147e-07
      vertex -9.03391 -16.4506 3
      vertex -9.03391 -16.4506 3.8147e-07
    endloop
  endfacet
  facet normal -0.838663 -0.544651 0
    outer loop
      vertex -9.03391 -16.4506 3
      vertex -8.81239 -16.7917 3.8147e-07
      vertex -8.81239 -16.7917 3
    endloop
  endfacet
  facet normal 0.838685 0.544617 0
    outer loop
      vertex -10.9661 -18.1904 3
      vertex -11.1876 -17.8493 3.8147e-07
      vertex -11.1876 -17.8493 3
    endloop
  endfacet
  facet normal 0.838685 0.544617 0
    outer loop
      vertex -11.1876 -17.8493 3.8147e-07
      vertex -10.9661 -18.1904 3
      vertex -10.9661 -18.1904 3.8147e-07
    endloop
  endfacet
  facet normal 0.629212 0.777233 -0
    outer loop
      vertex -10.65 -18.4463 3.8147e-07
      vertex -10.9661 -18.1904 3
      vertex -10.65 -18.4463 3
    endloop
  endfacet
  facet normal 0.629212 0.777233 0
    outer loop
      vertex -10.9661 -18.1904 3
      vertex -10.65 -18.4463 3.8147e-07
      vertex -10.9661 -18.1904 3.8147e-07
    endloop
  endfacet
  facet normal 0 1 -0
    outer loop
      vertex 6.9282 -12 13.85
      vertex -6.9282 -12 17.15
      vertex 6.9282 -12 17.15
    endloop
  endfacet
  facet normal 0 1 0
    outer loop
      vertex -6.9282 -12 17.15
      vertex 6.9282 -12 13.85
      vertex -6.9282 -12 13.85
    endloop
  endfacet
  facet normal -0.866026 0.5 0
    outer loop
      vertex 6.9282 -12 13.85
      vertex 13.8564 0 17.15
      vertex 13.8564 0 13.85
    endloop
  endfacet
  facet normal -0.866026 0.5 0
    outer loop
      vertex 13.8564 0 17.15
      vertex 6.9282 -12 13.85
      vertex 6.9282 -12 17.15
    endloop
  endfacet
  facet normal 0 -1 0
    outer loop
      vertex -6.9282 12 13.85
      vertex 6.9282 12 17.15
      vertex -6.9282 12 17.15
    endloop
  endfacet
  facet normal 0 -1 -0
    outer loop
      vertex 6.9282 12 17.15
      vertex -6.9282 12 13.85
      vertex 6.9282 12 13.85
    endloop
  endfacet
  facet normal -0.866026 -0.5 0
    outer loop
      vertex 13.8564 0 13.85
      vertex 6.9282 12 17.15
      vertex 6.9282 12 13.85
    endloop
  endfacet
  facet normal -0.866026 -0.5 0
    outer loop
      vertex 6.9282 12 17.15
      vertex 13.8564 0 13.85
      vertex 13.8564 0 17.15
    endloop
  endfacet
  facet normal 0.866026 -0.5 0
    outer loop
      vertex -13.8564 0 17.15
      vertex -6.9282 12 13.85
      vertex -6.9282 12 17.15
    endloop
  endfacet
  facet normal 0.866026 -0.5 0
    outer loop
      vertex -6.9282 12 13.85
      vertex -13.8564 0 17.15
      vertex -13.8564 0 13.85
    endloop
  endfacet
  facet normal 0.866026 0.5 0
    outer loop
      vertex -6.9282 -12 17.15
      vertex -13.8564 0 13.85
      vertex -13.8564 0 17.15
    endloop
  endfacet
  facet normal 0.866026 0.5 0
    outer loop
      vertex -13.8564 0 13.85
      vertex -6.9282 -12 17.15
      vertex -6.9282 -12 13.85
    endloop
  endfacet
  facet normal 0 0 1
    outer loop
      vertex 13.8564 0 13.85
      vertex 11.0513 0.724339 13.85
      vertex 11.075 0 13.85
    endloop
  endfacet
  facet normal 0 0 1
    outer loop
      vertex 13.8564 0 13.85
      vertex 10.9803 1.44558 13.85
      vertex 11.0513 0.724339 13.85
    endloop
  endfacet
  facet normal 0 0 1
    outer loop
      vertex 13.8564 0 13.85
      vertex 10.8622 2.16062 13.85
      vertex 10.9803 1.44558 13.85
    endloop
  endfacet
  facet normal 0 0 1
    outer loop
      vertex 13.8564 0 13.85
      vertex 10.6976 2.86642 13.85
      vertex 10.8622 2.16062 13.85
    endloop
  endfacet
  facet normal 0 0 1
    outer loop
      vertex 13.8564 0 13.85
      vertex 10.4873 3.55994 13.85
      vertex 10.6976 2.86642 13.85
    endloop
  endfacet
  facet normal 0 0 1
    outer loop
      vertex 13.8564 0 13.85
      vertex 10.232 4.23822 13.85
      vertex 10.4873 3.55994 13.85
    endloop
  endfacet
  facet normal 0 0 1
    outer loop
      vertex 13.8564 0 13.85
      vertex 9.93287 4.89835 13.85
      vertex 10.232 4.23822 13.85
    endloop
  endfacet
  facet normal 0 0 1
    outer loop
      vertex 13.8564 0 13.85
      vertex 9.59123 5.5375 13.85
      vertex 9.93287 4.89835 13.85
    endloop
  endfacet
  facet normal 0 0 1
    outer loop
      vertex 6.9282 12 13.85
      vertex 9.59123 5.5375 13.85
      vertex 13.8564 0 13.85
    endloop
  endfacet
  facet normal 0 0 1
    outer loop
      vertex 9.59123 5.5375 13.85
      vertex 6.9282 12 13.85
      vertex 9.20853 6.15294 13.85
    endloop
  endfacet
  facet normal 0 0 1
    outer loop
      vertex 9.20853 6.15294 13.85
      vertex 6.9282 12 13.85
      vertex 8.78639 6.74203 13.85
    endloop
  endfacet
  facet normal 0 0 1
    outer loop
      vertex 6.9282 12 13.85
      vertex 8.32663 7.30225 13.85
      vertex 8.78639 6.74203 13.85
    endloop
  endfacet
  facet normal 0 0 1
    outer loop
      vertex 6.9282 12 13.85
      vertex 7.83121 7.83121 13.85
      vertex 8.32663 7.30225 13.85
    endloop
  endfacet
  facet normal 0 0 1
    outer loop
      vertex 6.9282 12 13.85
      vertex 7.30225 8.32663 13.85
      vertex 7.83121 7.83121 13.85
    endloop
  endfacet
  facet normal 0 0 1
    outer loop
      vertex 6.9282 12 13.85
      vertex 6.74203 8.78639 13.85
      vertex 7.30225 8.32663 13.85
    endloop
  endfacet
  facet normal 0 0 1
    outer loop
      vertex 6.9282 12 13.85
      vertex 6.15294 9.20853 13.85
      vertex 6.74203 8.78639 13.85
    endloop
  endfacet
  facet normal 0 0 1
    outer loop
      vertex 6.9282 12 13.85
      vertex 5.5375 9.59123 13.85
      vertex 6.15294 9.20853 13.85
    endloop
  endfacet
  facet normal 0 0 1
    outer loop
      vertex 6.9282 12 13.85
      vertex 4.89835 9.93287 13.85
      vertex 5.5375 9.59123 13.85
    endloop
  endfacet
  facet normal 0 0 1
    outer loop
      vertex 6.9282 12 13.85
      vertex 4.23822 10.232 13.85
      vertex 4.89835 9.93287 13.85
    endloop
  endfacet
  facet normal 0 0 1
    outer loop
      vertex 6.9282 12 13.85
      vertex 3.55994 10.4873 13.85
      vertex 4.23822 10.232 13.85
    endloop
  endfacet
  facet normal 0 0 1
    outer loop
      vertex 6.9282 12 13.85
      vertex 2.86642 10.6976 13.85
      vertex 3.55994 10.4873 13.85
    endloop
  endfacet
  facet normal 0 0 1
    outer loop
      vertex 6.9282 12 13.85
      vertex 2.16062 10.8622 13.85
      vertex 2.86642 10.6976 13.85
    endloop
  endfacet
  facet normal 0 0 1
    outer loop
      vertex 6.9282 12 13.85
      vertex 1.44558 10.9803 13.85
      vertex 2.16062 10.8622 13.85
    endloop
  endfacet
  facet normal 0 0 1
    outer loop
      vertex 6.9282 12 13.85
      vertex 0.724339 11.0513 13.85
      vertex 1.44558 10.9803 13.85
    endloop
  endfacet
  facet normal 0 0 1
    outer loop
      vertex 6.9282 12 13.85
      vertex 0 11.075 13.85
      vertex 0.724339 11.0513 13.85
    endloop
  endfacet
  facet normal -0 0 1
    outer loop
      vertex -6.9282 12 13.85
      vertex 0 11.075 13.85
      vertex 6.9282 12 13.85
    endloop
  endfacet
  facet normal 0 0 1
    outer loop
      vertex 0 11.075 13.85
      vertex -6.9282 12 13.85
      vertex -0.724339 11.0513 13.85
    endloop
  endfacet
  facet normal 0 0 1
    outer loop
      vertex -0.724339 11.0513 13.85
      vertex -6.9282 12 13.85
      vertex -1.44558 10.9803 13.85
    endloop
  endfacet
  facet normal 0 0 1
    outer loop
      vertex -6.9282 12 13.85
      vertex -2.16062 10.8622 13.85
      vertex -1.44558 10.9803 13.85
    endloop
  endfacet
  facet normal 0 0 1
    outer loop
      vertex -6.9282 12 13.85
      vertex -2.86642 10.6976 13.85
      vertex -2.16062 10.8622 13.85
    endloop
  endfacet
  facet normal 0 0 1
    outer loop
      vertex -6.9282 12 13.85
      vertex -3.55994 10.4873 13.85
      vertex -2.86642 10.6976 13.85
    endloop
  endfacet
  facet normal 0 0 1
    outer loop
      vertex -6.9282 12 13.85
      vertex -4.23822 10.232 13.85
      vertex -3.55994 10.4873 13.85
    endloop
  endfacet
  facet normal 0 0 1
    outer loop
      vertex -6.9282 12 13.85
      vertex -4.89835 9.93287 13.85
      vertex -4.23822 10.232 13.85
    endloop
  endfacet
  facet normal 0 0 1
    outer loop
      vertex -6.9282 12 13.85
      vertex -5.5375 9.59123 13.85
      vertex -4.89835 9.93287 13.85
    endloop
  endfacet
  facet normal 0 0 1
    outer loop
      vertex -6.9282 12 13.85
      vertex -6.15294 9.20853 13.85
      vertex -5.5375 9.59123 13.85
    endloop
  endfacet
  facet normal 0 0 1
    outer loop
      vertex -6.9282 12 13.85
      vertex -6.74203 8.78639 13.85
      vertex -6.15294 9.20853 13.85
    endloop
  endfacet
  facet normal 0 0 1
    outer loop
      vertex -6.9282 12 13.85
      vertex -7.30225 8.32663 13.85
      vertex -6.74203 8.78639 13.85
    endloop
  endfacet
  facet normal 0 0 1
    outer loop
      vertex -6.9282 12 13.85
      vertex -7.83121 7.83121 13.85
      vertex -7.30225 8.32663 13.85
    endloop
  endfacet
  facet normal 0 0 1
    outer loop
      vertex -6.9282 12 13.85
      vertex -8.32663 7.30225 13.85
      vertex -7.83121 7.83121 13.85
    endloop
  endfacet
  facet normal 0 0 1
    outer loop
      vertex -6.9282 12 13.85
      vertex -8.78639 6.74203 13.85
      vertex -8.32663 7.30225 13.85
    endloop
  endfacet
  facet normal 0 0 1
    outer loop
      vertex -6.9282 12 13.85
      vertex -9.20853 6.15294 13.85
      vertex -8.78639 6.74203 13.85
    endloop
  endfacet
  facet normal 0 0 1
    outer loop
      vertex -6.9282 12 13.85
      vertex -9.59123 5.5375 13.85
      vertex -9.20853 6.15294 13.85
    endloop
  endfacet
  facet normal 0 0 1
    outer loop
      vertex -13.8564 0 13.85
      vertex -9.59123 5.5375 13.85
      vertex -6.9282 12 13.85
    endloop
  endfacet
  facet normal 0 0 1
    outer loop
      vertex -9.59123 5.5375 13.85
      vertex -13.8564 0 13.85
      vertex -9.93287 4.89835 13.85
    endloop
  endfacet
  facet normal 0 0 1
    outer loop
      vertex -11.0513 0.724339 13.85
      vertex -13.8564 0 13.85
      vertex -11.075 0 13.85
    endloop
  endfacet
  facet normal 0 0 1
    outer loop
      vertex -10.9803 1.44558 13.85
      vertex -13.8564 0 13.85
      vertex -11.0513 0.724339 13.85
    endloop
  endfacet
  facet normal 0 0 1
    outer loop
      vertex -10.8622 2.16062 13.85
      vertex -13.8564 0 13.85
      vertex -10.9803 1.44558 13.85
    endloop
  endfacet
  facet normal 0 0 1
    outer loop
      vertex -10.6976 2.86642 13.85
      vertex -13.8564 0 13.85
      vertex -10.8622 2.16062 13.85
    endloop
  endfacet
  facet normal 0 0 1
    outer loop
      vertex -10.4873 3.55994 13.85
      vertex -13.8564 0 13.85
      vertex -10.6976 2.86642 13.85
    endloop
  endfacet
  facet normal 0 0 1
    outer loop
      vertex -10.232 4.23822 13.85
      vertex -13.8564 0 13.85
      vertex -10.4873 3.55994 13.85
    endloop
  endfacet
  facet normal 0 0 1
    outer loop
      vertex -9.93287 4.89835 13.85
      vertex -13.8564 0 13.85
      vertex -10.232 4.23822 13.85
    endloop
  endfacet
  facet normal 0 0 1
    outer loop
      vertex 11.0513 -0.724339 13.85
      vertex 13.8564 0 13.85
      vertex 11.075 0 13.85
    endloop
  endfacet
  facet normal 0 0 1
    outer loop
      vertex 10.9803 -1.44558 13.85
      vertex 13.8564 0 13.85
      vertex 11.0513 -0.724339 13.85
    endloop
  endfacet
  facet normal 0 0 1
    outer loop
      vertex 10.8622 -2.16062 13.85
      vertex 13.8564 0 13.85
      vertex 10.9803 -1.44558 13.85
    endloop
  endfacet
  facet normal 0 0 1
    outer loop
      vertex 10.6976 -2.86642 13.85
      vertex 13.8564 0 13.85
      vertex 10.8622 -2.16062 13.85
    endloop
  endfacet
  facet normal 0 0 1
    outer loop
      vertex 10.4873 -3.55994 13.85
      vertex 13.8564 0 13.85
      vertex 10.6976 -2.86642 13.85
    endloop
  endfacet
  facet normal 0 0 1
    outer loop
      vertex 10.232 -4.23822 13.85
      vertex 13.8564 0 13.85
      vertex 10.4873 -3.55994 13.85
    endloop
  endfacet
  facet normal 0 0 1
    outer loop
      vertex 9.93287 -4.89835 13.85
      vertex 13.8564 0 13.85
      vertex 10.232 -4.23822 13.85
    endloop
  endfacet
  facet normal 0 0 1
    outer loop
      vertex 9.59123 -5.5375 13.85
      vertex 13.8564 0 13.85
      vertex 9.93287 -4.89835 13.85
    endloop
  endfacet
  facet normal 0 0 1
    outer loop
      vertex 6.9282 -12 13.85
      vertex 9.59123 -5.5375 13.85
      vertex 9.20853 -6.15294 13.85
    endloop
  endfacet
  facet normal 0 0 1
    outer loop
      vertex 6.9282 -12 13.85
      vertex 9.20853 -6.15294 13.85
      vertex 8.78639 -6.74203 13.85
    endloop
  endfacet
  facet normal -0 0 1
    outer loop
      vertex 9.59123 -5.5375 13.85
      vertex 6.9282 -12 13.85
      vertex 13.8564 0 13.85
    endloop
  endfacet
  facet normal -0 0 1
    outer loop
      vertex 8.32663 -7.30225 13.85
      vertex 6.9282 -12 13.85
      vertex 8.78639 -6.74203 13.85
    endloop
  endfacet
  facet normal -0 0 1
    outer loop
      vertex 7.83121 -7.83121 13.85
      vertex 6.9282 -12 13.85
      vertex 8.32663 -7.30225 13.85
    endloop
  endfacet
  facet normal -0 0 1
    outer loop
      vertex 7.30225 -8.32663 13.85
      vertex 6.9282 -12 13.85
      vertex 7.83121 -7.83121 13.85
    endloop
  endfacet
  facet normal -0 0 1
    outer loop
      vertex 6.74203 -8.78639 13.85
      vertex 6.9282 -12 13.85
      vertex 7.30225 -8.32663 13.85
    endloop
  endfacet
  facet normal -0 0 1
    outer loop
      vertex 6.15294 -9.20853 13.85
      vertex 6.9282 -12 13.85
      vertex 6.74203 -8.78639 13.85
    endloop
  endfacet
  facet normal -0 0 1
    outer loop
      vertex 5.5375 -9.59123 13.85
      vertex 6.9282 -12 13.85
      vertex 6.15294 -9.20853 13.85
    endloop
  endfacet
  facet normal -0 0 1
    outer loop
      vertex 4.89835 -9.93287 13.85
      vertex 6.9282 -12 13.85
      vertex 5.5375 -9.59123 13.85
    endloop
  endfacet
  facet normal -0 0 1
    outer loop
      vertex 4.23822 -10.232 13.85
      vertex 6.9282 -12 13.85
      vertex 4.89835 -9.93287 13.85
    endloop
  endfacet
  facet normal -0 0 1
    outer loop
      vertex 3.55994 -10.4873 13.85
      vertex 6.9282 -12 13.85
      vertex 4.23822 -10.232 13.85
    endloop
  endfacet
  facet normal -0 0 1
    outer loop
      vertex 2.86642 -10.6976 13.85
      vertex 6.9282 -12 13.85
      vertex 3.55994 -10.4873 13.85
    endloop
  endfacet
  facet normal -0 0 1
    outer loop
      vertex 2.16062 -10.8622 13.85
      vertex 6.9282 -12 13.85
      vertex 2.86642 -10.6976 13.85
    endloop
  endfacet
  facet normal -0 0 1
    outer loop
      vertex 1.44558 -10.9803 13.85
      vertex 6.9282 -12 13.85
      vertex 2.16062 -10.8622 13.85
    endloop
  endfacet
  facet normal -0 0 1
    outer loop
      vertex 0.724339 -11.0513 13.85
      vertex 6.9282 -12 13.85
      vertex 1.44558 -10.9803 13.85
    endloop
  endfacet
  facet normal -0 0 1
    outer loop
      vertex 0 -11.075 13.85
      vertex 6.9282 -12 13.85
      vertex 0.724339 -11.0513 13.85
    endloop
  endfacet
  facet normal 0 0 1
    outer loop
      vertex -6.9282 -12 13.85
      vertex 0 -11.075 13.85
      vertex -0.724339 -11.0513 13.85
    endloop
  endfacet
  facet normal 0 0 1
    outer loop
      vertex -6.9282 -12 13.85
      vertex -0.724339 -11.0513 13.85
      vertex -1.44558 -10.9803 13.85
    endloop
  endfacet
  facet normal 0 0 1
    outer loop
      vertex 0 -11.075 13.85
      vertex -6.9282 -12 13.85
      vertex 6.9282 -12 13.85
    endloop
  endfacet
  facet normal 0 0 1
    outer loop
      vertex -2.16062 -10.8622 13.85
      vertex -6.9282 -12 13.85
      vertex -1.44558 -10.9803 13.85
    endloop
  endfacet
  facet normal 0 0 1
    outer loop
      vertex -2.86642 -10.6976 13.85
      vertex -6.9282 -12 13.85
      vertex -2.16062 -10.8622 13.85
    endloop
  endfacet
  facet normal 0 0 1
    outer loop
      vertex -3.55994 -10.4873 13.85
      vertex -6.9282 -12 13.85
      vertex -2.86642 -10.6976 13.85
    endloop
  endfacet
  facet normal 0 0 1
    outer loop
      vertex -4.23822 -10.232 13.85
      vertex -6.9282 -12 13.85
      vertex -3.55994 -10.4873 13.85
    endloop
  endfacet
  facet normal 0 0 1
    outer loop
      vertex -4.89835 -9.93287 13.85
      vertex -6.9282 -12 13.85
      vertex -4.23822 -10.232 13.85
    endloop
  endfacet
  facet normal 0 0 1
    outer loop
      vertex -5.5375 -9.59123 13.85
      vertex -6.9282 -12 13.85
      vertex -4.89835 -9.93287 13.85
    endloop
  endfacet
  facet normal 0 0 1
    outer loop
      vertex -6.15294 -9.20853 13.85
      vertex -6.9282 -12 13.85
      vertex -5.5375 -9.59123 13.85
    endloop
  endfacet
  facet normal 0 0 1
    outer loop
      vertex -6.74203 -8.78639 13.85
      vertex -6.9282 -12 13.85
      vertex -6.15294 -9.20853 13.85
    endloop
  endfacet
  facet normal 0 0 1
    outer loop
      vertex -7.30225 -8.32663 13.85
      vertex -6.9282 -12 13.85
      vertex -6.74203 -8.78639 13.85
    endloop
  endfacet
  facet normal 0 0 1
    outer loop
      vertex -7.83121 -7.83121 13.85
      vertex -6.9282 -12 13.85
      vertex -7.30225 -8.32663 13.85
    endloop
  endfacet
  facet normal 0 0 1
    outer loop
      vertex -8.32663 -7.30225 13.85
      vertex -6.9282 -12 13.85
      vertex -7.83121 -7.83121 13.85
    endloop
  endfacet
  facet normal 0 0 1
    outer loop
      vertex -8.78639 -6.74203 13.85
      vertex -6.9282 -12 13.85
      vertex -8.32663 -7.30225 13.85
    endloop
  endfacet
  facet normal 0 0 1
    outer loop
      vertex -9.20853 -6.15294 13.85
      vertex -6.9282 -12 13.85
      vertex -8.78639 -6.74203 13.85
    endloop
  endfacet
  facet normal 0 0 1
    outer loop
      vertex -9.59123 -5.5375 13.85
      vertex -6.9282 -12 13.85
      vertex -9.20853 -6.15294 13.85
    endloop
  endfacet
  facet normal 0 0 1
    outer loop
      vertex -13.8564 0 13.85
      vertex -9.59123 -5.5375 13.85
      vertex -9.93287 -4.89835 13.85
    endloop
  endfacet
  facet normal 0 0 1
    outer loop
      vertex -13.8564 0 13.85
      vertex -9.93287 -4.89835 13.85
      vertex -10.232 -4.23822 13.85
    endloop
  endfacet
  facet normal 0 0 1
    outer loop
      vertex -9.59123 -5.5375 13.85
      vertex -13.8564 0 13.85
      vertex -6.9282 -12 13.85
    endloop
  endfacet
  facet normal 0 0 1
    outer loop
      vertex -10.4873 -3.55994 13.85
      vertex -13.8564 0 13.85
      vertex -10.232 -4.23822 13.85
    endloop
  endfacet
  facet normal 0 0 1
    outer loop
      vertex -10.6976 -2.86642 13.85
      vertex -13.8564 0 13.85
      vertex -10.4873 -3.55994 13.85
    endloop
  endfacet
  facet normal 0 0 1
    outer loop
      vertex -10.8622 -2.16062 13.85
      vertex -13.8564 0 13.85
      vertex -10.6976 -2.86642 13.85
    endloop
  endfacet
  facet normal 0 0 1
    outer loop
      vertex -10.9803 -1.44558 13.85
      vertex -13.8564 0 13.85
      vertex -10.8622 -2.16062 13.85
    endloop
  endfacet
  facet normal 0 0 1
    outer loop
      vertex -11.0513 -0.724339 13.85
      vertex -13.8564 0 13.85
      vertex -10.9803 -1.44558 13.85
    endloop
  endfacet
  facet normal -0 0 1
    outer loop
      vertex -13.8564 0 13.85
      vertex -11.0513 -0.724339 13.85
      vertex -11.075 0 13.85
    endloop
  endfacet
  facet normal -0.99519 -0.0979679 0
    outer loop
      vertex 11.0513 0.724339 6.85
      vertex 10.9803 1.44558 13.85
      vertex 10.9803 1.44558 6.85
    endloop
  endfacet
  facet normal -0.99519 -0.0979679 0
    outer loop
      vertex 10.9803 1.44558 13.85
      vertex 11.0513 0.724339 6.85
      vertex 11.0513 0.724339 13.85
    endloop
  endfacet
  facet normal -0.999465 -0.032702 0
    outer loop
      vertex 11.075 0 6.85
      vertex 11.0513 0.724339 13.85
      vertex 11.0513 0.724339 6.85
    endloop
  endfacet
  facet normal -0.999465 -0.032702 0
    outer loop
      vertex 11.0513 0.724339 13.85
      vertex 11.075 0 6.85
      vertex 11.075 0 13.85
    endloop
  endfacet
  facet normal -0.986633 -0.162958 0
    outer loop
      vertex 10.9803 1.44558 6.85
      vertex 10.8622 2.16062 13.85
      vertex 10.8622 2.16062 6.85
    endloop
  endfacet
  facet normal -0.986633 -0.162958 0
    outer loop
      vertex 10.8622 2.16062 13.85
      vertex 10.9803 1.44558 6.85
      vertex 10.9803 1.44558 13.85
    endloop
  endfacet
  facet normal -0.528063 0.849205 0
    outer loop
      vertex 6.15294 -9.20853 6.85
      vertex 5.5375 -9.59123 13.85
      vertex 6.15294 -9.20853 13.85
    endloop
  endfacet
  facet normal -0.528063 0.849205 0
    outer loop
      vertex 5.5375 -9.59123 13.85
      vertex 6.15294 -9.20853 6.85
      vertex 5.5375 -9.59123 6.85
    endloop
  endfacet
  facet normal -0.471404 0.881917 0
    outer loop
      vertex 5.5375 -9.59123 6.85
      vertex 4.89835 -9.93287 13.85
      vertex 5.5375 -9.59123 13.85
    endloop
  endfacet
  facet normal -0.471404 0.881917 0
    outer loop
      vertex 4.89835 -9.93287 13.85
      vertex 5.5375 -9.59123 6.85
      vertex 4.89835 -9.93287 6.85
    endloop
  endfacet
  facet normal -0.290187 -0.95697 0
    outer loop
      vertex 2.86642 10.6976 6.85
      vertex 3.55994 10.4873 13.85
      vertex 2.86642 10.6976 13.85
    endloop
  endfacet
  facet normal -0.290187 -0.95697 -0
    outer loop
      vertex 3.55994 10.4873 13.85
      vertex 2.86642 10.6976 6.85
      vertex 3.55994 10.4873 6.85
    endloop
  endfacet
  facet normal 0.634393 -0.773011 0
    outer loop
      vertex -7.30225 8.32663 6.85
      vertex -6.74203 8.78639 13.85
      vertex -7.30225 8.32663 13.85
    endloop
  endfacet
  facet normal 0.634393 -0.773011 0
    outer loop
      vertex -6.74203 8.78639 13.85
      vertex -7.30225 8.32663 6.85
      vertex -6.74203 8.78639 6.85
    endloop
  endfacet
  facet normal -0.729868 -0.683589 0
    outer loop
      vertex 8.32663 7.30225 6.85
      vertex 7.83121 7.83121 13.85
      vertex 7.83121 7.83121 6.85
    endloop
  endfacet
  facet normal -0.729868 -0.683589 0
    outer loop
      vertex 7.83121 7.83121 13.85
      vertex 8.32663 7.30225 6.85
      vertex 8.32663 7.30225 13.85
    endloop
  endfacet
  facet normal -0.0979679 -0.99519 0
    outer loop
      vertex 0.724339 11.0513 6.85
      vertex 1.44558 10.9803 13.85
      vertex 0.724339 11.0513 13.85
    endloop
  endfacet
  facet normal -0.0979679 -0.99519 -0
    outer loop
      vertex 1.44558 10.9803 13.85
      vertex 0.724339 11.0513 6.85
      vertex 1.44558 10.9803 6.85
    endloop
  endfacet
  facet normal -0.973868 -0.227116 0
    outer loop
      vertex 10.8622 2.16062 6.85
      vertex 10.6976 2.86642 13.85
      vertex 10.6976 2.86642 6.85
    endloop
  endfacet
  facet normal -0.973868 -0.227116 0
    outer loop
      vertex 10.6976 2.86642 13.85
      vertex 10.8622 2.16062 6.85
      vertex 10.8622 2.16062 13.85
    endloop
  endfacet
  facet normal -0.95697 -0.290187 0
    outer loop
      vertex 10.6976 2.86642 6.85
      vertex 10.4873 3.55994 13.85
      vertex 10.4873 3.55994 6.85
    endloop
  endfacet
  facet normal -0.95697 -0.290187 0
    outer loop
      vertex 10.4873 3.55994 13.85
      vertex 10.6976 2.86642 6.85
      vertex 10.6976 2.86642 13.85
    endloop
  endfacet
  facet normal 0.812844 0.582481 0
    outer loop
      vertex -8.78639 -6.74203 13.85
      vertex -9.20853 -6.15294 6.85
      vertex -9.20853 -6.15294 13.85
    endloop
  endfacet
  facet normal 0.812844 0.582481 0
    outer loop
      vertex -9.20853 -6.15294 6.85
      vertex -8.78639 -6.74203 13.85
      vertex -8.78639 -6.74203 6.85
    endloop
  endfacet
  facet normal 0.910849 -0.41274 0
    outer loop
      vertex -10.232 4.23822 13.85
      vertex -9.93287 4.89835 6.85
      vertex -9.93287 4.89835 13.85
    endloop
  endfacet
  facet normal 0.910849 -0.41274 0
    outer loop
      vertex -9.93287 4.89835 6.85
      vertex -10.232 4.23822 13.85
      vertex -10.232 4.23822 6.85
    endloop
  endfacet
  facet normal 0.227116 -0.973868 0
    outer loop
      vertex -2.86642 10.6976 6.85
      vertex -2.16062 10.8622 13.85
      vertex -2.86642 10.6976 13.85
    endloop
  endfacet
  facet normal 0.227116 -0.973868 0
    outer loop
      vertex -2.16062 10.8622 13.85
      vertex -2.86642 10.6976 6.85
      vertex -2.16062 10.8622 6.85
    endloop
  endfacet
  facet normal -0.9359 -0.352266 0
    outer loop
      vertex 10.4873 3.55994 6.85
      vertex 10.232 4.23822 13.85
      vertex 10.232 4.23822 6.85
    endloop
  endfacet
  facet normal -0.9359 -0.352266 0
    outer loop
      vertex 10.232 4.23822 13.85
      vertex 10.4873 3.55994 6.85
      vertex 10.4873 3.55994 13.85
    endloop
  endfacet
  facet normal 0.773011 -0.634393 0
    outer loop
      vertex -8.78639 6.74203 13.85
      vertex -8.32663 7.30225 6.85
      vertex -8.32663 7.30225 13.85
    endloop
  endfacet
  facet normal 0.773011 -0.634393 0
    outer loop
      vertex -8.32663 7.30225 6.85
      vertex -8.78639 6.74203 13.85
      vertex -8.78639 6.74203 6.85
    endloop
  endfacet
  facet normal 0.849205 0.528063 0
    outer loop
      vertex -9.20853 -6.15294 13.85
      vertex -9.59123 -5.5375 6.85
      vertex -9.59123 -5.5375 13.85
    endloop
  endfacet
  facet normal 0.849205 0.528063 0
    outer loop
      vertex -9.59123 -5.5375 6.85
      vertex -9.20853 -6.15294 13.85
      vertex -9.20853 -6.15294 6.85
    endloop
  endfacet
  facet normal -0.352266 0.9359 0
    outer loop
      vertex 4.23822 -10.232 6.85
      vertex 3.55994 -10.4873 13.85
      vertex 4.23822 -10.232 13.85
    endloop
  endfacet
  facet normal -0.352266 0.9359 0
    outer loop
      vertex 3.55994 -10.4873 13.85
      vertex 4.23822 -10.232 6.85
      vertex 3.55994 -10.4873 6.85
    endloop
  endfacet
  facet normal 0.95697 -0.290187 0
    outer loop
      vertex -10.6976 2.86642 13.85
      vertex -10.4873 3.55994 6.85
      vertex -10.4873 3.55994 13.85
    endloop
  endfacet
  facet normal 0.95697 -0.290187 0
    outer loop
      vertex -10.4873 3.55994 6.85
      vertex -10.6976 2.86642 13.85
      vertex -10.6976 2.86642 6.85
    endloop
  endfacet
  facet normal 0.582481 -0.812844 0
    outer loop
      vertex -6.74203 8.78639 6.85
      vertex -6.15294 9.20853 13.85
      vertex -6.74203 8.78639 13.85
    endloop
  endfacet
  facet normal 0.582481 -0.812844 0
    outer loop
      vertex -6.15294 9.20853 13.85
      vertex -6.74203 8.78639 6.85
      vertex -6.15294 9.20853 6.85
    endloop
  endfacet
  facet normal 0.0979679 -0.99519 0
    outer loop
      vertex -1.44558 10.9803 6.85
      vertex -0.724339 11.0513 13.85
      vertex -1.44558 10.9803 13.85
    endloop
  endfacet
  facet normal 0.0979679 -0.99519 0
    outer loop
      vertex -0.724339 11.0513 13.85
      vertex -1.44558 10.9803 6.85
      vertex -0.724339 11.0513 6.85
    endloop
  endfacet
  facet normal -0.227116 -0.973868 0
    outer loop
      vertex 2.16062 10.8622 6.85
      vertex 2.86642 10.6976 13.85
      vertex 2.16062 10.8622 13.85
    endloop
  endfacet
  facet normal -0.227116 -0.973868 -0
    outer loop
      vertex 2.86642 10.6976 13.85
      vertex 2.16062 10.8622 6.85
      vertex 2.86642 10.6976 6.85
    endloop
  endfacet
  facet normal 0.471404 -0.881917 0
    outer loop
      vertex -5.5375 9.59123 6.85
      vertex -4.89835 9.93287 13.85
      vertex -5.5375 9.59123 13.85
    endloop
  endfacet
  facet normal 0.471404 -0.881917 0
    outer loop
      vertex -4.89835 9.93287 13.85
      vertex -5.5375 9.59123 6.85
      vertex -4.89835 9.93287 6.85
    endloop
  endfacet
  facet normal 0.683589 -0.729868 0
    outer loop
      vertex -7.83121 7.83121 6.85
      vertex -7.30225 8.32663 13.85
      vertex -7.83121 7.83121 13.85
    endloop
  endfacet
  facet normal 0.683589 -0.729868 0
    outer loop
      vertex -7.30225 8.32663 13.85
      vertex -7.83121 7.83121 6.85
      vertex -7.30225 8.32663 6.85
    endloop
  endfacet
  facet normal 0.99519 -0.0979679 0
    outer loop
      vertex -11.0513 0.724339 13.85
      vertex -10.9803 1.44558 6.85
      vertex -10.9803 1.44558 13.85
    endloop
  endfacet
  facet normal 0.99519 -0.0979679 0
    outer loop
      vertex -10.9803 1.44558 6.85
      vertex -11.0513 0.724339 13.85
      vertex -11.0513 0.724339 6.85
    endloop
  endfacet
  facet normal -0.471404 -0.881917 0
    outer loop
      vertex 4.89835 9.93287 6.85
      vertex 5.5375 9.59123 13.85
      vertex 4.89835 9.93287 13.85
    endloop
  endfacet
  facet normal -0.471404 -0.881917 -0
    outer loop
      vertex 5.5375 9.59123 13.85
      vertex 4.89835 9.93287 6.85
      vertex 5.5375 9.59123 6.85
    endloop
  endfacet
  facet normal -0.986633 0.162958 0
    outer loop
      vertex 10.8622 -2.16062 6.85
      vertex 10.9803 -1.44558 13.85
      vertex 10.9803 -1.44558 6.85
    endloop
  endfacet
  facet normal -0.986633 0.162958 0
    outer loop
      vertex 10.9803 -1.44558 13.85
      vertex 10.8622 -2.16062 6.85
      vertex 10.8622 -2.16062 13.85
    endloop
  endfacet
  facet normal -0.162958 -0.986633 0
    outer loop
      vertex 1.44558 10.9803 6.85
      vertex 2.16062 10.8622 13.85
      vertex 1.44558 10.9803 13.85
    endloop
  endfacet
  facet normal -0.162958 -0.986633 -0
    outer loop
      vertex 2.16062 10.8622 13.85
      vertex 1.44558 10.9803 6.85
      vertex 2.16062 10.8622 6.85
    endloop
  endfacet
  facet normal -0.352266 -0.9359 0
    outer loop
      vertex 3.55994 10.4873 6.85
      vertex 4.23822 10.232 13.85
      vertex 3.55994 10.4873 13.85
    endloop
  endfacet
  facet normal -0.352266 -0.9359 -0
    outer loop
      vertex 4.23822 10.232 13.85
      vertex 3.55994 10.4873 6.85
      vertex 4.23822 10.232 6.85
    endloop
  endfacet
  facet normal 0.227116 0.973868 -0
    outer loop
      vertex -2.16062 -10.8622 6.85
      vertex -2.86642 -10.6976 13.85
      vertex -2.16062 -10.8622 13.85
    endloop
  endfacet
  facet normal 0.227116 0.973868 0
    outer loop
      vertex -2.86642 -10.6976 13.85
      vertex -2.16062 -10.8622 6.85
      vertex -2.86642 -10.6976 6.85
    endloop
  endfacet
  facet normal 0.162958 0.986633 -0
    outer loop
      vertex -1.44558 -10.9803 6.85
      vertex -2.16062 -10.8622 13.85
      vertex -1.44558 -10.9803 13.85
    endloop
  endfacet
  facet normal 0.162958 0.986633 0
    outer loop
      vertex -2.16062 -10.8622 13.85
      vertex -1.44558 -10.9803 6.85
      vertex -2.16062 -10.8622 6.85
    endloop
  endfacet
  facet normal -0.162958 0.986633 0
    outer loop
      vertex 2.16062 -10.8622 6.85
      vertex 1.44558 -10.9803 13.85
      vertex 2.16062 -10.8622 13.85
    endloop
  endfacet
  facet normal -0.162958 0.986633 0
    outer loop
      vertex 1.44558 -10.9803 13.85
      vertex 2.16062 -10.8622 6.85
      vertex 1.44558 -10.9803 6.85
    endloop
  endfacet
  facet normal -0.0979679 0.99519 0
    outer loop
      vertex 1.44558 -10.9803 6.85
      vertex 0.724339 -11.0513 13.85
      vertex 1.44558 -10.9803 13.85
    endloop
  endfacet
  facet normal -0.0979679 0.99519 0
    outer loop
      vertex 0.724339 -11.0513 13.85
      vertex 1.44558 -10.9803 6.85
      vertex 0.724339 -11.0513 6.85
    endloop
  endfacet
  facet normal -0.683589 -0.729868 0
    outer loop
      vertex 7.30225 8.32663 6.85
      vertex 7.83121 7.83121 13.85
      vertex 7.30225 8.32663 13.85
    endloop
  endfacet
  facet normal -0.683589 -0.729868 -0
    outer loop
      vertex 7.83121 7.83121 13.85
      vertex 7.30225 8.32663 6.85
      vertex 7.83121 7.83121 6.85
    endloop
  endfacet
  facet normal -0.41274 0.910849 0
    outer loop
      vertex 4.89835 -9.93287 6.85
      vertex 4.23822 -10.232 13.85
      vertex 4.89835 -9.93287 13.85
    endloop
  endfacet
  facet normal -0.41274 0.910849 0
    outer loop
      vertex 4.23822 -10.232 13.85
      vertex 4.89835 -9.93287 6.85
      vertex 4.23822 -10.232 6.85
    endloop
  endfacet
  facet normal -0.910849 -0.41274 0
    outer loop
      vertex 10.232 4.23822 6.85
      vertex 9.93287 4.89835 13.85
      vertex 9.93287 4.89835 6.85
    endloop
  endfacet
  facet normal -0.910849 -0.41274 0
    outer loop
      vertex 9.93287 4.89835 13.85
      vertex 10.232 4.23822 6.85
      vertex 10.232 4.23822 13.85
    endloop
  endfacet
  facet normal -0.41274 -0.910849 0
    outer loop
      vertex 4.23822 10.232 6.85
      vertex 4.89835 9.93287 13.85
      vertex 4.23822 10.232 13.85
    endloop
  endfacet
  facet normal -0.41274 -0.910849 -0
    outer loop
      vertex 4.89835 9.93287 13.85
      vertex 4.23822 10.232 6.85
      vertex 4.89835 9.93287 6.85
    endloop
  endfacet
  facet normal -0.528063 -0.849205 0
    outer loop
      vertex 5.5375 9.59123 6.85
      vertex 6.15294 9.20853 13.85
      vertex 5.5375 9.59123 13.85
    endloop
  endfacet
  facet normal -0.528063 -0.849205 -0
    outer loop
      vertex 6.15294 9.20853 13.85
      vertex 5.5375 9.59123 6.85
      vertex 6.15294 9.20853 6.85
    endloop
  endfacet
  facet normal 0.95697 0.290187 0
    outer loop
      vertex -10.4873 -3.55994 13.85
      vertex -10.6976 -2.86642 6.85
      vertex -10.6976 -2.86642 13.85
    endloop
  endfacet
  facet normal 0.95697 0.290187 0
    outer loop
      vertex -10.6976 -2.86642 6.85
      vertex -10.4873 -3.55994 13.85
      vertex -10.4873 -3.55994 6.85
    endloop
  endfacet
  facet normal -0.9359 0.352266 0
    outer loop
      vertex 10.232 -4.23822 6.85
      vertex 10.4873 -3.55994 13.85
      vertex 10.4873 -3.55994 6.85
    endloop
  endfacet
  facet normal -0.9359 0.352266 0
    outer loop
      vertex 10.4873 -3.55994 13.85
      vertex 10.232 -4.23822 6.85
      vertex 10.232 -4.23822 13.85
    endloop
  endfacet
  facet normal -0.812844 -0.582481 0
    outer loop
      vertex 9.20853 6.15294 6.85
      vertex 8.78639 6.74203 13.85
      vertex 8.78639 6.74203 6.85
    endloop
  endfacet
  facet normal -0.812844 -0.582481 0
    outer loop
      vertex 8.78639 6.74203 13.85
      vertex 9.20853 6.15294 6.85
      vertex 9.20853 6.15294 13.85
    endloop
  endfacet
  facet normal -0.849205 -0.528063 0
    outer loop
      vertex 9.59123 5.5375 6.85
      vertex 9.20853 6.15294 13.85
      vertex 9.20853 6.15294 6.85
    endloop
  endfacet
  facet normal -0.849205 -0.528063 0
    outer loop
      vertex 9.20853 6.15294 13.85
      vertex 9.59123 5.5375 6.85
      vertex 9.59123 5.5375 13.85
    endloop
  endfacet
  facet normal 0.849205 -0.528063 0
    outer loop
      vertex -9.59123 5.5375 13.85
      vertex -9.20853 6.15294 6.85
      vertex -9.20853 6.15294 13.85
    endloop
  endfacet
  facet normal 0.849205 -0.528063 0
    outer loop
      vertex -9.20853 6.15294 6.85
      vertex -9.59123 5.5375 13.85
      vertex -9.59123 5.5375 6.85
    endloop
  endfacet
  facet normal -0.849205 0.528063 0
    outer loop
      vertex 9.20853 -6.15294 6.85
      vertex 9.59123 -5.5375 13.85
      vertex 9.59123 -5.5375 6.85
    endloop
  endfacet
  facet normal -0.849205 0.528063 0
    outer loop
      vertex 9.59123 -5.5375 13.85
      vertex 9.20853 -6.15294 6.85
      vertex 9.20853 -6.15294 13.85
    endloop
  endfacet
  facet normal -0.881917 -0.471404 0
    outer loop
      vertex 9.93287 4.89835 6.85
      vertex 9.59123 5.5375 13.85
      vertex 9.59123 5.5375 6.85
    endloop
  endfacet
  facet normal -0.881917 -0.471404 0
    outer loop
      vertex 9.59123 5.5375 13.85
      vertex 9.93287 4.89835 6.85
      vertex 9.93287 4.89835 13.85
    endloop
  endfacet
  facet normal -0.683589 0.729868 0
    outer loop
      vertex 7.83121 -7.83121 6.85
      vertex 7.30225 -8.32663 13.85
      vertex 7.83121 -7.83121 13.85
    endloop
  endfacet
  facet normal -0.683589 0.729868 0
    outer loop
      vertex 7.30225 -8.32663 13.85
      vertex 7.83121 -7.83121 6.85
      vertex 7.30225 -8.32663 6.85
    endloop
  endfacet
  facet normal -0.773011 0.634393 0
    outer loop
      vertex 8.32663 -7.30225 6.85
      vertex 8.78639 -6.74203 13.85
      vertex 8.78639 -6.74203 6.85
    endloop
  endfacet
  facet normal -0.773011 0.634393 0
    outer loop
      vertex 8.78639 -6.74203 13.85
      vertex 8.32663 -7.30225 6.85
      vertex 8.32663 -7.30225 13.85
    endloop
  endfacet
  facet normal 0.9359 -0.352266 0
    outer loop
      vertex -10.4873 3.55994 13.85
      vertex -10.232 4.23822 6.85
      vertex -10.232 4.23822 13.85
    endloop
  endfacet
  facet normal 0.9359 -0.352266 0
    outer loop
      vertex -10.232 4.23822 6.85
      vertex -10.4873 3.55994 13.85
      vertex -10.4873 3.55994 6.85
    endloop
  endfacet
  facet normal 0.881917 0.471404 0
    outer loop
      vertex -9.59123 -5.5375 13.85
      vertex -9.93287 -4.89835 6.85
      vertex -9.93287 -4.89835 13.85
    endloop
  endfacet
  facet normal 0.881917 0.471404 0
    outer loop
      vertex -9.93287 -4.89835 6.85
      vertex -9.59123 -5.5375 13.85
      vertex -9.59123 -5.5375 6.85
    endloop
  endfacet
  facet normal 0.9359 0.352266 0
    outer loop
      vertex -10.232 -4.23822 13.85
      vertex -10.4873 -3.55994 6.85
      vertex -10.4873 -3.55994 13.85
    endloop
  endfacet
  facet normal 0.9359 0.352266 0
    outer loop
      vertex -10.4873 -3.55994 6.85
      vertex -10.232 -4.23822 13.85
      vertex -10.232 -4.23822 6.85
    endloop
  endfacet
  facet normal -0.032702 -0.999465 0
    outer loop
      vertex 0 11.075 6.85
      vertex 0.724339 11.0513 13.85
      vertex 0 11.075 13.85
    endloop
  endfacet
  facet normal -0.032702 -0.999465 -0
    outer loop
      vertex 0.724339 11.0513 13.85
      vertex 0 11.075 6.85
      vertex 0.724339 11.0513 6.85
    endloop
  endfacet
  facet normal 0.773011 0.634393 0
    outer loop
      vertex -8.32663 -7.30225 13.85
      vertex -8.78639 -6.74203 6.85
      vertex -8.78639 -6.74203 13.85
    endloop
  endfacet
  facet normal 0.773011 0.634393 0
    outer loop
      vertex -8.78639 -6.74203 6.85
      vertex -8.32663 -7.30225 13.85
      vertex -8.32663 -7.30225 6.85
    endloop
  endfacet
  facet normal 0.352266 -0.9359 0
    outer loop
      vertex -4.23822 10.232 6.85
      vertex -3.55994 10.4873 13.85
      vertex -4.23822 10.232 13.85
    endloop
  endfacet
  facet normal 0.352266 -0.9359 0
    outer loop
      vertex -3.55994 10.4873 13.85
      vertex -4.23822 10.232 6.85
      vertex -3.55994 10.4873 6.85
    endloop
  endfacet
  facet normal 0.352266 0.9359 -0
    outer loop
      vertex -3.55994 -10.4873 6.85
      vertex -4.23822 -10.232 13.85
      vertex -3.55994 -10.4873 13.85
    endloop
  endfacet
  facet normal 0.352266 0.9359 0
    outer loop
      vertex -4.23822 -10.232 13.85
      vertex -3.55994 -10.4873 6.85
      vertex -4.23822 -10.232 6.85
    endloop
  endfacet
  facet normal 0.729868 0.683589 0
    outer loop
      vertex -7.83121 -7.83121 13.85
      vertex -8.32663 -7.30225 6.85
      vertex -8.32663 -7.30225 13.85
    endloop
  endfacet
  facet normal 0.729868 0.683589 0
    outer loop
      vertex -8.32663 -7.30225 6.85
      vertex -7.83121 -7.83121 13.85
      vertex -7.83121 -7.83121 6.85
    endloop
  endfacet
  facet normal -0.634393 0.773011 0
    outer loop
      vertex 7.30225 -8.32663 6.85
      vertex 6.74203 -8.78639 13.85
      vertex 7.30225 -8.32663 13.85
    endloop
  endfacet
  facet normal -0.634393 0.773011 0
    outer loop
      vertex 6.74203 -8.78639 13.85
      vertex 7.30225 -8.32663 6.85
      vertex 6.74203 -8.78639 6.85
    endloop
  endfacet
  facet normal 0.162958 -0.986633 0
    outer loop
      vertex -2.16062 10.8622 6.85
      vertex -1.44558 10.9803 13.85
      vertex -2.16062 10.8622 13.85
    endloop
  endfacet
  facet normal 0.162958 -0.986633 0
    outer loop
      vertex -1.44558 10.9803 13.85
      vertex -2.16062 10.8622 6.85
      vertex -1.44558 10.9803 6.85
    endloop
  endfacet
  facet normal 0.812844 -0.582481 0
    outer loop
      vertex -9.20853 6.15294 13.85
      vertex -8.78639 6.74203 6.85
      vertex -8.78639 6.74203 13.85
    endloop
  endfacet
  facet normal 0.812844 -0.582481 0
    outer loop
      vertex -8.78639 6.74203 6.85
      vertex -9.20853 6.15294 13.85
      vertex -9.20853 6.15294 6.85
    endloop
  endfacet
  facet normal 0.986633 0.162958 0
    outer loop
      vertex -10.8622 -2.16062 13.85
      vertex -10.9803 -1.44558 6.85
      vertex -10.9803 -1.44558 13.85
    endloop
  endfacet
  facet normal 0.986633 0.162958 0
    outer loop
      vertex -10.9803 -1.44558 6.85
      vertex -10.8622 -2.16062 13.85
      vertex -10.8622 -2.16062 6.85
    endloop
  endfacet
  facet normal -0.032702 0.999465 0
    outer loop
      vertex 0.724339 -11.0513 6.85
      vertex 0 -11.075 13.85
      vertex 0.724339 -11.0513 13.85
    endloop
  endfacet
  facet normal -0.032702 0.999465 0
    outer loop
      vertex 0 -11.075 13.85
      vertex 0.724339 -11.0513 6.85
      vertex 0 -11.075 6.85
    endloop
  endfacet
  facet normal 0.032702 0.999465 -0
    outer loop
      vertex 0 -11.075 6.85
      vertex -0.724339 -11.0513 13.85
      vertex 0 -11.075 13.85
    endloop
  endfacet
  facet normal 0.032702 0.999465 0
    outer loop
      vertex -0.724339 -11.0513 13.85
      vertex 0 -11.075 6.85
      vertex -0.724339 -11.0513 6.85
    endloop
  endfacet
  facet normal -0.773011 -0.634393 0
    outer loop
      vertex 8.78639 6.74203 6.85
      vertex 8.32663 7.30225 13.85
      vertex 8.32663 7.30225 6.85
    endloop
  endfacet
  facet normal -0.773011 -0.634393 0
    outer loop
      vertex 8.32663 7.30225 13.85
      vertex 8.78639 6.74203 6.85
      vertex 8.78639 6.74203 13.85
    endloop
  endfacet
  facet normal -0.812844 0.582481 0
    outer loop
      vertex 8.78639 -6.74203 6.85
      vertex 9.20853 -6.15294 13.85
      vertex 9.20853 -6.15294 6.85
    endloop
  endfacet
  facet normal -0.812844 0.582481 0
    outer loop
      vertex 9.20853 -6.15294 13.85
      vertex 8.78639 -6.74203 6.85
      vertex 8.78639 -6.74203 13.85
    endloop
  endfacet
  facet normal 0.973868 0.227116 0
    outer loop
      vertex -10.6976 -2.86642 13.85
      vertex -10.8622 -2.16062 6.85
      vertex -10.8622 -2.16062 13.85
    endloop
  endfacet
  facet normal 0.973868 0.227116 0
    outer loop
      vertex -10.8622 -2.16062 6.85
      vertex -10.6976 -2.86642 13.85
      vertex -10.6976 -2.86642 6.85
    endloop
  endfacet
  facet normal 0.973868 -0.227116 0
    outer loop
      vertex -10.8622 2.16062 13.85
      vertex -10.6976 2.86642 6.85
      vertex -10.6976 2.86642 13.85
    endloop
  endfacet
  facet normal 0.973868 -0.227116 0
    outer loop
      vertex -10.6976 2.86642 6.85
      vertex -10.8622 2.16062 13.85
      vertex -10.8622 2.16062 6.85
    endloop
  endfacet
  facet normal 0.41274 -0.910849 0
    outer loop
      vertex -4.89835 9.93287 6.85
      vertex -4.23822 10.232 13.85
      vertex -4.89835 9.93287 13.85
    endloop
  endfacet
  facet normal 0.41274 -0.910849 0
    outer loop
      vertex -4.23822 10.232 13.85
      vertex -4.89835 9.93287 6.85
      vertex -4.23822 10.232 6.85
    endloop
  endfacet
  facet normal 0.729868 -0.683589 0
    outer loop
      vertex -8.32663 7.30225 13.85
      vertex -7.83121 7.83121 6.85
      vertex -7.83121 7.83121 13.85
    endloop
  endfacet
  facet normal 0.729868 -0.683589 0
    outer loop
      vertex -7.83121 7.83121 6.85
      vertex -8.32663 7.30225 13.85
      vertex -8.32663 7.30225 6.85
    endloop
  endfacet
  facet normal -0.99519 0.0979679 0
    outer loop
      vertex 10.9803 -1.44558 6.85
      vertex 11.0513 -0.724339 13.85
      vertex 11.0513 -0.724339 6.85
    endloop
  endfacet
  facet normal -0.99519 0.0979679 0
    outer loop
      vertex 11.0513 -0.724339 13.85
      vertex 10.9803 -1.44558 6.85
      vertex 10.9803 -1.44558 13.85
    endloop
  endfacet
  facet normal 0.634393 0.773011 -0
    outer loop
      vertex -6.74203 -8.78639 6.85
      vertex -7.30225 -8.32663 13.85
      vertex -6.74203 -8.78639 13.85
    endloop
  endfacet
  facet normal 0.634393 0.773011 0
    outer loop
      vertex -7.30225 -8.32663 13.85
      vertex -6.74203 -8.78639 6.85
      vertex -7.30225 -8.32663 6.85
    endloop
  endfacet
  facet normal 0.290187 -0.95697 0
    outer loop
      vertex -3.55994 10.4873 6.85
      vertex -2.86642 10.6976 13.85
      vertex -3.55994 10.4873 13.85
    endloop
  endfacet
  facet normal 0.290187 -0.95697 0
    outer loop
      vertex -2.86642 10.6976 13.85
      vertex -3.55994 10.4873 6.85
      vertex -2.86642 10.6976 6.85
    endloop
  endfacet
  facet normal -0.973868 0.227116 0
    outer loop
      vertex 10.6976 -2.86642 6.85
      vertex 10.8622 -2.16062 13.85
      vertex 10.8622 -2.16062 6.85
    endloop
  endfacet
  facet normal -0.973868 0.227116 0
    outer loop
      vertex 10.8622 -2.16062 13.85
      vertex 10.6976 -2.86642 6.85
      vertex 10.6976 -2.86642 13.85
    endloop
  endfacet
  facet normal 0.528063 -0.849205 0
    outer loop
      vertex -6.15294 9.20853 6.85
      vertex -5.5375 9.59123 13.85
      vertex -6.15294 9.20853 13.85
    endloop
  endfacet
  facet normal 0.528063 -0.849205 0
    outer loop
      vertex -5.5375 9.59123 13.85
      vertex -6.15294 9.20853 6.85
      vertex -5.5375 9.59123 6.85
    endloop
  endfacet
  facet normal -0.634393 -0.773011 0
    outer loop
      vertex 6.74203 8.78639 6.85
      vertex 7.30225 8.32663 13.85
      vertex 6.74203 8.78639 13.85
    endloop
  endfacet
  facet normal -0.634393 -0.773011 -0
    outer loop
      vertex 7.30225 8.32663 13.85
      vertex 6.74203 8.78639 6.85
      vertex 7.30225 8.32663 6.85
    endloop
  endfacet
  facet normal -0.729868 0.683589 0
    outer loop
      vertex 7.83121 -7.83121 6.85
      vertex 8.32663 -7.30225 13.85
      vertex 8.32663 -7.30225 6.85
    endloop
  endfacet
  facet normal -0.729868 0.683589 0
    outer loop
      vertex 8.32663 -7.30225 13.85
      vertex 7.83121 -7.83121 6.85
      vertex 7.83121 -7.83121 13.85
    endloop
  endfacet
  facet normal -0.881917 0.471404 0
    outer loop
      vertex 9.59123 -5.5375 6.85
      vertex 9.93287 -4.89835 13.85
      vertex 9.93287 -4.89835 6.85
    endloop
  endfacet
  facet normal -0.881917 0.471404 0
    outer loop
      vertex 9.93287 -4.89835 13.85
      vertex 9.59123 -5.5375 6.85
      vertex 9.59123 -5.5375 13.85
    endloop
  endfacet
  facet normal -0.582481 0.812844 0
    outer loop
      vertex 6.74203 -8.78639 6.85
      vertex 6.15294 -9.20853 13.85
      vertex 6.74203 -8.78639 13.85
    endloop
  endfacet
  facet normal -0.582481 0.812844 0
    outer loop
      vertex 6.15294 -9.20853 13.85
      vertex 6.74203 -8.78639 6.85
      vertex 6.15294 -9.20853 6.85
    endloop
  endfacet
  facet normal 0.0979679 0.99519 -0
    outer loop
      vertex -0.724339 -11.0513 6.85
      vertex -1.44558 -10.9803 13.85
      vertex -0.724339 -11.0513 13.85
    endloop
  endfacet
  facet normal 0.0979679 0.99519 0
    outer loop
      vertex -1.44558 -10.9803 13.85
      vertex -0.724339 -11.0513 6.85
      vertex -1.44558 -10.9803 6.85
    endloop
  endfacet
  facet normal -0.95697 0.290187 0
    outer loop
      vertex 10.4873 -3.55994 6.85
      vertex 10.6976 -2.86642 13.85
      vertex 10.6976 -2.86642 6.85
    endloop
  endfacet
  facet normal -0.95697 0.290187 0
    outer loop
      vertex 10.6976 -2.86642 13.85
      vertex 10.4873 -3.55994 6.85
      vertex 10.4873 -3.55994 13.85
    endloop
  endfacet
  facet normal 0.032702 -0.999465 0
    outer loop
      vertex -0.724339 11.0513 6.85
      vertex 0 11.075 13.85
      vertex -0.724339 11.0513 13.85
    endloop
  endfacet
  facet normal 0.032702 -0.999465 0
    outer loop
      vertex 0 11.075 13.85
      vertex -0.724339 11.0513 6.85
      vertex 0 11.075 6.85
    endloop
  endfacet
  facet normal -0.582481 -0.812844 0
    outer loop
      vertex 6.15294 9.20853 6.85
      vertex 6.74203 8.78639 13.85
      vertex 6.15294 9.20853 13.85
    endloop
  endfacet
  facet normal -0.582481 -0.812844 -0
    outer loop
      vertex 6.74203 8.78639 13.85
      vertex 6.15294 9.20853 6.85
      vertex 6.74203 8.78639 6.85
    endloop
  endfacet
  facet normal 0.471404 0.881917 -0
    outer loop
      vertex -4.89835 -9.93287 6.85
      vertex -5.5375 -9.59123 13.85
      vertex -4.89835 -9.93287 13.85
    endloop
  endfacet
  facet normal 0.471404 0.881917 0
    outer loop
      vertex -5.5375 -9.59123 13.85
      vertex -4.89835 -9.93287 6.85
      vertex -5.5375 -9.59123 6.85
    endloop
  endfacet
  facet normal -0.227116 0.973868 0
    outer loop
      vertex 2.86642 -10.6976 6.85
      vertex 2.16062 -10.8622 13.85
      vertex 2.86642 -10.6976 13.85
    endloop
  endfacet
  facet normal -0.227116 0.973868 0
    outer loop
      vertex 2.16062 -10.8622 13.85
      vertex 2.86642 -10.6976 6.85
      vertex 2.16062 -10.8622 6.85
    endloop
  endfacet
  facet normal 0.683589 0.729868 -0
    outer loop
      vertex -7.30225 -8.32663 6.85
      vertex -7.83121 -7.83121 13.85
      vertex -7.30225 -8.32663 13.85
    endloop
  endfacet
  facet normal 0.683589 0.729868 0
    outer loop
      vertex -7.83121 -7.83121 13.85
      vertex -7.30225 -8.32663 6.85
      vertex -7.83121 -7.83121 6.85
    endloop
  endfacet
  facet normal 0.881917 -0.471404 0
    outer loop
      vertex -9.93287 4.89835 13.85
      vertex -9.59123 5.5375 6.85
      vertex -9.59123 5.5375 13.85
    endloop
  endfacet
  facet normal 0.881917 -0.471404 0
    outer loop
      vertex -9.59123 5.5375 6.85
      vertex -9.93287 4.89835 13.85
      vertex -9.93287 4.89835 6.85
    endloop
  endfacet
  facet normal 0.99519 0.0979679 0
    outer loop
      vertex -10.9803 -1.44558 13.85
      vertex -11.0513 -0.724339 6.85
      vertex -11.0513 -0.724339 13.85
    endloop
  endfacet
  facet normal 0.99519 0.0979679 0
    outer loop
      vertex -11.0513 -0.724339 6.85
      vertex -10.9803 -1.44558 13.85
      vertex -10.9803 -1.44558 6.85
    endloop
  endfacet
  facet normal -0.290187 0.95697 0
    outer loop
      vertex 3.55994 -10.4873 6.85
      vertex 2.86642 -10.6976 13.85
      vertex 3.55994 -10.4873 13.85
    endloop
  endfacet
  facet normal -0.290187 0.95697 0
    outer loop
      vertex 2.86642 -10.6976 13.85
      vertex 3.55994 -10.4873 6.85
      vertex 2.86642 -10.6976 6.85
    endloop
  endfacet
  facet normal 0.986633 -0.162958 0
    outer loop
      vertex -10.9803 1.44558 13.85
      vertex -10.8622 2.16062 6.85
      vertex -10.8622 2.16062 13.85
    endloop
  endfacet
  facet normal 0.986633 -0.162958 0
    outer loop
      vertex -10.8622 2.16062 6.85
      vertex -10.9803 1.44558 13.85
      vertex -10.9803 1.44558 6.85
    endloop
  endfacet
  facet normal 0.290187 0.95697 -0
    outer loop
      vertex -2.86642 -10.6976 6.85
      vertex -3.55994 -10.4873 13.85
      vertex -2.86642 -10.6976 13.85
    endloop
  endfacet
  facet normal 0.290187 0.95697 0
    outer loop
      vertex -3.55994 -10.4873 13.85
      vertex -2.86642 -10.6976 6.85
      vertex -3.55994 -10.4873 6.85
    endloop
  endfacet
  facet normal 0.910849 0.41274 0
    outer loop
      vertex -9.93287 -4.89835 13.85
      vertex -10.232 -4.23822 6.85
      vertex -10.232 -4.23822 13.85
    endloop
  endfacet
  facet normal 0.910849 0.41274 0
    outer loop
      vertex -10.232 -4.23822 6.85
      vertex -9.93287 -4.89835 13.85
      vertex -9.93287 -4.89835 6.85
    endloop
  endfacet
  facet normal 0.999465 0.032702 0
    outer loop
      vertex -11.0513 -0.724339 13.85
      vertex -11.075 0 6.85
      vertex -11.075 0 13.85
    endloop
  endfacet
  facet normal 0.999465 0.032702 0
    outer loop
      vertex -11.075 0 6.85
      vertex -11.0513 -0.724339 13.85
      vertex -11.0513 -0.724339 6.85
    endloop
  endfacet
  facet normal -0.999465 0.032702 0
    outer loop
      vertex 11.0513 -0.724339 6.85
      vertex 11.075 0 13.85
      vertex 11.075 0 6.85
    endloop
  endfacet
  facet normal -0.999465 0.032702 0
    outer loop
      vertex 11.075 0 13.85
      vertex 11.0513 -0.724339 6.85
      vertex 11.0513 -0.724339 13.85
    endloop
  endfacet
  facet normal 0.528063 0.849205 -0
    outer loop
      vertex -5.5375 -9.59123 6.85
      vertex -6.15294 -9.20853 13.85
      vertex -5.5375 -9.59123 13.85
    endloop
  endfacet
  facet normal 0.528063 0.849205 0
    outer loop
      vertex -6.15294 -9.20853 13.85
      vertex -5.5375 -9.59123 6.85
      vertex -6.15294 -9.20853 6.85
    endloop
  endfacet
  facet normal 0.999465 -0.032702 0
    outer loop
      vertex -11.075 0 13.85
      vertex -11.0513 0.724339 6.85
      vertex -11.0513 0.724339 13.85
    endloop
  endfacet
  facet normal 0.999465 -0.032702 0
    outer loop
      vertex -11.0513 0.724339 6.85
      vertex -11.075 0 13.85
      vertex -11.075 0 6.85
    endloop
  endfacet
  facet normal -0.910849 0.41274 0
    outer loop
      vertex 9.93287 -4.89835 6.85
      vertex 10.232 -4.23822 13.85
      vertex 10.232 -4.23822 6.85
    endloop
  endfacet
  facet normal -0.910849 0.41274 0
    outer loop
      vertex 10.232 -4.23822 13.85
      vertex 9.93287 -4.89835 6.85
      vertex 9.93287 -4.89835 13.85
    endloop
  endfacet
  facet normal 0 0 1
    outer loop
      vertex 9 0 6.85
      vertex 11.075 0 6.85
      vertex 11.0513 0.724339 6.85
    endloop
  endfacet
  facet normal 0 0 1
    outer loop
      vertex 8.98073 0.588628 6.85
      vertex 11.0513 0.724339 6.85
      vertex 10.9803 1.44558 6.85
    endloop
  endfacet
  facet normal 0 0 1
    outer loop
      vertex 11.075 0 6.85
      vertex 9 0 6.85
      vertex 11.0513 -0.724339 6.85
    endloop
  endfacet
  facet normal 0 0 1
    outer loop
      vertex 8.923 1.17474 6.85
      vertex 10.9803 1.44558 6.85
      vertex 10.8622 2.16062 6.85
    endloop
  endfacet
  facet normal -0 0 1
    outer loop
      vertex 8.98073 -0.588628 6.85
      vertex 11.0513 -0.724339 6.85
      vertex 9 0 6.85
    endloop
  endfacet
  facet normal 0 0 1
    outer loop
      vertex 8.82707 1.75581 6.85
      vertex 10.8622 2.16062 6.85
      vertex 10.6976 2.86642 6.85
    endloop
  endfacet
  facet normal 0 0 1
    outer loop
      vertex 11.0513 -0.724339 6.85
      vertex 8.98073 -0.588628 6.85
      vertex 10.9803 -1.44558 6.85
    endloop
  endfacet
  facet normal 0 0 1
    outer loop
      vertex 8.69333 2.32937 6.85
      vertex 10.6976 2.86642 6.85
      vertex 10.4873 3.55994 6.85
    endloop
  endfacet
  facet normal -0 0 1
    outer loop
      vertex 8.923 -1.17474 6.85
      vertex 10.9803 -1.44558 6.85
      vertex 8.98073 -0.588628 6.85
    endloop
  endfacet
  facet normal 0 0 1
    outer loop
      vertex 8.52237 2.89295 6.85
      vertex 10.4873 3.55994 6.85
      vertex 10.232 4.23822 6.85
    endloop
  endfacet
  facet normal 0 0 1
    outer loop
      vertex 10.9803 -1.44558 6.85
      vertex 8.923 -1.17474 6.85
      vertex 10.8622 -2.16062 6.85
    endloop
  endfacet
  facet normal 0 0 1
    outer loop
      vertex 8.31492 3.44415 6.85
      vertex 10.232 4.23822 6.85
      vertex 9.93287 4.89835 6.85
    endloop
  endfacet
  facet normal -0 0 1
    outer loop
      vertex 8.82707 -1.75581 6.85
      vertex 10.8622 -2.16062 6.85
      vertex 8.923 -1.17474 6.85
    endloop
  endfacet
  facet normal 0 0 1
    outer loop
      vertex 8.07185 3.9806 6.85
      vertex 9.93287 4.89835 6.85
      vertex 9.59123 5.5375 6.85
    endloop
  endfacet
  facet normal 0 0 1
    outer loop
      vertex 10.8622 -2.16062 6.85
      vertex 8.82707 -1.75581 6.85
      vertex 10.6976 -2.86642 6.85
    endloop
  endfacet
  facet normal 0 0 1
    outer loop
      vertex 7.79423 4.5 6.85
      vertex 9.59123 5.5375 6.85
      vertex 9.20853 6.15294 6.85
    endloop
  endfacet
  facet normal -0 0 1
    outer loop
      vertex 8.69333 -2.32937 6.85
      vertex 10.6976 -2.86642 6.85
      vertex 8.82707 -1.75581 6.85
    endloop
  endfacet
  facet normal 0 0 1
    outer loop
      vertex 10.6976 -2.86642 6.85
      vertex 8.69333 -2.32937 6.85
      vertex 10.4873 -3.55994 6.85
    endloop
  endfacet
  facet normal 0 0 1
    outer loop
      vertex 11.0513 0.724339 6.85
      vertex 8.98073 0.588628 6.85
      vertex 9 0 6.85
    endloop
  endfacet
  facet normal 0 0 1
    outer loop
      vertex 10.9803 1.44558 6.85
      vertex 8.923 1.17474 6.85
      vertex 8.98073 0.588628 6.85
    endloop
  endfacet
  facet normal 0 0 1
    outer loop
      vertex 10.8622 2.16062 6.85
      vertex 8.82707 1.75581 6.85
      vertex 8.923 1.17474 6.85
    endloop
  endfacet
  facet normal 0 0 1
    outer loop
      vertex 7.48323 5.00013 6.85
      vertex 9.20853 6.15294 6.85
      vertex 8.78639 6.74203 6.85
    endloop
  endfacet
  facet normal 0 0 1
    outer loop
      vertex 10.6976 2.86642 6.85
      vertex 8.69333 2.32937 6.85
      vertex 8.82707 1.75581 6.85
    endloop
  endfacet
  facet normal 0 0 1
    outer loop
      vertex 10.4873 3.55994 6.85
      vertex 8.52237 2.89295 6.85
      vertex 8.69333 2.32937 6.85
    endloop
  endfacet
  facet normal 0 0 1
    outer loop
      vertex 7.14018 5.47885 6.85
      vertex 8.78639 6.74203 6.85
      vertex 8.32663 7.30225 6.85
    endloop
  endfacet
  facet normal 0 0 1
    outer loop
      vertex 10.232 4.23822 6.85
      vertex 8.31492 3.44415 6.85
      vertex 8.52237 2.89295 6.85
    endloop
  endfacet
  facet normal 0 0 1
    outer loop
      vertex 9.93287 4.89835 6.85
      vertex 8.07185 3.9806 6.85
      vertex 8.31492 3.44415 6.85
    endloop
  endfacet
  facet normal 0 0 1
    outer loop
      vertex 6.76656 5.93411 6.85
      vertex 8.32663 7.30225 6.85
      vertex 7.83121 7.83121 6.85
    endloop
  endfacet
  facet normal 0 0 1
    outer loop
      vertex 9.59123 5.5375 6.85
      vertex 7.79423 4.5 6.85
      vertex 8.07185 3.9806 6.85
    endloop
  endfacet
  facet normal 0 0 1
    outer loop
      vertex 9.20853 6.15294 6.85
      vertex 7.48323 5.00013 6.85
      vertex 7.79423 4.5 6.85
    endloop
  endfacet
  facet normal 0 0 1
    outer loop
      vertex 6.36396 6.36396 6.85
      vertex 7.83121 7.83121 6.85
      vertex 7.30225 8.32663 6.85
    endloop
  endfacet
  facet normal 0 0 1
    outer loop
      vertex 8.78639 6.74203 6.85
      vertex 7.14018 5.47885 6.85
      vertex 7.48323 5.00013 6.85
    endloop
  endfacet
  facet normal 0 0 1
    outer loop
      vertex 8.32663 7.30225 6.85
      vertex 6.76656 5.93411 6.85
      vertex 7.14018 5.47885 6.85
    endloop
  endfacet
  facet normal 0 0 1
    outer loop
      vertex 5.93411 6.76656 6.85
      vertex 7.30225 8.32663 6.85
      vertex 6.74203 8.78639 6.85
    endloop
  endfacet
  facet normal 0 0 1
    outer loop
      vertex 7.83121 7.83121 6.85
      vertex 6.36396 6.36396 6.85
      vertex 6.76656 5.93411 6.85
    endloop
  endfacet
  facet normal 0 0 1
    outer loop
      vertex 5.47885 7.14018 6.85
      vertex 6.74203 8.78639 6.85
      vertex 6.15294 9.20853 6.85
    endloop
  endfacet
  facet normal 0 0 1
    outer loop
      vertex 7.30225 8.32663 6.85
      vertex 5.93411 6.76656 6.85
      vertex 6.36396 6.36396 6.85
    endloop
  endfacet
  facet normal 0 0 1
    outer loop
      vertex 5.00013 7.48323 6.85
      vertex 6.15294 9.20853 6.85
      vertex 5.5375 9.59123 6.85
    endloop
  endfacet
  facet normal 0 0 1
    outer loop
      vertex 6.74203 8.78639 6.85
      vertex 5.47885 7.14018 6.85
      vertex 5.93411 6.76656 6.85
    endloop
  endfacet
  facet normal 0 0 1
    outer loop
      vertex 6.15294 9.20853 6.85
      vertex 5.00013 7.48323 6.85
      vertex 5.47885 7.14018 6.85
    endloop
  endfacet
  facet normal 0 0 1
    outer loop
      vertex 4.5 7.79423 6.85
      vertex 5.5375 9.59123 6.85
      vertex 4.89835 9.93287 6.85
    endloop
  endfacet
  facet normal 0 0 1
    outer loop
      vertex 5.5375 9.59123 6.85
      vertex 4.5 7.79423 6.85
      vertex 5.00013 7.48323 6.85
    endloop
  endfacet
  facet normal 0 0 1
    outer loop
      vertex 3.9806 8.07185 6.85
      vertex 4.89835 9.93287 6.85
      vertex 4.23822 10.232 6.85
    endloop
  endfacet
  facet normal 0 0 1
    outer loop
      vertex 4.89835 9.93287 6.85
      vertex 3.9806 8.07185 6.85
      vertex 4.5 7.79423 6.85
    endloop
  endfacet
  facet normal 0 0 1
    outer loop
      vertex 3.44415 8.31492 6.85
      vertex 4.23822 10.232 6.85
      vertex 3.55994 10.4873 6.85
    endloop
  endfacet
  facet normal 0 0 1
    outer loop
      vertex 4.23822 10.232 6.85
      vertex 3.44415 8.31492 6.85
      vertex 3.9806 8.07185 6.85
    endloop
  endfacet
  facet normal 0 0 1
    outer loop
      vertex 3.55994 10.4873 6.85
      vertex 2.89295 8.52237 6.85
      vertex 3.44415 8.31492 6.85
    endloop
  endfacet
  facet normal 0 0 1
    outer loop
      vertex 2.86642 10.6976 6.85
      vertex 2.89295 8.52237 6.85
      vertex 3.55994 10.4873 6.85
    endloop
  endfacet
  facet normal 0 0 1
    outer loop
      vertex 2.86642 10.6976 6.85
      vertex 2.32937 8.69333 6.85
      vertex 2.89295 8.52237 6.85
    endloop
  endfacet
  facet normal 0 0 1
    outer loop
      vertex 2.16062 10.8622 6.85
      vertex 2.32937 8.69333 6.85
      vertex 2.86642 10.6976 6.85
    endloop
  endfacet
  facet normal 0 0 1
    outer loop
      vertex 2.16062 10.8622 6.85
      vertex 1.75581 8.82707 6.85
      vertex 2.32937 8.69333 6.85
    endloop
  endfacet
  facet normal 0 0 1
    outer loop
      vertex 1.44558 10.9803 6.85
      vertex 1.75581 8.82707 6.85
      vertex 2.16062 10.8622 6.85
    endloop
  endfacet
  facet normal 0 0 1
    outer loop
      vertex 1.44558 10.9803 6.85
      vertex 1.17474 8.923 6.85
      vertex 1.75581 8.82707 6.85
    endloop
  endfacet
  facet normal 0 0 1
    outer loop
      vertex 0.724339 11.0513 6.85
      vertex 1.17474 8.923 6.85
      vertex 1.44558 10.9803 6.85
    endloop
  endfacet
  facet normal 0 0 1
    outer loop
      vertex 0.724339 11.0513 6.85
      vertex 0.588628 8.98073 6.85
      vertex 1.17474 8.923 6.85
    endloop
  endfacet
  facet normal 0 0 1
    outer loop
      vertex 0 11.075 6.85
      vertex 0.588628 8.98073 6.85
      vertex 0.724339 11.0513 6.85
    endloop
  endfacet
  facet normal 0 0 1
    outer loop
      vertex 0 11.075 6.85
      vertex 0 9 6.85
      vertex 0.588628 8.98073 6.85
    endloop
  endfacet
  facet normal 0 0 1
    outer loop
      vertex 0 11.075 6.85
      vertex -0.588628 8.98073 6.85
      vertex 0 9 6.85
    endloop
  endfacet
  facet normal -0 0 1
    outer loop
      vertex -0.724339 11.0513 6.85
      vertex -0.588628 8.98073 6.85
      vertex 0 11.075 6.85
    endloop
  endfacet
  facet normal 0 0 1
    outer loop
      vertex -0.724339 11.0513 6.85
      vertex -1.17474 8.923 6.85
      vertex -0.588628 8.98073 6.85
    endloop
  endfacet
  facet normal -0 0 1
    outer loop
      vertex -1.44558 10.9803 6.85
      vertex -1.17474 8.923 6.85
      vertex -0.724339 11.0513 6.85
    endloop
  endfacet
  facet normal 0 0 1
    outer loop
      vertex -1.44558 10.9803 6.85
      vertex -1.75581 8.82707 6.85
      vertex -1.17474 8.923 6.85
    endloop
  endfacet
  facet normal -0 0 1
    outer loop
      vertex -2.16062 10.8622 6.85
      vertex -1.75581 8.82707 6.85
      vertex -1.44558 10.9803 6.85
    endloop
  endfacet
  facet normal 0 0 1
    outer loop
      vertex -2.16062 10.8622 6.85
      vertex -2.32937 8.69333 6.85
      vertex -1.75581 8.82707 6.85
    endloop
  endfacet
  facet normal -0 0 1
    outer loop
      vertex -2.86642 10.6976 6.85
      vertex -2.32937 8.69333 6.85
      vertex -2.16062 10.8622 6.85
    endloop
  endfacet
  facet normal 0 0 1
    outer loop
      vertex -2.86642 10.6976 6.85
      vertex -2.89295 8.52237 6.85
      vertex -2.32937 8.69333 6.85
    endloop
  endfacet
  facet normal -0 0 1
    outer loop
      vertex -3.55994 10.4873 6.85
      vertex -2.89295 8.52237 6.85
      vertex -2.86642 10.6976 6.85
    endloop
  endfacet
  facet normal 0 0 1
    outer loop
      vertex -2.89295 8.52237 6.85
      vertex -3.55994 10.4873 6.85
      vertex -3.44415 8.31492 6.85
    endloop
  endfacet
  facet normal -0 0 1
    outer loop
      vertex -4.23822 10.232 6.85
      vertex -3.44415 8.31492 6.85
      vertex -3.55994 10.4873 6.85
    endloop
  endfacet
  facet normal 0 0 1
    outer loop
      vertex -3.44415 8.31492 6.85
      vertex -4.23822 10.232 6.85
      vertex -3.9806 8.07185 6.85
    endloop
  endfacet
  facet normal -0 0 1
    outer loop
      vertex -4.89835 9.93287 6.85
      vertex -3.9806 8.07185 6.85
      vertex -4.23822 10.232 6.85
    endloop
  endfacet
  facet normal 0 0 1
    outer loop
      vertex -3.9806 8.07185 6.85
      vertex -4.89835 9.93287 6.85
      vertex -4.5 7.79423 6.85
    endloop
  endfacet
  facet normal -0 0 1
    outer loop
      vertex -5.5375 9.59123 6.85
      vertex -4.5 7.79423 6.85
      vertex -4.89835 9.93287 6.85
    endloop
  endfacet
  facet normal 0 0 1
    outer loop
      vertex -4.5 7.79423 6.85
      vertex -5.5375 9.59123 6.85
      vertex -5.00013 7.48323 6.85
    endloop
  endfacet
  facet normal -0 0 1
    outer loop
      vertex -6.15294 9.20853 6.85
      vertex -5.00013 7.48323 6.85
      vertex -5.5375 9.59123 6.85
    endloop
  endfacet
  facet normal 0 0 1
    outer loop
      vertex -5.00013 7.48323 6.85
      vertex -6.15294 9.20853 6.85
      vertex -5.47885 7.14018 6.85
    endloop
  endfacet
  facet normal -0 0 1
    outer loop
      vertex -6.74203 8.78639 6.85
      vertex -5.47885 7.14018 6.85
      vertex -6.15294 9.20853 6.85
    endloop
  endfacet
  facet normal 0 0 1
    outer loop
      vertex -5.47885 7.14018 6.85
      vertex -6.74203 8.78639 6.85
      vertex -5.93411 6.76656 6.85
    endloop
  endfacet
  facet normal -0 0 1
    outer loop
      vertex -7.30225 8.32663 6.85
      vertex -5.93411 6.76656 6.85
      vertex -6.74203 8.78639 6.85
    endloop
  endfacet
  facet normal 0 0 1
    outer loop
      vertex -5.93411 6.76656 6.85
      vertex -7.30225 8.32663 6.85
      vertex -6.36396 6.36396 6.85
    endloop
  endfacet
  facet normal -0 0 1
    outer loop
      vertex -7.83121 7.83121 6.85
      vertex -6.36396 6.36396 6.85
      vertex -7.30225 8.32663 6.85
    endloop
  endfacet
  facet normal 0 0 1
    outer loop
      vertex -6.36396 6.36396 6.85
      vertex -7.83121 7.83121 6.85
      vertex -6.76656 5.93411 6.85
    endloop
  endfacet
  facet normal -0 0 1
    outer loop
      vertex -8.32663 7.30225 6.85
      vertex -6.76656 5.93411 6.85
      vertex -7.83121 7.83121 6.85
    endloop
  endfacet
  facet normal 0 0 1
    outer loop
      vertex -6.76656 5.93411 6.85
      vertex -8.32663 7.30225 6.85
      vertex -7.14018 5.47885 6.85
    endloop
  endfacet
  facet normal -0 0 1
    outer loop
      vertex -8.78639 6.74203 6.85
      vertex -7.14018 5.47885 6.85
      vertex -8.32663 7.30225 6.85
    endloop
  endfacet
  facet normal 0 0 1
    outer loop
      vertex -7.14018 5.47885 6.85
      vertex -8.78639 6.74203 6.85
      vertex -7.48323 5.00013 6.85
    endloop
  endfacet
  facet normal -0 0 1
    outer loop
      vertex -9.20853 6.15294 6.85
      vertex -7.48323 5.00013 6.85
      vertex -8.78639 6.74203 6.85
    endloop
  endfacet
  facet normal 0 0 1
    outer loop
      vertex -7.48323 5.00013 6.85
      vertex -9.20853 6.15294 6.85
      vertex -7.79423 4.5 6.85
    endloop
  endfacet
  facet normal -0 0 1
    outer loop
      vertex -9.59123 5.5375 6.85
      vertex -7.79423 4.5 6.85
      vertex -9.20853 6.15294 6.85
    endloop
  endfacet
  facet normal 0 0 1
    outer loop
      vertex -7.79423 4.5 6.85
      vertex -9.59123 5.5375 6.85
      vertex -8.07185 3.9806 6.85
    endloop
  endfacet
  facet normal -0 0 1
    outer loop
      vertex -9.93287 4.89835 6.85
      vertex -8.07185 3.9806 6.85
      vertex -9.59123 5.5375 6.85
    endloop
  endfacet
  facet normal 0 0 1
    outer loop
      vertex -8.07185 3.9806 6.85
      vertex -9.93287 4.89835 6.85
      vertex -8.31492 3.44415 6.85
    endloop
  endfacet
  facet normal -0 0 1
    outer loop
      vertex -10.232 4.23822 6.85
      vertex -8.31492 3.44415 6.85
      vertex -9.93287 4.89835 6.85
    endloop
  endfacet
  facet normal 0 0 1
    outer loop
      vertex -8.31492 3.44415 6.85
      vertex -10.232 4.23822 6.85
      vertex -8.52237 2.89295 6.85
    endloop
  endfacet
  facet normal -0 0 1
    outer loop
      vertex -10.4873 3.55994 6.85
      vertex -8.52237 2.89295 6.85
      vertex -10.232 4.23822 6.85
    endloop
  endfacet
  facet normal 0 0 1
    outer loop
      vertex -8.52237 2.89295 6.85
      vertex -10.4873 3.55994 6.85
      vertex -8.69333 2.32937 6.85
    endloop
  endfacet
  facet normal -0 0 1
    outer loop
      vertex 8.52237 -2.89295 6.85
      vertex 10.4873 -3.55994 6.85
      vertex 8.69333 -2.32937 6.85
    endloop
  endfacet
  facet normal 0 0 1
    outer loop
      vertex 10.4873 -3.55994 6.85
      vertex 8.52237 -2.89295 6.85
      vertex 10.232 -4.23822 6.85
    endloop
  endfacet
  facet normal -0 0 1
    outer loop
      vertex 8.31492 -3.44415 6.85
      vertex 10.232 -4.23822 6.85
      vertex 8.52237 -2.89295 6.85
    endloop
  endfacet
  facet normal 0 0 1
    outer loop
      vertex 10.232 -4.23822 6.85
      vertex 8.31492 -3.44415 6.85
      vertex 9.93287 -4.89835 6.85
    endloop
  endfacet
  facet normal -0 0 1
    outer loop
      vertex 8.07185 -3.9806 6.85
      vertex 9.93287 -4.89835 6.85
      vertex 8.31492 -3.44415 6.85
    endloop
  endfacet
  facet normal 0 0 1
    outer loop
      vertex 9.93287 -4.89835 6.85
      vertex 8.07185 -3.9806 6.85
      vertex 9.59123 -5.5375 6.85
    endloop
  endfacet
  facet normal -0 0 1
    outer loop
      vertex 7.79423 -4.5 6.85
      vertex 9.59123 -5.5375 6.85
      vertex 8.07185 -3.9806 6.85
    endloop
  endfacet
  facet normal 0 0 1
    outer loop
      vertex 9.59123 -5.5375 6.85
      vertex 7.79423 -4.5 6.85
      vertex 9.20853 -6.15294 6.85
    endloop
  endfacet
  facet normal -0 0 1
    outer loop
      vertex 7.48323 -5.00013 6.85
      vertex 9.20853 -6.15294 6.85
      vertex 7.79423 -4.5 6.85
    endloop
  endfacet
  facet normal 0 0 1
    outer loop
      vertex 9.20853 -6.15294 6.85
      vertex 7.48323 -5.00013 6.85
      vertex 8.78639 -6.74203 6.85
    endloop
  endfacet
  facet normal -0 0 1
    outer loop
      vertex 7.14018 -5.47885 6.85
      vertex 8.78639 -6.74203 6.85
      vertex 7.48323 -5.00013 6.85
    endloop
  endfacet
  facet normal 0 0 1
    outer loop
      vertex 8.78639 -6.74203 6.85
      vertex 7.14018 -5.47885 6.85
      vertex 8.32663 -7.30225 6.85
    endloop
  endfacet
  facet normal -0 0 1
    outer loop
      vertex 6.76656 -5.93411 6.85
      vertex 8.32663 -7.30225 6.85
      vertex 7.14018 -5.47885 6.85
    endloop
  endfacet
  facet normal 0 0 1
    outer loop
      vertex 8.32663 -7.30225 6.85
      vertex 6.76656 -5.93411 6.85
      vertex 7.83121 -7.83121 6.85
    endloop
  endfacet
  facet normal -0 0 1
    outer loop
      vertex 6.36396 -6.36396 6.85
      vertex 7.83121 -7.83121 6.85
      vertex 6.76656 -5.93411 6.85
    endloop
  endfacet
  facet normal 0 0 1
    outer loop
      vertex 7.83121 -7.83121 6.85
      vertex 6.36396 -6.36396 6.85
      vertex 7.30225 -8.32663 6.85
    endloop
  endfacet
  facet normal -0 0 1
    outer loop
      vertex 5.93411 -6.76656 6.85
      vertex 7.30225 -8.32663 6.85
      vertex 6.36396 -6.36396 6.85
    endloop
  endfacet
  facet normal 0 0 1
    outer loop
      vertex 7.30225 -8.32663 6.85
      vertex 5.93411 -6.76656 6.85
      vertex 6.74203 -8.78639 6.85
    endloop
  endfacet
  facet normal -0 0 1
    outer loop
      vertex 5.47885 -7.14018 6.85
      vertex 6.74203 -8.78639 6.85
      vertex 5.93411 -6.76656 6.85
    endloop
  endfacet
  facet normal 0 0 1
    outer loop
      vertex 6.74203 -8.78639 6.85
      vertex 5.47885 -7.14018 6.85
      vertex 6.15294 -9.20853 6.85
    endloop
  endfacet
  facet normal -0 0 1
    outer loop
      vertex 5.00013 -7.48323 6.85
      vertex 6.15294 -9.20853 6.85
      vertex 5.47885 -7.14018 6.85
    endloop
  endfacet
  facet normal 0 0 1
    outer loop
      vertex 6.15294 -9.20853 6.85
      vertex 5.00013 -7.48323 6.85
      vertex 5.5375 -9.59123 6.85
    endloop
  endfacet
  facet normal -0 0 1
    outer loop
      vertex 4.5 -7.79423 6.85
      vertex 5.5375 -9.59123 6.85
      vertex 5.00013 -7.48323 6.85
    endloop
  endfacet
  facet normal 0 0 1
    outer loop
      vertex 5.5375 -9.59123 6.85
      vertex 4.5 -7.79423 6.85
      vertex 4.89835 -9.93287 6.85
    endloop
  endfacet
  facet normal -0 0 1
    outer loop
      vertex 3.9806 -8.07185 6.85
      vertex 4.89835 -9.93287 6.85
      vertex 4.5 -7.79423 6.85
    endloop
  endfacet
  facet normal 0 0 1
    outer loop
      vertex 4.89835 -9.93287 6.85
      vertex 3.9806 -8.07185 6.85
      vertex 4.23822 -10.232 6.85
    endloop
  endfacet
  facet normal -0 0 1
    outer loop
      vertex 3.44415 -8.31492 6.85
      vertex 4.23822 -10.232 6.85
      vertex 3.9806 -8.07185 6.85
    endloop
  endfacet
  facet normal 0 0 1
    outer loop
      vertex 4.23822 -10.232 6.85
      vertex 3.44415 -8.31492 6.85
      vertex 3.55994 -10.4873 6.85
    endloop
  endfacet
  facet normal -0 0 1
    outer loop
      vertex 2.89295 -8.52237 6.85
      vertex 3.55994 -10.4873 6.85
      vertex 3.44415 -8.31492 6.85
    endloop
  endfacet
  facet normal 0 0 1
    outer loop
      vertex 2.89295 -8.52237 6.85
      vertex 2.86642 -10.6976 6.85
      vertex 3.55994 -10.4873 6.85
    endloop
  endfacet
  facet normal -0 0 1
    outer loop
      vertex 2.32937 -8.69333 6.85
      vertex 2.86642 -10.6976 6.85
      vertex 2.89295 -8.52237 6.85
    endloop
  endfacet
  facet normal 0 0 1
    outer loop
      vertex 2.32937 -8.69333 6.85
      vertex 2.16062 -10.8622 6.85
      vertex 2.86642 -10.6976 6.85
    endloop
  endfacet
  facet normal -0 0 1
    outer loop
      vertex 1.75581 -8.82707 6.85
      vertex 2.16062 -10.8622 6.85
      vertex 2.32937 -8.69333 6.85
    endloop
  endfacet
  facet normal 0 0 1
    outer loop
      vertex 1.75581 -8.82707 6.85
      vertex 1.44558 -10.9803 6.85
      vertex 2.16062 -10.8622 6.85
    endloop
  endfacet
  facet normal -0 0 1
    outer loop
      vertex 1.17474 -8.923 6.85
      vertex 1.44558 -10.9803 6.85
      vertex 1.75581 -8.82707 6.85
    endloop
  endfacet
  facet normal 0 0 1
    outer loop
      vertex 1.17474 -8.923 6.85
      vertex 0.724339 -11.0513 6.85
      vertex 1.44558 -10.9803 6.85
    endloop
  endfacet
  facet normal -0 0 1
    outer loop
      vertex 0.588628 -8.98073 6.85
      vertex 0.724339 -11.0513 6.85
      vertex 1.17474 -8.923 6.85
    endloop
  endfacet
  facet normal -0 0 1
    outer loop
      vertex 0 -9 6.85
      vertex 0.724339 -11.0513 6.85
      vertex 0.588628 -8.98073 6.85
    endloop
  endfacet
  facet normal 0 0 1
    outer loop
      vertex 0 -9 6.85
      vertex 0 -11.075 6.85
      vertex 0.724339 -11.0513 6.85
    endloop
  endfacet
  facet normal 0 0 1
    outer loop
      vertex -0.588628 -8.98073 6.85
      vertex 0 -11.075 6.85
      vertex 0 -9 6.85
    endloop
  endfacet
  facet normal 0 0 1
    outer loop
      vertex -0.588628 -8.98073 6.85
      vertex -0.724339 -11.0513 6.85
      vertex 0 -11.075 6.85
    endloop
  endfacet
  facet normal 0 0 1
    outer loop
      vertex -1.17474 -8.923 6.85
      vertex -0.724339 -11.0513 6.85
      vertex -0.588628 -8.98073 6.85
    endloop
  endfacet
  facet normal 0 0 1
    outer loop
      vertex -1.17474 -8.923 6.85
      vertex -1.44558 -10.9803 6.85
      vertex -0.724339 -11.0513 6.85
    endloop
  endfacet
  facet normal 0 0 1
    outer loop
      vertex -1.75581 -8.82707 6.85
      vertex -1.44558 -10.9803 6.85
      vertex -1.17474 -8.923 6.85
    endloop
  endfacet
  facet normal 0 0 1
    outer loop
      vertex -1.75581 -8.82707 6.85
      vertex -2.16062 -10.8622 6.85
      vertex -1.44558 -10.9803 6.85
    endloop
  endfacet
  facet normal 0 0 1
    outer loop
      vertex -2.32937 -8.69333 6.85
      vertex -2.16062 -10.8622 6.85
      vertex -1.75581 -8.82707 6.85
    endloop
  endfacet
  facet normal 0 0 1
    outer loop
      vertex -2.32937 -8.69333 6.85
      vertex -2.86642 -10.6976 6.85
      vertex -2.16062 -10.8622 6.85
    endloop
  endfacet
  facet normal 0 0 1
    outer loop
      vertex -2.89295 -8.52237 6.85
      vertex -2.86642 -10.6976 6.85
      vertex -2.32937 -8.69333 6.85
    endloop
  endfacet
  facet normal 0 0 1
    outer loop
      vertex -3.55994 -10.4873 6.85
      vertex -2.89295 -8.52237 6.85
      vertex -3.44415 -8.31492 6.85
    endloop
  endfacet
  facet normal 0 0 1
    outer loop
      vertex -2.89295 -8.52237 6.85
      vertex -3.55994 -10.4873 6.85
      vertex -2.86642 -10.6976 6.85
    endloop
  endfacet
  facet normal 0 0 1
    outer loop
      vertex -4.23822 -10.232 6.85
      vertex -3.44415 -8.31492 6.85
      vertex -3.9806 -8.07185 6.85
    endloop
  endfacet
  facet normal 0 0 1
    outer loop
      vertex -3.44415 -8.31492 6.85
      vertex -4.23822 -10.232 6.85
      vertex -3.55994 -10.4873 6.85
    endloop
  endfacet
  facet normal 0 0 1
    outer loop
      vertex -4.89835 -9.93287 6.85
      vertex -3.9806 -8.07185 6.85
      vertex -4.5 -7.79423 6.85
    endloop
  endfacet
  facet normal 0 0 1
    outer loop
      vertex -3.9806 -8.07185 6.85
      vertex -4.89835 -9.93287 6.85
      vertex -4.23822 -10.232 6.85
    endloop
  endfacet
  facet normal 0 0 1
    outer loop
      vertex -5.5375 -9.59123 6.85
      vertex -4.5 -7.79423 6.85
      vertex -5.00013 -7.48323 6.85
    endloop
  endfacet
  facet normal 0 0 1
    outer loop
      vertex -6.15294 -9.20853 6.85
      vertex -5.00013 -7.48323 6.85
      vertex -5.47885 -7.14018 6.85
    endloop
  endfacet
  facet normal 0 0 1
    outer loop
      vertex -4.5 -7.79423 6.85
      vertex -5.5375 -9.59123 6.85
      vertex -4.89835 -9.93287 6.85
    endloop
  endfacet
  facet normal 0 0 1
    outer loop
      vertex -6.74203 -8.78639 6.85
      vertex -5.47885 -7.14018 6.85
      vertex -5.93411 -6.76656 6.85
    endloop
  endfacet
  facet normal 0 0 1
    outer loop
      vertex -5.00013 -7.48323 6.85
      vertex -6.15294 -9.20853 6.85
      vertex -5.5375 -9.59123 6.85
    endloop
  endfacet
  facet normal 0 0 1
    outer loop
      vertex -7.30225 -8.32663 6.85
      vertex -5.93411 -6.76656 6.85
      vertex -6.36396 -6.36396 6.85
    endloop
  endfacet
  facet normal 0 0 1
    outer loop
      vertex -5.47885 -7.14018 6.85
      vertex -6.74203 -8.78639 6.85
      vertex -6.15294 -9.20853 6.85
    endloop
  endfacet
  facet normal 0 0 1
    outer loop
      vertex -7.83121 -7.83121 6.85
      vertex -6.36396 -6.36396 6.85
      vertex -6.76656 -5.93411 6.85
    endloop
  endfacet
  facet normal 0 0 1
    outer loop
      vertex -8.32663 -7.30225 6.85
      vertex -6.76656 -5.93411 6.85
      vertex -7.14018 -5.47885 6.85
    endloop
  endfacet
  facet normal 0 0 1
    outer loop
      vertex -5.93411 -6.76656 6.85
      vertex -7.30225 -8.32663 6.85
      vertex -6.74203 -8.78639 6.85
    endloop
  endfacet
  facet normal 0 0 1
    outer loop
      vertex -8.78639 -6.74203 6.85
      vertex -7.14018 -5.47885 6.85
      vertex -7.48323 -5.00013 6.85
    endloop
  endfacet
  facet normal 0 0 1
    outer loop
      vertex -9.20853 -6.15294 6.85
      vertex -7.48323 -5.00013 6.85
      vertex -7.79423 -4.5 6.85
    endloop
  endfacet
  facet normal 0 0 1
    outer loop
      vertex -6.36396 -6.36396 6.85
      vertex -7.83121 -7.83121 6.85
      vertex -7.30225 -8.32663 6.85
    endloop
  endfacet
  facet normal 0 0 1
    outer loop
      vertex -9.59123 -5.5375 6.85
      vertex -7.79423 -4.5 6.85
      vertex -8.07185 -3.9806 6.85
    endloop
  endfacet
  facet normal 0 0 1
    outer loop
      vertex -9.93287 -4.89835 6.85
      vertex -8.07185 -3.9806 6.85
      vertex -8.31492 -3.44415 6.85
    endloop
  endfacet
  facet normal 0 0 1
    outer loop
      vertex -6.76656 -5.93411 6.85
      vertex -8.32663 -7.30225 6.85
      vertex -7.83121 -7.83121 6.85
    endloop
  endfacet
  facet normal 0 0 1
    outer loop
      vertex -10.232 -4.23822 6.85
      vertex -8.31492 -3.44415 6.85
      vertex -8.52237 -2.89295 6.85
    endloop
  endfacet
  facet normal 0 0 1
    outer loop
      vertex -10.4873 -3.55994 6.85
      vertex -8.52237 -2.89295 6.85
      vertex -8.69333 -2.32937 6.85
    endloop
  endfacet
  facet normal 0 0 1
    outer loop
      vertex -7.14018 -5.47885 6.85
      vertex -8.78639 -6.74203 6.85
      vertex -8.32663 -7.30225 6.85
    endloop
  endfacet
  facet normal 0 0 1
    outer loop
      vertex -10.6976 -2.86642 6.85
      vertex -8.69333 -2.32937 6.85
      vertex -8.82707 -1.75581 6.85
    endloop
  endfacet
  facet normal 0 0 1
    outer loop
      vertex -10.8622 -2.16062 6.85
      vertex -8.82707 -1.75581 6.85
      vertex -8.923 -1.17474 6.85
    endloop
  endfacet
  facet normal 0 0 1
    outer loop
      vertex -10.9803 -1.44558 6.85
      vertex -8.923 -1.17474 6.85
      vertex -8.98073 -0.588628 6.85
    endloop
  endfacet
  facet normal 0 0 1
    outer loop
      vertex -11.0513 -0.724339 6.85
      vertex -8.98073 -0.588628 6.85
      vertex -9 0 6.85
    endloop
  endfacet
  facet normal -0 0 1
    outer loop
      vertex -10.6976 2.86642 6.85
      vertex -8.69333 2.32937 6.85
      vertex -10.4873 3.55994 6.85
    endloop
  endfacet
  facet normal 0 0 1
    outer loop
      vertex -7.48323 -5.00013 6.85
      vertex -9.20853 -6.15294 6.85
      vertex -8.78639 -6.74203 6.85
    endloop
  endfacet
  facet normal 0 0 1
    outer loop
      vertex -8.69333 2.32937 6.85
      vertex -10.6976 2.86642 6.85
      vertex -8.82707 1.75581 6.85
    endloop
  endfacet
  facet normal 0 0 1
    outer loop
      vertex -7.79423 -4.5 6.85
      vertex -9.59123 -5.5375 6.85
      vertex -9.20853 -6.15294 6.85
    endloop
  endfacet
  facet normal -0 0 1
    outer loop
      vertex -10.8622 2.16062 6.85
      vertex -8.82707 1.75581 6.85
      vertex -10.6976 2.86642 6.85
    endloop
  endfacet
  facet normal 0 0 1
    outer loop
      vertex -8.07185 -3.9806 6.85
      vertex -9.93287 -4.89835 6.85
      vertex -9.59123 -5.5375 6.85
    endloop
  endfacet
  facet normal 0 0 1
    outer loop
      vertex -8.82707 1.75581 6.85
      vertex -10.8622 2.16062 6.85
      vertex -8.923 1.17474 6.85
    endloop
  endfacet
  facet normal 0 0 1
    outer loop
      vertex -8.31492 -3.44415 6.85
      vertex -10.232 -4.23822 6.85
      vertex -9.93287 -4.89835 6.85
    endloop
  endfacet
  facet normal -0 0 1
    outer loop
      vertex -10.9803 1.44558 6.85
      vertex -8.923 1.17474 6.85
      vertex -10.8622 2.16062 6.85
    endloop
  endfacet
  facet normal 0 0 1
    outer loop
      vertex -8.52237 -2.89295 6.85
      vertex -10.4873 -3.55994 6.85
      vertex -10.232 -4.23822 6.85
    endloop
  endfacet
  facet normal 0 0 1
    outer loop
      vertex -8.923 1.17474 6.85
      vertex -10.9803 1.44558 6.85
      vertex -8.98073 0.588628 6.85
    endloop
  endfacet
  facet normal 0 0 1
    outer loop
      vertex -8.69333 -2.32937 6.85
      vertex -10.6976 -2.86642 6.85
      vertex -10.4873 -3.55994 6.85
    endloop
  endfacet
  facet normal -0 0 1
    outer loop
      vertex -11.0513 0.724339 6.85
      vertex -8.98073 0.588628 6.85
      vertex -10.9803 1.44558 6.85
    endloop
  endfacet
  facet normal 0 0 1
    outer loop
      vertex -8.82707 -1.75581 6.85
      vertex -10.8622 -2.16062 6.85
      vertex -10.6976 -2.86642 6.85
    endloop
  endfacet
  facet normal 0 0 1
    outer loop
      vertex -8.98073 0.588628 6.85
      vertex -11.0513 0.724339 6.85
      vertex -9 0 6.85
    endloop
  endfacet
  facet normal 0 0 1
    outer loop
      vertex -8.923 -1.17474 6.85
      vertex -10.9803 -1.44558 6.85
      vertex -10.8622 -2.16062 6.85
    endloop
  endfacet
  facet normal 0 0 1
    outer loop
      vertex -11.075 0 6.85
      vertex -9 0 6.85
      vertex -11.0513 0.724339 6.85
    endloop
  endfacet
  facet normal 0 0 1
    outer loop
      vertex -8.98073 -0.588628 6.85
      vertex -11.0513 -0.724339 6.85
      vertex -10.9803 -1.44558 6.85
    endloop
  endfacet
  facet normal 0 0 1
    outer loop
      vertex -9 0 6.85
      vertex -11.075 0 6.85
      vertex -11.0513 -0.724339 6.85
    endloop
  endfacet
  facet normal 0.41274 0.910849 -0
    outer loop
      vertex -4.23822 -10.232 6.85
      vertex -4.89835 -9.93287 13.85
      vertex -4.23822 -10.232 13.85
    endloop
  endfacet
  facet normal 0.41274 0.910849 0
    outer loop
      vertex -4.89835 -9.93287 13.85
      vertex -4.23822 -10.232 6.85
      vertex -4.89835 -9.93287 6.85
    endloop
  endfacet
  facet normal 0.582481 0.812844 -0
    outer loop
      vertex -6.15294 -9.20853 6.85
      vertex -6.74203 -8.78639 13.85
      vertex -6.15294 -9.20853 13.85
    endloop
  endfacet
  facet normal 0.582481 0.812844 0
    outer loop
      vertex -6.74203 -8.78639 13.85
      vertex -6.15294 -9.20853 6.85
      vertex -6.74203 -8.78639 6.85
    endloop
  endfacet
  facet normal 0.729863 0.683594 0
    outer loop
      vertex -6.36396 -6.36396 6.85
      vertex -6.76656 -5.93411 3.8147e-07
      vertex -6.76656 -5.93411 6.85
    endloop
  endfacet
  facet normal 0.729863 0.683594 0
    outer loop
      vertex -6.76656 -5.93411 3.8147e-07
      vertex -6.36396 -6.36396 6.85
      vertex -6.36396 -6.36396 3.8147e-07
    endloop
  endfacet
  facet normal -0.995184 -0.0980222 0
    outer loop
      vertex 8.98073 0.588628 3.8147e-07
      vertex 8.923 1.17474 6.85
      vertex 8.923 1.17474 3.8147e-07
    endloop
  endfacet
  facet normal -0.995184 -0.0980222 0
    outer loop
      vertex 8.923 1.17474 6.85
      vertex 8.98073 0.588628 3.8147e-07
      vertex 8.98073 0.588628 6.85
    endloop
  endfacet
  facet normal -0.999465 -0.0327196 0
    outer loop
      vertex 9 0 3.8147e-07
      vertex 8.98073 0.588628 6.85
      vertex 8.98073 0.588628 3.8147e-07
    endloop
  endfacet
  facet normal -0.999465 -0.0327196 0
    outer loop
      vertex 8.98073 0.588628 6.85
      vertex 9 0 3.8147e-07
      vertex 9 0 6.85
    endloop
  endfacet
  facet normal -0.986645 -0.162887 0
    outer loop
      vertex 8.923 1.17474 3.8147e-07
      vertex 8.82707 1.75581 6.85
      vertex 8.82707 1.75581 3.8147e-07
    endloop
  endfacet
  facet normal -0.986645 -0.162887 0
    outer loop
      vertex 8.82707 1.75581 6.85
      vertex 8.923 1.17474 3.8147e-07
      vertex 8.923 1.17474 6.85
    endloop
  endfacet
  facet normal 0.162887 -0.986645 0
    outer loop
      vertex -1.75581 8.82707 3.8147e-07
      vertex -1.17474 8.923 6.85
      vertex -1.75581 8.82707 6.85
    endloop
  endfacet
  facet normal 0.162887 -0.986645 0
    outer loop
      vertex -1.17474 8.923 6.85
      vertex -1.75581 8.82707 3.8147e-07
      vertex -1.17474 8.923 3.8147e-07
    endloop
  endfacet
  facet normal 0.634391 0.773012 -0
    outer loop
      vertex -5.47885 -7.14018 3.8147e-07
      vertex -5.93411 -6.76656 6.85
      vertex -5.47885 -7.14018 6.85
    endloop
  endfacet
  facet normal 0.634391 0.773012 0
    outer loop
      vertex -5.93411 -6.76656 6.85
      vertex -5.47885 -7.14018 3.8147e-07
      vertex -5.93411 -6.76656 3.8147e-07
    endloop
  endfacet
  facet normal -0.412718 -0.910859 0
    outer loop
      vertex 3.44415 8.31492 3.8147e-07
      vertex 3.9806 8.07185 6.85
      vertex 3.44415 8.31492 6.85
    endloop
  endfacet
  facet normal -0.412718 -0.910859 -0
    outer loop
      vertex 3.9806 8.07185 6.85
      vertex 3.44415 8.31492 3.8147e-07
      vertex 3.9806 8.07185 3.8147e-07
    endloop
  endfacet
  facet normal 0.227084 0.973875 -0
    outer loop
      vertex -1.75581 -8.82707 3.8147e-07
      vertex -2.32937 -8.69333 6.85
      vertex -1.75581 -8.82707 6.85
    endloop
  endfacet
  facet normal 0.227084 0.973875 0
    outer loop
      vertex -2.32937 -8.69333 6.85
      vertex -1.75581 -8.82707 3.8147e-07
      vertex -2.32937 -8.69333 3.8147e-07
    endloop
  endfacet
  facet normal 0.93591 -0.35224 0
    outer loop
      vertex -8.52237 2.89295 6.85
      vertex -8.31492 3.44415 3.8147e-07
      vertex -8.31492 3.44415 6.85
    endloop
  endfacet
  facet normal 0.93591 -0.35224 0
    outer loop
      vertex -8.31492 3.44415 3.8147e-07
      vertex -8.52237 2.89295 6.85
      vertex -8.52237 2.89295 3.8147e-07
    endloop
  endfacet
  facet normal -0.528067 -0.849203 0
    outer loop
      vertex 4.5 7.79423 3.8147e-07
      vertex 5.00013 7.48323 6.85
      vertex 4.5 7.79423 6.85
    endloop
  endfacet
  facet normal -0.528067 -0.849203 -0
    outer loop
      vertex 5.00013 7.48323 6.85
      vertex 4.5 7.79423 3.8147e-07
      vertex 5.00013 7.48323 3.8147e-07
    endloop
  endfacet
  facet normal -0.35224 0.93591 0
    outer loop
      vertex 3.44415 -8.31492 3.8147e-07
      vertex 2.89295 -8.52237 6.85
      vertex 3.44415 -8.31492 6.85
    endloop
  endfacet
  facet normal -0.35224 0.93591 0
    outer loop
      vertex 2.89295 -8.52237 6.85
      vertex 3.44415 -8.31492 3.8147e-07
      vertex 2.89295 -8.52237 3.8147e-07
    endloop
  endfacet
  facet normal -0.910859 0.412718 0
    outer loop
      vertex 8.07185 -3.9806 3.8147e-07
      vertex 8.31492 -3.44415 6.85
      vertex 8.31492 -3.44415 3.8147e-07
    endloop
  endfacet
  facet normal -0.910859 0.412718 0
    outer loop
      vertex 8.31492 -3.44415 6.85
      vertex 8.07185 -3.9806 3.8147e-07
      vertex 8.07185 -3.9806 6.85
    endloop
  endfacet
  facet normal -0.973875 -0.227084 0
    outer loop
      vertex 8.82707 1.75581 3.8147e-07
      vertex 8.69333 2.32937 6.85
      vertex 8.69333 2.32937 3.8147e-07
    endloop
  endfacet
  facet normal -0.973875 -0.227084 0
    outer loop
      vertex 8.69333 2.32937 6.85
      vertex 8.82707 1.75581 3.8147e-07
      vertex 8.82707 1.75581 6.85
    endloop
  endfacet
  facet normal -0.93591 0.35224 0
    outer loop
      vertex 8.31492 -3.44415 3.8147e-07
      vertex 8.52237 -2.89295 6.85
      vertex 8.52237 -2.89295 3.8147e-07
    endloop
  endfacet
  facet normal -0.93591 0.35224 0
    outer loop
      vertex 8.52237 -2.89295 6.85
      vertex 8.31492 -3.44415 3.8147e-07
      vertex 8.31492 -3.44415 6.85
    endloop
  endfacet
  facet normal -0.0327196 0.999465 0
    outer loop
      vertex 0.588628 -8.98073 3.8147e-07
      vertex 0 -9 6.85
      vertex 0.588628 -8.98073 6.85
    endloop
  endfacet
  facet normal -0.0327196 0.999465 0
    outer loop
      vertex 0 -9 6.85
      vertex 0.588628 -8.98073 3.8147e-07
      vertex 0 -9 3.8147e-07
    endloop
  endfacet
  facet normal -0.729863 -0.683594 0
    outer loop
      vertex 6.76656 5.93411 3.8147e-07
      vertex 6.36396 6.36396 6.85
      vertex 6.36396 6.36396 3.8147e-07
    endloop
  endfacet
  facet normal -0.729863 -0.683594 0
    outer loop
      vertex 6.36396 6.36396 6.85
      vertex 6.76656 5.93411 3.8147e-07
      vertex 6.76656 5.93411 6.85
    endloop
  endfacet
  facet normal 0.849203 0.528067 0
    outer loop
      vertex -7.48323 -5.00013 6.85
      vertex -7.79423 -4.5 3.8147e-07
      vertex -7.79423 -4.5 6.85
    endloop
  endfacet
  facet normal 0.849203 0.528067 0
    outer loop
      vertex -7.79423 -4.5 3.8147e-07
      vertex -7.48323 -5.00013 6.85
      vertex -7.48323 -5.00013 3.8147e-07
    endloop
  endfacet
  facet normal 0.881925 -0.47139 0
    outer loop
      vertex -8.07185 3.9806 6.85
      vertex -7.79423 4.5 3.8147e-07
      vertex -7.79423 4.5 6.85
    endloop
  endfacet
  facet normal 0.881925 -0.47139 0
    outer loop
      vertex -7.79423 4.5 3.8147e-07
      vertex -8.07185 3.9806 6.85
      vertex -8.07185 3.9806 3.8147e-07
    endloop
  endfacet
  facet normal -0.683594 -0.729863 0
    outer loop
      vertex 5.93411 6.76656 3.8147e-07
      vertex 6.36396 6.36396 6.85
      vertex 5.93411 6.76656 6.85
    endloop
  endfacet
  facet normal -0.683594 -0.729863 -0
    outer loop
      vertex 6.36396 6.36396 6.85
      vertex 5.93411 6.76656 3.8147e-07
      vertex 6.36396 6.36396 3.8147e-07
    endloop
  endfacet
  facet normal 0.812843 -0.582482 0
    outer loop
      vertex -7.48323 5.00013 6.85
      vertex -7.14018 5.47885 3.8147e-07
      vertex -7.14018 5.47885 6.85
    endloop
  endfacet
  facet normal 0.812843 -0.582482 0
    outer loop
      vertex -7.14018 5.47885 3.8147e-07
      vertex -7.48323 5.00013 6.85
      vertex -7.48323 5.00013 3.8147e-07
    endloop
  endfacet
  facet normal -0.582482 -0.812843 0
    outer loop
      vertex 5.00013 7.48323 3.8147e-07
      vertex 5.47885 7.14018 6.85
      vertex 5.00013 7.48323 6.85
    endloop
  endfacet
  facet normal -0.582482 -0.812843 -0
    outer loop
      vertex 5.47885 7.14018 6.85
      vertex 5.00013 7.48323 3.8147e-07
      vertex 5.47885 7.14018 3.8147e-07
    endloop
  endfacet
  facet normal 0.910859 -0.412718 0
    outer loop
      vertex -8.31492 3.44415 6.85
      vertex -8.07185 3.9806 3.8147e-07
      vertex -8.07185 3.9806 6.85
    endloop
  endfacet
  facet normal 0.910859 -0.412718 0
    outer loop
      vertex -8.07185 3.9806 3.8147e-07
      vertex -8.31492 3.44415 6.85
      vertex -8.31492 3.44415 3.8147e-07
    endloop
  endfacet
  facet normal 0.582482 -0.812843 0
    outer loop
      vertex -5.47885 7.14018 3.8147e-07
      vertex -5.00013 7.48323 6.85
      vertex -5.47885 7.14018 6.85
    endloop
  endfacet
  facet normal 0.582482 -0.812843 0
    outer loop
      vertex -5.00013 7.48323 6.85
      vertex -5.47885 7.14018 3.8147e-07
      vertex -5.00013 7.48323 3.8147e-07
    endloop
  endfacet
  facet normal 0.412718 -0.910859 0
    outer loop
      vertex -3.9806 8.07185 3.8147e-07
      vertex -3.44415 8.31492 6.85
      vertex -3.9806 8.07185 6.85
    endloop
  endfacet
  facet normal 0.412718 -0.910859 0
    outer loop
      vertex -3.44415 8.31492 6.85
      vertex -3.9806 8.07185 3.8147e-07
      vertex -3.44415 8.31492 3.8147e-07
    endloop
  endfacet
  facet normal -0.773012 0.634391 0
    outer loop
      vertex 6.76656 -5.93411 3.8147e-07
      vertex 7.14018 -5.47885 6.85
      vertex 7.14018 -5.47885 3.8147e-07
    endloop
  endfacet
  facet normal -0.773012 0.634391 0
    outer loop
      vertex 7.14018 -5.47885 6.85
      vertex 6.76656 -5.93411 3.8147e-07
      vertex 6.76656 -5.93411 6.85
    endloop
  endfacet
  facet normal -0.227084 0.973875 0
    outer loop
      vertex 2.32937 -8.69333 3.8147e-07
      vertex 1.75581 -8.82707 6.85
      vertex 2.32937 -8.69333 6.85
    endloop
  endfacet
  facet normal -0.227084 0.973875 0
    outer loop
      vertex 1.75581 -8.82707 6.85
      vertex 2.32937 -8.69333 3.8147e-07
      vertex 1.75581 -8.82707 3.8147e-07
    endloop
  endfacet
  facet normal 0.0327196 -0.999465 0
    outer loop
      vertex -0.588628 8.98073 3.8147e-07
      vertex 0 9 6.85
      vertex -0.588628 8.98073 6.85
    endloop
  endfacet
  facet normal 0.0327196 -0.999465 0
    outer loop
      vertex 0 9 6.85
      vertex -0.588628 8.98073 3.8147e-07
      vertex 0 9 3.8147e-07
    endloop
  endfacet
  facet normal 0.634391 -0.773012 0
    outer loop
      vertex -5.93411 6.76656 3.8147e-07
      vertex -5.47885 7.14018 6.85
      vertex -5.93411 6.76656 6.85
    endloop
  endfacet
  facet normal 0.634391 -0.773012 0
    outer loop
      vertex -5.47885 7.14018 6.85
      vertex -5.93411 6.76656 3.8147e-07
      vertex -5.47885 7.14018 3.8147e-07
    endloop
  endfacet
  facet normal -0.881925 -0.47139 0
    outer loop
      vertex 8.07185 3.9806 3.8147e-07
      vertex 7.79423 4.5 6.85
      vertex 7.79423 4.5 3.8147e-07
    endloop
  endfacet
  facet normal -0.881925 -0.47139 0
    outer loop
      vertex 7.79423 4.5 6.85
      vertex 8.07185 3.9806 3.8147e-07
      vertex 8.07185 3.9806 6.85
    endloop
  endfacet
  facet normal 0.582482 0.812843 -0
    outer loop
      vertex -5.00013 -7.48323 3.8147e-07
      vertex -5.47885 -7.14018 6.85
      vertex -5.00013 -7.48323 6.85
    endloop
  endfacet
  facet normal 0.582482 0.812843 0
    outer loop
      vertex -5.47885 -7.14018 6.85
      vertex -5.00013 -7.48323 3.8147e-07
      vertex -5.47885 -7.14018 3.8147e-07
    endloop
  endfacet
  facet normal -0.729863 0.683594 0
    outer loop
      vertex 6.36396 -6.36396 3.8147e-07
      vertex 6.76656 -5.93411 6.85
      vertex 6.76656 -5.93411 3.8147e-07
    endloop
  endfacet
  facet normal -0.729863 0.683594 0
    outer loop
      vertex 6.76656 -5.93411 6.85
      vertex 6.36396 -6.36396 3.8147e-07
      vertex 6.36396 -6.36396 6.85
    endloop
  endfacet
  facet normal 0.412718 0.910859 -0
    outer loop
      vertex -3.44415 -8.31492 3.8147e-07
      vertex -3.9806 -8.07185 6.85
      vertex -3.44415 -8.31492 6.85
    endloop
  endfacet
  facet normal 0.412718 0.910859 0
    outer loop
      vertex -3.9806 -8.07185 6.85
      vertex -3.44415 -8.31492 3.8147e-07
      vertex -3.9806 -8.07185 3.8147e-07
    endloop
  endfacet
  facet normal 0.93591 0.35224 0
    outer loop
      vertex -8.31492 -3.44415 6.85
      vertex -8.52237 -2.89295 3.8147e-07
      vertex -8.52237 -2.89295 6.85
    endloop
  endfacet
  facet normal 0.93591 0.35224 0
    outer loop
      vertex -8.52237 -2.89295 3.8147e-07
      vertex -8.31492 -3.44415 6.85
      vertex -8.31492 -3.44415 3.8147e-07
    endloop
  endfacet
  facet normal 0.35224 -0.93591 0
    outer loop
      vertex -3.44415 8.31492 3.8147e-07
      vertex -2.89295 8.52237 6.85
      vertex -3.44415 8.31492 6.85
    endloop
  endfacet
  facet normal 0.35224 -0.93591 0
    outer loop
      vertex -2.89295 8.52237 6.85
      vertex -3.44415 8.31492 3.8147e-07
      vertex -2.89295 8.52237 3.8147e-07
    endloop
  endfacet
  facet normal 0.0980222 -0.995184 0
    outer loop
      vertex -1.17474 8.923 3.8147e-07
      vertex -0.588628 8.98073 6.85
      vertex -1.17474 8.923 6.85
    endloop
  endfacet
  facet normal 0.0980222 -0.995184 0
    outer loop
      vertex -0.588628 8.98073 6.85
      vertex -1.17474 8.923 3.8147e-07
      vertex -0.588628 8.98073 3.8147e-07
    endloop
  endfacet
  facet normal 0.995184 -0.0980222 0
    outer loop
      vertex -8.98073 0.588628 6.85
      vertex -8.923 1.17474 3.8147e-07
      vertex -8.923 1.17474 6.85
    endloop
  endfacet
  facet normal 0.995184 -0.0980222 0
    outer loop
      vertex -8.923 1.17474 3.8147e-07
      vertex -8.98073 0.588628 6.85
      vertex -8.98073 0.588628 3.8147e-07
    endloop
  endfacet
  facet normal -0.162887 0.986645 0
    outer loop
      vertex 1.75581 -8.82707 3.8147e-07
      vertex 1.17474 -8.923 6.85
      vertex 1.75581 -8.82707 6.85
    endloop
  endfacet
  facet normal -0.162887 0.986645 0
    outer loop
      vertex 1.17474 -8.923 6.85
      vertex 1.75581 -8.82707 3.8147e-07
      vertex 1.17474 -8.923 3.8147e-07
    endloop
  endfacet
  facet normal -0.47139 0.881925 0
    outer loop
      vertex 4.5 -7.79423 3.8147e-07
      vertex 3.9806 -8.07185 6.85
      vertex 4.5 -7.79423 6.85
    endloop
  endfacet
  facet normal -0.47139 0.881925 0
    outer loop
      vertex 3.9806 -8.07185 6.85
      vertex 4.5 -7.79423 3.8147e-07
      vertex 3.9806 -8.07185 3.8147e-07
    endloop
  endfacet
  facet normal -0.910859 -0.412718 0
    outer loop
      vertex 8.31492 3.44415 3.8147e-07
      vertex 8.07185 3.9806 6.85
      vertex 8.07185 3.9806 3.8147e-07
    endloop
  endfacet
  facet normal -0.910859 -0.412718 0
    outer loop
      vertex 8.07185 3.9806 6.85
      vertex 8.31492 3.44415 3.8147e-07
      vertex 8.31492 3.44415 6.85
    endloop
  endfacet
  facet normal 0.773012 -0.634391 0
    outer loop
      vertex -7.14018 5.47885 6.85
      vertex -6.76656 5.93411 3.8147e-07
      vertex -6.76656 5.93411 6.85
    endloop
  endfacet
  facet normal 0.773012 -0.634391 0
    outer loop
      vertex -6.76656 5.93411 3.8147e-07
      vertex -7.14018 5.47885 6.85
      vertex -7.14018 5.47885 3.8147e-07
    endloop
  endfacet
  facet normal -0.634391 -0.773012 0
    outer loop
      vertex 5.47885 7.14018 3.8147e-07
      vertex 5.93411 6.76656 6.85
      vertex 5.47885 7.14018 6.85
    endloop
  endfacet
  facet normal -0.634391 -0.773012 -0
    outer loop
      vertex 5.93411 6.76656 6.85
      vertex 5.47885 7.14018 3.8147e-07
      vertex 5.93411 6.76656 3.8147e-07
    endloop
  endfacet
  facet normal -0.849203 -0.528067 0
    outer loop
      vertex 7.79423 4.5 3.8147e-07
      vertex 7.48323 5.00013 6.85
      vertex 7.48323 5.00013 3.8147e-07
    endloop
  endfacet
  facet normal -0.849203 -0.528067 0
    outer loop
      vertex 7.48323 5.00013 6.85
      vertex 7.79423 4.5 3.8147e-07
      vertex 7.79423 4.5 6.85
    endloop
  endfacet
  facet normal 0.162887 0.986645 -0
    outer loop
      vertex -1.17474 -8.923 3.8147e-07
      vertex -1.75581 -8.82707 6.85
      vertex -1.17474 -8.923 6.85
    endloop
  endfacet
  facet normal 0.162887 0.986645 0
    outer loop
      vertex -1.75581 -8.82707 6.85
      vertex -1.17474 -8.923 3.8147e-07
      vertex -1.75581 -8.82707 3.8147e-07
    endloop
  endfacet
  facet normal -0.412718 0.910859 0
    outer loop
      vertex 3.9806 -8.07185 3.8147e-07
      vertex 3.44415 -8.31492 6.85
      vertex 3.9806 -8.07185 6.85
    endloop
  endfacet
  facet normal -0.412718 0.910859 0
    outer loop
      vertex 3.44415 -8.31492 6.85
      vertex 3.9806 -8.07185 3.8147e-07
      vertex 3.44415 -8.31492 3.8147e-07
    endloop
  endfacet
  facet normal -0.582482 0.812843 0
    outer loop
      vertex 5.47885 -7.14018 3.8147e-07
      vertex 5.00013 -7.48323 6.85
      vertex 5.47885 -7.14018 6.85
    endloop
  endfacet
  facet normal -0.582482 0.812843 0
    outer loop
      vertex 5.00013 -7.48323 6.85
      vertex 5.47885 -7.14018 3.8147e-07
      vertex 5.00013 -7.48323 3.8147e-07
    endloop
  endfacet
  facet normal -0.47139 -0.881925 0
    outer loop
      vertex 3.9806 8.07185 3.8147e-07
      vertex 4.5 7.79423 6.85
      vertex 3.9806 8.07185 6.85
    endloop
  endfacet
  facet normal -0.47139 -0.881925 -0
    outer loop
      vertex 4.5 7.79423 6.85
      vertex 3.9806 8.07185 3.8147e-07
      vertex 4.5 7.79423 3.8147e-07
    endloop
  endfacet
  facet normal 0.683594 -0.729863 0
    outer loop
      vertex -6.36396 6.36396 3.8147e-07
      vertex -5.93411 6.76656 6.85
      vertex -6.36396 6.36396 6.85
    endloop
  endfacet
  facet normal 0.683594 -0.729863 0
    outer loop
      vertex -5.93411 6.76656 6.85
      vertex -6.36396 6.36396 3.8147e-07
      vertex -5.93411 6.76656 3.8147e-07
    endloop
  endfacet
  facet normal -0.986645 0.162887 0
    outer loop
      vertex 8.82707 -1.75581 3.8147e-07
      vertex 8.923 -1.17474 6.85
      vertex 8.923 -1.17474 3.8147e-07
    endloop
  endfacet
  facet normal -0.986645 0.162887 0
    outer loop
      vertex 8.923 -1.17474 6.85
      vertex 8.82707 -1.75581 3.8147e-07
      vertex 8.82707 -1.75581 6.85
    endloop
  endfacet
  facet normal -0.881925 0.47139 0
    outer loop
      vertex 7.79423 -4.5 3.8147e-07
      vertex 8.07185 -3.9806 6.85
      vertex 8.07185 -3.9806 3.8147e-07
    endloop
  endfacet
  facet normal -0.881925 0.47139 0
    outer loop
      vertex 8.07185 -3.9806 6.85
      vertex 7.79423 -4.5 3.8147e-07
      vertex 7.79423 -4.5 6.85
    endloop
  endfacet
  facet normal -0.812843 0.582482 0
    outer loop
      vertex 7.14018 -5.47885 3.8147e-07
      vertex 7.48323 -5.00013 6.85
      vertex 7.48323 -5.00013 3.8147e-07
    endloop
  endfacet
  facet normal -0.812843 0.582482 0
    outer loop
      vertex 7.48323 -5.00013 6.85
      vertex 7.14018 -5.47885 3.8147e-07
      vertex 7.14018 -5.47885 6.85
    endloop
  endfacet
  facet normal 0.290284 -0.95694 0
    outer loop
      vertex -2.89295 8.52237 3.8147e-07
      vertex -2.32937 8.69333 6.85
      vertex -2.89295 8.52237 6.85
    endloop
  endfacet
  facet normal 0.290284 -0.95694 0
    outer loop
      vertex -2.32937 8.69333 6.85
      vertex -2.89295 8.52237 3.8147e-07
      vertex -2.32937 8.69333 3.8147e-07
    endloop
  endfacet
  facet normal 0.986645 0.162887 0
    outer loop
      vertex -8.82707 -1.75581 6.85
      vertex -8.923 -1.17474 3.8147e-07
      vertex -8.923 -1.17474 6.85
    endloop
  endfacet
  facet normal 0.986645 0.162887 0
    outer loop
      vertex -8.923 -1.17474 3.8147e-07
      vertex -8.82707 -1.75581 6.85
      vertex -8.82707 -1.75581 3.8147e-07
    endloop
  endfacet
  facet normal 0.0980222 0.995184 -0
    outer loop
      vertex -0.588628 -8.98073 3.8147e-07
      vertex -1.17474 -8.923 6.85
      vertex -0.588628 -8.98073 6.85
    endloop
  endfacet
  facet normal 0.0980222 0.995184 0
    outer loop
      vertex -1.17474 -8.923 6.85
      vertex -0.588628 -8.98073 3.8147e-07
      vertex -1.17474 -8.923 3.8147e-07
    endloop
  endfacet
  facet normal -0.0327196 -0.999465 0
    outer loop
      vertex 0 9 3.8147e-07
      vertex 0.588628 8.98073 6.85
      vertex 0 9 6.85
    endloop
  endfacet
  facet normal -0.0327196 -0.999465 -0
    outer loop
      vertex 0.588628 8.98073 6.85
      vertex 0 9 3.8147e-07
      vertex 0.588628 8.98073 3.8147e-07
    endloop
  endfacet
  facet normal 0.986645 -0.162887 0
    outer loop
      vertex -8.923 1.17474 6.85
      vertex -8.82707 1.75581 3.8147e-07
      vertex -8.82707 1.75581 6.85
    endloop
  endfacet
  facet normal 0.986645 -0.162887 0
    outer loop
      vertex -8.82707 1.75581 3.8147e-07
      vertex -8.923 1.17474 6.85
      vertex -8.923 1.17474 3.8147e-07
    endloop
  endfacet
  facet normal 0.995184 0.0980222 0
    outer loop
      vertex -8.923 -1.17474 6.85
      vertex -8.98073 -0.588628 3.8147e-07
      vertex -8.98073 -0.588628 6.85
    endloop
  endfacet
  facet normal 0.995184 0.0980222 0
    outer loop
      vertex -8.98073 -0.588628 3.8147e-07
      vertex -8.923 -1.17474 6.85
      vertex -8.923 -1.17474 3.8147e-07
    endloop
  endfacet
  facet normal 0.95694 -0.290284 0
    outer loop
      vertex -8.69333 2.32937 6.85
      vertex -8.52237 2.89295 3.8147e-07
      vertex -8.52237 2.89295 6.85
    endloop
  endfacet
  facet normal 0.95694 -0.290284 0
    outer loop
      vertex -8.52237 2.89295 3.8147e-07
      vertex -8.69333 2.32937 6.85
      vertex -8.69333 2.32937 3.8147e-07
    endloop
  endfacet
  facet normal 0.528067 -0.849203 0
    outer loop
      vertex -5.00013 7.48323 3.8147e-07
      vertex -4.5 7.79423 6.85
      vertex -5.00013 7.48323 6.85
    endloop
  endfacet
  facet normal 0.528067 -0.849203 0
    outer loop
      vertex -4.5 7.79423 6.85
      vertex -5.00013 7.48323 3.8147e-07
      vertex -4.5 7.79423 3.8147e-07
    endloop
  endfacet
  facet normal -0.35224 -0.93591 0
    outer loop
      vertex 2.89295 8.52237 3.8147e-07
      vertex 3.44415 8.31492 6.85
      vertex 2.89295 8.52237 6.85
    endloop
  endfacet
  facet normal -0.35224 -0.93591 -0
    outer loop
      vertex 3.44415 8.31492 6.85
      vertex 2.89295 8.52237 3.8147e-07
      vertex 3.44415 8.31492 3.8147e-07
    endloop
  endfacet
  facet normal 0.812843 0.582482 0
    outer loop
      vertex -7.14018 -5.47885 6.85
      vertex -7.48323 -5.00013 3.8147e-07
      vertex -7.48323 -5.00013 6.85
    endloop
  endfacet
  facet normal 0.812843 0.582482 0
    outer loop
      vertex -7.48323 -5.00013 3.8147e-07
      vertex -7.14018 -5.47885 6.85
      vertex -7.14018 -5.47885 3.8147e-07
    endloop
  endfacet
  facet normal 0.528067 0.849203 -0
    outer loop
      vertex -4.5 -7.79423 3.8147e-07
      vertex -5.00013 -7.48323 6.85
      vertex -4.5 -7.79423 6.85
    endloop
  endfacet
  facet normal 0.528067 0.849203 0
    outer loop
      vertex -5.00013 -7.48323 6.85
      vertex -4.5 -7.79423 3.8147e-07
      vertex -5.00013 -7.48323 3.8147e-07
    endloop
  endfacet
  facet normal 0.999465 0.0327196 0
    outer loop
      vertex -8.98073 -0.588628 6.85
      vertex -9 0 3.8147e-07
      vertex -9 0 6.85
    endloop
  endfacet
  facet normal 0.999465 0.0327196 0
    outer loop
      vertex -9 0 3.8147e-07
      vertex -8.98073 -0.588628 6.85
      vertex -8.98073 -0.588628 3.8147e-07
    endloop
  endfacet
  facet normal -0.973875 0.227084 0
    outer loop
      vertex 8.69333 -2.32937 3.8147e-07
      vertex 8.82707 -1.75581 6.85
      vertex 8.82707 -1.75581 3.8147e-07
    endloop
  endfacet
  facet normal -0.973875 0.227084 0
    outer loop
      vertex 8.82707 -1.75581 6.85
      vertex 8.69333 -2.32937 3.8147e-07
      vertex 8.69333 -2.32937 6.85
    endloop
  endfacet
  facet normal -0.812843 -0.582482 0
    outer loop
      vertex 7.48323 5.00013 3.8147e-07
      vertex 7.14018 5.47885 6.85
      vertex 7.14018 5.47885 3.8147e-07
    endloop
  endfacet
  facet normal -0.812843 -0.582482 0
    outer loop
      vertex 7.14018 5.47885 6.85
      vertex 7.48323 5.00013 3.8147e-07
      vertex 7.48323 5.00013 6.85
    endloop
  endfacet
  facet normal -0.290284 0.95694 0
    outer loop
      vertex 2.89295 -8.52237 3.8147e-07
      vertex 2.32937 -8.69333 6.85
      vertex 2.89295 -8.52237 6.85
    endloop
  endfacet
  facet normal -0.290284 0.95694 0
    outer loop
      vertex 2.32937 -8.69333 6.85
      vertex 2.89295 -8.52237 3.8147e-07
      vertex 2.32937 -8.69333 3.8147e-07
    endloop
  endfacet
  facet normal -0.95694 -0.290284 0
    outer loop
      vertex 8.69333 2.32937 3.8147e-07
      vertex 8.52237 2.89295 6.85
      vertex 8.52237 2.89295 3.8147e-07
    endloop
  endfacet
  facet normal -0.95694 -0.290284 0
    outer loop
      vertex 8.52237 2.89295 6.85
      vertex 8.69333 2.32937 3.8147e-07
      vertex 8.69333 2.32937 6.85
    endloop
  endfacet
  facet normal -0.773012 -0.634391 0
    outer loop
      vertex 7.14018 5.47885 3.8147e-07
      vertex 6.76656 5.93411 6.85
      vertex 6.76656 5.93411 3.8147e-07
    endloop
  endfacet
  facet normal -0.773012 -0.634391 0
    outer loop
      vertex 6.76656 5.93411 6.85
      vertex 7.14018 5.47885 3.8147e-07
      vertex 7.14018 5.47885 6.85
    endloop
  endfacet
  facet normal 0.0327196 0.999465 -0
    outer loop
      vertex 0 -9 3.8147e-07
      vertex -0.588628 -8.98073 6.85
      vertex 0 -9 6.85
    endloop
  endfacet
  facet normal 0.0327196 0.999465 0
    outer loop
      vertex -0.588628 -8.98073 6.85
      vertex 0 -9 3.8147e-07
      vertex -0.588628 -8.98073 3.8147e-07
    endloop
  endfacet
  facet normal 0.227084 -0.973875 0
    outer loop
      vertex -2.32937 8.69333 3.8147e-07
      vertex -1.75581 8.82707 6.85
      vertex -2.32937 8.69333 6.85
    endloop
  endfacet
  facet normal 0.227084 -0.973875 0
    outer loop
      vertex -1.75581 8.82707 6.85
      vertex -2.32937 8.69333 3.8147e-07
      vertex -1.75581 8.82707 3.8147e-07
    endloop
  endfacet
  facet normal -0.93591 -0.35224 0
    outer loop
      vertex 8.52237 2.89295 3.8147e-07
      vertex 8.31492 3.44415 6.85
      vertex 8.31492 3.44415 3.8147e-07
    endloop
  endfacet
  facet normal -0.93591 -0.35224 0
    outer loop
      vertex 8.31492 3.44415 6.85
      vertex 8.52237 2.89295 3.8147e-07
      vertex 8.52237 2.89295 6.85
    endloop
  endfacet
  facet normal -0.227084 -0.973875 0
    outer loop
      vertex 1.75581 8.82707 3.8147e-07
      vertex 2.32937 8.69333 6.85
      vertex 1.75581 8.82707 6.85
    endloop
  endfacet
  facet normal -0.227084 -0.973875 -0
    outer loop
      vertex 2.32937 8.69333 6.85
      vertex 1.75581 8.82707 3.8147e-07
      vertex 2.32937 8.69333 3.8147e-07
    endloop
  endfacet
  facet normal -0.999465 0.0327196 0
    outer loop
      vertex 8.98073 -0.588628 3.8147e-07
      vertex 9 0 6.85
      vertex 9 0 3.8147e-07
    endloop
  endfacet
  facet normal -0.999465 0.0327196 0
    outer loop
      vertex 9 0 6.85
      vertex 8.98073 -0.588628 3.8147e-07
      vertex 8.98073 -0.588628 6.85
    endloop
  endfacet
  facet normal 0.973875 -0.227084 0
    outer loop
      vertex -8.82707 1.75581 6.85
      vertex -8.69333 2.32937 3.8147e-07
      vertex -8.69333 2.32937 6.85
    endloop
  endfacet
  facet normal 0.973875 -0.227084 0
    outer loop
      vertex -8.69333 2.32937 3.8147e-07
      vertex -8.82707 1.75581 6.85
      vertex -8.82707 1.75581 3.8147e-07
    endloop
  endfacet
  facet normal 0.849203 -0.528067 0
    outer loop
      vertex -7.79423 4.5 6.85
      vertex -7.48323 5.00013 3.8147e-07
      vertex -7.48323 5.00013 6.85
    endloop
  endfacet
  facet normal 0.849203 -0.528067 0
    outer loop
      vertex -7.48323 5.00013 3.8147e-07
      vertex -7.79423 4.5 6.85
      vertex -7.79423 4.5 3.8147e-07
    endloop
  endfacet
  facet normal -0.995184 0.0980222 0
    outer loop
      vertex 8.923 -1.17474 3.8147e-07
      vertex 8.98073 -0.588628 6.85
      vertex 8.98073 -0.588628 3.8147e-07
    endloop
  endfacet
  facet normal -0.995184 0.0980222 0
    outer loop
      vertex 8.98073 -0.588628 6.85
      vertex 8.923 -1.17474 3.8147e-07
      vertex 8.923 -1.17474 6.85
    endloop
  endfacet
  facet normal -0.634391 0.773012 0
    outer loop
      vertex 5.93411 -6.76656 3.8147e-07
      vertex 5.47885 -7.14018 6.85
      vertex 5.93411 -6.76656 6.85
    endloop
  endfacet
  facet normal -0.634391 0.773012 0
    outer loop
      vertex 5.47885 -7.14018 6.85
      vertex 5.93411 -6.76656 3.8147e-07
      vertex 5.47885 -7.14018 3.8147e-07
    endloop
  endfacet
  facet normal 0.999465 -0.0327196 0
    outer loop
      vertex -9 0 6.85
      vertex -8.98073 0.588628 3.8147e-07
      vertex -8.98073 0.588628 6.85
    endloop
  endfacet
  facet normal 0.999465 -0.0327196 0
    outer loop
      vertex -8.98073 0.588628 3.8147e-07
      vertex -9 0 6.85
      vertex -9 0 3.8147e-07
    endloop
  endfacet
  facet normal -0.290284 -0.95694 0
    outer loop
      vertex 2.32937 8.69333 3.8147e-07
      vertex 2.89295 8.52237 6.85
      vertex 2.32937 8.69333 6.85
    endloop
  endfacet
  facet normal -0.290284 -0.95694 -0
    outer loop
      vertex 2.89295 8.52237 6.85
      vertex 2.32937 8.69333 3.8147e-07
      vertex 2.89295 8.52237 3.8147e-07
    endloop
  endfacet
  facet normal 0.35224 0.93591 -0
    outer loop
      vertex -2.89295 -8.52237 3.8147e-07
      vertex -3.44415 -8.31492 6.85
      vertex -2.89295 -8.52237 6.85
    endloop
  endfacet
  facet normal 0.35224 0.93591 0
    outer loop
      vertex -3.44415 -8.31492 6.85
      vertex -2.89295 -8.52237 3.8147e-07
      vertex -3.44415 -8.31492 3.8147e-07
    endloop
  endfacet
  facet normal -0.0980222 -0.995184 0
    outer loop
      vertex 0.588628 8.98073 3.8147e-07
      vertex 1.17474 8.923 6.85
      vertex 0.588628 8.98073 6.85
    endloop
  endfacet
  facet normal -0.0980222 -0.995184 -0
    outer loop
      vertex 1.17474 8.923 6.85
      vertex 0.588628 8.98073 3.8147e-07
      vertex 1.17474 8.923 3.8147e-07
    endloop
  endfacet
  facet normal -0.162887 -0.986645 0
    outer loop
      vertex 1.17474 8.923 3.8147e-07
      vertex 1.75581 8.82707 6.85
      vertex 1.17474 8.923 6.85
    endloop
  endfacet
  facet normal -0.162887 -0.986645 -0
    outer loop
      vertex 1.75581 8.82707 6.85
      vertex 1.17474 8.923 3.8147e-07
      vertex 1.75581 8.82707 3.8147e-07
    endloop
  endfacet
  facet normal 0.773012 0.634391 0
    outer loop
      vertex -6.76656 -5.93411 6.85
      vertex -7.14018 -5.47885 3.8147e-07
      vertex -7.14018 -5.47885 6.85
    endloop
  endfacet
  facet normal 0.773012 0.634391 0
    outer loop
      vertex -7.14018 -5.47885 3.8147e-07
      vertex -6.76656 -5.93411 6.85
      vertex -6.76656 -5.93411 3.8147e-07
    endloop
  endfacet
  facet normal -0.0980222 0.995184 0
    outer loop
      vertex 1.17474 -8.923 3.8147e-07
      vertex 0.588628 -8.98073 6.85
      vertex 1.17474 -8.923 6.85
    endloop
  endfacet
  facet normal -0.0980222 0.995184 0
    outer loop
      vertex 0.588628 -8.98073 6.85
      vertex 1.17474 -8.923 3.8147e-07
      vertex 0.588628 -8.98073 3.8147e-07
    endloop
  endfacet
  facet normal 0.290284 0.95694 -0
    outer loop
      vertex -2.32937 -8.69333 3.8147e-07
      vertex -2.89295 -8.52237 6.85
      vertex -2.32937 -8.69333 6.85
    endloop
  endfacet
  facet normal 0.290284 0.95694 0
    outer loop
      vertex -2.89295 -8.52237 6.85
      vertex -2.32937 -8.69333 3.8147e-07
      vertex -2.89295 -8.52237 3.8147e-07
    endloop
  endfacet
  facet normal -0.95694 0.290284 0
    outer loop
      vertex 8.52237 -2.89295 3.8147e-07
      vertex 8.69333 -2.32937 6.85
      vertex 8.69333 -2.32937 3.8147e-07
    endloop
  endfacet
  facet normal -0.95694 0.290284 0
    outer loop
      vertex 8.69333 -2.32937 6.85
      vertex 8.52237 -2.89295 3.8147e-07
      vertex 8.52237 -2.89295 6.85
    endloop
  endfacet
  facet normal -0.528067 0.849203 0
    outer loop
      vertex 5.00013 -7.48323 3.8147e-07
      vertex 4.5 -7.79423 6.85
      vertex 5.00013 -7.48323 6.85
    endloop
  endfacet
  facet normal -0.528067 0.849203 0
    outer loop
      vertex 4.5 -7.79423 6.85
      vertex 5.00013 -7.48323 3.8147e-07
      vertex 4.5 -7.79423 3.8147e-07
    endloop
  endfacet
  facet normal 0.729863 -0.683594 0
    outer loop
      vertex -6.76656 5.93411 6.85
      vertex -6.36396 6.36396 3.8147e-07
      vertex -6.36396 6.36396 6.85
    endloop
  endfacet
  facet normal 0.729863 -0.683594 0
    outer loop
      vertex -6.36396 6.36396 3.8147e-07
      vertex -6.76656 5.93411 6.85
      vertex -6.76656 5.93411 3.8147e-07
    endloop
  endfacet
  facet normal -0.849203 0.528067 0
    outer loop
      vertex 7.48323 -5.00013 3.8147e-07
      vertex 7.79423 -4.5 6.85
      vertex 7.79423 -4.5 3.8147e-07
    endloop
  endfacet
  facet normal -0.849203 0.528067 0
    outer loop
      vertex 7.79423 -4.5 6.85
      vertex 7.48323 -5.00013 3.8147e-07
      vertex 7.48323 -5.00013 6.85
    endloop
  endfacet
  facet normal 0.683594 0.729863 -0
    outer loop
      vertex -5.93411 -6.76656 3.8147e-07
      vertex -6.36396 -6.36396 6.85
      vertex -5.93411 -6.76656 6.85
    endloop
  endfacet
  facet normal 0.683594 0.729863 0
    outer loop
      vertex -6.36396 -6.36396 6.85
      vertex -5.93411 -6.76656 3.8147e-07
      vertex -6.36396 -6.36396 3.8147e-07
    endloop
  endfacet
  facet normal 0.95694 0.290284 0
    outer loop
      vertex -8.52237 -2.89295 6.85
      vertex -8.69333 -2.32937 3.8147e-07
      vertex -8.69333 -2.32937 6.85
    endloop
  endfacet
  facet normal 0.95694 0.290284 0
    outer loop
      vertex -8.69333 -2.32937 3.8147e-07
      vertex -8.52237 -2.89295 6.85
      vertex -8.52237 -2.89295 3.8147e-07
    endloop
  endfacet
  facet normal 0.973875 0.227084 0
    outer loop
      vertex -8.69333 -2.32937 6.85
      vertex -8.82707 -1.75581 3.8147e-07
      vertex -8.82707 -1.75581 6.85
    endloop
  endfacet
  facet normal 0.973875 0.227084 0
    outer loop
      vertex -8.82707 -1.75581 3.8147e-07
      vertex -8.69333 -2.32937 6.85
      vertex -8.69333 -2.32937 3.8147e-07
    endloop
  endfacet
  facet normal 0.881925 0.47139 0
    outer loop
      vertex -7.79423 -4.5 6.85
      vertex -8.07185 -3.9806 3.8147e-07
      vertex -8.07185 -3.9806 6.85
    endloop
  endfacet
  facet normal 0.881925 0.47139 0
    outer loop
      vertex -8.07185 -3.9806 3.8147e-07
      vertex -7.79423 -4.5 6.85
      vertex -7.79423 -4.5 3.8147e-07
    endloop
  endfacet
  facet normal 0.910859 0.412718 0
    outer loop
      vertex -8.07185 -3.9806 6.85
      vertex -8.31492 -3.44415 3.8147e-07
      vertex -8.31492 -3.44415 6.85
    endloop
  endfacet
  facet normal 0.910859 0.412718 0
    outer loop
      vertex -8.31492 -3.44415 3.8147e-07
      vertex -8.07185 -3.9806 6.85
      vertex -8.07185 -3.9806 3.8147e-07
    endloop
  endfacet
  facet normal -0.683594 0.729863 0
    outer loop
      vertex 6.36396 -6.36396 3.8147e-07
      vertex 5.93411 -6.76656 6.85
      vertex 6.36396 -6.36396 6.85
    endloop
  endfacet
  facet normal -0.683594 0.729863 0
    outer loop
      vertex 5.93411 -6.76656 6.85
      vertex 6.36396 -6.36396 3.8147e-07
      vertex 5.93411 -6.76656 3.8147e-07
    endloop
  endfacet
  facet normal 0.47139 -0.881925 0
    outer loop
      vertex -4.5 7.79423 3.8147e-07
      vertex -3.9806 8.07185 6.85
      vertex -4.5 7.79423 6.85
    endloop
  endfacet
  facet normal 0.47139 -0.881925 0
    outer loop
      vertex -3.9806 8.07185 6.85
      vertex -4.5 7.79423 3.8147e-07
      vertex -3.9806 8.07185 3.8147e-07
    endloop
  endfacet
  facet normal 0.47139 0.881925 -0
    outer loop
      vertex -3.9806 -8.07185 3.8147e-07
      vertex -4.5 -7.79423 6.85
      vertex -3.9806 -8.07185 6.85
    endloop
  endfacet
  facet normal 0.47139 0.881925 0
    outer loop
      vertex -4.5 -7.79423 6.85
      vertex -3.9806 -8.07185 3.8147e-07
      vertex -4.5 -7.79423 3.8147e-07
    endloop
  endfacet
endsolid OpenSCAD_Model
