solid OpenSCAD_Model
  facet normal -0.773276 0.63407 0
    outer loop
      vertex 69.1194 35.8604 3
      vertex 69.2729 36.0476 5
      vertex 69.2729 36.0476 3
    endloop
  endfacet
  facet normal -0.773276 0.63407 0
    outer loop
      vertex 69.2729 36.0476 5
      vertex 69.1194 35.8604 3
      vertex 69.1194 35.8604 5
    endloop
  endfacet
  facet normal 0.0982771 -0.995159 0
    outer loop
      vertex 65.8546 41.9683 3
      vertex 66.0956 41.9921 5
      vertex 65.8546 41.9683 5
    endloop
  endfacet
  facet normal 0.0982771 -0.995159 0
    outer loop
      vertex 66.0956 41.9921 5
      vertex 65.8546 41.9683 3
      vertex 66.0956 41.9921 3
    endloop
  endfacet
  facet normal -0.956924 0.29034 0
    outer loop
      vertex 69.8412 37.1107 3
      vertex 69.9115 37.3424 5
      vertex 69.9115 37.3424 3
    endloop
  endfacet
  facet normal -0.956924 0.29034 0
    outer loop
      vertex 69.9115 37.3424 5
      vertex 69.8412 37.1107 3
      vertex 69.8412 37.1107 5
    endloop
  endfacet
  facet normal -0.718602 0.695421 0
    outer loop
      vertex 69.1164 35.8573 3
      vertex 69.1194 35.8604 5
      vertex 69.1194 35.8604 3
    endloop
  endfacet
  facet normal -0.718602 0.695421 0
    outer loop
      vertex 69.1194 35.8604 5
      vertex 69.1164 35.8573 3
      vertex 69.1164 35.8573 5
    endloop
  endfacet
  facet normal -0.999468 0.0326272 0
    outer loop
      vertex 70.0296 38.058 3
      vertex 70.0375 38.3 5
      vertex 70.0375 38.3 3
    endloop
  endfacet
  facet normal -0.999468 0.0326272 0
    outer loop
      vertex 70.0375 38.3 5
      vertex 70.0296 38.058 3
      vertex 70.0296 38.058 5
    endloop
  endfacet
  facet normal -0.413025 -0.91072 0
    outer loop
      vertex 67.7535 41.7184 3
      vertex 67.974 41.6184 5
      vertex 67.7535 41.7184 5
    endloop
  endfacet
  facet normal -0.413025 -0.91072 -0
    outer loop
      vertex 67.974 41.6184 5
      vertex 67.7535 41.7184 3
      vertex 67.974 41.6184 3
    endloop
  endfacet
  facet normal -0.995195 0.0979084 0
    outer loop
      vertex 70.0059 37.8171 3
      vertex 70.0296 38.058 5
      vertex 70.0296 38.058 3
    endloop
  endfacet
  facet normal -0.995195 0.0979084 0
    outer loop
      vertex 70.0296 38.058 5
      vertex 70.0059 37.8171 3
      vertex 70.0059 37.8171 5
    endloop
  endfacet
  facet normal -0.973859 0.227151 0
    outer loop
      vertex 69.9115 37.3424 3
      vertex 69.9665 37.5782 5
      vertex 69.9665 37.5782 3
    endloop
  endfacet
  facet normal -0.973859 0.227151 0
    outer loop
      vertex 69.9665 37.5782 5
      vertex 69.9115 37.3424 3
      vertex 69.9115 37.3424 5
    endloop
  endfacet
  facet normal 0.0326407 -0.999467 0
    outer loop
      vertex 66.0956 41.9921 3
      vertex 66.3375 42 5
      vertex 66.0956 41.9921 5
    endloop
  endfacet
  facet normal 0.0326407 -0.999467 0
    outer loop
      vertex 66.3375 42 5
      vertex 66.0956 41.9921 3
      vertex 66.3375 42 3
    endloop
  endfacet
  facet normal 0.162724 -0.986672 0
    outer loop
      vertex 65.6157 41.9289 3
      vertex 65.8546 41.9683 5
      vertex 65.6157 41.9289 5
    endloop
  endfacet
  facet normal 0.162724 -0.986672 0
    outer loop
      vertex 65.8546 41.9683 5
      vertex 65.6157 41.9289 3
      vertex 65.8546 41.9683 3
    endloop
  endfacet
  facet normal -0.0326272 -0.999468 0
    outer loop
      vertex 66.3375 42 3
      vertex 66.5795 41.9921 5
      vertex 66.3375 42 5
    endloop
  endfacet
  facet normal -0.0326272 -0.999468 -0
    outer loop
      vertex 66.5795 41.9921 5
      vertex 66.3375 42 3
      vertex 66.5795 41.9921 3
    endloop
  endfacet
  facet normal -0.986672 0.162724 0
    outer loop
      vertex 69.9665 37.5782 3
      vertex 70.0059 37.8171 5
      vertex 70.0059 37.8171 3
    endloop
  endfacet
  facet normal -0.986672 0.162724 0
    outer loop
      vertex 70.0059 37.8171 5
      vertex 69.9665 37.5782 3
      vertex 69.9665 37.5782 5
    endloop
  endfacet
  facet normal -0.999505 -0.0314706 0
    outer loop
      vertex 70.0375 38.3 3
      vertex 70.035 38.3794 5
      vertex 70.035 38.3794 3
    endloop
  endfacet
  facet normal -0.999505 -0.0314706 0
    outer loop
      vertex 70.035 38.3794 5
      vertex 70.0375 38.3 3
      vertex 70.0375 38.3 5
    endloop
  endfacet
  facet normal -0.471338 -0.881952 0
    outer loop
      vertex 67.974 41.6184 3
      vertex 68.1875 41.5043 5
      vertex 67.974 41.6184 5
    endloop
  endfacet
  facet normal -0.471338 -0.881952 -0
    outer loop
      vertex 68.1875 41.5043 5
      vertex 67.974 41.6184 3
      vertex 68.1875 41.5043 3
    endloop
  endfacet
  facet normal -0.351938 -0.936023 0
    outer loop
      vertex 67.5269 41.8036 3
      vertex 67.7535 41.7184 5
      vertex 67.5269 41.8036 5
    endloop
  endfacet
  facet normal -0.351938 -0.936023 -0
    outer loop
      vertex 67.7535 41.7184 5
      vertex 67.5269 41.8036 3
      vertex 67.7535 41.7184 3
    endloop
  endfacet
  facet normal -0.527394 -0.849621 0
    outer loop
      vertex 68.1875 41.5043 3
      vertex 68.255 41.4624 5
      vertex 68.1875 41.5043 5
    endloop
  endfacet
  facet normal -0.527394 -0.849621 -0
    outer loop
      vertex 68.255 41.4624 5
      vertex 68.1875 41.5043 3
      vertex 68.255 41.4624 3
    endloop
  endfacet
  facet normal -0.910945 0.412527 0
    outer loop
      vertex 69.656 36.6635 3
      vertex 69.7559 36.8841 5
      vertex 69.7559 36.8841 3
    endloop
  endfacet
  facet normal -0.910945 0.412527 0
    outer loop
      vertex 69.7559 36.8841 5
      vertex 69.656 36.6635 3
      vertex 69.656 36.6635 5
    endloop
  endfacet
  facet normal -0.8127 0.582683 0
    outer loop
      vertex 69.2729 36.0476 3
      vertex 69.414 36.2444 5
      vertex 69.414 36.2444 3
    endloop
  endfacet
  facet normal -0.8127 0.582683 0
    outer loop
      vertex 69.414 36.2444 5
      vertex 69.2729 36.0476 3
      vertex 69.2729 36.0476 5
    endloop
  endfacet
  facet normal -0.227151 -0.973859 0
    outer loop
      vertex 67.0594 41.9289 3
      vertex 67.2952 41.8739 5
      vertex 67.0594 41.9289 5
    endloop
  endfacet
  facet normal -0.227151 -0.973859 -0
    outer loop
      vertex 67.2952 41.8739 5
      vertex 67.0594 41.9289 3
      vertex 67.2952 41.8739 3
    endloop
  endfacet
  facet normal -0.935887 0.3523 0
    outer loop
      vertex 69.7559 36.8841 3
      vertex 69.8412 37.1107 5
      vertex 69.8412 37.1107 3
    endloop
  endfacet
  facet normal -0.935887 0.3523 0
    outer loop
      vertex 69.8412 37.1107 5
      vertex 69.7559 36.8841 3
      vertex 69.7559 36.8841 5
    endloop
  endfacet
  facet normal -0.0982771 -0.995159 0
    outer loop
      vertex 66.5795 41.9921 3
      vertex 66.8205 41.9683 5
      vertex 66.5795 41.9921 5
    endloop
  endfacet
  facet normal -0.0982771 -0.995159 -0
    outer loop
      vertex 66.8205 41.9683 5
      vertex 66.5795 41.9921 3
      vertex 66.8205 41.9683 3
    endloop
  endfacet
  facet normal -0.162724 -0.986672 0
    outer loop
      vertex 66.8205 41.9683 3
      vertex 67.0594 41.9289 5
      vertex 66.8205 41.9683 5
    endloop
  endfacet
  facet normal -0.162724 -0.986672 -0
    outer loop
      vertex 67.0594 41.9289 5
      vertex 66.8205 41.9683 3
      vertex 67.0594 41.9289 3
    endloop
  endfacet
  facet normal -0.849295 0.527918 0
    outer loop
      vertex 69.414 36.2444 3
      vertex 69.5418 36.45 5
      vertex 69.5418 36.45 3
    endloop
  endfacet
  facet normal -0.849295 0.527918 0
    outer loop
      vertex 69.5418 36.45 5
      vertex 69.414 36.2444 3
      vertex 69.414 36.2444 5
    endloop
  endfacet
  facet normal 0.236956 -0.97152 0
    outer loop
      vertex 65.6116 41.9279 3
      vertex 65.6157 41.9289 5
      vertex 65.6116 41.9279 5
    endloop
  endfacet
  facet normal 0.236956 -0.97152 0
    outer loop
      vertex 65.6157 41.9289 5
      vertex 65.6116 41.9279 3
      vertex 65.6157 41.9289 3
    endloop
  endfacet
  facet normal -0.881781 0.47166 0
    outer loop
      vertex 69.5418 36.45 3
      vertex 69.656 36.6635 5
      vertex 69.656 36.6635 3
    endloop
  endfacet
  facet normal -0.881781 0.47166 0
    outer loop
      vertex 69.656 36.6635 5
      vertex 69.5418 36.45 3
      vertex 69.5418 36.45 5
    endloop
  endfacet
  facet normal -0.29034 -0.956924 0
    outer loop
      vertex 67.2952 41.8739 3
      vertex 67.5269 41.8036 5
      vertex 67.2952 41.8739 5
    endloop
  endfacet
  facet normal -0.29034 -0.956924 -0
    outer loop
      vertex 67.5269 41.8036 5
      vertex 67.2952 41.8739 3
      vertex 67.5269 41.8036 3
    endloop
  endfacet
  facet normal 0.773073 -0.634317 0
    outer loop
      vertex -2.93541 78.8524 5
      vertex -2.78181 79.0396 3
      vertex -2.78181 79.0396 5
    endloop
  endfacet
  facet normal 0.773073 -0.634317 0
    outer loop
      vertex -2.78181 79.0396 3
      vertex -2.93541 78.8524 5
      vertex -2.93541 78.8524 3
    endloop
  endfacet
  facet normal -0.528197 -0.849122 0
    outer loop
      vertex 1.85 79.8043 3
      vertex 2.05561 79.6764 5
      vertex 1.85 79.8043 5
    endloop
  endfacet
  facet normal -0.528197 -0.849122 -0
    outer loop
      vertex 2.05561 79.6764 5
      vertex 1.85 79.8043 3
      vertex 2.05561 79.6764 3
    endloop
  endfacet
  facet normal 0.849203 -0.528067 0
    outer loop
      vertex -3.20429 78.45 5
      vertex -3.07644 78.6556 3
      vertex -3.07644 78.6556 5
    endloop
  endfacet
  facet normal 0.849203 -0.528067 0
    outer loop
      vertex -3.07644 78.6556 3
      vertex -3.20429 78.45 5
      vertex -3.20429 78.45 3
    endloop
  endfacet
  facet normal -0.881884 -0.471467 0
    outer loop
      vertex 3.31843 78.2365 3
      vertex 3.20429 78.45 5
      vertex 3.20429 78.45 3
    endloop
  endfacet
  facet normal -0.881884 -0.471467 0
    outer loop
      vertex 3.20429 78.45 5
      vertex 3.31843 78.2365 3
      vertex 3.31843 78.2365 5
    endloop
  endfacet
  facet normal -0.634398 -0.773007 0
    outer loop
      vertex 2.25242 79.5354 3
      vertex 2.43958 79.3818 5
      vertex 2.25242 79.5354 5
    endloop
  endfacet
  facet normal -0.634398 -0.773007 -0
    outer loop
      vertex 2.43958 79.3818 5
      vertex 2.25242 79.5354 3
      vertex 2.43958 79.3818 3
    endloop
  endfacet
  facet normal -0.683577 -0.729878 0
    outer loop
      vertex 2.43958 79.3818 3
      vertex 2.61629 79.2163 5
      vertex 2.43958 79.3818 5
    endloop
  endfacet
  facet normal -0.683577 -0.729878 -0
    outer loop
      vertex 2.61629 79.2163 5
      vertex 2.43958 79.3818 3
      vertex 2.61629 79.2163 3
    endloop
  endfacet
  facet normal -0.849203 -0.528067 0
    outer loop
      vertex 3.20429 78.45 3
      vertex 3.07644 78.6556 5
      vertex 3.07644 78.6556 3
    endloop
  endfacet
  facet normal -0.849203 -0.528067 0
    outer loop
      vertex 3.07644 78.6556 5
      vertex 3.20429 78.45 3
      vertex 3.20429 78.45 5
    endloop
  endfacet
  facet normal -0.910914 -0.412595 0
    outer loop
      vertex 3.41835 78.0159 3
      vertex 3.31843 78.2365 5
      vertex 3.31843 78.2365 3
    endloop
  endfacet
  facet normal -0.910914 -0.412595 0
    outer loop
      vertex 3.31843 78.2365 5
      vertex 3.41835 78.0159 3
      vertex 3.41835 78.0159 5
    endloop
  endfacet
  facet normal 0.910914 -0.412595 0
    outer loop
      vertex -3.41835 78.0159 5
      vertex -3.31843 78.2365 3
      vertex -3.31843 78.2365 5
    endloop
  endfacet
  facet normal 0.910914 -0.412595 0
    outer loop
      vertex -3.31843 78.2365 3
      vertex -3.41835 78.0159 5
      vertex -3.41835 78.0159 3
    endloop
  endfacet
  facet normal 0.881884 -0.471467 0
    outer loop
      vertex -3.31843 78.2365 5
      vertex -3.20429 78.45 3
      vertex -3.20429 78.45 5
    endloop
  endfacet
  facet normal 0.881884 -0.471467 0
    outer loop
      vertex -3.20429 78.45 3
      vertex -3.31843 78.2365 5
      vertex -3.31843 78.2365 3
    endloop
  endfacet
  facet normal -0.471033 -0.882116 0
    outer loop
      vertex 1.77996 79.8417 3
      vertex 1.85 79.8043 5
      vertex 1.77996 79.8417 5
    endloop
  endfacet
  facet normal -0.471033 -0.882116 -0
    outer loop
      vertex 1.85 79.8043 5
      vertex 1.77996 79.8417 3
      vertex 1.85 79.8043 3
    endloop
  endfacet
  facet normal 0.729818 -0.683642 0
    outer loop
      vertex -2.78181 79.0396 5
      vertex -2.61629 79.2163 3
      vertex -2.61629 79.2163 5
    endloop
  endfacet
  facet normal 0.729818 -0.683642 0
    outer loop
      vertex -2.61629 79.2163 3
      vertex -2.78181 79.0396 5
      vertex -2.78181 79.0396 3
    endloop
  endfacet
  facet normal -0.935901 -0.352264 0
    outer loop
      vertex 3.50364 77.7893 3
      vertex 3.41835 78.0159 5
      vertex 3.41835 78.0159 3
    endloop
  endfacet
  facet normal -0.935901 -0.352264 0
    outer loop
      vertex 3.41835 78.0159 5
      vertex 3.50364 77.7893 3
      vertex 3.50364 77.7893 5
    endloop
  endfacet
  facet normal 0.58239 -0.812909 0
    outer loop
      vertex -2.25242 79.5354 3
      vertex -2.05561 79.6764 5
      vertex -2.25242 79.5354 5
    endloop
  endfacet
  facet normal 0.58239 -0.812909 0
    outer loop
      vertex -2.05561 79.6764 5
      vertex -2.25242 79.5354 3
      vertex -2.05561 79.6764 3
    endloop
  endfacet
  facet normal -0.773073 -0.634317 0
    outer loop
      vertex 2.93541 78.8524 3
      vertex 2.78181 79.0396 5
      vertex 2.78181 79.0396 3
    endloop
  endfacet
  facet normal -0.773073 -0.634317 0
    outer loop
      vertex 2.78181 79.0396 5
      vertex 2.93541 78.8524 3
      vertex 2.93541 78.8524 5
    endloop
  endfacet
  facet normal -0.58239 -0.812909 0
    outer loop
      vertex 2.05561 79.6764 3
      vertex 2.25242 79.5354 5
      vertex 2.05561 79.6764 5
    endloop
  endfacet
  facet normal -0.58239 -0.812909 -0
    outer loop
      vertex 2.25242 79.5354 5
      vertex 2.05561 79.6764 3
      vertex 2.25242 79.5354 3
    endloop
  endfacet
  facet normal 0.955831 -0.293918 0
    outer loop
      vertex -3.50487 77.7853 5
      vertex -3.50364 77.7893 3
      vertex -3.50364 77.7893 5
    endloop
  endfacet
  facet normal 0.955831 -0.293918 0
    outer loop
      vertex -3.50364 77.7893 3
      vertex -3.50487 77.7853 5
      vertex -3.50487 77.7853 3
    endloop
  endfacet
  facet normal -0.812837 -0.582492 0
    outer loop
      vertex 3.07644 78.6556 3
      vertex 2.93541 78.8524 5
      vertex 2.93541 78.8524 3
    endloop
  endfacet
  facet normal -0.812837 -0.582492 0
    outer loop
      vertex 2.93541 78.8524 5
      vertex 3.07644 78.6556 3
      vertex 3.07644 78.6556 5
    endloop
  endfacet
  facet normal -0.729818 -0.683642 0
    outer loop
      vertex 2.78181 79.0396 3
      vertex 2.61629 79.2163 5
      vertex 2.61629 79.2163 3
    endloop
  endfacet
  facet normal -0.729818 -0.683642 0
    outer loop
      vertex 2.61629 79.2163 5
      vertex 2.78181 79.0396 3
      vertex 2.78181 79.0396 5
    endloop
  endfacet
  facet normal 0.812837 -0.582492 0
    outer loop
      vertex -3.07644 78.6556 5
      vertex -2.93541 78.8524 3
      vertex -2.93541 78.8524 5
    endloop
  endfacet
  facet normal 0.812837 -0.582492 0
    outer loop
      vertex -2.93541 78.8524 3
      vertex -3.07644 78.6556 5
      vertex -3.07644 78.6556 3
    endloop
  endfacet
  facet normal 0.528197 -0.849122 0
    outer loop
      vertex -2.05561 79.6764 3
      vertex -1.85 79.8043 5
      vertex -2.05561 79.6764 5
    endloop
  endfacet
  facet normal 0.528197 -0.849122 0
    outer loop
      vertex -1.85 79.8043 5
      vertex -2.05561 79.6764 3
      vertex -1.85 79.8043 3
    endloop
  endfacet
  facet normal 0.634398 -0.773007 0
    outer loop
      vertex -2.43958 79.3818 3
      vertex -2.25242 79.5354 5
      vertex -2.43958 79.3818 5
    endloop
  endfacet
  facet normal 0.634398 -0.773007 0
    outer loop
      vertex -2.25242 79.5354 5
      vertex -2.43958 79.3818 3
      vertex -2.25242 79.5354 3
    endloop
  endfacet
  facet normal 0.935901 -0.352264 0
    outer loop
      vertex -3.50364 77.7893 5
      vertex -3.41835 78.0159 3
      vertex -3.41835 78.0159 5
    endloop
  endfacet
  facet normal 0.935901 -0.352264 0
    outer loop
      vertex -3.41835 78.0159 3
      vertex -3.50364 77.7893 5
      vertex -3.50364 77.7893 3
    endloop
  endfacet
  facet normal -0.955831 -0.293918 0
    outer loop
      vertex 3.50487 77.7853 3
      vertex 3.50364 77.7893 5
      vertex 3.50364 77.7893 3
    endloop
  endfacet
  facet normal -0.955831 -0.293918 0
    outer loop
      vertex 3.50364 77.7893 5
      vertex 3.50487 77.7853 3
      vertex 3.50487 77.7853 5
    endloop
  endfacet
  facet normal 0.683577 -0.729878 0
    outer loop
      vertex -2.61629 79.2163 3
      vertex -2.43958 79.3818 5
      vertex -2.61629 79.2163 5
    endloop
  endfacet
  facet normal 0.683577 -0.729878 0
    outer loop
      vertex -2.43958 79.3818 5
      vertex -2.61629 79.2163 3
      vertex -2.43958 79.3818 3
    endloop
  endfacet
  facet normal 0.471033 -0.882116 0
    outer loop
      vertex -1.85 79.8043 3
      vertex -1.77996 79.8417 5
      vertex -1.85 79.8043 5
    endloop
  endfacet
  facet normal 0.471033 -0.882116 0
    outer loop
      vertex -1.77996 79.8417 5
      vertex -1.85 79.8043 3
      vertex -1.77996 79.8417 3
    endloop
  endfacet
  facet normal -0.0982771 -0.995159 0
    outer loop
      vertex -66.0956 41.9921 3
      vertex -65.8546 41.9683 5
      vertex -66.0956 41.9921 5
    endloop
  endfacet
  facet normal -0.0982771 -0.995159 -0
    outer loop
      vertex -65.8546 41.9683 5
      vertex -66.0956 41.9921 3
      vertex -65.8546 41.9683 3
    endloop
  endfacet
  facet normal 0.471338 -0.881952 0
    outer loop
      vertex -68.1875 41.5043 3
      vertex -67.974 41.6184 5
      vertex -68.1875 41.5043 5
    endloop
  endfacet
  facet normal 0.471338 -0.881952 0
    outer loop
      vertex -67.974 41.6184 5
      vertex -68.1875 41.5043 3
      vertex -67.974 41.6184 3
    endloop
  endfacet
  facet normal 0.935887 0.3523 0
    outer loop
      vertex -69.7559 36.8841 5
      vertex -69.8412 37.1107 3
      vertex -69.8412 37.1107 5
    endloop
  endfacet
  facet normal 0.935887 0.3523 0
    outer loop
      vertex -69.8412 37.1107 3
      vertex -69.7559 36.8841 5
      vertex -69.7559 36.8841 3
    endloop
  endfacet
  facet normal 0.413025 -0.91072 0
    outer loop
      vertex -67.974 41.6184 3
      vertex -67.7535 41.7184 5
      vertex -67.974 41.6184 5
    endloop
  endfacet
  facet normal 0.413025 -0.91072 0
    outer loop
      vertex -67.7535 41.7184 5
      vertex -67.974 41.6184 3
      vertex -67.7535 41.7184 3
    endloop
  endfacet
  facet normal -0.0326407 -0.999467 0
    outer loop
      vertex -66.3375 42 3
      vertex -66.0956 41.9921 5
      vertex -66.3375 42 5
    endloop
  endfacet
  facet normal -0.0326407 -0.999467 -0
    outer loop
      vertex -66.0956 41.9921 5
      vertex -66.3375 42 3
      vertex -66.0956 41.9921 3
    endloop
  endfacet
  facet normal 0.0982771 -0.995159 0
    outer loop
      vertex -66.8205 41.9683 3
      vertex -66.5795 41.9921 5
      vertex -66.8205 41.9683 5
    endloop
  endfacet
  facet normal 0.0982771 -0.995159 0
    outer loop
      vertex -66.5795 41.9921 5
      vertex -66.8205 41.9683 3
      vertex -66.5795 41.9921 3
    endloop
  endfacet
  facet normal 0.956924 0.29034 0
    outer loop
      vertex -69.8412 37.1107 5
      vertex -69.9115 37.3424 3
      vertex -69.9115 37.3424 5
    endloop
  endfacet
  facet normal 0.956924 0.29034 0
    outer loop
      vertex -69.9115 37.3424 3
      vertex -69.8412 37.1107 5
      vertex -69.8412 37.1107 3
    endloop
  endfacet
  facet normal 0.849295 0.527918 0
    outer loop
      vertex -69.414 36.2444 5
      vertex -69.5418 36.45 3
      vertex -69.5418 36.45 5
    endloop
  endfacet
  facet normal 0.849295 0.527918 0
    outer loop
      vertex -69.5418 36.45 3
      vertex -69.414 36.2444 5
      vertex -69.414 36.2444 3
    endloop
  endfacet
  facet normal 0.999468 0.0326272 0
    outer loop
      vertex -70.0296 38.058 5
      vertex -70.0375 38.3 3
      vertex -70.0375 38.3 5
    endloop
  endfacet
  facet normal 0.999468 0.0326272 0
    outer loop
      vertex -70.0375 38.3 3
      vertex -70.0296 38.058 5
      vertex -70.0296 38.058 3
    endloop
  endfacet
  facet normal 0.29034 -0.956924 0
    outer loop
      vertex -67.5269 41.8036 3
      vertex -67.2952 41.8739 5
      vertex -67.5269 41.8036 5
    endloop
  endfacet
  facet normal 0.29034 -0.956924 0
    outer loop
      vertex -67.2952 41.8739 5
      vertex -67.5269 41.8036 3
      vertex -67.2952 41.8739 3
    endloop
  endfacet
  facet normal 0.527394 -0.849621 0
    outer loop
      vertex -68.255 41.4624 3
      vertex -68.1875 41.5043 5
      vertex -68.255 41.4624 5
    endloop
  endfacet
  facet normal 0.527394 -0.849621 0
    outer loop
      vertex -68.1875 41.5043 5
      vertex -68.255 41.4624 3
      vertex -68.1875 41.5043 3
    endloop
  endfacet
  facet normal 0.351938 -0.936023 0
    outer loop
      vertex -67.7535 41.7184 3
      vertex -67.5269 41.8036 5
      vertex -67.7535 41.7184 5
    endloop
  endfacet
  facet normal 0.351938 -0.936023 0
    outer loop
      vertex -67.5269 41.8036 5
      vertex -67.7535 41.7184 3
      vertex -67.5269 41.8036 3
    endloop
  endfacet
  facet normal 0.881781 0.47166 0
    outer loop
      vertex -69.5418 36.45 5
      vertex -69.656 36.6635 3
      vertex -69.656 36.6635 5
    endloop
  endfacet
  facet normal 0.881781 0.47166 0
    outer loop
      vertex -69.656 36.6635 3
      vertex -69.5418 36.45 5
      vertex -69.5418 36.45 3
    endloop
  endfacet
  facet normal -0.162724 -0.986672 0
    outer loop
      vertex -65.8546 41.9683 3
      vertex -65.6157 41.9289 5
      vertex -65.8546 41.9683 5
    endloop
  endfacet
  facet normal -0.162724 -0.986672 -0
    outer loop
      vertex -65.6157 41.9289 5
      vertex -65.8546 41.9683 3
      vertex -65.6157 41.9289 3
    endloop
  endfacet
  facet normal 0.999505 -0.0314706 0
    outer loop
      vertex -70.0375 38.3 5
      vertex -70.035 38.3794 3
      vertex -70.035 38.3794 5
    endloop
  endfacet
  facet normal 0.999505 -0.0314706 0
    outer loop
      vertex -70.035 38.3794 3
      vertex -70.0375 38.3 5
      vertex -70.0375 38.3 3
    endloop
  endfacet
  facet normal 0.773276 0.63407 0
    outer loop
      vertex -69.1194 35.8604 5
      vertex -69.2729 36.0476 3
      vertex -69.2729 36.0476 5
    endloop
  endfacet
  facet normal 0.773276 0.63407 0
    outer loop
      vertex -69.2729 36.0476 3
      vertex -69.1194 35.8604 5
      vertex -69.1194 35.8604 3
    endloop
  endfacet
  facet normal -0.236956 -0.97152 0
    outer loop
      vertex -65.6157 41.9289 3
      vertex -65.6116 41.9279 5
      vertex -65.6157 41.9289 5
    endloop
  endfacet
  facet normal -0.236956 -0.97152 -0
    outer loop
      vertex -65.6116 41.9279 5
      vertex -65.6157 41.9289 3
      vertex -65.6116 41.9279 3
    endloop
  endfacet
  facet normal 0.910945 0.412527 0
    outer loop
      vertex -69.656 36.6635 5
      vertex -69.7559 36.8841 3
      vertex -69.7559 36.8841 5
    endloop
  endfacet
  facet normal 0.910945 0.412527 0
    outer loop
      vertex -69.7559 36.8841 3
      vertex -69.656 36.6635 5
      vertex -69.656 36.6635 3
    endloop
  endfacet
  facet normal 0.8127 0.582683 0
    outer loop
      vertex -69.2729 36.0476 5
      vertex -69.414 36.2444 3
      vertex -69.414 36.2444 5
    endloop
  endfacet
  facet normal 0.8127 0.582683 0
    outer loop
      vertex -69.414 36.2444 3
      vertex -69.2729 36.0476 5
      vertex -69.2729 36.0476 3
    endloop
  endfacet
  facet normal 0.995195 0.0979084 0
    outer loop
      vertex -70.0059 37.8171 5
      vertex -70.0296 38.058 3
      vertex -70.0296 38.058 5
    endloop
  endfacet
  facet normal 0.995195 0.0979084 0
    outer loop
      vertex -70.0296 38.058 3
      vertex -70.0059 37.8171 5
      vertex -70.0059 37.8171 3
    endloop
  endfacet
  facet normal 0.986672 0.162724 0
    outer loop
      vertex -69.9665 37.5782 5
      vertex -70.0059 37.8171 3
      vertex -70.0059 37.8171 5
    endloop
  endfacet
  facet normal 0.986672 0.162724 0
    outer loop
      vertex -70.0059 37.8171 3
      vertex -69.9665 37.5782 5
      vertex -69.9665 37.5782 3
    endloop
  endfacet
  facet normal 0.718602 0.695421 0
    outer loop
      vertex -69.1164 35.8573 5
      vertex -69.1194 35.8604 3
      vertex -69.1194 35.8604 5
    endloop
  endfacet
  facet normal 0.718602 0.695421 0
    outer loop
      vertex -69.1194 35.8604 3
      vertex -69.1164 35.8573 5
      vertex -69.1164 35.8573 3
    endloop
  endfacet
  facet normal 0.162724 -0.986672 0
    outer loop
      vertex -67.0594 41.9289 3
      vertex -66.8205 41.9683 5
      vertex -67.0594 41.9289 5
    endloop
  endfacet
  facet normal 0.162724 -0.986672 0
    outer loop
      vertex -66.8205 41.9683 5
      vertex -67.0594 41.9289 3
      vertex -66.8205 41.9683 3
    endloop
  endfacet
  facet normal 0.0326272 -0.999468 0
    outer loop
      vertex -66.5795 41.9921 3
      vertex -66.3375 42 5
      vertex -66.5795 41.9921 5
    endloop
  endfacet
  facet normal 0.0326272 -0.999468 0
    outer loop
      vertex -66.3375 42 5
      vertex -66.5795 41.9921 3
      vertex -66.3375 42 3
    endloop
  endfacet
  facet normal 0.973859 0.227151 0
    outer loop
      vertex -69.9115 37.3424 5
      vertex -69.9665 37.5782 3
      vertex -69.9665 37.5782 5
    endloop
  endfacet
  facet normal 0.973859 0.227151 0
    outer loop
      vertex -69.9665 37.5782 3
      vertex -69.9115 37.3424 5
      vertex -69.9115 37.3424 3
    endloop
  endfacet
  facet normal 0.227151 -0.973859 0
    outer loop
      vertex -67.2952 41.8739 3
      vertex -67.0594 41.9289 5
      vertex -67.2952 41.8739 5
    endloop
  endfacet
  facet normal 0.227151 -0.973859 0
    outer loop
      vertex -67.0594 41.9289 5
      vertex -67.2952 41.8739 3
      vertex -67.0594 41.9289 3
    endloop
  endfacet
  facet normal -0.0982771 0.995159 0
    outer loop
      vertex -65.8546 -41.9683 3
      vertex -66.0956 -41.9921 5
      vertex -65.8546 -41.9683 5
    endloop
  endfacet
  facet normal -0.0982771 0.995159 0
    outer loop
      vertex -66.0956 -41.9921 5
      vertex -65.8546 -41.9683 3
      vertex -66.0956 -41.9921 3
    endloop
  endfacet
  facet normal 0.956924 -0.29034 0
    outer loop
      vertex -69.9115 -37.3424 5
      vertex -69.8412 -37.1107 3
      vertex -69.8412 -37.1107 5
    endloop
  endfacet
  facet normal 0.956924 -0.29034 0
    outer loop
      vertex -69.8412 -37.1107 3
      vertex -69.9115 -37.3424 5
      vertex -69.9115 -37.3424 3
    endloop
  endfacet
  facet normal 0.718602 -0.695421 0
    outer loop
      vertex -69.1194 -35.8604 5
      vertex -69.1164 -35.8573 3
      vertex -69.1164 -35.8573 5
    endloop
  endfacet
  facet normal 0.718602 -0.695421 0
    outer loop
      vertex -69.1164 -35.8573 3
      vertex -69.1194 -35.8604 5
      vertex -69.1194 -35.8604 3
    endloop
  endfacet
  facet normal 0.999468 -0.0326272 0
    outer loop
      vertex -70.0375 -38.3 5
      vertex -70.0296 -38.058 3
      vertex -70.0296 -38.058 5
    endloop
  endfacet
  facet normal 0.999468 -0.0326272 0
    outer loop
      vertex -70.0296 -38.058 3
      vertex -70.0375 -38.3 5
      vertex -70.0375 -38.3 3
    endloop
  endfacet
  facet normal 0.413025 0.91072 -0
    outer loop
      vertex -67.7535 -41.7184 3
      vertex -67.974 -41.6184 5
      vertex -67.7535 -41.7184 5
    endloop
  endfacet
  facet normal 0.413025 0.91072 0
    outer loop
      vertex -67.974 -41.6184 5
      vertex -67.7535 -41.7184 3
      vertex -67.974 -41.6184 3
    endloop
  endfacet
  facet normal -0.0326407 0.999467 0
    outer loop
      vertex -66.0956 -41.9921 3
      vertex -66.3375 -42 5
      vertex -66.0956 -41.9921 5
    endloop
  endfacet
  facet normal -0.0326407 0.999467 0
    outer loop
      vertex -66.3375 -42 5
      vertex -66.0956 -41.9921 3
      vertex -66.3375 -42 3
    endloop
  endfacet
  facet normal -0.162724 0.986672 0
    outer loop
      vertex -65.6157 -41.9289 3
      vertex -65.8546 -41.9683 5
      vertex -65.6157 -41.9289 5
    endloop
  endfacet
  facet normal -0.162724 0.986672 0
    outer loop
      vertex -65.8546 -41.9683 5
      vertex -65.6157 -41.9289 3
      vertex -65.8546 -41.9683 3
    endloop
  endfacet
  facet normal 0.986672 -0.162724 0
    outer loop
      vertex -70.0059 -37.8171 5
      vertex -69.9665 -37.5782 3
      vertex -69.9665 -37.5782 5
    endloop
  endfacet
  facet normal 0.986672 -0.162724 0
    outer loop
      vertex -69.9665 -37.5782 3
      vertex -70.0059 -37.8171 5
      vertex -70.0059 -37.8171 3
    endloop
  endfacet
  facet normal 0.0982771 0.995159 -0
    outer loop
      vertex -66.5795 -41.9921 3
      vertex -66.8205 -41.9683 5
      vertex -66.5795 -41.9921 5
    endloop
  endfacet
  facet normal 0.0982771 0.995159 0
    outer loop
      vertex -66.8205 -41.9683 5
      vertex -66.5795 -41.9921 3
      vertex -66.8205 -41.9683 3
    endloop
  endfacet
  facet normal 0.0326272 0.999468 -0
    outer loop
      vertex -66.3375 -42 3
      vertex -66.5795 -41.9921 5
      vertex -66.3375 -42 5
    endloop
  endfacet
  facet normal 0.0326272 0.999468 0
    outer loop
      vertex -66.5795 -41.9921 5
      vertex -66.3375 -42 3
      vertex -66.5795 -41.9921 3
    endloop
  endfacet
  facet normal 0.999505 0.0314706 0
    outer loop
      vertex -70.035 -38.3794 5
      vertex -70.0375 -38.3 3
      vertex -70.0375 -38.3 5
    endloop
  endfacet
  facet normal 0.999505 0.0314706 0
    outer loop
      vertex -70.0375 -38.3 3
      vertex -70.035 -38.3794 5
      vertex -70.035 -38.3794 3
    endloop
  endfacet
  facet normal 0.773276 -0.63407 0
    outer loop
      vertex -69.2729 -36.0476 5
      vertex -69.1194 -35.8604 3
      vertex -69.1194 -35.8604 5
    endloop
  endfacet
  facet normal 0.773276 -0.63407 0
    outer loop
      vertex -69.1194 -35.8604 3
      vertex -69.2729 -36.0476 5
      vertex -69.2729 -36.0476 3
    endloop
  endfacet
  facet normal 0.351938 0.936023 -0
    outer loop
      vertex -67.5269 -41.8036 3
      vertex -67.7535 -41.7184 5
      vertex -67.5269 -41.8036 5
    endloop
  endfacet
  facet normal 0.351938 0.936023 0
    outer loop
      vertex -67.7535 -41.7184 5
      vertex -67.5269 -41.8036 3
      vertex -67.7535 -41.7184 3
    endloop
  endfacet
  facet normal 0.471338 0.881952 -0
    outer loop
      vertex -67.974 -41.6184 3
      vertex -68.1875 -41.5043 5
      vertex -67.974 -41.6184 5
    endloop
  endfacet
  facet normal 0.471338 0.881952 0
    outer loop
      vertex -68.1875 -41.5043 5
      vertex -67.974 -41.6184 3
      vertex -68.1875 -41.5043 3
    endloop
  endfacet
  facet normal 0.995195 -0.0979084 0
    outer loop
      vertex -70.0296 -38.058 5
      vertex -70.0059 -37.8171 3
      vertex -70.0059 -37.8171 5
    endloop
  endfacet
  facet normal 0.995195 -0.0979084 0
    outer loop
      vertex -70.0059 -37.8171 3
      vertex -70.0296 -38.058 5
      vertex -70.0296 -38.058 3
    endloop
  endfacet
  facet normal 0.527394 0.849621 -0
    outer loop
      vertex -68.1875 -41.5043 3
      vertex -68.255 -41.4624 5
      vertex -68.1875 -41.5043 5
    endloop
  endfacet
  facet normal 0.527394 0.849621 0
    outer loop
      vertex -68.255 -41.4624 5
      vertex -68.1875 -41.5043 3
      vertex -68.255 -41.4624 3
    endloop
  endfacet
  facet normal 0.8127 -0.582683 0
    outer loop
      vertex -69.414 -36.2444 5
      vertex -69.2729 -36.0476 3
      vertex -69.2729 -36.0476 5
    endloop
  endfacet
  facet normal 0.8127 -0.582683 0
    outer loop
      vertex -69.2729 -36.0476 3
      vertex -69.414 -36.2444 5
      vertex -69.414 -36.2444 3
    endloop
  endfacet
  facet normal 0.935887 -0.3523 0
    outer loop
      vertex -69.8412 -37.1107 5
      vertex -69.7559 -36.8841 3
      vertex -69.7559 -36.8841 5
    endloop
  endfacet
  facet normal 0.935887 -0.3523 0
    outer loop
      vertex -69.7559 -36.8841 3
      vertex -69.8412 -37.1107 5
      vertex -69.8412 -37.1107 3
    endloop
  endfacet
  facet normal 0.227151 0.973859 -0
    outer loop
      vertex -67.0594 -41.9289 3
      vertex -67.2952 -41.8739 5
      vertex -67.0594 -41.9289 5
    endloop
  endfacet
  facet normal 0.227151 0.973859 0
    outer loop
      vertex -67.2952 -41.8739 5
      vertex -67.0594 -41.9289 3
      vertex -67.2952 -41.8739 3
    endloop
  endfacet
  facet normal 0.162724 0.986672 -0
    outer loop
      vertex -66.8205 -41.9683 3
      vertex -67.0594 -41.9289 5
      vertex -66.8205 -41.9683 5
    endloop
  endfacet
  facet normal 0.162724 0.986672 0
    outer loop
      vertex -67.0594 -41.9289 5
      vertex -66.8205 -41.9683 3
      vertex -67.0594 -41.9289 3
    endloop
  endfacet
  facet normal 0.910945 -0.412527 0
    outer loop
      vertex -69.7559 -36.8841 5
      vertex -69.656 -36.6635 3
      vertex -69.656 -36.6635 5
    endloop
  endfacet
  facet normal 0.910945 -0.412527 0
    outer loop
      vertex -69.656 -36.6635 3
      vertex -69.7559 -36.8841 5
      vertex -69.7559 -36.8841 3
    endloop
  endfacet
  facet normal 0.849295 -0.527918 0
    outer loop
      vertex -69.5418 -36.45 5
      vertex -69.414 -36.2444 3
      vertex -69.414 -36.2444 5
    endloop
  endfacet
  facet normal 0.849295 -0.527918 0
    outer loop
      vertex -69.414 -36.2444 3
      vertex -69.5418 -36.45 5
      vertex -69.5418 -36.45 3
    endloop
  endfacet
  facet normal -0.236956 0.97152 0
    outer loop
      vertex -65.6116 -41.9279 3
      vertex -65.6157 -41.9289 5
      vertex -65.6116 -41.9279 5
    endloop
  endfacet
  facet normal -0.236956 0.97152 0
    outer loop
      vertex -65.6157 -41.9289 5
      vertex -65.6116 -41.9279 3
      vertex -65.6157 -41.9289 3
    endloop
  endfacet
  facet normal 0.973859 -0.227151 0
    outer loop
      vertex -69.9665 -37.5782 5
      vertex -69.9115 -37.3424 3
      vertex -69.9115 -37.3424 5
    endloop
  endfacet
  facet normal 0.973859 -0.227151 0
    outer loop
      vertex -69.9115 -37.3424 3
      vertex -69.9665 -37.5782 5
      vertex -69.9665 -37.5782 3
    endloop
  endfacet
  facet normal 0.29034 0.956924 -0
    outer loop
      vertex -67.2952 -41.8739 3
      vertex -67.5269 -41.8036 5
      vertex -67.2952 -41.8739 5
    endloop
  endfacet
  facet normal 0.29034 0.956924 0
    outer loop
      vertex -67.5269 -41.8036 5
      vertex -67.2952 -41.8739 3
      vertex -67.5269 -41.8036 3
    endloop
  endfacet
  facet normal 0.881781 -0.47166 0
    outer loop
      vertex -69.656 -36.6635 5
      vertex -69.5418 -36.45 3
      vertex -69.5418 -36.45 5
    endloop
  endfacet
  facet normal 0.881781 -0.47166 0
    outer loop
      vertex -69.5418 -36.45 3
      vertex -69.656 -36.6635 5
      vertex -69.656 -36.6635 3
    endloop
  endfacet
  facet normal -0.773073 0.634317 0
    outer loop
      vertex 2.78181 -79.0396 3
      vertex 2.93541 -78.8524 5
      vertex 2.93541 -78.8524 3
    endloop
  endfacet
  facet normal -0.773073 0.634317 0
    outer loop
      vertex 2.93541 -78.8524 5
      vertex 2.78181 -79.0396 3
      vertex 2.78181 -79.0396 5
    endloop
  endfacet
  facet normal 0.528197 0.849122 -0
    outer loop
      vertex -1.85 -79.8043 3
      vertex -2.05561 -79.6764 5
      vertex -1.85 -79.8043 5
    endloop
  endfacet
  facet normal 0.528197 0.849122 0
    outer loop
      vertex -2.05561 -79.6764 5
      vertex -1.85 -79.8043 3
      vertex -2.05561 -79.6764 3
    endloop
  endfacet
  facet normal -0.58239 0.812909 0
    outer loop
      vertex 2.25242 -79.5354 3
      vertex 2.05561 -79.6764 5
      vertex 2.25242 -79.5354 5
    endloop
  endfacet
  facet normal -0.58239 0.812909 0
    outer loop
      vertex 2.05561 -79.6764 5
      vertex 2.25242 -79.5354 3
      vertex 2.05561 -79.6764 3
    endloop
  endfacet
  facet normal 0.881884 0.471467 0
    outer loop
      vertex -3.20429 -78.45 5
      vertex -3.31843 -78.2365 3
      vertex -3.31843 -78.2365 5
    endloop
  endfacet
  facet normal 0.881884 0.471467 0
    outer loop
      vertex -3.31843 -78.2365 3
      vertex -3.20429 -78.45 5
      vertex -3.20429 -78.45 3
    endloop
  endfacet
  facet normal 0.634398 0.773007 -0
    outer loop
      vertex -2.25242 -79.5354 3
      vertex -2.43958 -79.3818 5
      vertex -2.25242 -79.5354 5
    endloop
  endfacet
  facet normal 0.634398 0.773007 0
    outer loop
      vertex -2.43958 -79.3818 5
      vertex -2.25242 -79.5354 3
      vertex -2.43958 -79.3818 3
    endloop
  endfacet
  facet normal 0.471033 0.882116 -0
    outer loop
      vertex -1.77996 -79.8417 3
      vertex -1.85 -79.8043 5
      vertex -1.77996 -79.8417 5
    endloop
  endfacet
  facet normal 0.471033 0.882116 0
    outer loop
      vertex -1.85 -79.8043 5
      vertex -1.77996 -79.8417 3
      vertex -1.85 -79.8043 3
    endloop
  endfacet
  facet normal 0.910914 0.412595 0
    outer loop
      vertex -3.31843 -78.2365 5
      vertex -3.41835 -78.0159 3
      vertex -3.41835 -78.0159 5
    endloop
  endfacet
  facet normal 0.910914 0.412595 0
    outer loop
      vertex -3.41835 -78.0159 3
      vertex -3.31843 -78.2365 5
      vertex -3.31843 -78.2365 3
    endloop
  endfacet
  facet normal -0.881884 0.471467 0
    outer loop
      vertex 3.20429 -78.45 3
      vertex 3.31843 -78.2365 5
      vertex 3.31843 -78.2365 3
    endloop
  endfacet
  facet normal -0.881884 0.471467 0
    outer loop
      vertex 3.31843 -78.2365 5
      vertex 3.20429 -78.45 3
      vertex 3.20429 -78.45 5
    endloop
  endfacet
  facet normal -0.729818 0.683642 0
    outer loop
      vertex 2.61629 -79.2163 3
      vertex 2.78181 -79.0396 5
      vertex 2.78181 -79.0396 3
    endloop
  endfacet
  facet normal -0.729818 0.683642 0
    outer loop
      vertex 2.78181 -79.0396 5
      vertex 2.61629 -79.2163 3
      vertex 2.61629 -79.2163 5
    endloop
  endfacet
  facet normal 0.935901 0.352264 0
    outer loop
      vertex -3.41835 -78.0159 5
      vertex -3.50364 -77.7893 3
      vertex -3.50364 -77.7893 5
    endloop
  endfacet
  facet normal 0.935901 0.352264 0
    outer loop
      vertex -3.50364 -77.7893 3
      vertex -3.41835 -78.0159 5
      vertex -3.41835 -78.0159 3
    endloop
  endfacet
  facet normal 0.849203 0.528067 0
    outer loop
      vertex -3.07644 -78.6556 5
      vertex -3.20429 -78.45 3
      vertex -3.20429 -78.45 5
    endloop
  endfacet
  facet normal 0.849203 0.528067 0
    outer loop
      vertex -3.20429 -78.45 3
      vertex -3.07644 -78.6556 5
      vertex -3.07644 -78.6556 3
    endloop
  endfacet
  facet normal -0.910914 0.412595 0
    outer loop
      vertex 3.31843 -78.2365 3
      vertex 3.41835 -78.0159 5
      vertex 3.41835 -78.0159 3
    endloop
  endfacet
  facet normal -0.910914 0.412595 0
    outer loop
      vertex 3.41835 -78.0159 5
      vertex 3.31843 -78.2365 3
      vertex 3.31843 -78.2365 5
    endloop
  endfacet
  facet normal -0.812837 0.582492 0
    outer loop
      vertex 2.93541 -78.8524 3
      vertex 3.07644 -78.6556 5
      vertex 3.07644 -78.6556 3
    endloop
  endfacet
  facet normal -0.812837 0.582492 0
    outer loop
      vertex 3.07644 -78.6556 5
      vertex 2.93541 -78.8524 3
      vertex 2.93541 -78.8524 5
    endloop
  endfacet
  facet normal -0.849203 0.528067 0
    outer loop
      vertex 3.07644 -78.6556 3
      vertex 3.20429 -78.45 5
      vertex 3.20429 -78.45 3
    endloop
  endfacet
  facet normal -0.849203 0.528067 0
    outer loop
      vertex 3.20429 -78.45 5
      vertex 3.07644 -78.6556 3
      vertex 3.07644 -78.6556 5
    endloop
  endfacet
  facet normal 0.58239 0.812909 -0
    outer loop
      vertex -2.05561 -79.6764 3
      vertex -2.25242 -79.5354 5
      vertex -2.05561 -79.6764 5
    endloop
  endfacet
  facet normal 0.58239 0.812909 0
    outer loop
      vertex -2.25242 -79.5354 5
      vertex -2.05561 -79.6764 3
      vertex -2.25242 -79.5354 3
    endloop
  endfacet
  facet normal -0.683577 0.729878 0
    outer loop
      vertex 2.61629 -79.2163 3
      vertex 2.43958 -79.3818 5
      vertex 2.61629 -79.2163 5
    endloop
  endfacet
  facet normal -0.683577 0.729878 0
    outer loop
      vertex 2.43958 -79.3818 5
      vertex 2.61629 -79.2163 3
      vertex 2.43958 -79.3818 3
    endloop
  endfacet
  facet normal 0.812837 0.582492 0
    outer loop
      vertex -2.93541 -78.8524 5
      vertex -3.07644 -78.6556 3
      vertex -3.07644 -78.6556 5
    endloop
  endfacet
  facet normal 0.812837 0.582492 0
    outer loop
      vertex -3.07644 -78.6556 3
      vertex -2.93541 -78.8524 5
      vertex -2.93541 -78.8524 3
    endloop
  endfacet
  facet normal -0.528197 0.849122 0
    outer loop
      vertex 2.05561 -79.6764 3
      vertex 1.85 -79.8043 5
      vertex 2.05561 -79.6764 5
    endloop
  endfacet
  facet normal -0.528197 0.849122 0
    outer loop
      vertex 1.85 -79.8043 5
      vertex 2.05561 -79.6764 3
      vertex 1.85 -79.8043 3
    endloop
  endfacet
  facet normal 0.955831 0.293918 0
    outer loop
      vertex -3.50364 -77.7893 5
      vertex -3.50487 -77.7853 3
      vertex -3.50487 -77.7853 5
    endloop
  endfacet
  facet normal 0.955831 0.293918 0
    outer loop
      vertex -3.50487 -77.7853 3
      vertex -3.50364 -77.7893 5
      vertex -3.50364 -77.7893 3
    endloop
  endfacet
  facet normal 0.729818 0.683642 0
    outer loop
      vertex -2.61629 -79.2163 5
      vertex -2.78181 -79.0396 3
      vertex -2.78181 -79.0396 5
    endloop
  endfacet
  facet normal 0.729818 0.683642 0
    outer loop
      vertex -2.78181 -79.0396 3
      vertex -2.61629 -79.2163 5
      vertex -2.61629 -79.2163 3
    endloop
  endfacet
  facet normal -0.634398 0.773007 0
    outer loop
      vertex 2.43958 -79.3818 3
      vertex 2.25242 -79.5354 5
      vertex 2.43958 -79.3818 5
    endloop
  endfacet
  facet normal -0.634398 0.773007 0
    outer loop
      vertex 2.25242 -79.5354 5
      vertex 2.43958 -79.3818 3
      vertex 2.25242 -79.5354 3
    endloop
  endfacet
  facet normal -0.935901 0.352264 0
    outer loop
      vertex 3.41835 -78.0159 3
      vertex 3.50364 -77.7893 5
      vertex 3.50364 -77.7893 3
    endloop
  endfacet
  facet normal -0.935901 0.352264 0
    outer loop
      vertex 3.50364 -77.7893 5
      vertex 3.41835 -78.0159 3
      vertex 3.41835 -78.0159 5
    endloop
  endfacet
  facet normal 0.683577 0.729878 -0
    outer loop
      vertex -2.43958 -79.3818 3
      vertex -2.61629 -79.2163 5
      vertex -2.43958 -79.3818 5
    endloop
  endfacet
  facet normal 0.683577 0.729878 0
    outer loop
      vertex -2.61629 -79.2163 5
      vertex -2.43958 -79.3818 3
      vertex -2.61629 -79.2163 3
    endloop
  endfacet
  facet normal -0.471033 0.882116 0
    outer loop
      vertex 1.85 -79.8043 3
      vertex 1.77996 -79.8417 5
      vertex 1.85 -79.8043 5
    endloop
  endfacet
  facet normal -0.471033 0.882116 0
    outer loop
      vertex 1.77996 -79.8417 5
      vertex 1.85 -79.8043 3
      vertex 1.77996 -79.8417 3
    endloop
  endfacet
  facet normal 0.773073 0.634317 0
    outer loop
      vertex -2.78181 -79.0396 5
      vertex -2.93541 -78.8524 3
      vertex -2.93541 -78.8524 5
    endloop
  endfacet
  facet normal 0.773073 0.634317 0
    outer loop
      vertex -2.93541 -78.8524 3
      vertex -2.78181 -79.0396 5
      vertex -2.78181 -79.0396 3
    endloop
  endfacet
  facet normal -0.955831 0.293918 0
    outer loop
      vertex 3.50364 -77.7893 3
      vertex 3.50487 -77.7853 5
      vertex 3.50487 -77.7853 3
    endloop
  endfacet
  facet normal -0.955831 0.293918 0
    outer loop
      vertex 3.50487 -77.7853 5
      vertex 3.50364 -77.7893 3
      vertex 3.50364 -77.7893 5
    endloop
  endfacet
  facet normal -0.0982771 0.995159 0
    outer loop
      vertex 66.8205 -41.9683 3
      vertex 66.5795 -41.9921 5
      vertex 66.8205 -41.9683 5
    endloop
  endfacet
  facet normal -0.0982771 0.995159 0
    outer loop
      vertex 66.5795 -41.9921 5
      vertex 66.8205 -41.9683 3
      vertex 66.5795 -41.9921 3
    endloop
  endfacet
  facet normal -0.471338 0.881952 0
    outer loop
      vertex 68.1875 -41.5043 3
      vertex 67.974 -41.6184 5
      vertex 68.1875 -41.5043 5
    endloop
  endfacet
  facet normal -0.471338 0.881952 0
    outer loop
      vertex 67.974 -41.6184 5
      vertex 68.1875 -41.5043 3
      vertex 67.974 -41.6184 3
    endloop
  endfacet
  facet normal -0.351938 0.936023 0
    outer loop
      vertex 67.7535 -41.7184 3
      vertex 67.5269 -41.8036 5
      vertex 67.7535 -41.7184 5
    endloop
  endfacet
  facet normal -0.351938 0.936023 0
    outer loop
      vertex 67.5269 -41.8036 5
      vertex 67.7535 -41.7184 3
      vertex 67.5269 -41.8036 3
    endloop
  endfacet
  facet normal -0.881781 -0.47166 0
    outer loop
      vertex 69.656 -36.6635 3
      vertex 69.5418 -36.45 5
      vertex 69.5418 -36.45 3
    endloop
  endfacet
  facet normal -0.881781 -0.47166 0
    outer loop
      vertex 69.5418 -36.45 5
      vertex 69.656 -36.6635 3
      vertex 69.656 -36.6635 5
    endloop
  endfacet
  facet normal 0.0982771 0.995159 -0
    outer loop
      vertex 66.0956 -41.9921 3
      vertex 65.8546 -41.9683 5
      vertex 66.0956 -41.9921 5
    endloop
  endfacet
  facet normal 0.0982771 0.995159 0
    outer loop
      vertex 65.8546 -41.9683 5
      vertex 66.0956 -41.9921 3
      vertex 65.8546 -41.9683 3
    endloop
  endfacet
  facet normal -0.0326272 0.999468 0
    outer loop
      vertex 66.5795 -41.9921 3
      vertex 66.3375 -42 5
      vertex 66.5795 -41.9921 5
    endloop
  endfacet
  facet normal -0.0326272 0.999468 0
    outer loop
      vertex 66.3375 -42 5
      vertex 66.5795 -41.9921 3
      vertex 66.3375 -42 3
    endloop
  endfacet
  facet normal -0.935887 -0.3523 0
    outer loop
      vertex 69.8412 -37.1107 3
      vertex 69.7559 -36.8841 5
      vertex 69.7559 -36.8841 3
    endloop
  endfacet
  facet normal -0.935887 -0.3523 0
    outer loop
      vertex 69.7559 -36.8841 5
      vertex 69.8412 -37.1107 3
      vertex 69.8412 -37.1107 5
    endloop
  endfacet
  facet normal -0.773276 -0.63407 0
    outer loop
      vertex 69.2729 -36.0476 3
      vertex 69.1194 -35.8604 5
      vertex 69.1194 -35.8604 3
    endloop
  endfacet
  facet normal -0.773276 -0.63407 0
    outer loop
      vertex 69.1194 -35.8604 5
      vertex 69.2729 -36.0476 3
      vertex 69.2729 -36.0476 5
    endloop
  endfacet
  facet normal 0.0326407 0.999467 -0
    outer loop
      vertex 66.3375 -42 3
      vertex 66.0956 -41.9921 5
      vertex 66.3375 -42 5
    endloop
  endfacet
  facet normal 0.0326407 0.999467 0
    outer loop
      vertex 66.0956 -41.9921 5
      vertex 66.3375 -42 3
      vertex 66.0956 -41.9921 3
    endloop
  endfacet
  facet normal -0.227151 0.973859 0
    outer loop
      vertex 67.2952 -41.8739 3
      vertex 67.0594 -41.9289 5
      vertex 67.2952 -41.8739 5
    endloop
  endfacet
  facet normal -0.227151 0.973859 0
    outer loop
      vertex 67.0594 -41.9289 5
      vertex 67.2952 -41.8739 3
      vertex 67.0594 -41.9289 3
    endloop
  endfacet
  facet normal -0.956924 -0.29034 0
    outer loop
      vertex 69.9115 -37.3424 3
      vertex 69.8412 -37.1107 5
      vertex 69.8412 -37.1107 3
    endloop
  endfacet
  facet normal -0.956924 -0.29034 0
    outer loop
      vertex 69.8412 -37.1107 5
      vertex 69.9115 -37.3424 3
      vertex 69.9115 -37.3424 5
    endloop
  endfacet
  facet normal -0.973859 -0.227151 0
    outer loop
      vertex 69.9665 -37.5782 3
      vertex 69.9115 -37.3424 5
      vertex 69.9115 -37.3424 3
    endloop
  endfacet
  facet normal -0.973859 -0.227151 0
    outer loop
      vertex 69.9115 -37.3424 5
      vertex 69.9665 -37.5782 3
      vertex 69.9665 -37.5782 5
    endloop
  endfacet
  facet normal -0.849295 -0.527918 0
    outer loop
      vertex 69.5418 -36.45 3
      vertex 69.414 -36.2444 5
      vertex 69.414 -36.2444 3
    endloop
  endfacet
  facet normal -0.849295 -0.527918 0
    outer loop
      vertex 69.414 -36.2444 5
      vertex 69.5418 -36.45 3
      vertex 69.5418 -36.45 5
    endloop
  endfacet
  facet normal -0.999468 -0.0326272 0
    outer loop
      vertex 70.0375 -38.3 3
      vertex 70.0296 -38.058 5
      vertex 70.0296 -38.058 3
    endloop
  endfacet
  facet normal -0.999468 -0.0326272 0
    outer loop
      vertex 70.0296 -38.058 5
      vertex 70.0375 -38.3 3
      vertex 70.0375 -38.3 5
    endloop
  endfacet
  facet normal -0.29034 0.956924 0
    outer loop
      vertex 67.5269 -41.8036 3
      vertex 67.2952 -41.8739 5
      vertex 67.5269 -41.8036 5
    endloop
  endfacet
  facet normal -0.29034 0.956924 0
    outer loop
      vertex 67.2952 -41.8739 5
      vertex 67.5269 -41.8036 3
      vertex 67.2952 -41.8739 3
    endloop
  endfacet
  facet normal -0.527394 0.849621 0
    outer loop
      vertex 68.255 -41.4624 3
      vertex 68.1875 -41.5043 5
      vertex 68.255 -41.4624 5
    endloop
  endfacet
  facet normal -0.527394 0.849621 0
    outer loop
      vertex 68.1875 -41.5043 5
      vertex 68.255 -41.4624 3
      vertex 68.1875 -41.5043 3
    endloop
  endfacet
  facet normal 0.162724 0.986672 -0
    outer loop
      vertex 65.8546 -41.9683 3
      vertex 65.6157 -41.9289 5
      vertex 65.8546 -41.9683 5
    endloop
  endfacet
  facet normal 0.162724 0.986672 0
    outer loop
      vertex 65.6157 -41.9289 5
      vertex 65.8546 -41.9683 3
      vertex 65.6157 -41.9289 3
    endloop
  endfacet
  facet normal -0.999505 0.0314706 0
    outer loop
      vertex 70.035 -38.3794 3
      vertex 70.0375 -38.3 5
      vertex 70.0375 -38.3 3
    endloop
  endfacet
  facet normal -0.999505 0.0314706 0
    outer loop
      vertex 70.0375 -38.3 5
      vertex 70.035 -38.3794 3
      vertex 70.035 -38.3794 5
    endloop
  endfacet
  facet normal -0.986672 -0.162724 0
    outer loop
      vertex 70.0059 -37.8171 3
      vertex 69.9665 -37.5782 5
      vertex 69.9665 -37.5782 3
    endloop
  endfacet
  facet normal -0.986672 -0.162724 0
    outer loop
      vertex 69.9665 -37.5782 5
      vertex 70.0059 -37.8171 3
      vertex 70.0059 -37.8171 5
    endloop
  endfacet
  facet normal -0.910945 -0.412527 0
    outer loop
      vertex 69.7559 -36.8841 3
      vertex 69.656 -36.6635 5
      vertex 69.656 -36.6635 3
    endloop
  endfacet
  facet normal -0.910945 -0.412527 0
    outer loop
      vertex 69.656 -36.6635 5
      vertex 69.7559 -36.8841 3
      vertex 69.7559 -36.8841 5
    endloop
  endfacet
  facet normal -0.8127 -0.582683 0
    outer loop
      vertex 69.414 -36.2444 3
      vertex 69.2729 -36.0476 5
      vertex 69.2729 -36.0476 3
    endloop
  endfacet
  facet normal -0.8127 -0.582683 0
    outer loop
      vertex 69.2729 -36.0476 5
      vertex 69.414 -36.2444 3
      vertex 69.414 -36.2444 5
    endloop
  endfacet
  facet normal -0.995195 -0.0979084 0
    outer loop
      vertex 70.0296 -38.058 3
      vertex 70.0059 -37.8171 5
      vertex 70.0059 -37.8171 3
    endloop
  endfacet
  facet normal -0.995195 -0.0979084 0
    outer loop
      vertex 70.0059 -37.8171 5
      vertex 70.0296 -38.058 3
      vertex 70.0296 -38.058 5
    endloop
  endfacet
  facet normal 0.236956 0.97152 -0
    outer loop
      vertex 65.6157 -41.9289 3
      vertex 65.6116 -41.9279 5
      vertex 65.6157 -41.9289 5
    endloop
  endfacet
  facet normal 0.236956 0.97152 0
    outer loop
      vertex 65.6116 -41.9279 5
      vertex 65.6157 -41.9289 3
      vertex 65.6116 -41.9279 3
    endloop
  endfacet
  facet normal -0.162724 0.986672 0
    outer loop
      vertex 67.0594 -41.9289 3
      vertex 66.8205 -41.9683 5
      vertex 67.0594 -41.9289 5
    endloop
  endfacet
  facet normal -0.162724 0.986672 0
    outer loop
      vertex 66.8205 -41.9683 5
      vertex 67.0594 -41.9289 3
      vertex 66.8205 -41.9683 3
    endloop
  endfacet
  facet normal -0.413025 0.91072 0
    outer loop
      vertex 67.974 -41.6184 3
      vertex 67.7535 -41.7184 5
      vertex 67.974 -41.6184 5
    endloop
  endfacet
  facet normal -0.413025 0.91072 0
    outer loop
      vertex 67.7535 -41.7184 5
      vertex 67.974 -41.6184 3
      vertex 67.7535 -41.7184 3
    endloop
  endfacet
  facet normal -0.718602 -0.695421 0
    outer loop
      vertex 69.1194 -35.8604 3
      vertex 69.1164 -35.8573 5
      vertex 69.1164 -35.8573 3
    endloop
  endfacet
  facet normal -0.718602 -0.695421 0
    outer loop
      vertex 69.1164 -35.8573 5
      vertex 69.1194 -35.8604 3
      vertex 69.1194 -35.8604 5
    endloop
  endfacet
  facet normal 0.995184 0.0980211 0
    outer loop
      vertex 79.7289 5.22571 5
      vertex 79.2164 10.429 3
      vertex 79.2164 10.429 5
    endloop
  endfacet
  facet normal 0.995184 0.0980211 0
    outer loop
      vertex 79.2164 10.429 3
      vertex 79.7289 5.22571 5
      vertex 79.7289 5.22571 3
    endloop
  endfacet
  facet normal 0.999464 0.0327244 0
    outer loop
      vertex 79.9 0 5
      vertex 79.7289 5.22571 3
      vertex 79.7289 5.22571 5
    endloop
  endfacet
  facet normal 0.999464 0.0327244 0
    outer loop
      vertex 79.7289 5.22571 3
      vertex 79.9 0 5
      vertex 79.9 0 3
    endloop
  endfacet
  facet normal 0.683596 -0.729861 0
    outer loop
      vertex 52.6817 -60.072 3
      vertex 56.4978 -56.4978 5
      vertex 52.6817 -60.072 5
    endloop
  endfacet
  facet normal 0.683596 -0.729861 0
    outer loop
      vertex 56.4978 -56.4978 5
      vertex 52.6817 -60.072 3
      vertex 56.4978 -56.4978 3
    endloop
  endfacet
  facet normal -0.582486 0.812841 0
    outer loop
      vertex -44.3901 66.4344 3
      vertex -48.64 63.3889 5
      vertex -44.3901 66.4344 5
    endloop
  endfacet
  facet normal -0.582486 0.812841 0
    outer loop
      vertex -48.64 63.3889 5
      vertex -44.3901 66.4344 3
      vertex -48.64 63.3889 3
    endloop
  endfacet
  facet normal 0.162895 0.986643 -0
    outer loop
      vertex 15.5877 78.3647 3
      vertex 10.429 79.2164 5
      vertex 15.5877 78.3647 5
    endloop
  endfacet
  facet normal 0.162895 0.986643 0
    outer loop
      vertex 10.429 79.2164 5
      vertex 15.5877 78.3647 3
      vertex 10.429 79.2164 3
    endloop
  endfacet
  facet normal -0.290291 0.956938 0
    outer loop
      vertex -20.6796 77.1775 3
      vertex -25.683 75.6597 5
      vertex -20.6796 77.1775 5
    endloop
  endfacet
  facet normal -0.290291 0.956938 0
    outer loop
      vertex -25.683 75.6597 5
      vertex -20.6796 77.1775 3
      vertex -25.683 75.6597 3
    endloop
  endfacet
  facet normal -0.162895 0.986643 0
    outer loop
      vertex -10.429 79.2164 3
      vertex -15.5877 78.3647 5
      vertex -10.429 79.2164 5
    endloop
  endfacet
  facet normal -0.162895 0.986643 0
    outer loop
      vertex -15.5877 78.3647 5
      vertex -10.429 79.2164 3
      vertex -15.5877 78.3647 3
    endloop
  endfacet
  facet normal 0.910861 0.412713 0
    outer loop
      vertex 73.818 30.5764 5
      vertex 71.6601 35.3389 3
      vertex 71.6601 35.3389 5
    endloop
  endfacet
  facet normal 0.910861 0.412713 0
    outer loop
      vertex 71.6601 35.3389 3
      vertex 73.818 30.5764 5
      vertex 73.818 30.5764 3
    endloop
  endfacet
  facet normal 0.812841 -0.582486 0
    outer loop
      vertex 63.3889 -48.64 5
      vertex 66.4344 -44.3901 3
      vertex 66.4344 -44.3901 5
    endloop
  endfacet
  facet normal 0.812841 -0.582486 0
    outer loop
      vertex 66.4344 -44.3901 3
      vertex 63.3889 -48.64 5
      vertex 63.3889 -48.64 3
    endloop
  endfacet
  facet normal -0.290291 -0.956938 0
    outer loop
      vertex -25.683 -75.6597 3
      vertex -20.6796 -77.1775 5
      vertex -25.683 -75.6597 5
    endloop
  endfacet
  facet normal -0.290291 -0.956938 -0
    outer loop
      vertex -20.6796 -77.1775 5
      vertex -25.683 -75.6597 3
      vertex -20.6796 -77.1775 3
    endloop
  endfacet
  facet normal 0.0327185 -0.999465 0
    outer loop
      vertex 1.77996 -79.8417 3
      vertex 5.22571 -79.7289 5
      vertex 1.77996 -79.8417 5
    endloop
  endfacet
  facet normal 0.0327185 -0.999465 0
    outer loop
      vertex 5.22571 -79.7289 5
      vertex 1.77996 -79.8417 3
      vertex 5.22571 -79.7289 3
    endloop
  endfacet
  facet normal -0.97388 0.227065 0
    outer loop
      vertex -78.3647 15.5877 3
      vertex -77.1775 20.6796 5
      vertex -77.1775 20.6796 3
    endloop
  endfacet
  facet normal -0.97388 0.227065 0
    outer loop
      vertex -77.1775 20.6796 5
      vertex -78.3647 15.5877 3
      vertex -78.3647 15.5877 5
    endloop
  endfacet
  facet normal -0.0327185 -0.999465 0
    outer loop
      vertex -5.22571 -79.7289 3
      vertex -1.77996 -79.8417 5
      vertex -5.22571 -79.7289 5
    endloop
  endfacet
  facet normal -0.0327185 -0.999465 -0
    outer loop
      vertex -1.77996 -79.8417 5
      vertex -5.22571 -79.7289 3
      vertex -1.77996 -79.8417 3
    endloop
  endfacet
  facet normal 0.471399 -0.88192 0
    outer loop
      vertex 35.3389 -71.6601 3
      vertex 39.95 -69.1954 5
      vertex 35.3389 -71.6601 5
    endloop
  endfacet
  facet normal 0.471399 -0.88192 0
    outer loop
      vertex 39.95 -69.1954 5
      vertex 35.3389 -71.6601 3
      vertex 39.95 -69.1954 3
    endloop
  endfacet
  facet normal -0.412713 0.910861 0
    outer loop
      vertex -30.5764 73.818 3
      vertex -35.3389 71.6601 5
      vertex -30.5764 73.818 5
    endloop
  endfacet
  facet normal -0.412713 0.910861 0
    outer loop
      vertex -35.3389 71.6601 5
      vertex -30.5764 73.818 3
      vertex -35.3389 71.6601 3
    endloop
  endfacet
  facet normal 0.935909 0.352242 0
    outer loop
      vertex 75.6597 25.683 5
      vertex 73.818 30.5764 3
      vertex 73.818 30.5764 5
    endloop
  endfacet
  facet normal 0.935909 0.352242 0
    outer loop
      vertex 73.818 30.5764 3
      vertex 75.6597 25.683 5
      vertex 75.6597 25.683 3
    endloop
  endfacet
  facet normal -0.881931 0.471378 0
    outer loop
      vertex -71.6601 35.3389 3
      vertex -70.035 38.3794 5
      vertex -70.035 38.3794 3
    endloop
  endfacet
  facet normal -0.881931 0.471378 0
    outer loop
      vertex -70.035 38.3794 5
      vertex -71.6601 35.3389 3
      vertex -71.6601 35.3389 5
    endloop
  endfacet
  facet normal -0.773014 -0.634389 0
    outer loop
      vertex -60.072 -52.6817 3
      vertex -63.3889 -48.64 5
      vertex -63.3889 -48.64 3
    endloop
  endfacet
  facet normal -0.773014 -0.634389 0
    outer loop
      vertex -63.3889 -48.64 5
      vertex -60.072 -52.6817 3
      vertex -60.072 -52.6817 5
    endloop
  endfacet
  facet normal 0.773014 0.634389 0
    outer loop
      vertex 63.3889 48.64 5
      vertex 60.072 52.6817 3
      vertex 60.072 52.6817 5
    endloop
  endfacet
  facet normal 0.773014 0.634389 0
    outer loop
      vertex 60.072 52.6817 3
      vertex 63.3889 48.64 5
      vertex 63.3889 48.64 3
    endloop
  endfacet
  facet normal 0.849197 0.528076 0
    outer loop
      vertex 68.255 41.4624 5
      vertex 66.4344 44.3901 3
      vertex 66.4344 44.3901 5
    endloop
  endfacet
  facet normal 0.849197 0.528076 0
    outer loop
      vertex 66.4344 44.3901 3
      vertex 68.255 41.4624 5
      vertex 68.255 41.4624 3
    endloop
  endfacet
  facet normal 0.999464 -0.0327244 0
    outer loop
      vertex 79.7289 -5.22571 5
      vertex 79.9 0 3
      vertex 79.9 0 5
    endloop
  endfacet
  facet normal 0.999464 -0.0327244 0
    outer loop
      vertex 79.9 0 3
      vertex 79.7289 -5.22571 5
      vertex 79.7289 -5.22571 3
    endloop
  endfacet
  facet normal -0.773014 0.634389 0
    outer loop
      vertex -63.3889 48.64 3
      vertex -60.072 52.6817 5
      vertex -60.072 52.6817 3
    endloop
  endfacet
  facet normal -0.773014 0.634389 0
    outer loop
      vertex -60.072 52.6817 5
      vertex -63.3889 48.64 3
      vertex -63.3889 48.64 5
    endloop
  endfacet
  facet normal -0.986643 0.162895 0
    outer loop
      vertex -79.2164 10.429 3
      vertex -78.3647 15.5877 5
      vertex -78.3647 15.5877 3
    endloop
  endfacet
  facet normal -0.986643 0.162895 0
    outer loop
      vertex -78.3647 15.5877 5
      vertex -79.2164 10.429 3
      vertex -79.2164 10.429 5
    endloop
  endfacet
  facet normal -0.528063 0.849205 0
    outer loop
      vertex -39.95 69.1954 3
      vertex -44.3901 66.4344 5
      vertex -39.95 69.1954 5
    endloop
  endfacet
  facet normal -0.528063 0.849205 0
    outer loop
      vertex -44.3901 66.4344 5
      vertex -39.95 69.1954 3
      vertex -44.3901 66.4344 3
    endloop
  endfacet
  facet normal -0.849197 0.528076 0
    outer loop
      vertex -68.255 41.4624 3
      vertex -66.4344 44.3901 5
      vertex -66.4344 44.3901 3
    endloop
  endfacet
  facet normal -0.849197 0.528076 0
    outer loop
      vertex -66.4344 44.3901 5
      vertex -68.255 41.4624 3
      vertex -68.255 41.4624 5
    endloop
  endfacet
  facet normal 0.352242 0.935909 -0
    outer loop
      vertex 30.5764 73.818 3
      vertex 25.683 75.6597 5
      vertex 30.5764 73.818 5
    endloop
  endfacet
  facet normal 0.352242 0.935909 0
    outer loop
      vertex 25.683 75.6597 5
      vertex 30.5764 73.818 3
      vertex 25.683 75.6597 3
    endloop
  endfacet
  facet normal 0.471399 0.88192 -0
    outer loop
      vertex 39.95 69.1954 3
      vertex 35.3389 71.6601 5
      vertex 39.95 69.1954 5
    endloop
  endfacet
  facet normal 0.471399 0.88192 0
    outer loop
      vertex 35.3389 71.6601 5
      vertex 39.95 69.1954 3
      vertex 35.3389 71.6601 3
    endloop
  endfacet
  facet normal -0.999464 -0.0327244 0
    outer loop
      vertex -79.7289 -5.22571 3
      vertex -79.9 0 5
      vertex -79.9 0 3
    endloop
  endfacet
  facet normal -0.999464 -0.0327244 0
    outer loop
      vertex -79.9 0 5
      vertex -79.7289 -5.22571 3
      vertex -79.7289 -5.22571 5
    endloop
  endfacet
  facet normal -0.986643 -0.162895 0
    outer loop
      vertex -78.3647 -15.5877 3
      vertex -79.2164 -10.429 5
      vertex -79.2164 -10.429 3
    endloop
  endfacet
  facet normal -0.986643 -0.162895 0
    outer loop
      vertex -79.2164 -10.429 5
      vertex -78.3647 -15.5877 3
      vertex -78.3647 -15.5877 5
    endloop
  endfacet
  facet normal 0.582486 -0.812841 0
    outer loop
      vertex 44.3901 -66.4344 3
      vertex 48.64 -63.3889 5
      vertex 44.3901 -66.4344 5
    endloop
  endfacet
  facet normal 0.582486 -0.812841 0
    outer loop
      vertex 48.64 -63.3889 5
      vertex 44.3901 -66.4344 3
      vertex 48.64 -63.3889 3
    endloop
  endfacet
  facet normal 0.582486 0.812841 -0
    outer loop
      vertex 48.64 63.3889 3
      vertex 44.3901 66.4344 5
      vertex 48.64 63.3889 5
    endloop
  endfacet
  facet normal 0.582486 0.812841 0
    outer loop
      vertex 44.3901 66.4344 5
      vertex 48.64 63.3889 3
      vertex 44.3901 66.4344 3
    endloop
  endfacet
  facet normal -0.999464 0.0327244 0
    outer loop
      vertex -79.9 0 3
      vertex -79.7289 5.22571 5
      vertex -79.7289 5.22571 3
    endloop
  endfacet
  facet normal -0.999464 0.0327244 0
    outer loop
      vertex -79.7289 5.22571 5
      vertex -79.9 0 3
      vertex -79.9 0 5
    endloop
  endfacet
  facet normal 0.683596 0.729861 -0
    outer loop
      vertex 56.4978 56.4978 3
      vertex 52.6817 60.072 5
      vertex 56.4978 56.4978 5
    endloop
  endfacet
  facet normal 0.683596 0.729861 0
    outer loop
      vertex 52.6817 60.072 5
      vertex 56.4978 56.4978 3
      vertex 52.6817 60.072 3
    endloop
  endfacet
  facet normal 0.0980211 -0.995184 0
    outer loop
      vertex 5.22571 -79.7289 3
      vertex 10.429 -79.2164 5
      vertex 5.22571 -79.7289 5
    endloop
  endfacet
  facet normal 0.0980211 -0.995184 0
    outer loop
      vertex 10.429 -79.2164 5
      vertex 5.22571 -79.7289 3
      vertex 10.429 -79.2164 3
    endloop
  endfacet
  facet normal 0.528063 0.849205 -0
    outer loop
      vertex 44.3901 66.4344 3
      vertex 39.95 69.1954 5
      vertex 44.3901 66.4344 5
    endloop
  endfacet
  facet normal 0.528063 0.849205 0
    outer loop
      vertex 39.95 69.1954 5
      vertex 44.3901 66.4344 3
      vertex 39.95 69.1954 3
    endloop
  endfacet
  facet normal -0.812841 -0.582486 0
    outer loop
      vertex -63.3889 -48.64 3
      vertex -66.4344 -44.3901 5
      vertex -66.4344 -44.3901 3
    endloop
  endfacet
  facet normal -0.812841 -0.582486 0
    outer loop
      vertex -66.4344 -44.3901 5
      vertex -63.3889 -48.64 3
      vertex -63.3889 -48.64 5
    endloop
  endfacet
  facet normal -0.634389 0.773014 0
    outer loop
      vertex -48.64 63.3889 3
      vertex -52.6817 60.072 5
      vertex -48.64 63.3889 5
    endloop
  endfacet
  facet normal -0.634389 0.773014 0
    outer loop
      vertex -52.6817 60.072 5
      vertex -48.64 63.3889 3
      vertex -52.6817 60.072 3
    endloop
  endfacet
  facet normal -0.812841 0.582486 0
    outer loop
      vertex -66.4344 44.3901 3
      vertex -63.3889 48.64 5
      vertex -63.3889 48.64 3
    endloop
  endfacet
  facet normal -0.812841 0.582486 0
    outer loop
      vertex -63.3889 48.64 5
      vertex -66.4344 44.3901 3
      vertex -66.4344 44.3901 5
    endloop
  endfacet
  facet normal 0.812841 0.582486 0
    outer loop
      vertex 66.4344 44.3901 5
      vertex 63.3889 48.64 3
      vertex 63.3889 48.64 5
    endloop
  endfacet
  facet normal 0.812841 0.582486 0
    outer loop
      vertex 63.3889 48.64 3
      vertex 66.4344 44.3901 5
      vertex 66.4344 44.3901 3
    endloop
  endfacet
  facet normal 0.881931 -0.471378 0
    outer loop
      vertex 70.035 -38.3794 5
      vertex 71.6601 -35.3389 3
      vertex 71.6601 -35.3389 5
    endloop
  endfacet
  facet normal 0.881931 -0.471378 0
    outer loop
      vertex 71.6601 -35.3389 3
      vertex 70.035 -38.3794 5
      vertex 70.035 -38.3794 3
    endloop
  endfacet
  facet normal -0.935909 -0.352242 0
    outer loop
      vertex -73.818 -30.5764 3
      vertex -75.6597 -25.683 5
      vertex -75.6597 -25.683 3
    endloop
  endfacet
  facet normal -0.935909 -0.352242 0
    outer loop
      vertex -75.6597 -25.683 5
      vertex -73.818 -30.5764 3
      vertex -73.818 -30.5764 5
    endloop
  endfacet
  facet normal 0.956938 0.290291 0
    outer loop
      vertex 77.1775 20.6796 5
      vertex 75.6597 25.683 3
      vertex 75.6597 25.683 5
    endloop
  endfacet
  facet normal 0.956938 0.290291 0
    outer loop
      vertex 75.6597 25.683 3
      vertex 77.1775 20.6796 5
      vertex 77.1775 20.6796 3
    endloop
  endfacet
  facet normal 0.412713 0.910861 -0
    outer loop
      vertex 35.3389 71.6601 3
      vertex 30.5764 73.818 5
      vertex 35.3389 71.6601 5
    endloop
  endfacet
  facet normal 0.412713 0.910861 0
    outer loop
      vertex 30.5764 73.818 5
      vertex 35.3389 71.6601 3
      vertex 30.5764 73.818 3
    endloop
  endfacet
  facet normal 0.162895 -0.986643 0
    outer loop
      vertex 10.429 -79.2164 3
      vertex 15.5877 -78.3647 5
      vertex 10.429 -79.2164 5
    endloop
  endfacet
  facet normal 0.162895 -0.986643 0
    outer loop
      vertex 15.5877 -78.3647 5
      vertex 10.429 -79.2164 3
      vertex 15.5877 -78.3647 3
    endloop
  endfacet
  facet normal 0.0980211 0.995184 -0
    outer loop
      vertex 10.429 79.2164 3
      vertex 5.22571 79.7289 5
      vertex 10.429 79.2164 5
    endloop
  endfacet
  facet normal 0.0980211 0.995184 0
    outer loop
      vertex 5.22571 79.7289 5
      vertex 10.429 79.2164 3
      vertex 5.22571 79.7289 3
    endloop
  endfacet
  facet normal 0.849197 -0.528076 0
    outer loop
      vertex 66.4344 -44.3901 5
      vertex 68.255 -41.4624 3
      vertex 68.255 -41.4624 5
    endloop
  endfacet
  facet normal 0.849197 -0.528076 0
    outer loop
      vertex 68.255 -41.4624 3
      vertex 66.4344 -44.3901 5
      vertex 66.4344 -44.3901 3
    endloop
  endfacet
  facet normal 0.0327185 0.999465 -0
    outer loop
      vertex 5.22571 79.7289 3
      vertex 1.77996 79.8417 5
      vertex 5.22571 79.7289 5
    endloop
  endfacet
  facet normal 0.0327185 0.999465 0
    outer loop
      vertex 1.77996 79.8417 5
      vertex 5.22571 79.7289 3
      vertex 1.77996 79.8417 3
    endloop
  endfacet
  facet normal 0.97388 0.227065 0
    outer loop
      vertex 78.3647 15.5877 5
      vertex 77.1775 20.6796 3
      vertex 77.1775 20.6796 5
    endloop
  endfacet
  facet normal 0.97388 0.227065 0
    outer loop
      vertex 77.1775 20.6796 3
      vertex 78.3647 15.5877 5
      vertex 78.3647 15.5877 3
    endloop
  endfacet
  facet normal 0.634389 0.773014 -0
    outer loop
      vertex 52.6817 60.072 3
      vertex 48.64 63.3889 5
      vertex 52.6817 60.072 5
    endloop
  endfacet
  facet normal 0.634389 0.773014 0
    outer loop
      vertex 48.64 63.3889 5
      vertex 52.6817 60.072 3
      vertex 48.64 63.3889 3
    endloop
  endfacet
  facet normal -0.0980211 0.995184 0
    outer loop
      vertex -5.22571 79.7289 3
      vertex -10.429 79.2164 5
      vertex -5.22571 79.7289 5
    endloop
  endfacet
  facet normal -0.0980211 0.995184 0
    outer loop
      vertex -10.429 79.2164 5
      vertex -5.22571 79.7289 3
      vertex -10.429 79.2164 3
    endloop
  endfacet
  facet normal 0.412713 -0.910861 0
    outer loop
      vertex 30.5764 -73.818 3
      vertex 35.3389 -71.6601 5
      vertex 30.5764 -73.818 5
    endloop
  endfacet
  facet normal 0.412713 -0.910861 0
    outer loop
      vertex 35.3389 -71.6601 5
      vertex 30.5764 -73.818 3
      vertex 35.3389 -71.6601 3
    endloop
  endfacet
  facet normal -0.881931 -0.471378 0
    outer loop
      vertex -70.035 -38.3794 3
      vertex -71.6601 -35.3389 5
      vertex -71.6601 -35.3389 3
    endloop
  endfacet
  facet normal -0.881931 -0.471378 0
    outer loop
      vertex -71.6601 -35.3389 5
      vertex -70.035 -38.3794 3
      vertex -70.035 -38.3794 5
    endloop
  endfacet
  facet normal 0.956938 -0.290291 0
    outer loop
      vertex 75.6597 -25.683 5
      vertex 77.1775 -20.6796 3
      vertex 77.1775 -20.6796 5
    endloop
  endfacet
  facet normal 0.956938 -0.290291 0
    outer loop
      vertex 77.1775 -20.6796 3
      vertex 75.6597 -25.683 5
      vertex 75.6597 -25.683 3
    endloop
  endfacet
  facet normal 0.995184 -0.0980211 0
    outer loop
      vertex 79.2164 -10.429 5
      vertex 79.7289 -5.22571 3
      vertex 79.7289 -5.22571 5
    endloop
  endfacet
  facet normal 0.995184 -0.0980211 0
    outer loop
      vertex 79.7289 -5.22571 3
      vertex 79.2164 -10.429 5
      vertex 79.2164 -10.429 3
    endloop
  endfacet
  facet normal 0.634389 -0.773014 0
    outer loop
      vertex 48.64 -63.3889 3
      vertex 52.6817 -60.072 5
      vertex 48.64 -63.3889 5
    endloop
  endfacet
  facet normal 0.634389 -0.773014 0
    outer loop
      vertex 52.6817 -60.072 5
      vertex 48.64 -63.3889 3
      vertex 52.6817 -60.072 3
    endloop
  endfacet
  facet normal -0.471399 0.88192 0
    outer loop
      vertex -35.3389 71.6601 3
      vertex -39.95 69.1954 5
      vertex -35.3389 71.6601 5
    endloop
  endfacet
  facet normal -0.471399 0.88192 0
    outer loop
      vertex -39.95 69.1954 5
      vertex -35.3389 71.6601 3
      vertex -39.95 69.1954 3
    endloop
  endfacet
  facet normal -0.935909 0.352242 0
    outer loop
      vertex -75.6597 25.683 3
      vertex -73.818 30.5764 5
      vertex -73.818 30.5764 3
    endloop
  endfacet
  facet normal -0.935909 0.352242 0
    outer loop
      vertex -73.818 30.5764 5
      vertex -75.6597 25.683 3
      vertex -75.6597 25.683 5
    endloop
  endfacet
  facet normal -0.956938 0.290291 0
    outer loop
      vertex -77.1775 20.6796 3
      vertex -75.6597 25.683 5
      vertex -75.6597 25.683 3
    endloop
  endfacet
  facet normal -0.956938 0.290291 0
    outer loop
      vertex -75.6597 25.683 5
      vertex -77.1775 20.6796 3
      vertex -77.1775 20.6796 5
    endloop
  endfacet
  facet normal 0.881931 0.471378 0
    outer loop
      vertex 71.6601 35.3389 5
      vertex 70.035 38.3794 3
      vertex 70.035 38.3794 5
    endloop
  endfacet
  facet normal 0.881931 0.471378 0
    outer loop
      vertex 70.035 38.3794 3
      vertex 71.6601 35.3389 5
      vertex 71.6601 35.3389 3
    endloop
  endfacet
  facet normal -0.227065 0.97388 0
    outer loop
      vertex -15.5877 78.3647 3
      vertex -20.6796 77.1775 5
      vertex -15.5877 78.3647 5
    endloop
  endfacet
  facet normal -0.227065 0.97388 0
    outer loop
      vertex -20.6796 77.1775 5
      vertex -15.5877 78.3647 3
      vertex -20.6796 77.1775 3
    endloop
  endfacet
  facet normal 0.528063 -0.849205 0
    outer loop
      vertex 39.95 -69.1954 3
      vertex 44.3901 -66.4344 5
      vertex 39.95 -69.1954 5
    endloop
  endfacet
  facet normal 0.528063 -0.849205 0
    outer loop
      vertex 44.3901 -66.4344 5
      vertex 39.95 -69.1954 3
      vertex 44.3901 -66.4344 3
    endloop
  endfacet
  facet normal -0.956938 -0.290291 0
    outer loop
      vertex -75.6597 -25.683 3
      vertex -77.1775 -20.6796 5
      vertex -77.1775 -20.6796 3
    endloop
  endfacet
  facet normal -0.956938 -0.290291 0
    outer loop
      vertex -77.1775 -20.6796 5
      vertex -75.6597 -25.683 3
      vertex -75.6597 -25.683 5
    endloop
  endfacet
  facet normal 0.290291 -0.956938 0
    outer loop
      vertex 20.6796 -77.1775 3
      vertex 25.683 -75.6597 5
      vertex 20.6796 -77.1775 5
    endloop
  endfacet
  facet normal 0.290291 -0.956938 0
    outer loop
      vertex 25.683 -75.6597 5
      vertex 20.6796 -77.1775 3
      vertex 25.683 -75.6597 3
    endloop
  endfacet
  facet normal 0.352242 -0.935909 0
    outer loop
      vertex 25.683 -75.6597 3
      vertex 30.5764 -73.818 5
      vertex 25.683 -75.6597 5
    endloop
  endfacet
  facet normal 0.352242 -0.935909 0
    outer loop
      vertex 30.5764 -73.818 5
      vertex 25.683 -75.6597 3
      vertex 30.5764 -73.818 3
    endloop
  endfacet
  facet normal 0.227065 -0.97388 0
    outer loop
      vertex 15.5877 -78.3647 3
      vertex 20.6796 -77.1775 5
      vertex 15.5877 -78.3647 5
    endloop
  endfacet
  facet normal 0.227065 -0.97388 0
    outer loop
      vertex 20.6796 -77.1775 5
      vertex 15.5877 -78.3647 3
      vertex 20.6796 -77.1775 3
    endloop
  endfacet
  facet normal -0.352242 0.935909 0
    outer loop
      vertex -25.683 75.6597 3
      vertex -30.5764 73.818 5
      vertex -25.683 75.6597 5
    endloop
  endfacet
  facet normal -0.352242 0.935909 0
    outer loop
      vertex -30.5764 73.818 5
      vertex -25.683 75.6597 3
      vertex -30.5764 73.818 3
    endloop
  endfacet
  facet normal 0.986643 0.162895 0
    outer loop
      vertex 79.2164 10.429 5
      vertex 78.3647 15.5877 3
      vertex 78.3647 15.5877 5
    endloop
  endfacet
  facet normal 0.986643 0.162895 0
    outer loop
      vertex 78.3647 15.5877 3
      vertex 79.2164 10.429 5
      vertex 79.2164 10.429 3
    endloop
  endfacet
  facet normal -0.995184 0.0980211 0
    outer loop
      vertex -79.7289 5.22571 3
      vertex -79.2164 10.429 5
      vertex -79.2164 10.429 3
    endloop
  endfacet
  facet normal -0.995184 0.0980211 0
    outer loop
      vertex -79.2164 10.429 5
      vertex -79.7289 5.22571 3
      vertex -79.7289 5.22571 5
    endloop
  endfacet
  facet normal -0.97388 -0.227065 0
    outer loop
      vertex -77.1775 -20.6796 3
      vertex -78.3647 -15.5877 5
      vertex -78.3647 -15.5877 3
    endloop
  endfacet
  facet normal -0.97388 -0.227065 0
    outer loop
      vertex -78.3647 -15.5877 5
      vertex -77.1775 -20.6796 3
      vertex -77.1775 -20.6796 5
    endloop
  endfacet
  facet normal -0.0980211 -0.995184 0
    outer loop
      vertex -10.429 -79.2164 3
      vertex -5.22571 -79.7289 5
      vertex -10.429 -79.2164 5
    endloop
  endfacet
  facet normal -0.0980211 -0.995184 -0
    outer loop
      vertex -5.22571 -79.7289 5
      vertex -10.429 -79.2164 3
      vertex -5.22571 -79.7289 3
    endloop
  endfacet
  facet normal 0.729861 -0.683596 0
    outer loop
      vertex 56.4978 -56.4978 5
      vertex 60.072 -52.6817 3
      vertex 60.072 -52.6817 5
    endloop
  endfacet
  facet normal 0.729861 -0.683596 0
    outer loop
      vertex 60.072 -52.6817 3
      vertex 56.4978 -56.4978 5
      vertex 56.4978 -56.4978 3
    endloop
  endfacet
  facet normal -0.471399 -0.88192 0
    outer loop
      vertex -39.95 -69.1954 3
      vertex -35.3389 -71.6601 5
      vertex -39.95 -69.1954 5
    endloop
  endfacet
  facet normal -0.471399 -0.88192 -0
    outer loop
      vertex -35.3389 -71.6601 5
      vertex -39.95 -69.1954 3
      vertex -35.3389 -71.6601 3
    endloop
  endfacet
  facet normal -0.729861 0.683596 0
    outer loop
      vertex -60.072 52.6817 3
      vertex -56.4978 56.4978 5
      vertex -56.4978 56.4978 3
    endloop
  endfacet
  facet normal -0.729861 0.683596 0
    outer loop
      vertex -56.4978 56.4978 5
      vertex -60.072 52.6817 3
      vertex -60.072 52.6817 5
    endloop
  endfacet
  facet normal -0.683596 0.729861 0
    outer loop
      vertex -52.6817 60.072 3
      vertex -56.4978 56.4978 5
      vertex -52.6817 60.072 5
    endloop
  endfacet
  facet normal -0.683596 0.729861 0
    outer loop
      vertex -56.4978 56.4978 5
      vertex -52.6817 60.072 3
      vertex -56.4978 56.4978 3
    endloop
  endfacet
  facet normal 0.97388 -0.227065 0
    outer loop
      vertex 77.1775 -20.6796 5
      vertex 78.3647 -15.5877 3
      vertex 78.3647 -15.5877 5
    endloop
  endfacet
  facet normal 0.97388 -0.227065 0
    outer loop
      vertex 78.3647 -15.5877 3
      vertex 77.1775 -20.6796 5
      vertex 77.1775 -20.6796 3
    endloop
  endfacet
  facet normal 0.227065 0.97388 -0
    outer loop
      vertex 20.6796 77.1775 3
      vertex 15.5877 78.3647 5
      vertex 20.6796 77.1775 5
    endloop
  endfacet
  facet normal 0.227065 0.97388 0
    outer loop
      vertex 15.5877 78.3647 5
      vertex 20.6796 77.1775 3
      vertex 15.5877 78.3647 3
    endloop
  endfacet
  facet normal -0.352242 -0.935909 0
    outer loop
      vertex -30.5764 -73.818 3
      vertex -25.683 -75.6597 5
      vertex -30.5764 -73.818 5
    endloop
  endfacet
  facet normal -0.352242 -0.935909 -0
    outer loop
      vertex -25.683 -75.6597 5
      vertex -30.5764 -73.818 3
      vertex -25.683 -75.6597 3
    endloop
  endfacet
  facet normal 0.986643 -0.162895 0
    outer loop
      vertex 78.3647 -15.5877 5
      vertex 79.2164 -10.429 3
      vertex 79.2164 -10.429 5
    endloop
  endfacet
  facet normal 0.986643 -0.162895 0
    outer loop
      vertex 79.2164 -10.429 3
      vertex 78.3647 -15.5877 5
      vertex 78.3647 -15.5877 3
    endloop
  endfacet
  facet normal -0.683596 -0.729861 0
    outer loop
      vertex -56.4978 -56.4978 3
      vertex -52.6817 -60.072 5
      vertex -56.4978 -56.4978 5
    endloop
  endfacet
  facet normal -0.683596 -0.729861 -0
    outer loop
      vertex -52.6817 -60.072 5
      vertex -56.4978 -56.4978 3
      vertex -52.6817 -60.072 3
    endloop
  endfacet
  facet normal -0.227065 -0.97388 0
    outer loop
      vertex -20.6796 -77.1775 3
      vertex -15.5877 -78.3647 5
      vertex -20.6796 -77.1775 5
    endloop
  endfacet
  facet normal -0.227065 -0.97388 -0
    outer loop
      vertex -15.5877 -78.3647 5
      vertex -20.6796 -77.1775 3
      vertex -15.5877 -78.3647 3
    endloop
  endfacet
  facet normal -0.995184 -0.0980211 0
    outer loop
      vertex -79.2164 -10.429 3
      vertex -79.7289 -5.22571 5
      vertex -79.7289 -5.22571 3
    endloop
  endfacet
  facet normal -0.995184 -0.0980211 0
    outer loop
      vertex -79.7289 -5.22571 5
      vertex -79.2164 -10.429 3
      vertex -79.2164 -10.429 5
    endloop
  endfacet
  facet normal -0.162895 -0.986643 0
    outer loop
      vertex -15.5877 -78.3647 3
      vertex -10.429 -79.2164 5
      vertex -15.5877 -78.3647 5
    endloop
  endfacet
  facet normal -0.162895 -0.986643 -0
    outer loop
      vertex -10.429 -79.2164 5
      vertex -15.5877 -78.3647 3
      vertex -10.429 -79.2164 3
    endloop
  endfacet
  facet normal 0.773014 -0.634389 0
    outer loop
      vertex 60.072 -52.6817 5
      vertex 63.3889 -48.64 3
      vertex 63.3889 -48.64 5
    endloop
  endfacet
  facet normal 0.773014 -0.634389 0
    outer loop
      vertex 63.3889 -48.64 3
      vertex 60.072 -52.6817 5
      vertex 60.072 -52.6817 3
    endloop
  endfacet
  facet normal -0.0327185 0.999465 0
    outer loop
      vertex -1.77996 79.8417 3
      vertex -5.22571 79.7289 5
      vertex -1.77996 79.8417 5
    endloop
  endfacet
  facet normal -0.0327185 0.999465 0
    outer loop
      vertex -5.22571 79.7289 5
      vertex -1.77996 79.8417 3
      vertex -5.22571 79.7289 3
    endloop
  endfacet
  facet normal -0.528063 -0.849205 0
    outer loop
      vertex -44.3901 -66.4344 3
      vertex -39.95 -69.1954 5
      vertex -44.3901 -66.4344 5
    endloop
  endfacet
  facet normal -0.528063 -0.849205 -0
    outer loop
      vertex -39.95 -69.1954 5
      vertex -44.3901 -66.4344 3
      vertex -39.95 -69.1954 3
    endloop
  endfacet
  facet normal 0.729861 0.683596 0
    outer loop
      vertex 60.072 52.6817 5
      vertex 56.4978 56.4978 3
      vertex 56.4978 56.4978 5
    endloop
  endfacet
  facet normal 0.729861 0.683596 0
    outer loop
      vertex 56.4978 56.4978 3
      vertex 60.072 52.6817 5
      vertex 60.072 52.6817 3
    endloop
  endfacet
  facet normal -0.729861 -0.683596 0
    outer loop
      vertex -56.4978 -56.4978 3
      vertex -60.072 -52.6817 5
      vertex -60.072 -52.6817 3
    endloop
  endfacet
  facet normal -0.729861 -0.683596 0
    outer loop
      vertex -60.072 -52.6817 5
      vertex -56.4978 -56.4978 3
      vertex -56.4978 -56.4978 5
    endloop
  endfacet
  facet normal -0.412713 -0.910861 0
    outer loop
      vertex -35.3389 -71.6601 3
      vertex -30.5764 -73.818 5
      vertex -35.3389 -71.6601 5
    endloop
  endfacet
  facet normal -0.412713 -0.910861 -0
    outer loop
      vertex -30.5764 -73.818 5
      vertex -35.3389 -71.6601 3
      vertex -30.5764 -73.818 3
    endloop
  endfacet
  facet normal 0.290291 0.956938 -0
    outer loop
      vertex 25.683 75.6597 3
      vertex 20.6796 77.1775 5
      vertex 25.683 75.6597 5
    endloop
  endfacet
  facet normal 0.290291 0.956938 0
    outer loop
      vertex 20.6796 77.1775 5
      vertex 25.683 75.6597 3
      vertex 20.6796 77.1775 3
    endloop
  endfacet
  facet normal -0.910861 0.412713 0
    outer loop
      vertex -73.818 30.5764 3
      vertex -71.6601 35.3389 5
      vertex -71.6601 35.3389 3
    endloop
  endfacet
  facet normal -0.910861 0.412713 0
    outer loop
      vertex -71.6601 35.3389 5
      vertex -73.818 30.5764 3
      vertex -73.818 30.5764 5
    endloop
  endfacet
  facet normal -0.910861 -0.412713 0
    outer loop
      vertex -71.6601 -35.3389 3
      vertex -73.818 -30.5764 5
      vertex -73.818 -30.5764 3
    endloop
  endfacet
  facet normal -0.910861 -0.412713 0
    outer loop
      vertex -73.818 -30.5764 5
      vertex -71.6601 -35.3389 3
      vertex -71.6601 -35.3389 5
    endloop
  endfacet
  facet normal 0.910861 -0.412713 0
    outer loop
      vertex 71.6601 -35.3389 5
      vertex 73.818 -30.5764 3
      vertex 73.818 -30.5764 5
    endloop
  endfacet
  facet normal 0.910861 -0.412713 0
    outer loop
      vertex 73.818 -30.5764 3
      vertex 71.6601 -35.3389 5
      vertex 71.6601 -35.3389 3
    endloop
  endfacet
  facet normal 0.935909 -0.352242 0
    outer loop
      vertex 73.818 -30.5764 5
      vertex 75.6597 -25.683 3
      vertex 75.6597 -25.683 5
    endloop
  endfacet
  facet normal 0.935909 -0.352242 0
    outer loop
      vertex 75.6597 -25.683 3
      vertex 73.818 -30.5764 5
      vertex 73.818 -30.5764 3
    endloop
  endfacet
  facet normal -0.849197 -0.528076 0
    outer loop
      vertex -66.4344 -44.3901 3
      vertex -68.255 -41.4624 5
      vertex -68.255 -41.4624 3
    endloop
  endfacet
  facet normal -0.849197 -0.528076 0
    outer loop
      vertex -68.255 -41.4624 5
      vertex -66.4344 -44.3901 3
      vertex -66.4344 -44.3901 5
    endloop
  endfacet
  facet normal -0.634389 -0.773014 0
    outer loop
      vertex -52.6817 -60.072 3
      vertex -48.64 -63.3889 5
      vertex -52.6817 -60.072 5
    endloop
  endfacet
  facet normal -0.634389 -0.773014 -0
    outer loop
      vertex -48.64 -63.3889 5
      vertex -52.6817 -60.072 3
      vertex -48.64 -63.3889 3
    endloop
  endfacet
  facet normal 0 0 1
    outer loop
      vertex 71.6601 35.3389 5
      vertex 70.035 38.3794 5
      vertex 70.0375 38.3 5
    endloop
  endfacet
  facet normal 0 0 1
    outer loop
      vertex 77.9 0 5
      vertex 79.9 0 5
      vertex 79.7289 5.22571 5
    endloop
  endfacet
  facet normal 0 0 1
    outer loop
      vertex 77.7332 5.0949 5
      vertex 79.7289 5.22571 5
      vertex 79.2164 10.429 5
    endloop
  endfacet
  facet normal 0 0 1
    outer loop
      vertex 79.9 0 5
      vertex 77.9 0 5
      vertex 79.7289 -5.22571 5
    endloop
  endfacet
  facet normal 0 0 1
    outer loop
      vertex 77.2336 10.168 5
      vertex 79.2164 10.429 5
      vertex 78.3647 15.5877 5
    endloop
  endfacet
  facet normal -0 0 1
    outer loop
      vertex 77.7332 -5.0949 5
      vertex 79.7289 -5.22571 5
      vertex 77.9 0 5
    endloop
  endfacet
  facet normal 0 0 1
    outer loop
      vertex 79.7289 -5.22571 5
      vertex 77.7332 -5.0949 5
      vertex 79.2164 -10.429 5
    endloop
  endfacet
  facet normal 0 0 1
    outer loop
      vertex 79.7289 5.22571 5
      vertex 77.7332 5.0949 5
      vertex 77.9 0 5
    endloop
  endfacet
  facet normal 0 0 1
    outer loop
      vertex 79.2164 10.429 5
      vertex 77.2336 10.168 5
      vertex 77.7332 5.0949 5
    endloop
  endfacet
  facet normal 0 0 1
    outer loop
      vertex 76.4032 15.1975 5
      vertex 78.3647 15.5877 5
      vertex 77.1775 20.6796 5
    endloop
  endfacet
  facet normal 0 0 1
    outer loop
      vertex 78.3647 15.5877 5
      vertex 76.4032 15.1975 5
      vertex 77.2336 10.168 5
    endloop
  endfacet
  facet normal 0 0 1
    outer loop
      vertex 75.2456 20.162 5
      vertex 77.1775 20.6796 5
      vertex 75.6597 25.683 5
    endloop
  endfacet
  facet normal 0 0 1
    outer loop
      vertex 77.1775 20.6796 5
      vertex 75.2456 20.162 5
      vertex 76.4032 15.1975 5
    endloop
  endfacet
  facet normal 0 0 1
    outer loop
      vertex 73.7659 25.0401 5
      vertex 75.6597 25.683 5
      vertex 73.818 30.5764 5
    endloop
  endfacet
  facet normal 0 0 1
    outer loop
      vertex 75.6597 25.683 5
      vertex 73.7659 25.0401 5
      vertex 75.2456 20.162 5
    endloop
  endfacet
  facet normal 0 0 1
    outer loop
      vertex 73.818 30.5764 5
      vertex 71.9702 29.811 5
      vertex 73.7659 25.0401 5
    endloop
  endfacet
  facet normal 0 0 1
    outer loop
      vertex 71.6601 35.3389 5
      vertex 71.9702 29.811 5
      vertex 73.818 30.5764 5
    endloop
  endfacet
  facet normal -0 0 1
    outer loop
      vertex 70.0296 38.058 5
      vertex 71.6601 35.3389 5
      vertex 70.0375 38.3 5
    endloop
  endfacet
  facet normal -0 0 1
    outer loop
      vertex 70.0059 37.8171 5
      vertex 71.6601 35.3389 5
      vertex 70.0296 38.058 5
    endloop
  endfacet
  facet normal -0 0 1
    outer loop
      vertex 69.9665 37.5782 5
      vertex 71.6601 35.3389 5
      vertex 70.0059 37.8171 5
    endloop
  endfacet
  facet normal -0 0 1
    outer loop
      vertex 69.9115 37.3424 5
      vertex 71.6601 35.3389 5
      vertex 69.9665 37.5782 5
    endloop
  endfacet
  facet normal -0 0 1
    outer loop
      vertex 69.8412 37.1107 5
      vertex 71.6601 35.3389 5
      vertex 69.9115 37.3424 5
    endloop
  endfacet
  facet normal 0 0 1
    outer loop
      vertex 71.6601 35.3389 5
      vertex 69.8664 34.4543 5
      vertex 71.9702 29.811 5
    endloop
  endfacet
  facet normal -0 0 1
    outer loop
      vertex 69.7559 36.8841 5
      vertex 71.6601 35.3389 5
      vertex 69.8412 37.1107 5
    endloop
  endfacet
  facet normal -0 0 1
    outer loop
      vertex 69.656 36.6635 5
      vertex 71.6601 35.3389 5
      vertex 69.7559 36.8841 5
    endloop
  endfacet
  facet normal -0 0 1
    outer loop
      vertex 69.5418 36.45 5
      vertex 71.6601 35.3389 5
      vertex 69.656 36.6635 5
    endloop
  endfacet
  facet normal -0 0 1
    outer loop
      vertex 69.414 36.2444 5
      vertex 71.6601 35.3389 5
      vertex 69.5418 36.45 5
    endloop
  endfacet
  facet normal 0 0 1
    outer loop
      vertex 71.6601 35.3389 5
      vertex 69.414 36.2444 5
      vertex 69.8664 34.4543 5
    endloop
  endfacet
  facet normal -0 0 1
    outer loop
      vertex 69.2729 36.0476 5
      vertex 69.8664 34.4543 5
      vertex 69.414 36.2444 5
    endloop
  endfacet
  facet normal -0 0 1
    outer loop
      vertex 69.1194 35.8604 5
      vertex 69.8664 34.4543 5
      vertex 69.2729 36.0476 5
    endloop
  endfacet
  facet normal 0 0 1
    outer loop
      vertex 69.8664 34.4543 5
      vertex 69.1194 35.8604 5
      vertex 69.1164 35.8573 5
    endloop
  endfacet
  facet normal -0 0 1
    outer loop
      vertex 77.2336 -10.168 5
      vertex 79.2164 -10.429 5
      vertex 77.7332 -5.0949 5
    endloop
  endfacet
  facet normal 0 0 1
    outer loop
      vertex 79.2164 -10.429 5
      vertex 77.2336 -10.168 5
      vertex 78.3647 -15.5877 5
    endloop
  endfacet
  facet normal -0 0 1
    outer loop
      vertex 76.4032 -15.1975 5
      vertex 78.3647 -15.5877 5
      vertex 77.2336 -10.168 5
    endloop
  endfacet
  facet normal 0 0 1
    outer loop
      vertex 78.3647 -15.5877 5
      vertex 76.4032 -15.1975 5
      vertex 77.1775 -20.6796 5
    endloop
  endfacet
  facet normal -0 0 1
    outer loop
      vertex 75.2456 -20.162 5
      vertex 77.1775 -20.6796 5
      vertex 76.4032 -15.1975 5
    endloop
  endfacet
  facet normal 0 0 1
    outer loop
      vertex 77.1775 -20.6796 5
      vertex 75.2456 -20.162 5
      vertex 75.6597 -25.683 5
    endloop
  endfacet
  facet normal -0 0 1
    outer loop
      vertex 73.7659 -25.0401 5
      vertex 75.6597 -25.683 5
      vertex 75.2456 -20.162 5
    endloop
  endfacet
  facet normal 0 0 1
    outer loop
      vertex 75.6597 -25.683 5
      vertex 73.7659 -25.0401 5
      vertex 73.818 -30.5764 5
    endloop
  endfacet
  facet normal -0 0 1
    outer loop
      vertex 71.9702 -29.811 5
      vertex 73.818 -30.5764 5
      vertex 73.7659 -25.0401 5
    endloop
  endfacet
  facet normal 0 0 1
    outer loop
      vertex 71.9702 -29.811 5
      vertex 71.6601 -35.3389 5
      vertex 73.818 -30.5764 5
    endloop
  endfacet
  facet normal -0 0 1
    outer loop
      vertex 69.8664 -34.4543 5
      vertex 71.6601 -35.3389 5
      vertex 71.9702 -29.811 5
    endloop
  endfacet
  facet normal 0 0 1
    outer loop
      vertex 71.6601 -35.3389 5
      vertex 70.0296 -38.058 5
      vertex 70.0375 -38.3 5
    endloop
  endfacet
  facet normal 0 0 1
    outer loop
      vertex 71.6601 -35.3389 5
      vertex 70.0059 -37.8171 5
      vertex 70.0296 -38.058 5
    endloop
  endfacet
  facet normal 0 0 1
    outer loop
      vertex 71.6601 -35.3389 5
      vertex 69.9665 -37.5782 5
      vertex 70.0059 -37.8171 5
    endloop
  endfacet
  facet normal 0 0 1
    outer loop
      vertex 69.414 -36.2444 5
      vertex 71.6601 -35.3389 5
      vertex 69.8664 -34.4543 5
    endloop
  endfacet
  facet normal 0 0 1
    outer loop
      vertex 71.6601 -35.3389 5
      vertex 69.9115 -37.3424 5
      vertex 69.9665 -37.5782 5
    endloop
  endfacet
  facet normal 0 0 1
    outer loop
      vertex 71.6601 -35.3389 5
      vertex 69.8412 -37.1107 5
      vertex 69.9115 -37.3424 5
    endloop
  endfacet
  facet normal 0 0 1
    outer loop
      vertex 71.6601 -35.3389 5
      vertex 69.7559 -36.8841 5
      vertex 69.8412 -37.1107 5
    endloop
  endfacet
  facet normal 0 0 1
    outer loop
      vertex 71.6601 -35.3389 5
      vertex 69.656 -36.6635 5
      vertex 69.7559 -36.8841 5
    endloop
  endfacet
  facet normal 0 0 1
    outer loop
      vertex 71.6601 -35.3389 5
      vertex 69.5418 -36.45 5
      vertex 69.656 -36.6635 5
    endloop
  endfacet
  facet normal 0 0 1
    outer loop
      vertex 71.6601 -35.3389 5
      vertex 69.414 -36.2444 5
      vertex 69.5418 -36.45 5
    endloop
  endfacet
  facet normal 0 0 1
    outer loop
      vertex 69.8664 -34.4543 5
      vertex 69.2729 -36.0476 5
      vertex 69.414 -36.2444 5
    endloop
  endfacet
  facet normal 0 0 1
    outer loop
      vertex 69.8664 -34.4543 5
      vertex 69.1194 -35.8604 5
      vertex 69.2729 -36.0476 5
    endloop
  endfacet
  facet normal 0 -0 1
    outer loop
      vertex 69.1194 -35.8604 5
      vertex 69.8664 -34.4543 5
      vertex 69.1164 -35.8573 5
    endloop
  endfacet
  facet normal 0 0 1
    outer loop
      vertex 71.6601 -35.3389 5
      vertex 70.0375 -38.3 5
      vertex 70.035 -38.3794 5
    endloop
  endfacet
  facet normal 0 0 1
    outer loop
      vertex -5.0949 -77.7332 5
      vertex -3.50364 -77.7893 5
      vertex -3.50487 -77.7853 5
    endloop
  endfacet
  facet normal 0 0 1
    outer loop
      vertex -5.0949 -77.7332 5
      vertex -3.41835 -78.0159 5
      vertex -3.50364 -77.7893 5
    endloop
  endfacet
  facet normal 0 0 1
    outer loop
      vertex -5.0949 -77.7332 5
      vertex -3.31843 -78.2365 5
      vertex -3.41835 -78.0159 5
    endloop
  endfacet
  facet normal 0 0 1
    outer loop
      vertex -5.22571 -79.7289 5
      vertex -3.31843 -78.2365 5
      vertex -5.0949 -77.7332 5
    endloop
  endfacet
  facet normal 0 0 1
    outer loop
      vertex -3.31843 -78.2365 5
      vertex -5.22571 -79.7289 5
      vertex -3.20429 -78.45 5
    endloop
  endfacet
  facet normal 0 0 1
    outer loop
      vertex -3.20429 -78.45 5
      vertex -5.22571 -79.7289 5
      vertex -3.07644 -78.6556 5
    endloop
  endfacet
  facet normal 0 0 1
    outer loop
      vertex -3.07644 -78.6556 5
      vertex -5.22571 -79.7289 5
      vertex -2.93541 -78.8524 5
    endloop
  endfacet
  facet normal 0 0 1
    outer loop
      vertex -2.93541 -78.8524 5
      vertex -5.22571 -79.7289 5
      vertex -2.78181 -79.0396 5
    endloop
  endfacet
  facet normal 0 0 1
    outer loop
      vertex -2.78181 -79.0396 5
      vertex -5.22571 -79.7289 5
      vertex -2.61629 -79.2163 5
    endloop
  endfacet
  facet normal 0 0 1
    outer loop
      vertex -2.61629 -79.2163 5
      vertex -5.22571 -79.7289 5
      vertex -2.43958 -79.3818 5
    endloop
  endfacet
  facet normal 0 0 1
    outer loop
      vertex -2.43958 -79.3818 5
      vertex -5.22571 -79.7289 5
      vertex -2.25242 -79.5354 5
    endloop
  endfacet
  facet normal 0 0 1
    outer loop
      vertex -1.85 -79.8043 5
      vertex -5.22571 -79.7289 5
      vertex -1.77996 -79.8417 5
    endloop
  endfacet
  facet normal 0 0 1
    outer loop
      vertex -2.05561 -79.6764 5
      vertex -5.22571 -79.7289 5
      vertex -1.85 -79.8043 5
    endloop
  endfacet
  facet normal 0 0 1
    outer loop
      vertex -2.25242 -79.5354 5
      vertex -5.22571 -79.7289 5
      vertex -2.05561 -79.6764 5
    endloop
  endfacet
  facet normal 0 0 1
    outer loop
      vertex -10.168 -77.2336 5
      vertex -5.22571 -79.7289 5
      vertex -5.0949 -77.7332 5
    endloop
  endfacet
  facet normal 0 0 1
    outer loop
      vertex -10.168 -77.2336 5
      vertex -10.429 -79.2164 5
      vertex -5.22571 -79.7289 5
    endloop
  endfacet
  facet normal 0 0 1
    outer loop
      vertex -15.1975 -76.4032 5
      vertex -10.429 -79.2164 5
      vertex -10.168 -77.2336 5
    endloop
  endfacet
  facet normal 0 0 1
    outer loop
      vertex -15.1975 -76.4032 5
      vertex -15.5877 -78.3647 5
      vertex -10.429 -79.2164 5
    endloop
  endfacet
  facet normal 0 0 1
    outer loop
      vertex -20.162 -75.2456 5
      vertex -15.5877 -78.3647 5
      vertex -15.1975 -76.4032 5
    endloop
  endfacet
  facet normal 0 0 1
    outer loop
      vertex -20.162 -75.2456 5
      vertex -20.6796 -77.1775 5
      vertex -15.5877 -78.3647 5
    endloop
  endfacet
  facet normal 0 0 1
    outer loop
      vertex -25.0401 -73.7659 5
      vertex -20.6796 -77.1775 5
      vertex -20.162 -75.2456 5
    endloop
  endfacet
  facet normal 0 0 1
    outer loop
      vertex -25.0401 -73.7659 5
      vertex -25.683 -75.6597 5
      vertex -20.6796 -77.1775 5
    endloop
  endfacet
  facet normal 0 0 1
    outer loop
      vertex -29.811 -71.9702 5
      vertex -25.683 -75.6597 5
      vertex -25.0401 -73.7659 5
    endloop
  endfacet
  facet normal 0 0 1
    outer loop
      vertex -29.811 -71.9702 5
      vertex -30.5764 -73.818 5
      vertex -25.683 -75.6597 5
    endloop
  endfacet
  facet normal 0 0 1
    outer loop
      vertex -34.4543 -69.8664 5
      vertex -30.5764 -73.818 5
      vertex -29.811 -71.9702 5
    endloop
  endfacet
  facet normal 0 0 1
    outer loop
      vertex -34.4543 -69.8664 5
      vertex -35.3389 -71.6601 5
      vertex -30.5764 -73.818 5
    endloop
  endfacet
  facet normal 0 0 1
    outer loop
      vertex -38.95 -67.4634 5
      vertex -35.3389 -71.6601 5
      vertex -34.4543 -69.8664 5
    endloop
  endfacet
  facet normal 0 0 1
    outer loop
      vertex -38.95 -67.4634 5
      vertex -39.95 -69.1954 5
      vertex -35.3389 -71.6601 5
    endloop
  endfacet
  facet normal 0 0 1
    outer loop
      vertex -43.2789 -64.7715 5
      vertex -39.95 -69.1954 5
      vertex -38.95 -67.4634 5
    endloop
  endfacet
  facet normal 0 0 1
    outer loop
      vertex -43.2789 -64.7715 5
      vertex -44.3901 -66.4344 5
      vertex -39.95 -69.1954 5
    endloop
  endfacet
  facet normal 0 0 1
    outer loop
      vertex -47.4225 -61.8022 5
      vertex -44.3901 -66.4344 5
      vertex -43.2789 -64.7715 5
    endloop
  endfacet
  facet normal 0 0 1
    outer loop
      vertex -47.4225 -61.8022 5
      vertex -48.64 -63.3889 5
      vertex -44.3901 -66.4344 5
    endloop
  endfacet
  facet normal 0 0 1
    outer loop
      vertex -51.363 -58.5683 5
      vertex -48.64 -63.3889 5
      vertex -47.4225 -61.8022 5
    endloop
  endfacet
  facet normal 0 0 1
    outer loop
      vertex -51.363 -58.5683 5
      vertex -52.6817 -60.072 5
      vertex -48.64 -63.3889 5
    endloop
  endfacet
  facet normal 0 0 1
    outer loop
      vertex -55.0836 -55.0836 5
      vertex -52.6817 -60.072 5
      vertex -51.363 -58.5683 5
    endloop
  endfacet
  facet normal 0 0 1
    outer loop
      vertex -55.0836 -55.0836 5
      vertex -56.4978 -56.4978 5
      vertex -52.6817 -60.072 5
    endloop
  endfacet
  facet normal 0 0 1
    outer loop
      vertex -58.5683 -51.363 5
      vertex -56.4978 -56.4978 5
      vertex -55.0836 -55.0836 5
    endloop
  endfacet
  facet normal 0 0 1
    outer loop
      vertex -58.5683 -51.363 5
      vertex -60.072 -52.6817 5
      vertex -56.4978 -56.4978 5
    endloop
  endfacet
  facet normal 0 0 1
    outer loop
      vertex -61.8022 -47.4225 5
      vertex -60.072 -52.6817 5
      vertex -58.5683 -51.363 5
    endloop
  endfacet
  facet normal 0 0 1
    outer loop
      vertex -61.8022 -47.4225 5
      vertex -63.3889 -48.64 5
      vertex -60.072 -52.6817 5
    endloop
  endfacet
  facet normal 0 0 1
    outer loop
      vertex -64.7715 -43.2789 5
      vertex -63.3889 -48.64 5
      vertex -61.8022 -47.4225 5
    endloop
  endfacet
  facet normal -0 0 1
    outer loop
      vertex -65.6157 -41.9289 5
      vertex -64.7715 -43.2789 5
      vertex -65.6116 -41.9279 5
    endloop
  endfacet
  facet normal -0 0 1
    outer loop
      vertex -65.8546 -41.9683 5
      vertex -64.7715 -43.2789 5
      vertex -65.6157 -41.9289 5
    endloop
  endfacet
  facet normal -0 0 1
    outer loop
      vertex -66.0956 -41.9921 5
      vertex -64.7715 -43.2789 5
      vertex -65.8546 -41.9683 5
    endloop
  endfacet
  facet normal 0 0 1
    outer loop
      vertex -64.7715 -43.2789 5
      vertex -66.0956 -41.9921 5
      vertex -66.4344 -44.3901 5
    endloop
  endfacet
  facet normal 0 0 1
    outer loop
      vertex -66.4344 -44.3901 5
      vertex -66.0956 -41.9921 5
      vertex -66.3375 -42 5
    endloop
  endfacet
  facet normal 0 0 1
    outer loop
      vertex -64.7715 -43.2789 5
      vertex -66.4344 -44.3901 5
      vertex -63.3889 -48.64 5
    endloop
  endfacet
  facet normal 0 0 1
    outer loop
      vertex -66.5795 -41.9921 5
      vertex -66.4344 -44.3901 5
      vertex -66.3375 -42 5
    endloop
  endfacet
  facet normal 0 0 1
    outer loop
      vertex -66.8205 -41.9683 5
      vertex -66.4344 -44.3901 5
      vertex -66.5795 -41.9921 5
    endloop
  endfacet
  facet normal 0 0 1
    outer loop
      vertex -67.0594 -41.9289 5
      vertex -66.4344 -44.3901 5
      vertex -66.8205 -41.9683 5
    endloop
  endfacet
  facet normal 0 0 1
    outer loop
      vertex -67.2952 -41.8739 5
      vertex -66.4344 -44.3901 5
      vertex -67.0594 -41.9289 5
    endloop
  endfacet
  facet normal 0 0 1
    outer loop
      vertex -67.5269 -41.8036 5
      vertex -66.4344 -44.3901 5
      vertex -67.2952 -41.8739 5
    endloop
  endfacet
  facet normal 0 0 1
    outer loop
      vertex -67.7535 -41.7184 5
      vertex -66.4344 -44.3901 5
      vertex -67.5269 -41.8036 5
    endloop
  endfacet
  facet normal 0 0 1
    outer loop
      vertex -67.974 -41.6184 5
      vertex -66.4344 -44.3901 5
      vertex -67.7535 -41.7184 5
    endloop
  endfacet
  facet normal 0 0 1
    outer loop
      vertex -68.1875 -41.5043 5
      vertex -66.4344 -44.3901 5
      vertex -67.974 -41.6184 5
    endloop
  endfacet
  facet normal 0 0 1
    outer loop
      vertex -66.4344 -44.3901 5
      vertex -68.1875 -41.5043 5
      vertex -68.255 -41.4624 5
    endloop
  endfacet
  facet normal 0 0 1
    outer loop
      vertex -3.50364 77.7893 5
      vertex -5.0949 77.7332 5
      vertex -3.50487 77.7853 5
    endloop
  endfacet
  facet normal 0 0 1
    outer loop
      vertex -3.41835 78.0159 5
      vertex -5.0949 77.7332 5
      vertex -3.50364 77.7893 5
    endloop
  endfacet
  facet normal 0 0 1
    outer loop
      vertex -3.31843 78.2365 5
      vertex -5.0949 77.7332 5
      vertex -3.41835 78.0159 5
    endloop
  endfacet
  facet normal 0 0 1
    outer loop
      vertex -5.22571 79.7289 5
      vertex -3.31843 78.2365 5
      vertex -3.20429 78.45 5
    endloop
  endfacet
  facet normal 0 0 1
    outer loop
      vertex -5.22571 79.7289 5
      vertex -3.20429 78.45 5
      vertex -3.07644 78.6556 5
    endloop
  endfacet
  facet normal 0 0 1
    outer loop
      vertex -5.22571 79.7289 5
      vertex -3.07644 78.6556 5
      vertex -2.93541 78.8524 5
    endloop
  endfacet
  facet normal 0 0 1
    outer loop
      vertex -5.22571 79.7289 5
      vertex -2.93541 78.8524 5
      vertex -2.78181 79.0396 5
    endloop
  endfacet
  facet normal 0 0 1
    outer loop
      vertex -5.22571 79.7289 5
      vertex -2.78181 79.0396 5
      vertex -2.61629 79.2163 5
    endloop
  endfacet
  facet normal 0 0 1
    outer loop
      vertex -5.22571 79.7289 5
      vertex -2.61629 79.2163 5
      vertex -2.43958 79.3818 5
    endloop
  endfacet
  facet normal 0 0 1
    outer loop
      vertex -5.22571 79.7289 5
      vertex -2.43958 79.3818 5
      vertex -2.25242 79.5354 5
    endloop
  endfacet
  facet normal 0 0 1
    outer loop
      vertex -5.22571 79.7289 5
      vertex -2.25242 79.5354 5
      vertex -2.05561 79.6764 5
    endloop
  endfacet
  facet normal 0 0 1
    outer loop
      vertex -5.22571 79.7289 5
      vertex -1.85 79.8043 5
      vertex -1.77996 79.8417 5
    endloop
  endfacet
  facet normal -0 0 1
    outer loop
      vertex -5.22571 79.7289 5
      vertex -2.05561 79.6764 5
      vertex -1.85 79.8043 5
    endloop
  endfacet
  facet normal 0 0 1
    outer loop
      vertex -3.31843 78.2365 5
      vertex -5.22571 79.7289 5
      vertex -5.0949 77.7332 5
    endloop
  endfacet
  facet normal 0 0 1
    outer loop
      vertex -5.22571 79.7289 5
      vertex -10.168 77.2336 5
      vertex -5.0949 77.7332 5
    endloop
  endfacet
  facet normal -0 0 1
    outer loop
      vertex -10.429 79.2164 5
      vertex -10.168 77.2336 5
      vertex -5.22571 79.7289 5
    endloop
  endfacet
  facet normal 0 0 1
    outer loop
      vertex -10.429 79.2164 5
      vertex -15.1975 76.4032 5
      vertex -10.168 77.2336 5
    endloop
  endfacet
  facet normal -0 0 1
    outer loop
      vertex -15.5877 78.3647 5
      vertex -15.1975 76.4032 5
      vertex -10.429 79.2164 5
    endloop
  endfacet
  facet normal 0 0 1
    outer loop
      vertex -15.5877 78.3647 5
      vertex -20.162 75.2456 5
      vertex -15.1975 76.4032 5
    endloop
  endfacet
  facet normal -0 0 1
    outer loop
      vertex -20.6796 77.1775 5
      vertex -20.162 75.2456 5
      vertex -15.5877 78.3647 5
    endloop
  endfacet
  facet normal 0 0 1
    outer loop
      vertex -20.6796 77.1775 5
      vertex -25.0401 73.7659 5
      vertex -20.162 75.2456 5
    endloop
  endfacet
  facet normal -0 0 1
    outer loop
      vertex -25.683 75.6597 5
      vertex -25.0401 73.7659 5
      vertex -20.6796 77.1775 5
    endloop
  endfacet
  facet normal 0 0 1
    outer loop
      vertex -25.683 75.6597 5
      vertex -29.811 71.9702 5
      vertex -25.0401 73.7659 5
    endloop
  endfacet
  facet normal -0 0 1
    outer loop
      vertex -30.5764 73.818 5
      vertex -29.811 71.9702 5
      vertex -25.683 75.6597 5
    endloop
  endfacet
  facet normal 0 0 1
    outer loop
      vertex -30.5764 73.818 5
      vertex -34.4543 69.8664 5
      vertex -29.811 71.9702 5
    endloop
  endfacet
  facet normal -0 0 1
    outer loop
      vertex -35.3389 71.6601 5
      vertex -34.4543 69.8664 5
      vertex -30.5764 73.818 5
    endloop
  endfacet
  facet normal 0 0 1
    outer loop
      vertex -35.3389 71.6601 5
      vertex -38.95 67.4634 5
      vertex -34.4543 69.8664 5
    endloop
  endfacet
  facet normal -0 0 1
    outer loop
      vertex -39.95 69.1954 5
      vertex -38.95 67.4634 5
      vertex -35.3389 71.6601 5
    endloop
  endfacet
  facet normal 0 0 1
    outer loop
      vertex -39.95 69.1954 5
      vertex -43.2789 64.7715 5
      vertex -38.95 67.4634 5
    endloop
  endfacet
  facet normal -0 0 1
    outer loop
      vertex -44.3901 66.4344 5
      vertex -43.2789 64.7715 5
      vertex -39.95 69.1954 5
    endloop
  endfacet
  facet normal 0 0 1
    outer loop
      vertex -44.3901 66.4344 5
      vertex -47.4225 61.8022 5
      vertex -43.2789 64.7715 5
    endloop
  endfacet
  facet normal -0 0 1
    outer loop
      vertex -48.64 63.3889 5
      vertex -47.4225 61.8022 5
      vertex -44.3901 66.4344 5
    endloop
  endfacet
  facet normal 0 0 1
    outer loop
      vertex -48.64 63.3889 5
      vertex -51.363 58.5683 5
      vertex -47.4225 61.8022 5
    endloop
  endfacet
  facet normal -0 0 1
    outer loop
      vertex -52.6817 60.072 5
      vertex -51.363 58.5683 5
      vertex -48.64 63.3889 5
    endloop
  endfacet
  facet normal 0 0 1
    outer loop
      vertex -52.6817 60.072 5
      vertex -55.0836 55.0836 5
      vertex -51.363 58.5683 5
    endloop
  endfacet
  facet normal -0 0 1
    outer loop
      vertex -56.4978 56.4978 5
      vertex -55.0836 55.0836 5
      vertex -52.6817 60.072 5
    endloop
  endfacet
  facet normal 0 0 1
    outer loop
      vertex -56.4978 56.4978 5
      vertex -58.5683 51.363 5
      vertex -55.0836 55.0836 5
    endloop
  endfacet
  facet normal -0 0 1
    outer loop
      vertex -60.072 52.6817 5
      vertex -58.5683 51.363 5
      vertex -56.4978 56.4978 5
    endloop
  endfacet
  facet normal 0 0 1
    outer loop
      vertex -60.072 52.6817 5
      vertex -61.8022 47.4225 5
      vertex -58.5683 51.363 5
    endloop
  endfacet
  facet normal -0 0 1
    outer loop
      vertex -63.3889 48.64 5
      vertex -61.8022 47.4225 5
      vertex -60.072 52.6817 5
    endloop
  endfacet
  facet normal 0 0 1
    outer loop
      vertex -63.3889 48.64 5
      vertex -64.7715 43.2789 5
      vertex -61.8022 47.4225 5
    endloop
  endfacet
  facet normal -0 0 1
    outer loop
      vertex -66.4344 44.3901 5
      vertex -64.7715 43.2789 5
      vertex -63.3889 48.64 5
    endloop
  endfacet
  facet normal 0 -0 1
    outer loop
      vertex -66.0956 41.9921 5
      vertex -64.7715 43.2789 5
      vertex -66.4344 44.3901 5
    endloop
  endfacet
  facet normal 0 0 1
    outer loop
      vertex -64.7715 43.2789 5
      vertex -65.6157 41.9289 5
      vertex -65.6116 41.9279 5
    endloop
  endfacet
  facet normal 0 0 1
    outer loop
      vertex -64.7715 43.2789 5
      vertex -65.8546 41.9683 5
      vertex -65.6157 41.9289 5
    endloop
  endfacet
  facet normal 0 0 1
    outer loop
      vertex -64.7715 43.2789 5
      vertex -66.0956 41.9921 5
      vertex -65.8546 41.9683 5
    endloop
  endfacet
  facet normal 0 0 1
    outer loop
      vertex -66.0956 41.9921 5
      vertex -66.4344 44.3901 5
      vertex -66.3375 42 5
    endloop
  endfacet
  facet normal 0 0 1
    outer loop
      vertex -66.4344 44.3901 5
      vertex -66.5795 41.9921 5
      vertex -66.3375 42 5
    endloop
  endfacet
  facet normal 0 0 1
    outer loop
      vertex -66.4344 44.3901 5
      vertex -66.8205 41.9683 5
      vertex -66.5795 41.9921 5
    endloop
  endfacet
  facet normal 0 0 1
    outer loop
      vertex -66.4344 44.3901 5
      vertex -67.0594 41.9289 5
      vertex -66.8205 41.9683 5
    endloop
  endfacet
  facet normal 0 0 1
    outer loop
      vertex -66.4344 44.3901 5
      vertex -67.2952 41.8739 5
      vertex -67.0594 41.9289 5
    endloop
  endfacet
  facet normal 0 0 1
    outer loop
      vertex -66.4344 44.3901 5
      vertex -67.5269 41.8036 5
      vertex -67.2952 41.8739 5
    endloop
  endfacet
  facet normal 0 0 1
    outer loop
      vertex -66.4344 44.3901 5
      vertex -67.7535 41.7184 5
      vertex -67.5269 41.8036 5
    endloop
  endfacet
  facet normal 0 0 1
    outer loop
      vertex -66.4344 44.3901 5
      vertex -67.974 41.6184 5
      vertex -67.7535 41.7184 5
    endloop
  endfacet
  facet normal 0 0 1
    outer loop
      vertex -66.4344 44.3901 5
      vertex -68.1875 41.5043 5
      vertex -67.974 41.6184 5
    endloop
  endfacet
  facet normal 0 -0 1
    outer loop
      vertex -68.1875 41.5043 5
      vertex -66.4344 44.3901 5
      vertex -68.255 41.4624 5
    endloop
  endfacet
  facet normal -0 0 1
    outer loop
      vertex 68.1875 -41.5043 5
      vertex 66.4344 -44.3901 5
      vertex 68.255 -41.4624 5
    endloop
  endfacet
  facet normal -0 0 1
    outer loop
      vertex 67.974 -41.6184 5
      vertex 66.4344 -44.3901 5
      vertex 68.1875 -41.5043 5
    endloop
  endfacet
  facet normal -0 0 1
    outer loop
      vertex 67.7535 -41.7184 5
      vertex 66.4344 -44.3901 5
      vertex 67.974 -41.6184 5
    endloop
  endfacet
  facet normal -0 0 1
    outer loop
      vertex 67.5269 -41.8036 5
      vertex 66.4344 -44.3901 5
      vertex 67.7535 -41.7184 5
    endloop
  endfacet
  facet normal -0 0 1
    outer loop
      vertex 67.2952 -41.8739 5
      vertex 66.4344 -44.3901 5
      vertex 67.5269 -41.8036 5
    endloop
  endfacet
  facet normal -0 0 1
    outer loop
      vertex 67.0594 -41.9289 5
      vertex 66.4344 -44.3901 5
      vertex 67.2952 -41.8739 5
    endloop
  endfacet
  facet normal -0 0 1
    outer loop
      vertex 66.8205 -41.9683 5
      vertex 66.4344 -44.3901 5
      vertex 67.0594 -41.9289 5
    endloop
  endfacet
  facet normal -0 0 1
    outer loop
      vertex 66.5795 -41.9921 5
      vertex 66.4344 -44.3901 5
      vertex 66.8205 -41.9683 5
    endloop
  endfacet
  facet normal -0 0 1
    outer loop
      vertex 66.3375 -42 5
      vertex 66.4344 -44.3901 5
      vertex 66.5795 -41.9921 5
    endloop
  endfacet
  facet normal 0 0 1
    outer loop
      vertex 66.0956 -41.9921 5
      vertex 66.4344 -44.3901 5
      vertex 66.3375 -42 5
    endloop
  endfacet
  facet normal 0 0 1
    outer loop
      vertex 64.7715 -43.2789 5
      vertex 66.0956 -41.9921 5
      vertex 65.8546 -41.9683 5
    endloop
  endfacet
  facet normal 0 0 1
    outer loop
      vertex 64.7715 -43.2789 5
      vertex 65.8546 -41.9683 5
      vertex 65.6157 -41.9289 5
    endloop
  endfacet
  facet normal 0 0 1
    outer loop
      vertex 64.7715 -43.2789 5
      vertex 65.6157 -41.9289 5
      vertex 65.6116 -41.9279 5
    endloop
  endfacet
  facet normal 0 0 1
    outer loop
      vertex 66.0956 -41.9921 5
      vertex 64.7715 -43.2789 5
      vertex 66.4344 -44.3901 5
    endloop
  endfacet
  facet normal 0 0 1
    outer loop
      vertex 64.7715 -43.2789 5
      vertex 63.3889 -48.64 5
      vertex 66.4344 -44.3901 5
    endloop
  endfacet
  facet normal -0 0 1
    outer loop
      vertex 61.8022 -47.4225 5
      vertex 63.3889 -48.64 5
      vertex 64.7715 -43.2789 5
    endloop
  endfacet
  facet normal 0 0 1
    outer loop
      vertex 61.8022 -47.4225 5
      vertex 60.072 -52.6817 5
      vertex 63.3889 -48.64 5
    endloop
  endfacet
  facet normal -0 0 1
    outer loop
      vertex 58.5683 -51.363 5
      vertex 60.072 -52.6817 5
      vertex 61.8022 -47.4225 5
    endloop
  endfacet
  facet normal 0 0 1
    outer loop
      vertex 58.5683 -51.363 5
      vertex 56.4978 -56.4978 5
      vertex 60.072 -52.6817 5
    endloop
  endfacet
  facet normal -0 0 1
    outer loop
      vertex 55.0836 -55.0836 5
      vertex 56.4978 -56.4978 5
      vertex 58.5683 -51.363 5
    endloop
  endfacet
  facet normal 0 0 1
    outer loop
      vertex 55.0836 -55.0836 5
      vertex 52.6817 -60.072 5
      vertex 56.4978 -56.4978 5
    endloop
  endfacet
  facet normal -0 0 1
    outer loop
      vertex 51.363 -58.5683 5
      vertex 52.6817 -60.072 5
      vertex 55.0836 -55.0836 5
    endloop
  endfacet
  facet normal 0 0 1
    outer loop
      vertex 51.363 -58.5683 5
      vertex 48.64 -63.3889 5
      vertex 52.6817 -60.072 5
    endloop
  endfacet
  facet normal -0 0 1
    outer loop
      vertex 47.4225 -61.8022 5
      vertex 48.64 -63.3889 5
      vertex 51.363 -58.5683 5
    endloop
  endfacet
  facet normal 0 0 1
    outer loop
      vertex 47.4225 -61.8022 5
      vertex 44.3901 -66.4344 5
      vertex 48.64 -63.3889 5
    endloop
  endfacet
  facet normal -0 0 1
    outer loop
      vertex 43.2789 -64.7715 5
      vertex 44.3901 -66.4344 5
      vertex 47.4225 -61.8022 5
    endloop
  endfacet
  facet normal 0 0 1
    outer loop
      vertex 43.2789 -64.7715 5
      vertex 39.95 -69.1954 5
      vertex 44.3901 -66.4344 5
    endloop
  endfacet
  facet normal -0 0 1
    outer loop
      vertex 38.95 -67.4634 5
      vertex 39.95 -69.1954 5
      vertex 43.2789 -64.7715 5
    endloop
  endfacet
  facet normal 0 0 1
    outer loop
      vertex 38.95 -67.4634 5
      vertex 35.3389 -71.6601 5
      vertex 39.95 -69.1954 5
    endloop
  endfacet
  facet normal -0 0 1
    outer loop
      vertex 34.4543 -69.8664 5
      vertex 35.3389 -71.6601 5
      vertex 38.95 -67.4634 5
    endloop
  endfacet
  facet normal 0 0 1
    outer loop
      vertex 34.4543 -69.8664 5
      vertex 30.5764 -73.818 5
      vertex 35.3389 -71.6601 5
    endloop
  endfacet
  facet normal -0 0 1
    outer loop
      vertex 29.811 -71.9702 5
      vertex 30.5764 -73.818 5
      vertex 34.4543 -69.8664 5
    endloop
  endfacet
  facet normal 0 0 1
    outer loop
      vertex 29.811 -71.9702 5
      vertex 25.683 -75.6597 5
      vertex 30.5764 -73.818 5
    endloop
  endfacet
  facet normal -0 0 1
    outer loop
      vertex 25.0401 -73.7659 5
      vertex 25.683 -75.6597 5
      vertex 29.811 -71.9702 5
    endloop
  endfacet
  facet normal 0 0 1
    outer loop
      vertex 25.0401 -73.7659 5
      vertex 20.6796 -77.1775 5
      vertex 25.683 -75.6597 5
    endloop
  endfacet
  facet normal -0 0 1
    outer loop
      vertex 20.162 -75.2456 5
      vertex 20.6796 -77.1775 5
      vertex 25.0401 -73.7659 5
    endloop
  endfacet
  facet normal 0 0 1
    outer loop
      vertex 20.162 -75.2456 5
      vertex 15.5877 -78.3647 5
      vertex 20.6796 -77.1775 5
    endloop
  endfacet
  facet normal -0 0 1
    outer loop
      vertex 15.1975 -76.4032 5
      vertex 15.5877 -78.3647 5
      vertex 20.162 -75.2456 5
    endloop
  endfacet
  facet normal 0 0 1
    outer loop
      vertex 15.1975 -76.4032 5
      vertex 10.429 -79.2164 5
      vertex 15.5877 -78.3647 5
    endloop
  endfacet
  facet normal -0 0 1
    outer loop
      vertex 10.168 -77.2336 5
      vertex 10.429 -79.2164 5
      vertex 15.1975 -76.4032 5
    endloop
  endfacet
  facet normal 0 0 1
    outer loop
      vertex 10.168 -77.2336 5
      vertex 5.22571 -79.7289 5
      vertex 10.429 -79.2164 5
    endloop
  endfacet
  facet normal -0 0 1
    outer loop
      vertex 5.0949 -77.7332 5
      vertex 5.22571 -79.7289 5
      vertex 10.168 -77.2336 5
    endloop
  endfacet
  facet normal 0 0 1
    outer loop
      vertex 3.50364 -77.7893 5
      vertex 5.0949 -77.7332 5
      vertex 3.50487 -77.7853 5
    endloop
  endfacet
  facet normal 0 0 1
    outer loop
      vertex 3.41835 -78.0159 5
      vertex 5.0949 -77.7332 5
      vertex 3.50364 -77.7893 5
    endloop
  endfacet
  facet normal 0 0 1
    outer loop
      vertex 3.31843 -78.2365 5
      vertex 5.0949 -77.7332 5
      vertex 3.41835 -78.0159 5
    endloop
  endfacet
  facet normal 0 0 1
    outer loop
      vertex 5.0949 -77.7332 5
      vertex 3.31843 -78.2365 5
      vertex 5.22571 -79.7289 5
    endloop
  endfacet
  facet normal -0 0 1
    outer loop
      vertex 3.20429 -78.45 5
      vertex 5.22571 -79.7289 5
      vertex 3.31843 -78.2365 5
    endloop
  endfacet
  facet normal -0 0 1
    outer loop
      vertex 3.07644 -78.6556 5
      vertex 5.22571 -79.7289 5
      vertex 3.20429 -78.45 5
    endloop
  endfacet
  facet normal -0 0 1
    outer loop
      vertex 2.93541 -78.8524 5
      vertex 5.22571 -79.7289 5
      vertex 3.07644 -78.6556 5
    endloop
  endfacet
  facet normal -0 0 1
    outer loop
      vertex 2.78181 -79.0396 5
      vertex 5.22571 -79.7289 5
      vertex 2.93541 -78.8524 5
    endloop
  endfacet
  facet normal -0 0 1
    outer loop
      vertex 2.61629 -79.2163 5
      vertex 5.22571 -79.7289 5
      vertex 2.78181 -79.0396 5
    endloop
  endfacet
  facet normal -0 0 1
    outer loop
      vertex 2.43958 -79.3818 5
      vertex 5.22571 -79.7289 5
      vertex 2.61629 -79.2163 5
    endloop
  endfacet
  facet normal -0 0 1
    outer loop
      vertex 2.25242 -79.5354 5
      vertex 5.22571 -79.7289 5
      vertex 2.43958 -79.3818 5
    endloop
  endfacet
  facet normal -0 0 1
    outer loop
      vertex 2.05561 -79.6764 5
      vertex 5.22571 -79.7289 5
      vertex 2.25242 -79.5354 5
    endloop
  endfacet
  facet normal 0 0 1
    outer loop
      vertex 1.85 -79.8043 5
      vertex 5.22571 -79.7289 5
      vertex 2.05561 -79.6764 5
    endloop
  endfacet
  facet normal 0 0 1
    outer loop
      vertex 5.22571 -79.7289 5
      vertex 1.85 -79.8043 5
      vertex 1.77996 -79.8417 5
    endloop
  endfacet
  facet normal 0 0 1
    outer loop
      vertex -70.035 38.3794 5
      vertex -71.6601 35.3389 5
      vertex -70.0375 38.3 5
    endloop
  endfacet
  facet normal 0 0 1
    outer loop
      vertex -69.1194 35.8604 5
      vertex -69.8664 34.4543 5
      vertex -69.1164 35.8573 5
    endloop
  endfacet
  facet normal 0 0 1
    outer loop
      vertex -69.2729 36.0476 5
      vertex -69.8664 34.4543 5
      vertex -69.1194 35.8604 5
    endloop
  endfacet
  facet normal 0 0 1
    outer loop
      vertex -69.414 36.2444 5
      vertex -69.8664 34.4543 5
      vertex -69.2729 36.0476 5
    endloop
  endfacet
  facet normal 0 0 1
    outer loop
      vertex -71.6601 35.3389 5
      vertex -69.414 36.2444 5
      vertex -69.5418 36.45 5
    endloop
  endfacet
  facet normal 0 0 1
    outer loop
      vertex -71.6601 35.3389 5
      vertex -69.5418 36.45 5
      vertex -69.656 36.6635 5
    endloop
  endfacet
  facet normal 0 0 1
    outer loop
      vertex -71.6601 35.3389 5
      vertex -69.656 36.6635 5
      vertex -69.7559 36.8841 5
    endloop
  endfacet
  facet normal 0 0 1
    outer loop
      vertex -71.6601 35.3389 5
      vertex -69.7559 36.8841 5
      vertex -69.8412 37.1107 5
    endloop
  endfacet
  facet normal 0 0 1
    outer loop
      vertex -71.6601 35.3389 5
      vertex -69.8412 37.1107 5
      vertex -69.9115 37.3424 5
    endloop
  endfacet
  facet normal 0 0 1
    outer loop
      vertex -71.6601 35.3389 5
      vertex -69.9115 37.3424 5
      vertex -69.9665 37.5782 5
    endloop
  endfacet
  facet normal 0 0 1
    outer loop
      vertex -71.6601 35.3389 5
      vertex -69.9665 37.5782 5
      vertex -70.0059 37.8171 5
    endloop
  endfacet
  facet normal 0 0 1
    outer loop
      vertex -71.6601 35.3389 5
      vertex -70.0059 37.8171 5
      vertex -70.0296 38.058 5
    endloop
  endfacet
  facet normal 0 0 1
    outer loop
      vertex -71.6601 35.3389 5
      vertex -70.0296 38.058 5
      vertex -70.0375 38.3 5
    endloop
  endfacet
  facet normal 0 0 1
    outer loop
      vertex -69.414 36.2444 5
      vertex -71.6601 35.3389 5
      vertex -69.8664 34.4543 5
    endloop
  endfacet
  facet normal 0 0 1
    outer loop
      vertex -71.6601 35.3389 5
      vertex -71.9702 29.811 5
      vertex -69.8664 34.4543 5
    endloop
  endfacet
  facet normal -0 0 1
    outer loop
      vertex -73.818 30.5764 5
      vertex -71.9702 29.811 5
      vertex -71.6601 35.3389 5
    endloop
  endfacet
  facet normal 0 0 1
    outer loop
      vertex -71.9702 29.811 5
      vertex -73.818 30.5764 5
      vertex -73.7659 25.0401 5
    endloop
  endfacet
  facet normal -0 0 1
    outer loop
      vertex -75.6597 25.683 5
      vertex -73.7659 25.0401 5
      vertex -73.818 30.5764 5
    endloop
  endfacet
  facet normal 0 0 1
    outer loop
      vertex -73.7659 25.0401 5
      vertex -75.6597 25.683 5
      vertex -75.2456 20.162 5
    endloop
  endfacet
  facet normal -0 0 1
    outer loop
      vertex -77.1775 20.6796 5
      vertex -75.2456 20.162 5
      vertex -75.6597 25.683 5
    endloop
  endfacet
  facet normal 0 0 1
    outer loop
      vertex -75.2456 20.162 5
      vertex -77.1775 20.6796 5
      vertex -76.4032 15.1975 5
    endloop
  endfacet
  facet normal -0 0 1
    outer loop
      vertex -78.3647 15.5877 5
      vertex -76.4032 15.1975 5
      vertex -77.1775 20.6796 5
    endloop
  endfacet
  facet normal 0 0 1
    outer loop
      vertex -76.4032 15.1975 5
      vertex -78.3647 15.5877 5
      vertex -77.2336 10.168 5
    endloop
  endfacet
  facet normal 0 0 1
    outer loop
      vertex -77.2336 10.168 5
      vertex -79.2164 10.429 5
      vertex -77.7332 5.0949 5
    endloop
  endfacet
  facet normal -0 0 1
    outer loop
      vertex -79.2164 10.429 5
      vertex -77.2336 10.168 5
      vertex -78.3647 15.5877 5
    endloop
  endfacet
  facet normal 0 0 1
    outer loop
      vertex -69.8664 -34.4543 5
      vertex -69.1194 -35.8604 5
      vertex -69.1164 -35.8573 5
    endloop
  endfacet
  facet normal 0 0 1
    outer loop
      vertex -69.8664 -34.4543 5
      vertex -69.2729 -36.0476 5
      vertex -69.1194 -35.8604 5
    endloop
  endfacet
  facet normal 0 0 1
    outer loop
      vertex -69.8664 -34.4543 5
      vertex -69.414 -36.2444 5
      vertex -69.2729 -36.0476 5
    endloop
  endfacet
  facet normal -0 0 1
    outer loop
      vertex -71.6601 -35.3389 5
      vertex -69.414 -36.2444 5
      vertex -69.8664 -34.4543 5
    endloop
  endfacet
  facet normal 0 0 1
    outer loop
      vertex -69.414 -36.2444 5
      vertex -71.6601 -35.3389 5
      vertex -69.5418 -36.45 5
    endloop
  endfacet
  facet normal 0 0 1
    outer loop
      vertex -69.5418 -36.45 5
      vertex -71.6601 -35.3389 5
      vertex -69.656 -36.6635 5
    endloop
  endfacet
  facet normal 0 0 1
    outer loop
      vertex -69.656 -36.6635 5
      vertex -71.6601 -35.3389 5
      vertex -69.7559 -36.8841 5
    endloop
  endfacet
  facet normal 0 0 1
    outer loop
      vertex -69.7559 -36.8841 5
      vertex -71.6601 -35.3389 5
      vertex -69.8412 -37.1107 5
    endloop
  endfacet
  facet normal 0 0 1
    outer loop
      vertex -69.8412 -37.1107 5
      vertex -71.6601 -35.3389 5
      vertex -69.9115 -37.3424 5
    endloop
  endfacet
  facet normal 0 0 1
    outer loop
      vertex -69.9115 -37.3424 5
      vertex -71.6601 -35.3389 5
      vertex -69.9665 -37.5782 5
    endloop
  endfacet
  facet normal 0 0 1
    outer loop
      vertex -69.9665 -37.5782 5
      vertex -71.6601 -35.3389 5
      vertex -70.0059 -37.8171 5
    endloop
  endfacet
  facet normal 0 0 1
    outer loop
      vertex -70.0296 -38.058 5
      vertex -71.6601 -35.3389 5
      vertex -70.0375 -38.3 5
    endloop
  endfacet
  facet normal 0 0 1
    outer loop
      vertex -70.0059 -37.8171 5
      vertex -71.6601 -35.3389 5
      vertex -70.0296 -38.058 5
    endloop
  endfacet
  facet normal 0 0 1
    outer loop
      vertex -71.9702 -29.811 5
      vertex -71.6601 -35.3389 5
      vertex -69.8664 -34.4543 5
    endloop
  endfacet
  facet normal 0 0 1
    outer loop
      vertex -73.818 -30.5764 5
      vertex -71.9702 -29.811 5
      vertex -73.7659 -25.0401 5
    endloop
  endfacet
  facet normal 0 0 1
    outer loop
      vertex -71.9702 -29.811 5
      vertex -73.818 -30.5764 5
      vertex -71.6601 -35.3389 5
    endloop
  endfacet
  facet normal 0 0 1
    outer loop
      vertex -75.6597 -25.683 5
      vertex -73.7659 -25.0401 5
      vertex -75.2456 -20.162 5
    endloop
  endfacet
  facet normal 0 0 1
    outer loop
      vertex -73.7659 -25.0401 5
      vertex -75.6597 -25.683 5
      vertex -73.818 -30.5764 5
    endloop
  endfacet
  facet normal 0 0 1
    outer loop
      vertex -77.1775 -20.6796 5
      vertex -75.2456 -20.162 5
      vertex -76.4032 -15.1975 5
    endloop
  endfacet
  facet normal 0 0 1
    outer loop
      vertex -75.2456 -20.162 5
      vertex -77.1775 -20.6796 5
      vertex -75.6597 -25.683 5
    endloop
  endfacet
  facet normal 0 0 1
    outer loop
      vertex -78.3647 -15.5877 5
      vertex -76.4032 -15.1975 5
      vertex -77.2336 -10.168 5
    endloop
  endfacet
  facet normal 0 0 1
    outer loop
      vertex -79.2164 -10.429 5
      vertex -77.2336 -10.168 5
      vertex -77.7332 -5.0949 5
    endloop
  endfacet
  facet normal 0 0 1
    outer loop
      vertex -76.4032 -15.1975 5
      vertex -78.3647 -15.5877 5
      vertex -77.1775 -20.6796 5
    endloop
  endfacet
  facet normal 0 0 1
    outer loop
      vertex -79.7289 -5.22571 5
      vertex -77.7332 -5.0949 5
      vertex -77.9 0 5
    endloop
  endfacet
  facet normal -0 0 1
    outer loop
      vertex -79.7289 5.22571 5
      vertex -77.7332 5.0949 5
      vertex -79.2164 10.429 5
    endloop
  endfacet
  facet normal 0 0 1
    outer loop
      vertex -77.7332 5.0949 5
      vertex -79.7289 5.22571 5
      vertex -77.9 0 5
    endloop
  endfacet
  facet normal 0 0 1
    outer loop
      vertex -77.2336 -10.168 5
      vertex -79.2164 -10.429 5
      vertex -78.3647 -15.5877 5
    endloop
  endfacet
  facet normal 0 0 1
    outer loop
      vertex -79.9 0 5
      vertex -77.9 0 5
      vertex -79.7289 5.22571 5
    endloop
  endfacet
  facet normal 0 0 1
    outer loop
      vertex -77.7332 -5.0949 5
      vertex -79.7289 -5.22571 5
      vertex -79.2164 -10.429 5
    endloop
  endfacet
  facet normal 0 0 1
    outer loop
      vertex -77.9 0 5
      vertex -79.9 0 5
      vertex -79.7289 -5.22571 5
    endloop
  endfacet
  facet normal 0 0 1
    outer loop
      vertex -70.035 -38.3794 5
      vertex -70.0375 -38.3 5
      vertex -71.6601 -35.3389 5
    endloop
  endfacet
  facet normal 0 0 1
    outer loop
      vertex 66.4344 44.3901 5
      vertex 68.1875 41.5043 5
      vertex 68.255 41.4624 5
    endloop
  endfacet
  facet normal 0 0 1
    outer loop
      vertex 66.4344 44.3901 5
      vertex 67.974 41.6184 5
      vertex 68.1875 41.5043 5
    endloop
  endfacet
  facet normal 0 0 1
    outer loop
      vertex 66.4344 44.3901 5
      vertex 67.7535 41.7184 5
      vertex 67.974 41.6184 5
    endloop
  endfacet
  facet normal 0 0 1
    outer loop
      vertex 66.4344 44.3901 5
      vertex 67.5269 41.8036 5
      vertex 67.7535 41.7184 5
    endloop
  endfacet
  facet normal 0 0 1
    outer loop
      vertex 66.4344 44.3901 5
      vertex 67.2952 41.8739 5
      vertex 67.5269 41.8036 5
    endloop
  endfacet
  facet normal 0 0 1
    outer loop
      vertex 66.4344 44.3901 5
      vertex 67.0594 41.9289 5
      vertex 67.2952 41.8739 5
    endloop
  endfacet
  facet normal 0 0 1
    outer loop
      vertex 66.4344 44.3901 5
      vertex 66.8205 41.9683 5
      vertex 67.0594 41.9289 5
    endloop
  endfacet
  facet normal 0 0 1
    outer loop
      vertex 66.4344 44.3901 5
      vertex 66.5795 41.9921 5
      vertex 66.8205 41.9683 5
    endloop
  endfacet
  facet normal 0 0 1
    outer loop
      vertex 66.4344 44.3901 5
      vertex 66.3375 42 5
      vertex 66.5795 41.9921 5
    endloop
  endfacet
  facet normal 0 0 1
    outer loop
      vertex 66.4344 44.3901 5
      vertex 66.0956 41.9921 5
      vertex 66.3375 42 5
    endloop
  endfacet
  facet normal -0 0 1
    outer loop
      vertex 64.7715 43.2789 5
      vertex 66.0956 41.9921 5
      vertex 66.4344 44.3901 5
    endloop
  endfacet
  facet normal 0 0 1
    outer loop
      vertex 66.0956 41.9921 5
      vertex 64.7715 43.2789 5
      vertex 65.8546 41.9683 5
    endloop
  endfacet
  facet normal 0 0 1
    outer loop
      vertex 65.8546 41.9683 5
      vertex 64.7715 43.2789 5
      vertex 65.6157 41.9289 5
    endloop
  endfacet
  facet normal 0 0 1
    outer loop
      vertex 65.6157 41.9289 5
      vertex 64.7715 43.2789 5
      vertex 65.6116 41.9279 5
    endloop
  endfacet
  facet normal 0 0 1
    outer loop
      vertex 63.3889 48.64 5
      vertex 64.7715 43.2789 5
      vertex 66.4344 44.3901 5
    endloop
  endfacet
  facet normal 0 0 1
    outer loop
      vertex 63.3889 48.64 5
      vertex 61.8022 47.4225 5
      vertex 64.7715 43.2789 5
    endloop
  endfacet
  facet normal 0 0 1
    outer loop
      vertex 60.072 52.6817 5
      vertex 61.8022 47.4225 5
      vertex 63.3889 48.64 5
    endloop
  endfacet
  facet normal 0 0 1
    outer loop
      vertex 60.072 52.6817 5
      vertex 58.5683 51.363 5
      vertex 61.8022 47.4225 5
    endloop
  endfacet
  facet normal 0 0 1
    outer loop
      vertex 56.4978 56.4978 5
      vertex 58.5683 51.363 5
      vertex 60.072 52.6817 5
    endloop
  endfacet
  facet normal 0 0 1
    outer loop
      vertex 56.4978 56.4978 5
      vertex 55.0836 55.0836 5
      vertex 58.5683 51.363 5
    endloop
  endfacet
  facet normal 0 0 1
    outer loop
      vertex 52.6817 60.072 5
      vertex 55.0836 55.0836 5
      vertex 56.4978 56.4978 5
    endloop
  endfacet
  facet normal 0 0 1
    outer loop
      vertex 52.6817 60.072 5
      vertex 51.363 58.5683 5
      vertex 55.0836 55.0836 5
    endloop
  endfacet
  facet normal 0 0 1
    outer loop
      vertex 48.64 63.3889 5
      vertex 51.363 58.5683 5
      vertex 52.6817 60.072 5
    endloop
  endfacet
  facet normal 0 0 1
    outer loop
      vertex 48.64 63.3889 5
      vertex 47.4225 61.8022 5
      vertex 51.363 58.5683 5
    endloop
  endfacet
  facet normal 0 0 1
    outer loop
      vertex 44.3901 66.4344 5
      vertex 47.4225 61.8022 5
      vertex 48.64 63.3889 5
    endloop
  endfacet
  facet normal 0 0 1
    outer loop
      vertex 44.3901 66.4344 5
      vertex 43.2789 64.7715 5
      vertex 47.4225 61.8022 5
    endloop
  endfacet
  facet normal 0 0 1
    outer loop
      vertex 39.95 69.1954 5
      vertex 43.2789 64.7715 5
      vertex 44.3901 66.4344 5
    endloop
  endfacet
  facet normal 0 0 1
    outer loop
      vertex 39.95 69.1954 5
      vertex 38.95 67.4634 5
      vertex 43.2789 64.7715 5
    endloop
  endfacet
  facet normal 0 0 1
    outer loop
      vertex 35.3389 71.6601 5
      vertex 38.95 67.4634 5
      vertex 39.95 69.1954 5
    endloop
  endfacet
  facet normal 0 0 1
    outer loop
      vertex 35.3389 71.6601 5
      vertex 34.4543 69.8664 5
      vertex 38.95 67.4634 5
    endloop
  endfacet
  facet normal 0 0 1
    outer loop
      vertex 30.5764 73.818 5
      vertex 34.4543 69.8664 5
      vertex 35.3389 71.6601 5
    endloop
  endfacet
  facet normal 0 0 1
    outer loop
      vertex 30.5764 73.818 5
      vertex 29.811 71.9702 5
      vertex 34.4543 69.8664 5
    endloop
  endfacet
  facet normal 0 0 1
    outer loop
      vertex 25.683 75.6597 5
      vertex 29.811 71.9702 5
      vertex 30.5764 73.818 5
    endloop
  endfacet
  facet normal 0 0 1
    outer loop
      vertex 25.683 75.6597 5
      vertex 25.0401 73.7659 5
      vertex 29.811 71.9702 5
    endloop
  endfacet
  facet normal 0 0 1
    outer loop
      vertex 20.6796 77.1775 5
      vertex 25.0401 73.7659 5
      vertex 25.683 75.6597 5
    endloop
  endfacet
  facet normal 0 0 1
    outer loop
      vertex 20.6796 77.1775 5
      vertex 20.162 75.2456 5
      vertex 25.0401 73.7659 5
    endloop
  endfacet
  facet normal 0 0 1
    outer loop
      vertex 15.5877 78.3647 5
      vertex 20.162 75.2456 5
      vertex 20.6796 77.1775 5
    endloop
  endfacet
  facet normal 0 0 1
    outer loop
      vertex 15.5877 78.3647 5
      vertex 15.1975 76.4032 5
      vertex 20.162 75.2456 5
    endloop
  endfacet
  facet normal 0 0 1
    outer loop
      vertex 10.429 79.2164 5
      vertex 15.1975 76.4032 5
      vertex 15.5877 78.3647 5
    endloop
  endfacet
  facet normal 0 0 1
    outer loop
      vertex 10.429 79.2164 5
      vertex 10.168 77.2336 5
      vertex 15.1975 76.4032 5
    endloop
  endfacet
  facet normal 0 0 1
    outer loop
      vertex 5.22571 79.7289 5
      vertex 10.168 77.2336 5
      vertex 10.429 79.2164 5
    endloop
  endfacet
  facet normal 0 0 1
    outer loop
      vertex 5.22571 79.7289 5
      vertex 5.0949 77.7332 5
      vertex 10.168 77.2336 5
    endloop
  endfacet
  facet normal -0 0 1
    outer loop
      vertex 3.31843 78.2365 5
      vertex 5.0949 77.7332 5
      vertex 5.22571 79.7289 5
    endloop
  endfacet
  facet normal 0 0 1
    outer loop
      vertex 5.0949 77.7332 5
      vertex 3.50364 77.7893 5
      vertex 3.50487 77.7853 5
    endloop
  endfacet
  facet normal 0 0 1
    outer loop
      vertex 5.0949 77.7332 5
      vertex 3.41835 78.0159 5
      vertex 3.50364 77.7893 5
    endloop
  endfacet
  facet normal 0 0 1
    outer loop
      vertex 5.0949 77.7332 5
      vertex 3.31843 78.2365 5
      vertex 3.41835 78.0159 5
    endloop
  endfacet
  facet normal 0 0 1
    outer loop
      vertex 5.22571 79.7289 5
      vertex 3.20429 78.45 5
      vertex 3.31843 78.2365 5
    endloop
  endfacet
  facet normal 0 0 1
    outer loop
      vertex 5.22571 79.7289 5
      vertex 3.07644 78.6556 5
      vertex 3.20429 78.45 5
    endloop
  endfacet
  facet normal 0 0 1
    outer loop
      vertex 5.22571 79.7289 5
      vertex 2.93541 78.8524 5
      vertex 3.07644 78.6556 5
    endloop
  endfacet
  facet normal 0 0 1
    outer loop
      vertex 5.22571 79.7289 5
      vertex 2.78181 79.0396 5
      vertex 2.93541 78.8524 5
    endloop
  endfacet
  facet normal 0 0 1
    outer loop
      vertex 5.22571 79.7289 5
      vertex 2.61629 79.2163 5
      vertex 2.78181 79.0396 5
    endloop
  endfacet
  facet normal 0 0 1
    outer loop
      vertex 5.22571 79.7289 5
      vertex 2.43958 79.3818 5
      vertex 2.61629 79.2163 5
    endloop
  endfacet
  facet normal 0 0 1
    outer loop
      vertex 5.22571 79.7289 5
      vertex 2.25242 79.5354 5
      vertex 2.43958 79.3818 5
    endloop
  endfacet
  facet normal 0 0 1
    outer loop
      vertex 5.22571 79.7289 5
      vertex 2.05561 79.6764 5
      vertex 2.25242 79.5354 5
    endloop
  endfacet
  facet normal 0 0 1
    outer loop
      vertex 5.22571 79.7289 5
      vertex 1.85 79.8043 5
      vertex 2.05561 79.6764 5
    endloop
  endfacet
  facet normal -0 -0 1
    outer loop
      vertex 1.85 79.8043 5
      vertex 5.22571 79.7289 5
      vertex 1.77996 79.8417 5
    endloop
  endfacet
  facet normal -0.582486 -0.812841 0
    outer loop
      vertex -48.64 -63.3889 3
      vertex -44.3901 -66.4344 5
      vertex -48.64 -63.3889 5
    endloop
  endfacet
  facet normal -0.582486 -0.812841 -0
    outer loop
      vertex -44.3901 -66.4344 5
      vertex -48.64 -63.3889 3
      vertex -44.3901 -66.4344 3
    endloop
  endfacet
  facet normal -0.999465 0.0327211 0
    outer loop
      vertex 77.7332 -5.0949 3
      vertex 77.9 0 5
      vertex 77.9 0 3
    endloop
  endfacet
  facet normal -0.999465 0.0327211 0
    outer loop
      vertex 77.9 0 5
      vertex 77.7332 -5.0949 3
      vertex 77.7332 -5.0949 5
    endloop
  endfacet
  facet normal -0.995186 -0.0980061 0
    outer loop
      vertex 77.7332 5.0949 3
      vertex 77.2336 10.168 5
      vertex 77.2336 10.168 3
    endloop
  endfacet
  facet normal -0.995186 -0.0980061 0
    outer loop
      vertex 77.2336 10.168 5
      vertex 77.7332 5.0949 3
      vertex 77.7332 5.0949 5
    endloop
  endfacet
  facet normal -0.999465 -0.0327211 0
    outer loop
      vertex 77.9 0 3
      vertex 77.7332 5.0949 5
      vertex 77.7332 5.0949 3
    endloop
  endfacet
  facet normal -0.999465 -0.0327211 0
    outer loop
      vertex 77.7332 5.0949 5
      vertex 77.9 0 3
      vertex 77.9 0 5
    endloop
  endfacet
  facet normal -0.0980061 -0.995186 0
    outer loop
      vertex 5.0949 77.7332 3
      vertex 10.168 77.2336 5
      vertex 5.0949 77.7332 5
    endloop
  endfacet
  facet normal -0.0980061 -0.995186 -0
    outer loop
      vertex 10.168 77.2336 5
      vertex 5.0949 77.7332 3
      vertex 10.168 77.2336 3
    endloop
  endfacet
  facet normal 0.1629 -0.986643 0
    outer loop
      vertex -15.1975 76.4032 3
      vertex -10.168 77.2336 5
      vertex -15.1975 76.4032 5
    endloop
  endfacet
  facet normal 0.1629 -0.986643 0
    outer loop
      vertex -10.168 77.2336 5
      vertex -15.1975 76.4032 3
      vertex -10.168 77.2336 3
    endloop
  endfacet
  facet normal -0.582483 0.812843 0
    outer loop
      vertex 47.4225 -61.8022 3
      vertex 43.2789 -64.7715 5
      vertex 47.4225 -61.8022 5
    endloop
  endfacet
  facet normal -0.582483 0.812843 0
    outer loop
      vertex 43.2789 -64.7715 5
      vertex 47.4225 -61.8022 3
      vertex 43.2789 -64.7715 3
    endloop
  endfacet
  facet normal -0.52807 0.849201 0
    outer loop
      vertex 43.2789 -64.7715 3
      vertex 38.95 -67.4634 5
      vertex 43.2789 -64.7715 5
    endloop
  endfacet
  facet normal -0.52807 0.849201 0
    outer loop
      vertex 38.95 -67.4634 5
      vertex 43.2789 -64.7715 3
      vertex 38.95 -67.4634 3
    endloop
  endfacet
  facet normal 0.812843 -0.582483 0
    outer loop
      vertex -64.7715 43.2789 5
      vertex -61.8022 47.4225 3
      vertex -61.8022 47.4225 5
    endloop
  endfacet
  facet normal 0.812843 -0.582483 0
    outer loop
      vertex -61.8022 47.4225 3
      vertex -64.7715 43.2789 5
      vertex -64.7715 43.2789 3
    endloop
  endfacet
  facet normal 0.812843 0.582483 0
    outer loop
      vertex -61.8022 -47.4225 5
      vertex -64.7715 -43.2789 3
      vertex -64.7715 -43.2789 5
    endloop
  endfacet
  facet normal 0.812843 0.582483 0
    outer loop
      vertex -64.7715 -43.2789 3
      vertex -61.8022 -47.4225 5
      vertex -61.8022 -47.4225 3
    endloop
  endfacet
  facet normal -0.35226 0.935902 0
    outer loop
      vertex 29.811 -71.9702 3
      vertex 25.0401 -73.7659 5
      vertex 29.811 -71.9702 5
    endloop
  endfacet
  facet normal -0.35226 0.935902 0
    outer loop
      vertex 25.0401 -73.7659 5
      vertex 29.811 -71.9702 3
      vertex 25.0401 -73.7659 3
    endloop
  endfacet
  facet normal -0.290275 -0.956943 0
    outer loop
      vertex 20.162 75.2456 3
      vertex 25.0401 73.7659 5
      vertex 20.162 75.2456 5
    endloop
  endfacet
  facet normal -0.290275 -0.956943 -0
    outer loop
      vertex 25.0401 73.7659 5
      vertex 20.162 75.2456 3
      vertex 25.0401 73.7659 3
    endloop
  endfacet
  facet normal 0.849204 -0.528065 0
    outer loop
      vertex -65.6116 41.9279 5
      vertex -64.7715 43.2789 3
      vertex -64.7715 43.2789 5
    endloop
  endfacet
  facet normal 0.849204 -0.528065 0
    outer loop
      vertex -64.7715 43.2789 3
      vertex -65.6116 41.9279 5
      vertex -65.6116 41.9279 3
    endloop
  endfacet
  facet normal -0.1629 -0.986643 0
    outer loop
      vertex 10.168 77.2336 3
      vertex 15.1975 76.4032 5
      vertex 10.168 77.2336 5
    endloop
  endfacet
  facet normal -0.1629 -0.986643 -0
    outer loop
      vertex 15.1975 76.4032 5
      vertex 10.168 77.2336 3
      vertex 15.1975 76.4032 3
    endloop
  endfacet
  facet normal -0.0327491 -0.999464 0
    outer loop
      vertex 3.50487 77.7853 3
      vertex 5.0949 77.7332 5
      vertex 3.50487 77.7853 5
    endloop
  endfacet
  facet normal -0.0327491 -0.999464 -0
    outer loop
      vertex 5.0949 77.7332 5
      vertex 3.50487 77.7853 3
      vertex 5.0949 77.7332 3
    endloop
  endfacet
  facet normal -0.849204 -0.528065 0
    outer loop
      vertex 65.6116 41.9279 3
      vertex 64.7715 43.2789 5
      vertex 64.7715 43.2789 3
    endloop
  endfacet
  facet normal -0.849204 -0.528065 0
    outer loop
      vertex 64.7715 43.2789 5
      vertex 65.6116 41.9279 3
      vertex 65.6116 41.9279 5
    endloop
  endfacet
  facet normal 0.849204 0.528065 0
    outer loop
      vertex -64.7715 -43.2789 5
      vertex -65.6116 -41.9279 3
      vertex -65.6116 -41.9279 5
    endloop
  endfacet
  facet normal 0.849204 0.528065 0
    outer loop
      vertex -65.6116 -41.9279 3
      vertex -64.7715 -43.2789 5
      vertex -64.7715 -43.2789 3
    endloop
  endfacet
  facet normal 0.910868 0.412699 0
    outer loop
      vertex -69.8664 -34.4543 5
      vertex -71.9702 -29.811 3
      vertex -71.9702 -29.811 5
    endloop
  endfacet
  facet normal 0.910868 0.412699 0
    outer loop
      vertex -71.9702 -29.811 3
      vertex -69.8664 -34.4543 5
      vertex -69.8664 -34.4543 3
    endloop
  endfacet
  facet normal -0.52807 -0.849201 0
    outer loop
      vertex 38.95 67.4634 3
      vertex 43.2789 64.7715 5
      vertex 38.95 67.4634 5
    endloop
  endfacet
  facet normal -0.52807 -0.849201 -0
    outer loop
      vertex 43.2789 64.7715 5
      vertex 38.95 67.4634 3
      vertex 43.2789 64.7715 3
    endloop
  endfacet
  facet normal 0.52807 -0.849201 0
    outer loop
      vertex -43.2789 64.7715 3
      vertex -38.95 67.4634 5
      vertex -43.2789 64.7715 5
    endloop
  endfacet
  facet normal 0.52807 -0.849201 0
    outer loop
      vertex -38.95 67.4634 5
      vertex -43.2789 64.7715 3
      vertex -38.95 67.4634 3
    endloop
  endfacet
  facet normal -0.812843 -0.582483 0
    outer loop
      vertex 64.7715 43.2789 3
      vertex 61.8022 47.4225 5
      vertex 61.8022 47.4225 3
    endloop
  endfacet
  facet normal -0.812843 -0.582483 0
    outer loop
      vertex 61.8022 47.4225 5
      vertex 64.7715 43.2789 3
      vertex 64.7715 43.2789 5
    endloop
  endfacet
  facet normal 0.582483 -0.812843 0
    outer loop
      vertex -47.4225 61.8022 3
      vertex -43.2789 64.7715 5
      vertex -47.4225 61.8022 5
    endloop
  endfacet
  facet normal 0.582483 -0.812843 0
    outer loop
      vertex -43.2789 64.7715 5
      vertex -47.4225 61.8022 3
      vertex -43.2789 64.7715 3
    endloop
  endfacet
  facet normal 0.973875 -0.227084 0
    outer loop
      vertex -76.4032 15.1975 5
      vertex -75.2456 20.162 3
      vertex -75.2456 20.162 5
    endloop
  endfacet
  facet normal 0.973875 -0.227084 0
    outer loop
      vertex -75.2456 20.162 3
      vertex -76.4032 15.1975 5
      vertex -76.4032 15.1975 3
    endloop
  endfacet
  facet normal 0.773009 -0.634395 0
    outer loop
      vertex -61.8022 47.4225 5
      vertex -58.5683 51.363 3
      vertex -58.5683 51.363 5
    endloop
  endfacet
  facet normal 0.773009 -0.634395 0
    outer loop
      vertex -58.5683 51.363 3
      vertex -61.8022 47.4225 5
      vertex -61.8022 47.4225 3
    endloop
  endfacet
  facet normal 0.729866 0.68359 0
    outer loop
      vertex -55.0836 -55.0836 5
      vertex -58.5683 -51.363 3
      vertex -58.5683 -51.363 5
    endloop
  endfacet
  facet normal 0.729866 0.68359 0
    outer loop
      vertex -58.5683 -51.363 3
      vertex -55.0836 -55.0836 5
      vertex -55.0836 -55.0836 3
    endloop
  endfacet
  facet normal -0.986643 0.1629 0
    outer loop
      vertex 76.4032 -15.1975 3
      vertex 77.2336 -10.168 5
      vertex 77.2336 -10.168 3
    endloop
  endfacet
  facet normal -0.986643 0.1629 0
    outer loop
      vertex 77.2336 -10.168 5
      vertex 76.4032 -15.1975 3
      vertex 76.4032 -15.1975 5
    endloop
  endfacet
  facet normal -0.634395 -0.773009 0
    outer loop
      vertex 47.4225 61.8022 3
      vertex 51.363 58.5683 5
      vertex 47.4225 61.8022 5
    endloop
  endfacet
  facet normal -0.634395 -0.773009 -0
    outer loop
      vertex 51.363 58.5683 5
      vertex 47.4225 61.8022 3
      vertex 51.363 58.5683 3
    endloop
  endfacet
  facet normal -0.8819 0.471436 0
    outer loop
      vertex 69.1164 -35.8573 3
      vertex 69.8664 -34.4543 5
      vertex 69.8664 -34.4543 3
    endloop
  endfacet
  facet normal -0.8819 0.471436 0
    outer loop
      vertex 69.8664 -34.4543 5
      vertex 69.1164 -35.8573 3
      vertex 69.1164 -35.8573 5
    endloop
  endfacet
  facet normal 0.471396 0.881921 -0
    outer loop
      vertex -34.4543 -69.8664 3
      vertex -38.95 -67.4634 5
      vertex -34.4543 -69.8664 5
    endloop
  endfacet
  facet normal 0.471396 0.881921 0
    outer loop
      vertex -38.95 -67.4634 5
      vertex -34.4543 -69.8664 3
      vertex -38.95 -67.4634 3
    endloop
  endfacet
  facet normal 0.0980061 -0.995186 0
    outer loop
      vertex -10.168 77.2336 3
      vertex -5.0949 77.7332 5
      vertex -10.168 77.2336 5
    endloop
  endfacet
  facet normal 0.0980061 -0.995186 0
    outer loop
      vertex -5.0949 77.7332 5
      vertex -10.168 77.2336 3
      vertex -5.0949 77.7332 3
    endloop
  endfacet
  facet normal -0.412699 -0.910868 0
    outer loop
      vertex 29.811 71.9702 3
      vertex 34.4543 69.8664 5
      vertex 29.811 71.9702 5
    endloop
  endfacet
  facet normal -0.412699 -0.910868 -0
    outer loop
      vertex 34.4543 69.8664 5
      vertex 29.811 71.9702 3
      vertex 34.4543 69.8664 3
    endloop
  endfacet
  facet normal 0.995186 0.0980061 0
    outer loop
      vertex -77.2336 -10.168 5
      vertex -77.7332 -5.0949 3
      vertex -77.7332 -5.0949 5
    endloop
  endfacet
  facet normal 0.995186 0.0980061 0
    outer loop
      vertex -77.7332 -5.0949 3
      vertex -77.2336 -10.168 5
      vertex -77.2336 -10.168 3
    endloop
  endfacet
  facet normal -0.412699 0.910868 0
    outer loop
      vertex 34.4543 -69.8664 3
      vertex 29.811 -71.9702 5
      vertex 34.4543 -69.8664 5
    endloop
  endfacet
  facet normal -0.412699 0.910868 0
    outer loop
      vertex 29.811 -71.9702 5
      vertex 34.4543 -69.8664 3
      vertex 29.811 -71.9702 3
    endloop
  endfacet
  facet normal 0.973875 0.227084 0
    outer loop
      vertex -75.2456 -20.162 5
      vertex -76.4032 -15.1975 3
      vertex -76.4032 -15.1975 5
    endloop
  endfacet
  facet normal 0.973875 0.227084 0
    outer loop
      vertex -76.4032 -15.1975 3
      vertex -75.2456 -20.162 5
      vertex -75.2456 -20.162 3
    endloop
  endfacet
  facet normal -0.227084 -0.973875 0
    outer loop
      vertex 15.1975 76.4032 3
      vertex 20.162 75.2456 5
      vertex 15.1975 76.4032 5
    endloop
  endfacet
  facet normal -0.227084 -0.973875 -0
    outer loop
      vertex 20.162 75.2456 5
      vertex 15.1975 76.4032 3
      vertex 20.162 75.2456 3
    endloop
  endfacet
  facet normal -0.68359 0.729866 0
    outer loop
      vertex 55.0836 -55.0836 3
      vertex 51.363 -58.5683 5
      vertex 55.0836 -55.0836 5
    endloop
  endfacet
  facet normal -0.68359 0.729866 0
    outer loop
      vertex 51.363 -58.5683 5
      vertex 55.0836 -55.0836 3
      vertex 51.363 -58.5683 3
    endloop
  endfacet
  facet normal 0.634395 0.773009 -0
    outer loop
      vertex -47.4225 -61.8022 3
      vertex -51.363 -58.5683 5
      vertex -47.4225 -61.8022 5
    endloop
  endfacet
  facet normal 0.634395 0.773009 0
    outer loop
      vertex -51.363 -58.5683 5
      vertex -47.4225 -61.8022 3
      vertex -51.363 -58.5683 3
    endloop
  endfacet
  facet normal -0.956943 0.290275 0
    outer loop
      vertex 73.7659 -25.0401 3
      vertex 75.2456 -20.162 5
      vertex 75.2456 -20.162 3
    endloop
  endfacet
  facet normal -0.956943 0.290275 0
    outer loop
      vertex 75.2456 -20.162 5
      vertex 73.7659 -25.0401 3
      vertex 73.7659 -25.0401 5
    endloop
  endfacet
  facet normal -0.773009 0.634395 0
    outer loop
      vertex 58.5683 -51.363 3
      vertex 61.8022 -47.4225 5
      vertex 61.8022 -47.4225 3
    endloop
  endfacet
  facet normal -0.773009 0.634395 0
    outer loop
      vertex 61.8022 -47.4225 5
      vertex 58.5683 -51.363 3
      vertex 58.5683 -51.363 5
    endloop
  endfacet
  facet normal -0.995186 0.0980061 0
    outer loop
      vertex 77.2336 -10.168 3
      vertex 77.7332 -5.0949 5
      vertex 77.7332 -5.0949 3
    endloop
  endfacet
  facet normal -0.995186 0.0980061 0
    outer loop
      vertex 77.7332 -5.0949 5
      vertex 77.2336 -10.168 3
      vertex 77.2336 -10.168 5
    endloop
  endfacet
  facet normal 0.227084 -0.973875 0
    outer loop
      vertex -20.162 75.2456 3
      vertex -15.1975 76.4032 5
      vertex -20.162 75.2456 5
    endloop
  endfacet
  facet normal 0.227084 -0.973875 0
    outer loop
      vertex -15.1975 76.4032 5
      vertex -20.162 75.2456 3
      vertex -15.1975 76.4032 3
    endloop
  endfacet
  facet normal -0.0327491 0.999464 0
    outer loop
      vertex 5.0949 -77.7332 3
      vertex 3.50487 -77.7853 5
      vertex 5.0949 -77.7332 5
    endloop
  endfacet
  facet normal -0.0327491 0.999464 0
    outer loop
      vertex 3.50487 -77.7853 5
      vertex 5.0949 -77.7332 3
      vertex 3.50487 -77.7853 3
    endloop
  endfacet
  facet normal 0.290275 -0.956943 0
    outer loop
      vertex -25.0401 73.7659 3
      vertex -20.162 75.2456 5
      vertex -25.0401 73.7659 5
    endloop
  endfacet
  facet normal 0.290275 -0.956943 0
    outer loop
      vertex -20.162 75.2456 5
      vertex -25.0401 73.7659 3
      vertex -20.162 75.2456 3
    endloop
  endfacet
  facet normal -0.582483 -0.812843 0
    outer loop
      vertex 43.2789 64.7715 3
      vertex 47.4225 61.8022 5
      vertex 43.2789 64.7715 5
    endloop
  endfacet
  facet normal -0.582483 -0.812843 -0
    outer loop
      vertex 47.4225 61.8022 5
      vertex 43.2789 64.7715 3
      vertex 47.4225 61.8022 3
    endloop
  endfacet
  facet normal 0.68359 -0.729866 0
    outer loop
      vertex -55.0836 55.0836 3
      vertex -51.363 58.5683 5
      vertex -55.0836 55.0836 5
    endloop
  endfacet
  facet normal 0.68359 -0.729866 0
    outer loop
      vertex -51.363 58.5683 5
      vertex -55.0836 55.0836 3
      vertex -51.363 58.5683 3
    endloop
  endfacet
  facet normal 0.910868 -0.412699 0
    outer loop
      vertex -71.9702 29.811 5
      vertex -69.8664 34.4543 3
      vertex -69.8664 34.4543 5
    endloop
  endfacet
  facet normal 0.910868 -0.412699 0
    outer loop
      vertex -69.8664 34.4543 3
      vertex -71.9702 29.811 5
      vertex -71.9702 29.811 3
    endloop
  endfacet
  facet normal -0.973875 0.227084 0
    outer loop
      vertex 75.2456 -20.162 3
      vertex 76.4032 -15.1975 5
      vertex 76.4032 -15.1975 3
    endloop
  endfacet
  facet normal -0.973875 0.227084 0
    outer loop
      vertex 76.4032 -15.1975 5
      vertex 75.2456 -20.162 3
      vertex 75.2456 -20.162 5
    endloop
  endfacet
  facet normal 0.995186 -0.0980061 0
    outer loop
      vertex -77.7332 5.0949 5
      vertex -77.2336 10.168 3
      vertex -77.2336 10.168 5
    endloop
  endfacet
  facet normal 0.995186 -0.0980061 0
    outer loop
      vertex -77.2336 10.168 3
      vertex -77.7332 5.0949 5
      vertex -77.7332 5.0949 3
    endloop
  endfacet
  facet normal -0.956943 -0.290275 0
    outer loop
      vertex 75.2456 20.162 3
      vertex 73.7659 25.0401 5
      vertex 73.7659 25.0401 3
    endloop
  endfacet
  facet normal -0.956943 -0.290275 0
    outer loop
      vertex 73.7659 25.0401 5
      vertex 75.2456 20.162 3
      vertex 75.2456 20.162 5
    endloop
  endfacet
  facet normal 0.986643 0.1629 0
    outer loop
      vertex -76.4032 -15.1975 5
      vertex -77.2336 -10.168 3
      vertex -77.2336 -10.168 5
    endloop
  endfacet
  facet normal 0.986643 0.1629 0
    outer loop
      vertex -77.2336 -10.168 3
      vertex -76.4032 -15.1975 5
      vertex -76.4032 -15.1975 3
    endloop
  endfacet
  facet normal -0.8819 -0.471436 0
    outer loop
      vertex 69.8664 34.4543 3
      vertex 69.1164 35.8573 5
      vertex 69.1164 35.8573 3
    endloop
  endfacet
  facet normal -0.8819 -0.471436 0
    outer loop
      vertex 69.1164 35.8573 5
      vertex 69.8664 34.4543 3
      vertex 69.8664 34.4543 5
    endloop
  endfacet
  facet normal -0.729866 -0.68359 0
    outer loop
      vertex 58.5683 51.363 3
      vertex 55.0836 55.0836 5
      vertex 55.0836 55.0836 3
    endloop
  endfacet
  facet normal -0.729866 -0.68359 0
    outer loop
      vertex 55.0836 55.0836 5
      vertex 58.5683 51.363 3
      vertex 58.5683 51.363 5
    endloop
  endfacet
  facet normal 0.471396 -0.881921 0
    outer loop
      vertex -38.95 67.4634 3
      vertex -34.4543 69.8664 5
      vertex -38.95 67.4634 5
    endloop
  endfacet
  facet normal 0.471396 -0.881921 0
    outer loop
      vertex -34.4543 69.8664 5
      vertex -38.95 67.4634 3
      vertex -34.4543 69.8664 3
    endloop
  endfacet
  facet normal 0.35226 -0.935902 0
    outer loop
      vertex -29.811 71.9702 3
      vertex -25.0401 73.7659 5
      vertex -29.811 71.9702 5
    endloop
  endfacet
  facet normal 0.35226 -0.935902 0
    outer loop
      vertex -25.0401 73.7659 5
      vertex -29.811 71.9702 3
      vertex -25.0401 73.7659 3
    endloop
  endfacet
  facet normal 0.935902 -0.35226 0
    outer loop
      vertex -73.7659 25.0401 5
      vertex -71.9702 29.811 3
      vertex -71.9702 29.811 5
    endloop
  endfacet
  facet normal 0.935902 -0.35226 0
    outer loop
      vertex -71.9702 29.811 3
      vertex -73.7659 25.0401 5
      vertex -73.7659 25.0401 3
    endloop
  endfacet
  facet normal -0.0980061 0.995186 0
    outer loop
      vertex 10.168 -77.2336 3
      vertex 5.0949 -77.7332 5
      vertex 10.168 -77.2336 5
    endloop
  endfacet
  facet normal -0.0980061 0.995186 0
    outer loop
      vertex 5.0949 -77.7332 5
      vertex 10.168 -77.2336 3
      vertex 5.0949 -77.7332 3
    endloop
  endfacet
  facet normal 0.999465 0.0327211 0
    outer loop
      vertex -77.7332 -5.0949 5
      vertex -77.9 0 3
      vertex -77.9 0 5
    endloop
  endfacet
  facet normal 0.999465 0.0327211 0
    outer loop
      vertex -77.9 0 3
      vertex -77.7332 -5.0949 5
      vertex -77.7332 -5.0949 3
    endloop
  endfacet
  facet normal 0.956943 -0.290275 0
    outer loop
      vertex -75.2456 20.162 5
      vertex -73.7659 25.0401 3
      vertex -73.7659 25.0401 5
    endloop
  endfacet
  facet normal 0.956943 -0.290275 0
    outer loop
      vertex -73.7659 25.0401 3
      vertex -75.2456 20.162 5
      vertex -75.2456 20.162 3
    endloop
  endfacet
  facet normal 0.935902 0.35226 0
    outer loop
      vertex -71.9702 -29.811 5
      vertex -73.7659 -25.0401 3
      vertex -73.7659 -25.0401 5
    endloop
  endfacet
  facet normal 0.935902 0.35226 0
    outer loop
      vertex -73.7659 -25.0401 3
      vertex -71.9702 -29.811 5
      vertex -71.9702 -29.811 3
    endloop
  endfacet
  facet normal 0.0327491 -0.999464 0
    outer loop
      vertex -5.0949 77.7332 3
      vertex -3.50487 77.7853 5
      vertex -5.0949 77.7332 5
    endloop
  endfacet
  facet normal 0.0327491 -0.999464 0
    outer loop
      vertex -3.50487 77.7853 5
      vertex -5.0949 77.7332 3
      vertex -3.50487 77.7853 3
    endloop
  endfacet
  facet normal -0.68359 -0.729866 0
    outer loop
      vertex 51.363 58.5683 3
      vertex 55.0836 55.0836 5
      vertex 51.363 58.5683 5
    endloop
  endfacet
  facet normal -0.68359 -0.729866 -0
    outer loop
      vertex 55.0836 55.0836 5
      vertex 51.363 58.5683 3
      vertex 55.0836 55.0836 3
    endloop
  endfacet
  facet normal -0.227084 0.973875 0
    outer loop
      vertex 20.162 -75.2456 3
      vertex 15.1975 -76.4032 5
      vertex 20.162 -75.2456 5
    endloop
  endfacet
  facet normal -0.227084 0.973875 0
    outer loop
      vertex 15.1975 -76.4032 5
      vertex 20.162 -75.2456 3
      vertex 15.1975 -76.4032 3
    endloop
  endfacet
  facet normal -0.1629 0.986643 0
    outer loop
      vertex 15.1975 -76.4032 3
      vertex 10.168 -77.2336 5
      vertex 15.1975 -76.4032 5
    endloop
  endfacet
  facet normal -0.1629 0.986643 0
    outer loop
      vertex 10.168 -77.2336 5
      vertex 15.1975 -76.4032 3
      vertex 10.168 -77.2336 3
    endloop
  endfacet
  facet normal -0.35226 -0.935902 0
    outer loop
      vertex 25.0401 73.7659 3
      vertex 29.811 71.9702 5
      vertex 25.0401 73.7659 5
    endloop
  endfacet
  facet normal -0.35226 -0.935902 -0
    outer loop
      vertex 29.811 71.9702 5
      vertex 25.0401 73.7659 3
      vertex 29.811 71.9702 3
    endloop
  endfacet
  facet normal 0.412699 -0.910868 0
    outer loop
      vertex -34.4543 69.8664 3
      vertex -29.811 71.9702 5
      vertex -34.4543 69.8664 5
    endloop
  endfacet
  facet normal 0.412699 -0.910868 0
    outer loop
      vertex -29.811 71.9702 5
      vertex -34.4543 69.8664 3
      vertex -29.811 71.9702 3
    endloop
  endfacet
  facet normal 0.999465 -0.0327211 0
    outer loop
      vertex -77.9 0 5
      vertex -77.7332 5.0949 3
      vertex -77.7332 5.0949 5
    endloop
  endfacet
  facet normal 0.999465 -0.0327211 0
    outer loop
      vertex -77.7332 5.0949 3
      vertex -77.9 0 5
      vertex -77.9 0 3
    endloop
  endfacet
  facet normal 0.986643 -0.1629 0
    outer loop
      vertex -77.2336 10.168 5
      vertex -76.4032 15.1975 3
      vertex -76.4032 15.1975 5
    endloop
  endfacet
  facet normal 0.986643 -0.1629 0
    outer loop
      vertex -76.4032 15.1975 3
      vertex -77.2336 10.168 5
      vertex -77.2336 10.168 3
    endloop
  endfacet
  facet normal 0.634395 -0.773009 0
    outer loop
      vertex -51.363 58.5683 3
      vertex -47.4225 61.8022 5
      vertex -51.363 58.5683 5
    endloop
  endfacet
  facet normal 0.634395 -0.773009 0
    outer loop
      vertex -47.4225 61.8022 5
      vertex -51.363 58.5683 3
      vertex -47.4225 61.8022 3
    endloop
  endfacet
  facet normal -0.910868 -0.412699 0
    outer loop
      vertex 71.9702 29.811 3
      vertex 69.8664 34.4543 5
      vertex 69.8664 34.4543 3
    endloop
  endfacet
  facet normal -0.910868 -0.412699 0
    outer loop
      vertex 69.8664 34.4543 5
      vertex 71.9702 29.811 3
      vertex 71.9702 29.811 5
    endloop
  endfacet
  facet normal -0.729866 0.68359 0
    outer loop
      vertex 55.0836 -55.0836 3
      vertex 58.5683 -51.363 5
      vertex 58.5683 -51.363 3
    endloop
  endfacet
  facet normal -0.729866 0.68359 0
    outer loop
      vertex 58.5683 -51.363 5
      vertex 55.0836 -55.0836 3
      vertex 55.0836 -55.0836 5
    endloop
  endfacet
  facet normal -0.290275 0.956943 0
    outer loop
      vertex 25.0401 -73.7659 3
      vertex 20.162 -75.2456 5
      vertex 25.0401 -73.7659 5
    endloop
  endfacet
  facet normal -0.290275 0.956943 0
    outer loop
      vertex 20.162 -75.2456 5
      vertex 25.0401 -73.7659 3
      vertex 20.162 -75.2456 3
    endloop
  endfacet
  facet normal -0.471396 -0.881921 0
    outer loop
      vertex 34.4543 69.8664 3
      vertex 38.95 67.4634 5
      vertex 34.4543 69.8664 5
    endloop
  endfacet
  facet normal -0.471396 -0.881921 -0
    outer loop
      vertex 38.95 67.4634 5
      vertex 34.4543 69.8664 3
      vertex 38.95 67.4634 3
    endloop
  endfacet
  facet normal 0.582483 0.812843 -0
    outer loop
      vertex -43.2789 -64.7715 3
      vertex -47.4225 -61.8022 5
      vertex -43.2789 -64.7715 5
    endloop
  endfacet
  facet normal 0.582483 0.812843 0
    outer loop
      vertex -47.4225 -61.8022 5
      vertex -43.2789 -64.7715 3
      vertex -47.4225 -61.8022 3
    endloop
  endfacet
  facet normal 0.290275 0.956943 -0
    outer loop
      vertex -20.162 -75.2456 3
      vertex -25.0401 -73.7659 5
      vertex -20.162 -75.2456 5
    endloop
  endfacet
  facet normal 0.290275 0.956943 0
    outer loop
      vertex -25.0401 -73.7659 5
      vertex -20.162 -75.2456 3
      vertex -25.0401 -73.7659 3
    endloop
  endfacet
  facet normal -0.973875 -0.227084 0
    outer loop
      vertex 76.4032 15.1975 3
      vertex 75.2456 20.162 5
      vertex 75.2456 20.162 3
    endloop
  endfacet
  facet normal -0.973875 -0.227084 0
    outer loop
      vertex 75.2456 20.162 5
      vertex 76.4032 15.1975 3
      vertex 76.4032 15.1975 5
    endloop
  endfacet
  facet normal -0.935902 -0.35226 0
    outer loop
      vertex 73.7659 25.0401 3
      vertex 71.9702 29.811 5
      vertex 71.9702 29.811 3
    endloop
  endfacet
  facet normal -0.935902 -0.35226 0
    outer loop
      vertex 71.9702 29.811 5
      vertex 73.7659 25.0401 3
      vertex 73.7659 25.0401 5
    endloop
  endfacet
  facet normal 0.1629 0.986643 -0
    outer loop
      vertex -10.168 -77.2336 3
      vertex -15.1975 -76.4032 5
      vertex -10.168 -77.2336 5
    endloop
  endfacet
  facet normal 0.1629 0.986643 0
    outer loop
      vertex -15.1975 -76.4032 5
      vertex -10.168 -77.2336 3
      vertex -15.1975 -76.4032 3
    endloop
  endfacet
  facet normal -0.634395 0.773009 0
    outer loop
      vertex 51.363 -58.5683 3
      vertex 47.4225 -61.8022 5
      vertex 51.363 -58.5683 5
    endloop
  endfacet
  facet normal -0.634395 0.773009 0
    outer loop
      vertex 47.4225 -61.8022 5
      vertex 51.363 -58.5683 3
      vertex 47.4225 -61.8022 3
    endloop
  endfacet
  facet normal -0.986643 -0.1629 0
    outer loop
      vertex 77.2336 10.168 3
      vertex 76.4032 15.1975 5
      vertex 76.4032 15.1975 3
    endloop
  endfacet
  facet normal -0.986643 -0.1629 0
    outer loop
      vertex 76.4032 15.1975 5
      vertex 77.2336 10.168 3
      vertex 77.2336 10.168 5
    endloop
  endfacet
  facet normal -0.935902 0.35226 0
    outer loop
      vertex 71.9702 -29.811 3
      vertex 73.7659 -25.0401 5
      vertex 73.7659 -25.0401 3
    endloop
  endfacet
  facet normal -0.935902 0.35226 0
    outer loop
      vertex 73.7659 -25.0401 5
      vertex 71.9702 -29.811 3
      vertex 71.9702 -29.811 5
    endloop
  endfacet
  facet normal 0.956943 0.290275 0
    outer loop
      vertex -73.7659 -25.0401 5
      vertex -75.2456 -20.162 3
      vertex -75.2456 -20.162 5
    endloop
  endfacet
  facet normal 0.956943 0.290275 0
    outer loop
      vertex -75.2456 -20.162 3
      vertex -73.7659 -25.0401 5
      vertex -73.7659 -25.0401 3
    endloop
  endfacet
  facet normal 0.0327491 0.999464 -0
    outer loop
      vertex -3.50487 -77.7853 3
      vertex -5.0949 -77.7332 5
      vertex -3.50487 -77.7853 5
    endloop
  endfacet
  facet normal 0.0327491 0.999464 0
    outer loop
      vertex -5.0949 -77.7332 5
      vertex -3.50487 -77.7853 3
      vertex -5.0949 -77.7332 3
    endloop
  endfacet
  facet normal -0.849204 0.528065 0
    outer loop
      vertex 64.7715 -43.2789 3
      vertex 65.6116 -41.9279 5
      vertex 65.6116 -41.9279 3
    endloop
  endfacet
  facet normal -0.849204 0.528065 0
    outer loop
      vertex 65.6116 -41.9279 5
      vertex 64.7715 -43.2789 3
      vertex 64.7715 -43.2789 5
    endloop
  endfacet
  facet normal -0.471396 0.881921 0
    outer loop
      vertex 38.95 -67.4634 3
      vertex 34.4543 -69.8664 5
      vertex 38.95 -67.4634 5
    endloop
  endfacet
  facet normal -0.471396 0.881921 0
    outer loop
      vertex 34.4543 -69.8664 5
      vertex 38.95 -67.4634 3
      vertex 34.4543 -69.8664 3
    endloop
  endfacet
  facet normal 0.68359 0.729866 -0
    outer loop
      vertex -51.363 -58.5683 3
      vertex -55.0836 -55.0836 5
      vertex -51.363 -58.5683 5
    endloop
  endfacet
  facet normal 0.68359 0.729866 0
    outer loop
      vertex -55.0836 -55.0836 5
      vertex -51.363 -58.5683 3
      vertex -55.0836 -55.0836 3
    endloop
  endfacet
  facet normal 0.0980061 0.995186 -0
    outer loop
      vertex -5.0949 -77.7332 3
      vertex -10.168 -77.2336 5
      vertex -5.0949 -77.7332 5
    endloop
  endfacet
  facet normal 0.0980061 0.995186 0
    outer loop
      vertex -10.168 -77.2336 5
      vertex -5.0949 -77.7332 3
      vertex -10.168 -77.2336 3
    endloop
  endfacet
  facet normal 0.227084 0.973875 -0
    outer loop
      vertex -15.1975 -76.4032 3
      vertex -20.162 -75.2456 5
      vertex -15.1975 -76.4032 5
    endloop
  endfacet
  facet normal 0.227084 0.973875 0
    outer loop
      vertex -20.162 -75.2456 5
      vertex -15.1975 -76.4032 3
      vertex -20.162 -75.2456 3
    endloop
  endfacet
  facet normal -0.812843 0.582483 0
    outer loop
      vertex 61.8022 -47.4225 3
      vertex 64.7715 -43.2789 5
      vertex 64.7715 -43.2789 3
    endloop
  endfacet
  facet normal -0.812843 0.582483 0
    outer loop
      vertex 64.7715 -43.2789 5
      vertex 61.8022 -47.4225 3
      vertex 61.8022 -47.4225 5
    endloop
  endfacet
  facet normal 0.773009 0.634395 0
    outer loop
      vertex -58.5683 -51.363 5
      vertex -61.8022 -47.4225 3
      vertex -61.8022 -47.4225 5
    endloop
  endfacet
  facet normal 0.773009 0.634395 0
    outer loop
      vertex -61.8022 -47.4225 3
      vertex -58.5683 -51.363 5
      vertex -58.5683 -51.363 3
    endloop
  endfacet
  facet normal 0.52807 0.849201 -0
    outer loop
      vertex -38.95 -67.4634 3
      vertex -43.2789 -64.7715 5
      vertex -38.95 -67.4634 5
    endloop
  endfacet
  facet normal 0.52807 0.849201 0
    outer loop
      vertex -43.2789 -64.7715 5
      vertex -38.95 -67.4634 3
      vertex -43.2789 -64.7715 3
    endloop
  endfacet
  facet normal 0.8819 -0.471436 0
    outer loop
      vertex -69.8664 34.4543 5
      vertex -69.1164 35.8573 3
      vertex -69.1164 35.8573 5
    endloop
  endfacet
  facet normal 0.8819 -0.471436 0
    outer loop
      vertex -69.1164 35.8573 3
      vertex -69.8664 34.4543 5
      vertex -69.8664 34.4543 3
    endloop
  endfacet
  facet normal 0.729866 -0.68359 0
    outer loop
      vertex -58.5683 51.363 5
      vertex -55.0836 55.0836 3
      vertex -55.0836 55.0836 5
    endloop
  endfacet
  facet normal 0.729866 -0.68359 0
    outer loop
      vertex -55.0836 55.0836 3
      vertex -58.5683 51.363 5
      vertex -58.5683 51.363 3
    endloop
  endfacet
  facet normal -0.773009 -0.634395 0
    outer loop
      vertex 61.8022 47.4225 3
      vertex 58.5683 51.363 5
      vertex 58.5683 51.363 3
    endloop
  endfacet
  facet normal -0.773009 -0.634395 0
    outer loop
      vertex 58.5683 51.363 5
      vertex 61.8022 47.4225 3
      vertex 61.8022 47.4225 5
    endloop
  endfacet
  facet normal -0.910868 0.412699 0
    outer loop
      vertex 69.8664 -34.4543 3
      vertex 71.9702 -29.811 5
      vertex 71.9702 -29.811 3
    endloop
  endfacet
  facet normal -0.910868 0.412699 0
    outer loop
      vertex 71.9702 -29.811 5
      vertex 69.8664 -34.4543 3
      vertex 69.8664 -34.4543 5
    endloop
  endfacet
  facet normal 0.8819 0.471436 0
    outer loop
      vertex -69.1164 -35.8573 5
      vertex -69.8664 -34.4543 3
      vertex -69.8664 -34.4543 5
    endloop
  endfacet
  facet normal 0.8819 0.471436 0
    outer loop
      vertex -69.8664 -34.4543 3
      vertex -69.1164 -35.8573 5
      vertex -69.1164 -35.8573 3
    endloop
  endfacet
  facet normal 0.35226 0.935902 -0
    outer loop
      vertex -25.0401 -73.7659 3
      vertex -29.811 -71.9702 5
      vertex -25.0401 -73.7659 5
    endloop
  endfacet
  facet normal 0.35226 0.935902 0
    outer loop
      vertex -29.811 -71.9702 5
      vertex -25.0401 -73.7659 3
      vertex -29.811 -71.9702 3
    endloop
  endfacet
  facet normal 0.412699 0.910868 -0
    outer loop
      vertex -29.811 -71.9702 3
      vertex -34.4543 -69.8664 5
      vertex -29.811 -71.9702 5
    endloop
  endfacet
  facet normal 0.412699 0.910868 0
    outer loop
      vertex -34.4543 -69.8664 5
      vertex -29.811 -71.9702 3
      vertex -34.4543 -69.8664 3
    endloop
  endfacet
  facet normal 0.999465 -0.0327119 0
    outer loop
      vertex 82.3234 -5.39576 3
      vertex 82.5 0 3.8147e-07
      vertex 82.5 0 3
    endloop
  endfacet
  facet normal 0.999465 -0.0327119 0
    outer loop
      vertex 82.5 0 3.8147e-07
      vertex 82.3234 -5.39576 3
      vertex 82.3234 -5.39576 3.8147e-07
    endloop
  endfacet
  facet normal 0.995184 0.0980247 0
    outer loop
      vertex 82.3234 5.39576 3
      vertex 81.7942 10.7684 3.8147e-07
      vertex 81.7942 10.7684 3
    endloop
  endfacet
  facet normal 0.995184 0.0980247 0
    outer loop
      vertex 81.7942 10.7684 3.8147e-07
      vertex 82.3234 5.39576 3
      vertex 82.3234 5.39576 3.8147e-07
    endloop
  endfacet
  facet normal 0.999465 0.0327119 0
    outer loop
      vertex 82.5 0 3
      vertex 82.3234 5.39576 3.8147e-07
      vertex 82.3234 5.39576 3
    endloop
  endfacet
  facet normal 0.999465 0.0327119 0
    outer loop
      vertex 82.3234 5.39576 3.8147e-07
      vertex 82.5 0 3
      vertex 82.5 0 3.8147e-07
    endloop
  endfacet
  facet normal 0.986644 0.162891 0
    outer loop
      vertex 81.7942 10.7684 3
      vertex 80.9148 16.095 3.8147e-07
      vertex 80.9148 16.095 3
    endloop
  endfacet
  facet normal 0.986644 0.162891 0
    outer loop
      vertex 80.9148 16.095 3.8147e-07
      vertex 81.7942 10.7684 3
      vertex 81.7942 10.7684 3.8147e-07
    endloop
  endfacet
  facet normal -0.290293 -0.956938 0
    outer loop
      vertex -26.5188 -78.1217 3.8147e-07
      vertex -21.3526 -79.6889 3
      vertex -26.5188 -78.1217 3
    endloop
  endfacet
  facet normal -0.290293 -0.956938 -0
    outer loop
      vertex -21.3526 -79.6889 3
      vertex -26.5188 -78.1217 3.8147e-07
      vertex -21.3526 -79.6889 3.8147e-07
    endloop
  endfacet
  facet normal -0.729863 -0.683593 0
    outer loop
      vertex -58.3363 -58.3363 3.8147e-07
      vertex -62.0268 -54.396 3
      vertex -62.0268 -54.396 3.8147e-07
    endloop
  endfacet
  facet normal -0.729863 -0.683593 0
    outer loop
      vertex -62.0268 -54.396 3
      vertex -58.3363 -58.3363 3.8147e-07
      vertex -58.3363 -58.3363 3
    endloop
  endfacet
  facet normal 0.582464 0.812856 -0
    outer loop
      vertex 50.2228 65.4517 3.8147e-07
      vertex 45.8345 68.5962 3
      vertex 50.2228 65.4517 3
    endloop
  endfacet
  facet normal 0.582464 0.812856 0
    outer loop
      vertex 45.8345 68.5962 3
      vertex 50.2228 65.4517 3.8147e-07
      vertex 45.8345 68.5962 3.8147e-07
    endloop
  endfacet
  facet normal 0.0980247 -0.995184 0
    outer loop
      vertex 5.39576 -82.3234 3.8147e-07
      vertex 10.7684 -81.7942 3
      vertex 5.39576 -82.3234 3
    endloop
  endfacet
  facet normal 0.0980247 -0.995184 0
    outer loop
      vertex 10.7684 -81.7942 3
      vertex 5.39576 -82.3234 3.8147e-07
      vertex 10.7684 -81.7942 3.8147e-07
    endloop
  endfacet
  facet normal -0.683593 0.729863 0
    outer loop
      vertex -54.396 62.0268 3.8147e-07
      vertex -58.3363 58.3363 3
      vertex -54.396 62.0268 3
    endloop
  endfacet
  facet normal -0.683593 0.729863 0
    outer loop
      vertex -58.3363 58.3363 3
      vertex -54.396 62.0268 3.8147e-07
      vertex -58.3363 58.3363 3.8147e-07
    endloop
  endfacet
  facet normal -0.986644 -0.162891 0
    outer loop
      vertex -80.9148 -16.095 3.8147e-07
      vertex -81.7942 -10.7684 3
      vertex -81.7942 -10.7684 3.8147e-07
    endloop
  endfacet
  facet normal -0.986644 -0.162891 0
    outer loop
      vertex -81.7942 -10.7684 3
      vertex -80.9148 -16.095 3.8147e-07
      vertex -80.9148 -16.095 3
    endloop
  endfacet
  facet normal 0.162891 -0.986644 0
    outer loop
      vertex 10.7684 -81.7942 3.8147e-07
      vertex 16.095 -80.9148 3
      vertex 10.7684 -81.7942 3
    endloop
  endfacet
  facet normal 0.162891 -0.986644 0
    outer loop
      vertex 16.095 -80.9148 3
      vertex 10.7684 -81.7942 3.8147e-07
      vertex 16.095 -80.9148 3.8147e-07
    endloop
  endfacet
  facet normal 0.849196 -0.528078 0
    outer loop
      vertex 68.5962 -45.8345 3
      vertex 71.4471 -41.25 3.8147e-07
      vertex 71.4471 -41.25 3
    endloop
  endfacet
  facet normal 0.849196 -0.528078 0
    outer loop
      vertex 71.4471 -41.25 3.8147e-07
      vertex 68.5962 -45.8345 3
      vertex 68.5962 -45.8345 3.8147e-07
    endloop
  endfacet
  facet normal -0.812856 -0.582464 0
    outer loop
      vertex -65.4517 -50.2228 3.8147e-07
      vertex -68.5962 -45.8345 3
      vertex -68.5962 -45.8345 3.8147e-07
    endloop
  endfacet
  facet normal -0.812856 -0.582464 0
    outer loop
      vertex -68.5962 -45.8345 3
      vertex -65.4517 -50.2228 3.8147e-07
      vertex -65.4517 -50.2228 3
    endloop
  endfacet
  facet normal 0.849196 0.528078 0
    outer loop
      vertex 71.4471 41.25 3
      vertex 68.5962 45.8345 3.8147e-07
      vertex 68.5962 45.8345 3
    endloop
  endfacet
  facet normal 0.849196 0.528078 0
    outer loop
      vertex 68.5962 45.8345 3.8147e-07
      vertex 71.4471 41.25 3
      vertex 71.4471 41.25 3.8147e-07
    endloop
  endfacet
  facet normal 0.227076 0.973877 -0
    outer loop
      vertex 21.3526 79.6889 3.8147e-07
      vertex 16.095 80.9148 3
      vertex 21.3526 79.6889 3
    endloop
  endfacet
  facet normal 0.227076 0.973877 0
    outer loop
      vertex 16.095 80.9148 3
      vertex 21.3526 79.6889 3.8147e-07
      vertex 16.095 80.9148 3.8147e-07
    endloop
  endfacet
  facet normal -0.999465 -0.0327119 0
    outer loop
      vertex -82.3234 -5.39576 3.8147e-07
      vertex -82.5 0 3
      vertex -82.5 0 3.8147e-07
    endloop
  endfacet
  facet normal -0.999465 -0.0327119 0
    outer loop
      vertex -82.5 0 3
      vertex -82.3234 -5.39576 3.8147e-07
      vertex -82.3234 -5.39576 3
    endloop
  endfacet
  facet normal 0.729863 -0.683593 0
    outer loop
      vertex 58.3363 -58.3363 3
      vertex 62.0268 -54.396 3.8147e-07
      vertex 62.0268 -54.396 3
    endloop
  endfacet
  facet normal 0.729863 -0.683593 0
    outer loop
      vertex 62.0268 -54.396 3.8147e-07
      vertex 58.3363 -58.3363 3
      vertex 58.3363 -58.3363 3.8147e-07
    endloop
  endfacet
  facet normal 0.995184 -0.0980247 0
    outer loop
      vertex 81.7942 -10.7684 3
      vertex 82.3234 -5.39576 3.8147e-07
      vertex 82.3234 -5.39576 3
    endloop
  endfacet
  facet normal 0.995184 -0.0980247 0
    outer loop
      vertex 82.3234 -5.39576 3.8147e-07
      vertex 81.7942 -10.7684 3
      vertex 81.7942 -10.7684 3.8147e-07
    endloop
  endfacet
  facet normal 0.471395 -0.881922 0
    outer loop
      vertex 36.4888 -73.992 3.8147e-07
      vertex 41.25 -71.4471 3
      vertex 36.4888 -73.992 3
    endloop
  endfacet
  facet normal 0.471395 -0.881922 0
    outer loop
      vertex 41.25 -71.4471 3
      vertex 36.4888 -73.992 3.8147e-07
      vertex 41.25 -71.4471 3.8147e-07
    endloop
  endfacet
  facet normal -0.471395 0.881922 0
    outer loop
      vertex -36.4888 73.992 3.8147e-07
      vertex -41.25 71.4471 3
      vertex -36.4888 73.992 3
    endloop
  endfacet
  facet normal -0.471395 0.881922 0
    outer loop
      vertex -41.25 71.4471 3
      vertex -36.4888 73.992 3.8147e-07
      vertex -41.25 71.4471 3.8147e-07
    endloop
  endfacet
  facet normal 0.0327119 -0.999465 0
    outer loop
      vertex 0 -82.5 3.8147e-07
      vertex 5.39576 -82.3234 3
      vertex 0 -82.5 3
    endloop
  endfacet
  facet normal 0.0327119 -0.999465 0
    outer loop
      vertex 5.39576 -82.3234 3
      vertex 0 -82.5 3.8147e-07
      vertex 5.39576 -82.3234 3.8147e-07
    endloop
  endfacet
  facet normal -0.290293 0.956938 0
    outer loop
      vertex -21.3526 79.6889 3.8147e-07
      vertex -26.5188 78.1217 3
      vertex -21.3526 79.6889 3
    endloop
  endfacet
  facet normal -0.290293 0.956938 0
    outer loop
      vertex -26.5188 78.1217 3
      vertex -21.3526 79.6889 3.8147e-07
      vertex -26.5188 78.1217 3.8147e-07
    endloop
  endfacet
  facet normal -0.973877 -0.227076 0
    outer loop
      vertex -79.6889 -21.3526 3.8147e-07
      vertex -80.9148 -16.095 3
      vertex -80.9148 -16.095 3.8147e-07
    endloop
  endfacet
  facet normal -0.973877 -0.227076 0
    outer loop
      vertex -80.9148 -16.095 3
      vertex -79.6889 -21.3526 3.8147e-07
      vertex -79.6889 -21.3526 3
    endloop
  endfacet
  facet normal 0.729863 0.683593 0
    outer loop
      vertex 62.0268 54.396 3
      vertex 58.3363 58.3363 3.8147e-07
      vertex 58.3363 58.3363 3
    endloop
  endfacet
  facet normal 0.729863 0.683593 0
    outer loop
      vertex 58.3363 58.3363 3.8147e-07
      vertex 62.0268 54.396 3
      vertex 62.0268 54.396 3.8147e-07
    endloop
  endfacet
  facet normal 0.683593 0.729863 -0
    outer loop
      vertex 58.3363 58.3363 3.8147e-07
      vertex 54.396 62.0268 3
      vertex 58.3363 58.3363 3
    endloop
  endfacet
  facet normal 0.683593 0.729863 0
    outer loop
      vertex 54.396 62.0268 3
      vertex 58.3363 58.3363 3.8147e-07
      vertex 54.396 62.0268 3.8147e-07
    endloop
  endfacet
  facet normal 0.93591 -0.35224 0
    outer loop
      vertex 76.2201 -31.5714 3
      vertex 78.1217 -26.5188 3.8147e-07
      vertex 78.1217 -26.5188 3
    endloop
  endfacet
  facet normal 0.93591 -0.35224 0
    outer loop
      vertex 78.1217 -26.5188 3.8147e-07
      vertex 76.2201 -31.5714 3
      vertex 76.2201 -31.5714 3.8147e-07
    endloop
  endfacet
  facet normal -0.412715 -0.91086 0
    outer loop
      vertex -36.4888 -73.992 3.8147e-07
      vertex -31.5714 -76.2201 3
      vertex -36.4888 -73.992 3
    endloop
  endfacet
  facet normal -0.412715 -0.91086 -0
    outer loop
      vertex -31.5714 -76.2201 3
      vertex -36.4888 -73.992 3.8147e-07
      vertex -31.5714 -76.2201 3.8147e-07
    endloop
  endfacet
  facet normal -0.528078 0.849196 0
    outer loop
      vertex -41.25 71.4471 3.8147e-07
      vertex -45.8345 68.5962 3
      vertex -41.25 71.4471 3
    endloop
  endfacet
  facet normal -0.528078 0.849196 0
    outer loop
      vertex -45.8345 68.5962 3
      vertex -41.25 71.4471 3.8147e-07
      vertex -45.8345 68.5962 3.8147e-07
    endloop
  endfacet
  facet normal 0.35224 0.93591 -0
    outer loop
      vertex 31.5714 76.2201 3.8147e-07
      vertex 26.5188 78.1217 3
      vertex 31.5714 76.2201 3
    endloop
  endfacet
  facet normal 0.35224 0.93591 0
    outer loop
      vertex 26.5188 78.1217 3
      vertex 31.5714 76.2201 3.8147e-07
      vertex 26.5188 78.1217 3.8147e-07
    endloop
  endfacet
  facet normal 0.227076 -0.973877 0
    outer loop
      vertex 16.095 -80.9148 3.8147e-07
      vertex 21.3526 -79.6889 3
      vertex 16.095 -80.9148 3
    endloop
  endfacet
  facet normal 0.227076 -0.973877 0
    outer loop
      vertex 21.3526 -79.6889 3
      vertex 16.095 -80.9148 3.8147e-07
      vertex 21.3526 -79.6889 3.8147e-07
    endloop
  endfacet
  facet normal -0.582464 0.812856 0
    outer loop
      vertex -45.8345 68.5962 3.8147e-07
      vertex -50.2228 65.4517 3
      vertex -45.8345 68.5962 3
    endloop
  endfacet
  facet normal -0.582464 0.812856 0
    outer loop
      vertex -50.2228 65.4517 3
      vertex -45.8345 68.5962 3.8147e-07
      vertex -50.2228 65.4517 3.8147e-07
    endloop
  endfacet
  facet normal 0.162891 0.986644 -0
    outer loop
      vertex 16.095 80.9148 3.8147e-07
      vertex 10.7684 81.7942 3
      vertex 16.095 80.9148 3
    endloop
  endfacet
  facet normal 0.162891 0.986644 0
    outer loop
      vertex 10.7684 81.7942 3
      vertex 16.095 80.9148 3.8147e-07
      vertex 10.7684 81.7942 3.8147e-07
    endloop
  endfacet
  facet normal 0.290293 0.956938 -0
    outer loop
      vertex 26.5188 78.1217 3.8147e-07
      vertex 21.3526 79.6889 3
      vertex 26.5188 78.1217 3
    endloop
  endfacet
  facet normal 0.290293 0.956938 0
    outer loop
      vertex 21.3526 79.6889 3
      vertex 26.5188 78.1217 3.8147e-07
      vertex 21.3526 79.6889 3.8147e-07
    endloop
  endfacet
  facet normal 0.956938 0.290293 0
    outer loop
      vertex 79.6889 21.3526 3
      vertex 78.1217 26.5188 3.8147e-07
      vertex 78.1217 26.5188 3
    endloop
  endfacet
  facet normal 0.956938 0.290293 0
    outer loop
      vertex 78.1217 26.5188 3.8147e-07
      vertex 79.6889 21.3526 3
      vertex 79.6889 21.3526 3.8147e-07
    endloop
  endfacet
  facet normal 0.881922 -0.471395 0
    outer loop
      vertex 71.4471 -41.25 3
      vertex 73.992 -36.4888 3.8147e-07
      vertex 73.992 -36.4888 3
    endloop
  endfacet
  facet normal 0.881922 -0.471395 0
    outer loop
      vertex 73.992 -36.4888 3.8147e-07
      vertex 71.4471 -41.25 3
      vertex 71.4471 -41.25 3.8147e-07
    endloop
  endfacet
  facet normal -0.93591 -0.35224 0
    outer loop
      vertex -76.2201 -31.5714 3.8147e-07
      vertex -78.1217 -26.5188 3
      vertex -78.1217 -26.5188 3.8147e-07
    endloop
  endfacet
  facet normal -0.93591 -0.35224 0
    outer loop
      vertex -78.1217 -26.5188 3
      vertex -76.2201 -31.5714 3.8147e-07
      vertex -76.2201 -31.5714 3
    endloop
  endfacet
  facet normal 0.973877 0.227076 0
    outer loop
      vertex 80.9148 16.095 3
      vertex 79.6889 21.3526 3.8147e-07
      vertex 79.6889 21.3526 3
    endloop
  endfacet
  facet normal 0.973877 0.227076 0
    outer loop
      vertex 79.6889 21.3526 3.8147e-07
      vertex 80.9148 16.095 3
      vertex 80.9148 16.095 3.8147e-07
    endloop
  endfacet
  facet normal -0.91086 -0.412715 0
    outer loop
      vertex -73.992 -36.4888 3.8147e-07
      vertex -76.2201 -31.5714 3
      vertex -76.2201 -31.5714 3.8147e-07
    endloop
  endfacet
  facet normal -0.91086 -0.412715 0
    outer loop
      vertex -76.2201 -31.5714 3
      vertex -73.992 -36.4888 3.8147e-07
      vertex -73.992 -36.4888 3
    endloop
  endfacet
  facet normal -0.986644 0.162891 0
    outer loop
      vertex -81.7942 10.7684 3.8147e-07
      vertex -80.9148 16.095 3
      vertex -80.9148 16.095 3.8147e-07
    endloop
  endfacet
  facet normal -0.986644 0.162891 0
    outer loop
      vertex -80.9148 16.095 3
      vertex -81.7942 10.7684 3.8147e-07
      vertex -81.7942 10.7684 3
    endloop
  endfacet
  facet normal 0.412715 -0.91086 0
    outer loop
      vertex 31.5714 -76.2201 3.8147e-07
      vertex 36.4888 -73.992 3
      vertex 31.5714 -76.2201 3
    endloop
  endfacet
  facet normal 0.412715 -0.91086 0
    outer loop
      vertex 36.4888 -73.992 3
      vertex 31.5714 -76.2201 3.8147e-07
      vertex 36.4888 -73.992 3.8147e-07
    endloop
  endfacet
  facet normal -0.471395 -0.881922 0
    outer loop
      vertex -41.25 -71.4471 3.8147e-07
      vertex -36.4888 -73.992 3
      vertex -41.25 -71.4471 3
    endloop
  endfacet
  facet normal -0.471395 -0.881922 -0
    outer loop
      vertex -36.4888 -73.992 3
      vertex -41.25 -71.4471 3.8147e-07
      vertex -36.4888 -73.992 3.8147e-07
    endloop
  endfacet
  facet normal 0 0 1
    outer loop
      vertex -70.0296 -38.058 3
      vertex -70.0375 -38.3 3
      vertex -70.035 -38.3794 3
    endloop
  endfacet
  facet normal -0 0 1
    outer loop
      vertex -77.2336 10.168 3
      vertex -17.846 2.34947 3
      vertex -76.4032 15.1975 3
    endloop
  endfacet
  facet normal 0 0 1
    outer loop
      vertex -17.846 2.34947 3
      vertex -77.2336 10.168 3
      vertex -17.9615 1.17726 3
    endloop
  endfacet
  facet normal -0 -0 1
    outer loop
      vertex -69.8664 -34.4543 3
      vertex -66.1599 -36.6093 3
      vertex -71.9702 -29.811 3
    endloop
  endfacet
  facet normal 0 0 1
    outer loop
      vertex -66.1599 -36.6093 3
      vertex -69.8664 -34.4543 3
      vertex -69.1164 -35.8573 3
    endloop
  endfacet
  facet normal -0 0 1
    outer loop
      vertex -77.7332 5.0949 3
      vertex -17.9615 1.17726 3
      vertex -77.2336 10.168 3
    endloop
  endfacet
  facet normal 0 0 1
    outer loop
      vertex -65.6461 -36.747 3
      vertex -71.9702 -29.811 3
      vertex -66.1599 -36.6093 3
    endloop
  endfacet
  facet normal 0 0 1
    outer loop
      vertex -17.9615 1.17726 3
      vertex -77.7332 5.0949 3
      vertex -18 0 3
    endloop
  endfacet
  facet normal -0 -0 1
    outer loop
      vertex -71.9702 -29.811 3
      vertex -65.6461 -36.747 3
      vertex -73.7659 -25.0401 3
    endloop
  endfacet
  facet normal 0 0 1
    outer loop
      vertex -77.9 0 3
      vertex -18 0 3
      vertex -77.7332 5.0949 3
    endloop
  endfacet
  facet normal -0 -0 1
    outer loop
      vertex -73.7659 -25.0401 3
      vertex -65.6461 -36.747 3
      vertex -75.2456 -20.162 3
    endloop
  endfacet
  facet normal 0 -0 1
    outer loop
      vertex -77.7332 -5.0949 3
      vertex -18 0 3
      vertex -77.9 0 3
    endloop
  endfacet
  facet normal 0 0 1
    outer loop
      vertex -18 0 3
      vertex -75.2456 -20.162 3
      vertex -65.6461 -36.747 3
    endloop
  endfacet
  facet normal 0 -0 1
    outer loop
      vertex -77.2336 -10.168 3
      vertex -18 0 3
      vertex -77.7332 -5.0949 3
    endloop
  endfacet
  facet normal 0 -0 1
    outer loop
      vertex -75.2456 -20.162 3
      vertex -18 0 3
      vertex -76.4032 -15.1975 3
    endloop
  endfacet
  facet normal 0 -0 1
    outer loop
      vertex -76.4032 -15.1975 3
      vertex -18 0 3
      vertex -77.2336 -10.168 3
    endloop
  endfacet
  facet normal 0 0 1
    outer loop
      vertex -67.8098 -39.15 3
      vertex -70.035 -38.3794 3
      vertex -68.255 -41.4624 3
    endloop
  endfacet
  facet normal 0 0 1
    outer loop
      vertex -69.2729 -36.0476 3
      vertex -69.1164 -35.8573 3
      vertex -69.1194 -35.8604 3
    endloop
  endfacet
  facet normal 0 0 1
    outer loop
      vertex -69.1164 -35.8573 3
      vertex -69.2729 -36.0476 3
      vertex -70.035 -38.3794 3
    endloop
  endfacet
  facet normal 0 0 1
    outer loop
      vertex -70.035 -38.3794 3
      vertex -69.2729 -36.0476 3
      vertex -69.414 -36.2444 3
    endloop
  endfacet
  facet normal 0 0 1
    outer loop
      vertex -70.035 -38.3794 3
      vertex -69.414 -36.2444 3
      vertex -69.5418 -36.45 3
    endloop
  endfacet
  facet normal 0 0 1
    outer loop
      vertex -70.035 -38.3794 3
      vertex -69.5418 -36.45 3
      vertex -69.656 -36.6635 3
    endloop
  endfacet
  facet normal 0 0 1
    outer loop
      vertex -70.035 -38.3794 3
      vertex -69.656 -36.6635 3
      vertex -69.7559 -36.8841 3
    endloop
  endfacet
  facet normal 0 0 1
    outer loop
      vertex -70.035 -38.3794 3
      vertex -69.7559 -36.8841 3
      vertex -69.8412 -37.1107 3
    endloop
  endfacet
  facet normal 0 0 1
    outer loop
      vertex -70.035 -38.3794 3
      vertex -69.8412 -37.1107 3
      vertex -69.9115 -37.3424 3
    endloop
  endfacet
  facet normal 0 0 1
    outer loop
      vertex -70.035 -38.3794 3
      vertex -69.9115 -37.3424 3
      vertex -69.9665 -37.5782 3
    endloop
  endfacet
  facet normal 0 0 1
    outer loop
      vertex -70.035 -38.3794 3
      vertex -69.9665 -37.5782 3
      vertex -70.0059 -37.8171 3
    endloop
  endfacet
  facet normal 0 0 1
    outer loop
      vertex -70.035 -38.3794 3
      vertex -70.0059 -37.8171 3
      vertex -70.0296 -38.058 3
    endloop
  endfacet
  facet normal -0 0 1
    outer loop
      vertex -71.4471 -41.25 3
      vertex -68.255 -41.4624 3
      vertex -70.035 -38.3794 3
    endloop
  endfacet
  facet normal 0 0 1
    outer loop
      vertex -68.255 -41.4624 3
      vertex -71.4471 -41.25 3
      vertex -68.5962 -45.8345 3
    endloop
  endfacet
  facet normal -0 0 1
    outer loop
      vertex -73.992 -36.4888 3
      vertex -70.035 -38.3794 3
      vertex -71.6601 -35.3389 3
    endloop
  endfacet
  facet normal 0 0 1
    outer loop
      vertex -73.992 -36.4888 3
      vertex -71.6601 -35.3389 3
      vertex -73.818 -30.5764 3
    endloop
  endfacet
  facet normal 0 0 1
    outer loop
      vertex -70.035 -38.3794 3
      vertex -73.992 -36.4888 3
      vertex -71.4471 -41.25 3
    endloop
  endfacet
  facet normal 0 0 1
    outer loop
      vertex -76.2201 -31.5714 3
      vertex -73.818 -30.5764 3
      vertex -75.6597 -25.683 3
    endloop
  endfacet
  facet normal 0 0 1
    outer loop
      vertex -73.818 -30.5764 3
      vertex -76.2201 -31.5714 3
      vertex -73.992 -36.4888 3
    endloop
  endfacet
  facet normal 0 0 1
    outer loop
      vertex -78.1217 -26.5188 3
      vertex -75.6597 -25.683 3
      vertex -77.1775 -20.6796 3
    endloop
  endfacet
  facet normal 0 0 1
    outer loop
      vertex -75.6597 -25.683 3
      vertex -78.1217 -26.5188 3
      vertex -76.2201 -31.5714 3
    endloop
  endfacet
  facet normal 0 0 1
    outer loop
      vertex -79.6889 -21.3526 3
      vertex -77.1775 -20.6796 3
      vertex -78.3647 -15.5877 3
    endloop
  endfacet
  facet normal 0 0 1
    outer loop
      vertex -80.9148 -16.095 3
      vertex -78.3647 -15.5877 3
      vertex -79.2164 -10.429 3
    endloop
  endfacet
  facet normal 0 0 1
    outer loop
      vertex -77.1775 -20.6796 3
      vertex -79.6889 -21.3526 3
      vertex -78.1217 -26.5188 3
    endloop
  endfacet
  facet normal 0 0 1
    outer loop
      vertex -81.7942 -10.7684 3
      vertex -79.2164 -10.429 3
      vertex -79.7289 -5.22571 3
    endloop
  endfacet
  facet normal 0 0 1
    outer loop
      vertex -82.3234 -5.39576 3
      vertex -79.7289 -5.22571 3
      vertex -79.9 0 3
    endloop
  endfacet
  facet normal -0 0 1
    outer loop
      vertex -82.3234 5.39576 3
      vertex -79.7289 5.22571 3
      vertex -81.7942 10.7684 3
    endloop
  endfacet
  facet normal 0 0 1
    outer loop
      vertex -78.3647 -15.5877 3
      vertex -80.9148 -16.095 3
      vertex -79.6889 -21.3526 3
    endloop
  endfacet
  facet normal 0 0 1
    outer loop
      vertex -79.7289 5.22571 3
      vertex -82.3234 5.39576 3
      vertex -79.9 0 3
    endloop
  endfacet
  facet normal 0 0 1
    outer loop
      vertex -79.2164 -10.429 3
      vertex -81.7942 -10.7684 3
      vertex -80.9148 -16.095 3
    endloop
  endfacet
  facet normal 0 0 1
    outer loop
      vertex -82.5 0 3
      vertex -79.9 0 3
      vertex -82.3234 5.39576 3
    endloop
  endfacet
  facet normal 0 0 1
    outer loop
      vertex -79.7289 -5.22571 3
      vertex -82.3234 -5.39576 3
      vertex -81.7942 -10.7684 3
    endloop
  endfacet
  facet normal 0 0 1
    outer loop
      vertex -79.9 0 3
      vertex -82.5 0 3
      vertex -82.3234 -5.39576 3
    endloop
  endfacet
  facet normal 0 0 1
    outer loop
      vertex -70.0296 38.058 3
      vertex -70.035 38.3794 3
      vertex -70.0375 38.3 3
    endloop
  endfacet
  facet normal 0 0 1
    outer loop
      vertex -65.2 37.0367 3
      vertex -73.7659 25.0401 3
      vertex -17.3867 4.65874 3
    endloop
  endfacet
  facet normal 0 0 1
    outer loop
      vertex -18 0 3
      vertex -64.6747 -37.9465 3
      vertex -64.6469 -38.4777 3
    endloop
  endfacet
  facet normal -0 0 1
    outer loop
      vertex -66.1599 36.6093 3
      vertex -71.9702 29.811 3
      vertex -65.6461 36.747 3
    endloop
  endfacet
  facet normal 0 0 1
    outer loop
      vertex -18 0 3
      vertex -64.8653 -37.45 3
      vertex -64.6747 -37.9465 3
    endloop
  endfacet
  facet normal -0 0 1
    outer loop
      vertex -75.2456 20.162 3
      vertex -17.3867 4.65874 3
      vertex -73.7659 25.0401 3
    endloop
  endfacet
  facet normal 0 0 1
    outer loop
      vertex -18 0 3
      vertex -65.2 -37.0367 3
      vertex -64.8653 -37.45 3
    endloop
  endfacet
  facet normal 0 0 1
    outer loop
      vertex -17.3867 4.65874 3
      vertex -75.2456 20.162 3
      vertex -17.6541 3.51163 3
    endloop
  endfacet
  facet normal 0 0 1
    outer loop
      vertex -18 0 3
      vertex -65.6461 -36.747 3
      vertex -65.2 -37.0367 3
    endloop
  endfacet
  facet normal 0 0 1
    outer loop
      vertex -71.9702 29.811 3
      vertex -66.1599 36.6093 3
      vertex -69.8664 34.4543 3
    endloop
  endfacet
  facet normal -0 0 1
    outer loop
      vertex -76.4032 15.1975 3
      vertex -17.6541 3.51163 3
      vertex -75.2456 20.162 3
    endloop
  endfacet
  facet normal 0 0 1
    outer loop
      vertex -69.8664 34.4543 3
      vertex -66.691 36.6371 3
      vertex -69.1164 35.8573 3
    endloop
  endfacet
  facet normal 0 0 1
    outer loop
      vertex -66.691 36.6371 3
      vertex -69.8664 34.4543 3
      vertex -66.1599 36.6093 3
    endloop
  endfacet
  facet normal 0 0 1
    outer loop
      vertex -69.1164 35.8573 3
      vertex -66.691 36.6371 3
      vertex -67.1875 36.8278 3
    endloop
  endfacet
  facet normal 0 0 1
    outer loop
      vertex -17.6541 3.51163 3
      vertex -76.4032 15.1975 3
      vertex -17.846 2.34947 3
    endloop
  endfacet
  facet normal 0 0 1
    outer loop
      vertex -69.1164 35.8573 3
      vertex -67.1875 36.8278 3
      vertex -67.6009 37.1625 3
    endloop
  endfacet
  facet normal 0 0 1
    outer loop
      vertex -66.1599 -36.6093 3
      vertex -69.1164 -35.8573 3
      vertex -66.691 -36.6371 3
    endloop
  endfacet
  facet normal 0 0 1
    outer loop
      vertex -69.1164 35.8573 3
      vertex -67.6009 37.1625 3
      vertex -67.8906 37.6085 3
    endloop
  endfacet
  facet normal 0 0 1
    outer loop
      vertex -66.691 -36.6371 3
      vertex -69.1164 -35.8573 3
      vertex -67.1875 -36.8278 3
    endloop
  endfacet
  facet normal 0 0 1
    outer loop
      vertex -69.1164 35.8573 3
      vertex -67.8906 37.6085 3
      vertex -68.0282 38.1223 3
    endloop
  endfacet
  facet normal 0 0 1
    outer loop
      vertex -67.1875 -36.8278 3
      vertex -69.1164 -35.8573 3
      vertex -67.6009 -37.1625 3
    endloop
  endfacet
  facet normal 0 0 1
    outer loop
      vertex -58.5683 -51.363 3
      vertex -64.6469 -38.4777 3
      vertex -61.8022 -47.4225 3
    endloop
  endfacet
  facet normal -0 0 1
    outer loop
      vertex -64.7845 -38.9915 3
      vertex -61.8022 -47.4225 3
      vertex -64.6469 -38.4777 3
    endloop
  endfacet
  facet normal 0 0 1
    outer loop
      vertex -61.8022 -47.4225 3
      vertex -64.7845 -38.9915 3
      vertex -64.7715 -43.2789 3
    endloop
  endfacet
  facet normal -0 0 1
    outer loop
      vertex -65.0742 -39.4375 3
      vertex -64.7715 -43.2789 3
      vertex -64.7845 -38.9915 3
    endloop
  endfacet
  facet normal 0 0 1
    outer loop
      vertex -65.6116 -41.9279 3
      vertex -65.0742 -39.4375 3
      vertex -65.4875 -39.7722 3
    endloop
  endfacet
  facet normal 0 0 1
    outer loop
      vertex -65.0742 -39.4375 3
      vertex -65.6116 -41.9279 3
      vertex -64.7715 -43.2789 3
    endloop
  endfacet
  facet normal -0 0 1
    outer loop
      vertex -65.9841 -39.9628 3
      vertex -65.6116 -41.9279 3
      vertex -65.4875 -39.7722 3
    endloop
  endfacet
  facet normal 0 0 1
    outer loop
      vertex -65.6116 -41.9279 3
      vertex -65.9841 -39.9628 3
      vertex -65.6157 -41.9289 3
    endloop
  endfacet
  facet normal 0 0 1
    outer loop
      vertex -65.6157 -41.9289 3
      vertex -65.9841 -39.9628 3
      vertex -65.8546 -41.9683 3
    endloop
  endfacet
  facet normal 0 0 1
    outer loop
      vertex -65.9841 -39.9628 3
      vertex -66.0956 -41.9921 3
      vertex -65.8546 -41.9683 3
    endloop
  endfacet
  facet normal -0 0 1
    outer loop
      vertex -66.5152 -39.9907 3
      vertex -66.0956 -41.9921 3
      vertex -65.9841 -39.9628 3
    endloop
  endfacet
  facet normal 0 0 1
    outer loop
      vertex -66.0956 -41.9921 3
      vertex -66.5152 -39.9907 3
      vertex -66.3375 -42 3
    endloop
  endfacet
  facet normal 0 0 1
    outer loop
      vertex -66.5152 -39.9907 3
      vertex -66.5795 -41.9921 3
      vertex -66.3375 -42 3
    endloop
  endfacet
  facet normal 0 0 1
    outer loop
      vertex -66.5152 -39.9907 3
      vertex -66.8205 -41.9683 3
      vertex -66.5795 -41.9921 3
    endloop
  endfacet
  facet normal 0 0 1
    outer loop
      vertex -67.2952 -41.8739 3
      vertex -66.5152 -39.9907 3
      vertex -67.029 -39.853 3
    endloop
  endfacet
  facet normal 0 0 1
    outer loop
      vertex -66.5152 -39.9907 3
      vertex -67.0594 -41.9289 3
      vertex -66.8205 -41.9683 3
    endloop
  endfacet
  facet normal 0 0 1
    outer loop
      vertex -66.5152 -39.9907 3
      vertex -67.2952 -41.8739 3
      vertex -67.0594 -41.9289 3
    endloop
  endfacet
  facet normal 0 0 1
    outer loop
      vertex -68.255 -41.4624 3
      vertex -67.029 -39.853 3
      vertex -67.4751 -39.5633 3
    endloop
  endfacet
  facet normal 0 0 1
    outer loop
      vertex -67.029 -39.853 3
      vertex -67.5269 -41.8036 3
      vertex -67.2952 -41.8739 3
    endloop
  endfacet
  facet normal 0 0 1
    outer loop
      vertex -67.029 -39.853 3
      vertex -67.7535 -41.7184 3
      vertex -67.5269 -41.8036 3
    endloop
  endfacet
  facet normal 0 0 1
    outer loop
      vertex -68.255 -41.4624 3
      vertex -67.4751 -39.5633 3
      vertex -67.8098 -39.15 3
    endloop
  endfacet
  facet normal 0 0 1
    outer loop
      vertex -67.029 -39.853 3
      vertex -67.974 -41.6184 3
      vertex -67.7535 -41.7184 3
    endloop
  endfacet
  facet normal 0 0 1
    outer loop
      vertex -70.035 -38.3794 3
      vertex -67.8098 -39.15 3
      vertex -68.0004 -38.6535 3
    endloop
  endfacet
  facet normal 0 0 1
    outer loop
      vertex -67.8906 -37.6085 3
      vertex -70.035 -38.3794 3
      vertex -68.0282 -38.1223 3
    endloop
  endfacet
  facet normal 0 0 1
    outer loop
      vertex -67.029 -39.853 3
      vertex -68.1875 -41.5043 3
      vertex -67.974 -41.6184 3
    endloop
  endfacet
  facet normal 0 0 1
    outer loop
      vertex -67.6009 -37.1625 3
      vertex -69.1164 -35.8573 3
      vertex -67.8906 -37.6085 3
    endloop
  endfacet
  facet normal 0 0 1
    outer loop
      vertex -69.1164 35.8573 3
      vertex -68.1875 41.5043 3
      vertex -68.255 41.4624 3
    endloop
  endfacet
  facet normal 0 0 1
    outer loop
      vertex -70.035 -38.3794 3
      vertex -67.8906 -37.6085 3
      vertex -69.1164 -35.8573 3
    endloop
  endfacet
  facet normal -0 0 1
    outer loop
      vertex 17.0447 -5.78591 3
      vertex 33.5 -7 3
      vertex 17.3867 -4.65874 3
    endloop
  endfacet
  facet normal -0 0 1
    outer loop
      vertex 16.6298 -6.8883 3
      vertex 33.5 -7 3
      vertex 17.0447 -5.78591 3
    endloop
  endfacet
  facet normal 0 0 1
    outer loop
      vertex 16.1437 -7.9612 3
      vertex 33.5 -7 3
      vertex 16.6298 -6.8883 3
    endloop
  endfacet
  facet normal 0 0 1
    outer loop
      vertex 15.5885 -9 3
      vertex 33.5 -7 3
      vertex 16.1437 -7.9612 3
    endloop
  endfacet
  facet normal 0 0 1
    outer loop
      vertex 14.9665 -10.0003 3
      vertex 33.5 -7 3
      vertex 15.5885 -9 3
    endloop
  endfacet
  facet normal 0 0 1
    outer loop
      vertex 14.2804 -10.9577 3
      vertex 33.5 -7 3
      vertex 14.9665 -10.0003 3
    endloop
  endfacet
  facet normal 0 0 1
    outer loop
      vertex 13.5331 -11.8682 3
      vertex 33.5 -7 3
      vertex 14.2804 -10.9577 3
    endloop
  endfacet
  facet normal 0 0 1
    outer loop
      vertex 12.7279 -12.7279 3
      vertex 33.5 -7 3
      vertex 13.5331 -11.8682 3
    endloop
  endfacet
  facet normal 0 0 1
    outer loop
      vertex 11.8682 -13.5331 3
      vertex 33.5 -7 3
      vertex 12.7279 -12.7279 3
    endloop
  endfacet
  facet normal 0 0 1
    outer loop
      vertex 33.5 -7 3
      vertex 11.8682 -13.5331 3
      vertex 34.4543 -69.8664 3
    endloop
  endfacet
  facet normal -0 0 1
    outer loop
      vertex 10.9577 -14.2804 3
      vertex 34.4543 -69.8664 3
      vertex 11.8682 -13.5331 3
    endloop
  endfacet
  facet normal -0 0 1
    outer loop
      vertex 10.0003 -14.9665 3
      vertex 34.4543 -69.8664 3
      vertex 10.9577 -14.2804 3
    endloop
  endfacet
  facet normal -0 0 1
    outer loop
      vertex 9 -15.5885 3
      vertex 34.4543 -69.8664 3
      vertex 10.0003 -14.9665 3
    endloop
  endfacet
  facet normal -0 0 1
    outer loop
      vertex 7.9612 -16.1437 3
      vertex 34.4543 -69.8664 3
      vertex 9 -15.5885 3
    endloop
  endfacet
  facet normal 0 0 1
    outer loop
      vertex 34.4543 -69.8664 3
      vertex 7.9612 -16.1437 3
      vertex 29.811 -71.9702 3
    endloop
  endfacet
  facet normal -0 0 1
    outer loop
      vertex 6.8883 -16.6298 3
      vertex 29.811 -71.9702 3
      vertex 7.9612 -16.1437 3
    endloop
  endfacet
  facet normal 0 0 1
    outer loop
      vertex 29.811 -71.9702 3
      vertex 6.8883 -16.6298 3
      vertex 25.0401 -73.7659 3
    endloop
  endfacet
  facet normal -0 0 1
    outer loop
      vertex 5.78591 -17.0447 3
      vertex 25.0401 -73.7659 3
      vertex 6.8883 -16.6298 3
    endloop
  endfacet
  facet normal 0 0 1
    outer loop
      vertex 25.0401 -73.7659 3
      vertex 5.78591 -17.0447 3
      vertex 20.162 -75.2456 3
    endloop
  endfacet
  facet normal -0 0 1
    outer loop
      vertex 4.65874 -17.3867 3
      vertex 20.162 -75.2456 3
      vertex 5.78591 -17.0447 3
    endloop
  endfacet
  facet normal 0 0 1
    outer loop
      vertex 20.162 -75.2456 3
      vertex 4.65874 -17.3867 3
      vertex 15.1975 -76.4032 3
    endloop
  endfacet
  facet normal -0 0 1
    outer loop
      vertex 0.525329 -74.9832 3
      vertex 15.1975 -76.4032 3
      vertex 4.65874 -17.3867 3
    endloop
  endfacet
  facet normal 0 0 1
    outer loop
      vertex 15.1975 -76.4032 3
      vertex 0.525329 -74.9832 3
      vertex 10.168 -77.2336 3
    endloop
  endfacet
  facet normal 0 0 1
    outer loop
      vertex 0.525329 -74.9832 3
      vertex 4.65874 -17.3867 3
      vertex 3.51163 -17.6541 3
    endloop
  endfacet
  facet normal -0 -0 1
    outer loop
      vertex 1.37533 -75.6008 3
      vertex 10.168 -77.2336 3
      vertex 0.999234 -75.2247 3
    endloop
  endfacet
  facet normal -0 -0 1
    outer loop
      vertex 1.6168 -76.0747 3
      vertex 5.0949 -77.7332 3
      vertex 1.37533 -75.6008 3
    endloop
  endfacet
  facet normal 0 0 1
    outer loop
      vertex 5.0949 -77.7332 3
      vertex 1.6168 -76.0747 3
      vertex 3.50487 -77.7853 3
    endloop
  endfacet
  facet normal -0 -0 1
    outer loop
      vertex 1.7 -76.6 3
      vertex 3.50487 -77.7853 3
      vertex 1.6168 -76.0747 3
    endloop
  endfacet
  facet normal -0 0 1
    outer loop
      vertex 1.6168 -77.1253 3
      vertex 3.50487 -77.7853 3
      vertex 1.7 -76.6 3
    endloop
  endfacet
  facet normal 0 0 1
    outer loop
      vertex 3.50487 -77.7853 3
      vertex 1.6168 -77.1253 3
      vertex 3.50364 -77.7893 3
    endloop
  endfacet
  facet normal 0 0 1
    outer loop
      vertex 3.50364 -77.7893 3
      vertex 1.6168 -77.1253 3
      vertex 3.41835 -78.0159 3
    endloop
  endfacet
  facet normal -0 0 1
    outer loop
      vertex 1.37533 -77.5992 3
      vertex 3.31843 -78.2365 3
      vertex 1.6168 -77.1253 3
    endloop
  endfacet
  facet normal 0 0 1
    outer loop
      vertex 3.31843 -78.2365 3
      vertex 1.37533 -77.5992 3
      vertex 3.20429 -78.45 3
    endloop
  endfacet
  facet normal 0 0 1
    outer loop
      vertex 3.20429 -78.45 3
      vertex 1.37533 -77.5992 3
      vertex 3.07644 -78.6556 3
    endloop
  endfacet
  facet normal 0 0 1
    outer loop
      vertex 0.525329 -74.9832 3
      vertex 3.51163 -17.6541 3
      vertex 2.34947 -17.846 3
    endloop
  endfacet
  facet normal 0 0 1
    outer loop
      vertex 3.07644 -78.6556 3
      vertex 1.37533 -77.5992 3
      vertex 2.93541 -78.8524 3
    endloop
  endfacet
  facet normal 0 0 1
    outer loop
      vertex 2.93541 -78.8524 3
      vertex 1.37533 -77.5992 3
      vertex 2.78181 -79.0396 3
    endloop
  endfacet
  facet normal -0 0 1
    outer loop
      vertex 0.999234 -77.9753 3
      vertex 2.61629 -79.2163 3
      vertex 1.37533 -77.5992 3
    endloop
  endfacet
  facet normal 0 0 1
    outer loop
      vertex 2.61629 -79.2163 3
      vertex 0.999234 -77.9753 3
      vertex 2.43958 -79.3818 3
    endloop
  endfacet
  facet normal 0 0 1
    outer loop
      vertex 2.43958 -79.3818 3
      vertex 0.999234 -77.9753 3
      vertex 2.25242 -79.5354 3
    endloop
  endfacet
  facet normal 0 0 1
    outer loop
      vertex 2.78181 -79.0396 3
      vertex 1.37533 -77.5992 3
      vertex 2.61629 -79.2163 3
    endloop
  endfacet
  facet normal 0 0 1
    outer loop
      vertex 3.41835 -78.0159 3
      vertex 1.6168 -77.1253 3
      vertex 3.31843 -78.2365 3
    endloop
  endfacet
  facet normal 0 0 1
    outer loop
      vertex 0.525329 -74.9832 3
      vertex 2.34947 -17.846 3
      vertex 1.17726 -17.9615 3
    endloop
  endfacet
  facet normal 0 0 1
    outer loop
      vertex 10.168 -77.2336 3
      vertex 1.37533 -75.6008 3
      vertex 5.0949 -77.7332 3
    endloop
  endfacet
  facet normal 0 0 1
    outer loop
      vertex 10.168 -77.2336 3
      vertex 0.525329 -74.9832 3
      vertex 0.999234 -75.2247 3
    endloop
  endfacet
  facet normal 0 0 1
    outer loop
      vertex 0 -74.9 3
      vertex 1.17726 -17.9615 3
      vertex 0 -18 3
    endloop
  endfacet
  facet normal 0 0 1
    outer loop
      vertex 1.17726 -17.9615 3
      vertex 0 -74.9 3
      vertex 0.525329 -74.9832 3
    endloop
  endfacet
  facet normal 0 0 1
    outer loop
      vertex -1.17726 -17.9615 3
      vertex 0 -74.9 3
      vertex 0 -18 3
    endloop
  endfacet
  facet normal 0 0 1
    outer loop
      vertex 0 -74.9 3
      vertex -1.17726 -17.9615 3
      vertex -0.525329 -74.9832 3
    endloop
  endfacet
  facet normal 0 0 1
    outer loop
      vertex -2.34947 -17.846 3
      vertex -0.525329 -74.9832 3
      vertex -1.17726 -17.9615 3
    endloop
  endfacet
  facet normal 0 0 1
    outer loop
      vertex -3.51163 -17.6541 3
      vertex -0.525329 -74.9832 3
      vertex -2.34947 -17.846 3
    endloop
  endfacet
  facet normal 0 0 1
    outer loop
      vertex -15.1975 -76.4032 3
      vertex -0.525329 -74.9832 3
      vertex -3.51163 -17.6541 3
    endloop
  endfacet
  facet normal 0 0 1
    outer loop
      vertex -0.525329 -74.9832 3
      vertex -15.1975 -76.4032 3
      vertex -0.999234 -75.2247 3
    endloop
  endfacet
  facet normal 0 -0 1
    outer loop
      vertex -10.168 -77.2336 3
      vertex -0.999234 -75.2247 3
      vertex -15.1975 -76.4032 3
    endloop
  endfacet
  facet normal 0 -0 1
    outer loop
      vertex -3.50364 -77.7893 3
      vertex -1.7 -76.6 3
      vertex -3.50487 -77.7853 3
    endloop
  endfacet
  facet normal 0 -0 1
    outer loop
      vertex -1.85 -79.8043 3
      vertex -1.7 -76.6 3
      vertex -2.05561 -79.6764 3
    endloop
  endfacet
  facet normal 0 0 1
    outer loop
      vertex -1.7 -76.6 3
      vertex -1.85 -79.8043 3
      vertex -1.77996 -79.8417 3
    endloop
  endfacet
  facet normal 0 0 1
    outer loop
      vertex -0.999234 -75.2247 3
      vertex -10.168 -77.2336 3
      vertex -1.37533 -75.6008 3
    endloop
  endfacet
  facet normal 0 0 1
    outer loop
      vertex -1.7 -76.6 3
      vertex -2.25242 -79.5354 3
      vertex -2.05561 -79.6764 3
    endloop
  endfacet
  facet normal 0 0 1
    outer loop
      vertex -1.7 -76.6 3
      vertex -2.43958 -79.3818 3
      vertex -2.25242 -79.5354 3
    endloop
  endfacet
  facet normal 0 0 1
    outer loop
      vertex -1.7 -76.6 3
      vertex -2.61629 -79.2163 3
      vertex -2.43958 -79.3818 3
    endloop
  endfacet
  facet normal 0 0 1
    outer loop
      vertex -1.7 -76.6 3
      vertex -2.78181 -79.0396 3
      vertex -2.61629 -79.2163 3
    endloop
  endfacet
  facet normal 0 0 1
    outer loop
      vertex -1.7 -76.6 3
      vertex -2.93541 -78.8524 3
      vertex -2.78181 -79.0396 3
    endloop
  endfacet
  facet normal 0 0 1
    outer loop
      vertex -1.7 -76.6 3
      vertex -3.07644 -78.6556 3
      vertex -2.93541 -78.8524 3
    endloop
  endfacet
  facet normal 0 0 1
    outer loop
      vertex -1.7 -76.6 3
      vertex -3.20429 -78.45 3
      vertex -3.07644 -78.6556 3
    endloop
  endfacet
  facet normal 0 0 1
    outer loop
      vertex -1.7 -76.6 3
      vertex -3.31843 -78.2365 3
      vertex -3.20429 -78.45 3
    endloop
  endfacet
  facet normal 0 0 1
    outer loop
      vertex -1.7 -76.6 3
      vertex -3.41835 -78.0159 3
      vertex -3.31843 -78.2365 3
    endloop
  endfacet
  facet normal 0 0 1
    outer loop
      vertex -1.7 -76.6 3
      vertex -3.50364 -77.7893 3
      vertex -3.41835 -78.0159 3
    endloop
  endfacet
  facet normal 0 -0 1
    outer loop
      vertex -5.0949 -77.7332 3
      vertex -1.37533 -75.6008 3
      vertex -10.168 -77.2336 3
    endloop
  endfacet
  facet normal 0 0 1
    outer loop
      vertex -15.1975 -76.4032 3
      vertex -3.51163 -17.6541 3
      vertex -4.65874 -17.3867 3
    endloop
  endfacet
  facet normal 0 0 1
    outer loop
      vertex -1.6168 -76.0747 3
      vertex -3.50487 -77.7853 3
      vertex -1.7 -76.6 3
    endloop
  endfacet
  facet normal 0 0 1
    outer loop
      vertex -20.162 -75.2456 3
      vertex -4.65874 -17.3867 3
      vertex -5.78591 -17.0447 3
    endloop
  endfacet
  facet normal 0 0 1
    outer loop
      vertex -25.0401 -73.7659 3
      vertex -5.78591 -17.0447 3
      vertex -6.8883 -16.6298 3
    endloop
  endfacet
  facet normal 0 0 1
    outer loop
      vertex -29.811 -71.9702 3
      vertex -6.8883 -16.6298 3
      vertex -7.9612 -16.1437 3
    endloop
  endfacet
  facet normal 0 0 1
    outer loop
      vertex -34.4543 -69.8664 3
      vertex -7.9612 -16.1437 3
      vertex -9 -15.5885 3
    endloop
  endfacet
  facet normal 0 0 1
    outer loop
      vertex -38.95 -67.4634 3
      vertex -9 -15.5885 3
      vertex -10.0003 -14.9665 3
    endloop
  endfacet
  facet normal 0 -0 1
    outer loop
      vertex -3.50487 -77.7853 3
      vertex -1.6168 -76.0747 3
      vertex -5.0949 -77.7332 3
    endloop
  endfacet
  facet normal 0 0 1
    outer loop
      vertex -43.2789 -64.7715 3
      vertex -10.0003 -14.9665 3
      vertex -10.9577 -14.2804 3
    endloop
  endfacet
  facet normal 0 0 1
    outer loop
      vertex -47.4225 -61.8022 3
      vertex -10.9577 -14.2804 3
      vertex -11.8682 -13.5331 3
    endloop
  endfacet
  facet normal 0 0 1
    outer loop
      vertex -51.363 -58.5683 3
      vertex -11.8682 -13.5331 3
      vertex -12.7279 -12.7279 3
    endloop
  endfacet
  facet normal 0 0 1
    outer loop
      vertex -55.0836 -55.0836 3
      vertex -12.7279 -12.7279 3
      vertex -13.5331 -11.8682 3
    endloop
  endfacet
  facet normal 0 0 1
    outer loop
      vertex -64.6469 -38.4777 3
      vertex -13.5331 -11.8682 3
      vertex -14.2804 -10.9577 3
    endloop
  endfacet
  facet normal 0 0 1
    outer loop
      vertex -64.6469 -38.4777 3
      vertex -14.2804 -10.9577 3
      vertex -14.9665 -10.0003 3
    endloop
  endfacet
  facet normal 0 0 1
    outer loop
      vertex -1.37533 -75.6008 3
      vertex -5.0949 -77.7332 3
      vertex -1.6168 -76.0747 3
    endloop
  endfacet
  facet normal 0 0 1
    outer loop
      vertex -64.6469 -38.4777 3
      vertex -14.9665 -10.0003 3
      vertex -15.5885 -9 3
    endloop
  endfacet
  facet normal 0 0 1
    outer loop
      vertex -64.6469 -38.4777 3
      vertex -15.5885 -9 3
      vertex -16.1437 -7.9612 3
    endloop
  endfacet
  facet normal 0 0 1
    outer loop
      vertex -64.6469 -38.4777 3
      vertex -16.1437 -7.9612 3
      vertex -16.6298 -6.8883 3
    endloop
  endfacet
  facet normal 0 0 1
    outer loop
      vertex -64.6469 -38.4777 3
      vertex -16.6298 -6.8883 3
      vertex -17.0447 -5.78591 3
    endloop
  endfacet
  facet normal 0 0 1
    outer loop
      vertex -64.6469 -38.4777 3
      vertex -17.0447 -5.78591 3
      vertex -17.3867 -4.65874 3
    endloop
  endfacet
  facet normal 0 0 1
    outer loop
      vertex -64.6469 -38.4777 3
      vertex -17.3867 -4.65874 3
      vertex -17.6541 -3.51163 3
    endloop
  endfacet
  facet normal 0 0 1
    outer loop
      vertex -64.6469 -38.4777 3
      vertex -17.6541 -3.51163 3
      vertex -17.846 -2.34947 3
    endloop
  endfacet
  facet normal 0 0 1
    outer loop
      vertex -64.6469 -38.4777 3
      vertex -17.846 -2.34947 3
      vertex -17.9615 -1.17726 3
    endloop
  endfacet
  facet normal 0 0 1
    outer loop
      vertex -4.65874 -17.3867 3
      vertex -20.162 -75.2456 3
      vertex -15.1975 -76.4032 3
    endloop
  endfacet
  facet normal 0 0 1
    outer loop
      vertex -71.9702 29.811 3
      vertex -65.2 37.0367 3
      vertex -65.6461 36.747 3
    endloop
  endfacet
  facet normal 0 0 1
    outer loop
      vertex -14.2804 10.9577 3
      vertex -64.6747 37.9465 3
      vertex -14.9665 10.0003 3
    endloop
  endfacet
  facet normal -0 0 1
    outer loop
      vertex -64.8653 37.45 3
      vertex -14.9665 10.0003 3
      vertex -64.6747 37.9465 3
    endloop
  endfacet
  facet normal 0 0 1
    outer loop
      vertex -18 0 3
      vertex -64.6469 -38.4777 3
      vertex -17.9615 -1.17726 3
    endloop
  endfacet
  facet normal 0 0 1
    outer loop
      vertex -14.9665 10.0003 3
      vertex -64.8653 37.45 3
      vertex -15.5885 9 3
    endloop
  endfacet
  facet normal 0 0 1
    outer loop
      vertex -5.78591 -17.0447 3
      vertex -25.0401 -73.7659 3
      vertex -20.162 -75.2456 3
    endloop
  endfacet
  facet normal 0 0 1
    outer loop
      vertex -15.5885 9 3
      vertex -64.8653 37.45 3
      vertex -16.1437 7.9612 3
    endloop
  endfacet
  facet normal 0 0 1
    outer loop
      vertex -6.8883 -16.6298 3
      vertex -29.811 -71.9702 3
      vertex -25.0401 -73.7659 3
    endloop
  endfacet
  facet normal 0 0 1
    outer loop
      vertex -16.1437 7.9612 3
      vertex -64.8653 37.45 3
      vertex -16.6298 6.8883 3
    endloop
  endfacet
  facet normal 0 0 1
    outer loop
      vertex -7.9612 -16.1437 3
      vertex -34.4543 -69.8664 3
      vertex -29.811 -71.9702 3
    endloop
  endfacet
  facet normal -0 0 1
    outer loop
      vertex -65.2 37.0367 3
      vertex -16.6298 6.8883 3
      vertex -64.8653 37.45 3
    endloop
  endfacet
  facet normal 0 0 1
    outer loop
      vertex -9 -15.5885 3
      vertex -38.95 -67.4634 3
      vertex -34.4543 -69.8664 3
    endloop
  endfacet
  facet normal 0 0 1
    outer loop
      vertex -16.6298 6.8883 3
      vertex -65.2 37.0367 3
      vertex -17.0447 5.78591 3
    endloop
  endfacet
  facet normal 0 0 1
    outer loop
      vertex -10.0003 -14.9665 3
      vertex -43.2789 -64.7715 3
      vertex -38.95 -67.4634 3
    endloop
  endfacet
  facet normal 0 0 1
    outer loop
      vertex -17.0447 5.78591 3
      vertex -65.2 37.0367 3
      vertex -17.3867 4.65874 3
    endloop
  endfacet
  facet normal 0 0 1
    outer loop
      vertex -10.9577 -14.2804 3
      vertex -47.4225 -61.8022 3
      vertex -43.2789 -64.7715 3
    endloop
  endfacet
  facet normal 0 0 1
    outer loop
      vertex -73.7659 25.0401 3
      vertex -65.2 37.0367 3
      vertex -71.9702 29.811 3
    endloop
  endfacet
  facet normal 0 0 1
    outer loop
      vertex -11.8682 -13.5331 3
      vertex -51.363 -58.5683 3
      vertex -47.4225 -61.8022 3
    endloop
  endfacet
  facet normal 0 0 1
    outer loop
      vertex -64.6747 37.9465 3
      vertex -58.5683 51.363 3
      vertex -64.6469 38.4777 3
    endloop
  endfacet
  facet normal 0 0 1
    outer loop
      vertex -12.7279 -12.7279 3
      vertex -55.0836 -55.0836 3
      vertex -51.363 -58.5683 3
    endloop
  endfacet
  facet normal 0 0 1
    outer loop
      vertex -64.6469 38.4777 3
      vertex -58.5683 51.363 3
      vertex -61.8022 47.4225 3
    endloop
  endfacet
  facet normal 0 0 1
    outer loop
      vertex -13.5331 -11.8682 3
      vertex -58.5683 -51.363 3
      vertex -55.0836 -55.0836 3
    endloop
  endfacet
  facet normal 0 0 1
    outer loop
      vertex -13.5331 -11.8682 3
      vertex -64.6469 -38.4777 3
      vertex -58.5683 -51.363 3
    endloop
  endfacet
  facet normal 0 0 1
    outer loop
      vertex -64.7845 38.9915 3
      vertex -61.8022 47.4225 3
      vertex -64.7715 43.2789 3
    endloop
  endfacet
  facet normal 0 0 1
    outer loop
      vertex -61.8022 47.4225 3
      vertex -64.7845 38.9915 3
      vertex -64.6469 38.4777 3
    endloop
  endfacet
  facet normal 0 0 1
    outer loop
      vertex -64.7715 43.2789 3
      vertex -65.0742 39.4375 3
      vertex -64.7845 38.9915 3
    endloop
  endfacet
  facet normal -0 0 1
    outer loop
      vertex -65.6116 41.9279 3
      vertex -65.0742 39.4375 3
      vertex -64.7715 43.2789 3
    endloop
  endfacet
  facet normal 0 0 1
    outer loop
      vertex -65.0742 39.4375 3
      vertex -65.6116 41.9279 3
      vertex -65.4875 39.7722 3
    endloop
  endfacet
  facet normal 0 0 1
    outer loop
      vertex -65.9841 39.9628 3
      vertex -65.6116 41.9279 3
      vertex -65.6157 41.9289 3
    endloop
  endfacet
  facet normal 0 0 1
    outer loop
      vertex -65.9841 39.9628 3
      vertex -65.6157 41.9289 3
      vertex -65.8546 41.9683 3
    endloop
  endfacet
  facet normal 0 0 1
    outer loop
      vertex -65.6116 41.9279 3
      vertex -65.9841 39.9628 3
      vertex -65.4875 39.7722 3
    endloop
  endfacet
  facet normal 0 0 1
    outer loop
      vertex -66.0956 41.9921 3
      vertex -65.9841 39.9628 3
      vertex -65.8546 41.9683 3
    endloop
  endfacet
  facet normal 0 0 1
    outer loop
      vertex -66.5152 39.9907 3
      vertex -66.0956 41.9921 3
      vertex -66.3375 42 3
    endloop
  endfacet
  facet normal 0 0 1
    outer loop
      vertex -66.0956 41.9921 3
      vertex -66.5152 39.9907 3
      vertex -65.9841 39.9628 3
    endloop
  endfacet
  facet normal -0 0 1
    outer loop
      vertex -66.5795 41.9921 3
      vertex -66.5152 39.9907 3
      vertex -66.3375 42 3
    endloop
  endfacet
  facet normal -0 0 1
    outer loop
      vertex -66.8205 41.9683 3
      vertex -66.5152 39.9907 3
      vertex -66.5795 41.9921 3
    endloop
  endfacet
  facet normal -0 0 1
    outer loop
      vertex -67.0594 41.9289 3
      vertex -66.5152 39.9907 3
      vertex -66.8205 41.9683 3
    endloop
  endfacet
  facet normal -0 0 1
    outer loop
      vertex -67.2952 41.8739 3
      vertex -66.5152 39.9907 3
      vertex -67.0594 41.9289 3
    endloop
  endfacet
  facet normal 0 0 1
    outer loop
      vertex -66.5152 39.9907 3
      vertex -67.2952 41.8739 3
      vertex -67.029 39.853 3
    endloop
  endfacet
  facet normal -0 0 1
    outer loop
      vertex -67.5269 41.8036 3
      vertex -67.029 39.853 3
      vertex -67.2952 41.8739 3
    endloop
  endfacet
  facet normal -0 0 1
    outer loop
      vertex -67.7535 41.7184 3
      vertex -67.029 39.853 3
      vertex -67.5269 41.8036 3
    endloop
  endfacet
  facet normal -0 0 1
    outer loop
      vertex -67.974 41.6184 3
      vertex -67.029 39.853 3
      vertex -67.7535 41.7184 3
    endloop
  endfacet
  facet normal -0 0 1
    outer loop
      vertex -68.1875 41.5043 3
      vertex -67.029 39.853 3
      vertex -67.974 41.6184 3
    endloop
  endfacet
  facet normal 0 0 1
    outer loop
      vertex -67.029 39.853 3
      vertex -68.1875 41.5043 3
      vertex -67.4751 39.5633 3
    endloop
  endfacet
  facet normal 0 0 1
    outer loop
      vertex -67.4751 39.5633 3
      vertex -68.1875 41.5043 3
      vertex -67.8098 39.15 3
    endloop
  endfacet
  facet normal 0 0 1
    outer loop
      vertex -67.8098 39.15 3
      vertex -68.1875 41.5043 3
      vertex -68.0004 38.6535 3
    endloop
  endfacet
  facet normal 0 0 1
    outer loop
      vertex -68.0004 38.6535 3
      vertex -69.1164 35.8573 3
      vertex -68.0282 38.1223 3
    endloop
  endfacet
  facet normal 0 0 1
    outer loop
      vertex -69.1164 35.8573 3
      vertex -68.0004 38.6535 3
      vertex -68.1875 41.5043 3
    endloop
  endfacet
  facet normal -0 0 1
    outer loop
      vertex 33.5 -1 3
      vertex 53.5 -5 3
      vertex 53.5 -1 3
    endloop
  endfacet
  facet normal 0 0 1
    outer loop
      vertex 53.5 -5 3
      vertex 33.5 -1 3
      vertex 33.5 -5 3
    endloop
  endfacet
  facet normal -0 0 1
    outer loop
      vertex 33.5 5 3
      vertex 53.5 1 3
      vertex 53.5 5 3
    endloop
  endfacet
  facet normal 0 0 1
    outer loop
      vertex 53.5 1 3
      vertex 33.5 5 3
      vertex 33.5 1 3
    endloop
  endfacet
  facet normal 0 0 1
    outer loop
      vertex 71.9702 -29.811 3
      vertex 53.5 -7 3
      vertex 65.6461 -36.747 3
    endloop
  endfacet
  facet normal 0 0 1
    outer loop
      vertex 65.6461 -36.747 3
      vertex 53.5 -7 3
      vertex 65.2 -37.0367 3
    endloop
  endfacet
  facet normal 0 0 1
    outer loop
      vertex 65.2 -37.0367 3
      vertex 53.5 -7 3
      vertex 64.8653 -37.45 3
    endloop
  endfacet
  facet normal -0 0 1
    outer loop
      vertex 33.5 -7 3
      vertex 64.8653 -37.45 3
      vertex 53.5 -7 3
    endloop
  endfacet
  facet normal 0 0 1
    outer loop
      vertex 64.8653 -37.45 3
      vertex 33.5 -7 3
      vertex 64.6747 -37.9465 3
    endloop
  endfacet
  facet normal 0 0 1
    outer loop
      vertex 64.6747 -37.9465 3
      vertex 33.5 -7 3
      vertex 55.0836 -55.0836 3
    endloop
  endfacet
  facet normal 0 0 1
    outer loop
      vertex 55.0836 -55.0836 3
      vertex 33.5 -7 3
      vertex 51.363 -58.5683 3
    endloop
  endfacet
  facet normal 0 0 1
    outer loop
      vertex 51.363 -58.5683 3
      vertex 33.5 -7 3
      vertex 47.4225 -61.8022 3
    endloop
  endfacet
  facet normal 0 0 1
    outer loop
      vertex 47.4225 -61.8022 3
      vertex 33.5 -7 3
      vertex 43.2789 -64.7715 3
    endloop
  endfacet
  facet normal 0 0 1
    outer loop
      vertex 43.2789 -64.7715 3
      vertex 33.5 -7 3
      vertex 38.95 -67.4634 3
    endloop
  endfacet
  facet normal 0 0 1
    outer loop
      vertex 38.95 -67.4634 3
      vertex 33.5 -7 3
      vertex 34.4543 -69.8664 3
    endloop
  endfacet
  facet normal 0 0 1
    outer loop
      vertex 33.5 7 3
      vertex 17.3867 4.65874 3
      vertex 33.5 5 3
    endloop
  endfacet
  facet normal 0 0 1
    outer loop
      vertex 33.5 -1 3
      vertex 17.846 -2.34947 3
      vertex 33.5 -5 3
    endloop
  endfacet
  facet normal 0 0 1
    outer loop
      vertex 6.8883 16.6298 3
      vertex 29.811 71.9702 3
      vertex 25.0401 73.7659 3
    endloop
  endfacet
  facet normal -0 0 1
    outer loop
      vertex 17.3867 -4.65874 3
      vertex 33.5 -7 3
      vertex 17.6541 -3.51163 3
    endloop
  endfacet
  facet normal 0 0 1
    outer loop
      vertex 5.78591 17.0447 3
      vertex 25.0401 73.7659 3
      vertex 20.162 75.2456 3
    endloop
  endfacet
  facet normal 0 0 1
    outer loop
      vertex 33.5 -5 3
      vertex 17.6541 -3.51163 3
      vertex 33.5 -7 3
    endloop
  endfacet
  facet normal -0 0 1
    outer loop
      vertex 17.6541 -3.51163 3
      vertex 33.5 -5 3
      vertex 17.846 -2.34947 3
    endloop
  endfacet
  facet normal 0 0 1
    outer loop
      vertex 17.846 -2.34947 3
      vertex 33.5 -1 3
      vertex 17.9615 -1.17726 3
    endloop
  endfacet
  facet normal 0 0 1
    outer loop
      vertex 17.9615 -1.17726 3
      vertex 33.5 -1 3
      vertex 18 0 3
    endloop
  endfacet
  facet normal 0 0 1
    outer loop
      vertex 33.5 1 3
      vertex 18 0 3
      vertex 33.5 -1 3
    endloop
  endfacet
  facet normal 0 -0 1
    outer loop
      vertex 18 0 3
      vertex 33.5 1 3
      vertex 17.9615 1.17726 3
    endloop
  endfacet
  facet normal -0 -0 1
    outer loop
      vertex 17.9615 1.17726 3
      vertex 33.5 1 3
      vertex 17.846 2.34947 3
    endloop
  endfacet
  facet normal 0 0 1
    outer loop
      vertex 33.5 5 3
      vertex 17.846 2.34947 3
      vertex 33.5 1 3
    endloop
  endfacet
  facet normal 0 -0 1
    outer loop
      vertex 17.846 2.34947 3
      vertex 33.5 5 3
      vertex 17.6541 3.51163 3
    endloop
  endfacet
  facet normal 0 -0 1
    outer loop
      vertex 17.6541 3.51163 3
      vertex 33.5 5 3
      vertex 17.3867 4.65874 3
    endloop
  endfacet
  facet normal 0 0 1
    outer loop
      vertex 4.65874 17.3867 3
      vertex 20.162 75.2456 3
      vertex 15.1975 76.4032 3
    endloop
  endfacet
  facet normal 0 0 1
    outer loop
      vertex 29.811 71.9702 3
      vertex 14.9665 10.0003 3
      vertex 15.5885 9 3
    endloop
  endfacet
  facet normal 0 0 1
    outer loop
      vertex 29.811 71.9702 3
      vertex 14.2804 10.9577 3
      vertex 14.9665 10.0003 3
    endloop
  endfacet
  facet normal 0 0 1
    outer loop
      vertex 29.811 71.9702 3
      vertex 13.5331 11.8682 3
      vertex 14.2804 10.9577 3
    endloop
  endfacet
  facet normal 0 0 1
    outer loop
      vertex 29.811 71.9702 3
      vertex 12.7279 12.7279 3
      vertex 13.5331 11.8682 3
    endloop
  endfacet
  facet normal 0 0 1
    outer loop
      vertex 29.811 71.9702 3
      vertex 11.8682 13.5331 3
      vertex 12.7279 12.7279 3
    endloop
  endfacet
  facet normal 0 0 1
    outer loop
      vertex 29.811 71.9702 3
      vertex 10.9577 14.2804 3
      vertex 11.8682 13.5331 3
    endloop
  endfacet
  facet normal 0 0 1
    outer loop
      vertex 0.525329 74.9832 3
      vertex 15.1975 76.4032 3
      vertex 10.168 77.2336 3
    endloop
  endfacet
  facet normal 0 0 1
    outer loop
      vertex 29.811 71.9702 3
      vertex 10.0003 14.9665 3
      vertex 10.9577 14.2804 3
    endloop
  endfacet
  facet normal 0 0 1
    outer loop
      vertex 29.811 71.9702 3
      vertex 9 15.5885 3
      vertex 10.0003 14.9665 3
    endloop
  endfacet
  facet normal 0 0 1
    outer loop
      vertex 29.811 71.9702 3
      vertex 7.9612 16.1437 3
      vertex 9 15.5885 3
    endloop
  endfacet
  facet normal 0 0 1
    outer loop
      vertex 29.811 71.9702 3
      vertex 6.8883 16.6298 3
      vertex 7.9612 16.1437 3
    endloop
  endfacet
  facet normal 0 0 1
    outer loop
      vertex 25.0401 73.7659 3
      vertex 5.78591 17.0447 3
      vertex 6.8883 16.6298 3
    endloop
  endfacet
  facet normal 0 0 1
    outer loop
      vertex 1.37533 75.6008 3
      vertex 10.168 77.2336 3
      vertex 5.0949 77.7332 3
    endloop
  endfacet
  facet normal 0 0 1
    outer loop
      vertex 0.525329 74.9832 3
      vertex 10.168 77.2336 3
      vertex 0.999234 75.2247 3
    endloop
  endfacet
  facet normal 0 0 1
    outer loop
      vertex 15.1975 76.4032 3
      vertex 0.525329 74.9832 3
      vertex 4.65874 17.3867 3
    endloop
  endfacet
  facet normal 0 0 1
    outer loop
      vertex 1.6168 76.0747 3
      vertex 5.0949 77.7332 3
      vertex 3.50487 77.7853 3
    endloop
  endfacet
  facet normal 0 0 1
    outer loop
      vertex 1.6168 77.1253 3
      vertex 3.50487 77.7853 3
      vertex 3.50364 77.7893 3
    endloop
  endfacet
  facet normal 0 0 1
    outer loop
      vertex 1.6168 77.1253 3
      vertex 3.50364 77.7893 3
      vertex 3.41835 78.0159 3
    endloop
  endfacet
  facet normal 0 0 1
    outer loop
      vertex 1.6168 77.1253 3
      vertex 3.41835 78.0159 3
      vertex 3.31843 78.2365 3
    endloop
  endfacet
  facet normal 0 0 1
    outer loop
      vertex 1.37533 77.5992 3
      vertex 3.31843 78.2365 3
      vertex 3.20429 78.45 3
    endloop
  endfacet
  facet normal 0 0 1
    outer loop
      vertex 1.37533 77.5992 3
      vertex 3.20429 78.45 3
      vertex 3.07644 78.6556 3
    endloop
  endfacet
  facet normal 0 0 1
    outer loop
      vertex 1.37533 77.5992 3
      vertex 3.07644 78.6556 3
      vertex 2.93541 78.8524 3
    endloop
  endfacet
  facet normal 0 0 1
    outer loop
      vertex 1.37533 77.5992 3
      vertex 2.93541 78.8524 3
      vertex 2.78181 79.0396 3
    endloop
  endfacet
  facet normal 0 0 1
    outer loop
      vertex 1.37533 77.5992 3
      vertex 2.78181 79.0396 3
      vertex 2.61629 79.2163 3
    endloop
  endfacet
  facet normal 0 0 1
    outer loop
      vertex 0.999234 77.9753 3
      vertex 2.61629 79.2163 3
      vertex 2.43958 79.3818 3
    endloop
  endfacet
  facet normal 0 0 1
    outer loop
      vertex 5.0949 77.7332 3
      vertex 1.6168 76.0747 3
      vertex 1.37533 75.6008 3
    endloop
  endfacet
  facet normal 0 0 1
    outer loop
      vertex 0.999234 77.9753 3
      vertex 2.43958 79.3818 3
      vertex 2.25242 79.5354 3
    endloop
  endfacet
  facet normal 0 0 1
    outer loop
      vertex 0.999234 77.9753 3
      vertex 2.25242 79.5354 3
      vertex 2.05561 79.6764 3
    endloop
  endfacet
  facet normal 0 0 1
    outer loop
      vertex 0.999234 77.9753 3
      vertex 2.05561 79.6764 3
      vertex 1.85 79.8043 3
    endloop
  endfacet
  facet normal 0 0 1
    outer loop
      vertex 0.999234 77.9753 3
      vertex 1.85 79.8043 3
      vertex 1.77996 79.8417 3
    endloop
  endfacet
  facet normal 0 0 1
    outer loop
      vertex 3.50487 77.7853 3
      vertex 1.7 76.6 3
      vertex 1.6168 76.0747 3
    endloop
  endfacet
  facet normal 0 0 1
    outer loop
      vertex 10.168 77.2336 3
      vertex 1.37533 75.6008 3
      vertex 0.999234 75.2247 3
    endloop
  endfacet
  facet normal 0 0 1
    outer loop
      vertex 20.162 75.2456 3
      vertex 4.65874 17.3867 3
      vertex 5.78591 17.0447 3
    endloop
  endfacet
  facet normal 0 0 1
    outer loop
      vertex 4.65874 17.3867 3
      vertex 0.525329 74.9832 3
      vertex 3.51163 17.6541 3
    endloop
  endfacet
  facet normal 0 0 1
    outer loop
      vertex 3.51163 17.6541 3
      vertex 0.525329 74.9832 3
      vertex 2.34947 17.846 3
    endloop
  endfacet
  facet normal 0 0 1
    outer loop
      vertex 2.34947 17.846 3
      vertex 0.525329 74.9832 3
      vertex 1.17726 17.9615 3
    endloop
  endfacet
  facet normal -0 0 1
    outer loop
      vertex 0 74.9 3
      vertex 1.17726 17.9615 3
      vertex 0.525329 74.9832 3
    endloop
  endfacet
  facet normal 0 0 1
    outer loop
      vertex 0 74.9 3
      vertex 0 18 3
      vertex 1.17726 17.9615 3
    endloop
  endfacet
  facet normal 0 0 1
    outer loop
      vertex -1.17726 17.9615 3
      vertex 0 74.9 3
      vertex -0.525329 74.9832 3
    endloop
  endfacet
  facet normal 0 0 1
    outer loop
      vertex -15.1975 76.4032 3
      vertex -0.525329 74.9832 3
      vertex -0.999234 75.2247 3
    endloop
  endfacet
  facet normal 0 0 1
    outer loop
      vertex 0 74.9 3
      vertex -1.17726 17.9615 3
      vertex 0 18 3
    endloop
  endfacet
  facet normal 0 0 1
    outer loop
      vertex -10.168 77.2336 3
      vertex -0.999234 75.2247 3
      vertex -1.37533 75.6008 3
    endloop
  endfacet
  facet normal 0 0 1
    outer loop
      vertex -5.0949 77.7332 3
      vertex -1.37533 75.6008 3
      vertex -1.6168 76.0747 3
    endloop
  endfacet
  facet normal 0 0 1
    outer loop
      vertex -3.50487 77.7853 3
      vertex -1.6168 76.0747 3
      vertex -1.7 76.6 3
    endloop
  endfacet
  facet normal -0 0 1
    outer loop
      vertex -2.43958 79.3818 3
      vertex -0.999234 77.9753 3
      vertex -2.25242 79.5354 3
    endloop
  endfacet
  facet normal -0 0 1
    outer loop
      vertex -2.61629 79.2163 3
      vertex -0.999234 77.9753 3
      vertex -2.43958 79.3818 3
    endloop
  endfacet
  facet normal 0 0 1
    outer loop
      vertex -0.999234 77.9753 3
      vertex -2.61629 79.2163 3
      vertex -1.37533 77.5992 3
    endloop
  endfacet
  facet normal -0 0 1
    outer loop
      vertex -2.78181 79.0396 3
      vertex -1.37533 77.5992 3
      vertex -2.61629 79.2163 3
    endloop
  endfacet
  facet normal 0 0 1
    outer loop
      vertex -1.6168 76.0747 3
      vertex -3.50487 77.7853 3
      vertex -5.0949 77.7332 3
    endloop
  endfacet
  facet normal -0 0 1
    outer loop
      vertex -2.93541 78.8524 3
      vertex -1.37533 77.5992 3
      vertex -2.78181 79.0396 3
    endloop
  endfacet
  facet normal -0 0 1
    outer loop
      vertex -3.07644 78.6556 3
      vertex -1.37533 77.5992 3
      vertex -2.93541 78.8524 3
    endloop
  endfacet
  facet normal -0 0 1
    outer loop
      vertex -3.20429 78.45 3
      vertex -1.37533 77.5992 3
      vertex -3.07644 78.6556 3
    endloop
  endfacet
  facet normal -0 0 1
    outer loop
      vertex -3.31843 78.2365 3
      vertex -1.37533 77.5992 3
      vertex -3.20429 78.45 3
    endloop
  endfacet
  facet normal 0 0 1
    outer loop
      vertex -1.37533 77.5992 3
      vertex -3.31843 78.2365 3
      vertex -1.6168 77.1253 3
    endloop
  endfacet
  facet normal -0 0 1
    outer loop
      vertex -3.41835 78.0159 3
      vertex -1.6168 77.1253 3
      vertex -3.31843 78.2365 3
    endloop
  endfacet
  facet normal -0 0 1
    outer loop
      vertex -3.50364 77.7893 3
      vertex -1.6168 77.1253 3
      vertex -3.41835 78.0159 3
    endloop
  endfacet
  facet normal -0 0 1
    outer loop
      vertex -3.50487 77.7853 3
      vertex -1.6168 77.1253 3
      vertex -3.50364 77.7893 3
    endloop
  endfacet
  facet normal 0 0 1
    outer loop
      vertex -1.6168 77.1253 3
      vertex -3.50487 77.7853 3
      vertex -1.7 76.6 3
    endloop
  endfacet
  facet normal 0 0 1
    outer loop
      vertex -1.37533 75.6008 3
      vertex -5.0949 77.7332 3
      vertex -10.168 77.2336 3
    endloop
  endfacet
  facet normal 0 0 1
    outer loop
      vertex -0.525329 74.9832 3
      vertex -2.34947 17.846 3
      vertex -1.17726 17.9615 3
    endloop
  endfacet
  facet normal 0 0 1
    outer loop
      vertex -0.999234 75.2247 3
      vertex -10.168 77.2336 3
      vertex -15.1975 76.4032 3
    endloop
  endfacet
  facet normal 0 0 1
    outer loop
      vertex -0.525329 74.9832 3
      vertex -3.51163 17.6541 3
      vertex -2.34947 17.846 3
    endloop
  endfacet
  facet normal 0 0 1
    outer loop
      vertex -0.525329 74.9832 3
      vertex -15.1975 76.4032 3
      vertex -3.51163 17.6541 3
    endloop
  endfacet
  facet normal 0 0 1
    outer loop
      vertex -3.51163 17.6541 3
      vertex -15.1975 76.4032 3
      vertex -4.65874 17.3867 3
    endloop
  endfacet
  facet normal -0 0 1
    outer loop
      vertex -20.162 75.2456 3
      vertex -4.65874 17.3867 3
      vertex -15.1975 76.4032 3
    endloop
  endfacet
  facet normal 0 0 1
    outer loop
      vertex -4.65874 17.3867 3
      vertex -20.162 75.2456 3
      vertex -5.78591 17.0447 3
    endloop
  endfacet
  facet normal -0 0 1
    outer loop
      vertex -25.0401 73.7659 3
      vertex -5.78591 17.0447 3
      vertex -20.162 75.2456 3
    endloop
  endfacet
  facet normal 0 0 1
    outer loop
      vertex -5.78591 17.0447 3
      vertex -25.0401 73.7659 3
      vertex -6.8883 16.6298 3
    endloop
  endfacet
  facet normal -0 0 1
    outer loop
      vertex -29.811 71.9702 3
      vertex -6.8883 16.6298 3
      vertex -25.0401 73.7659 3
    endloop
  endfacet
  facet normal 0 0 1
    outer loop
      vertex -6.8883 16.6298 3
      vertex -29.811 71.9702 3
      vertex -7.9612 16.1437 3
    endloop
  endfacet
  facet normal -0 0 1
    outer loop
      vertex -34.4543 69.8664 3
      vertex -7.9612 16.1437 3
      vertex -29.811 71.9702 3
    endloop
  endfacet
  facet normal 0 0 1
    outer loop
      vertex -7.9612 16.1437 3
      vertex -34.4543 69.8664 3
      vertex -9 15.5885 3
    endloop
  endfacet
  facet normal -0 0 1
    outer loop
      vertex -38.95 67.4634 3
      vertex -9 15.5885 3
      vertex -34.4543 69.8664 3
    endloop
  endfacet
  facet normal 0 0 1
    outer loop
      vertex -9 15.5885 3
      vertex -38.95 67.4634 3
      vertex -10.0003 14.9665 3
    endloop
  endfacet
  facet normal -0 0 1
    outer loop
      vertex -43.2789 64.7715 3
      vertex -10.0003 14.9665 3
      vertex -38.95 67.4634 3
    endloop
  endfacet
  facet normal 0 0 1
    outer loop
      vertex -10.0003 14.9665 3
      vertex -43.2789 64.7715 3
      vertex -10.9577 14.2804 3
    endloop
  endfacet
  facet normal -0 0 1
    outer loop
      vertex -47.4225 61.8022 3
      vertex -10.9577 14.2804 3
      vertex -43.2789 64.7715 3
    endloop
  endfacet
  facet normal 0 0 1
    outer loop
      vertex -10.9577 14.2804 3
      vertex -47.4225 61.8022 3
      vertex -11.8682 13.5331 3
    endloop
  endfacet
  facet normal -0 0 1
    outer loop
      vertex -51.363 58.5683 3
      vertex -11.8682 13.5331 3
      vertex -47.4225 61.8022 3
    endloop
  endfacet
  facet normal 0 0 1
    outer loop
      vertex -11.8682 13.5331 3
      vertex -51.363 58.5683 3
      vertex -12.7279 12.7279 3
    endloop
  endfacet
  facet normal -0 0 1
    outer loop
      vertex -55.0836 55.0836 3
      vertex -12.7279 12.7279 3
      vertex -51.363 58.5683 3
    endloop
  endfacet
  facet normal 0 0 1
    outer loop
      vertex -12.7279 12.7279 3
      vertex -55.0836 55.0836 3
      vertex -13.5331 11.8682 3
    endloop
  endfacet
  facet normal -0 0 1
    outer loop
      vertex -58.5683 51.363 3
      vertex -64.6747 37.9465 3
      vertex -55.0836 55.0836 3
    endloop
  endfacet
  facet normal 0 0 1
    outer loop
      vertex -13.5331 11.8682 3
      vertex -64.6747 37.9465 3
      vertex -14.2804 10.9577 3
    endloop
  endfacet
  facet normal 0 0 1
    outer loop
      vertex -55.0836 55.0836 3
      vertex -64.6747 37.9465 3
      vertex -13.5331 11.8682 3
    endloop
  endfacet
  facet normal 0 0 1
    outer loop
      vertex 53.5 -7 3
      vertex 77.7332 -5.0949 3
      vertex 53.5 -5 3
    endloop
  endfacet
  facet normal 0 0 1
    outer loop
      vertex 69.1164 -35.8573 3
      vertex 67.8906 -37.6085 3
      vertex 68.0282 -38.1223 3
    endloop
  endfacet
  facet normal 0 0 1
    outer loop
      vertex 75.2456 -20.162 3
      vertex 53.5 -7 3
      vertex 73.7659 -25.0401 3
    endloop
  endfacet
  facet normal 0 0 1
    outer loop
      vertex 69.1164 -35.8573 3
      vertex 67.6009 -37.1625 3
      vertex 67.8906 -37.6085 3
    endloop
  endfacet
  facet normal 0 0 1
    outer loop
      vertex 53.5 7 3
      vertex 67.6009 37.1625 3
      vertex 67.1875 36.8278 3
    endloop
  endfacet
  facet normal 0 0 1
    outer loop
      vertex 71.9702 -29.811 3
      vertex 66.1599 -36.6093 3
      vertex 69.1164 -35.8573 3
    endloop
  endfacet
  facet normal 0 0 1
    outer loop
      vertex 53.5 7 3
      vertex 67.1875 36.8278 3
      vertex 66.691 36.6371 3
    endloop
  endfacet
  facet normal 0 0 1
    outer loop
      vertex 69.1164 -35.8573 3
      vertex 67.1875 -36.8278 3
      vertex 67.6009 -37.1625 3
    endloop
  endfacet
  facet normal 0 0 1
    outer loop
      vertex 53.5 7 3
      vertex 66.691 36.6371 3
      vertex 66.1599 36.6093 3
    endloop
  endfacet
  facet normal 0 0 1
    outer loop
      vertex 69.1164 -35.8573 3
      vertex 66.691 -36.6371 3
      vertex 67.1875 -36.8278 3
    endloop
  endfacet
  facet normal 0 0 1
    outer loop
      vertex 53.5 7 3
      vertex 66.1599 36.6093 3
      vertex 65.6461 36.747 3
    endloop
  endfacet
  facet normal 0 0 1
    outer loop
      vertex 69.1164 -35.8573 3
      vertex 66.1599 -36.6093 3
      vertex 66.691 -36.6371 3
    endloop
  endfacet
  facet normal 0 0 1
    outer loop
      vertex 53.5 7 3
      vertex 65.6461 36.747 3
      vertex 65.2 37.0367 3
    endloop
  endfacet
  facet normal 0 0 1
    outer loop
      vertex 71.9702 -29.811 3
      vertex 65.6461 -36.747 3
      vertex 66.1599 -36.6093 3
    endloop
  endfacet
  facet normal 0 0 1
    outer loop
      vertex 53.5 7 3
      vertex 65.2 37.0367 3
      vertex 64.8653 37.45 3
    endloop
  endfacet
  facet normal 0 0 1
    outer loop
      vertex 73.7659 -25.0401 3
      vertex 53.5 -7 3
      vertex 71.9702 -29.811 3
    endloop
  endfacet
  facet normal 0 0 1
    outer loop
      vertex 33.5 7 3
      vertex 64.8653 37.45 3
      vertex 64.6747 37.9465 3
    endloop
  endfacet
  facet normal 0 0 1
    outer loop
      vertex 77.7332 -5.0949 3
      vertex 53.5 -7 3
      vertex 77.2336 -10.168 3
    endloop
  endfacet
  facet normal 0 0 1
    outer loop
      vertex 58.5683 51.363 3
      vertex 64.6747 37.9465 3
      vertex 64.6469 38.4777 3
    endloop
  endfacet
  facet normal 0 0 1
    outer loop
      vertex 77.2336 -10.168 3
      vertex 53.5 -7 3
      vertex 76.4032 -15.1975 3
    endloop
  endfacet
  facet normal 0 0 1
    outer loop
      vertex 69.2729 36.0476 3
      vertex 67.6009 37.1625 3
      vertex 69.1194 35.8604 3
    endloop
  endfacet
  facet normal -0 0 1
    outer loop
      vertex 53.5 -5 3
      vertex 77.7332 -5.0949 3
      vertex 53.5 -1 3
    endloop
  endfacet
  facet normal 0 0 1
    outer loop
      vertex 68.0004 -38.6535 3
      vertex 69.1164 -35.8573 3
      vertex 68.0282 -38.1223 3
    endloop
  endfacet
  facet normal 0 0 1
    outer loop
      vertex 68.1875 41.5043 3
      vertex 68.0004 38.6535 3
      vertex 68.0282 38.1223 3
    endloop
  endfacet
  facet normal 0 0 1
    outer loop
      vertex 67.029 39.853 3
      vertex 68.1875 41.5043 3
      vertex 67.974 41.6184 3
    endloop
  endfacet
  facet normal 0 0 1
    outer loop
      vertex 68.1875 41.5043 3
      vertex 67.8098 39.15 3
      vertex 68.0004 38.6535 3
    endloop
  endfacet
  facet normal 0 0 1
    outer loop
      vertex 67.029 39.853 3
      vertex 67.974 41.6184 3
      vertex 67.7535 41.7184 3
    endloop
  endfacet
  facet normal 0 0 1
    outer loop
      vertex 67.029 39.853 3
      vertex 67.7535 41.7184 3
      vertex 67.5269 41.8036 3
    endloop
  endfacet
  facet normal 0 0 1
    outer loop
      vertex 68.1875 41.5043 3
      vertex 67.4751 39.5633 3
      vertex 67.8098 39.15 3
    endloop
  endfacet
  facet normal 0 0 1
    outer loop
      vertex 67.029 39.853 3
      vertex 67.5269 41.8036 3
      vertex 67.2952 41.8739 3
    endloop
  endfacet
  facet normal 0 0 1
    outer loop
      vertex 66.5152 39.9907 3
      vertex 67.2952 41.8739 3
      vertex 67.0594 41.9289 3
    endloop
  endfacet
  facet normal 0 0 1
    outer loop
      vertex 68.1875 41.5043 3
      vertex 67.029 39.853 3
      vertex 67.4751 39.5633 3
    endloop
  endfacet
  facet normal 0 0 1
    outer loop
      vertex 66.5152 39.9907 3
      vertex 67.0594 41.9289 3
      vertex 66.8205 41.9683 3
    endloop
  endfacet
  facet normal 0 0 1
    outer loop
      vertex 66.5152 39.9907 3
      vertex 66.8205 41.9683 3
      vertex 66.5795 41.9921 3
    endloop
  endfacet
  facet normal 0 0 1
    outer loop
      vertex 67.2952 41.8739 3
      vertex 66.5152 39.9907 3
      vertex 67.029 39.853 3
    endloop
  endfacet
  facet normal 0 0 1
    outer loop
      vertex 66.3375 42 3
      vertex 66.5152 39.9907 3
      vertex 66.5795 41.9921 3
    endloop
  endfacet
  facet normal -0 0 1
    outer loop
      vertex 66.0956 41.9921 3
      vertex 66.5152 39.9907 3
      vertex 66.3375 42 3
    endloop
  endfacet
  facet normal 0 0 1
    outer loop
      vertex 66.0956 41.9921 3
      vertex 65.9841 39.9628 3
      vertex 66.5152 39.9907 3
    endloop
  endfacet
  facet normal -0 0 1
    outer loop
      vertex 65.8546 41.9683 3
      vertex 65.9841 39.9628 3
      vertex 66.0956 41.9921 3
    endloop
  endfacet
  facet normal -0 0 1
    outer loop
      vertex 65.6157 41.9289 3
      vertex 65.9841 39.9628 3
      vertex 65.8546 41.9683 3
    endloop
  endfacet
  facet normal -0 0 1
    outer loop
      vertex 65.6116 41.9279 3
      vertex 65.9841 39.9628 3
      vertex 65.6157 41.9289 3
    endloop
  endfacet
  facet normal 0 0 1
    outer loop
      vertex 65.6116 41.9279 3
      vertex 65.4875 39.7722 3
      vertex 65.9841 39.9628 3
    endloop
  endfacet
  facet normal 0 0 1
    outer loop
      vertex 65.6116 41.9279 3
      vertex 65.0742 39.4375 3
      vertex 65.4875 39.7722 3
    endloop
  endfacet
  facet normal 0 0 1
    outer loop
      vertex 64.7715 43.2789 3
      vertex 65.0742 39.4375 3
      vertex 65.6116 41.9279 3
    endloop
  endfacet
  facet normal 0 0 1
    outer loop
      vertex 65.0742 39.4375 3
      vertex 64.7715 43.2789 3
      vertex 64.7845 38.9915 3
    endloop
  endfacet
  facet normal 0 0 1
    outer loop
      vertex 61.8022 47.4225 3
      vertex 64.7845 38.9915 3
      vertex 64.7715 43.2789 3
    endloop
  endfacet
  facet normal 0 0 1
    outer loop
      vertex 58.5683 51.363 3
      vertex 64.6469 38.4777 3
      vertex 61.8022 47.4225 3
    endloop
  endfacet
  facet normal 0 0 1
    outer loop
      vertex 64.7845 38.9915 3
      vertex 61.8022 47.4225 3
      vertex 64.6469 38.4777 3
    endloop
  endfacet
  facet normal 0 0 1
    outer loop
      vertex 71.4471 -41.25 3
      vertex 68.255 -41.4624 3
      vertex 68.5962 -45.8345 3
    endloop
  endfacet
  facet normal -0 0 1
    outer loop
      vertex 66.4344 -44.3901 3
      vertex 68.5962 -45.8345 3
      vertex 68.255 -41.4624 3
    endloop
  endfacet
  facet normal 0 0 1
    outer loop
      vertex 66.4344 -44.3901 3
      vertex 65.4517 -50.2228 3
      vertex 68.5962 -45.8345 3
    endloop
  endfacet
  facet normal -0 0 1
    outer loop
      vertex 63.3889 -48.64 3
      vertex 65.4517 -50.2228 3
      vertex 66.4344 -44.3901 3
    endloop
  endfacet
  facet normal 0 0 1
    outer loop
      vertex 63.3889 -48.64 3
      vertex 62.0268 -54.396 3
      vertex 65.4517 -50.2228 3
    endloop
  endfacet
  facet normal -0 0 1
    outer loop
      vertex 60.072 -52.6817 3
      vertex 62.0268 -54.396 3
      vertex 63.3889 -48.64 3
    endloop
  endfacet
  facet normal 0 0 1
    outer loop
      vertex 60.072 -52.6817 3
      vertex 58.3363 -58.3363 3
      vertex 62.0268 -54.396 3
    endloop
  endfacet
  facet normal -0 0 1
    outer loop
      vertex 56.4978 -56.4978 3
      vertex 58.3363 -58.3363 3
      vertex 60.072 -52.6817 3
    endloop
  endfacet
  facet normal 0 0 1
    outer loop
      vertex 56.4978 -56.4978 3
      vertex 54.396 -62.0268 3
      vertex 58.3363 -58.3363 3
    endloop
  endfacet
  facet normal -0 0 1
    outer loop
      vertex 52.6817 -60.072 3
      vertex 54.396 -62.0268 3
      vertex 56.4978 -56.4978 3
    endloop
  endfacet
  facet normal 0 0 1
    outer loop
      vertex 52.6817 -60.072 3
      vertex 50.2228 -65.4517 3
      vertex 54.396 -62.0268 3
    endloop
  endfacet
  facet normal -0 0 1
    outer loop
      vertex 48.64 -63.3889 3
      vertex 50.2228 -65.4517 3
      vertex 52.6817 -60.072 3
    endloop
  endfacet
  facet normal 0 0 1
    outer loop
      vertex 48.64 -63.3889 3
      vertex 45.8345 -68.5962 3
      vertex 50.2228 -65.4517 3
    endloop
  endfacet
  facet normal -0 0 1
    outer loop
      vertex 44.3901 -66.4344 3
      vertex 45.8345 -68.5962 3
      vertex 48.64 -63.3889 3
    endloop
  endfacet
  facet normal 0 0 1
    outer loop
      vertex 44.3901 -66.4344 3
      vertex 41.25 -71.4471 3
      vertex 45.8345 -68.5962 3
    endloop
  endfacet
  facet normal -0 0 1
    outer loop
      vertex 39.95 -69.1954 3
      vertex 41.25 -71.4471 3
      vertex 44.3901 -66.4344 3
    endloop
  endfacet
  facet normal 0 0 1
    outer loop
      vertex 39.95 -69.1954 3
      vertex 36.4888 -73.992 3
      vertex 41.25 -71.4471 3
    endloop
  endfacet
  facet normal -0 0 1
    outer loop
      vertex 35.3389 -71.6601 3
      vertex 36.4888 -73.992 3
      vertex 39.95 -69.1954 3
    endloop
  endfacet
  facet normal 0 0 1
    outer loop
      vertex 35.3389 -71.6601 3
      vertex 31.5714 -76.2201 3
      vertex 36.4888 -73.992 3
    endloop
  endfacet
  facet normal -0 0 1
    outer loop
      vertex 30.5764 -73.818 3
      vertex 31.5714 -76.2201 3
      vertex 35.3389 -71.6601 3
    endloop
  endfacet
  facet normal 0 0 1
    outer loop
      vertex 30.5764 -73.818 3
      vertex 26.5188 -78.1217 3
      vertex 31.5714 -76.2201 3
    endloop
  endfacet
  facet normal -0 0 1
    outer loop
      vertex 25.683 -75.6597 3
      vertex 26.5188 -78.1217 3
      vertex 30.5764 -73.818 3
    endloop
  endfacet
  facet normal 0 0 1
    outer loop
      vertex 25.683 -75.6597 3
      vertex 21.3526 -79.6889 3
      vertex 26.5188 -78.1217 3
    endloop
  endfacet
  facet normal -0 0 1
    outer loop
      vertex 20.6796 -77.1775 3
      vertex 21.3526 -79.6889 3
      vertex 25.683 -75.6597 3
    endloop
  endfacet
  facet normal 0 0 1
    outer loop
      vertex 20.6796 -77.1775 3
      vertex 16.095 -80.9148 3
      vertex 21.3526 -79.6889 3
    endloop
  endfacet
  facet normal -0 0 1
    outer loop
      vertex 15.5877 -78.3647 3
      vertex 16.095 -80.9148 3
      vertex 20.6796 -77.1775 3
    endloop
  endfacet
  facet normal 0 0 1
    outer loop
      vertex 15.5877 -78.3647 3
      vertex 10.7684 -81.7942 3
      vertex 16.095 -80.9148 3
    endloop
  endfacet
  facet normal -0 0 1
    outer loop
      vertex 10.429 -79.2164 3
      vertex 10.7684 -81.7942 3
      vertex 15.5877 -78.3647 3
    endloop
  endfacet
  facet normal 0 0 1
    outer loop
      vertex 10.429 -79.2164 3
      vertex 5.39576 -82.3234 3
      vertex 10.7684 -81.7942 3
    endloop
  endfacet
  facet normal -0 0 1
    outer loop
      vertex 5.22571 -79.7289 3
      vertex 5.39576 -82.3234 3
      vertex 10.429 -79.2164 3
    endloop
  endfacet
  facet normal -0 0 1
    outer loop
      vertex 1.77996 -79.8417 3
      vertex 5.39576 -82.3234 3
      vertex 5.22571 -79.7289 3
    endloop
  endfacet
  facet normal 0 0 1
    outer loop
      vertex 2.25242 -79.5354 3
      vertex 0.999234 -77.9753 3
      vertex 2.05561 -79.6764 3
    endloop
  endfacet
  facet normal 0 0 1
    outer loop
      vertex 2.05561 -79.6764 3
      vertex 0.999234 -77.9753 3
      vertex 1.85 -79.8043 3
    endloop
  endfacet
  facet normal 0 0 1
    outer loop
      vertex 1.85 -79.8043 3
      vertex 0.999234 -77.9753 3
      vertex 1.77996 -79.8417 3
    endloop
  endfacet
  facet normal -0 0 1
    outer loop
      vertex 0.525329 -78.2168 3
      vertex 1.77996 -79.8417 3
      vertex 0.999234 -77.9753 3
    endloop
  endfacet
  facet normal -0 0 1
    outer loop
      vertex 0 -78.3 3
      vertex 1.77996 -79.8417 3
      vertex 0.525329 -78.2168 3
    endloop
  endfacet
  facet normal 0 0 1
    outer loop
      vertex 1.77996 -79.8417 3
      vertex 0 -82.5 3
      vertex 5.39576 -82.3234 3
    endloop
  endfacet
  facet normal 0 0 1
    outer loop
      vertex -1.77996 -79.8417 3
      vertex 1.77996 -79.8417 3
      vertex 0 -78.3 3
    endloop
  endfacet
  facet normal 0 0 1
    outer loop
      vertex -1.77996 -79.8417 3
      vertex 0 -78.3 3
      vertex -0.525329 -78.2168 3
    endloop
  endfacet
  facet normal 0 0 1
    outer loop
      vertex -1.77996 -79.8417 3
      vertex -0.525329 -78.2168 3
      vertex -0.999234 -77.9753 3
    endloop
  endfacet
  facet normal 0 0 1
    outer loop
      vertex -1.77996 -79.8417 3
      vertex -0.999234 -77.9753 3
      vertex -1.37533 -77.5992 3
    endloop
  endfacet
  facet normal 0 0 1
    outer loop
      vertex -1.77996 -79.8417 3
      vertex -1.37533 -77.5992 3
      vertex -1.6168 -77.1253 3
    endloop
  endfacet
  facet normal 0 0 1
    outer loop
      vertex -1.77996 -79.8417 3
      vertex -1.6168 -77.1253 3
      vertex -1.7 -76.6 3
    endloop
  endfacet
  facet normal 0 0 1
    outer loop
      vertex 1.77996 -79.8417 3
      vertex -1.77996 -79.8417 3
      vertex 0 -82.5 3
    endloop
  endfacet
  facet normal 0 0 1
    outer loop
      vertex -5.39576 -82.3234 3
      vertex -1.77996 -79.8417 3
      vertex -5.22571 -79.7289 3
    endloop
  endfacet
  facet normal 0 0 1
    outer loop
      vertex -1.77996 -79.8417 3
      vertex -5.39576 -82.3234 3
      vertex 0 -82.5 3
    endloop
  endfacet
  facet normal 0 0 1
    outer loop
      vertex -10.429 -79.2164 3
      vertex -5.39576 -82.3234 3
      vertex -5.22571 -79.7289 3
    endloop
  endfacet
  facet normal 0 0 1
    outer loop
      vertex -10.429 -79.2164 3
      vertex -10.7684 -81.7942 3
      vertex -5.39576 -82.3234 3
    endloop
  endfacet
  facet normal 0 0 1
    outer loop
      vertex -15.5877 -78.3647 3
      vertex -10.7684 -81.7942 3
      vertex -10.429 -79.2164 3
    endloop
  endfacet
  facet normal 0 0 1
    outer loop
      vertex -15.5877 -78.3647 3
      vertex -16.095 -80.9148 3
      vertex -10.7684 -81.7942 3
    endloop
  endfacet
  facet normal 0 0 1
    outer loop
      vertex -20.6796 -77.1775 3
      vertex -16.095 -80.9148 3
      vertex -15.5877 -78.3647 3
    endloop
  endfacet
  facet normal 0 0 1
    outer loop
      vertex -20.6796 -77.1775 3
      vertex -21.3526 -79.6889 3
      vertex -16.095 -80.9148 3
    endloop
  endfacet
  facet normal 0 0 1
    outer loop
      vertex -25.683 -75.6597 3
      vertex -21.3526 -79.6889 3
      vertex -20.6796 -77.1775 3
    endloop
  endfacet
  facet normal 0 0 1
    outer loop
      vertex -25.683 -75.6597 3
      vertex -26.5188 -78.1217 3
      vertex -21.3526 -79.6889 3
    endloop
  endfacet
  facet normal 0 0 1
    outer loop
      vertex -30.5764 -73.818 3
      vertex -26.5188 -78.1217 3
      vertex -25.683 -75.6597 3
    endloop
  endfacet
  facet normal 0 0 1
    outer loop
      vertex -30.5764 -73.818 3
      vertex -31.5714 -76.2201 3
      vertex -26.5188 -78.1217 3
    endloop
  endfacet
  facet normal 0 0 1
    outer loop
      vertex -35.3389 -71.6601 3
      vertex -31.5714 -76.2201 3
      vertex -30.5764 -73.818 3
    endloop
  endfacet
  facet normal 0 0 1
    outer loop
      vertex -35.3389 -71.6601 3
      vertex -36.4888 -73.992 3
      vertex -31.5714 -76.2201 3
    endloop
  endfacet
  facet normal 0 0 1
    outer loop
      vertex -39.95 -69.1954 3
      vertex -36.4888 -73.992 3
      vertex -35.3389 -71.6601 3
    endloop
  endfacet
  facet normal 0 0 1
    outer loop
      vertex -39.95 -69.1954 3
      vertex -41.25 -71.4471 3
      vertex -36.4888 -73.992 3
    endloop
  endfacet
  facet normal 0 0 1
    outer loop
      vertex -44.3901 -66.4344 3
      vertex -41.25 -71.4471 3
      vertex -39.95 -69.1954 3
    endloop
  endfacet
  facet normal 0 0 1
    outer loop
      vertex -44.3901 -66.4344 3
      vertex -45.8345 -68.5962 3
      vertex -41.25 -71.4471 3
    endloop
  endfacet
  facet normal 0 0 1
    outer loop
      vertex -48.64 -63.3889 3
      vertex -45.8345 -68.5962 3
      vertex -44.3901 -66.4344 3
    endloop
  endfacet
  facet normal 0 0 1
    outer loop
      vertex -48.64 -63.3889 3
      vertex -50.2228 -65.4517 3
      vertex -45.8345 -68.5962 3
    endloop
  endfacet
  facet normal 0 0 1
    outer loop
      vertex -52.6817 -60.072 3
      vertex -50.2228 -65.4517 3
      vertex -48.64 -63.3889 3
    endloop
  endfacet
  facet normal 0 0 1
    outer loop
      vertex -52.6817 -60.072 3
      vertex -54.396 -62.0268 3
      vertex -50.2228 -65.4517 3
    endloop
  endfacet
  facet normal 0 0 1
    outer loop
      vertex -56.4978 -56.4978 3
      vertex -54.396 -62.0268 3
      vertex -52.6817 -60.072 3
    endloop
  endfacet
  facet normal 0 0 1
    outer loop
      vertex -56.4978 -56.4978 3
      vertex -58.3363 -58.3363 3
      vertex -54.396 -62.0268 3
    endloop
  endfacet
  facet normal 0 0 1
    outer loop
      vertex -60.072 -52.6817 3
      vertex -58.3363 -58.3363 3
      vertex -56.4978 -56.4978 3
    endloop
  endfacet
  facet normal 0 0 1
    outer loop
      vertex -60.072 -52.6817 3
      vertex -62.0268 -54.396 3
      vertex -58.3363 -58.3363 3
    endloop
  endfacet
  facet normal 0 0 1
    outer loop
      vertex -63.3889 -48.64 3
      vertex -62.0268 -54.396 3
      vertex -60.072 -52.6817 3
    endloop
  endfacet
  facet normal 0 0 1
    outer loop
      vertex -63.3889 -48.64 3
      vertex -65.4517 -50.2228 3
      vertex -62.0268 -54.396 3
    endloop
  endfacet
  facet normal 0 0 1
    outer loop
      vertex -66.4344 -44.3901 3
      vertex -65.4517 -50.2228 3
      vertex -63.3889 -48.64 3
    endloop
  endfacet
  facet normal 0 0 1
    outer loop
      vertex -68.5962 -45.8345 3
      vertex -66.4344 -44.3901 3
      vertex -68.255 -41.4624 3
    endloop
  endfacet
  facet normal 0 0 1
    outer loop
      vertex -66.4344 -44.3901 3
      vertex -68.5962 -45.8345 3
      vertex -65.4517 -50.2228 3
    endloop
  endfacet
  facet normal 0 0 1
    outer loop
      vertex -67.029 -39.853 3
      vertex -68.255 -41.4624 3
      vertex -68.1875 -41.5043 3
    endloop
  endfacet
  facet normal 0 0 1
    outer loop
      vertex -68.0282 -38.1223 3
      vertex -70.035 -38.3794 3
      vertex -68.0004 -38.6535 3
    endloop
  endfacet
  facet normal -0 0 1
    outer loop
      vertex -70.035 38.3794 3
      vertex -69.1164 35.8573 3
      vertex -68.5962 45.8345 3
    endloop
  endfacet
  facet normal -0 -0 1
    outer loop
      vertex -69.2729 36.0476 3
      vertex -69.1164 35.8573 3
      vertex -70.035 38.3794 3
    endloop
  endfacet
  facet normal 0 0 1
    outer loop
      vertex -69.1164 35.8573 3
      vertex -69.2729 36.0476 3
      vertex -69.1194 35.8604 3
    endloop
  endfacet
  facet normal 0 0 1
    outer loop
      vertex -69.2729 36.0476 3
      vertex -70.035 38.3794 3
      vertex -69.414 36.2444 3
    endloop
  endfacet
  facet normal 0 0 1
    outer loop
      vertex -69.414 36.2444 3
      vertex -70.035 38.3794 3
      vertex -69.5418 36.45 3
    endloop
  endfacet
  facet normal 0 0 1
    outer loop
      vertex -69.5418 36.45 3
      vertex -70.035 38.3794 3
      vertex -69.656 36.6635 3
    endloop
  endfacet
  facet normal 0 0 1
    outer loop
      vertex -69.656 36.6635 3
      vertex -70.035 38.3794 3
      vertex -69.7559 36.8841 3
    endloop
  endfacet
  facet normal 0 0 1
    outer loop
      vertex -69.7559 36.8841 3
      vertex -70.035 38.3794 3
      vertex -69.8412 37.1107 3
    endloop
  endfacet
  facet normal 0 0 1
    outer loop
      vertex -69.8412 37.1107 3
      vertex -70.035 38.3794 3
      vertex -69.9115 37.3424 3
    endloop
  endfacet
  facet normal 0 0 1
    outer loop
      vertex -69.9115 37.3424 3
      vertex -70.035 38.3794 3
      vertex -69.9665 37.5782 3
    endloop
  endfacet
  facet normal 0 0 1
    outer loop
      vertex -69.9665 37.5782 3
      vertex -70.035 38.3794 3
      vertex -70.0059 37.8171 3
    endloop
  endfacet
  facet normal 0 0 1
    outer loop
      vertex -70.0059 37.8171 3
      vertex -70.035 38.3794 3
      vertex -70.0296 38.058 3
    endloop
  endfacet
  facet normal -0 0 1
    outer loop
      vertex -71.4471 41.25 3
      vertex -70.035 38.3794 3
      vertex -68.5962 45.8345 3
    endloop
  endfacet
  facet normal 0 0 1
    outer loop
      vertex -73.992 36.4888 3
      vertex -70.035 38.3794 3
      vertex -71.4471 41.25 3
    endloop
  endfacet
  facet normal 0 0 1
    outer loop
      vertex -70.035 38.3794 3
      vertex -73.992 36.4888 3
      vertex -71.6601 35.3389 3
    endloop
  endfacet
  facet normal 0 0 1
    outer loop
      vertex -71.6601 35.3389 3
      vertex -73.992 36.4888 3
      vertex -73.818 30.5764 3
    endloop
  endfacet
  facet normal -0 0 1
    outer loop
      vertex -76.2201 31.5714 3
      vertex -73.818 30.5764 3
      vertex -73.992 36.4888 3
    endloop
  endfacet
  facet normal 0 0 1
    outer loop
      vertex -73.818 30.5764 3
      vertex -76.2201 31.5714 3
      vertex -75.6597 25.683 3
    endloop
  endfacet
  facet normal -0 0 1
    outer loop
      vertex -78.1217 26.5188 3
      vertex -75.6597 25.683 3
      vertex -76.2201 31.5714 3
    endloop
  endfacet
  facet normal 0 0 1
    outer loop
      vertex -75.6597 25.683 3
      vertex -78.1217 26.5188 3
      vertex -77.1775 20.6796 3
    endloop
  endfacet
  facet normal -0 0 1
    outer loop
      vertex -79.6889 21.3526 3
      vertex -77.1775 20.6796 3
      vertex -78.1217 26.5188 3
    endloop
  endfacet
  facet normal 0 0 1
    outer loop
      vertex -77.1775 20.6796 3
      vertex -79.6889 21.3526 3
      vertex -78.3647 15.5877 3
    endloop
  endfacet
  facet normal -0 0 1
    outer loop
      vertex -80.9148 16.095 3
      vertex -78.3647 15.5877 3
      vertex -79.6889 21.3526 3
    endloop
  endfacet
  facet normal 0 0 1
    outer loop
      vertex -78.3647 15.5877 3
      vertex -80.9148 16.095 3
      vertex -79.2164 10.429 3
    endloop
  endfacet
  facet normal -0 0 1
    outer loop
      vertex -81.7942 10.7684 3
      vertex -79.2164 10.429 3
      vertex -80.9148 16.095 3
    endloop
  endfacet
  facet normal 0 0 1
    outer loop
      vertex -79.2164 10.429 3
      vertex -81.7942 10.7684 3
      vertex -79.7289 5.22571 3
    endloop
  endfacet
  facet normal 0 0 1
    outer loop
      vertex 69.1164 -35.8573 3
      vertex 68.0004 -38.6535 3
      vertex 68.255 -41.4624 3
    endloop
  endfacet
  facet normal -0 0 1
    outer loop
      vertex 67.8098 -39.15 3
      vertex 68.255 -41.4624 3
      vertex 68.0004 -38.6535 3
    endloop
  endfacet
  facet normal -0 0 1
    outer loop
      vertex 67.4751 -39.5633 3
      vertex 68.255 -41.4624 3
      vertex 67.8098 -39.15 3
    endloop
  endfacet
  facet normal -0 0 1
    outer loop
      vertex 67.029 -39.853 3
      vertex 68.255 -41.4624 3
      vertex 67.4751 -39.5633 3
    endloop
  endfacet
  facet normal 0 0 1
    outer loop
      vertex 68.255 -41.4624 3
      vertex 67.029 -39.853 3
      vertex 68.1875 -41.5043 3
    endloop
  endfacet
  facet normal 0 0 1
    outer loop
      vertex 68.1875 -41.5043 3
      vertex 67.029 -39.853 3
      vertex 67.974 -41.6184 3
    endloop
  endfacet
  facet normal 0 0 1
    outer loop
      vertex 67.974 -41.6184 3
      vertex 67.029 -39.853 3
      vertex 67.7535 -41.7184 3
    endloop
  endfacet
  facet normal 0 0 1
    outer loop
      vertex 67.7535 -41.7184 3
      vertex 67.029 -39.853 3
      vertex 67.5269 -41.8036 3
    endloop
  endfacet
  facet normal 0 0 1
    outer loop
      vertex 67.5269 -41.8036 3
      vertex 67.029 -39.853 3
      vertex 67.2952 -41.8739 3
    endloop
  endfacet
  facet normal -0 0 1
    outer loop
      vertex 66.5152 -39.9907 3
      vertex 67.2952 -41.8739 3
      vertex 67.029 -39.853 3
    endloop
  endfacet
  facet normal 0 0 1
    outer loop
      vertex 67.2952 -41.8739 3
      vertex 66.5152 -39.9907 3
      vertex 67.0594 -41.9289 3
    endloop
  endfacet
  facet normal 0 0 1
    outer loop
      vertex 67.0594 -41.9289 3
      vertex 66.5152 -39.9907 3
      vertex 66.8205 -41.9683 3
    endloop
  endfacet
  facet normal 0 0 1
    outer loop
      vertex 66.8205 -41.9683 3
      vertex 66.5152 -39.9907 3
      vertex 66.5795 -41.9921 3
    endloop
  endfacet
  facet normal 0 0 1
    outer loop
      vertex 66.5152 -39.9907 3
      vertex 66.3375 -42 3
      vertex 66.5795 -41.9921 3
    endloop
  endfacet
  facet normal 0 0 1
    outer loop
      vertex 66.5152 -39.9907 3
      vertex 66.0956 -41.9921 3
      vertex 66.3375 -42 3
    endloop
  endfacet
  facet normal 0 0 1
    outer loop
      vertex 65.9841 -39.9628 3
      vertex 66.0956 -41.9921 3
      vertex 66.5152 -39.9907 3
    endloop
  endfacet
  facet normal 0 0 1
    outer loop
      vertex 65.9841 -39.9628 3
      vertex 65.8546 -41.9683 3
      vertex 66.0956 -41.9921 3
    endloop
  endfacet
  facet normal 0 0 1
    outer loop
      vertex 65.9841 -39.9628 3
      vertex 65.6157 -41.9289 3
      vertex 65.8546 -41.9683 3
    endloop
  endfacet
  facet normal 0 0 1
    outer loop
      vertex 65.9841 -39.9628 3
      vertex 65.6116 -41.9279 3
      vertex 65.6157 -41.9289 3
    endloop
  endfacet
  facet normal 0 0 1
    outer loop
      vertex 65.4875 -39.7722 3
      vertex 65.6116 -41.9279 3
      vertex 65.9841 -39.9628 3
    endloop
  endfacet
  facet normal 0 0 1
    outer loop
      vertex 65.0742 -39.4375 3
      vertex 65.6116 -41.9279 3
      vertex 65.4875 -39.7722 3
    endloop
  endfacet
  facet normal 0 0 1
    outer loop
      vertex 64.7715 -43.2789 3
      vertex 65.0742 -39.4375 3
      vertex 64.7845 -38.9915 3
    endloop
  endfacet
  facet normal 0 0 1
    outer loop
      vertex 65.0742 -39.4375 3
      vertex 64.7715 -43.2789 3
      vertex 65.6116 -41.9279 3
    endloop
  endfacet
  facet normal 0 0 1
    outer loop
      vertex 61.8022 -47.4225 3
      vertex 64.7845 -38.9915 3
      vertex 64.6469 -38.4777 3
    endloop
  endfacet
  facet normal 0 0 1
    outer loop
      vertex 76.4032 -15.1975 3
      vertex 53.5 -7 3
      vertex 75.2456 -20.162 3
    endloop
  endfacet
  facet normal 0 -0 1
    outer loop
      vertex 58.5683 -51.363 3
      vertex 64.6747 -37.9465 3
      vertex 55.0836 -55.0836 3
    endloop
  endfacet
  facet normal 0 0 1
    outer loop
      vertex 64.6747 37.9465 3
      vertex 58.5683 51.363 3
      vertex 33.5 7 3
    endloop
  endfacet
  facet normal 0 0 1
    outer loop
      vertex 64.7845 -38.9915 3
      vertex 61.8022 -47.4225 3
      vertex 64.7715 -43.2789 3
    endloop
  endfacet
  facet normal 0 0 1
    outer loop
      vertex 33.5 7 3
      vertex 58.5683 51.363 3
      vertex 55.0836 55.0836 3
    endloop
  endfacet
  facet normal 0 0 1
    outer loop
      vertex 64.6469 -38.4777 3
      vertex 58.5683 -51.363 3
      vertex 61.8022 -47.4225 3
    endloop
  endfacet
  facet normal 0 0 1
    outer loop
      vertex 64.6747 -37.9465 3
      vertex 58.5683 -51.363 3
      vertex 64.6469 -38.4777 3
    endloop
  endfacet
  facet normal 0 0 1
    outer loop
      vertex 33.5 7 3
      vertex 55.0836 55.0836 3
      vertex 51.363 58.5683 3
    endloop
  endfacet
  facet normal 0 0 1
    outer loop
      vertex 33.5 7 3
      vertex 51.363 58.5683 3
      vertex 47.4225 61.8022 3
    endloop
  endfacet
  facet normal 0 0 1
    outer loop
      vertex 15.5885 9 3
      vertex 47.4225 61.8022 3
      vertex 43.2789 64.7715 3
    endloop
  endfacet
  facet normal 0 0 1
    outer loop
      vertex 15.5885 9 3
      vertex 43.2789 64.7715 3
      vertex 38.95 67.4634 3
    endloop
  endfacet
  facet normal 0 0 1
    outer loop
      vertex 15.5885 9 3
      vertex 38.95 67.4634 3
      vertex 34.4543 69.8664 3
    endloop
  endfacet
  facet normal 0 0 1
    outer loop
      vertex 64.8653 37.45 3
      vertex 33.5 7 3
      vertex 53.5 7 3
    endloop
  endfacet
  facet normal -0 -0 1
    outer loop
      vertex 16.1437 7.9612 3
      vertex 33.5 7 3
      vertex 15.5885 9 3
    endloop
  endfacet
  facet normal 0 -0 1
    outer loop
      vertex 16.6298 6.8883 3
      vertex 33.5 7 3
      vertex 16.1437 7.9612 3
    endloop
  endfacet
  facet normal 0 -0 1
    outer loop
      vertex 17.0447 5.78591 3
      vertex 33.5 7 3
      vertex 16.6298 6.8883 3
    endloop
  endfacet
  facet normal 0 0 1
    outer loop
      vertex 47.4225 61.8022 3
      vertex 15.5885 9 3
      vertex 33.5 7 3
    endloop
  endfacet
  facet normal 0 -0 1
    outer loop
      vertex 17.3867 4.65874 3
      vertex 33.5 7 3
      vertex 17.0447 5.78591 3
    endloop
  endfacet
  facet normal 0 0 1
    outer loop
      vertex 15.5885 9 3
      vertex 34.4543 69.8664 3
      vertex 29.811 71.9702 3
    endloop
  endfacet
  facet normal 0 0 1
    outer loop
      vertex 70.0375 -38.3 3
      vertex 70.0296 -38.058 3
      vertex 70.035 -38.3794 3
    endloop
  endfacet
  facet normal 0 0 1
    outer loop
      vertex 79.9 0 3
      vertex 82.5 0 3
      vertex 82.3234 5.39576 3
    endloop
  endfacet
  facet normal 0 0 1
    outer loop
      vertex 79.7289 5.22571 3
      vertex 82.3234 5.39576 3
      vertex 81.7942 10.7684 3
    endloop
  endfacet
  facet normal 0 0 1
    outer loop
      vertex 82.5 0 3
      vertex 79.9 0 3
      vertex 82.3234 -5.39576 3
    endloop
  endfacet
  facet normal 0 0 1
    outer loop
      vertex 79.2164 10.429 3
      vertex 81.7942 10.7684 3
      vertex 80.9148 16.095 3
    endloop
  endfacet
  facet normal -0 0 1
    outer loop
      vertex 79.7289 -5.22571 3
      vertex 82.3234 -5.39576 3
      vertex 79.9 0 3
    endloop
  endfacet
  facet normal 0 0 1
    outer loop
      vertex 82.3234 -5.39576 3
      vertex 79.7289 -5.22571 3
      vertex 81.7942 -10.7684 3
    endloop
  endfacet
  facet normal 0 0 1
    outer loop
      vertex 82.3234 5.39576 3
      vertex 79.7289 5.22571 3
      vertex 79.9 0 3
    endloop
  endfacet
  facet normal 0 0 1
    outer loop
      vertex 78.3647 15.5877 3
      vertex 80.9148 16.095 3
      vertex 79.6889 21.3526 3
    endloop
  endfacet
  facet normal 0 0 1
    outer loop
      vertex 81.7942 10.7684 3
      vertex 79.2164 10.429 3
      vertex 79.7289 5.22571 3
    endloop
  endfacet
  facet normal 0 0 1
    outer loop
      vertex 80.9148 16.095 3
      vertex 78.3647 15.5877 3
      vertex 79.2164 10.429 3
    endloop
  endfacet
  facet normal 0 0 1
    outer loop
      vertex 77.1775 20.6796 3
      vertex 79.6889 21.3526 3
      vertex 78.1217 26.5188 3
    endloop
  endfacet
  facet normal 0 0 1
    outer loop
      vertex 79.6889 21.3526 3
      vertex 77.1775 20.6796 3
      vertex 78.3647 15.5877 3
    endloop
  endfacet
  facet normal 0 0 1
    outer loop
      vertex 75.6597 25.683 3
      vertex 78.1217 26.5188 3
      vertex 76.2201 31.5714 3
    endloop
  endfacet
  facet normal 0 0 1
    outer loop
      vertex 78.1217 26.5188 3
      vertex 75.6597 25.683 3
      vertex 77.1775 20.6796 3
    endloop
  endfacet
  facet normal 0 0 1
    outer loop
      vertex 73.818 30.5764 3
      vertex 76.2201 31.5714 3
      vertex 73.992 36.4888 3
    endloop
  endfacet
  facet normal 0 0 1
    outer loop
      vertex 76.2201 31.5714 3
      vertex 73.818 30.5764 3
      vertex 75.6597 25.683 3
    endloop
  endfacet
  facet normal 0 0 1
    outer loop
      vertex 73.992 36.4888 3
      vertex 71.6601 35.3389 3
      vertex 73.818 30.5764 3
    endloop
  endfacet
  facet normal -0 0 1
    outer loop
      vertex 70.035 38.3794 3
      vertex 73.992 36.4888 3
      vertex 71.4471 41.25 3
    endloop
  endfacet
  facet normal 0 0 1
    outer loop
      vertex 73.992 36.4888 3
      vertex 70.035 38.3794 3
      vertex 71.6601 35.3389 3
    endloop
  endfacet
  facet normal 0 0 1
    outer loop
      vertex 70.0375 38.3 3
      vertex 68.0282 38.1223 3
      vertex 70.0296 38.058 3
    endloop
  endfacet
  facet normal 0 0 1
    outer loop
      vertex 70.0296 38.058 3
      vertex 68.0282 38.1223 3
      vertex 70.0059 37.8171 3
    endloop
  endfacet
  facet normal 0 0 1
    outer loop
      vertex 70.0059 37.8171 3
      vertex 68.0282 38.1223 3
      vertex 69.9665 37.5782 3
    endloop
  endfacet
  facet normal 0 0 1
    outer loop
      vertex 69.9665 37.5782 3
      vertex 68.0282 38.1223 3
      vertex 69.9115 37.3424 3
    endloop
  endfacet
  facet normal -0 0 1
    outer loop
      vertex 67.8906 37.6085 3
      vertex 69.9115 37.3424 3
      vertex 68.0282 38.1223 3
    endloop
  endfacet
  facet normal 0 0 1
    outer loop
      vertex 69.9115 37.3424 3
      vertex 67.8906 37.6085 3
      vertex 69.8412 37.1107 3
    endloop
  endfacet
  facet normal 0 0 1
    outer loop
      vertex 69.8412 37.1107 3
      vertex 67.8906 37.6085 3
      vertex 69.7559 36.8841 3
    endloop
  endfacet
  facet normal 0 0 1
    outer loop
      vertex 69.7559 36.8841 3
      vertex 67.8906 37.6085 3
      vertex 69.656 36.6635 3
    endloop
  endfacet
  facet normal 0 0 1
    outer loop
      vertex 69.656 36.6635 3
      vertex 67.8906 37.6085 3
      vertex 69.5418 36.45 3
    endloop
  endfacet
  facet normal 0 0 1
    outer loop
      vertex 69.5418 36.45 3
      vertex 67.8906 37.6085 3
      vertex 69.414 36.2444 3
    endloop
  endfacet
  facet normal -0 0 1
    outer loop
      vertex 67.6009 37.1625 3
      vertex 69.414 36.2444 3
      vertex 67.8906 37.6085 3
    endloop
  endfacet
  facet normal 0 0 1
    outer loop
      vertex 68.0282 38.1223 3
      vertex 70.035 38.3794 3
      vertex 68.255 41.4624 3
    endloop
  endfacet
  facet normal 0 0 1
    outer loop
      vertex 71.4471 41.25 3
      vertex 68.255 41.4624 3
      vertex 70.035 38.3794 3
    endloop
  endfacet
  facet normal -0 0 1
    outer loop
      vertex 68.255 41.4624 3
      vertex 71.4471 41.25 3
      vertex 68.5962 45.8345 3
    endloop
  endfacet
  facet normal -0 0 1
    outer loop
      vertex 79.2164 -10.429 3
      vertex 81.7942 -10.7684 3
      vertex 79.7289 -5.22571 3
    endloop
  endfacet
  facet normal 0 0 1
    outer loop
      vertex 81.7942 -10.7684 3
      vertex 79.2164 -10.429 3
      vertex 80.9148 -16.095 3
    endloop
  endfacet
  facet normal -0 0 1
    outer loop
      vertex 78.3647 -15.5877 3
      vertex 80.9148 -16.095 3
      vertex 79.2164 -10.429 3
    endloop
  endfacet
  facet normal 0 0 1
    outer loop
      vertex 80.9148 -16.095 3
      vertex 78.3647 -15.5877 3
      vertex 79.6889 -21.3526 3
    endloop
  endfacet
  facet normal -0 0 1
    outer loop
      vertex 77.1775 -20.6796 3
      vertex 79.6889 -21.3526 3
      vertex 78.3647 -15.5877 3
    endloop
  endfacet
  facet normal 0 0 1
    outer loop
      vertex 79.6889 -21.3526 3
      vertex 77.1775 -20.6796 3
      vertex 78.1217 -26.5188 3
    endloop
  endfacet
  facet normal -0 0 1
    outer loop
      vertex 75.6597 -25.683 3
      vertex 78.1217 -26.5188 3
      vertex 77.1775 -20.6796 3
    endloop
  endfacet
  facet normal 0 0 1
    outer loop
      vertex 78.1217 -26.5188 3
      vertex 75.6597 -25.683 3
      vertex 76.2201 -31.5714 3
    endloop
  endfacet
  facet normal -0 0 1
    outer loop
      vertex 73.818 -30.5764 3
      vertex 76.2201 -31.5714 3
      vertex 75.6597 -25.683 3
    endloop
  endfacet
  facet normal 0 0 1
    outer loop
      vertex 76.2201 -31.5714 3
      vertex 73.818 -30.5764 3
      vertex 73.992 -36.4888 3
    endloop
  endfacet
  facet normal -0 0 1
    outer loop
      vertex 71.6601 -35.3389 3
      vertex 73.992 -36.4888 3
      vertex 73.818 -30.5764 3
    endloop
  endfacet
  facet normal 0 0 1
    outer loop
      vertex 70.035 -38.3794 3
      vertex 73.992 -36.4888 3
      vertex 71.6601 -35.3389 3
    endloop
  endfacet
  facet normal 0 0 1
    outer loop
      vertex 73.992 -36.4888 3
      vertex 70.035 -38.3794 3
      vertex 71.4471 -41.25 3
    endloop
  endfacet
  facet normal 0 0 1
    outer loop
      vertex 70.0059 -37.8171 3
      vertex 70.035 -38.3794 3
      vertex 70.0296 -38.058 3
    endloop
  endfacet
  facet normal 0 0 1
    outer loop
      vertex 69.9665 -37.5782 3
      vertex 70.035 -38.3794 3
      vertex 70.0059 -37.8171 3
    endloop
  endfacet
  facet normal 0 0 1
    outer loop
      vertex 69.9115 -37.3424 3
      vertex 70.035 -38.3794 3
      vertex 69.9665 -37.5782 3
    endloop
  endfacet
  facet normal 0 0 1
    outer loop
      vertex 69.8412 -37.1107 3
      vertex 70.035 -38.3794 3
      vertex 69.9115 -37.3424 3
    endloop
  endfacet
  facet normal 0 0 1
    outer loop
      vertex 69.7559 -36.8841 3
      vertex 70.035 -38.3794 3
      vertex 69.8412 -37.1107 3
    endloop
  endfacet
  facet normal 0 0 1
    outer loop
      vertex 69.656 -36.6635 3
      vertex 70.035 -38.3794 3
      vertex 69.7559 -36.8841 3
    endloop
  endfacet
  facet normal 0 0 1
    outer loop
      vertex 69.5418 -36.45 3
      vertex 70.035 -38.3794 3
      vertex 69.656 -36.6635 3
    endloop
  endfacet
  facet normal 0 0 1
    outer loop
      vertex 69.414 -36.2444 3
      vertex 70.035 -38.3794 3
      vertex 69.5418 -36.45 3
    endloop
  endfacet
  facet normal 0 0 1
    outer loop
      vertex 69.2729 -36.0476 3
      vertex 70.035 -38.3794 3
      vertex 69.414 -36.2444 3
    endloop
  endfacet
  facet normal 0 0 1
    outer loop
      vertex 69.1164 -35.8573 3
      vertex 69.2729 -36.0476 3
      vertex 69.1194 -35.8604 3
    endloop
  endfacet
  facet normal 0 0 1
    outer loop
      vertex 69.2729 -36.0476 3
      vertex 69.1164 -35.8573 3
      vertex 70.035 -38.3794 3
    endloop
  endfacet
  facet normal 0 0 1
    outer loop
      vertex 68.255 -41.4624 3
      vertex 71.4471 -41.25 3
      vertex 70.035 -38.3794 3
    endloop
  endfacet
  facet normal 0 0 1
    outer loop
      vertex 68.255 -41.4624 3
      vertex 70.035 -38.3794 3
      vertex 69.1164 -35.8573 3
    endloop
  endfacet
  facet normal 0 0 1
    outer loop
      vertex 68.0282 38.1223 3
      vertex 68.255 41.4624 3
      vertex 68.1875 41.5043 3
    endloop
  endfacet
  facet normal 0 0 1
    outer loop
      vertex 69.414 36.2444 3
      vertex 67.6009 37.1625 3
      vertex 69.2729 36.0476 3
    endloop
  endfacet
  facet normal 0 0 1
    outer loop
      vertex 68.5962 45.8345 3
      vertex 66.4344 44.3901 3
      vertex 68.255 41.4624 3
    endloop
  endfacet
  facet normal 0 0 1
    outer loop
      vertex 65.4517 50.2228 3
      vertex 66.4344 44.3901 3
      vertex 68.5962 45.8345 3
    endloop
  endfacet
  facet normal 0 0 1
    outer loop
      vertex 65.4517 50.2228 3
      vertex 63.3889 48.64 3
      vertex 66.4344 44.3901 3
    endloop
  endfacet
  facet normal 0 0 1
    outer loop
      vertex 62.0268 54.396 3
      vertex 63.3889 48.64 3
      vertex 65.4517 50.2228 3
    endloop
  endfacet
  facet normal 0 0 1
    outer loop
      vertex 62.0268 54.396 3
      vertex 60.072 52.6817 3
      vertex 63.3889 48.64 3
    endloop
  endfacet
  facet normal 0 0 1
    outer loop
      vertex 58.3363 58.3363 3
      vertex 60.072 52.6817 3
      vertex 62.0268 54.396 3
    endloop
  endfacet
  facet normal 0 0 1
    outer loop
      vertex 58.3363 58.3363 3
      vertex 56.4978 56.4978 3
      vertex 60.072 52.6817 3
    endloop
  endfacet
  facet normal 0 0 1
    outer loop
      vertex 54.396 62.0268 3
      vertex 56.4978 56.4978 3
      vertex 58.3363 58.3363 3
    endloop
  endfacet
  facet normal 0 0 1
    outer loop
      vertex 54.396 62.0268 3
      vertex 52.6817 60.072 3
      vertex 56.4978 56.4978 3
    endloop
  endfacet
  facet normal 0 0 1
    outer loop
      vertex 50.2228 65.4517 3
      vertex 52.6817 60.072 3
      vertex 54.396 62.0268 3
    endloop
  endfacet
  facet normal 0 0 1
    outer loop
      vertex 50.2228 65.4517 3
      vertex 48.64 63.3889 3
      vertex 52.6817 60.072 3
    endloop
  endfacet
  facet normal 0 0 1
    outer loop
      vertex 45.8345 68.5962 3
      vertex 48.64 63.3889 3
      vertex 50.2228 65.4517 3
    endloop
  endfacet
  facet normal 0 0 1
    outer loop
      vertex 45.8345 68.5962 3
      vertex 44.3901 66.4344 3
      vertex 48.64 63.3889 3
    endloop
  endfacet
  facet normal 0 0 1
    outer loop
      vertex 41.25 71.4471 3
      vertex 44.3901 66.4344 3
      vertex 45.8345 68.5962 3
    endloop
  endfacet
  facet normal 0 0 1
    outer loop
      vertex 41.25 71.4471 3
      vertex 39.95 69.1954 3
      vertex 44.3901 66.4344 3
    endloop
  endfacet
  facet normal 0 0 1
    outer loop
      vertex 36.4888 73.992 3
      vertex 39.95 69.1954 3
      vertex 41.25 71.4471 3
    endloop
  endfacet
  facet normal 0 0 1
    outer loop
      vertex 36.4888 73.992 3
      vertex 35.3389 71.6601 3
      vertex 39.95 69.1954 3
    endloop
  endfacet
  facet normal 0 0 1
    outer loop
      vertex 31.5714 76.2201 3
      vertex 35.3389 71.6601 3
      vertex 36.4888 73.992 3
    endloop
  endfacet
  facet normal 0 0 1
    outer loop
      vertex 31.5714 76.2201 3
      vertex 30.5764 73.818 3
      vertex 35.3389 71.6601 3
    endloop
  endfacet
  facet normal 0 0 1
    outer loop
      vertex 26.5188 78.1217 3
      vertex 30.5764 73.818 3
      vertex 31.5714 76.2201 3
    endloop
  endfacet
  facet normal 0 0 1
    outer loop
      vertex 26.5188 78.1217 3
      vertex 25.683 75.6597 3
      vertex 30.5764 73.818 3
    endloop
  endfacet
  facet normal 0 0 1
    outer loop
      vertex 21.3526 79.6889 3
      vertex 25.683 75.6597 3
      vertex 26.5188 78.1217 3
    endloop
  endfacet
  facet normal 0 0 1
    outer loop
      vertex 21.3526 79.6889 3
      vertex 20.6796 77.1775 3
      vertex 25.683 75.6597 3
    endloop
  endfacet
  facet normal 0 0 1
    outer loop
      vertex 16.095 80.9148 3
      vertex 20.6796 77.1775 3
      vertex 21.3526 79.6889 3
    endloop
  endfacet
  facet normal 0 0 1
    outer loop
      vertex 16.095 80.9148 3
      vertex 15.5877 78.3647 3
      vertex 20.6796 77.1775 3
    endloop
  endfacet
  facet normal 0 0 1
    outer loop
      vertex 10.7684 81.7942 3
      vertex 15.5877 78.3647 3
      vertex 16.095 80.9148 3
    endloop
  endfacet
  facet normal 0 0 1
    outer loop
      vertex 10.7684 81.7942 3
      vertex 10.429 79.2164 3
      vertex 15.5877 78.3647 3
    endloop
  endfacet
  facet normal 0 0 1
    outer loop
      vertex 5.39576 82.3234 3
      vertex 10.429 79.2164 3
      vertex 10.7684 81.7942 3
    endloop
  endfacet
  facet normal 0 0 1
    outer loop
      vertex 5.39576 82.3234 3
      vertex 5.22571 79.7289 3
      vertex 10.429 79.2164 3
    endloop
  endfacet
  facet normal 0 0 1
    outer loop
      vertex 5.39576 82.3234 3
      vertex 1.77996 79.8417 3
      vertex 5.22571 79.7289 3
    endloop
  endfacet
  facet normal 0 0 1
    outer loop
      vertex 3.50487 77.7853 3
      vertex 1.6168 77.1253 3
      vertex 1.7 76.6 3
    endloop
  endfacet
  facet normal 0 0 1
    outer loop
      vertex 3.31843 78.2365 3
      vertex 1.37533 77.5992 3
      vertex 1.6168 77.1253 3
    endloop
  endfacet
  facet normal 0 0 1
    outer loop
      vertex 2.61629 79.2163 3
      vertex 0.999234 77.9753 3
      vertex 1.37533 77.5992 3
    endloop
  endfacet
  facet normal 0 0 1
    outer loop
      vertex 1.77996 79.8417 3
      vertex 0.525329 78.2168 3
      vertex 0.999234 77.9753 3
    endloop
  endfacet
  facet normal 0 0 1
    outer loop
      vertex 0 82.5 3
      vertex 1.77996 79.8417 3
      vertex 5.39576 82.3234 3
    endloop
  endfacet
  facet normal 0 0 1
    outer loop
      vertex -1.77996 79.8417 3
      vertex 1.77996 79.8417 3
      vertex 0 82.5 3
    endloop
  endfacet
  facet normal 0 0 1
    outer loop
      vertex 1.77996 79.8417 3
      vertex 0 78.3 3
      vertex 0.525329 78.2168 3
    endloop
  endfacet
  facet normal 0 0 1
    outer loop
      vertex 1.77996 79.8417 3
      vertex -1.77996 79.8417 3
      vertex 0 78.3 3
    endloop
  endfacet
  facet normal 0 0 1
    outer loop
      vertex 0 78.3 3
      vertex -1.77996 79.8417 3
      vertex -0.525329 78.2168 3
    endloop
  endfacet
  facet normal 0 0 1
    outer loop
      vertex -0.525329 78.2168 3
      vertex -1.77996 79.8417 3
      vertex -0.999234 77.9753 3
    endloop
  endfacet
  facet normal -0 0 1
    outer loop
      vertex -1.85 79.8043 3
      vertex -0.999234 77.9753 3
      vertex -1.77996 79.8417 3
    endloop
  endfacet
  facet normal -0 0 1
    outer loop
      vertex -2.25242 79.5354 3
      vertex -0.999234 77.9753 3
      vertex -2.05561 79.6764 3
    endloop
  endfacet
  facet normal -0 0 1
    outer loop
      vertex -2.05561 79.6764 3
      vertex -0.999234 77.9753 3
      vertex -1.85 79.8043 3
    endloop
  endfacet
  facet normal -0 0 1
    outer loop
      vertex -5.39576 82.3234 3
      vertex -1.77996 79.8417 3
      vertex 0 82.5 3
    endloop
  endfacet
  facet normal 0 0 1
    outer loop
      vertex -1.77996 79.8417 3
      vertex -5.39576 82.3234 3
      vertex -5.22571 79.7289 3
    endloop
  endfacet
  facet normal 0 0 1
    outer loop
      vertex -5.39576 82.3234 3
      vertex -10.429 79.2164 3
      vertex -5.22571 79.7289 3
    endloop
  endfacet
  facet normal -0 0 1
    outer loop
      vertex -10.7684 81.7942 3
      vertex -10.429 79.2164 3
      vertex -5.39576 82.3234 3
    endloop
  endfacet
  facet normal 0 0 1
    outer loop
      vertex -10.7684 81.7942 3
      vertex -15.5877 78.3647 3
      vertex -10.429 79.2164 3
    endloop
  endfacet
  facet normal -0 0 1
    outer loop
      vertex -16.095 80.9148 3
      vertex -15.5877 78.3647 3
      vertex -10.7684 81.7942 3
    endloop
  endfacet
  facet normal 0 0 1
    outer loop
      vertex -16.095 80.9148 3
      vertex -20.6796 77.1775 3
      vertex -15.5877 78.3647 3
    endloop
  endfacet
  facet normal -0 0 1
    outer loop
      vertex -21.3526 79.6889 3
      vertex -20.6796 77.1775 3
      vertex -16.095 80.9148 3
    endloop
  endfacet
  facet normal 0 0 1
    outer loop
      vertex -21.3526 79.6889 3
      vertex -25.683 75.6597 3
      vertex -20.6796 77.1775 3
    endloop
  endfacet
  facet normal -0 0 1
    outer loop
      vertex -26.5188 78.1217 3
      vertex -25.683 75.6597 3
      vertex -21.3526 79.6889 3
    endloop
  endfacet
  facet normal 0 0 1
    outer loop
      vertex -26.5188 78.1217 3
      vertex -30.5764 73.818 3
      vertex -25.683 75.6597 3
    endloop
  endfacet
  facet normal -0 0 1
    outer loop
      vertex -31.5714 76.2201 3
      vertex -30.5764 73.818 3
      vertex -26.5188 78.1217 3
    endloop
  endfacet
  facet normal 0 0 1
    outer loop
      vertex -31.5714 76.2201 3
      vertex -35.3389 71.6601 3
      vertex -30.5764 73.818 3
    endloop
  endfacet
  facet normal -0 0 1
    outer loop
      vertex -36.4888 73.992 3
      vertex -35.3389 71.6601 3
      vertex -31.5714 76.2201 3
    endloop
  endfacet
  facet normal 0 0 1
    outer loop
      vertex -36.4888 73.992 3
      vertex -39.95 69.1954 3
      vertex -35.3389 71.6601 3
    endloop
  endfacet
  facet normal -0 0 1
    outer loop
      vertex -41.25 71.4471 3
      vertex -39.95 69.1954 3
      vertex -36.4888 73.992 3
    endloop
  endfacet
  facet normal 0 0 1
    outer loop
      vertex -41.25 71.4471 3
      vertex -44.3901 66.4344 3
      vertex -39.95 69.1954 3
    endloop
  endfacet
  facet normal -0 0 1
    outer loop
      vertex -45.8345 68.5962 3
      vertex -44.3901 66.4344 3
      vertex -41.25 71.4471 3
    endloop
  endfacet
  facet normal 0 0 1
    outer loop
      vertex -45.8345 68.5962 3
      vertex -48.64 63.3889 3
      vertex -44.3901 66.4344 3
    endloop
  endfacet
  facet normal -0 0 1
    outer loop
      vertex -50.2228 65.4517 3
      vertex -48.64 63.3889 3
      vertex -45.8345 68.5962 3
    endloop
  endfacet
  facet normal 0 0 1
    outer loop
      vertex -50.2228 65.4517 3
      vertex -52.6817 60.072 3
      vertex -48.64 63.3889 3
    endloop
  endfacet
  facet normal -0 0 1
    outer loop
      vertex -54.396 62.0268 3
      vertex -52.6817 60.072 3
      vertex -50.2228 65.4517 3
    endloop
  endfacet
  facet normal 0 0 1
    outer loop
      vertex -54.396 62.0268 3
      vertex -56.4978 56.4978 3
      vertex -52.6817 60.072 3
    endloop
  endfacet
  facet normal -0 0 1
    outer loop
      vertex -58.3363 58.3363 3
      vertex -56.4978 56.4978 3
      vertex -54.396 62.0268 3
    endloop
  endfacet
  facet normal 0 0 1
    outer loop
      vertex -58.3363 58.3363 3
      vertex -60.072 52.6817 3
      vertex -56.4978 56.4978 3
    endloop
  endfacet
  facet normal -0 0 1
    outer loop
      vertex -62.0268 54.396 3
      vertex -60.072 52.6817 3
      vertex -58.3363 58.3363 3
    endloop
  endfacet
  facet normal 0 0 1
    outer loop
      vertex -62.0268 54.396 3
      vertex -63.3889 48.64 3
      vertex -60.072 52.6817 3
    endloop
  endfacet
  facet normal -0 0 1
    outer loop
      vertex -65.4517 50.2228 3
      vertex -63.3889 48.64 3
      vertex -62.0268 54.396 3
    endloop
  endfacet
  facet normal 0 0 1
    outer loop
      vertex -65.4517 50.2228 3
      vertex -66.4344 44.3901 3
      vertex -63.3889 48.64 3
    endloop
  endfacet
  facet normal -0 0 1
    outer loop
      vertex -68.5962 45.8345 3
      vertex -66.4344 44.3901 3
      vertex -65.4517 50.2228 3
    endloop
  endfacet
  facet normal 0 0 1
    outer loop
      vertex -69.1164 35.8573 3
      vertex -68.255 41.4624 3
      vertex -68.5962 45.8345 3
    endloop
  endfacet
  facet normal 0 0 1
    outer loop
      vertex -66.4344 44.3901 3
      vertex -68.5962 45.8345 3
      vertex -68.255 41.4624 3
    endloop
  endfacet
  facet normal 0 0 1
    outer loop
      vertex 68.0282 38.1223 3
      vertex 70.0375 38.3 3
      vertex 70.035 38.3794 3
    endloop
  endfacet
  facet normal 0 0 1
    outer loop
      vertex 53.5 5 3
      vertex 77.7332 5.0949 3
      vertex 53.5 7 3
    endloop
  endfacet
  facet normal -0 0 1
    outer loop
      vertex 53.5 7 3
      vertex 77.7332 5.0949 3
      vertex 77.2336 10.168 3
    endloop
  endfacet
  facet normal 0 0 1
    outer loop
      vertex 76.4032 15.1975 3
      vertex 53.5 7 3
      vertex 77.2336 10.168 3
    endloop
  endfacet
  facet normal 0 0 1
    outer loop
      vertex 75.2456 20.162 3
      vertex 53.5 7 3
      vertex 76.4032 15.1975 3
    endloop
  endfacet
  facet normal 0 0 1
    outer loop
      vertex 53.5 1 3
      vertex 77.7332 5.0949 3
      vertex 53.5 5 3
    endloop
  endfacet
  facet normal 0 0 1
    outer loop
      vertex 71.9702 29.811 3
      vertex 53.5 7 3
      vertex 73.7659 25.0401 3
    endloop
  endfacet
  facet normal 0 0 1
    outer loop
      vertex 73.7659 25.0401 3
      vertex 53.5 7 3
      vertex 75.2456 20.162 3
    endloop
  endfacet
  facet normal 0 0 1
    outer loop
      vertex 53.5 7 3
      vertex 71.9702 29.811 3
      vertex 67.6009 37.1625 3
    endloop
  endfacet
  facet normal 0 0 1
    outer loop
      vertex 77.7332 5.0949 3
      vertex 53.5 1 3
      vertex 77.9 0 3
    endloop
  endfacet
  facet normal 0 0 1
    outer loop
      vertex 69.8664 34.4543 3
      vertex 67.6009 37.1625 3
      vertex 71.9702 29.811 3
    endloop
  endfacet
  facet normal 0 0 1
    outer loop
      vertex 53.5 -1 3
      vertex 77.9 0 3
      vertex 53.5 1 3
    endloop
  endfacet
  facet normal 0 0 1
    outer loop
      vertex 69.1194 35.8604 3
      vertex 67.6009 37.1625 3
      vertex 69.1164 35.8573 3
    endloop
  endfacet
  facet normal 0 0 1
    outer loop
      vertex 69.1164 35.8573 3
      vertex 67.6009 37.1625 3
      vertex 69.8664 34.4543 3
    endloop
  endfacet
  facet normal 0 0 1
    outer loop
      vertex 77.9 0 3
      vertex 53.5 -1 3
      vertex 77.7332 -5.0949 3
    endloop
  endfacet
  facet normal 0 0 1
    outer loop
      vertex 71.9702 -29.811 3
      vertex 69.1164 -35.8573 3
      vertex 69.8664 -34.4543 3
    endloop
  endfacet
  facet normal -0.35224 0.93591 0
    outer loop
      vertex -26.5188 78.1217 3.8147e-07
      vertex -31.5714 76.2201 3
      vertex -26.5188 78.1217 3
    endloop
  endfacet
  facet normal -0.35224 0.93591 0
    outer loop
      vertex -31.5714 76.2201 3
      vertex -26.5188 78.1217 3.8147e-07
      vertex -31.5714 76.2201 3.8147e-07
    endloop
  endfacet
  facet normal 0.881922 0.471395 0
    outer loop
      vertex 73.992 36.4888 3
      vertex 71.4471 41.25 3.8147e-07
      vertex 71.4471 41.25 3
    endloop
  endfacet
  facet normal 0.881922 0.471395 0
    outer loop
      vertex 71.4471 41.25 3.8147e-07
      vertex 73.992 36.4888 3
      vertex 73.992 36.4888 3.8147e-07
    endloop
  endfacet
  facet normal -0.162891 -0.986644 0
    outer loop
      vertex -16.095 -80.9148 3.8147e-07
      vertex -10.7684 -81.7942 3
      vertex -16.095 -80.9148 3
    endloop
  endfacet
  facet normal -0.162891 -0.986644 -0
    outer loop
      vertex -10.7684 -81.7942 3
      vertex -16.095 -80.9148 3.8147e-07
      vertex -10.7684 -81.7942 3.8147e-07
    endloop
  endfacet
  facet normal 0.634398 0.773007 -0
    outer loop
      vertex 54.396 62.0268 3.8147e-07
      vertex 50.2228 65.4517 3
      vertex 54.396 62.0268 3
    endloop
  endfacet
  facet normal 0.634398 0.773007 0
    outer loop
      vertex 50.2228 65.4517 3
      vertex 54.396 62.0268 3.8147e-07
      vertex 50.2228 65.4517 3.8147e-07
    endloop
  endfacet
  facet normal 0.412715 0.91086 -0
    outer loop
      vertex 36.4888 73.992 3.8147e-07
      vertex 31.5714 76.2201 3
      vertex 36.4888 73.992 3
    endloop
  endfacet
  facet normal 0.412715 0.91086 0
    outer loop
      vertex 31.5714 76.2201 3
      vertex 36.4888 73.992 3.8147e-07
      vertex 31.5714 76.2201 3.8147e-07
    endloop
  endfacet
  facet normal 0.528078 -0.849196 0
    outer loop
      vertex 41.25 -71.4471 3.8147e-07
      vertex 45.8345 -68.5962 3
      vertex 41.25 -71.4471 3
    endloop
  endfacet
  facet normal 0.528078 -0.849196 0
    outer loop
      vertex 45.8345 -68.5962 3
      vertex 41.25 -71.4471 3.8147e-07
      vertex 45.8345 -68.5962 3.8147e-07
    endloop
  endfacet
  facet normal 0.91086 0.412715 0
    outer loop
      vertex 76.2201 31.5714 3
      vertex 73.992 36.4888 3.8147e-07
      vertex 73.992 36.4888 3
    endloop
  endfacet
  facet normal 0.91086 0.412715 0
    outer loop
      vertex 73.992 36.4888 3.8147e-07
      vertex 76.2201 31.5714 3
      vertex 76.2201 31.5714 3.8147e-07
    endloop
  endfacet
  facet normal -0.93591 0.35224 0
    outer loop
      vertex -78.1217 26.5188 3.8147e-07
      vertex -76.2201 31.5714 3
      vertex -76.2201 31.5714 3.8147e-07
    endloop
  endfacet
  facet normal -0.93591 0.35224 0
    outer loop
      vertex -76.2201 31.5714 3
      vertex -78.1217 26.5188 3.8147e-07
      vertex -78.1217 26.5188 3
    endloop
  endfacet
  facet normal -0.956938 -0.290293 0
    outer loop
      vertex -78.1217 -26.5188 3.8147e-07
      vertex -79.6889 -21.3526 3
      vertex -79.6889 -21.3526 3.8147e-07
    endloop
  endfacet
  facet normal -0.956938 -0.290293 0
    outer loop
      vertex -79.6889 -21.3526 3
      vertex -78.1217 -26.5188 3.8147e-07
      vertex -78.1217 -26.5188 3
    endloop
  endfacet
  facet normal 0.93591 0.35224 0
    outer loop
      vertex 78.1217 26.5188 3
      vertex 76.2201 31.5714 3.8147e-07
      vertex 76.2201 31.5714 3
    endloop
  endfacet
  facet normal 0.93591 0.35224 0
    outer loop
      vertex 76.2201 31.5714 3.8147e-07
      vertex 78.1217 26.5188 3
      vertex 78.1217 26.5188 3.8147e-07
    endloop
  endfacet
  facet normal 0.0327119 0.999465 -0
    outer loop
      vertex 5.39576 82.3234 3.8147e-07
      vertex 0 82.5 3
      vertex 5.39576 82.3234 3
    endloop
  endfacet
  facet normal 0.0327119 0.999465 0
    outer loop
      vertex 0 82.5 3
      vertex 5.39576 82.3234 3.8147e-07
      vertex 0 82.5 3.8147e-07
    endloop
  endfacet
  facet normal 0.634398 -0.773007 0
    outer loop
      vertex 50.2228 -65.4517 3.8147e-07
      vertex 54.396 -62.0268 3
      vertex 50.2228 -65.4517 3
    endloop
  endfacet
  facet normal 0.634398 -0.773007 0
    outer loop
      vertex 54.396 -62.0268 3
      vertex 50.2228 -65.4517 3.8147e-07
      vertex 54.396 -62.0268 3.8147e-07
    endloop
  endfacet
  facet normal -0.91086 0.412715 0
    outer loop
      vertex -76.2201 31.5714 3.8147e-07
      vertex -73.992 36.4888 3
      vertex -73.992 36.4888 3.8147e-07
    endloop
  endfacet
  facet normal -0.91086 0.412715 0
    outer loop
      vertex -73.992 36.4888 3
      vertex -76.2201 31.5714 3.8147e-07
      vertex -76.2201 31.5714 3
    endloop
  endfacet
  facet normal -0.773007 0.634398 0
    outer loop
      vertex -65.4517 50.2228 3.8147e-07
      vertex -62.0268 54.396 3
      vertex -62.0268 54.396 3.8147e-07
    endloop
  endfacet
  facet normal -0.773007 0.634398 0
    outer loop
      vertex -62.0268 54.396 3
      vertex -65.4517 50.2228 3.8147e-07
      vertex -65.4517 50.2228 3
    endloop
  endfacet
  facet normal -0.999465 0.0327119 0
    outer loop
      vertex -82.5 0 3.8147e-07
      vertex -82.3234 5.39576 3
      vertex -82.3234 5.39576 3.8147e-07
    endloop
  endfacet
  facet normal -0.999465 0.0327119 0
    outer loop
      vertex -82.3234 5.39576 3
      vertex -82.5 0 3.8147e-07
      vertex -82.5 0 3
    endloop
  endfacet
  facet normal -0.634398 -0.773007 0
    outer loop
      vertex -54.396 -62.0268 3.8147e-07
      vertex -50.2228 -65.4517 3
      vertex -54.396 -62.0268 3
    endloop
  endfacet
  facet normal -0.634398 -0.773007 -0
    outer loop
      vertex -50.2228 -65.4517 3
      vertex -54.396 -62.0268 3.8147e-07
      vertex -50.2228 -65.4517 3.8147e-07
    endloop
  endfacet
  facet normal -0.528078 -0.849196 0
    outer loop
      vertex -45.8345 -68.5962 3.8147e-07
      vertex -41.25 -71.4471 3
      vertex -45.8345 -68.5962 3
    endloop
  endfacet
  facet normal -0.528078 -0.849196 -0
    outer loop
      vertex -41.25 -71.4471 3
      vertex -45.8345 -68.5962 3.8147e-07
      vertex -41.25 -71.4471 3.8147e-07
    endloop
  endfacet
  facet normal 0.986644 -0.162891 0
    outer loop
      vertex 80.9148 -16.095 3
      vertex 81.7942 -10.7684 3.8147e-07
      vertex 81.7942 -10.7684 3
    endloop
  endfacet
  facet normal 0.986644 -0.162891 0
    outer loop
      vertex 81.7942 -10.7684 3.8147e-07
      vertex 80.9148 -16.095 3
      vertex 80.9148 -16.095 3.8147e-07
    endloop
  endfacet
  facet normal -0.162891 0.986644 0
    outer loop
      vertex -10.7684 81.7942 3.8147e-07
      vertex -16.095 80.9148 3
      vertex -10.7684 81.7942 3
    endloop
  endfacet
  facet normal -0.162891 0.986644 0
    outer loop
      vertex -16.095 80.9148 3
      vertex -10.7684 81.7942 3.8147e-07
      vertex -16.095 80.9148 3.8147e-07
    endloop
  endfacet
  facet normal -0.35224 -0.93591 0
    outer loop
      vertex -31.5714 -76.2201 3.8147e-07
      vertex -26.5188 -78.1217 3
      vertex -31.5714 -76.2201 3
    endloop
  endfacet
  facet normal -0.35224 -0.93591 -0
    outer loop
      vertex -26.5188 -78.1217 3
      vertex -31.5714 -76.2201 3.8147e-07
      vertex -26.5188 -78.1217 3.8147e-07
    endloop
  endfacet
  facet normal 0.35224 -0.93591 0
    outer loop
      vertex 26.5188 -78.1217 3.8147e-07
      vertex 31.5714 -76.2201 3
      vertex 26.5188 -78.1217 3
    endloop
  endfacet
  facet normal 0.35224 -0.93591 0
    outer loop
      vertex 31.5714 -76.2201 3
      vertex 26.5188 -78.1217 3.8147e-07
      vertex 31.5714 -76.2201 3.8147e-07
    endloop
  endfacet
  facet normal -0.812856 0.582464 0
    outer loop
      vertex -68.5962 45.8345 3.8147e-07
      vertex -65.4517 50.2228 3
      vertex -65.4517 50.2228 3.8147e-07
    endloop
  endfacet
  facet normal -0.812856 0.582464 0
    outer loop
      vertex -65.4517 50.2228 3
      vertex -68.5962 45.8345 3.8147e-07
      vertex -68.5962 45.8345 3
    endloop
  endfacet
  facet normal 0.773007 -0.634398 0
    outer loop
      vertex 62.0268 -54.396 3
      vertex 65.4517 -50.2228 3.8147e-07
      vertex 65.4517 -50.2228 3
    endloop
  endfacet
  facet normal 0.773007 -0.634398 0
    outer loop
      vertex 65.4517 -50.2228 3.8147e-07
      vertex 62.0268 -54.396 3
      vertex 62.0268 -54.396 3.8147e-07
    endloop
  endfacet
  facet normal -0.956938 0.290293 0
    outer loop
      vertex -79.6889 21.3526 3.8147e-07
      vertex -78.1217 26.5188 3
      vertex -78.1217 26.5188 3.8147e-07
    endloop
  endfacet
  facet normal -0.956938 0.290293 0
    outer loop
      vertex -78.1217 26.5188 3
      vertex -79.6889 21.3526 3.8147e-07
      vertex -79.6889 21.3526 3
    endloop
  endfacet
  facet normal 0.973877 -0.227076 0
    outer loop
      vertex 79.6889 -21.3526 3
      vertex 80.9148 -16.095 3.8147e-07
      vertex 80.9148 -16.095 3
    endloop
  endfacet
  facet normal 0.973877 -0.227076 0
    outer loop
      vertex 80.9148 -16.095 3.8147e-07
      vertex 79.6889 -21.3526 3
      vertex 79.6889 -21.3526 3.8147e-07
    endloop
  endfacet
  facet normal 0.91086 -0.412715 0
    outer loop
      vertex 73.992 -36.4888 3
      vertex 76.2201 -31.5714 3.8147e-07
      vertex 76.2201 -31.5714 3
    endloop
  endfacet
  facet normal 0.91086 -0.412715 0
    outer loop
      vertex 76.2201 -31.5714 3.8147e-07
      vertex 73.992 -36.4888 3
      vertex 73.992 -36.4888 3.8147e-07
    endloop
  endfacet
  facet normal 0.956938 -0.290293 0
    outer loop
      vertex 78.1217 -26.5188 3
      vertex 79.6889 -21.3526 3.8147e-07
      vertex 79.6889 -21.3526 3
    endloop
  endfacet
  facet normal 0.956938 -0.290293 0
    outer loop
      vertex 79.6889 -21.3526 3.8147e-07
      vertex 78.1217 -26.5188 3
      vertex 78.1217 -26.5188 3.8147e-07
    endloop
  endfacet
  facet normal 0.0980247 0.995184 -0
    outer loop
      vertex 10.7684 81.7942 3.8147e-07
      vertex 5.39576 82.3234 3
      vertex 10.7684 81.7942 3
    endloop
  endfacet
  facet normal 0.0980247 0.995184 0
    outer loop
      vertex 5.39576 82.3234 3
      vertex 10.7684 81.7942 3.8147e-07
      vertex 5.39576 82.3234 3.8147e-07
    endloop
  endfacet
  facet normal -0.773007 -0.634398 0
    outer loop
      vertex -62.0268 -54.396 3.8147e-07
      vertex -65.4517 -50.2228 3
      vertex -65.4517 -50.2228 3.8147e-07
    endloop
  endfacet
  facet normal -0.773007 -0.634398 0
    outer loop
      vertex -65.4517 -50.2228 3
      vertex -62.0268 -54.396 3.8147e-07
      vertex -62.0268 -54.396 3
    endloop
  endfacet
  facet normal -0.0980247 -0.995184 0
    outer loop
      vertex -10.7684 -81.7942 3.8147e-07
      vertex -5.39576 -82.3234 3
      vertex -10.7684 -81.7942 3
    endloop
  endfacet
  facet normal -0.0980247 -0.995184 -0
    outer loop
      vertex -5.39576 -82.3234 3
      vertex -10.7684 -81.7942 3.8147e-07
      vertex -5.39576 -82.3234 3.8147e-07
    endloop
  endfacet
  facet normal 0.812856 0.582464 0
    outer loop
      vertex 68.5962 45.8345 3
      vertex 65.4517 50.2228 3.8147e-07
      vertex 65.4517 50.2228 3
    endloop
  endfacet
  facet normal 0.812856 0.582464 0
    outer loop
      vertex 65.4517 50.2228 3.8147e-07
      vertex 68.5962 45.8345 3
      vertex 68.5962 45.8345 3.8147e-07
    endloop
  endfacet
  facet normal 0.471395 0.881922 -0
    outer loop
      vertex 41.25 71.4471 3.8147e-07
      vertex 36.4888 73.992 3
      vertex 41.25 71.4471 3
    endloop
  endfacet
  facet normal 0.471395 0.881922 0
    outer loop
      vertex 36.4888 73.992 3
      vertex 41.25 71.4471 3.8147e-07
      vertex 36.4888 73.992 3.8147e-07
    endloop
  endfacet
  facet normal -0.0980247 0.995184 0
    outer loop
      vertex -5.39576 82.3234 3.8147e-07
      vertex -10.7684 81.7942 3
      vertex -5.39576 82.3234 3
    endloop
  endfacet
  facet normal -0.0980247 0.995184 0
    outer loop
      vertex -10.7684 81.7942 3
      vertex -5.39576 82.3234 3.8147e-07
      vertex -10.7684 81.7942 3.8147e-07
    endloop
  endfacet
  facet normal 0.582464 -0.812856 0
    outer loop
      vertex 45.8345 -68.5962 3.8147e-07
      vertex 50.2228 -65.4517 3
      vertex 45.8345 -68.5962 3
    endloop
  endfacet
  facet normal 0.582464 -0.812856 0
    outer loop
      vertex 50.2228 -65.4517 3
      vertex 45.8345 -68.5962 3.8147e-07
      vertex 50.2228 -65.4517 3.8147e-07
    endloop
  endfacet
  facet normal -0.973877 0.227076 0
    outer loop
      vertex -80.9148 16.095 3.8147e-07
      vertex -79.6889 21.3526 3
      vertex -79.6889 21.3526 3.8147e-07
    endloop
  endfacet
  facet normal -0.973877 0.227076 0
    outer loop
      vertex -79.6889 21.3526 3
      vertex -80.9148 16.095 3.8147e-07
      vertex -80.9148 16.095 3
    endloop
  endfacet
  facet normal 0.812856 -0.582464 0
    outer loop
      vertex 65.4517 -50.2228 3
      vertex 68.5962 -45.8345 3.8147e-07
      vertex 68.5962 -45.8345 3
    endloop
  endfacet
  facet normal 0.812856 -0.582464 0
    outer loop
      vertex 68.5962 -45.8345 3.8147e-07
      vertex 65.4517 -50.2228 3
      vertex 65.4517 -50.2228 3.8147e-07
    endloop
  endfacet
  facet normal -0.849196 -0.528078 0
    outer loop
      vertex -68.5962 -45.8345 3.8147e-07
      vertex -71.4471 -41.25 3
      vertex -71.4471 -41.25 3.8147e-07
    endloop
  endfacet
  facet normal -0.849196 -0.528078 0
    outer loop
      vertex -71.4471 -41.25 3
      vertex -68.5962 -45.8345 3.8147e-07
      vertex -68.5962 -45.8345 3
    endloop
  endfacet
  facet normal -0.412715 0.91086 0
    outer loop
      vertex -31.5714 76.2201 3.8147e-07
      vertex -36.4888 73.992 3
      vertex -31.5714 76.2201 3
    endloop
  endfacet
  facet normal -0.412715 0.91086 0
    outer loop
      vertex -36.4888 73.992 3
      vertex -31.5714 76.2201 3.8147e-07
      vertex -36.4888 73.992 3.8147e-07
    endloop
  endfacet
  facet normal 0.683593 -0.729863 0
    outer loop
      vertex 54.396 -62.0268 3.8147e-07
      vertex 58.3363 -58.3363 3
      vertex 54.396 -62.0268 3
    endloop
  endfacet
  facet normal 0.683593 -0.729863 0
    outer loop
      vertex 58.3363 -58.3363 3
      vertex 54.396 -62.0268 3.8147e-07
      vertex 58.3363 -58.3363 3.8147e-07
    endloop
  endfacet
  facet normal -0.995184 -0.0980247 0
    outer loop
      vertex -81.7942 -10.7684 3.8147e-07
      vertex -82.3234 -5.39576 3
      vertex -82.3234 -5.39576 3.8147e-07
    endloop
  endfacet
  facet normal -0.995184 -0.0980247 0
    outer loop
      vertex -82.3234 -5.39576 3
      vertex -81.7942 -10.7684 3.8147e-07
      vertex -81.7942 -10.7684 3
    endloop
  endfacet
  facet normal -0.0327119 0.999465 0
    outer loop
      vertex 0 82.5 3.8147e-07
      vertex -5.39576 82.3234 3
      vertex 0 82.5 3
    endloop
  endfacet
  facet normal -0.0327119 0.999465 0
    outer loop
      vertex -5.39576 82.3234 3
      vertex 0 82.5 3.8147e-07
      vertex -5.39576 82.3234 3.8147e-07
    endloop
  endfacet
  facet normal 0.290293 -0.956938 0
    outer loop
      vertex 21.3526 -79.6889 3.8147e-07
      vertex 26.5188 -78.1217 3
      vertex 21.3526 -79.6889 3
    endloop
  endfacet
  facet normal 0.290293 -0.956938 0
    outer loop
      vertex 26.5188 -78.1217 3
      vertex 21.3526 -79.6889 3.8147e-07
      vertex 26.5188 -78.1217 3.8147e-07
    endloop
  endfacet
  facet normal 0.773007 0.634398 0
    outer loop
      vertex 65.4517 50.2228 3
      vertex 62.0268 54.396 3.8147e-07
      vertex 62.0268 54.396 3
    endloop
  endfacet
  facet normal 0.773007 0.634398 0
    outer loop
      vertex 62.0268 54.396 3.8147e-07
      vertex 65.4517 50.2228 3
      vertex 65.4517 50.2228 3.8147e-07
    endloop
  endfacet
  facet normal -0.881922 -0.471395 0
    outer loop
      vertex -71.4471 -41.25 3.8147e-07
      vertex -73.992 -36.4888 3
      vertex -73.992 -36.4888 3.8147e-07
    endloop
  endfacet
  facet normal -0.881922 -0.471395 0
    outer loop
      vertex -73.992 -36.4888 3
      vertex -71.4471 -41.25 3.8147e-07
      vertex -71.4471 -41.25 3
    endloop
  endfacet
  facet normal -0.729863 0.683593 0
    outer loop
      vertex -62.0268 54.396 3.8147e-07
      vertex -58.3363 58.3363 3
      vertex -58.3363 58.3363 3.8147e-07
    endloop
  endfacet
  facet normal -0.729863 0.683593 0
    outer loop
      vertex -58.3363 58.3363 3
      vertex -62.0268 54.396 3.8147e-07
      vertex -62.0268 54.396 3
    endloop
  endfacet
  facet normal -0.0327119 -0.999465 0
    outer loop
      vertex -5.39576 -82.3234 3.8147e-07
      vertex 0 -82.5 3
      vertex -5.39576 -82.3234 3
    endloop
  endfacet
  facet normal -0.0327119 -0.999465 -0
    outer loop
      vertex 0 -82.5 3
      vertex -5.39576 -82.3234 3.8147e-07
      vertex 0 -82.5 3.8147e-07
    endloop
  endfacet
  facet normal 0.528078 0.849196 -0
    outer loop
      vertex 45.8345 68.5962 3.8147e-07
      vertex 41.25 71.4471 3
      vertex 45.8345 68.5962 3
    endloop
  endfacet
  facet normal 0.528078 0.849196 0
    outer loop
      vertex 41.25 71.4471 3
      vertex 45.8345 68.5962 3.8147e-07
      vertex 41.25 71.4471 3.8147e-07
    endloop
  endfacet
  facet normal -0.995184 0.0980247 0
    outer loop
      vertex -82.3234 5.39576 3.8147e-07
      vertex -81.7942 10.7684 3
      vertex -81.7942 10.7684 3.8147e-07
    endloop
  endfacet
  facet normal -0.995184 0.0980247 0
    outer loop
      vertex -81.7942 10.7684 3
      vertex -82.3234 5.39576 3.8147e-07
      vertex -82.3234 5.39576 3
    endloop
  endfacet
  facet normal -0.683593 -0.729863 0
    outer loop
      vertex -58.3363 -58.3363 3.8147e-07
      vertex -54.396 -62.0268 3
      vertex -58.3363 -58.3363 3
    endloop
  endfacet
  facet normal -0.683593 -0.729863 -0
    outer loop
      vertex -54.396 -62.0268 3
      vertex -58.3363 -58.3363 3.8147e-07
      vertex -54.396 -62.0268 3.8147e-07
    endloop
  endfacet
  facet normal -0.227076 0.973877 0
    outer loop
      vertex -16.095 80.9148 3.8147e-07
      vertex -21.3526 79.6889 3
      vertex -16.095 80.9148 3
    endloop
  endfacet
  facet normal -0.227076 0.973877 0
    outer loop
      vertex -21.3526 79.6889 3
      vertex -16.095 80.9148 3.8147e-07
      vertex -21.3526 79.6889 3.8147e-07
    endloop
  endfacet
  facet normal -0.634398 0.773007 0
    outer loop
      vertex -50.2228 65.4517 3.8147e-07
      vertex -54.396 62.0268 3
      vertex -50.2228 65.4517 3
    endloop
  endfacet
  facet normal -0.634398 0.773007 0
    outer loop
      vertex -54.396 62.0268 3
      vertex -50.2228 65.4517 3.8147e-07
      vertex -54.396 62.0268 3.8147e-07
    endloop
  endfacet
  facet normal -0.582464 -0.812856 0
    outer loop
      vertex -50.2228 -65.4517 3.8147e-07
      vertex -45.8345 -68.5962 3
      vertex -50.2228 -65.4517 3
    endloop
  endfacet
  facet normal -0.582464 -0.812856 -0
    outer loop
      vertex -45.8345 -68.5962 3
      vertex -50.2228 -65.4517 3.8147e-07
      vertex -45.8345 -68.5962 3.8147e-07
    endloop
  endfacet
  facet normal -0.227076 -0.973877 0
    outer loop
      vertex -21.3526 -79.6889 3.8147e-07
      vertex -16.095 -80.9148 3
      vertex -21.3526 -79.6889 3
    endloop
  endfacet
  facet normal -0.227076 -0.973877 -0
    outer loop
      vertex -16.095 -80.9148 3
      vertex -21.3526 -79.6889 3.8147e-07
      vertex -16.095 -80.9148 3.8147e-07
    endloop
  endfacet
  facet normal -0 0 -1
    outer loop
      vertex -17.6541 -3.51163 3.8147e-07
      vertex -64.7375 -35.5287 3.8147e-07
      vertex -17.846 -2.34947 3.8147e-07
    endloop
  endfacet
  facet normal 0 0 -1
    outer loop
      vertex -18 0 3.8147e-07
      vertex -63.2466 37.4718 3.8147e-07
      vertex -63.1375 38.3 3.8147e-07
    endloop
  endfacet
  facet normal 0 0 -1
    outer loop
      vertex -81.7942 -10.7684 3.8147e-07
      vertex -17.846 -2.34947 3.8147e-07
      vertex -64.7375 -35.5287 3.8147e-07
    endloop
  endfacet
  facet normal 0 0 -1
    outer loop
      vertex -18 0 3.8147e-07
      vertex -63.5663 36.7 3.8147e-07
      vertex -63.2466 37.4718 3.8147e-07
    endloop
  endfacet
  facet normal -0 0 -1
    outer loop
      vertex -17.846 -2.34947 3.8147e-07
      vertex -81.7942 -10.7684 3.8147e-07
      vertex -17.9615 -1.17726 3.8147e-07
    endloop
  endfacet
  facet normal 0 0 -1
    outer loop
      vertex -18 0 3.8147e-07
      vertex -64.0748 36.0373 3.8147e-07
      vertex -63.5663 36.7 3.8147e-07
    endloop
  endfacet
  facet normal 0 0 -1
    outer loop
      vertex -82.3234 -5.39576 3.8147e-07
      vertex -17.9615 -1.17726 3.8147e-07
      vertex -81.7942 -10.7684 3.8147e-07
    endloop
  endfacet
  facet normal 0 0 -1
    outer loop
      vertex -18 0 3.8147e-07
      vertex -64.7375 35.5287 3.8147e-07
      vertex -64.0748 36.0373 3.8147e-07
    endloop
  endfacet
  facet normal 0 0 -1
    outer loop
      vertex -80.9148 -16.095 3.8147e-07
      vertex -64.7375 -35.5287 3.8147e-07
      vertex -65.5093 -35.209 3.8147e-07
    endloop
  endfacet
  facet normal 0 -0 -1
    outer loop
      vertex -82.3234 5.39576 3.8147e-07
      vertex -18 0 3.8147e-07
      vertex -82.5 0 3.8147e-07
    endloop
  endfacet
  facet normal 0 0 -1
    outer loop
      vertex -79.6889 -21.3526 3.8147e-07
      vertex -65.5093 -35.209 3.8147e-07
      vertex -66.3375 -35.1 3.8147e-07
    endloop
  endfacet
  facet normal 0 -0 -1
    outer loop
      vertex -81.7942 10.7684 3.8147e-07
      vertex -18 0 3.8147e-07
      vertex -82.3234 5.39576 3.8147e-07
    endloop
  endfacet
  facet normal 0 0 -1
    outer loop
      vertex -78.1217 -26.5188 3.8147e-07
      vertex -66.3375 -35.1 3.8147e-07
      vertex -67.1658 -35.209 3.8147e-07
    endloop
  endfacet
  facet normal 0 0 -1
    outer loop
      vertex -18 0 3.8147e-07
      vertex -81.7942 10.7684 3.8147e-07
      vertex -64.7375 35.5287 3.8147e-07
    endloop
  endfacet
  facet normal 0 0 -1
    outer loop
      vertex -76.2201 -31.5714 3.8147e-07
      vertex -67.1658 -35.209 3.8147e-07
      vertex -67.9375 -35.5287 3.8147e-07
    endloop
  endfacet
  facet normal 0 -0 -1
    outer loop
      vertex -80.9148 16.095 3.8147e-07
      vertex -64.7375 35.5287 3.8147e-07
      vertex -81.7942 10.7684 3.8147e-07
    endloop
  endfacet
  facet normal 0 0 -1
    outer loop
      vertex -76.2201 -31.5714 3.8147e-07
      vertex -67.9375 -35.5287 3.8147e-07
      vertex -68.6003 -36.0373 3.8147e-07
    endloop
  endfacet
  facet normal 0 0 -1
    outer loop
      vertex -64.7375 35.5287 3.8147e-07
      vertex -80.9148 16.095 3.8147e-07
      vertex -65.5093 35.209 3.8147e-07
    endloop
  endfacet
  facet normal 0 0 -1
    outer loop
      vertex -73.992 -36.4888 3.8147e-07
      vertex -68.6003 -36.0373 3.8147e-07
      vertex -69.1088 -36.7 3.8147e-07
    endloop
  endfacet
  facet normal 0 -0 -1
    outer loop
      vertex -79.6889 21.3526 3.8147e-07
      vertex -65.5093 35.209 3.8147e-07
      vertex -80.9148 16.095 3.8147e-07
    endloop
  endfacet
  facet normal 0 0 -1
    outer loop
      vertex -73.992 -36.4888 3.8147e-07
      vertex -69.1088 -36.7 3.8147e-07
      vertex -69.4285 -37.4718 3.8147e-07
    endloop
  endfacet
  facet normal 0 0 -1
    outer loop
      vertex -65.5093 35.209 3.8147e-07
      vertex -79.6889 21.3526 3.8147e-07
      vertex -66.3375 35.1 3.8147e-07
    endloop
  endfacet
  facet normal 0 0 -1
    outer loop
      vertex -73.992 -36.4888 3.8147e-07
      vertex -69.4285 -37.4718 3.8147e-07
      vertex -69.5375 -38.3 3.8147e-07
    endloop
  endfacet
  facet normal 0 -0 -1
    outer loop
      vertex -78.1217 26.5188 3.8147e-07
      vertex -66.3375 35.1 3.8147e-07
      vertex -79.6889 21.3526 3.8147e-07
    endloop
  endfacet
  facet normal 0 0 -1
    outer loop
      vertex -54.396 62.0268 3.8147e-07
      vertex -63.2466 39.1282 3.8147e-07
      vertex -58.3363 58.3363 3.8147e-07
    endloop
  endfacet
  facet normal 0 0 -1
    outer loop
      vertex -58.3363 58.3363 3.8147e-07
      vertex -63.2466 39.1282 3.8147e-07
      vertex -62.0268 54.396 3.8147e-07
    endloop
  endfacet
  facet normal 0 0 -1
    outer loop
      vertex -63.5663 39.9 3.8147e-07
      vertex -62.0268 54.396 3.8147e-07
      vertex -63.2466 39.1282 3.8147e-07
    endloop
  endfacet
  facet normal 0 0 -1
    outer loop
      vertex -64.0748 40.5627 3.8147e-07
      vertex -62.0268 54.396 3.8147e-07
      vertex -63.5663 39.9 3.8147e-07
    endloop
  endfacet
  facet normal 0 0 -1
    outer loop
      vertex -65.4517 50.2228 3.8147e-07
      vertex -64.0748 40.5627 3.8147e-07
      vertex -64.7375 41.0713 3.8147e-07
    endloop
  endfacet
  facet normal 0 0 -1
    outer loop
      vertex -64.0748 40.5627 3.8147e-07
      vertex -65.4517 50.2228 3.8147e-07
      vertex -62.0268 54.396 3.8147e-07
    endloop
  endfacet
  facet normal 0 0 -1
    outer loop
      vertex -65.5093 41.391 3.8147e-07
      vertex -65.4517 50.2228 3.8147e-07
      vertex -64.7375 41.0713 3.8147e-07
    endloop
  endfacet
  facet normal 0 0 -1
    outer loop
      vertex -68.5962 45.8345 3.8147e-07
      vertex -65.5093 41.391 3.8147e-07
      vertex -66.3375 41.5 3.8147e-07
    endloop
  endfacet
  facet normal 0 0 -1
    outer loop
      vertex -68.5962 45.8345 3.8147e-07
      vertex -66.3375 41.5 3.8147e-07
      vertex -67.1658 41.391 3.8147e-07
    endloop
  endfacet
  facet normal 0 0 -1
    outer loop
      vertex -68.5962 45.8345 3.8147e-07
      vertex -67.1658 41.391 3.8147e-07
      vertex -67.9375 41.0713 3.8147e-07
    endloop
  endfacet
  facet normal 0 0 -1
    outer loop
      vertex -65.5093 41.391 3.8147e-07
      vertex -68.5962 45.8345 3.8147e-07
      vertex -65.4517 50.2228 3.8147e-07
    endloop
  endfacet
  facet normal 0 0 -1
    outer loop
      vertex -71.4471 41.25 3.8147e-07
      vertex -67.9375 41.0713 3.8147e-07
      vertex -68.6003 40.5627 3.8147e-07
    endloop
  endfacet
  facet normal 0 0 -1
    outer loop
      vertex -71.4471 41.25 3.8147e-07
      vertex -68.6003 40.5627 3.8147e-07
      vertex -69.1088 39.9 3.8147e-07
    endloop
  endfacet
  facet normal 0 0 -1
    outer loop
      vertex -71.4471 41.25 3.8147e-07
      vertex -69.1088 39.9 3.8147e-07
      vertex -69.4285 39.1282 3.8147e-07
    endloop
  endfacet
  facet normal 0 0 -1
    outer loop
      vertex -71.4471 41.25 3.8147e-07
      vertex -69.4285 39.1282 3.8147e-07
      vertex -69.5375 38.3 3.8147e-07
    endloop
  endfacet
  facet normal 0 0 -1
    outer loop
      vertex -67.9375 41.0713 3.8147e-07
      vertex -71.4471 41.25 3.8147e-07
      vertex -68.5962 45.8345 3.8147e-07
    endloop
  endfacet
  facet normal -0 0 -1
    outer loop
      vertex -68.6003 -36.0373 3.8147e-07
      vertex -73.992 -36.4888 3.8147e-07
      vertex -76.2201 -31.5714 3.8147e-07
    endloop
  endfacet
  facet normal 0 0 -1
    outer loop
      vertex -67.1658 -35.209 3.8147e-07
      vertex -76.2201 -31.5714 3.8147e-07
      vertex -78.1217 -26.5188 3.8147e-07
    endloop
  endfacet
  facet normal -0 0 -1
    outer loop
      vertex -69.5375 38.3 3.8147e-07
      vertex -73.992 36.4888 3.8147e-07
      vertex -71.4471 41.25 3.8147e-07
    endloop
  endfacet
  facet normal 0 0 -1
    outer loop
      vertex -66.3375 -35.1 3.8147e-07
      vertex -78.1217 -26.5188 3.8147e-07
      vertex -79.6889 -21.3526 3.8147e-07
    endloop
  endfacet
  facet normal -0 0 -1
    outer loop
      vertex -69.4285 37.4718 3.8147e-07
      vertex -73.992 36.4888 3.8147e-07
      vertex -69.5375 38.3 3.8147e-07
    endloop
  endfacet
  facet normal 0 0 -1
    outer loop
      vertex -65.5093 -35.209 3.8147e-07
      vertex -79.6889 -21.3526 3.8147e-07
      vertex -80.9148 -16.095 3.8147e-07
    endloop
  endfacet
  facet normal -0 0 -1
    outer loop
      vertex -69.1088 36.7 3.8147e-07
      vertex -73.992 36.4888 3.8147e-07
      vertex -69.4285 37.4718 3.8147e-07
    endloop
  endfacet
  facet normal 0 0 -1
    outer loop
      vertex -64.7375 -35.5287 3.8147e-07
      vertex -80.9148 -16.095 3.8147e-07
      vertex -81.7942 -10.7684 3.8147e-07
    endloop
  endfacet
  facet normal 0 0 -1
    outer loop
      vertex -68.6003 36.0373 3.8147e-07
      vertex -73.992 36.4888 3.8147e-07
      vertex -69.1088 36.7 3.8147e-07
    endloop
  endfacet
  facet normal -0 0 -1
    outer loop
      vertex -17.9615 -1.17726 3.8147e-07
      vertex -82.3234 -5.39576 3.8147e-07
      vertex -18 0 3.8147e-07
    endloop
  endfacet
  facet normal 0 -0 -1
    outer loop
      vertex -73.992 36.4888 3.8147e-07
      vertex -68.6003 36.0373 3.8147e-07
      vertex -76.2201 31.5714 3.8147e-07
    endloop
  endfacet
  facet normal -0 0 -1
    outer loop
      vertex -18 0 3.8147e-07
      vertex -82.3234 -5.39576 3.8147e-07
      vertex -82.5 0 3.8147e-07
    endloop
  endfacet
  facet normal -0 0 -1
    outer loop
      vertex -67.9375 35.5287 3.8147e-07
      vertex -76.2201 31.5714 3.8147e-07
      vertex -68.6003 36.0373 3.8147e-07
    endloop
  endfacet
  facet normal -0 0 -1
    outer loop
      vertex -66.3375 35.1 3.8147e-07
      vertex -78.1217 26.5188 3.8147e-07
      vertex -67.1658 35.209 3.8147e-07
    endloop
  endfacet
  facet normal -0 0 -1
    outer loop
      vertex -67.1658 35.209 3.8147e-07
      vertex -76.2201 31.5714 3.8147e-07
      vertex -67.9375 35.5287 3.8147e-07
    endloop
  endfacet
  facet normal 0 -0 -1
    outer loop
      vertex -76.2201 31.5714 3.8147e-07
      vertex -67.1658 35.209 3.8147e-07
      vertex -78.1217 26.5188 3.8147e-07
    endloop
  endfacet
  facet normal 0 0 -1
    outer loop
      vertex 10.7684 81.7942 3.8147e-07
      vertex 3.09096 75.7718 3.8147e-07
      vertex 3.2 76.6 3.8147e-07
    endloop
  endfacet
  facet normal 0 0 -1
    outer loop
      vertex 4.65874 17.3867 3.8147e-07
      vertex 2.77128 75 3.8147e-07
      vertex 3.09096 75.7718 3.8147e-07
    endloop
  endfacet
  facet normal 0 0 -1
    outer loop
      vertex 0.82822 73.509 3.8147e-07
      vertex 3.51163 17.6541 3.8147e-07
      vertex 2.34947 17.846 3.8147e-07
    endloop
  endfacet
  facet normal 0 0 -1
    outer loop
      vertex 4.65874 17.3867 3.8147e-07
      vertex 2.26274 74.3373 3.8147e-07
      vertex 2.77128 75 3.8147e-07
    endloop
  endfacet
  facet normal 0 0 -1
    outer loop
      vertex 4.65874 17.3867 3.8147e-07
      vertex 1.6 73.8287 3.8147e-07
      vertex 2.26274 74.3373 3.8147e-07
    endloop
  endfacet
  facet normal 0 0 -1
    outer loop
      vertex 4.65874 17.3867 3.8147e-07
      vertex 0.82822 73.509 3.8147e-07
      vertex 1.6 73.8287 3.8147e-07
    endloop
  endfacet
  facet normal 0 0 -1
    outer loop
      vertex 0.82822 73.509 3.8147e-07
      vertex 2.34947 17.846 3.8147e-07
      vertex 1.17726 17.9615 3.8147e-07
    endloop
  endfacet
  facet normal 0 0 -1
    outer loop
      vertex 0 73.4 3.8147e-07
      vertex 0.82822 73.509 3.8147e-07
      vertex 1.17726 17.9615 3.8147e-07
    endloop
  endfacet
  facet normal 0 0 -1
    outer loop
      vertex 0 73.4 3.8147e-07
      vertex 1.17726 17.9615 3.8147e-07
      vertex 0 18 3.8147e-07
    endloop
  endfacet
  facet normal 0 0 -1
    outer loop
      vertex -1.17726 17.9615 3.8147e-07
      vertex 0 73.4 3.8147e-07
      vertex 0 18 3.8147e-07
    endloop
  endfacet
  facet normal -0 0 -1
    outer loop
      vertex 0 73.4 3.8147e-07
      vertex -1.17726 17.9615 3.8147e-07
      vertex -0.82822 73.509 3.8147e-07
    endloop
  endfacet
  facet normal 0 0 -1
    outer loop
      vertex -2.34947 17.846 3.8147e-07
      vertex -0.82822 73.509 3.8147e-07
      vertex -1.17726 17.9615 3.8147e-07
    endloop
  endfacet
  facet normal 0 0 -1
    outer loop
      vertex -3.51163 17.6541 3.8147e-07
      vertex -0.82822 73.509 3.8147e-07
      vertex -2.34947 17.846 3.8147e-07
    endloop
  endfacet
  facet normal 0 0 -1
    outer loop
      vertex -4.65874 17.3867 3.8147e-07
      vertex -0.82822 73.509 3.8147e-07
      vertex -3.51163 17.6541 3.8147e-07
    endloop
  endfacet
  facet normal -0 0 -1
    outer loop
      vertex -0.82822 73.509 3.8147e-07
      vertex -4.65874 17.3867 3.8147e-07
      vertex -1.6 73.8287 3.8147e-07
    endloop
  endfacet
  facet normal 0 0 -1
    outer loop
      vertex -5.78591 17.0447 3.8147e-07
      vertex -1.6 73.8287 3.8147e-07
      vertex -4.65874 17.3867 3.8147e-07
    endloop
  endfacet
  facet normal 0 0 -1
    outer loop
      vertex -6.8883 16.6298 3.8147e-07
      vertex -1.6 73.8287 3.8147e-07
      vertex -5.78591 17.0447 3.8147e-07
    endloop
  endfacet
  facet normal 0 0 -1
    outer loop
      vertex -31.5714 76.2201 3.8147e-07
      vertex -1.6 73.8287 3.8147e-07
      vertex -6.8883 16.6298 3.8147e-07
    endloop
  endfacet
  facet normal 0 0 -1
    outer loop
      vertex 17.6541 3.51163 3.8147e-07
      vertex 33.5 5 3.8147e-07
      vertex 17.846 2.34947 3.8147e-07
    endloop
  endfacet
  facet normal -0 0 -1
    outer loop
      vertex 33.5 5 3.8147e-07
      vertex 17.6541 3.51163 3.8147e-07
      vertex 33.5 7 3.8147e-07
    endloop
  endfacet
  facet normal 0 0 -1
    outer loop
      vertex 17.3867 4.65874 3.8147e-07
      vertex 33.5 7 3.8147e-07
      vertex 17.6541 3.51163 3.8147e-07
    endloop
  endfacet
  facet normal 0 0 -1
    outer loop
      vertex 17.0447 5.78591 3.8147e-07
      vertex 33.5 7 3.8147e-07
      vertex 17.3867 4.65874 3.8147e-07
    endloop
  endfacet
  facet normal 0 0 -1
    outer loop
      vertex 16.6298 6.8883 3.8147e-07
      vertex 33.5 7 3.8147e-07
      vertex 17.0447 5.78591 3.8147e-07
    endloop
  endfacet
  facet normal 0 0 -1
    outer loop
      vertex 16.1437 7.9612 3.8147e-07
      vertex 33.5 7 3.8147e-07
      vertex 16.6298 6.8883 3.8147e-07
    endloop
  endfacet
  facet normal 0 0 -1
    outer loop
      vertex 15.5885 9 3.8147e-07
      vertex 33.5 7 3.8147e-07
      vertex 16.1437 7.9612 3.8147e-07
    endloop
  endfacet
  facet normal 0 0 -1
    outer loop
      vertex 14.9665 10.0003 3.8147e-07
      vertex 33.5 7 3.8147e-07
      vertex 15.5885 9 3.8147e-07
    endloop
  endfacet
  facet normal 0 0 -1
    outer loop
      vertex 14.2804 10.9577 3.8147e-07
      vertex 33.5 7 3.8147e-07
      vertex 14.9665 10.0003 3.8147e-07
    endloop
  endfacet
  facet normal 0 0 -1
    outer loop
      vertex 13.5331 11.8682 3.8147e-07
      vertex 33.5 7 3.8147e-07
      vertex 14.2804 10.9577 3.8147e-07
    endloop
  endfacet
  facet normal 0 0 -1
    outer loop
      vertex 12.7279 12.7279 3.8147e-07
      vertex 33.5 7 3.8147e-07
      vertex 13.5331 11.8682 3.8147e-07
    endloop
  endfacet
  facet normal 0 0 -1
    outer loop
      vertex 11.8682 13.5331 3.8147e-07
      vertex 33.5 7 3.8147e-07
      vertex 12.7279 12.7279 3.8147e-07
    endloop
  endfacet
  facet normal 0 0 -1
    outer loop
      vertex 10.9577 14.2804 3.8147e-07
      vertex 33.5 7 3.8147e-07
      vertex 11.8682 13.5331 3.8147e-07
    endloop
  endfacet
  facet normal 0 0 -1
    outer loop
      vertex 33.5 7 3.8147e-07
      vertex 10.9577 14.2804 3.8147e-07
      vertex 21.3526 79.6889 3.8147e-07
    endloop
  endfacet
  facet normal 0 0 -1
    outer loop
      vertex 10.0003 14.9665 3.8147e-07
      vertex 21.3526 79.6889 3.8147e-07
      vertex 10.9577 14.2804 3.8147e-07
    endloop
  endfacet
  facet normal 0 0 -1
    outer loop
      vertex 9 15.5885 3.8147e-07
      vertex 21.3526 79.6889 3.8147e-07
      vertex 10.0003 14.9665 3.8147e-07
    endloop
  endfacet
  facet normal 0 0 -1
    outer loop
      vertex 7.9612 16.1437 3.8147e-07
      vertex 21.3526 79.6889 3.8147e-07
      vertex 9 15.5885 3.8147e-07
    endloop
  endfacet
  facet normal 0 0 -1
    outer loop
      vertex 6.8883 16.6298 3.8147e-07
      vertex 21.3526 79.6889 3.8147e-07
      vertex 7.9612 16.1437 3.8147e-07
    endloop
  endfacet
  facet normal 0 0 -1
    outer loop
      vertex 3.09096 75.7718 3.8147e-07
      vertex 21.3526 79.6889 3.8147e-07
      vertex 6.8883 16.6298 3.8147e-07
    endloop
  endfacet
  facet normal 0 0 -1
    outer loop
      vertex 3.09096 75.7718 3.8147e-07
      vertex 16.095 80.9148 3.8147e-07
      vertex 21.3526 79.6889 3.8147e-07
    endloop
  endfacet
  facet normal 0 0 -1
    outer loop
      vertex 3.09096 75.7718 3.8147e-07
      vertex 6.8883 16.6298 3.8147e-07
      vertex 5.78591 17.0447 3.8147e-07
    endloop
  endfacet
  facet normal 0 0 -1
    outer loop
      vertex 3.09096 75.7718 3.8147e-07
      vertex 10.7684 81.7942 3.8147e-07
      vertex 16.095 80.9148 3.8147e-07
    endloop
  endfacet
  facet normal 0 0 -1
    outer loop
      vertex 3.09096 75.7718 3.8147e-07
      vertex 5.78591 17.0447 3.8147e-07
      vertex 4.65874 17.3867 3.8147e-07
    endloop
  endfacet
  facet normal 0 0 -1
    outer loop
      vertex 0.82822 73.509 3.8147e-07
      vertex 4.65874 17.3867 3.8147e-07
      vertex 3.51163 17.6541 3.8147e-07
    endloop
  endfacet
  facet normal 0 0 -1
    outer loop
      vertex 3.09096 77.4282 3.8147e-07
      vertex 10.7684 81.7942 3.8147e-07
      vertex 3.2 76.6 3.8147e-07
    endloop
  endfacet
  facet normal -0 0 -1
    outer loop
      vertex 10.7684 81.7942 3.8147e-07
      vertex 3.09096 77.4282 3.8147e-07
      vertex 5.39576 82.3234 3.8147e-07
    endloop
  endfacet
  facet normal 0 0 -1
    outer loop
      vertex 2.77128 78.2 3.8147e-07
      vertex 5.39576 82.3234 3.8147e-07
      vertex 3.09096 77.4282 3.8147e-07
    endloop
  endfacet
  facet normal 0 0 -1
    outer loop
      vertex 2.26274 78.8627 3.8147e-07
      vertex 5.39576 82.3234 3.8147e-07
      vertex 2.77128 78.2 3.8147e-07
    endloop
  endfacet
  facet normal 0 0 -1
    outer loop
      vertex 1.6 79.3713 3.8147e-07
      vertex 5.39576 82.3234 3.8147e-07
      vertex 2.26274 78.8627 3.8147e-07
    endloop
  endfacet
  facet normal 0 0 -1
    outer loop
      vertex 1.6 79.3713 3.8147e-07
      vertex 0.82822 79.691 3.8147e-07
      vertex 0 82.5 3.8147e-07
    endloop
  endfacet
  facet normal 0 0 -1
    outer loop
      vertex 0 82.5 3.8147e-07
      vertex 0.82822 79.691 3.8147e-07
      vertex 0 79.8 3.8147e-07
    endloop
  endfacet
  facet normal 0 0 -1
    outer loop
      vertex 1.6 79.3713 3.8147e-07
      vertex 0 82.5 3.8147e-07
      vertex 5.39576 82.3234 3.8147e-07
    endloop
  endfacet
  facet normal 0 0 -1
    outer loop
      vertex -0.82822 79.691 3.8147e-07
      vertex 0 82.5 3.8147e-07
      vertex 0 79.8 3.8147e-07
    endloop
  endfacet
  facet normal -0 0 -1
    outer loop
      vertex -0.82822 79.691 3.8147e-07
      vertex -1.6 79.3713 3.8147e-07
      vertex 0 82.5 3.8147e-07
    endloop
  endfacet
  facet normal 0 0 -1
    outer loop
      vertex -5.39576 82.3234 3.8147e-07
      vertex -1.6 79.3713 3.8147e-07
      vertex -2.26274 78.8627 3.8147e-07
    endloop
  endfacet
  facet normal 0 0 -1
    outer loop
      vertex -5.39576 82.3234 3.8147e-07
      vertex -2.26274 78.8627 3.8147e-07
      vertex -2.77128 78.2 3.8147e-07
    endloop
  endfacet
  facet normal 0 -0 -1
    outer loop
      vertex -26.5188 78.1217 3.8147e-07
      vertex -1.6 73.8287 3.8147e-07
      vertex -31.5714 76.2201 3.8147e-07
    endloop
  endfacet
  facet normal 0 0 -1
    outer loop
      vertex -1.6 79.3713 3.8147e-07
      vertex -5.39576 82.3234 3.8147e-07
      vertex 0 82.5 3.8147e-07
    endloop
  endfacet
  facet normal 0 0 -1
    outer loop
      vertex -3.09096 77.4282 3.8147e-07
      vertex -5.39576 82.3234 3.8147e-07
      vertex -2.77128 78.2 3.8147e-07
    endloop
  endfacet
  facet normal 0 0 -1
    outer loop
      vertex -10.7684 81.7942 3.8147e-07
      vertex -3.09096 77.4282 3.8147e-07
      vertex -3.2 76.6 3.8147e-07
    endloop
  endfacet
  facet normal 0 0 -1
    outer loop
      vertex -2.26274 74.3373 3.8147e-07
      vertex -21.3526 79.6889 3.8147e-07
      vertex -2.77128 75 3.8147e-07
    endloop
  endfacet
  facet normal 0 -0 -1
    outer loop
      vertex -16.095 80.9148 3.8147e-07
      vertex -2.77128 75 3.8147e-07
      vertex -21.3526 79.6889 3.8147e-07
    endloop
  endfacet
  facet normal 0 0 -1
    outer loop
      vertex -1.6 73.8287 3.8147e-07
      vertex -26.5188 78.1217 3.8147e-07
      vertex -2.26274 74.3373 3.8147e-07
    endloop
  endfacet
  facet normal 0 0 -1
    outer loop
      vertex -31.5714 76.2201 3.8147e-07
      vertex -6.8883 16.6298 3.8147e-07
      vertex -7.9612 16.1437 3.8147e-07
    endloop
  endfacet
  facet normal 0 0 -1
    outer loop
      vertex -36.4888 73.992 3.8147e-07
      vertex -7.9612 16.1437 3.8147e-07
      vertex -9 15.5885 3.8147e-07
    endloop
  endfacet
  facet normal 0 0 -1
    outer loop
      vertex -41.25 71.4471 3.8147e-07
      vertex -9 15.5885 3.8147e-07
      vertex -10.0003 14.9665 3.8147e-07
    endloop
  endfacet
  facet normal 0 0 -1
    outer loop
      vertex -3.09096 77.4282 3.8147e-07
      vertex -10.7684 81.7942 3.8147e-07
      vertex -5.39576 82.3234 3.8147e-07
    endloop
  endfacet
  facet normal 0 0 -1
    outer loop
      vertex -45.8345 68.5962 3.8147e-07
      vertex -10.0003 14.9665 3.8147e-07
      vertex -10.9577 14.2804 3.8147e-07
    endloop
  endfacet
  facet normal 0 0 -1
    outer loop
      vertex -63.1375 38.3 3.8147e-07
      vertex -10.9577 14.2804 3.8147e-07
      vertex -11.8682 13.5331 3.8147e-07
    endloop
  endfacet
  facet normal 0 0 -1
    outer loop
      vertex -63.1375 38.3 3.8147e-07
      vertex -11.8682 13.5331 3.8147e-07
      vertex -12.7279 12.7279 3.8147e-07
    endloop
  endfacet
  facet normal 0 0 -1
    outer loop
      vertex -63.1375 38.3 3.8147e-07
      vertex -12.7279 12.7279 3.8147e-07
      vertex -13.5331 11.8682 3.8147e-07
    endloop
  endfacet
  facet normal 0 0 -1
    outer loop
      vertex -63.1375 38.3 3.8147e-07
      vertex -13.5331 11.8682 3.8147e-07
      vertex -14.2804 10.9577 3.8147e-07
    endloop
  endfacet
  facet normal 0 0 -1
    outer loop
      vertex -63.1375 38.3 3.8147e-07
      vertex -14.2804 10.9577 3.8147e-07
      vertex -14.9665 10.0003 3.8147e-07
    endloop
  endfacet
  facet normal 0 0 -1
    outer loop
      vertex -63.1375 38.3 3.8147e-07
      vertex -14.9665 10.0003 3.8147e-07
      vertex -15.5885 9 3.8147e-07
    endloop
  endfacet
  facet normal 0 0 -1
    outer loop
      vertex -3.09096 75.7718 3.8147e-07
      vertex -10.7684 81.7942 3.8147e-07
      vertex -3.2 76.6 3.8147e-07
    endloop
  endfacet
  facet normal 0 0 -1
    outer loop
      vertex -63.1375 38.3 3.8147e-07
      vertex -15.5885 9 3.8147e-07
      vertex -16.1437 7.9612 3.8147e-07
    endloop
  endfacet
  facet normal 0 0 -1
    outer loop
      vertex -63.1375 38.3 3.8147e-07
      vertex -16.1437 7.9612 3.8147e-07
      vertex -16.6298 6.8883 3.8147e-07
    endloop
  endfacet
  facet normal 0 0 -1
    outer loop
      vertex -63.1375 38.3 3.8147e-07
      vertex -16.6298 6.8883 3.8147e-07
      vertex -17.0447 5.78591 3.8147e-07
    endloop
  endfacet
  facet normal 0 0 -1
    outer loop
      vertex -63.1375 38.3 3.8147e-07
      vertex -17.0447 5.78591 3.8147e-07
      vertex -17.3867 4.65874 3.8147e-07
    endloop
  endfacet
  facet normal 0 0 -1
    outer loop
      vertex -63.1375 38.3 3.8147e-07
      vertex -17.3867 4.65874 3.8147e-07
      vertex -17.6541 3.51163 3.8147e-07
    endloop
  endfacet
  facet normal 0 0 -1
    outer loop
      vertex -63.1375 38.3 3.8147e-07
      vertex -17.6541 3.51163 3.8147e-07
      vertex -17.846 2.34947 3.8147e-07
    endloop
  endfacet
  facet normal 0 0 -1
    outer loop
      vertex -18 0 3.8147e-07
      vertex -63.1375 38.3 3.8147e-07
      vertex -17.9615 1.17726 3.8147e-07
    endloop
  endfacet
  facet normal -0 0 -1
    outer loop
      vertex -17.3867 -4.65874 3.8147e-07
      vertex -64.7375 -35.5287 3.8147e-07
      vertex -17.6541 -3.51163 3.8147e-07
    endloop
  endfacet
  facet normal -0 0 -1
    outer loop
      vertex -14.9665 -10.0003 3.8147e-07
      vertex -63.5663 -36.7 3.8147e-07
      vertex -15.5885 -9 3.8147e-07
    endloop
  endfacet
  facet normal 0 0 -1
    outer loop
      vertex -17.9615 1.17726 3.8147e-07
      vertex -63.1375 38.3 3.8147e-07
      vertex -17.846 2.34947 3.8147e-07
    endloop
  endfacet
  facet normal -0 0 -1
    outer loop
      vertex -15.5885 -9 3.8147e-07
      vertex -63.5663 -36.7 3.8147e-07
      vertex -16.1437 -7.9612 3.8147e-07
    endloop
  endfacet
  facet normal 0 -0 -1
    outer loop
      vertex -10.7684 81.7942 3.8147e-07
      vertex -3.09096 75.7718 3.8147e-07
      vertex -16.095 80.9148 3.8147e-07
    endloop
  endfacet
  facet normal -0 0 -1
    outer loop
      vertex -16.1437 -7.9612 3.8147e-07
      vertex -64.0748 -36.0373 3.8147e-07
      vertex -16.6298 -6.8883 3.8147e-07
    endloop
  endfacet
  facet normal 0 0 -1
    outer loop
      vertex -2.77128 75 3.8147e-07
      vertex -16.095 80.9148 3.8147e-07
      vertex -3.09096 75.7718 3.8147e-07
    endloop
  endfacet
  facet normal -0 0 -1
    outer loop
      vertex -16.6298 -6.8883 3.8147e-07
      vertex -64.0748 -36.0373 3.8147e-07
      vertex -17.0447 -5.78591 3.8147e-07
    endloop
  endfacet
  facet normal 0 -0 -1
    outer loop
      vertex -21.3526 79.6889 3.8147e-07
      vertex -2.26274 74.3373 3.8147e-07
      vertex -26.5188 78.1217 3.8147e-07
    endloop
  endfacet
  facet normal -0 0 -1
    outer loop
      vertex -17.0447 -5.78591 3.8147e-07
      vertex -64.0748 -36.0373 3.8147e-07
      vertex -17.3867 -4.65874 3.8147e-07
    endloop
  endfacet
  facet normal 0 0 -1
    outer loop
      vertex -7.9612 16.1437 3.8147e-07
      vertex -36.4888 73.992 3.8147e-07
      vertex -31.5714 76.2201 3.8147e-07
    endloop
  endfacet
  facet normal 0 0 -1
    outer loop
      vertex -64.7375 -35.5287 3.8147e-07
      vertex -17.3867 -4.65874 3.8147e-07
      vertex -64.0748 -36.0373 3.8147e-07
    endloop
  endfacet
  facet normal 0 0 -1
    outer loop
      vertex -9 15.5885 3.8147e-07
      vertex -41.25 71.4471 3.8147e-07
      vertex -36.4888 73.992 3.8147e-07
    endloop
  endfacet
  facet normal 0 0 -1
    outer loop
      vertex -64.0748 -36.0373 3.8147e-07
      vertex -16.1437 -7.9612 3.8147e-07
      vertex -63.5663 -36.7 3.8147e-07
    endloop
  endfacet
  facet normal 0 0 -1
    outer loop
      vertex -10.0003 14.9665 3.8147e-07
      vertex -45.8345 68.5962 3.8147e-07
      vertex -41.25 71.4471 3.8147e-07
    endloop
  endfacet
  facet normal 0 0 -1
    outer loop
      vertex -63.1375 -38.3 3.8147e-07
      vertex -50.2228 -65.4517 3.8147e-07
      vertex -54.396 -62.0268 3.8147e-07
    endloop
  endfacet
  facet normal 0 0 -1
    outer loop
      vertex -10.9577 14.2804 3.8147e-07
      vertex -50.2228 65.4517 3.8147e-07
      vertex -45.8345 68.5962 3.8147e-07
    endloop
  endfacet
  facet normal 0 0 -1
    outer loop
      vertex -63.2466 -39.1282 3.8147e-07
      vertex -54.396 -62.0268 3.8147e-07
      vertex -58.3363 -58.3363 3.8147e-07
    endloop
  endfacet
  facet normal 0 0 -1
    outer loop
      vertex -10.9577 14.2804 3.8147e-07
      vertex -63.1375 38.3 3.8147e-07
      vertex -50.2228 65.4517 3.8147e-07
    endloop
  endfacet
  facet normal 0 0 -1
    outer loop
      vertex -63.2466 -39.1282 3.8147e-07
      vertex -58.3363 -58.3363 3.8147e-07
      vertex -62.0268 -54.396 3.8147e-07
    endloop
  endfacet
  facet normal 0 0 -1
    outer loop
      vertex -50.2228 65.4517 3.8147e-07
      vertex -63.1375 38.3 3.8147e-07
      vertex -54.396 62.0268 3.8147e-07
    endloop
  endfacet
  facet normal 0 0 -1
    outer loop
      vertex -63.2466 39.1282 3.8147e-07
      vertex -54.396 62.0268 3.8147e-07
      vertex -63.1375 38.3 3.8147e-07
    endloop
  endfacet
  facet normal 0 0 -1
    outer loop
      vertex -54.396 -62.0268 3.8147e-07
      vertex -63.2466 -39.1282 3.8147e-07
      vertex -63.1375 -38.3 3.8147e-07
    endloop
  endfacet
  facet normal 0 0 -1
    outer loop
      vertex -62.0268 -54.396 3.8147e-07
      vertex -63.5663 -39.9 3.8147e-07
      vertex -63.2466 -39.1282 3.8147e-07
    endloop
  endfacet
  facet normal 0 0 -1
    outer loop
      vertex -62.0268 -54.396 3.8147e-07
      vertex -64.0748 -40.5627 3.8147e-07
      vertex -63.5663 -39.9 3.8147e-07
    endloop
  endfacet
  facet normal 0 0 -1
    outer loop
      vertex -65.4517 -50.2228 3.8147e-07
      vertex -64.0748 -40.5627 3.8147e-07
      vertex -62.0268 -54.396 3.8147e-07
    endloop
  endfacet
  facet normal 0 0 -1
    outer loop
      vertex -64.0748 -40.5627 3.8147e-07
      vertex -65.4517 -50.2228 3.8147e-07
      vertex -64.7375 -41.0713 3.8147e-07
    endloop
  endfacet
  facet normal 0 0 -1
    outer loop
      vertex -65.4517 -50.2228 3.8147e-07
      vertex -65.5093 -41.391 3.8147e-07
      vertex -64.7375 -41.0713 3.8147e-07
    endloop
  endfacet
  facet normal 0 0 -1
    outer loop
      vertex -68.5962 -45.8345 3.8147e-07
      vertex -65.5093 -41.391 3.8147e-07
      vertex -65.4517 -50.2228 3.8147e-07
    endloop
  endfacet
  facet normal 0 0 -1
    outer loop
      vertex -65.5093 -41.391 3.8147e-07
      vertex -68.5962 -45.8345 3.8147e-07
      vertex -66.3375 -41.5 3.8147e-07
    endloop
  endfacet
  facet normal -0 0 -1
    outer loop
      vertex -66.3375 -41.5 3.8147e-07
      vertex -68.5962 -45.8345 3.8147e-07
      vertex -67.1658 -41.391 3.8147e-07
    endloop
  endfacet
  facet normal -0 0 -1
    outer loop
      vertex -67.1658 -41.391 3.8147e-07
      vertex -68.5962 -45.8345 3.8147e-07
      vertex -67.9375 -41.0713 3.8147e-07
    endloop
  endfacet
  facet normal 0 0 -1
    outer loop
      vertex -71.4471 -41.25 3.8147e-07
      vertex -67.9375 -41.0713 3.8147e-07
      vertex -68.5962 -45.8345 3.8147e-07
    endloop
  endfacet
  facet normal -0 0 -1
    outer loop
      vertex -67.9375 -41.0713 3.8147e-07
      vertex -71.4471 -41.25 3.8147e-07
      vertex -68.6003 -40.5627 3.8147e-07
    endloop
  endfacet
  facet normal -0 0 -1
    outer loop
      vertex -68.6003 -40.5627 3.8147e-07
      vertex -71.4471 -41.25 3.8147e-07
      vertex -69.1088 -39.9 3.8147e-07
    endloop
  endfacet
  facet normal -0 0 -1
    outer loop
      vertex -69.1088 -39.9 3.8147e-07
      vertex -71.4471 -41.25 3.8147e-07
      vertex -69.4285 -39.1282 3.8147e-07
    endloop
  endfacet
  facet normal 0 0 -1
    outer loop
      vertex -73.992 -36.4888 3.8147e-07
      vertex -69.5375 -38.3 3.8147e-07
      vertex -71.4471 -41.25 3.8147e-07
    endloop
  endfacet
  facet normal -0 0 -1
    outer loop
      vertex -69.4285 -39.1282 3.8147e-07
      vertex -71.4471 -41.25 3.8147e-07
      vertex -69.5375 -38.3 3.8147e-07
    endloop
  endfacet
  facet normal 0 0 -1
    outer loop
      vertex 31.5714 -76.2201 3.8147e-07
      vertex 1.6 -73.8287 3.8147e-07
      vertex 6.8883 -16.6298 3.8147e-07
    endloop
  endfacet
  facet normal 0 0 -1
    outer loop
      vertex 6.8883 -16.6298 3.8147e-07
      vertex 1.6 -73.8287 3.8147e-07
      vertex 5.78591 -17.0447 3.8147e-07
    endloop
  endfacet
  facet normal 0 0 -1
    outer loop
      vertex 5.78591 -17.0447 3.8147e-07
      vertex 1.6 -73.8287 3.8147e-07
      vertex 4.65874 -17.3867 3.8147e-07
    endloop
  endfacet
  facet normal 0 0 -1
    outer loop
      vertex 0.82822 -73.509 3.8147e-07
      vertex 4.65874 -17.3867 3.8147e-07
      vertex 1.6 -73.8287 3.8147e-07
    endloop
  endfacet
  facet normal 0 0 -1
    outer loop
      vertex 4.65874 -17.3867 3.8147e-07
      vertex 0.82822 -73.509 3.8147e-07
      vertex 3.51163 -17.6541 3.8147e-07
    endloop
  endfacet
  facet normal 0 0 -1
    outer loop
      vertex 3.51163 -17.6541 3.8147e-07
      vertex 0.82822 -73.509 3.8147e-07
      vertex 2.34947 -17.846 3.8147e-07
    endloop
  endfacet
  facet normal 0 0 -1
    outer loop
      vertex 2.34947 -17.846 3.8147e-07
      vertex 0.82822 -73.509 3.8147e-07
      vertex 1.17726 -17.9615 3.8147e-07
    endloop
  endfacet
  facet normal 0 0 -1
    outer loop
      vertex 0.82822 -73.509 3.8147e-07
      vertex 0 -73.4 3.8147e-07
      vertex 1.17726 -17.9615 3.8147e-07
    endloop
  endfacet
  facet normal 0 0 -1
    outer loop
      vertex 0 -73.4 3.8147e-07
      vertex 0 -18 3.8147e-07
      vertex 1.17726 -17.9615 3.8147e-07
    endloop
  endfacet
  facet normal 0 0 -1
    outer loop
      vertex -1.17726 -17.9615 3.8147e-07
      vertex 0 -73.4 3.8147e-07
      vertex -0.82822 -73.509 3.8147e-07
    endloop
  endfacet
  facet normal 0 0 -1
    outer loop
      vertex 0 -73.4 3.8147e-07
      vertex -1.17726 -17.9615 3.8147e-07
      vertex 0 -18 3.8147e-07
    endloop
  endfacet
  facet normal 0 0 -1
    outer loop
      vertex -4.65874 -17.3867 3.8147e-07
      vertex -0.82822 -73.509 3.8147e-07
      vertex -1.6 -73.8287 3.8147e-07
    endloop
  endfacet
  facet normal 0 0 -1
    outer loop
      vertex -26.5188 -78.1217 3.8147e-07
      vertex -2.26274 -74.3373 3.8147e-07
      vertex -21.3526 -79.6889 3.8147e-07
    endloop
  endfacet
  facet normal 0 0 -1
    outer loop
      vertex -0.82822 -73.509 3.8147e-07
      vertex -2.34947 -17.846 3.8147e-07
      vertex -1.17726 -17.9615 3.8147e-07
    endloop
  endfacet
  facet normal 0 0 -1
    outer loop
      vertex -21.3526 -79.6889 3.8147e-07
      vertex -2.26274 -74.3373 3.8147e-07
      vertex -2.77128 -75 3.8147e-07
    endloop
  endfacet
  facet normal 0 0 -1
    outer loop
      vertex -16.095 -80.9148 3.8147e-07
      vertex -2.77128 -75 3.8147e-07
      vertex -3.09096 -75.7718 3.8147e-07
    endloop
  endfacet
  facet normal 0 0 -1
    outer loop
      vertex -10.7684 -81.7942 3.8147e-07
      vertex -3.09096 -75.7718 3.8147e-07
      vertex -3.2 -76.6 3.8147e-07
    endloop
  endfacet
  facet normal 0 0 -1
    outer loop
      vertex -0.82822 -73.509 3.8147e-07
      vertex -3.51163 -17.6541 3.8147e-07
      vertex -2.34947 -17.846 3.8147e-07
    endloop
  endfacet
  facet normal 0 0 -1
    outer loop
      vertex 33.5 1 3.8147e-07
      vertex 53.5 5 3.8147e-07
      vertex 53.5 1 3.8147e-07
    endloop
  endfacet
  facet normal -0 0 -1
    outer loop
      vertex 53.5 5 3.8147e-07
      vertex 33.5 1 3.8147e-07
      vertex 33.5 5 3.8147e-07
    endloop
  endfacet
  facet normal 0 0 -1
    outer loop
      vertex 33.5 -5 3.8147e-07
      vertex 53.5 -1 3.8147e-07
      vertex 53.5 -5 3.8147e-07
    endloop
  endfacet
  facet normal -0 0 -1
    outer loop
      vertex 53.5 -1 3.8147e-07
      vertex 33.5 -5 3.8147e-07
      vertex 33.5 -1 3.8147e-07
    endloop
  endfacet
  facet normal -0 0 -1
    outer loop
      vertex 65.5093 35.209 3.8147e-07
      vertex 53.5 7 3.8147e-07
      vertex 64.7375 35.5287 3.8147e-07
    endloop
  endfacet
  facet normal -0 0 -1
    outer loop
      vertex 64.7375 35.5287 3.8147e-07
      vertex 53.5 7 3.8147e-07
      vertex 64.0748 36.0373 3.8147e-07
    endloop
  endfacet
  facet normal -0 0 -1
    outer loop
      vertex 64.0748 36.0373 3.8147e-07
      vertex 53.5 7 3.8147e-07
      vertex 63.5663 36.7 3.8147e-07
    endloop
  endfacet
  facet normal 0 0 -1
    outer loop
      vertex 33.5 7 3.8147e-07
      vertex 63.5663 36.7 3.8147e-07
      vertex 53.5 7 3.8147e-07
    endloop
  endfacet
  facet normal -0 0 -1
    outer loop
      vertex 63.5663 36.7 3.8147e-07
      vertex 33.5 7 3.8147e-07
      vertex 63.2466 37.4718 3.8147e-07
    endloop
  endfacet
  facet normal 0 -0 -1
    outer loop
      vertex 50.2228 65.4517 3.8147e-07
      vertex 63.2466 37.4718 3.8147e-07
      vertex 33.5 7 3.8147e-07
    endloop
  endfacet
  facet normal 0 0 -1
    outer loop
      vertex 63.2466 37.4718 3.8147e-07
      vertex 50.2228 65.4517 3.8147e-07
      vertex 54.396 62.0268 3.8147e-07
    endloop
  endfacet
  facet normal -0 0 -1
    outer loop
      vertex 50.2228 65.4517 3.8147e-07
      vertex 33.5 7 3.8147e-07
      vertex 45.8345 68.5962 3.8147e-07
    endloop
  endfacet
  facet normal -0 0 -1
    outer loop
      vertex 45.8345 68.5962 3.8147e-07
      vertex 33.5 7 3.8147e-07
      vertex 41.25 71.4471 3.8147e-07
    endloop
  endfacet
  facet normal -0 0 -1
    outer loop
      vertex 41.25 71.4471 3.8147e-07
      vertex 33.5 7 3.8147e-07
      vertex 36.4888 73.992 3.8147e-07
    endloop
  endfacet
  facet normal 0 0 -1
    outer loop
      vertex 33.5 7 3.8147e-07
      vertex 31.5714 76.2201 3.8147e-07
      vertex 36.4888 73.992 3.8147e-07
    endloop
  endfacet
  facet normal 0 -0 -1
    outer loop
      vertex 17.3867 -4.65874 3.8147e-07
      vertex 33.5 -7 3.8147e-07
      vertex 17.0447 -5.78591 3.8147e-07
    endloop
  endfacet
  facet normal 0 0 -1
    outer loop
      vertex 21.3526 -79.6889 3.8147e-07
      vertex 2.26274 -74.3373 3.8147e-07
      vertex 26.5188 -78.1217 3.8147e-07
    endloop
  endfacet
  facet normal 0 0 -1
    outer loop
      vertex 33.5 1 3.8147e-07
      vertex 17.846 2.34947 3.8147e-07
      vertex 33.5 5 3.8147e-07
    endloop
  endfacet
  facet normal 0 0 -1
    outer loop
      vertex 2.77128 -75 3.8147e-07
      vertex 16.095 -80.9148 3.8147e-07
      vertex 3.09096 -75.7718 3.8147e-07
    endloop
  endfacet
  facet normal 0 0 -1
    outer loop
      vertex 33.5 7 3.8147e-07
      vertex 26.5188 78.1217 3.8147e-07
      vertex 31.5714 76.2201 3.8147e-07
    endloop
  endfacet
  facet normal 0 0 -1
    outer loop
      vertex 33.5 7 3.8147e-07
      vertex 21.3526 79.6889 3.8147e-07
      vertex 26.5188 78.1217 3.8147e-07
    endloop
  endfacet
  facet normal 0 0 -1
    outer loop
      vertex 17.846 2.34947 3.8147e-07
      vertex 33.5 1 3.8147e-07
      vertex 17.9615 1.17726 3.8147e-07
    endloop
  endfacet
  facet normal 0 0 -1
    outer loop
      vertex 17.9615 1.17726 3.8147e-07
      vertex 33.5 1 3.8147e-07
      vertex 18 0 3.8147e-07
    endloop
  endfacet
  facet normal 0 0 -1
    outer loop
      vertex 33.5 -1 3.8147e-07
      vertex 18 0 3.8147e-07
      vertex 33.5 1 3.8147e-07
    endloop
  endfacet
  facet normal 0 -0 -1
    outer loop
      vertex 18 0 3.8147e-07
      vertex 33.5 -1 3.8147e-07
      vertex 17.9615 -1.17726 3.8147e-07
    endloop
  endfacet
  facet normal 0 -0 -1
    outer loop
      vertex 17.9615 -1.17726 3.8147e-07
      vertex 33.5 -1 3.8147e-07
      vertex 17.846 -2.34947 3.8147e-07
    endloop
  endfacet
  facet normal 0 0 -1
    outer loop
      vertex 33.5 -5 3.8147e-07
      vertex 17.846 -2.34947 3.8147e-07
      vertex 33.5 -1 3.8147e-07
    endloop
  endfacet
  facet normal 0 -0 -1
    outer loop
      vertex 17.846 -2.34947 3.8147e-07
      vertex 33.5 -5 3.8147e-07
      vertex 17.6541 -3.51163 3.8147e-07
    endloop
  endfacet
  facet normal 0 0 -1
    outer loop
      vertex 10.7684 -81.7942 3.8147e-07
      vertex 3.09096 -75.7718 3.8147e-07
      vertex 16.095 -80.9148 3.8147e-07
    endloop
  endfacet
  facet normal 0 -0 -1
    outer loop
      vertex 17.6541 -3.51163 3.8147e-07
      vertex 33.5 -5 3.8147e-07
      vertex 17.3867 -4.65874 3.8147e-07
    endloop
  endfacet
  facet normal 0 0 -1
    outer loop
      vertex 33.5 -7 3.8147e-07
      vertex 17.3867 -4.65874 3.8147e-07
      vertex 33.5 -5 3.8147e-07
    endloop
  endfacet
  facet normal 0 0 -1
    outer loop
      vertex 31.5714 -76.2201 3.8147e-07
      vertex 14.2804 -10.9577 3.8147e-07
      vertex 14.9665 -10.0003 3.8147e-07
    endloop
  endfacet
  facet normal 0 0 -1
    outer loop
      vertex 31.5714 -76.2201 3.8147e-07
      vertex 13.5331 -11.8682 3.8147e-07
      vertex 14.2804 -10.9577 3.8147e-07
    endloop
  endfacet
  facet normal 0 0 -1
    outer loop
      vertex 31.5714 -76.2201 3.8147e-07
      vertex 12.7279 -12.7279 3.8147e-07
      vertex 13.5331 -11.8682 3.8147e-07
    endloop
  endfacet
  facet normal 0 0 -1
    outer loop
      vertex 31.5714 -76.2201 3.8147e-07
      vertex 11.8682 -13.5331 3.8147e-07
      vertex 12.7279 -12.7279 3.8147e-07
    endloop
  endfacet
  facet normal 0 0 -1
    outer loop
      vertex 31.5714 -76.2201 3.8147e-07
      vertex 10.9577 -14.2804 3.8147e-07
      vertex 11.8682 -13.5331 3.8147e-07
    endloop
  endfacet
  facet normal 0 0 -1
    outer loop
      vertex 3.09096 -75.7718 3.8147e-07
      vertex 10.7684 -81.7942 3.8147e-07
      vertex 3.2 -76.6 3.8147e-07
    endloop
  endfacet
  facet normal 0 0 -1
    outer loop
      vertex 31.5714 -76.2201 3.8147e-07
      vertex 10.0003 -14.9665 3.8147e-07
      vertex 10.9577 -14.2804 3.8147e-07
    endloop
  endfacet
  facet normal 0 0 -1
    outer loop
      vertex 31.5714 -76.2201 3.8147e-07
      vertex 9 -15.5885 3.8147e-07
      vertex 10.0003 -14.9665 3.8147e-07
    endloop
  endfacet
  facet normal 0 0 -1
    outer loop
      vertex 16.095 -80.9148 3.8147e-07
      vertex 2.77128 -75 3.8147e-07
      vertex 21.3526 -79.6889 3.8147e-07
    endloop
  endfacet
  facet normal 0 0 -1
    outer loop
      vertex 31.5714 -76.2201 3.8147e-07
      vertex 7.9612 -16.1437 3.8147e-07
      vertex 9 -15.5885 3.8147e-07
    endloop
  endfacet
  facet normal 0 0 -1
    outer loop
      vertex 31.5714 -76.2201 3.8147e-07
      vertex 6.8883 -16.6298 3.8147e-07
      vertex 7.9612 -16.1437 3.8147e-07
    endloop
  endfacet
  facet normal 0 0 -1
    outer loop
      vertex 3.09096 -77.4282 3.8147e-07
      vertex 10.7684 -81.7942 3.8147e-07
      vertex 5.39576 -82.3234 3.8147e-07
    endloop
  endfacet
  facet normal 0 0 -1
    outer loop
      vertex 1.6 -73.8287 3.8147e-07
      vertex 26.5188 -78.1217 3.8147e-07
      vertex 2.26274 -74.3373 3.8147e-07
    endloop
  endfacet
  facet normal 0 0 -1
    outer loop
      vertex 2.26274 -74.3373 3.8147e-07
      vertex 21.3526 -79.6889 3.8147e-07
      vertex 2.77128 -75 3.8147e-07
    endloop
  endfacet
  facet normal 0 0 -1
    outer loop
      vertex 26.5188 -78.1217 3.8147e-07
      vertex 1.6 -73.8287 3.8147e-07
      vertex 31.5714 -76.2201 3.8147e-07
    endloop
  endfacet
  facet normal 0 0 -1
    outer loop
      vertex 10.7684 -81.7942 3.8147e-07
      vertex 3.09096 -77.4282 3.8147e-07
      vertex 3.2 -76.6 3.8147e-07
    endloop
  endfacet
  facet normal 0 0 -1
    outer loop
      vertex 5.39576 -82.3234 3.8147e-07
      vertex 2.77128 -78.2 3.8147e-07
      vertex 3.09096 -77.4282 3.8147e-07
    endloop
  endfacet
  facet normal 0 0 -1
    outer loop
      vertex 5.39576 -82.3234 3.8147e-07
      vertex 2.26274 -78.8627 3.8147e-07
      vertex 2.77128 -78.2 3.8147e-07
    endloop
  endfacet
  facet normal 0 0 -1
    outer loop
      vertex 5.39576 -82.3234 3.8147e-07
      vertex 1.6 -79.3713 3.8147e-07
      vertex 2.26274 -78.8627 3.8147e-07
    endloop
  endfacet
  facet normal 0 0 -1
    outer loop
      vertex 0 -82.5 3.8147e-07
      vertex 1.6 -79.3713 3.8147e-07
      vertex 5.39576 -82.3234 3.8147e-07
    endloop
  endfacet
  facet normal 0 -0 -1
    outer loop
      vertex 0.82822 -79.691 3.8147e-07
      vertex 1.6 -79.3713 3.8147e-07
      vertex 0 -82.5 3.8147e-07
    endloop
  endfacet
  facet normal 0 0 -1
    outer loop
      vertex 0 -82.5 3.8147e-07
      vertex 0 -79.8 3.8147e-07
      vertex 0.82822 -79.691 3.8147e-07
    endloop
  endfacet
  facet normal 0 0 -1
    outer loop
      vertex 0 -82.5 3.8147e-07
      vertex -0.82822 -79.691 3.8147e-07
      vertex 0 -79.8 3.8147e-07
    endloop
  endfacet
  facet normal 0 0 -1
    outer loop
      vertex -1.6 -79.3713 3.8147e-07
      vertex -0.82822 -79.691 3.8147e-07
      vertex 0 -82.5 3.8147e-07
    endloop
  endfacet
  facet normal 0 0 -1
    outer loop
      vertex -5.39576 -82.3234 3.8147e-07
      vertex -1.6 -79.3713 3.8147e-07
      vertex 0 -82.5 3.8147e-07
    endloop
  endfacet
  facet normal -0 0 -1
    outer loop
      vertex -1.6 -79.3713 3.8147e-07
      vertex -5.39576 -82.3234 3.8147e-07
      vertex -2.26274 -78.8627 3.8147e-07
    endloop
  endfacet
  facet normal 0 0 -1
    outer loop
      vertex -0.82822 -73.509 3.8147e-07
      vertex -4.65874 -17.3867 3.8147e-07
      vertex -3.51163 -17.6541 3.8147e-07
    endloop
  endfacet
  facet normal -0 0 -1
    outer loop
      vertex -2.26274 -78.8627 3.8147e-07
      vertex -5.39576 -82.3234 3.8147e-07
      vertex -2.77128 -78.2 3.8147e-07
    endloop
  endfacet
  facet normal 0 0 -1
    outer loop
      vertex -5.39576 -82.3234 3.8147e-07
      vertex -3.09096 -77.4282 3.8147e-07
      vertex -2.77128 -78.2 3.8147e-07
    endloop
  endfacet
  facet normal 0 0 -1
    outer loop
      vertex -10.7684 -81.7942 3.8147e-07
      vertex -3.09096 -77.4282 3.8147e-07
      vertex -5.39576 -82.3234 3.8147e-07
    endloop
  endfacet
  facet normal -0 0 -1
    outer loop
      vertex -3.09096 -77.4282 3.8147e-07
      vertex -10.7684 -81.7942 3.8147e-07
      vertex -3.2 -76.6 3.8147e-07
    endloop
  endfacet
  facet normal 0 0 -1
    outer loop
      vertex -3.09096 -75.7718 3.8147e-07
      vertex -10.7684 -81.7942 3.8147e-07
      vertex -16.095 -80.9148 3.8147e-07
    endloop
  endfacet
  facet normal 0 0 -1
    outer loop
      vertex -2.77128 -75 3.8147e-07
      vertex -16.095 -80.9148 3.8147e-07
      vertex -21.3526 -79.6889 3.8147e-07
    endloop
  endfacet
  facet normal -0 0 -1
    outer loop
      vertex -2.26274 -74.3373 3.8147e-07
      vertex -26.5188 -78.1217 3.8147e-07
      vertex -1.6 -73.8287 3.8147e-07
    endloop
  endfacet
  facet normal 0 0 -1
    outer loop
      vertex -1.6 -73.8287 3.8147e-07
      vertex -5.78591 -17.0447 3.8147e-07
      vertex -4.65874 -17.3867 3.8147e-07
    endloop
  endfacet
  facet normal 0 0 -1
    outer loop
      vertex -1.6 -73.8287 3.8147e-07
      vertex -6.8883 -16.6298 3.8147e-07
      vertex -5.78591 -17.0447 3.8147e-07
    endloop
  endfacet
  facet normal 0 0 -1
    outer loop
      vertex -31.5714 -76.2201 3.8147e-07
      vertex -1.6 -73.8287 3.8147e-07
      vertex -26.5188 -78.1217 3.8147e-07
    endloop
  endfacet
  facet normal -0 0 -1
    outer loop
      vertex -1.6 -73.8287 3.8147e-07
      vertex -31.5714 -76.2201 3.8147e-07
      vertex -6.8883 -16.6298 3.8147e-07
    endloop
  endfacet
  facet normal -0 0 -1
    outer loop
      vertex -6.8883 -16.6298 3.8147e-07
      vertex -31.5714 -76.2201 3.8147e-07
      vertex -7.9612 -16.1437 3.8147e-07
    endloop
  endfacet
  facet normal 0 0 -1
    outer loop
      vertex -36.4888 -73.992 3.8147e-07
      vertex -7.9612 -16.1437 3.8147e-07
      vertex -31.5714 -76.2201 3.8147e-07
    endloop
  endfacet
  facet normal -0 0 -1
    outer loop
      vertex -7.9612 -16.1437 3.8147e-07
      vertex -36.4888 -73.992 3.8147e-07
      vertex -9 -15.5885 3.8147e-07
    endloop
  endfacet
  facet normal 0 0 -1
    outer loop
      vertex -41.25 -71.4471 3.8147e-07
      vertex -9 -15.5885 3.8147e-07
      vertex -36.4888 -73.992 3.8147e-07
    endloop
  endfacet
  facet normal -0 0 -1
    outer loop
      vertex -9 -15.5885 3.8147e-07
      vertex -41.25 -71.4471 3.8147e-07
      vertex -10.0003 -14.9665 3.8147e-07
    endloop
  endfacet
  facet normal 0 0 -1
    outer loop
      vertex -45.8345 -68.5962 3.8147e-07
      vertex -10.0003 -14.9665 3.8147e-07
      vertex -41.25 -71.4471 3.8147e-07
    endloop
  endfacet
  facet normal -0 0 -1
    outer loop
      vertex -10.0003 -14.9665 3.8147e-07
      vertex -45.8345 -68.5962 3.8147e-07
      vertex -10.9577 -14.2804 3.8147e-07
    endloop
  endfacet
  facet normal 0 0 -1
    outer loop
      vertex -50.2228 -65.4517 3.8147e-07
      vertex -10.9577 -14.2804 3.8147e-07
      vertex -45.8345 -68.5962 3.8147e-07
    endloop
  endfacet
  facet normal 0 0 -1
    outer loop
      vertex -63.1375 -38.3 3.8147e-07
      vertex -10.9577 -14.2804 3.8147e-07
      vertex -50.2228 -65.4517 3.8147e-07
    endloop
  endfacet
  facet normal -0 0 -1
    outer loop
      vertex -10.9577 -14.2804 3.8147e-07
      vertex -63.1375 -38.3 3.8147e-07
      vertex -11.8682 -13.5331 3.8147e-07
    endloop
  endfacet
  facet normal -0 0 -1
    outer loop
      vertex -11.8682 -13.5331 3.8147e-07
      vertex -63.1375 -38.3 3.8147e-07
      vertex -12.7279 -12.7279 3.8147e-07
    endloop
  endfacet
  facet normal 0 0 -1
    outer loop
      vertex -63.2466 -37.4718 3.8147e-07
      vertex -12.7279 -12.7279 3.8147e-07
      vertex -63.1375 -38.3 3.8147e-07
    endloop
  endfacet
  facet normal -0 0 -1
    outer loop
      vertex -12.7279 -12.7279 3.8147e-07
      vertex -63.2466 -37.4718 3.8147e-07
      vertex -13.5331 -11.8682 3.8147e-07
    endloop
  endfacet
  facet normal -0 0 -1
    outer loop
      vertex -13.5331 -11.8682 3.8147e-07
      vertex -63.2466 -37.4718 3.8147e-07
      vertex -14.2804 -10.9577 3.8147e-07
    endloop
  endfacet
  facet normal -0 0 -1
    outer loop
      vertex -14.2804 -10.9577 3.8147e-07
      vertex -63.2466 -37.4718 3.8147e-07
      vertex -14.9665 -10.0003 3.8147e-07
    endloop
  endfacet
  facet normal 0 0 -1
    outer loop
      vertex -63.5663 -36.7 3.8147e-07
      vertex -14.9665 -10.0003 3.8147e-07
      vertex -63.2466 -37.4718 3.8147e-07
    endloop
  endfacet
  facet normal -0 0 -1
    outer loop
      vertex 78.1217 -26.5188 3.8147e-07
      vertex 66.3375 -35.1 3.8147e-07
      vertex 79.6889 -21.3526 3.8147e-07
    endloop
  endfacet
  facet normal 0 0 -1
    outer loop
      vertex 82.5 0 3.8147e-07
      vertex 69.4285 37.4718 3.8147e-07
      vertex 69.5375 38.3 3.8147e-07
    endloop
  endfacet
  facet normal 0 0 -1
    outer loop
      vertex 53.5 -7 3.8147e-07
      vertex 79.6889 -21.3526 3.8147e-07
      vertex 66.3375 -35.1 3.8147e-07
    endloop
  endfacet
  facet normal 0 0 -1
    outer loop
      vertex 82.5 0 3.8147e-07
      vertex 69.1088 36.7 3.8147e-07
      vertex 69.4285 37.4718 3.8147e-07
    endloop
  endfacet
  facet normal 0 0 -1
    outer loop
      vertex 79.6889 -21.3526 3.8147e-07
      vertex 53.5 -7 3.8147e-07
      vertex 80.9148 -16.095 3.8147e-07
    endloop
  endfacet
  facet normal 0 0 -1
    outer loop
      vertex 82.5 0 3.8147e-07
      vertex 68.6003 36.0373 3.8147e-07
      vertex 69.1088 36.7 3.8147e-07
    endloop
  endfacet
  facet normal 0 0 -1
    outer loop
      vertex 80.9148 -16.095 3.8147e-07
      vertex 53.5 -7 3.8147e-07
      vertex 81.7942 -10.7684 3.8147e-07
    endloop
  endfacet
  facet normal 0 0 -1
    outer loop
      vertex 53.5 -1 3.8147e-07
      vertex 82.3234 -5.39576 3.8147e-07
      vertex 53.5 -5 3.8147e-07
    endloop
  endfacet
  facet normal 0 0 -1
    outer loop
      vertex 53.5 -5 3.8147e-07
      vertex 82.3234 -5.39576 3.8147e-07
      vertex 53.5 -7 3.8147e-07
    endloop
  endfacet
  facet normal 0 0 -1
    outer loop
      vertex 82.5 0 3.8147e-07
      vertex 67.9375 35.5287 3.8147e-07
      vertex 68.6003 36.0373 3.8147e-07
    endloop
  endfacet
  facet normal 0 0 -1
    outer loop
      vertex 81.7942 -10.7684 3.8147e-07
      vertex 53.5 -7 3.8147e-07
      vertex 82.3234 -5.39576 3.8147e-07
    endloop
  endfacet
  facet normal 0 0 -1
    outer loop
      vertex 82.5 0 3.8147e-07
      vertex 67.1658 35.209 3.8147e-07
      vertex 67.9375 35.5287 3.8147e-07
    endloop
  endfacet
  facet normal 0 0 -1
    outer loop
      vertex 53.5 -7 3.8147e-07
      vertex 66.3375 -35.1 3.8147e-07
      vertex 65.5093 -35.209 3.8147e-07
    endloop
  endfacet
  facet normal 0 0 -1
    outer loop
      vertex 53.5 7 3.8147e-07
      vertex 82.5 0 3.8147e-07
      vertex 53.5 5 3.8147e-07
    endloop
  endfacet
  facet normal 0 0 -1
    outer loop
      vertex 53.5 -7 3.8147e-07
      vertex 65.5093 -35.209 3.8147e-07
      vertex 64.7375 -35.5287 3.8147e-07
    endloop
  endfacet
  facet normal 0 0 -1
    outer loop
      vertex 82.3234 -5.39576 3.8147e-07
      vertex 53.5 -1 3.8147e-07
      vertex 82.5 0 3.8147e-07
    endloop
  endfacet
  facet normal 0 0 -1
    outer loop
      vertex 53.5 -7 3.8147e-07
      vertex 64.7375 -35.5287 3.8147e-07
      vertex 64.0748 -36.0373 3.8147e-07
    endloop
  endfacet
  facet normal 0 0 -1
    outer loop
      vertex 53.5 1 3.8147e-07
      vertex 82.5 0 3.8147e-07
      vertex 53.5 -1 3.8147e-07
    endloop
  endfacet
  facet normal 0 0 -1
    outer loop
      vertex 53.5 -7 3.8147e-07
      vertex 64.0748 -36.0373 3.8147e-07
      vertex 63.5663 -36.7 3.8147e-07
    endloop
  endfacet
  facet normal 0 0 -1
    outer loop
      vertex 53.5 5 3.8147e-07
      vertex 82.5 0 3.8147e-07
      vertex 53.5 1 3.8147e-07
    endloop
  endfacet
  facet normal 0 0 -1
    outer loop
      vertex 33.5 -7 3.8147e-07
      vertex 63.5663 -36.7 3.8147e-07
      vertex 63.2466 -37.4718 3.8147e-07
    endloop
  endfacet
  facet normal 0 0 -1
    outer loop
      vertex 82.5 0 3.8147e-07
      vertex 53.5 7 3.8147e-07
      vertex 67.1658 35.209 3.8147e-07
    endloop
  endfacet
  facet normal 0 0 -1
    outer loop
      vertex 33.5 -7 3.8147e-07
      vertex 63.2466 -37.4718 3.8147e-07
      vertex 63.1375 -38.3 3.8147e-07
    endloop
  endfacet
  facet normal 0 0 -1
    outer loop
      vertex 67.1658 35.209 3.8147e-07
      vertex 53.5 7 3.8147e-07
      vertex 66.3375 35.1 3.8147e-07
    endloop
  endfacet
  facet normal -0 0 -1
    outer loop
      vertex 76.2201 -31.5714 3.8147e-07
      vertex 67.1658 -35.209 3.8147e-07
      vertex 78.1217 -26.5188 3.8147e-07
    endloop
  endfacet
  facet normal 0 0 -1
    outer loop
      vertex 67.1658 -35.209 3.8147e-07
      vertex 76.2201 -31.5714 3.8147e-07
      vertex 67.9375 -35.5287 3.8147e-07
    endloop
  endfacet
  facet normal 0 0 -1
    outer loop
      vertex 66.3375 -35.1 3.8147e-07
      vertex 78.1217 -26.5188 3.8147e-07
      vertex 67.1658 -35.209 3.8147e-07
    endloop
  endfacet
  facet normal 0 0 -1
    outer loop
      vertex 67.9375 -35.5287 3.8147e-07
      vertex 76.2201 -31.5714 3.8147e-07
      vertex 68.6003 -36.0373 3.8147e-07
    endloop
  endfacet
  facet normal 0 0 -1
    outer loop
      vertex 82.5 0 3.8147e-07
      vertex 69.5375 38.3 3.8147e-07
      vertex 82.3234 5.39576 3.8147e-07
    endloop
  endfacet
  facet normal 0 0 -1
    outer loop
      vertex 73.992 -36.4888 3.8147e-07
      vertex 68.6003 -36.0373 3.8147e-07
      vertex 76.2201 -31.5714 3.8147e-07
    endloop
  endfacet
  facet normal 0 0 -1
    outer loop
      vertex 82.3234 5.39576 3.8147e-07
      vertex 69.5375 38.3 3.8147e-07
      vertex 81.7942 10.7684 3.8147e-07
    endloop
  endfacet
  facet normal 0 0 -1
    outer loop
      vertex 68.6003 -36.0373 3.8147e-07
      vertex 73.992 -36.4888 3.8147e-07
      vertex 69.1088 -36.7 3.8147e-07
    endloop
  endfacet
  facet normal 0 0 -1
    outer loop
      vertex 81.7942 10.7684 3.8147e-07
      vertex 69.5375 38.3 3.8147e-07
      vertex 80.9148 16.095 3.8147e-07
    endloop
  endfacet
  facet normal 0 0 -1
    outer loop
      vertex 69.1088 -36.7 3.8147e-07
      vertex 73.992 -36.4888 3.8147e-07
      vertex 69.4285 -37.4718 3.8147e-07
    endloop
  endfacet
  facet normal 0 0 -1
    outer loop
      vertex 80.9148 16.095 3.8147e-07
      vertex 69.5375 38.3 3.8147e-07
      vertex 79.6889 21.3526 3.8147e-07
    endloop
  endfacet
  facet normal 0 0 -1
    outer loop
      vertex 69.4285 -37.4718 3.8147e-07
      vertex 73.992 -36.4888 3.8147e-07
      vertex 69.5375 -38.3 3.8147e-07
    endloop
  endfacet
  facet normal 0 0 -1
    outer loop
      vertex 79.6889 21.3526 3.8147e-07
      vertex 69.5375 38.3 3.8147e-07
      vertex 78.1217 26.5188 3.8147e-07
    endloop
  endfacet
  facet normal 0 0 -1
    outer loop
      vertex 69.5375 -38.3 3.8147e-07
      vertex 73.992 -36.4888 3.8147e-07
      vertex 71.4471 -41.25 3.8147e-07
    endloop
  endfacet
  facet normal 0 0 -1
    outer loop
      vertex 78.1217 26.5188 3.8147e-07
      vertex 69.5375 38.3 3.8147e-07
      vertex 76.2201 31.5714 3.8147e-07
    endloop
  endfacet
  facet normal 0 0 -1
    outer loop
      vertex 76.2201 31.5714 3.8147e-07
      vertex 69.5375 38.3 3.8147e-07
      vertex 73.992 36.4888 3.8147e-07
    endloop
  endfacet
  facet normal 0 0 -1
    outer loop
      vertex 71.4471 -41.25 3.8147e-07
      vertex 69.4285 -39.1282 3.8147e-07
      vertex 69.5375 -38.3 3.8147e-07
    endloop
  endfacet
  facet normal 0 0 -1
    outer loop
      vertex 71.4471 -41.25 3.8147e-07
      vertex 69.1088 -39.9 3.8147e-07
      vertex 69.4285 -39.1282 3.8147e-07
    endloop
  endfacet
  facet normal 0 0 -1
    outer loop
      vertex 71.4471 -41.25 3.8147e-07
      vertex 68.6003 -40.5627 3.8147e-07
      vertex 69.1088 -39.9 3.8147e-07
    endloop
  endfacet
  facet normal 0 0 -1
    outer loop
      vertex 67.9375 -41.0713 3.8147e-07
      vertex 71.4471 -41.25 3.8147e-07
      vertex 68.5962 -45.8345 3.8147e-07
    endloop
  endfacet
  facet normal 0 0 -1
    outer loop
      vertex 71.4471 -41.25 3.8147e-07
      vertex 67.9375 -41.0713 3.8147e-07
      vertex 68.6003 -40.5627 3.8147e-07
    endloop
  endfacet
  facet normal 0 0 -1
    outer loop
      vertex 68.5962 -45.8345 3.8147e-07
      vertex 67.1658 -41.391 3.8147e-07
      vertex 67.9375 -41.0713 3.8147e-07
    endloop
  endfacet
  facet normal 0 0 -1
    outer loop
      vertex 68.5962 -45.8345 3.8147e-07
      vertex 66.3375 -41.5 3.8147e-07
      vertex 67.1658 -41.391 3.8147e-07
    endloop
  endfacet
  facet normal 0 0 -1
    outer loop
      vertex 68.5962 -45.8345 3.8147e-07
      vertex 65.5093 -41.391 3.8147e-07
      vertex 66.3375 -41.5 3.8147e-07
    endloop
  endfacet
  facet normal 0 0 -1
    outer loop
      vertex 65.4517 -50.2228 3.8147e-07
      vertex 65.5093 -41.391 3.8147e-07
      vertex 68.5962 -45.8345 3.8147e-07
    endloop
  endfacet
  facet normal 0 0 -1
    outer loop
      vertex 65.4517 -50.2228 3.8147e-07
      vertex 64.7375 -41.0713 3.8147e-07
      vertex 65.5093 -41.391 3.8147e-07
    endloop
  endfacet
  facet normal 0 0 -1
    outer loop
      vertex 65.4517 -50.2228 3.8147e-07
      vertex 64.0748 -40.5627 3.8147e-07
      vertex 64.7375 -41.0713 3.8147e-07
    endloop
  endfacet
  facet normal 0 0 -1
    outer loop
      vertex 62.0268 -54.396 3.8147e-07
      vertex 64.0748 -40.5627 3.8147e-07
      vertex 65.4517 -50.2228 3.8147e-07
    endloop
  endfacet
  facet normal -0 0 -1
    outer loop
      vertex 64.0748 -40.5627 3.8147e-07
      vertex 62.0268 -54.396 3.8147e-07
      vertex 63.5663 -39.9 3.8147e-07
    endloop
  endfacet
  facet normal 0 0 -1
    outer loop
      vertex 54.396 -62.0268 3.8147e-07
      vertex 63.2466 -39.1282 3.8147e-07
      vertex 58.3363 -58.3363 3.8147e-07
    endloop
  endfacet
  facet normal 0 0 -1
    outer loop
      vertex 58.3363 -58.3363 3.8147e-07
      vertex 63.2466 -39.1282 3.8147e-07
      vertex 62.0268 -54.396 3.8147e-07
    endloop
  endfacet
  facet normal -0 0 -1
    outer loop
      vertex 63.5663 -39.9 3.8147e-07
      vertex 62.0268 -54.396 3.8147e-07
      vertex 63.2466 -39.1282 3.8147e-07
    endloop
  endfacet
  facet normal 0 0 -1
    outer loop
      vertex 73.992 36.4888 3.8147e-07
      vertex 69.5375 38.3 3.8147e-07
      vertex 71.4471 41.25 3.8147e-07
    endloop
  endfacet
  facet normal 0 0 -1
    outer loop
      vertex 69.4285 39.1282 3.8147e-07
      vertex 71.4471 41.25 3.8147e-07
      vertex 69.5375 38.3 3.8147e-07
    endloop
  endfacet
  facet normal 0 0 -1
    outer loop
      vertex 69.1088 39.9 3.8147e-07
      vertex 71.4471 41.25 3.8147e-07
      vertex 69.4285 39.1282 3.8147e-07
    endloop
  endfacet
  facet normal 0 0 -1
    outer loop
      vertex 68.6003 40.5627 3.8147e-07
      vertex 71.4471 41.25 3.8147e-07
      vertex 69.1088 39.9 3.8147e-07
    endloop
  endfacet
  facet normal 0 0 -1
    outer loop
      vertex 67.9375 41.0713 3.8147e-07
      vertex 71.4471 41.25 3.8147e-07
      vertex 68.6003 40.5627 3.8147e-07
    endloop
  endfacet
  facet normal -0 0 -1
    outer loop
      vertex 71.4471 41.25 3.8147e-07
      vertex 67.9375 41.0713 3.8147e-07
      vertex 68.5962 45.8345 3.8147e-07
    endloop
  endfacet
  facet normal 0 0 -1
    outer loop
      vertex 67.1658 41.391 3.8147e-07
      vertex 68.5962 45.8345 3.8147e-07
      vertex 67.9375 41.0713 3.8147e-07
    endloop
  endfacet
  facet normal 0 0 -1
    outer loop
      vertex 66.3375 41.5 3.8147e-07
      vertex 68.5962 45.8345 3.8147e-07
      vertex 67.1658 41.391 3.8147e-07
    endloop
  endfacet
  facet normal 0 0 -1
    outer loop
      vertex 65.5093 41.391 3.8147e-07
      vertex 68.5962 45.8345 3.8147e-07
      vertex 66.3375 41.5 3.8147e-07
    endloop
  endfacet
  facet normal 0 0 -1
    outer loop
      vertex 65.5093 41.391 3.8147e-07
      vertex 65.4517 50.2228 3.8147e-07
      vertex 68.5962 45.8345 3.8147e-07
    endloop
  endfacet
  facet normal 0 0 -1
    outer loop
      vertex 64.7375 41.0713 3.8147e-07
      vertex 65.4517 50.2228 3.8147e-07
      vertex 65.5093 41.391 3.8147e-07
    endloop
  endfacet
  facet normal 0 0 -1
    outer loop
      vertex 64.0748 40.5627 3.8147e-07
      vertex 65.4517 50.2228 3.8147e-07
      vertex 64.7375 41.0713 3.8147e-07
    endloop
  endfacet
  facet normal 0 0 -1
    outer loop
      vertex 62.0268 54.396 3.8147e-07
      vertex 64.0748 40.5627 3.8147e-07
      vertex 63.5663 39.9 3.8147e-07
    endloop
  endfacet
  facet normal 0 0 -1
    outer loop
      vertex 62.0268 54.396 3.8147e-07
      vertex 63.5663 39.9 3.8147e-07
      vertex 63.2466 39.1282 3.8147e-07
    endloop
  endfacet
  facet normal 0 0 -1
    outer loop
      vertex 64.0748 40.5627 3.8147e-07
      vertex 62.0268 54.396 3.8147e-07
      vertex 65.4517 50.2228 3.8147e-07
    endloop
  endfacet
  facet normal 0 0 -1
    outer loop
      vertex 54.396 62.0268 3.8147e-07
      vertex 63.2466 39.1282 3.8147e-07
      vertex 63.1375 38.3 3.8147e-07
    endloop
  endfacet
  facet normal -0 0 -1
    outer loop
      vertex 66.3375 35.1 3.8147e-07
      vertex 53.5 7 3.8147e-07
      vertex 65.5093 35.209 3.8147e-07
    endloop
  endfacet
  facet normal -0 0 -1
    outer loop
      vertex 63.2466 -39.1282 3.8147e-07
      vertex 54.396 -62.0268 3.8147e-07
      vertex 63.1375 -38.3 3.8147e-07
    endloop
  endfacet
  facet normal 0 0 -1
    outer loop
      vertex 63.2466 37.4718 3.8147e-07
      vertex 54.396 62.0268 3.8147e-07
      vertex 63.1375 38.3 3.8147e-07
    endloop
  endfacet
  facet normal 0 0 -1
    outer loop
      vertex 50.2228 -65.4517 3.8147e-07
      vertex 63.1375 -38.3 3.8147e-07
      vertex 54.396 -62.0268 3.8147e-07
    endloop
  endfacet
  facet normal 0 0 -1
    outer loop
      vertex 63.2466 39.1282 3.8147e-07
      vertex 58.3363 58.3363 3.8147e-07
      vertex 62.0268 54.396 3.8147e-07
    endloop
  endfacet
  facet normal 0 0 -1
    outer loop
      vertex 63.2466 39.1282 3.8147e-07
      vertex 54.396 62.0268 3.8147e-07
      vertex 58.3363 58.3363 3.8147e-07
    endloop
  endfacet
  facet normal -0 0 -1
    outer loop
      vertex 63.1375 -38.3 3.8147e-07
      vertex 50.2228 -65.4517 3.8147e-07
      vertex 33.5 -7 3.8147e-07
    endloop
  endfacet
  facet normal 0 0 -1
    outer loop
      vertex 14.9665 -10.0003 3.8147e-07
      vertex 50.2228 -65.4517 3.8147e-07
      vertex 45.8345 -68.5962 3.8147e-07
    endloop
  endfacet
  facet normal 0 0 -1
    outer loop
      vertex 14.9665 -10.0003 3.8147e-07
      vertex 45.8345 -68.5962 3.8147e-07
      vertex 41.25 -71.4471 3.8147e-07
    endloop
  endfacet
  facet normal 0 0 -1
    outer loop
      vertex 14.9665 -10.0003 3.8147e-07
      vertex 41.25 -71.4471 3.8147e-07
      vertex 36.4888 -73.992 3.8147e-07
    endloop
  endfacet
  facet normal 0 0 -1
    outer loop
      vertex 63.5663 -36.7 3.8147e-07
      vertex 33.5 -7 3.8147e-07
      vertex 53.5 -7 3.8147e-07
    endloop
  endfacet
  facet normal 0 -0 -1
    outer loop
      vertex 15.5885 -9 3.8147e-07
      vertex 33.5 -7 3.8147e-07
      vertex 14.9665 -10.0003 3.8147e-07
    endloop
  endfacet
  facet normal 0 -0 -1
    outer loop
      vertex 16.1437 -7.9612 3.8147e-07
      vertex 33.5 -7 3.8147e-07
      vertex 15.5885 -9 3.8147e-07
    endloop
  endfacet
  facet normal 0 -0 -1
    outer loop
      vertex 16.6298 -6.8883 3.8147e-07
      vertex 33.5 -7 3.8147e-07
      vertex 16.1437 -7.9612 3.8147e-07
    endloop
  endfacet
  facet normal 0 -0 -1
    outer loop
      vertex 17.0447 -5.78591 3.8147e-07
      vertex 33.5 -7 3.8147e-07
      vertex 16.6298 -6.8883 3.8147e-07
    endloop
  endfacet
  facet normal 0 0 -1
    outer loop
      vertex 50.2228 -65.4517 3.8147e-07
      vertex 14.9665 -10.0003 3.8147e-07
      vertex 33.5 -7 3.8147e-07
    endloop
  endfacet
  facet normal 0 0 -1
    outer loop
      vertex 14.9665 -10.0003 3.8147e-07
      vertex 36.4888 -73.992 3.8147e-07
      vertex 31.5714 -76.2201 3.8147e-07
    endloop
  endfacet
  facet normal -0.849196 0.528078 0
    outer loop
      vertex -71.4471 41.25 3.8147e-07
      vertex -68.5962 45.8345 3
      vertex -68.5962 45.8345 3.8147e-07
    endloop
  endfacet
  facet normal -0.849196 0.528078 0
    outer loop
      vertex -68.5962 45.8345 3
      vertex -71.4471 41.25 3.8147e-07
      vertex -71.4471 41.25 3
    endloop
  endfacet
  facet normal -0.881922 0.471395 0
    outer loop
      vertex -73.992 36.4888 3.8147e-07
      vertex -71.4471 41.25 3
      vertex -71.4471 41.25 3.8147e-07
    endloop
  endfacet
  facet normal -0.881922 0.471395 0
    outer loop
      vertex -71.4471 41.25 3
      vertex -73.992 36.4888 3.8147e-07
      vertex -73.992 36.4888 3
    endloop
  endfacet
  facet normal -0.544654 -0.838661 4.45464e-06
    outer loop
      vertex 67.3756 39.6279 1.8
      vertex 67.029 39.853 3
      vertex 67.0932 39.8113 1.8
    endloop
  endfacet
  facet normal -0.544713 -0.838623 0
    outer loop
      vertex 67.0932 39.8113 1.8
      vertex 67.029 39.853 3
      vertex 67.029 39.853 1.7831
    endloop
  endfacet
  facet normal -0.544638 -0.838671 1.11077e-05
    outer loop
      vertex 67.029 39.853 3
      vertex 67.3756 39.6279 1.8
      vertex 67.4751 39.5633 3
    endloop
  endfacet
  facet normal -0.544544 -0.838732 -0
    outer loop
      vertex 67.4751 39.5633 3
      vertex 67.3756 39.6279 1.8
      vertex 67.4751 39.5633 1.78874
    endloop
  endfacet
  facet normal -0.777421 -0.628981 0
    outer loop
      vertex 67.5001 39.5324 1.8
      vertex 67.4751 39.5633 3
      vertex 67.4751 39.5633 1.78874
    endloop
  endfacet
  facet normal -0.777108 -0.629368 -0
    outer loop
      vertex 67.8098 39.15 3
      vertex 67.5001 39.5324 1.8
      vertex 67.8098 39.15 1.8
    endloop
  endfacet
  facet normal -0.777131 -0.629339 1.52462e-05
    outer loop
      vertex 67.5001 39.5324 1.8
      vertex 67.8098 39.15 3
      vertex 67.4751 39.5633 3
    endloop
  endfacet
  facet normal -0.258868 -0.965913 -9.27437e-06
    outer loop
      vertex 66.5152 39.9907 3
      vertex 66.6186 39.963 1.8
      vertex 67.029 39.853 3
    endloop
  endfacet
  facet normal -0.258767 -0.96594 0
    outer loop
      vertex 66.6186 39.963 1.8
      vertex 66.5152 39.9907 3
      vertex 66.5152 39.9907 1.7831
    endloop
  endfacet
  facet normal -0.258857 -0.965916 -1.3315e-05
    outer loop
      vertex 66.9257 39.8807 1.8
      vertex 67.029 39.853 3
      vertex 66.6186 39.963 1.8
    endloop
  endfacet
  facet normal -0.259001 -0.965877 -0
    outer loop
      vertex 67.029 39.853 3
      vertex 66.9257 39.8807 1.8
      vertex 67.029 39.853 1.7831
    endloop
  endfacet
  facet normal -0.629247 0.777205 -1.00268e-06
    outer loop
      vertex 67.6009 37.1625 3
      vertex 67.5699 37.1374 1.8
      vertex 67.1875 36.8278 3
    endloop
  endfacet
  facet normal -0.62927 0.777186 0
    outer loop
      vertex 67.5699 37.1374 1.8
      vertex 67.6009 37.1625 3
      vertex 67.6009 37.1625 1.78874
    endloop
  endfacet
  facet normal -0.629245 0.777207 0
    outer loop
      vertex 67.1875 36.8278 3
      vertex 67.5699 37.1374 1.8
      vertex 67.1875 36.8278 1.8
    endloop
  endfacet
  facet normal 0.838482 -0.544929 0
    outer loop
      vertex 65.0742 39.4375 3
      vertex 65.0096 39.3381 1.8
      vertex 65.0742 39.4375 1.78874
    endloop
  endfacet
  facet normal 0.838615 -0.544724 -2.41619e-05
    outer loop
      vertex 64.7845 38.9915 3
      vertex 65.0096 39.3381 1.8
      vertex 65.0742 39.4375 3
    endloop
  endfacet
  facet normal 0.838661 -0.544654 4.45464e-06
    outer loop
      vertex 65.0096 39.3381 1.8
      vertex 64.7845 38.9915 3
      vertex 64.8262 39.0557 1.8
    endloop
  endfacet
  facet normal 0.838623 -0.544713 0
    outer loop
      vertex 64.8262 39.0557 1.8
      vertex 64.7845 38.9915 3
      vertex 64.7845 38.9915 1.7831
    endloop
  endfacet
  facet normal -0.838026 0.545631 0
    outer loop
      vertex 67.8488 37.5443 1.8
      vertex 67.8906 37.6085 3
      vertex 67.8906 37.6085 1.7831
    endloop
  endfacet
  facet normal -0.838796 0.544445 9.02459e-05
    outer loop
      vertex 67.6655 37.2619 1.8
      vertex 67.8906 37.6085 3
      vertex 67.8488 37.5443 1.8
    endloop
  endfacet
  facet normal -0.838482 0.544929 0
    outer loop
      vertex 67.6009 37.1625 3
      vertex 67.6655 37.2619 1.8
      vertex 67.6009 37.1625 1.78874
    endloop
  endfacet
  facet normal -0.838615 0.544724 -2.41619e-05
    outer loop
      vertex 67.6655 37.2619 1.8
      vertex 67.6009 37.1625 3
      vertex 67.8906 37.6085 3
    endloop
  endfacet
  facet normal -0.965877 0.259001 0
    outer loop
      vertex 68.0005 38.019 1.8
      vertex 68.0282 38.1223 3
      vertex 68.0282 38.1223 1.7831
    endloop
  endfacet
  facet normal -0.965994 0.258563 4.03939e-05
    outer loop
      vertex 67.9183 37.7119 1.8
      vertex 68.0282 38.1223 3
      vertex 68.0005 38.019 1.8
    endloop
  endfacet
  facet normal -0.96594 0.258767 0
    outer loop
      vertex 67.8906 37.6085 3
      vertex 67.9183 37.7119 1.8
      vertex 67.8906 37.6085 1.7831
    endloop
  endfacet
  facet normal -0.96596 0.258692 -6.92478e-06
    outer loop
      vertex 67.9183 37.7119 1.8
      vertex 67.8906 37.6085 3
      vertex 68.0282 38.1223 3
    endloop
  endfacet
  facet normal -0.35853 0.933518 0
    outer loop
      vertex 66.7282 36.6514 1.8
      vertex 67.1875 36.8278 3
      vertex 67.1875 36.8278 1.8
    endloop
  endfacet
  facet normal -0.358551 0.93351 9.2599e-06
    outer loop
      vertex 67.1875 36.8278 3
      vertex 66.7282 36.6514 1.8
      vertex 66.691 36.6371 3
    endloop
  endfacet
  facet normal -0.358811 0.93341 0
    outer loop
      vertex 66.691 36.6371 3
      vertex 66.7282 36.6514 1.8
      vertex 66.691 36.6371 1.78874
    endloop
  endfacet
  facet normal 0.998636 0.0522163 0
    outer loop
      vertex 64.6469 38.4777 3
      vertex 64.6509 38.4012 1.8
      vertex 64.6469 38.4777 1.7831
    endloop
  endfacet
  facet normal 0.998633 0.0522782 -3.96047e-06
    outer loop
      vertex 64.6469 38.4777 3
      vertex 64.6685 38.065 1.8
      vertex 64.6509 38.4012 1.8
    endloop
  endfacet
  facet normal 0.998633 0.0522628 1.3473e-06
    outer loop
      vertex 64.6747 37.9465 3
      vertex 64.6685 38.065 1.8
      vertex 64.6469 38.4777 3
    endloop
  endfacet
  facet normal 0.998634 0.0522492 0
    outer loop
      vertex 64.6685 38.065 1.8
      vertex 64.6747 37.9465 3
      vertex 64.6747 37.9465 1.78874
    endloop
  endfacet
  facet normal -0.933586 -0.358352 0
    outer loop
      vertex 67.9861 38.6907 1.8
      vertex 67.8098 39.15 3
      vertex 67.8098 39.15 1.8
    endloop
  endfacet
  facet normal -0.93341 -0.358811 -0
    outer loop
      vertex 68.0004 38.6535 3
      vertex 67.9861 38.6907 1.8
      vertex 68.0004 38.6535 1.78874
    endloop
  endfacet
  facet normal -0.933573 -0.358387 1.50895e-05
    outer loop
      vertex 67.9861 38.6907 1.8
      vertex 68.0004 38.6535 3
      vertex 67.8098 39.15 3
    endloop
  endfacet
  facet normal 0.93341 0.358811 0
    outer loop
      vertex 64.6747 37.9465 3
      vertex 64.689 37.9093 1.8
      vertex 64.6747 37.9465 1.78874
    endloop
  endfacet
  facet normal 0.933573 0.358387 1.50895e-05
    outer loop
      vertex 64.8653 37.45 3
      vertex 64.689 37.9093 1.8
      vertex 64.6747 37.9465 3
    endloop
  endfacet
  facet normal 0.933586 0.358352 0
    outer loop
      vertex 64.689 37.9093 1.8
      vertex 64.8653 37.45 3
      vertex 64.8653 37.45 1.8
    endloop
  endfacet
  facet normal -0.998634 -0.0522492 0
    outer loop
      vertex 68.0066 38.535 1.8
      vertex 68.0004 38.6535 3
      vertex 68.0004 38.6535 1.78874
    endloop
  endfacet
  facet normal -0.998633 -0.0522782 -3.96047e-06
    outer loop
      vertex 68.0282 38.1223 3
      vertex 68.0066 38.535 1.8
      vertex 68.0242 38.1988 1.8
    endloop
  endfacet
  facet normal -0.998636 -0.0522163 -0
    outer loop
      vertex 68.0282 38.1223 3
      vertex 68.0242 38.1988 1.8
      vertex 68.0282 38.1223 1.7831
    endloop
  endfacet
  facet normal -0.998633 -0.0522628 1.3473e-06
    outer loop
      vertex 68.0066 38.535 1.8
      vertex 68.0282 38.1223 3
      vertex 68.0004 38.6535 3
    endloop
  endfacet
  facet normal 0.358462 -0.933544 0
    outer loop
      vertex 65.9469 39.9486 1.8
      vertex 65.4875 39.7722 3
      vertex 65.4875 39.7722 1.8
    endloop
  endfacet
  facet normal 0.358324 -0.933597 -6.04726e-05
    outer loop
      vertex 65.4875 39.7722 3
      vertex 65.9469 39.9486 1.8
      vertex 65.9841 39.9628 3
    endloop
  endfacet
  facet normal 0.356622 -0.934249 0
    outer loop
      vertex 65.9841 39.9628 3
      vertex 65.9469 39.9486 1.8
      vertex 65.9841 39.9628 1.78874
    endloop
  endfacet
  facet normal 0.0524601 -0.998623 -6.67034e-05
    outer loop
      vertex 65.9841 39.9628 3
      vertex 66.1025 39.9691 1.8
      vertex 66.5152 39.9907 3
    endloop
  endfacet
  facet normal 0.0531343 -0.998587 0
    outer loop
      vertex 66.1025 39.9691 1.8
      vertex 65.9841 39.9628 3
      vertex 65.9841 39.9628 1.78874
    endloop
  endfacet
  facet normal 0.0522782 -0.998633 -3.96047e-06
    outer loop
      vertex 66.4387 39.9867 1.8
      vertex 66.5152 39.9907 3
      vertex 66.1025 39.9691 1.8
    endloop
  endfacet
  facet normal 0.0522163 -0.998636 0
    outer loop
      vertex 66.5152 39.9907 3
      vertex 66.4387 39.9867 1.8
      vertex 66.5152 39.9907 1.7831
    endloop
  endfacet
  facet normal 0.54479 0.838573 -5.12659e-05
    outer loop
      vertex 65.2995 36.9721 1.8
      vertex 65.6461 36.747 3
      vertex 65.5818 36.7887 1.8
    endloop
  endfacet
  facet normal 0.544117 0.83901 0
    outer loop
      vertex 65.5818 36.7887 1.8
      vertex 65.6461 36.747 3
      vertex 65.6461 36.747 1.7831
    endloop
  endfacet
  facet normal 0.544638 0.838671 1.11077e-05
    outer loop
      vertex 65.6461 36.747 3
      vertex 65.2995 36.9721 1.8
      vertex 65.2 37.0367 3
    endloop
  endfacet
  facet normal 0.544544 0.838732 0
    outer loop
      vertex 65.2 37.0367 3
      vertex 65.2995 36.9721 1.8
      vertex 65.2 37.0367 1.78874
    endloop
  endfacet
  facet normal 0.629339 -0.777131 2.93015e-06
    outer loop
      vertex 65.0742 39.4375 3
      vertex 65.1052 39.4626 1.8
      vertex 65.4875 39.7722 3
    endloop
  endfacet
  facet normal 0.62927 -0.777186 0
    outer loop
      vertex 65.1052 39.4626 1.8
      vertex 65.0742 39.4375 3
      vertex 65.0742 39.4375 1.78874
    endloop
  endfacet
  facet normal 0.629344 -0.777127 0
    outer loop
      vertex 65.4875 39.7722 3
      vertex 65.1052 39.4626 1.8
      vertex 65.4875 39.7722 1.8
    endloop
  endfacet
  facet normal 0.258868 0.965913 -9.27437e-06
    outer loop
      vertex 66.1599 36.6093 3
      vertex 66.0565 36.637 1.8
      vertex 65.6461 36.747 3
    endloop
  endfacet
  facet normal 0.258767 0.96594 0
    outer loop
      vertex 66.0565 36.637 1.8
      vertex 66.1599 36.6093 3
      vertex 66.1599 36.6093 1.7831
    endloop
  endfacet
  facet normal 0.258857 0.965916 -1.3315e-05
    outer loop
      vertex 65.7494 36.7193 1.8
      vertex 65.6461 36.747 3
      vertex 66.0565 36.637 1.8
    endloop
  endfacet
  facet normal 0.259001 0.965877 0
    outer loop
      vertex 65.6461 36.747 3
      vertex 65.7494 36.7193 1.8
      vertex 65.6461 36.747 1.7831
    endloop
  endfacet
  facet normal 0.96594 -0.258767 0
    outer loop
      vertex 64.7845 38.9915 3
      vertex 64.7568 38.8881 1.8
      vertex 64.7845 38.9915 1.7831
    endloop
  endfacet
  facet normal 0.965916 -0.258857 8.25636e-06
    outer loop
      vertex 64.7845 38.9915 3
      vertex 64.6745 38.581 1.8
      vertex 64.7568 38.8881 1.8
    endloop
  endfacet
  facet normal 0.96596 -0.258692 -5.20142e-05
    outer loop
      vertex 64.6469 38.4777 3
      vertex 64.6745 38.581 1.8
      vertex 64.7845 38.9915 3
    endloop
  endfacet
  facet normal 0.966111 -0.258128 0
    outer loop
      vertex 64.6745 38.581 1.8
      vertex 64.6469 38.4777 3
      vertex 64.6469 38.4777 1.7831
    endloop
  endfacet
  facet normal 0.777207 0.629245 0
    outer loop
      vertex 64.8653 37.45 3
      vertex 65.1749 37.0676 1.8
      vertex 64.8653 37.45 1.8
    endloop
  endfacet
  facet normal 0.777131 0.629339 -4.95148e-05
    outer loop
      vertex 65.2 37.0367 3
      vertex 65.1749 37.0676 1.8
      vertex 64.8653 37.45 3
    endloop
  endfacet
  facet normal 0.776191 0.630498 0
    outer loop
      vertex 65.1749 37.0676 1.8
      vertex 65.2 37.0367 3
      vertex 65.2 37.0367 1.78874
    endloop
  endfacet
  facet normal -0.0522726 0.998633 -2.037e-06
    outer loop
      vertex 66.691 36.6371 3
      vertex 66.5726 36.6309 1.8
      vertex 66.1599 36.6093 3
    endloop
  endfacet
  facet normal -0.0522932 0.998632 0
    outer loop
      vertex 66.5726 36.6309 1.8
      vertex 66.691 36.6371 3
      vertex 66.691 36.6371 1.78874
    endloop
  endfacet
  facet normal -0.0522782 0.998633 -3.96047e-06
    outer loop
      vertex 66.2364 36.6133 1.8
      vertex 66.1599 36.6093 3
      vertex 66.5726 36.6309 1.8
    endloop
  endfacet
  facet normal -0.0522163 0.998636 0
    outer loop
      vertex 66.1599 36.6093 3
      vertex 66.2364 36.6133 1.8
      vertex 66.1599 36.6093 1.7831
    endloop
  endfacet
  facet normal -0.712568 0.294939 -0.636599
    outer loop
      vertex 67.9796 37.86 1.8
      vertex 67.8906 37.6085 1.7831
      vertex 67.9183 37.7119 1.8
    endloop
  endfacet
  facet normal -0.709746 0.293532 -0.640391
    outer loop
      vertex 67.8906 37.6085 1.7831
      vertex 67.8098 37.45 1.8
      vertex 67.8488 37.5443 1.8
    endloop
  endfacet
  facet normal -0.712183 0.295143 -0.636935
    outer loop
      vertex 67.8906 37.6085 1.7831
      vertex 69.1088 36.7 3.8147e-07
      vertex 67.8098 37.45 1.8
    endloop
  endfacet
  facet normal -0.712328 0.294874 -0.636897
    outer loop
      vertex 69.1088 36.7 3.8147e-07
      vertex 67.8906 37.6085 1.7831
      vertex 67.9796 37.86 1.8
    endloop
  endfacet
  facet normal 0.611614 -0.469301 -0.636934
    outer loop
      vertex 63.5663 39.9 3.8147e-07
      vertex 64.0748 40.5627 3.8147e-07
      vertex 65.1355 39.5021 1.8
    endloop
  endfacet
  facet normal -0.611618 -0.469304 -0.636928
    outer loop
      vertex 67.8098 39.15 1.8
      vertex 68.6003 40.5627 3.8147e-07
      vertex 69.1088 39.9 3.8147e-07
    endloop
  endfacet
  facet normal -0.611589 -0.469331 -0.636936
    outer loop
      vertex 67.5396 39.5021 1.8
      vertex 68.6003 40.5627 3.8147e-07
      vertex 67.8098 39.15 1.8
    endloop
  endfacet
  facet normal -0.611614 0.469301 -0.636934
    outer loop
      vertex 67.5396 37.0979 1.8
      vertex 69.1088 36.7 3.8147e-07
      vertex 68.6003 36.0373 3.8147e-07
    endloop
  endfacet
  facet normal -0.295124 0.712189 -0.636937
    outer loop
      vertex 66.7775 36.6579 1.8
      vertex 67.1875 36.8278 1.8
      vertex 67.1658 35.209 3.8147e-07
    endloop
  endfacet
  facet normal -0.100719 0.763914 -0.637409
    outer loop
      vertex 66.7775 36.6579 1.8
      vertex 66.691 36.6371 1.78874
      vertex 66.7282 36.6514 1.8
    endloop
  endfacet
  facet normal -0.100891 0.764339 -0.636873
    outer loop
      vertex 66.691 36.6371 1.78874
      vertex 66.7775 36.6579 1.8
      vertex 66.3375 35.1 3.8147e-07
    endloop
  endfacet
  facet normal -0.100597 0.764333 -0.636926
    outer loop
      vertex 66.3375 35.1 3.8147e-07
      vertex 66.5726 36.6309 1.8
      vertex 66.691 36.6371 1.78874
    endloop
  endfacet
  facet normal -0.100459 0.764335 -0.636946
    outer loop
      vertex 66.5726 36.6309 1.8
      vertex 66.3375 35.1 3.8147e-07
      vertex 66.3375 36.6 1.8
    endloop
  endfacet
  facet normal 0.469309 -0.611613 -0.636929
    outer loop
      vertex 64.0748 40.5627 3.8147e-07
      vertex 65.4875 39.7722 1.8
      vertex 65.1355 39.5021 1.8
    endloop
  endfacet
  facet normal -0.712232 0.295025 -0.636934
    outer loop
      vertex 67.9796 37.86 1.8
      vertex 69.4285 37.4718 3.8147e-07
      vertex 69.1088 36.7 3.8147e-07
    endloop
  endfacet
  facet normal 0.76709 -0.101314 -0.633489
    outer loop
      vertex 64.6469 38.4777 1.7831
      vertex 64.6955 38.74 1.8
      vertex 64.6745 38.581 1.8
    endloop
  endfacet
  facet normal 0.764985 -0.100537 -0.636153
    outer loop
      vertex 64.6376 38.3 1.8
      vertex 64.6469 38.4777 1.7831
      vertex 64.6509 38.4012 1.8
    endloop
  endfacet
  facet normal 0.764305 -0.100574 -0.636964
    outer loop
      vertex 64.6469 38.4777 1.7831
      vertex 63.1375 38.3 3.8147e-07
      vertex 64.6955 38.74 1.8
    endloop
  endfacet
  facet normal 0.764305 -0.100578 -0.636963
    outer loop
      vertex 63.1375 38.3 3.8147e-07
      vertex 64.6469 38.4777 1.7831
      vertex 64.6376 38.3 1.8
    endloop
  endfacet
  facet normal -0.71225 -0.294976 -0.636938
    outer loop
      vertex 67.8098 39.15 1.8
      vertex 69.4285 39.1282 3.8147e-07
      vertex 67.9796 38.74 1.8
    endloop
  endfacet
  facet normal -0.764326 0.100594 -0.636935
    outer loop
      vertex 67.9796 37.86 1.8
      vertex 69.5375 38.3 3.8147e-07
      vertex 69.4285 37.4718 3.8147e-07
    endloop
  endfacet
  facet normal -0.100581 0.764326 -0.636938
    outer loop
      vertex 66.3375 35.1 3.8147e-07
      vertex 66.7775 36.6579 1.8
      vertex 67.1658 35.209 3.8147e-07
    endloop
  endfacet
  facet normal 0.469389 0.61154 -0.636941
    outer loop
      vertex 64.7375 35.5287 3.8147e-07
      vertex 65.2995 36.9721 1.8
      vertex 65.4875 36.8278 1.8
    endloop
  endfacet
  facet normal 0.472218 0.614039 -0.632428
    outer loop
      vertex 65.2 37.0367 1.78874
      vertex 65.1355 37.0979 1.8
      vertex 65.1749 37.0676 1.8
    endloop
  endfacet
  facet normal 0.469173 0.611667 -0.636977
    outer loop
      vertex 65.2 37.0367 1.78874
      vertex 64.7375 35.5287 3.8147e-07
      vertex 65.1355 37.0979 1.8
    endloop
  endfacet
  facet normal 0.469197 0.611654 -0.636972
    outer loop
      vertex 65.2995 36.9721 1.8
      vertex 64.7375 35.5287 3.8147e-07
      vertex 65.2 37.0367 1.78874
    endloop
  endfacet
  facet normal 0.469359 0.61157 -0.636934
    outer loop
      vertex 64.0748 36.0373 3.8147e-07
      vertex 65.1355 37.0979 1.8
      vertex 64.7375 35.5287 3.8147e-07
    endloop
  endfacet
  facet normal -0.295056 -0.712213 -0.636942
    outer loop
      vertex 66.7775 39.9421 1.8
      vertex 67.1658 41.391 3.8147e-07
      vertex 67.9375 41.0713 3.8147e-07
    endloop
  endfacet
  facet normal 0.611232 -0.468869 -0.637618
    outer loop
      vertex 65.0742 39.4375 1.78874
      vertex 65.1355 39.5021 1.8
      vertex 65.1052 39.4626 1.8
    endloop
  endfacet
  facet normal 0.611665 -0.469236 -0.636933
    outer loop
      vertex 63.5663 39.9 3.8147e-07
      vertex 65.0096 39.3381 1.8
      vertex 64.8653 39.15 1.8
    endloop
  endfacet
  facet normal 0.611596 -0.469336 -0.636925
    outer loop
      vertex 65.0742 39.4375 1.78874
      vertex 63.5663 39.9 3.8147e-07
      vertex 65.1355 39.5021 1.8
    endloop
  endfacet
  facet normal 0.61148 -0.469546 -0.636882
    outer loop
      vertex 65.0096 39.3381 1.8
      vertex 63.5663 39.9 3.8147e-07
      vertex 65.0742 39.4375 1.78874
    endloop
  endfacet
  facet normal -0.469308 0.611595 -0.636947
    outer loop
      vertex 67.1875 36.8278 1.8
      vertex 68.6003 36.0373 3.8147e-07
      vertex 67.9375 35.5287 3.8147e-07
    endloop
  endfacet
  facet normal 0.764311 0.100499 -0.636968
    outer loop
      vertex 64.6685 38.065 1.8
      vertex 63.1375 38.3 3.8147e-07
      vertex 64.6376 38.3 1.8
    endloop
  endfacet
  facet normal 0.764311 0.100514 -0.636966
    outer loop
      vertex 64.6747 37.9465 1.78874
      vertex 63.1375 38.3 3.8147e-07
      vertex 64.6685 38.065 1.8
    endloop
  endfacet
  facet normal 0.763914 0.100719 -0.637409
    outer loop
      vertex 64.6955 37.86 1.8
      vertex 64.6747 37.9465 1.78874
      vertex 64.689 37.9093 1.8
    endloop
  endfacet
  facet normal 0.764318 0.100882 -0.6369
    outer loop
      vertex 64.6747 37.9465 1.78874
      vertex 64.6955 37.86 1.8
      vertex 63.1375 38.3 3.8147e-07
    endloop
  endfacet
  facet normal -0.764326 -0.100594 -0.636935
    outer loop
      vertex 67.9796 38.74 1.8
      vertex 69.4285 39.1282 3.8147e-07
      vertex 69.5375 38.3 3.8147e-07
    endloop
  endfacet
  facet normal -0.712238 -0.295028 -0.636927
    outer loop
      vertex 67.8098 39.15 1.8
      vertex 69.1088 39.9 3.8147e-07
      vertex 69.4285 39.1282 3.8147e-07
    endloop
  endfacet
  facet normal 0.712232 -0.295025 -0.636934
    outer loop
      vertex 63.2466 39.1282 3.8147e-07
      vertex 63.5663 39.9 3.8147e-07
      vertex 64.6955 38.74 1.8
    endloop
  endfacet
  facet normal -0.764326 0.100577 -0.636938
    outer loop
      vertex 68.0282 38.1223 1.7831
      vertex 68.0375 38.3 1.8
      vertex 69.5375 38.3 3.8147e-07
    endloop
  endfacet
  facet normal -0.764985 0.100537 -0.636153
    outer loop
      vertex 68.0375 38.3 1.8
      vertex 68.0282 38.1223 1.7831
      vertex 68.0242 38.1988 1.8
    endloop
  endfacet
  facet normal -0.764326 0.100579 -0.636938
    outer loop
      vertex 67.9796 37.86 1.8
      vertex 68.0282 38.1223 1.7831
      vertex 69.5375 38.3 3.8147e-07
    endloop
  endfacet
  facet normal -0.763493 0.100358 -0.637971
    outer loop
      vertex 68.0282 38.1223 1.7831
      vertex 67.9796 37.86 1.8
      vertex 68.0005 38.019 1.8
    endloop
  endfacet
  facet normal -0.295052 0.712205 -0.636953
    outer loop
      vertex 67.1658 35.209 3.8147e-07
      vertex 67.1875 36.8278 1.8
      vertex 67.9375 35.5287 3.8147e-07
    endloop
  endfacet
  facet normal 0.100593 -0.764324 -0.636938
    outer loop
      vertex 65.5093 41.391 3.8147e-07
      vertex 66.3375 41.5 3.8147e-07
      vertex 65.8976 39.9421 1.8
    endloop
  endfacet
  facet normal -0.763914 -0.100719 -0.637409
    outer loop
      vertex 67.9796 38.74 1.8
      vertex 68.0004 38.6535 1.78874
      vertex 67.9861 38.6907 1.8
    endloop
  endfacet
  facet normal -0.764339 -0.100891 -0.636873
    outer loop
      vertex 69.5375 38.3 3.8147e-07
      vertex 68.0004 38.6535 1.78874
      vertex 67.9796 38.74 1.8
    endloop
  endfacet
  facet normal -0.764331 -0.100513 -0.636942
    outer loop
      vertex 69.5375 38.3 3.8147e-07
      vertex 68.0066 38.535 1.8
      vertex 68.0004 38.6535 1.78874
    endloop
  endfacet
  facet normal -0.764332 -0.100501 -0.636943
    outer loop
      vertex 68.0066 38.535 1.8
      vertex 69.5375 38.3 3.8147e-07
      vertex 68.0375 38.3 1.8
    endloop
  endfacet
  facet normal 0.2952 0.712519 -0.636533
    outer loop
      vertex 65.8976 36.6579 1.8
      vertex 65.6461 36.747 1.7831
      vertex 65.7494 36.7193 1.8
    endloop
  endfacet
  facet normal 0.295106 0.712171 -0.636965
    outer loop
      vertex 65.6461 36.747 1.7831
      vertex 65.8976 36.6579 1.8
      vertex 64.7375 35.5287 3.8147e-07
    endloop
  endfacet
  facet normal 0.29588 0.713592 -0.635013
    outer loop
      vertex 65.6461 36.747 1.7831
      vertex 65.4875 36.8278 1.8
      vertex 65.5818 36.7887 1.8
    endloop
  endfacet
  facet normal 0.294984 0.712238 -0.636948
    outer loop
      vertex 65.4875 36.8278 1.8
      vertex 65.6461 36.747 1.7831
      vertex 64.7375 35.5287 3.8147e-07
    endloop
  endfacet
  facet normal 0 0 -1
    outer loop
      vertex 67.9183 37.7119 1.8
      vertex 68.0005 38.019 1.8
      vertex 67.9796 37.86 1.8
    endloop
  endfacet
  facet normal 0 0 -1
    outer loop
      vertex 64.6376 38.3 1.8
      vertex 64.6509 38.4012 1.8
      vertex 64.6685 38.065 1.8
    endloop
  endfacet
  facet normal 0 0 -1
    outer loop
      vertex 68.0066 38.535 1.8
      vertex 68.0375 38.3 1.8
      vertex 68.0242 38.1988 1.8
    endloop
  endfacet
  facet normal 0 0 -1
    outer loop
      vertex 65.1052 39.4626 1.8
      vertex 65.1355 39.5021 1.8
      vertex 65.4875 39.7722 1.8
    endloop
  endfacet
  facet normal 0 0 -1
    outer loop
      vertex 67.5001 39.5324 1.8
      vertex 67.5396 39.5021 1.8
      vertex 67.8098 39.15 1.8
    endloop
  endfacet
  facet normal 0 0 -1
    outer loop
      vertex 66.7282 36.6514 1.8
      vertex 67.1875 36.8278 1.8
      vertex 66.7775 36.6579 1.8
    endloop
  endfacet
  facet normal 0 0 -1
    outer loop
      vertex 67.1875 36.8278 1.8
      vertex 67.5699 37.1374 1.8
      vertex 67.5396 37.0979 1.8
    endloop
  endfacet
  facet normal 0 0 -1
    outer loop
      vertex 65.4875 39.7722 1.8
      vertex 65.8976 39.9421 1.8
      vertex 65.9469 39.9486 1.8
    endloop
  endfacet
  facet normal 0 0 -1
    outer loop
      vertex 66.2364 36.6133 1.8
      vertex 66.5726 36.6309 1.8
      vertex 66.3375 36.6 1.8
    endloop
  endfacet
  facet normal 0 0 -1
    outer loop
      vertex 67.8098 39.15 1.8
      vertex 67.9796 38.74 1.8
      vertex 67.9861 38.6907 1.8
    endloop
  endfacet
  facet normal 0 0 -1
    outer loop
      vertex 65.2995 36.9721 1.8
      vertex 65.5818 36.7887 1.8
      vertex 65.4875 36.8278 1.8
    endloop
  endfacet
  facet normal 0 0 -1
    outer loop
      vertex 64.8262 39.0557 1.8
      vertex 64.8653 39.15 1.8
      vertex 65.0096 39.3381 1.8
    endloop
  endfacet
  facet normal 0 0 -1
    outer loop
      vertex 64.689 37.9093 1.8
      vertex 64.8653 37.45 1.8
      vertex 64.6955 37.86 1.8
    endloop
  endfacet
  facet normal 0 0 -1
    outer loop
      vertex 64.8653 37.45 1.8
      vertex 65.1749 37.0676 1.8
      vertex 65.1355 37.0979 1.8
    endloop
  endfacet
  facet normal 0 0 -1
    outer loop
      vertex 65.7494 36.7193 1.8
      vertex 66.0565 36.637 1.8
      vertex 65.8976 36.6579 1.8
    endloop
  endfacet
  facet normal 0 0 -1
    outer loop
      vertex 66.1025 39.9691 1.8
      vertex 66.3375 40 1.8
      vertex 66.4387 39.9867 1.8
    endloop
  endfacet
  facet normal 0 0 -1
    outer loop
      vertex 64.6745 38.581 1.8
      vertex 64.6955 38.74 1.8
      vertex 64.7568 38.8881 1.8
    endloop
  endfacet
  facet normal 0 0 -1
    outer loop
      vertex 67.6655 37.2619 1.8
      vertex 67.8488 37.5443 1.8
      vertex 67.8098 37.45 1.8
    endloop
  endfacet
  facet normal 0 0 -1
    outer loop
      vertex 66.6186 39.963 1.8
      vertex 66.7775 39.9421 1.8
      vertex 66.9257 39.8807 1.8
    endloop
  endfacet
  facet normal 0 0 -1
    outer loop
      vertex 67.0932 39.8113 1.8
      vertex 67.1875 39.7722 1.8
      vertex 67.3756 39.6279 1.8
    endloop
  endfacet
  facet normal -0.611665 0.469236 -0.636933
    outer loop
      vertex 69.1088 36.7 3.8147e-07
      vertex 67.6655 37.2619 1.8
      vertex 67.8098 37.45 1.8
    endloop
  endfacet
  facet normal -0.61148 0.469546 -0.636882
    outer loop
      vertex 69.1088 36.7 3.8147e-07
      vertex 67.6009 37.1625 1.78874
      vertex 67.6655 37.2619 1.8
    endloop
  endfacet
  facet normal -0.611596 0.469336 -0.636925
    outer loop
      vertex 67.5396 37.0979 1.8
      vertex 67.6009 37.1625 1.78874
      vertex 69.1088 36.7 3.8147e-07
    endloop
  endfacet
  facet normal -0.611232 0.468869 -0.637618
    outer loop
      vertex 67.6009 37.1625 1.78874
      vertex 67.5396 37.0979 1.8
      vertex 67.5699 37.1374 1.8
    endloop
  endfacet
  facet normal 0.712238 0.295028 -0.636927
    outer loop
      vertex 63.2466 37.4718 3.8147e-07
      vertex 64.8653 37.45 1.8
      vertex 63.5663 36.7 3.8147e-07
    endloop
  endfacet
  facet normal -0.469228 0.611682 -0.636922
    outer loop
      vertex 67.1875 36.8278 1.8
      vertex 67.5396 37.0979 1.8
      vertex 68.6003 36.0373 3.8147e-07
    endloop
  endfacet
  facet normal 0.295022 0.712225 -0.636944
    outer loop
      vertex 64.7375 35.5287 3.8147e-07
      vertex 65.8976 36.6579 1.8
      vertex 65.5093 35.209 3.8147e-07
    endloop
  endfacet
  facet normal 0.100593 0.764324 -0.636938
    outer loop
      vertex 65.5093 35.209 3.8147e-07
      vertex 65.8976 36.6579 1.8
      vertex 66.3375 35.1 3.8147e-07
    endloop
  endfacet
  facet normal -0.100537 -0.764985 -0.636153
    outer loop
      vertex 66.3375 40 1.8
      vertex 66.5152 39.9907 1.7831
      vertex 66.4387 39.9867 1.8
    endloop
  endfacet
  facet normal -0.100577 -0.764326 -0.636938
    outer loop
      vertex 66.5152 39.9907 1.7831
      vertex 66.3375 40 1.8
      vertex 66.3375 41.5 3.8147e-07
    endloop
  endfacet
  facet normal -0.100484 -0.763965 -0.637385
    outer loop
      vertex 66.5152 39.9907 1.7831
      vertex 66.7775 39.9421 1.8
      vertex 66.6186 39.963 1.8
    endloop
  endfacet
  facet normal -0.100579 -0.764326 -0.636938
    outer loop
      vertex 66.7775 39.9421 1.8
      vertex 66.5152 39.9907 1.7831
      vertex 66.3375 41.5 3.8147e-07
    endloop
  endfacet
  facet normal 0.100606 0.764758 -0.636414
    outer loop
      vertex 66.3375 36.6 1.8
      vertex 66.1599 36.6093 1.7831
      vertex 66.2364 36.6133 1.8
    endloop
  endfacet
  facet normal 0.100633 0.764321 -0.636935
    outer loop
      vertex 66.1599 36.6093 1.7831
      vertex 66.3375 36.6 1.8
      vertex 66.3375 35.1 3.8147e-07
    endloop
  endfacet
  facet normal 0.100484 0.763965 -0.637385
    outer loop
      vertex 66.1599 36.6093 1.7831
      vertex 65.8976 36.6579 1.8
      vertex 66.0565 36.637 1.8
    endloop
  endfacet
  facet normal 0.100579 0.764323 -0.636941
    outer loop
      vertex 65.8976 36.6579 1.8
      vertex 66.1599 36.6093 1.7831
      vertex 66.3375 35.1 3.8147e-07
    endloop
  endfacet
  facet normal 0.101155 -0.767221 -0.633355
    outer loop
      vertex 65.8976 39.9421 1.8
      vertex 65.9841 39.9628 1.78874
      vertex 65.9469 39.9486 1.8
    endloop
  endfacet
  facet normal 0.099972 -0.764297 -0.637068
    outer loop
      vertex 65.9841 39.9628 1.78874
      vertex 65.8976 39.9421 1.8
      vertex 66.3375 41.5 3.8147e-07
    endloop
  endfacet
  facet normal 0.101233 -0.764322 -0.636839
    outer loop
      vertex 66.3375 41.5 3.8147e-07
      vertex 66.1025 39.9691 1.8
      vertex 65.9841 39.9628 1.78874
    endloop
  endfacet
  facet normal 0.100501 -0.764332 -0.636943
    outer loop
      vertex 66.1025 39.9691 1.8
      vertex 66.3375 41.5 3.8147e-07
      vertex 66.3375 40 1.8
    endloop
  endfacet
  facet normal 0.76431 0.100684 -0.636941
    outer loop
      vertex 63.1375 38.3 3.8147e-07
      vertex 64.6955 37.86 1.8
      vertex 63.2466 37.4718 3.8147e-07
    endloop
  endfacet
  facet normal -0.100581 -0.764326 -0.636938
    outer loop
      vertex 66.3375 41.5 3.8147e-07
      vertex 67.1658 41.391 3.8147e-07
      vertex 66.7775 39.9421 1.8
    endloop
  endfacet
  facet normal 0.71225 0.294976 -0.636938
    outer loop
      vertex 63.2466 37.4718 3.8147e-07
      vertex 64.6955 37.86 1.8
      vertex 64.8653 37.45 1.8
    endloop
  endfacet
  facet normal -0.469316 -0.611606 -0.63693
    outer loop
      vertex 67.5396 39.5021 1.8
      vertex 67.9375 41.0713 3.8147e-07
      vertex 68.6003 40.5627 3.8147e-07
    endloop
  endfacet
  facet normal 0.29502 -0.71222 -0.63695
    outer loop
      vertex 64.7375 41.0713 3.8147e-07
      vertex 65.5093 41.391 3.8147e-07
      vertex 65.4875 39.7722 1.8
    endloop
  endfacet
  facet normal 0.611589 0.469331 -0.636936
    outer loop
      vertex 64.0748 36.0373 3.8147e-07
      vertex 64.8653 37.45 1.8
      vertex 65.1355 37.0979 1.8
    endloop
  endfacet
  facet normal 0.76431 -0.100684 -0.636941
    outer loop
      vertex 63.1375 38.3 3.8147e-07
      vertex 63.2466 39.1282 3.8147e-07
      vertex 64.6955 38.74 1.8
    endloop
  endfacet
  facet normal 0.712799 -0.295551 -0.636056
    outer loop
      vertex 64.7845 38.9915 1.7831
      vertex 64.8653 39.15 1.8
      vertex 64.8262 39.0557 1.8
    endloop
  endfacet
  facet normal 0.712183 -0.295143 -0.636935
    outer loop
      vertex 64.8653 39.15 1.8
      vertex 64.7845 38.9915 1.7831
      vertex 63.5663 39.9 3.8147e-07
    endloop
  endfacet
  facet normal 0.712568 -0.294939 -0.636599
    outer loop
      vertex 64.6955 38.74 1.8
      vertex 64.7845 38.9915 1.7831
      vertex 64.7568 38.8881 1.8
    endloop
  endfacet
  facet normal 0.712328 -0.294874 -0.636897
    outer loop
      vertex 64.7845 38.9915 1.7831
      vertex 64.6955 38.74 1.8
      vertex 63.5663 39.9 3.8147e-07
    endloop
  endfacet
  facet normal 0.469354 -0.611563 -0.636943
    outer loop
      vertex 64.0748 40.5627 3.8147e-07
      vertex 64.7375 41.0713 3.8147e-07
      vertex 65.4875 39.7722 1.8
    endloop
  endfacet
  facet normal 0.611618 0.469304 -0.636928
    outer loop
      vertex 63.5663 36.7 3.8147e-07
      vertex 64.8653 37.45 1.8
      vertex 64.0748 36.0373 3.8147e-07
    endloop
  endfacet
  facet normal 0.295061 -0.712211 -0.636942
    outer loop
      vertex 65.4875 39.7722 1.8
      vertex 65.5093 41.391 3.8147e-07
      vertex 65.8976 39.9421 1.8
    endloop
  endfacet
  facet normal -0.2952 -0.712519 -0.636533
    outer loop
      vertex 66.7775 39.9421 1.8
      vertex 67.029 39.853 1.7831
      vertex 66.9257 39.8807 1.8
    endloop
  endfacet
  facet normal -0.295108 -0.712179 -0.636955
    outer loop
      vertex 67.029 39.853 1.7831
      vertex 66.7775 39.9421 1.8
      vertex 67.9375 41.0713 3.8147e-07
    endloop
  endfacet
  facet normal -0.295551 -0.712799 -0.636056
    outer loop
      vertex 67.029 39.853 1.7831
      vertex 67.1875 39.7722 1.8
      vertex 67.0932 39.8113 1.8
    endloop
  endfacet
  facet normal -0.295132 -0.712166 -0.636958
    outer loop
      vertex 67.1875 39.7722 1.8
      vertex 67.029 39.853 1.7831
      vertex 67.9375 41.0713 3.8147e-07
    endloop
  endfacet
  facet normal -0.469247 -0.611725 -0.636867
    outer loop
      vertex 67.4751 39.5633 1.78874
      vertex 67.5396 39.5021 1.8
      vertex 67.5001 39.5324 1.8
    endloop
  endfacet
  facet normal -0.469184 -0.611676 -0.636961
    outer loop
      vertex 67.5396 39.5021 1.8
      vertex 67.4751 39.5633 1.78874
      vertex 67.9375 41.0713 3.8147e-07
    endloop
  endfacet
  facet normal -0.469203 -0.611665 -0.636957
    outer loop
      vertex 67.3756 39.6279 1.8
      vertex 67.9375 41.0713 3.8147e-07
      vertex 67.4751 39.5633 1.78874
    endloop
  endfacet
  facet normal -0.469226 -0.611652 -0.636953
    outer loop
      vertex 67.9375 41.0713 3.8147e-07
      vertex 67.3756 39.6279 1.8
      vertex 67.1875 39.7722 1.8
    endloop
  endfacet
  facet normal 0.454096 -0.890953 -7.10794e-06
    outer loop
      vertex -0.630979 78.163 1.8
      vertex -0.999234 77.9753 3
      vertex -0.930974 78.0101 1.8
    endloop
  endfacet
  facet normal 0.454196 -0.890902 0
    outer loop
      vertex -0.930974 78.0101 1.8
      vertex -0.999234 77.9753 3
      vertex -0.999234 77.9753 1.7831
    endloop
  endfacet
  facet normal 0.45404 -0.890981 -2.8806e-05
    outer loop
      vertex -0.999234 77.9753 3
      vertex -0.630979 78.163 1.8
      vertex -0.525329 78.2168 3
    endloop
  endfacet
  facet normal 0.45378 -0.891114 0
    outer loop
      vertex -0.525329 78.2168 3
      vertex -0.630979 78.163 1.8
      vertex -0.525329 78.2168 1.78874
    endloop
  endfacet
  facet normal 0.156427 -0.987689 2.78815e-05
    outer loop
      vertex -0.525329 78.2168 3
      vertex -0.485968 78.223 1.8
      vertex 0 78.3 3
    endloop
  endfacet
  facet normal 0.155598 -0.98782 0
    outer loop
      vertex -0.485968 78.223 1.8
      vertex -0.525329 78.2168 3
      vertex -0.525329 78.2168 1.78874
    endloop
  endfacet
  facet normal 0.156494 -0.987679 0
    outer loop
      vertex 0 78.3 3
      vertex -0.485968 78.223 1.8
      vertex 0 78.3 1.8
    endloop
  endfacet
  facet normal 0.707111 -0.707103 -4.07737e-05
    outer loop
      vertex -1.37533 77.5992 3
      vertex -1.2997 77.6749 1.8
      vertex -0.999234 77.9753 3
    endloop
  endfacet
  facet normal 0.707434 -0.70678 0
    outer loop
      vertex -1.2997 77.6749 1.8
      vertex -1.37533 77.5992 3
      vertex -1.37533 77.5992 1.7831
    endloop
  endfacet
  facet normal 0.70706 -0.707154 -1.52672e-05
    outer loop
      vertex -1.07487 77.8997 1.8
      vertex -0.999234 77.9753 3
      vertex -1.2997 77.6749 1.8
    endloop
  endfacet
  facet normal 0.706938 -0.707275 0
    outer loop
      vertex -0.999234 77.9753 3
      vertex -1.07487 77.8997 1.8
      vertex -0.999234 77.9753 1.7831
    endloop
  endfacet
  facet normal -0.987667 -0.156569 0
    outer loop
      vertex 1.62303 77.086 1.8
      vertex 1.6168 77.1253 3
      vertex 1.6168 77.1253 1.78874
    endloop
  endfacet
  facet normal -0.98769 -0.156425 -0
    outer loop
      vertex 1.7 76.6 3
      vertex 1.62303 77.086 1.8
      vertex 1.7 76.6 1.8
    endloop
  endfacet
  facet normal -0.987688 -0.156436 -4.47966e-06
    outer loop
      vertex 1.62303 77.086 1.8
      vertex 1.7 76.6 3
      vertex 1.6168 77.1253 3
    endloop
  endfacet
  facet normal 0.891064 0.453878 0
    outer loop
      vertex -1.6168 76.0747 3
      vertex -1.56296 75.969 1.8
      vertex -1.6168 76.0747 1.78874
    endloop
  endfacet
  facet normal 0.891002 0.453999 -1.34791e-05
    outer loop
      vertex -1.37533 75.6008 3
      vertex -1.56296 75.969 1.8
      vertex -1.6168 76.0747 3
    endloop
  endfacet
  facet normal 0.891016 0.453972 -2.38347e-05
    outer loop
      vertex -1.56296 75.969 1.8
      vertex -1.37533 75.6008 3
      vertex -1.41011 75.669 1.8
    endloop
  endfacet
  facet normal 0.890846 0.454305 0
    outer loop
      vertex -1.41011 75.669 1.8
      vertex -1.37533 75.6008 3
      vertex -1.37533 75.6008 1.7831
    endloop
  endfacet
  facet normal -0.890846 -0.454305 0
    outer loop
      vertex 1.41011 77.531 1.8
      vertex 1.37533 77.5992 3
      vertex 1.37533 77.5992 1.7831
    endloop
  endfacet
  facet normal -0.891016 -0.453972 -2.38347e-05
    outer loop
      vertex 1.56296 77.231 1.8
      vertex 1.37533 77.5992 3
      vertex 1.41011 77.531 1.8
    endloop
  endfacet
  facet normal -0.891064 -0.453878 -0
    outer loop
      vertex 1.6168 77.1253 3
      vertex 1.56296 77.231 1.8
      vertex 1.6168 77.1253 1.78874
    endloop
  endfacet
  facet normal -0.891002 -0.453999 -1.34791e-05
    outer loop
      vertex 1.56296 77.231 1.8
      vertex 1.6168 77.1253 3
      vertex 1.37533 77.5992 3
    endloop
  endfacet
  facet normal -0.707111 -0.707103 -2.16871e-05
    outer loop
      vertex 0.999234 77.9753 3
      vertex 1.07487 77.8997 1.8
      vertex 1.37533 77.5992 3
    endloop
  endfacet
  facet normal -0.706938 -0.707275 0
    outer loop
      vertex 1.07487 77.8997 1.8
      vertex 0.999234 77.9753 3
      vertex 0.999234 77.9753 1.7831
    endloop
  endfacet
  facet normal -0.70706 -0.707154 -4.71976e-05
    outer loop
      vertex 1.2997 77.6749 1.8
      vertex 1.37533 77.5992 3
      vertex 1.07487 77.8997 1.8
    endloop
  endfacet
  facet normal -0.707434 -0.70678 -0
    outer loop
      vertex 1.37533 77.5992 3
      vertex 1.2997 77.6749 1.8
      vertex 1.37533 77.5992 1.7831
    endloop
  endfacet
  facet normal -0.98769 0.156425 0
    outer loop
      vertex 1.62303 76.114 1.8
      vertex 1.7 76.6 3
      vertex 1.7 76.6 1.8
    endloop
  endfacet
  facet normal -0.987667 0.156569 0
    outer loop
      vertex 1.6168 76.0747 3
      vertex 1.62303 76.114 1.8
      vertex 1.6168 76.0747 1.78874
    endloop
  endfacet
  facet normal -0.987688 0.156436 -4.47966e-06
    outer loop
      vertex 1.62303 76.114 1.8
      vertex 1.6168 76.0747 3
      vertex 1.7 76.6 3
    endloop
  endfacet
  facet normal 0.45404 0.890981 -2.8806e-05
    outer loop
      vertex -0.525329 74.9832 3
      vertex -0.630979 75.037 1.8
      vertex -0.999234 75.2247 3
    endloop
  endfacet
  facet normal 0.45378 0.891114 0
    outer loop
      vertex -0.630979 75.037 1.8
      vertex -0.525329 74.9832 3
      vertex -0.525329 74.9832 1.78874
    endloop
  endfacet
  facet normal 0.454096 0.890953 -7.10794e-06
    outer loop
      vertex -0.930974 75.1899 1.8
      vertex -0.999234 75.2247 3
      vertex -0.630979 75.037 1.8
    endloop
  endfacet
  facet normal 0.454196 0.890902 0
    outer loop
      vertex -0.999234 75.2247 3
      vertex -0.930974 75.1899 1.8
      vertex -0.999234 75.2247 1.7831
    endloop
  endfacet
  facet normal -0.156494 -0.987679 0
    outer loop
      vertex 0.485968 78.223 1.8
      vertex 0 78.3 3
      vertex 0 78.3 1.8
    endloop
  endfacet
  facet normal -0.156427 -0.987689 2.78815e-05
    outer loop
      vertex 0 78.3 3
      vertex 0.485968 78.223 1.8
      vertex 0.525329 78.2168 3
    endloop
  endfacet
  facet normal -0.155598 -0.98782 -0
    outer loop
      vertex 0.525329 78.2168 3
      vertex 0.485968 78.223 1.8
      vertex 0.525329 78.2168 1.78874
    endloop
  endfacet
  facet normal 0.156494 0.987679 0
    outer loop
      vertex -0.485968 74.977 1.8
      vertex 0 74.9 3
      vertex 0 74.9 1.8
    endloop
  endfacet
  facet normal 0.156427 0.987689 2.78815e-05
    outer loop
      vertex 0 74.9 3
      vertex -0.485968 74.977 1.8
      vertex -0.525329 74.9832 3
    endloop
  endfacet
  facet normal 0.155598 0.98782 0
    outer loop
      vertex -0.525329 74.9832 3
      vertex -0.485968 74.977 1.8
      vertex -0.525329 74.9832 1.78874
    endloop
  endfacet
  facet normal -0.45404 -0.890981 -2.8806e-05
    outer loop
      vertex 0.525329 78.2168 3
      vertex 0.630979 78.163 1.8
      vertex 0.999234 77.9753 3
    endloop
  endfacet
  facet normal -0.45378 -0.891114 0
    outer loop
      vertex 0.630979 78.163 1.8
      vertex 0.525329 78.2168 3
      vertex 0.525329 78.2168 1.78874
    endloop
  endfacet
  facet normal -0.454096 -0.890953 -7.10794e-06
    outer loop
      vertex 0.930974 78.0101 1.8
      vertex 0.999234 77.9753 3
      vertex 0.630979 78.163 1.8
    endloop
  endfacet
  facet normal -0.454196 -0.890902 -0
    outer loop
      vertex 0.999234 77.9753 3
      vertex 0.930974 78.0101 1.8
      vertex 0.999234 77.9753 1.7831
    endloop
  endfacet
  facet normal 0.987667 -0.156569 0
    outer loop
      vertex -1.6168 77.1253 3
      vertex -1.62303 77.086 1.8
      vertex -1.6168 77.1253 1.78874
    endloop
  endfacet
  facet normal 0.987688 -0.156436 -4.47966e-06
    outer loop
      vertex -1.7 76.6 3
      vertex -1.62303 77.086 1.8
      vertex -1.6168 77.1253 3
    endloop
  endfacet
  facet normal 0.98769 -0.156425 0
    outer loop
      vertex -1.62303 77.086 1.8
      vertex -1.7 76.6 3
      vertex -1.7 76.6 1.8
    endloop
  endfacet
  facet normal 0.890846 -0.454305 0
    outer loop
      vertex -1.37533 77.5992 3
      vertex -1.41011 77.531 1.8
      vertex -1.37533 77.5992 1.7831
    endloop
  endfacet
  facet normal 0.891016 -0.453972 -2.38347e-05
    outer loop
      vertex -1.37533 77.5992 3
      vertex -1.56296 77.231 1.8
      vertex -1.41011 77.531 1.8
    endloop
  endfacet
  facet normal 0.891002 -0.453999 -1.34791e-05
    outer loop
      vertex -1.6168 77.1253 3
      vertex -1.56296 77.231 1.8
      vertex -1.37533 77.5992 3
    endloop
  endfacet
  facet normal 0.891064 -0.453878 0
    outer loop
      vertex -1.56296 77.231 1.8
      vertex -1.6168 77.1253 3
      vertex -1.6168 77.1253 1.78874
    endloop
  endfacet
  facet normal -0.454096 0.890953 -7.10794e-06
    outer loop
      vertex 0.630979 75.037 1.8
      vertex 0.999234 75.2247 3
      vertex 0.930974 75.1899 1.8
    endloop
  endfacet
  facet normal -0.454196 0.890902 0
    outer loop
      vertex 0.930974 75.1899 1.8
      vertex 0.999234 75.2247 3
      vertex 0.999234 75.2247 1.7831
    endloop
  endfacet
  facet normal -0.45404 0.890981 -2.8806e-05
    outer loop
      vertex 0.999234 75.2247 3
      vertex 0.630979 75.037 1.8
      vertex 0.525329 74.9832 3
    endloop
  endfacet
  facet normal -0.45378 0.891114 0
    outer loop
      vertex 0.525329 74.9832 3
      vertex 0.630979 75.037 1.8
      vertex 0.525329 74.9832 1.78874
    endloop
  endfacet
  facet normal 0.98769 0.156425 0
    outer loop
      vertex -1.7 76.6 3
      vertex -1.62303 76.114 1.8
      vertex -1.7 76.6 1.8
    endloop
  endfacet
  facet normal 0.987688 0.156436 -4.47966e-06
    outer loop
      vertex -1.6168 76.0747 3
      vertex -1.62303 76.114 1.8
      vertex -1.7 76.6 3
    endloop
  endfacet
  facet normal 0.987667 0.156569 0
    outer loop
      vertex -1.62303 76.114 1.8
      vertex -1.6168 76.0747 3
      vertex -1.6168 76.0747 1.78874
    endloop
  endfacet
  facet normal -0.707434 0.70678 0
    outer loop
      vertex 1.2997 75.5251 1.8
      vertex 1.37533 75.6008 3
      vertex 1.37533 75.6008 1.7831
    endloop
  endfacet
  facet normal -0.70706 0.707154 -4.71976e-05
    outer loop
      vertex 1.07487 75.3003 1.8
      vertex 1.37533 75.6008 3
      vertex 1.2997 75.5251 1.8
    endloop
  endfacet
  facet normal -0.706938 0.707275 0
    outer loop
      vertex 0.999234 75.2247 3
      vertex 1.07487 75.3003 1.8
      vertex 0.999234 75.2247 1.7831
    endloop
  endfacet
  facet normal -0.707111 0.707103 -2.16871e-05
    outer loop
      vertex 1.07487 75.3003 1.8
      vertex 0.999234 75.2247 3
      vertex 1.37533 75.6008 3
    endloop
  endfacet
  facet normal 0.707434 0.70678 0
    outer loop
      vertex -1.37533 75.6008 3
      vertex -1.2997 75.5251 1.8
      vertex -1.37533 75.6008 1.7831
    endloop
  endfacet
  facet normal 0.70706 0.707154 -4.71976e-05
    outer loop
      vertex -1.37533 75.6008 3
      vertex -1.07487 75.3003 1.8
      vertex -1.2997 75.5251 1.8
    endloop
  endfacet
  facet normal 0.707111 0.707103 -2.16871e-05
    outer loop
      vertex -0.999234 75.2247 3
      vertex -1.07487 75.3003 1.8
      vertex -1.37533 75.6008 3
    endloop
  endfacet
  facet normal 0.706938 0.707275 0
    outer loop
      vertex -1.07487 75.3003 1.8
      vertex -0.999234 75.2247 3
      vertex -0.999234 75.2247 1.7831
    endloop
  endfacet
  facet normal -0.156427 0.987689 2.78815e-05
    outer loop
      vertex 0.525329 74.9832 3
      vertex 0.485968 74.977 1.8
      vertex 0 74.9 3
    endloop
  endfacet
  facet normal -0.155598 0.98782 0
    outer loop
      vertex 0.485968 74.977 1.8
      vertex 0.525329 74.9832 3
      vertex 0.525329 74.9832 1.78874
    endloop
  endfacet
  facet normal -0.156494 0.987679 0
    outer loop
      vertex 0 74.9 3
      vertex 0.485968 74.977 1.8
      vertex 0 74.9 1.8
    endloop
  endfacet
  facet normal -0.891064 0.453878 0
    outer loop
      vertex 1.56296 75.969 1.8
      vertex 1.6168 76.0747 3
      vertex 1.6168 76.0747 1.78874
    endloop
  endfacet
  facet normal -0.891016 0.453972 -2.38347e-05
    outer loop
      vertex 1.37533 75.6008 3
      vertex 1.56296 75.969 1.8
      vertex 1.41011 75.669 1.8
    endloop
  endfacet
  facet normal -0.890846 0.454305 0
    outer loop
      vertex 1.37533 75.6008 3
      vertex 1.41011 75.669 1.8
      vertex 1.37533 75.6008 1.7831
    endloop
  endfacet
  facet normal -0.891002 0.453999 -1.34791e-05
    outer loop
      vertex 1.56296 75.969 1.8
      vertex 1.37533 75.6008 3
      vertex 1.6168 76.0747 3
    endloop
  endfacet
  facet normal -0.612618 -0.469901 -0.635525
    outer loop
      vertex 1.37533 77.5992 1.7831
      vertex 1.47224 77.45 1.8
      vertex 1.41011 77.531 1.8
    endloop
  endfacet
  facet normal -0.611562 -0.469374 -0.63693
    outer loop
      vertex 1.47224 77.45 1.8
      vertex 1.37533 77.5992 1.7831
      vertex 2.77128 78.2 3.8147e-07
    endloop
  endfacet
  facet normal -0.611785 -0.469013 -0.636983
    outer loop
      vertex 1.2997 77.6749 1.8
      vertex 2.77128 78.2 3.8147e-07
      vertex 1.37533 77.5992 1.7831
    endloop
  endfacet
  facet normal -0.611583 -0.469361 -0.636919
    outer loop
      vertex 2.77128 78.2 3.8147e-07
      vertex 1.2997 77.6749 1.8
      vertex 1.20208 77.8021 1.8
    endloop
  endfacet
  facet normal 0.71224 0.29501 -0.636933
    outer loop
      vertex -3.09096 75.7718 3.8147e-07
      vertex -1.64207 76.16 1.8
      vertex -2.77128 75 3.8147e-07
    endloop
  endfacet
  facet normal 0.100591 -0.764325 -0.636937
    outer loop
      vertex -0.82822 79.691 3.8147e-07
      vertex 0 79.8 3.8147e-07
      vertex 0 78.3 1.8
    endloop
  endfacet
  facet normal 0.10058 -0.764328 -0.636935
    outer loop
      vertex -0.439992 78.2421 1.8
      vertex -0.82822 79.691 3.8147e-07
      vertex 0 78.3 1.8
    endloop
  endfacet
  facet normal -0.71224 -0.29501 -0.636933
    outer loop
      vertex 1.64207 77.04 1.8
      vertex 2.77128 78.2 3.8147e-07
      vertex 3.09096 77.4282 3.8147e-07
    endloop
  endfacet
  facet normal -0.764322 0.10063 -0.636935
    outer loop
      vertex 1.64207 76.16 1.8
      vertex 1.7 76.6 1.8
      vertex 3.09096 75.7718 3.8147e-07
    endloop
  endfacet
  facet normal -0.713221 0.295211 -0.635741
    outer loop
      vertex 1.64207 76.16 1.8
      vertex 1.6168 76.0747 1.78874
      vertex 1.62303 76.114 1.8
    endloop
  endfacet
  facet normal -0.71227 0.294956 -0.636924
    outer loop
      vertex 2.77128 75 3.8147e-07
      vertex 1.56296 75.969 1.8
      vertex 1.6168 76.0747 1.78874
    endloop
  endfacet
  facet normal -0.712225 0.295037 -0.636937
    outer loop
      vertex 1.56296 75.969 1.8
      vertex 2.77128 75 3.8147e-07
      vertex 1.47224 75.75 1.8
    endloop
  endfacet
  facet normal -0.712202 0.295069 -0.636948
    outer loop
      vertex 2.77128 75 3.8147e-07
      vertex 1.6168 76.0747 1.78874
      vertex 1.64207 76.16 1.8
    endloop
  endfacet
  facet normal 0.764322 0.10063 -0.636935
    outer loop
      vertex -3.09096 75.7718 3.8147e-07
      vertex -1.7 76.6 1.8
      vertex -1.64207 76.16 1.8
    endloop
  endfacet
  facet normal -0.611601 -0.469328 -0.636927
    outer loop
      vertex 1.20208 77.8021 1.8
      vertex 2.26274 78.8627 3.8147e-07
      vertex 2.77128 78.2 3.8147e-07
    endloop
  endfacet
  facet normal 0.469654 0.612403 -0.635915
    outer loop
      vertex -0.849999 75.1278 1.8
      vertex -0.999234 75.2247 1.7831
      vertex -0.930974 75.1899 1.8
    endloop
  endfacet
  facet normal 0.469106 0.611722 -0.636974
    outer loop
      vertex -1.6 73.8287 3.8147e-07
      vertex -1.07487 75.3003 1.8
      vertex -0.999234 75.2247 1.7831
    endloop
  endfacet
  facet normal 0.469265 0.611631 -0.636945
    outer loop
      vertex -1.07487 75.3003 1.8
      vertex -1.6 73.8287 3.8147e-07
      vertex -1.20208 75.3979 1.8
    endloop
  endfacet
  facet normal 0.469266 0.611624 -0.63695
    outer loop
      vertex -1.6 73.8287 3.8147e-07
      vertex -0.999234 75.2247 1.7831
      vertex -0.849999 75.1278 1.8
    endloop
  endfacet
  facet normal -0.10058 -0.764328 -0.636935
    outer loop
      vertex 0.82822 79.691 3.8147e-07
      vertex 0.439992 78.2421 1.8
      vertex 0 78.3 1.8
    endloop
  endfacet
  facet normal -0.469345 -0.611588 -0.636926
    outer loop
      vertex 1.20208 77.8021 1.8
      vertex 1.6 79.3713 3.8147e-07
      vertex 2.26274 78.8627 3.8147e-07
    endloop
  endfacet
  facet normal -0.71224 0.29501 -0.636933
    outer loop
      vertex 1.64207 76.16 1.8
      vertex 3.09096 75.7718 3.8147e-07
      vertex 2.77128 75 3.8147e-07
    endloop
  endfacet
  facet normal -0.295227 0.712121 -0.636965
    outer loop
      vertex 1.6 73.8287 3.8147e-07
      vertex 0.630979 75.037 1.8
      vertex 0.849999 75.1278 1.8
    endloop
  endfacet
  facet normal -0.294831 0.709693 -0.639852
    outer loop
      vertex 0.525329 74.9832 1.78874
      vertex 0.439992 74.9579 1.8
      vertex 0.485968 74.977 1.8
    endloop
  endfacet
  facet normal -0.294857 0.712328 -0.636905
    outer loop
      vertex 0.630979 75.037 1.8
      vertex 1.6 73.8287 3.8147e-07
      vertex 0.525329 74.9832 1.78874
    endloop
  endfacet
  facet normal -0.295175 0.712136 -0.636972
    outer loop
      vertex 0.525329 74.9832 1.78874
      vertex 1.6 73.8287 3.8147e-07
      vertex 0.439992 74.9579 1.8
    endloop
  endfacet
  facet normal -0.295031 0.712228 -0.636937
    outer loop
      vertex 0.439992 74.9579 1.8
      vertex 1.6 73.8287 3.8147e-07
      vertex 0.82822 73.509 3.8147e-07
    endloop
  endfacet
  facet normal 0.469345 -0.611588 -0.636926
    outer loop
      vertex -2.26274 78.8627 3.8147e-07
      vertex -1.6 79.3713 3.8147e-07
      vertex -1.20208 77.8021 1.8
    endloop
  endfacet
  facet normal 0.713221 0.295211 -0.635741
    outer loop
      vertex -1.6168 76.0747 1.78874
      vertex -1.64207 76.16 1.8
      vertex -1.62303 76.114 1.8
    endloop
  endfacet
  facet normal 0.712225 0.295037 -0.636937
    outer loop
      vertex -2.77128 75 3.8147e-07
      vertex -1.56296 75.969 1.8
      vertex -1.47224 75.75 1.8
    endloop
  endfacet
  facet normal 0.712202 0.295069 -0.636948
    outer loop
      vertex -1.6168 76.0747 1.78874
      vertex -2.77128 75 3.8147e-07
      vertex -1.64207 76.16 1.8
    endloop
  endfacet
  facet normal 0.71227 0.294956 -0.636924
    outer loop
      vertex -1.56296 75.969 1.8
      vertex -2.77128 75 3.8147e-07
      vertex -1.6168 76.0747 1.78874
    endloop
  endfacet
  facet normal -0.764322 -0.10063 -0.636935
    outer loop
      vertex 1.7 76.6 1.8
      vertex 3.09096 77.4282 3.8147e-07
      vertex 3.2 76.6 3.8147e-07
    endloop
  endfacet
  facet normal 0.294831 0.709693 -0.639852
    outer loop
      vertex -0.439992 74.9579 1.8
      vertex -0.525329 74.9832 1.78874
      vertex -0.485968 74.977 1.8
    endloop
  endfacet
  facet normal 0.295175 0.712136 -0.636972
    outer loop
      vertex -0.525329 74.9832 1.78874
      vertex -0.439992 74.9579 1.8
      vertex -1.6 73.8287 3.8147e-07
    endloop
  endfacet
  facet normal 0.294857 0.712328 -0.636905
    outer loop
      vertex -1.6 73.8287 3.8147e-07
      vertex -0.630979 75.037 1.8
      vertex -0.525329 74.9832 1.78874
    endloop
  endfacet
  facet normal 0.295227 0.712121 -0.636965
    outer loop
      vertex -0.630979 75.037 1.8
      vertex -1.6 73.8287 3.8147e-07
      vertex -0.849999 75.1278 1.8
    endloop
  endfacet
  facet normal -0.295031 -0.712228 -0.636937
    outer loop
      vertex 0.439992 78.2421 1.8
      vertex 0.82822 79.691 3.8147e-07
      vertex 1.6 79.3713 3.8147e-07
    endloop
  endfacet
  facet normal -0.100591 -0.764325 -0.636937
    outer loop
      vertex 0 78.3 1.8
      vertex 0 79.8 3.8147e-07
      vertex 0.82822 79.691 3.8147e-07
    endloop
  endfacet
  facet normal 0.611601 0.469328 -0.636927
    outer loop
      vertex -2.77128 75 3.8147e-07
      vertex -1.20208 75.3979 1.8
      vertex -2.26274 74.3373 3.8147e-07
    endloop
  endfacet
  facet normal -0.469265 -0.611631 -0.636945
    outer loop
      vertex 1.07487 77.8997 1.8
      vertex 1.6 79.3713 3.8147e-07
      vertex 1.20208 77.8021 1.8
    endloop
  endfacet
  facet normal -0.469106 -0.611722 -0.636974
    outer loop
      vertex 0.999234 77.9753 1.7831
      vertex 1.6 79.3713 3.8147e-07
      vertex 1.07487 77.8997 1.8
    endloop
  endfacet
  facet normal -0.469654 -0.612403 -0.635915
    outer loop
      vertex 0.849999 78.0722 1.8
      vertex 0.999234 77.9753 1.7831
      vertex 0.930974 78.0101 1.8
    endloop
  endfacet
  facet normal -0.469266 -0.611624 -0.63695
    outer loop
      vertex 0.999234 77.9753 1.7831
      vertex 0.849999 78.0722 1.8
      vertex 1.6 79.3713 3.8147e-07
    endloop
  endfacet
  facet normal -0.764322 0.10063 -0.636935
    outer loop
      vertex 1.7 76.6 1.8
      vertex 3.2 76.6 3.8147e-07
      vertex 3.09096 75.7718 3.8147e-07
    endloop
  endfacet
  facet normal 0.71224 -0.29501 -0.636933
    outer loop
      vertex -3.09096 77.4282 3.8147e-07
      vertex -2.77128 78.2 3.8147e-07
      vertex -1.64207 77.04 1.8
    endloop
  endfacet
  facet normal -0.294831 -0.709693 -0.639852
    outer loop
      vertex 0.439992 78.2421 1.8
      vertex 0.525329 78.2168 1.78874
      vertex 0.485968 78.223 1.8
    endloop
  endfacet
  facet normal -0.295175 -0.712136 -0.636972
    outer loop
      vertex 0.525329 78.2168 1.78874
      vertex 0.439992 78.2421 1.8
      vertex 1.6 79.3713 3.8147e-07
    endloop
  endfacet
  facet normal -0.294857 -0.712328 -0.636905
    outer loop
      vertex 1.6 79.3713 3.8147e-07
      vertex 0.630979 78.163 1.8
      vertex 0.525329 78.2168 1.78874
    endloop
  endfacet
  facet normal -0.295227 -0.712121 -0.636965
    outer loop
      vertex 0.630979 78.163 1.8
      vertex 1.6 79.3713 3.8147e-07
      vertex 0.849999 78.0722 1.8
    endloop
  endfacet
  facet normal -0.469265 0.611631 -0.636945
    outer loop
      vertex 1.6 73.8287 3.8147e-07
      vertex 1.07487 75.3003 1.8
      vertex 1.20208 75.3979 1.8
    endloop
  endfacet
  facet normal -0.469106 0.611722 -0.636974
    outer loop
      vertex 1.6 73.8287 3.8147e-07
      vertex 0.999234 75.2247 1.7831
      vertex 1.07487 75.3003 1.8
    endloop
  endfacet
  facet normal -0.469266 0.611624 -0.63695
    outer loop
      vertex 0.849999 75.1278 1.8
      vertex 0.999234 75.2247 1.7831
      vertex 1.6 73.8287 3.8147e-07
    endloop
  endfacet
  facet normal -0.469654 0.612403 -0.635915
    outer loop
      vertex 0.999234 75.2247 1.7831
      vertex 0.849999 75.1278 1.8
      vertex 0.930974 75.1899 1.8
    endloop
  endfacet
  facet normal 0 0 -1
    outer loop
      vertex 1.07487 77.8997 1.8
      vertex 1.20208 77.8021 1.8
      vertex 1.2997 77.6749 1.8
    endloop
  endfacet
  facet normal 0 0 -1
    outer loop
      vertex -0.930974 75.1899 1.8
      vertex -0.630979 75.037 1.8
      vertex -0.849999 75.1278 1.8
    endloop
  endfacet
  facet normal 0 0 -1
    outer loop
      vertex 0.630979 78.163 1.8
      vertex 0.849999 78.0722 1.8
      vertex 0.930974 78.0101 1.8
    endloop
  endfacet
  facet normal 0 0 -1
    outer loop
      vertex -1.7 76.6 1.8
      vertex -1.62303 76.114 1.8
      vertex -1.64207 76.16 1.8
    endloop
  endfacet
  facet normal 0 0 -1
    outer loop
      vertex -0.485968 78.223 1.8
      vertex -0.439992 78.2421 1.8
      vertex 0 78.3 1.8
    endloop
  endfacet
  facet normal 0 0 -1
    outer loop
      vertex 1.62303 76.114 1.8
      vertex 1.7 76.6 1.8
      vertex 1.64207 76.16 1.8
    endloop
  endfacet
  facet normal 0 0 -1
    outer loop
      vertex 1.62303 77.086 1.8
      vertex 1.64207 77.04 1.8
      vertex 1.7 76.6 1.8
    endloop
  endfacet
  facet normal 0 0 -1
    outer loop
      vertex -1.7 76.6 1.8
      vertex -1.64207 77.04 1.8
      vertex -1.62303 77.086 1.8
    endloop
  endfacet
  facet normal 0 0 -1
    outer loop
      vertex 1.41011 75.669 1.8
      vertex 1.56296 75.969 1.8
      vertex 1.47224 75.75 1.8
    endloop
  endfacet
  facet normal 0 0 -1
    outer loop
      vertex 0 78.3 1.8
      vertex 0.439992 78.2421 1.8
      vertex 0.485968 78.223 1.8
    endloop
  endfacet
  facet normal 0 0 -1
    outer loop
      vertex 0.630979 75.037 1.8
      vertex 0.930974 75.1899 1.8
      vertex 0.849999 75.1278 1.8
    endloop
  endfacet
  facet normal 0 0 -1
    outer loop
      vertex -1.56296 75.969 1.8
      vertex -1.41011 75.669 1.8
      vertex -1.47224 75.75 1.8
    endloop
  endfacet
  facet normal 0 0 -1
    outer loop
      vertex -0.485968 74.977 1.8
      vertex 0 74.9 1.8
      vertex -0.439992 74.9579 1.8
    endloop
  endfacet
  facet normal 0 0 -1
    outer loop
      vertex 0 74.9 1.8
      vertex 0.485968 74.977 1.8
      vertex 0.439992 74.9579 1.8
    endloop
  endfacet
  facet normal 0 0 -1
    outer loop
      vertex 1.07487 75.3003 1.8
      vertex 1.2997 75.5251 1.8
      vertex 1.20208 75.3979 1.8
    endloop
  endfacet
  facet normal 0 0 -1
    outer loop
      vertex -1.56296 77.231 1.8
      vertex -1.47224 77.45 1.8
      vertex -1.41011 77.531 1.8
    endloop
  endfacet
  facet normal 0 0 -1
    outer loop
      vertex -1.2997 75.5251 1.8
      vertex -1.07487 75.3003 1.8
      vertex -1.20208 75.3979 1.8
    endloop
  endfacet
  facet normal 0 0 -1
    outer loop
      vertex 1.41011 77.531 1.8
      vertex 1.47224 77.45 1.8
      vertex 1.56296 77.231 1.8
    endloop
  endfacet
  facet normal 0 0 -1
    outer loop
      vertex -1.2997 77.6749 1.8
      vertex -1.20208 77.8021 1.8
      vertex -1.07487 77.8997 1.8
    endloop
  endfacet
  facet normal 0 0 -1
    outer loop
      vertex -0.930974 78.0101 1.8
      vertex -0.849999 78.0722 1.8
      vertex -0.630979 78.163 1.8
    endloop
  endfacet
  facet normal -0.712225 -0.295037 -0.636937
    outer loop
      vertex 2.77128 78.2 3.8147e-07
      vertex 1.56296 77.231 1.8
      vertex 1.47224 77.45 1.8
    endloop
  endfacet
  facet normal -0.71227 -0.294956 -0.636924
    outer loop
      vertex 2.77128 78.2 3.8147e-07
      vertex 1.6168 77.1253 1.78874
      vertex 1.56296 77.231 1.8
    endloop
  endfacet
  facet normal -0.712202 -0.295069 -0.636948
    outer loop
      vertex 1.64207 77.04 1.8
      vertex 1.6168 77.1253 1.78874
      vertex 2.77128 78.2 3.8147e-07
    endloop
  endfacet
  facet normal -0.713221 -0.295211 -0.635741
    outer loop
      vertex 1.6168 77.1253 1.78874
      vertex 1.64207 77.04 1.8
      vertex 1.62303 77.086 1.8
    endloop
  endfacet
  facet normal 0.100591 0.764325 -0.636937
    outer loop
      vertex -0.82822 73.509 3.8147e-07
      vertex 0 74.9 1.8
      vertex 0 73.4 3.8147e-07
    endloop
  endfacet
  facet normal -0.764322 -0.10063 -0.636935
    outer loop
      vertex 1.64207 77.04 1.8
      vertex 3.09096 77.4282 3.8147e-07
      vertex 1.7 76.6 1.8
    endloop
  endfacet
  facet normal -0.469345 0.611588 -0.636926
    outer loop
      vertex 1.20208 75.3979 1.8
      vertex 2.26274 74.3373 3.8147e-07
      vertex 1.6 73.8287 3.8147e-07
    endloop
  endfacet
  facet normal -0.611601 0.469328 -0.636927
    outer loop
      vertex 1.20208 75.3979 1.8
      vertex 2.77128 75 3.8147e-07
      vertex 2.26274 74.3373 3.8147e-07
    endloop
  endfacet
  facet normal 0.611785 -0.469013 -0.636983
    outer loop
      vertex -2.77128 78.2 3.8147e-07
      vertex -1.2997 77.6749 1.8
      vertex -1.37533 77.5992 1.7831
    endloop
  endfacet
  facet normal 0.612618 -0.469901 -0.635525
    outer loop
      vertex -1.47224 77.45 1.8
      vertex -1.37533 77.5992 1.7831
      vertex -1.41011 77.531 1.8
    endloop
  endfacet
  facet normal 0.611583 -0.469361 -0.636919
    outer loop
      vertex -1.2997 77.6749 1.8
      vertex -2.77128 78.2 3.8147e-07
      vertex -1.20208 77.8021 1.8
    endloop
  endfacet
  facet normal 0.611562 -0.469374 -0.63693
    outer loop
      vertex -2.77128 78.2 3.8147e-07
      vertex -1.37533 77.5992 1.7831
      vertex -1.47224 77.45 1.8
    endloop
  endfacet
  facet normal -0.611562 0.469374 -0.63693
    outer loop
      vertex 1.37533 75.6008 1.7831
      vertex 1.47224 75.75 1.8
      vertex 2.77128 75 3.8147e-07
    endloop
  endfacet
  facet normal -0.612618 0.469901 -0.635525
    outer loop
      vertex 1.47224 75.75 1.8
      vertex 1.37533 75.6008 1.7831
      vertex 1.41011 75.669 1.8
    endloop
  endfacet
  facet normal -0.611785 0.469013 -0.636983
    outer loop
      vertex 2.77128 75 3.8147e-07
      vertex 1.2997 75.5251 1.8
      vertex 1.37533 75.6008 1.7831
    endloop
  endfacet
  facet normal -0.611583 0.469361 -0.636919
    outer loop
      vertex 1.2997 75.5251 1.8
      vertex 2.77128 75 3.8147e-07
      vertex 1.20208 75.3979 1.8
    endloop
  endfacet
  facet normal 0.712225 -0.295037 -0.636937
    outer loop
      vertex -1.56296 77.231 1.8
      vertex -2.77128 78.2 3.8147e-07
      vertex -1.47224 77.45 1.8
    endloop
  endfacet
  facet normal 0.71227 -0.294956 -0.636924
    outer loop
      vertex -1.6168 77.1253 1.78874
      vertex -2.77128 78.2 3.8147e-07
      vertex -1.56296 77.231 1.8
    endloop
  endfacet
  facet normal 0.713221 -0.295211 -0.635741
    outer loop
      vertex -1.64207 77.04 1.8
      vertex -1.6168 77.1253 1.78874
      vertex -1.62303 77.086 1.8
    endloop
  endfacet
  facet normal 0.712202 -0.295069 -0.636948
    outer loop
      vertex -1.6168 77.1253 1.78874
      vertex -1.64207 77.04 1.8
      vertex -2.77128 78.2 3.8147e-07
    endloop
  endfacet
  facet normal 0.295031 0.712228 -0.636937
    outer loop
      vertex -1.6 73.8287 3.8147e-07
      vertex -0.439992 74.9579 1.8
      vertex -0.82822 73.509 3.8147e-07
    endloop
  endfacet
  facet normal 0.611601 -0.469328 -0.636927
    outer loop
      vertex -2.77128 78.2 3.8147e-07
      vertex -2.26274 78.8627 3.8147e-07
      vertex -1.20208 77.8021 1.8
    endloop
  endfacet
  facet normal 0.10058 0.764328 -0.636935
    outer loop
      vertex -0.82822 73.509 3.8147e-07
      vertex -0.439992 74.9579 1.8
      vertex 0 74.9 1.8
    endloop
  endfacet
  facet normal 0.295031 -0.712228 -0.636937
    outer loop
      vertex -1.6 79.3713 3.8147e-07
      vertex -0.82822 79.691 3.8147e-07
      vertex -0.439992 78.2421 1.8
    endloop
  endfacet
  facet normal 0.764322 -0.10063 -0.636935
    outer loop
      vertex -3.2 76.6 3.8147e-07
      vertex -3.09096 77.4282 3.8147e-07
      vertex -1.7 76.6 1.8
    endloop
  endfacet
  facet normal -0.10058 0.764328 -0.636935
    outer loop
      vertex 0.439992 74.9579 1.8
      vertex 0.82822 73.509 3.8147e-07
      vertex 0 74.9 1.8
    endloop
  endfacet
  facet normal 0.469345 0.611588 -0.636926
    outer loop
      vertex -2.26274 74.3373 3.8147e-07
      vertex -1.20208 75.3979 1.8
      vertex -1.6 73.8287 3.8147e-07
    endloop
  endfacet
  facet normal 0.611583 0.469361 -0.636919
    outer loop
      vertex -2.77128 75 3.8147e-07
      vertex -1.2997 75.5251 1.8
      vertex -1.20208 75.3979 1.8
    endloop
  endfacet
  facet normal 0.612618 0.469901 -0.635525
    outer loop
      vertex -1.37533 75.6008 1.7831
      vertex -1.47224 75.75 1.8
      vertex -1.41011 75.669 1.8
    endloop
  endfacet
  facet normal 0.611562 0.469374 -0.63693
    outer loop
      vertex -1.37533 75.6008 1.7831
      vertex -2.77128 75 3.8147e-07
      vertex -1.47224 75.75 1.8
    endloop
  endfacet
  facet normal 0.611785 0.469013 -0.636983
    outer loop
      vertex -1.2997 75.5251 1.8
      vertex -2.77128 75 3.8147e-07
      vertex -1.37533 75.6008 1.7831
    endloop
  endfacet
  facet normal 0.764322 0.10063 -0.636935
    outer loop
      vertex -3.2 76.6 3.8147e-07
      vertex -1.7 76.6 1.8
      vertex -3.09096 75.7718 3.8147e-07
    endloop
  endfacet
  facet normal -0.100591 0.764325 -0.636937
    outer loop
      vertex 0 73.4 3.8147e-07
      vertex 0 74.9 1.8
      vertex 0.82822 73.509 3.8147e-07
    endloop
  endfacet
  facet normal 0.764322 -0.10063 -0.636935
    outer loop
      vertex -3.09096 77.4282 3.8147e-07
      vertex -1.64207 77.04 1.8
      vertex -1.7 76.6 1.8
    endloop
  endfacet
  facet normal 0.469654 -0.612403 -0.635915
    outer loop
      vertex -0.999234 77.9753 1.7831
      vertex -0.849999 78.0722 1.8
      vertex -0.930974 78.0101 1.8
    endloop
  endfacet
  facet normal 0.469265 -0.611631 -0.636945
    outer loop
      vertex -1.6 79.3713 3.8147e-07
      vertex -1.07487 77.8997 1.8
      vertex -1.20208 77.8021 1.8
    endloop
  endfacet
  facet normal 0.469266 -0.611624 -0.63695
    outer loop
      vertex -0.999234 77.9753 1.7831
      vertex -1.6 79.3713 3.8147e-07
      vertex -0.849999 78.0722 1.8
    endloop
  endfacet
  facet normal 0.469106 -0.611722 -0.636974
    outer loop
      vertex -1.07487 77.8997 1.8
      vertex -1.6 79.3713 3.8147e-07
      vertex -0.999234 77.9753 1.7831
    endloop
  endfacet
  facet normal 0.295227 -0.712121 -0.636965
    outer loop
      vertex -1.6 79.3713 3.8147e-07
      vertex -0.630979 78.163 1.8
      vertex -0.849999 78.0722 1.8
    endloop
  endfacet
  facet normal 0.294831 -0.709693 -0.639852
    outer loop
      vertex -0.525329 78.2168 1.78874
      vertex -0.439992 78.2421 1.8
      vertex -0.485968 78.223 1.8
    endloop
  endfacet
  facet normal 0.294857 -0.712328 -0.636905
    outer loop
      vertex -0.630979 78.163 1.8
      vertex -1.6 79.3713 3.8147e-07
      vertex -0.525329 78.2168 1.78874
    endloop
  endfacet
  facet normal 0.295175 -0.712136 -0.636972
    outer loop
      vertex -0.525329 78.2168 1.78874
      vertex -1.6 79.3713 3.8147e-07
      vertex -0.439992 78.2421 1.8
    endloop
  endfacet
  facet normal 0.998634 -0.0522492 0
    outer loop
      vertex -68.0004 38.6535 3
      vertex -68.0066 38.535 1.8
      vertex -68.0004 38.6535 1.78874
    endloop
  endfacet
  facet normal 0.998633 -0.0522628 1.3473e-06
    outer loop
      vertex -68.0282 38.1223 3
      vertex -68.0066 38.535 1.8
      vertex -68.0004 38.6535 3
    endloop
  endfacet
  facet normal 0.998633 -0.0522782 -3.96047e-06
    outer loop
      vertex -68.0066 38.535 1.8
      vertex -68.0282 38.1223 3
      vertex -68.0242 38.1988 1.8
    endloop
  endfacet
  facet normal 0.998636 -0.0522163 0
    outer loop
      vertex -68.0242 38.1988 1.8
      vertex -68.0282 38.1223 3
      vertex -68.0282 38.1223 1.7831
    endloop
  endfacet
  facet normal 0.933586 -0.358352 0
    outer loop
      vertex -67.8098 39.15 3
      vertex -67.9861 38.6907 1.8
      vertex -67.8098 39.15 1.8
    endloop
  endfacet
  facet normal 0.933573 -0.358387 1.50895e-05
    outer loop
      vertex -68.0004 38.6535 3
      vertex -67.9861 38.6907 1.8
      vertex -67.8098 39.15 3
    endloop
  endfacet
  facet normal 0.93341 -0.358811 0
    outer loop
      vertex -67.9861 38.6907 1.8
      vertex -68.0004 38.6535 3
      vertex -68.0004 38.6535 1.78874
    endloop
  endfacet
  facet normal 0.965877 0.259001 0
    outer loop
      vertex -68.0282 38.1223 3
      vertex -68.0005 38.019 1.8
      vertex -68.0282 38.1223 1.7831
    endloop
  endfacet
  facet normal 0.965994 0.258563 4.03939e-05
    outer loop
      vertex -68.0282 38.1223 3
      vertex -67.9183 37.7119 1.8
      vertex -68.0005 38.019 1.8
    endloop
  endfacet
  facet normal 0.96596 0.258692 -6.92478e-06
    outer loop
      vertex -67.8906 37.6085 3
      vertex -67.9183 37.7119 1.8
      vertex -68.0282 38.1223 3
    endloop
  endfacet
  facet normal 0.96594 0.258767 0
    outer loop
      vertex -67.9183 37.7119 1.8
      vertex -67.8906 37.6085 3
      vertex -67.8906 37.6085 1.7831
    endloop
  endfacet
  facet normal -0.358324 -0.933597 -6.04726e-05
    outer loop
      vertex -65.9841 39.9628 3
      vertex -65.9469 39.9486 1.8
      vertex -65.4875 39.7722 3
    endloop
  endfacet
  facet normal -0.356622 -0.934249 0
    outer loop
      vertex -65.9469 39.9486 1.8
      vertex -65.9841 39.9628 3
      vertex -65.9841 39.9628 1.78874
    endloop
  endfacet
  facet normal -0.358462 -0.933544 -0
    outer loop
      vertex -65.4875 39.7722 3
      vertex -65.9469 39.9486 1.8
      vertex -65.4875 39.7722 1.8
    endloop
  endfacet
  facet normal 0.0522782 0.998633 -3.96047e-06
    outer loop
      vertex -66.5726 36.6309 1.8
      vertex -66.1599 36.6093 3
      vertex -66.2364 36.6133 1.8
    endloop
  endfacet
  facet normal 0.0522163 0.998636 0
    outer loop
      vertex -66.2364 36.6133 1.8
      vertex -66.1599 36.6093 3
      vertex -66.1599 36.6093 1.7831
    endloop
  endfacet
  facet normal 0.0522726 0.998633 -2.037e-06
    outer loop
      vertex -66.1599 36.6093 3
      vertex -66.5726 36.6309 1.8
      vertex -66.691 36.6371 3
    endloop
  endfacet
  facet normal 0.0522932 0.998632 0
    outer loop
      vertex -66.691 36.6371 3
      vertex -66.5726 36.6309 1.8
      vertex -66.691 36.6371 1.78874
    endloop
  endfacet
  facet normal -0.0522782 -0.998633 -3.96047e-06
    outer loop
      vertex -66.1025 39.9691 1.8
      vertex -66.5152 39.9907 3
      vertex -66.4387 39.9867 1.8
    endloop
  endfacet
  facet normal -0.0522163 -0.998636 0
    outer loop
      vertex -66.4387 39.9867 1.8
      vertex -66.5152 39.9907 3
      vertex -66.5152 39.9907 1.7831
    endloop
  endfacet
  facet normal -0.0524601 -0.998623 -6.67034e-05
    outer loop
      vertex -66.5152 39.9907 3
      vertex -66.1025 39.9691 1.8
      vertex -65.9841 39.9628 3
    endloop
  endfacet
  facet normal -0.0531343 -0.998587 -0
    outer loop
      vertex -65.9841 39.9628 3
      vertex -66.1025 39.9691 1.8
      vertex -65.9841 39.9628 1.78874
    endloop
  endfacet
  facet normal 0.258868 -0.965913 -1.22979e-05
    outer loop
      vertex -67.029 39.853 3
      vertex -66.9257 39.8807 1.8
      vertex -66.5152 39.9907 3
    endloop
  endfacet
  facet normal 0.259001 -0.965877 0
    outer loop
      vertex -66.9257 39.8807 1.8
      vertex -67.029 39.853 3
      vertex -67.029 39.853 1.7831
    endloop
  endfacet
  facet normal 0.258857 -0.965916 -8.25636e-06
    outer loop
      vertex -66.6186 39.963 1.8
      vertex -66.5152 39.9907 3
      vertex -66.9257 39.8807 1.8
    endloop
  endfacet
  facet normal 0.258767 -0.96594 0
    outer loop
      vertex -66.5152 39.9907 3
      vertex -66.6186 39.963 1.8
      vertex -66.5152 39.9907 1.7831
    endloop
  endfacet
  facet normal -0.629344 -0.777127 0
    outer loop
      vertex -65.1052 39.4626 1.8
      vertex -65.4875 39.7722 3
      vertex -65.4875 39.7722 1.8
    endloop
  endfacet
  facet normal -0.629339 -0.777131 2.93015e-06
    outer loop
      vertex -65.4875 39.7722 3
      vertex -65.1052 39.4626 1.8
      vertex -65.0742 39.4375 3
    endloop
  endfacet
  facet normal -0.62927 -0.777186 -0
    outer loop
      vertex -65.0742 39.4375 3
      vertex -65.1052 39.4626 1.8
      vertex -65.0742 39.4375 1.78874
    endloop
  endfacet
  facet normal -0.544638 0.838671 1.11077e-05
    outer loop
      vertex -65.2 37.0367 3
      vertex -65.2995 36.9721 1.8
      vertex -65.6461 36.747 3
    endloop
  endfacet
  facet normal -0.544544 0.838732 0
    outer loop
      vertex -65.2995 36.9721 1.8
      vertex -65.2 37.0367 3
      vertex -65.2 37.0367 1.78874
    endloop
  endfacet
  facet normal -0.54479 0.838573 -5.12659e-05
    outer loop
      vertex -65.5818 36.7887 1.8
      vertex -65.6461 36.747 3
      vertex -65.2995 36.9721 1.8
    endloop
  endfacet
  facet normal -0.544117 0.83901 0
    outer loop
      vertex -65.6461 36.747 3
      vertex -65.5818 36.7887 1.8
      vertex -65.6461 36.747 1.7831
    endloop
  endfacet
  facet normal 0.777421 -0.628981 0
    outer loop
      vertex -67.4751 39.5633 3
      vertex -67.5001 39.5324 1.8
      vertex -67.4751 39.5633 1.78874
    endloop
  endfacet
  facet normal 0.777131 -0.629339 1.52462e-05
    outer loop
      vertex -67.8098 39.15 3
      vertex -67.5001 39.5324 1.8
      vertex -67.4751 39.5633 3
    endloop
  endfacet
  facet normal 0.777108 -0.629368 0
    outer loop
      vertex -67.5001 39.5324 1.8
      vertex -67.8098 39.15 3
      vertex -67.8098 39.15 1.8
    endloop
  endfacet
  facet normal -0.777207 0.629245 0
    outer loop
      vertex -65.1749 37.0676 1.8
      vertex -64.8653 37.45 3
      vertex -64.8653 37.45 1.8
    endloop
  endfacet
  facet normal -0.776191 0.630498 0
    outer loop
      vertex -65.2 37.0367 3
      vertex -65.1749 37.0676 1.8
      vertex -65.2 37.0367 1.78874
    endloop
  endfacet
  facet normal -0.777131 0.629339 -4.95148e-05
    outer loop
      vertex -65.1749 37.0676 1.8
      vertex -65.2 37.0367 3
      vertex -64.8653 37.45 3
    endloop
  endfacet
  facet normal 0.544638 -0.838671 1.11077e-05
    outer loop
      vertex -67.4751 39.5633 3
      vertex -67.3756 39.6279 1.8
      vertex -67.029 39.853 3
    endloop
  endfacet
  facet normal 0.544544 -0.838732 0
    outer loop
      vertex -67.3756 39.6279 1.8
      vertex -67.4751 39.5633 3
      vertex -67.4751 39.5633 1.78874
    endloop
  endfacet
  facet normal 0.544654 -0.838661 4.45464e-06
    outer loop
      vertex -67.0932 39.8113 1.8
      vertex -67.029 39.853 3
      vertex -67.3756 39.6279 1.8
    endloop
  endfacet
  facet normal 0.544713 -0.838623 0
    outer loop
      vertex -67.029 39.853 3
      vertex -67.0932 39.8113 1.8
      vertex -67.029 39.853 1.7831
    endloop
  endfacet
  facet normal 0.629245 0.777207 0
    outer loop
      vertex -67.5699 37.1374 1.8
      vertex -67.1875 36.8278 3
      vertex -67.1875 36.8278 1.8
    endloop
  endfacet
  facet normal 0.629247 0.777205 -1.00268e-06
    outer loop
      vertex -67.1875 36.8278 3
      vertex -67.5699 37.1374 1.8
      vertex -67.6009 37.1625 3
    endloop
  endfacet
  facet normal 0.62927 0.777186 0
    outer loop
      vertex -67.6009 37.1625 3
      vertex -67.5699 37.1374 1.8
      vertex -67.6009 37.1625 1.78874
    endloop
  endfacet
  facet normal 0.838026 0.545631 0
    outer loop
      vertex -67.8906 37.6085 3
      vertex -67.8488 37.5443 1.8
      vertex -67.8906 37.6085 1.7831
    endloop
  endfacet
  facet normal 0.838796 0.544445 9.02459e-05
    outer loop
      vertex -67.8906 37.6085 3
      vertex -67.6655 37.2619 1.8
      vertex -67.8488 37.5443 1.8
    endloop
  endfacet
  facet normal 0.838615 0.544724 -2.41619e-05
    outer loop
      vertex -67.6009 37.1625 3
      vertex -67.6655 37.2619 1.8
      vertex -67.8906 37.6085 3
    endloop
  endfacet
  facet normal 0.838482 0.544929 0
    outer loop
      vertex -67.6655 37.2619 1.8
      vertex -67.6009 37.1625 3
      vertex -67.6009 37.1625 1.78874
    endloop
  endfacet
  facet normal -0.998636 0.0522163 0
    outer loop
      vertex -64.6509 38.4012 1.8
      vertex -64.6469 38.4777 3
      vertex -64.6469 38.4777 1.7831
    endloop
  endfacet
  facet normal -0.998633 0.0522782 -3.96047e-06
    outer loop
      vertex -64.6685 38.065 1.8
      vertex -64.6469 38.4777 3
      vertex -64.6509 38.4012 1.8
    endloop
  endfacet
  facet normal -0.998634 0.0522492 0
    outer loop
      vertex -64.6747 37.9465 3
      vertex -64.6685 38.065 1.8
      vertex -64.6747 37.9465 1.78874
    endloop
  endfacet
  facet normal -0.998633 0.0522628 1.3473e-06
    outer loop
      vertex -64.6685 38.065 1.8
      vertex -64.6747 37.9465 3
      vertex -64.6469 38.4777 3
    endloop
  endfacet
  facet normal 0.358551 0.93351 9.2599e-06
    outer loop
      vertex -66.691 36.6371 3
      vertex -66.7282 36.6514 1.8
      vertex -67.1875 36.8278 3
    endloop
  endfacet
  facet normal 0.358811 0.93341 0
    outer loop
      vertex -66.7282 36.6514 1.8
      vertex -66.691 36.6371 3
      vertex -66.691 36.6371 1.78874
    endloop
  endfacet
  facet normal 0.35853 0.933518 0
    outer loop
      vertex -67.1875 36.8278 3
      vertex -66.7282 36.6514 1.8
      vertex -67.1875 36.8278 1.8
    endloop
  endfacet
  facet normal -0.96594 -0.258767 0
    outer loop
      vertex -64.7568 38.8881 1.8
      vertex -64.7845 38.9915 3
      vertex -64.7845 38.9915 1.7831
    endloop
  endfacet
  facet normal -0.965916 -0.258857 8.25636e-06
    outer loop
      vertex -64.6745 38.581 1.8
      vertex -64.7845 38.9915 3
      vertex -64.7568 38.8881 1.8
    endloop
  endfacet
  facet normal -0.966111 -0.258128 -0
    outer loop
      vertex -64.6469 38.4777 3
      vertex -64.6745 38.581 1.8
      vertex -64.6469 38.4777 1.7831
    endloop
  endfacet
  facet normal -0.96596 -0.258692 -5.20142e-05
    outer loop
      vertex -64.6745 38.581 1.8
      vertex -64.6469 38.4777 3
      vertex -64.7845 38.9915 3
    endloop
  endfacet
  facet normal -0.258868 0.965913 -1.22979e-05
    outer loop
      vertex -65.6461 36.747 3
      vertex -65.7494 36.7193 1.8
      vertex -66.1599 36.6093 3
    endloop
  endfacet
  facet normal -0.259001 0.965877 0
    outer loop
      vertex -65.7494 36.7193 1.8
      vertex -65.6461 36.747 3
      vertex -65.6461 36.747 1.7831
    endloop
  endfacet
  facet normal -0.258857 0.965916 -8.25636e-06
    outer loop
      vertex -66.0565 36.637 1.8
      vertex -66.1599 36.6093 3
      vertex -65.7494 36.7193 1.8
    endloop
  endfacet
  facet normal -0.258767 0.96594 0
    outer loop
      vertex -66.1599 36.6093 3
      vertex -66.0565 36.637 1.8
      vertex -66.1599 36.6093 1.7831
    endloop
  endfacet
  facet normal -0.93341 0.358811 0
    outer loop
      vertex -64.689 37.9093 1.8
      vertex -64.6747 37.9465 3
      vertex -64.6747 37.9465 1.78874
    endloop
  endfacet
  facet normal -0.933586 0.358352 0
    outer loop
      vertex -64.8653 37.45 3
      vertex -64.689 37.9093 1.8
      vertex -64.8653 37.45 1.8
    endloop
  endfacet
  facet normal -0.933573 0.358387 1.50895e-05
    outer loop
      vertex -64.689 37.9093 1.8
      vertex -64.8653 37.45 3
      vertex -64.6747 37.9465 3
    endloop
  endfacet
  facet normal -0.838482 -0.544929 0
    outer loop
      vertex -65.0096 39.3381 1.8
      vertex -65.0742 39.4375 3
      vertex -65.0742 39.4375 1.78874
    endloop
  endfacet
  facet normal -0.838661 -0.544654 4.45464e-06
    outer loop
      vertex -64.7845 38.9915 3
      vertex -65.0096 39.3381 1.8
      vertex -64.8262 39.0557 1.8
    endloop
  endfacet
  facet normal -0.838623 -0.544713 -0
    outer loop
      vertex -64.7845 38.9915 3
      vertex -64.8262 39.0557 1.8
      vertex -64.7845 38.9915 1.7831
    endloop
  endfacet
  facet normal -0.838615 -0.544724 -2.41619e-05
    outer loop
      vertex -65.0096 39.3381 1.8
      vertex -64.7845 38.9915 3
      vertex -65.0742 39.4375 3
    endloop
  endfacet
  facet normal 0.100484 -0.763965 -0.637385
    outer loop
      vertex -66.7775 39.9421 1.8
      vertex -66.5152 39.9907 1.7831
      vertex -66.6186 39.963 1.8
    endloop
  endfacet
  facet normal 0.100579 -0.764326 -0.636938
    outer loop
      vertex -66.5152 39.9907 1.7831
      vertex -66.7775 39.9421 1.8
      vertex -66.3375 41.5 3.8147e-07
    endloop
  endfacet
  facet normal 0.100537 -0.764985 -0.636153
    outer loop
      vertex -66.5152 39.9907 1.7831
      vertex -66.3375 40 1.8
      vertex -66.4387 39.9867 1.8
    endloop
  endfacet
  facet normal 0.100577 -0.764326 -0.636938
    outer loop
      vertex -66.3375 40 1.8
      vertex -66.5152 39.9907 1.7831
      vertex -66.3375 41.5 3.8147e-07
    endloop
  endfacet
  facet normal 0.100581 0.764326 -0.636938
    outer loop
      vertex -67.1658 35.209 3.8147e-07
      vertex -66.7775 36.6579 1.8
      vertex -66.3375 35.1 3.8147e-07
    endloop
  endfacet
  facet normal 0.712238 -0.295028 -0.636927
    outer loop
      vertex -69.4285 39.1282 3.8147e-07
      vertex -69.1088 39.9 3.8147e-07
      vertex -67.8098 39.15 1.8
    endloop
  endfacet
  facet normal 0.71225 -0.294976 -0.636938
    outer loop
      vertex -69.4285 39.1282 3.8147e-07
      vertex -67.8098 39.15 1.8
      vertex -67.9796 38.74 1.8
    endloop
  endfacet
  facet normal -0.100593 -0.764324 -0.636938
    outer loop
      vertex -66.3375 41.5 3.8147e-07
      vertex -65.5093 41.391 3.8147e-07
      vertex -65.8976 39.9421 1.8
    endloop
  endfacet
  facet normal -0.469309 -0.611613 -0.636929
    outer loop
      vertex -65.4875 39.7722 1.8
      vertex -64.0748 40.5627 3.8147e-07
      vertex -65.1355 39.5021 1.8
    endloop
  endfacet
  facet normal -0.611665 -0.469236 -0.636933
    outer loop
      vertex -65.0096 39.3381 1.8
      vertex -63.5663 39.9 3.8147e-07
      vertex -64.8653 39.15 1.8
    endloop
  endfacet
  facet normal -0.61148 -0.469546 -0.636882
    outer loop
      vertex -65.0742 39.4375 1.78874
      vertex -63.5663 39.9 3.8147e-07
      vertex -65.0096 39.3381 1.8
    endloop
  endfacet
  facet normal -0.611232 -0.468869 -0.637618
    outer loop
      vertex -65.1355 39.5021 1.8
      vertex -65.0742 39.4375 1.78874
      vertex -65.1052 39.4626 1.8
    endloop
  endfacet
  facet normal -0.611596 -0.469336 -0.636925
    outer loop
      vertex -65.0742 39.4375 1.78874
      vertex -65.1355 39.5021 1.8
      vertex -63.5663 39.9 3.8147e-07
    endloop
  endfacet
  facet normal 0.295124 0.712189 -0.636937
    outer loop
      vertex -67.1875 36.8278 1.8
      vertex -66.7775 36.6579 1.8
      vertex -67.1658 35.209 3.8147e-07
    endloop
  endfacet
  facet normal 0.100581 -0.764326 -0.636938
    outer loop
      vertex -67.1658 41.391 3.8147e-07
      vertex -66.3375 41.5 3.8147e-07
      vertex -66.7775 39.9421 1.8
    endloop
  endfacet
  facet normal -0.29588 0.713592 -0.635013
    outer loop
      vertex -65.4875 36.8278 1.8
      vertex -65.6461 36.747 1.7831
      vertex -65.5818 36.7887 1.8
    endloop
  endfacet
  facet normal -0.294984 0.712238 -0.636948
    outer loop
      vertex -65.6461 36.747 1.7831
      vertex -65.4875 36.8278 1.8
      vertex -64.7375 35.5287 3.8147e-07
    endloop
  endfacet
  facet normal -0.2952 0.712519 -0.636533
    outer loop
      vertex -65.6461 36.747 1.7831
      vertex -65.8976 36.6579 1.8
      vertex -65.7494 36.7193 1.8
    endloop
  endfacet
  facet normal -0.295106 0.712171 -0.636965
    outer loop
      vertex -65.8976 36.6579 1.8
      vertex -65.6461 36.747 1.7831
      vertex -64.7375 35.5287 3.8147e-07
    endloop
  endfacet
  facet normal 0.611589 -0.469331 -0.636936
    outer loop
      vertex -68.6003 40.5627 3.8147e-07
      vertex -67.5396 39.5021 1.8
      vertex -67.8098 39.15 1.8
    endloop
  endfacet
  facet normal 0.295056 -0.712213 -0.636942
    outer loop
      vertex -67.9375 41.0713 3.8147e-07
      vertex -67.1658 41.391 3.8147e-07
      vertex -66.7775 39.9421 1.8
    endloop
  endfacet
  facet normal -0.611614 -0.469301 -0.636934
    outer loop
      vertex -65.1355 39.5021 1.8
      vertex -64.0748 40.5627 3.8147e-07
      vertex -63.5663 39.9 3.8147e-07
    endloop
  endfacet
  facet normal -0.764311 0.100499 -0.636968
    outer loop
      vertex -63.1375 38.3 3.8147e-07
      vertex -64.6685 38.065 1.8
      vertex -64.6376 38.3 1.8
    endloop
  endfacet
  facet normal -0.764311 0.100514 -0.636966
    outer loop
      vertex -63.1375 38.3 3.8147e-07
      vertex -64.6747 37.9465 1.78874
      vertex -64.6685 38.065 1.8
    endloop
  endfacet
  facet normal -0.764318 0.100882 -0.6369
    outer loop
      vertex -64.6955 37.86 1.8
      vertex -64.6747 37.9465 1.78874
      vertex -63.1375 38.3 3.8147e-07
    endloop
  endfacet
  facet normal -0.763914 0.100719 -0.637409
    outer loop
      vertex -64.6747 37.9465 1.78874
      vertex -64.6955 37.86 1.8
      vertex -64.689 37.9093 1.8
    endloop
  endfacet
  facet normal -0.76431 0.100684 -0.636941
    outer loop
      vertex -64.6955 37.86 1.8
      vertex -63.1375 38.3 3.8147e-07
      vertex -63.2466 37.4718 3.8147e-07
    endloop
  endfacet
  facet normal 0.764326 0.100594 -0.636935
    outer loop
      vertex -69.5375 38.3 3.8147e-07
      vertex -67.9796 37.86 1.8
      vertex -69.4285 37.4718 3.8147e-07
    endloop
  endfacet
  facet normal 0.100459 0.764335 -0.636946
    outer loop
      vertex -66.3375 35.1 3.8147e-07
      vertex -66.5726 36.6309 1.8
      vertex -66.3375 36.6 1.8
    endloop
  endfacet
  facet normal 0.100597 0.764333 -0.636926
    outer loop
      vertex -66.5726 36.6309 1.8
      vertex -66.3375 35.1 3.8147e-07
      vertex -66.691 36.6371 1.78874
    endloop
  endfacet
  facet normal 0.100719 0.763914 -0.637409
    outer loop
      vertex -66.691 36.6371 1.78874
      vertex -66.7775 36.6579 1.8
      vertex -66.7282 36.6514 1.8
    endloop
  endfacet
  facet normal 0.100891 0.764339 -0.636873
    outer loop
      vertex -66.7775 36.6579 1.8
      vertex -66.691 36.6371 1.78874
      vertex -66.3375 35.1 3.8147e-07
    endloop
  endfacet
  facet normal -0.29502 -0.71222 -0.63695
    outer loop
      vertex -65.5093 41.391 3.8147e-07
      vertex -64.7375 41.0713 3.8147e-07
      vertex -65.4875 39.7722 1.8
    endloop
  endfacet
  facet normal -0.469173 0.611667 -0.636977
    outer loop
      vertex -65.2 37.0367 1.78874
      vertex -65.1355 37.0979 1.8
      vertex -64.7375 35.5287 3.8147e-07
    endloop
  endfacet
  facet normal -0.472218 0.614039 -0.632428
    outer loop
      vertex -65.1355 37.0979 1.8
      vertex -65.2 37.0367 1.78874
      vertex -65.1749 37.0676 1.8
    endloop
  endfacet
  facet normal -0.469197 0.611654 -0.636972
    outer loop
      vertex -64.7375 35.5287 3.8147e-07
      vertex -65.2995 36.9721 1.8
      vertex -65.2 37.0367 1.78874
    endloop
  endfacet
  facet normal -0.469389 0.61154 -0.636941
    outer loop
      vertex -65.2995 36.9721 1.8
      vertex -64.7375 35.5287 3.8147e-07
      vertex -65.4875 36.8278 1.8
    endloop
  endfacet
  facet normal 0.469316 -0.611606 -0.63693
    outer loop
      vertex -68.6003 40.5627 3.8147e-07
      vertex -67.9375 41.0713 3.8147e-07
      vertex -67.5396 39.5021 1.8
    endloop
  endfacet
  facet normal 0.611618 -0.469304 -0.636928
    outer loop
      vertex -69.1088 39.9 3.8147e-07
      vertex -68.6003 40.5627 3.8147e-07
      vertex -67.8098 39.15 1.8
    endloop
  endfacet
  facet normal -0.100593 0.764324 -0.636938
    outer loop
      vertex -66.3375 35.1 3.8147e-07
      vertex -65.8976 36.6579 1.8
      vertex -65.5093 35.209 3.8147e-07
    endloop
  endfacet
  facet normal 0.295551 -0.712799 -0.636056
    outer loop
      vertex -67.1875 39.7722 1.8
      vertex -67.029 39.853 1.7831
      vertex -67.0932 39.8113 1.8
    endloop
  endfacet
  facet normal 0.295132 -0.712166 -0.636958
    outer loop
      vertex -67.029 39.853 1.7831
      vertex -67.1875 39.7722 1.8
      vertex -67.9375 41.0713 3.8147e-07
    endloop
  endfacet
  facet normal 0.2952 -0.712519 -0.636533
    outer loop
      vertex -67.029 39.853 1.7831
      vertex -66.7775 39.9421 1.8
      vertex -66.9257 39.8807 1.8
    endloop
  endfacet
  facet normal 0.295108 -0.712179 -0.636955
    outer loop
      vertex -66.7775 39.9421 1.8
      vertex -67.029 39.853 1.7831
      vertex -67.9375 41.0713 3.8147e-07
    endloop
  endfacet
  facet normal -0.469354 -0.611563 -0.636943
    outer loop
      vertex -65.4875 39.7722 1.8
      vertex -64.7375 41.0713 3.8147e-07
      vertex -64.0748 40.5627 3.8147e-07
    endloop
  endfacet
  facet normal 0.611614 0.469301 -0.636934
    outer loop
      vertex -69.1088 36.7 3.8147e-07
      vertex -67.5396 37.0979 1.8
      vertex -68.6003 36.0373 3.8147e-07
    endloop
  endfacet
  facet normal 0.469203 -0.611665 -0.636957
    outer loop
      vertex -67.9375 41.0713 3.8147e-07
      vertex -67.3756 39.6279 1.8
      vertex -67.4751 39.5633 1.78874
    endloop
  endfacet
  facet normal 0.469247 -0.611725 -0.636867
    outer loop
      vertex -67.5396 39.5021 1.8
      vertex -67.4751 39.5633 1.78874
      vertex -67.5001 39.5324 1.8
    endloop
  endfacet
  facet normal 0.469226 -0.611652 -0.636953
    outer loop
      vertex -67.3756 39.6279 1.8
      vertex -67.9375 41.0713 3.8147e-07
      vertex -67.1875 39.7722 1.8
    endloop
  endfacet
  facet normal 0.469184 -0.611676 -0.636961
    outer loop
      vertex -67.9375 41.0713 3.8147e-07
      vertex -67.4751 39.5633 1.78874
      vertex -67.5396 39.5021 1.8
    endloop
  endfacet
  facet normal -0.76709 -0.101314 -0.633489
    outer loop
      vertex -64.6955 38.74 1.8
      vertex -64.6469 38.4777 1.7831
      vertex -64.6745 38.581 1.8
    endloop
  endfacet
  facet normal -0.764305 -0.100574 -0.636964
    outer loop
      vertex -63.1375 38.3 3.8147e-07
      vertex -64.6469 38.4777 1.7831
      vertex -64.6955 38.74 1.8
    endloop
  endfacet
  facet normal -0.764305 -0.100578 -0.636963
    outer loop
      vertex -64.6376 38.3 1.8
      vertex -64.6469 38.4777 1.7831
      vertex -63.1375 38.3 3.8147e-07
    endloop
  endfacet
  facet normal -0.764985 -0.100537 -0.636153
    outer loop
      vertex -64.6469 38.4777 1.7831
      vertex -64.6376 38.3 1.8
      vertex -64.6509 38.4012 1.8
    endloop
  endfacet
  facet normal 0 0 -1
    outer loop
      vertex -66.9257 39.8807 1.8
      vertex -66.7775 39.9421 1.8
      vertex -66.6186 39.963 1.8
    endloop
  endfacet
  facet normal 0 0 -1
    outer loop
      vertex -65.5818 36.7887 1.8
      vertex -65.2995 36.9721 1.8
      vertex -65.4875 36.8278 1.8
    endloop
  endfacet
  facet normal 0 0 -1
    outer loop
      vertex -67.3756 39.6279 1.8
      vertex -67.1875 39.7722 1.8
      vertex -67.0932 39.8113 1.8
    endloop
  endfacet
  facet normal 0 0 -1
    outer loop
      vertex -67.1875 36.8278 1.8
      vertex -66.7282 36.6514 1.8
      vertex -66.7775 36.6579 1.8
    endloop
  endfacet
  facet normal 0 0 -1
    outer loop
      vertex -67.9861 38.6907 1.8
      vertex -67.9796 38.74 1.8
      vertex -67.8098 39.15 1.8
    endloop
  endfacet
  facet normal 0 0 -1
    outer loop
      vertex -65.4875 39.7722 1.8
      vertex -65.1355 39.5021 1.8
      vertex -65.1052 39.4626 1.8
    endloop
  endfacet
  facet normal 0 0 -1
    outer loop
      vertex -65.9469 39.9486 1.8
      vertex -65.8976 39.9421 1.8
      vertex -65.4875 39.7722 1.8
    endloop
  endfacet
  facet normal 0 0 -1
    outer loop
      vertex -67.5699 37.1374 1.8
      vertex -67.1875 36.8278 1.8
      vertex -67.5396 37.0979 1.8
    endloop
  endfacet
  facet normal 0 0 -1
    outer loop
      vertex -65.0096 39.3381 1.8
      vertex -64.8653 39.15 1.8
      vertex -64.8262 39.0557 1.8
    endloop
  endfacet
  facet normal 0 0 -1
    outer loop
      vertex -67.8098 39.15 1.8
      vertex -67.5396 39.5021 1.8
      vertex -67.5001 39.5324 1.8
    endloop
  endfacet
  facet normal 0 0 -1
    outer loop
      vertex -64.6685 38.065 1.8
      vertex -64.6509 38.4012 1.8
      vertex -64.6376 38.3 1.8
    endloop
  endfacet
  facet normal 0 0 -1
    outer loop
      vertex -66.5726 36.6309 1.8
      vertex -66.2364 36.6133 1.8
      vertex -66.3375 36.6 1.8
    endloop
  endfacet
  facet normal 0 0 -1
    outer loop
      vertex -65.1749 37.0676 1.8
      vertex -64.8653 37.45 1.8
      vertex -65.1355 37.0979 1.8
    endloop
  endfacet
  facet normal 0 0 -1
    outer loop
      vertex -64.8653 37.45 1.8
      vertex -64.689 37.9093 1.8
      vertex -64.6955 37.86 1.8
    endloop
  endfacet
  facet normal 0 0 -1
    outer loop
      vertex -64.7568 38.8881 1.8
      vertex -64.6955 38.74 1.8
      vertex -64.6745 38.581 1.8
    endloop
  endfacet
  facet normal 0 0 -1
    outer loop
      vertex -67.8488 37.5443 1.8
      vertex -67.6655 37.2619 1.8
      vertex -67.8098 37.45 1.8
    endloop
  endfacet
  facet normal 0 0 -1
    outer loop
      vertex -66.0565 36.637 1.8
      vertex -65.7494 36.7193 1.8
      vertex -65.8976 36.6579 1.8
    endloop
  endfacet
  facet normal 0 0 -1
    outer loop
      vertex -66.4387 39.9867 1.8
      vertex -66.3375 40 1.8
      vertex -66.1025 39.9691 1.8
    endloop
  endfacet
  facet normal 0 0 -1
    outer loop
      vertex -68.0005 38.019 1.8
      vertex -67.9183 37.7119 1.8
      vertex -67.9796 37.86 1.8
    endloop
  endfacet
  facet normal 0 0 -1
    outer loop
      vertex -68.0375 38.3 1.8
      vertex -68.0066 38.535 1.8
      vertex -68.0242 38.1988 1.8
    endloop
  endfacet
  facet normal -0.100501 -0.764332 -0.636943
    outer loop
      vertex -66.3375 41.5 3.8147e-07
      vertex -66.1025 39.9691 1.8
      vertex -66.3375 40 1.8
    endloop
  endfacet
  facet normal -0.101233 -0.764322 -0.636839
    outer loop
      vertex -66.1025 39.9691 1.8
      vertex -66.3375 41.5 3.8147e-07
      vertex -65.9841 39.9628 1.78874
    endloop
  endfacet
  facet normal -0.101155 -0.767221 -0.633355
    outer loop
      vertex -65.9841 39.9628 1.78874
      vertex -65.8976 39.9421 1.8
      vertex -65.9469 39.9486 1.8
    endloop
  endfacet
  facet normal -0.099972 -0.764297 -0.637068
    outer loop
      vertex -65.8976 39.9421 1.8
      vertex -65.9841 39.9628 1.78874
      vertex -66.3375 41.5 3.8147e-07
    endloop
  endfacet
  facet normal -0.611618 0.469304 -0.636928
    outer loop
      vertex -64.8653 37.45 1.8
      vertex -63.5663 36.7 3.8147e-07
      vertex -64.0748 36.0373 3.8147e-07
    endloop
  endfacet
  facet normal -0.295061 -0.712211 -0.636942
    outer loop
      vertex -65.8976 39.9421 1.8
      vertex -65.5093 41.391 3.8147e-07
      vertex -65.4875 39.7722 1.8
    endloop
  endfacet
  facet normal -0.76431 -0.100684 -0.636941
    outer loop
      vertex -64.6955 38.74 1.8
      vertex -63.2466 39.1282 3.8147e-07
      vertex -63.1375 38.3 3.8147e-07
    endloop
  endfacet
  facet normal -0.712232 -0.295025 -0.636934
    outer loop
      vertex -64.6955 38.74 1.8
      vertex -63.5663 39.9 3.8147e-07
      vertex -63.2466 39.1282 3.8147e-07
    endloop
  endfacet
  facet normal 0.712568 0.294939 -0.636599
    outer loop
      vertex -67.8906 37.6085 1.7831
      vertex -67.9796 37.86 1.8
      vertex -67.9183 37.7119 1.8
    endloop
  endfacet
  facet normal 0.709746 0.293532 -0.640391
    outer loop
      vertex -67.8098 37.45 1.8
      vertex -67.8906 37.6085 1.7831
      vertex -67.8488 37.5443 1.8
    endloop
  endfacet
  facet normal 0.712328 0.294874 -0.636897
    outer loop
      vertex -67.8906 37.6085 1.7831
      vertex -69.1088 36.7 3.8147e-07
      vertex -67.9796 37.86 1.8
    endloop
  endfacet
  facet normal 0.712183 0.295143 -0.636935
    outer loop
      vertex -69.1088 36.7 3.8147e-07
      vertex -67.8906 37.6085 1.7831
      vertex -67.8098 37.45 1.8
    endloop
  endfacet
  facet normal -0.712183 -0.295143 -0.636935
    outer loop
      vertex -64.7845 38.9915 1.7831
      vertex -64.8653 39.15 1.8
      vertex -63.5663 39.9 3.8147e-07
    endloop
  endfacet
  facet normal -0.712799 -0.295551 -0.636056
    outer loop
      vertex -64.8653 39.15 1.8
      vertex -64.7845 38.9915 1.7831
      vertex -64.8262 39.0557 1.8
    endloop
  endfacet
  facet normal -0.712328 -0.294874 -0.636897
    outer loop
      vertex -64.6955 38.74 1.8
      vertex -64.7845 38.9915 1.7831
      vertex -63.5663 39.9 3.8147e-07
    endloop
  endfacet
  facet normal -0.712568 -0.294939 -0.636599
    outer loop
      vertex -64.7845 38.9915 1.7831
      vertex -64.6955 38.74 1.8
      vertex -64.7568 38.8881 1.8
    endloop
  endfacet
  facet normal 0.611232 0.468869 -0.637618
    outer loop
      vertex -67.5396 37.0979 1.8
      vertex -67.6009 37.1625 1.78874
      vertex -67.5699 37.1374 1.8
    endloop
  endfacet
  facet normal 0.61148 0.469546 -0.636882
    outer loop
      vertex -69.1088 36.7 3.8147e-07
      vertex -67.6655 37.2619 1.8
      vertex -67.6009 37.1625 1.78874
    endloop
  endfacet
  facet normal 0.611665 0.469236 -0.636933
    outer loop
      vertex -67.6655 37.2619 1.8
      vertex -69.1088 36.7 3.8147e-07
      vertex -67.8098 37.45 1.8
    endloop
  endfacet
  facet normal 0.611596 0.469336 -0.636925
    outer loop
      vertex -69.1088 36.7 3.8147e-07
      vertex -67.6009 37.1625 1.78874
      vertex -67.5396 37.0979 1.8
    endloop
  endfacet
  facet normal -0.469359 0.61157 -0.636934
    outer loop
      vertex -65.1355 37.0979 1.8
      vertex -64.0748 36.0373 3.8147e-07
      vertex -64.7375 35.5287 3.8147e-07
    endloop
  endfacet
  facet normal 0.712232 0.295025 -0.636934
    outer loop
      vertex -69.4285 37.4718 3.8147e-07
      vertex -67.9796 37.86 1.8
      vertex -69.1088 36.7 3.8147e-07
    endloop
  endfacet
  facet normal -0.611589 0.469331 -0.636936
    outer loop
      vertex -65.1355 37.0979 1.8
      vertex -64.8653 37.45 1.8
      vertex -64.0748 36.0373 3.8147e-07
    endloop
  endfacet
  facet normal 0.764326 -0.100594 -0.636935
    outer loop
      vertex -69.5375 38.3 3.8147e-07
      vertex -69.4285 39.1282 3.8147e-07
      vertex -67.9796 38.74 1.8
    endloop
  endfacet
  facet normal 0.469308 0.611595 -0.636947
    outer loop
      vertex -68.6003 36.0373 3.8147e-07
      vertex -67.1875 36.8278 1.8
      vertex -67.9375 35.5287 3.8147e-07
    endloop
  endfacet
  facet normal -0.71225 0.294976 -0.636938
    outer loop
      vertex -64.8653 37.45 1.8
      vertex -64.6955 37.86 1.8
      vertex -63.2466 37.4718 3.8147e-07
    endloop
  endfacet
  facet normal -0.295022 0.712225 -0.636944
    outer loop
      vertex -65.8976 36.6579 1.8
      vertex -64.7375 35.5287 3.8147e-07
      vertex -65.5093 35.209 3.8147e-07
    endloop
  endfacet
  facet normal -0.100484 0.763965 -0.637385
    outer loop
      vertex -65.8976 36.6579 1.8
      vertex -66.1599 36.6093 1.7831
      vertex -66.0565 36.637 1.8
    endloop
  endfacet
  facet normal -0.100579 0.764323 -0.636941
    outer loop
      vertex -66.1599 36.6093 1.7831
      vertex -65.8976 36.6579 1.8
      vertex -66.3375 35.1 3.8147e-07
    endloop
  endfacet
  facet normal -0.100606 0.764758 -0.636414
    outer loop
      vertex -66.1599 36.6093 1.7831
      vertex -66.3375 36.6 1.8
      vertex -66.2364 36.6133 1.8
    endloop
  endfacet
  facet normal -0.100633 0.764321 -0.636935
    outer loop
      vertex -66.3375 36.6 1.8
      vertex -66.1599 36.6093 1.7831
      vertex -66.3375 35.1 3.8147e-07
    endloop
  endfacet
  facet normal 0.295052 0.712205 -0.636953
    outer loop
      vertex -67.9375 35.5287 3.8147e-07
      vertex -67.1875 36.8278 1.8
      vertex -67.1658 35.209 3.8147e-07
    endloop
  endfacet
  facet normal -0.712238 0.295028 -0.636927
    outer loop
      vertex -64.8653 37.45 1.8
      vertex -63.2466 37.4718 3.8147e-07
      vertex -63.5663 36.7 3.8147e-07
    endloop
  endfacet
  facet normal 0.469228 0.611682 -0.636922
    outer loop
      vertex -68.6003 36.0373 3.8147e-07
      vertex -67.5396 37.0979 1.8
      vertex -67.1875 36.8278 1.8
    endloop
  endfacet
  facet normal 0.764985 0.100537 -0.636153
    outer loop
      vertex -68.0282 38.1223 1.7831
      vertex -68.0375 38.3 1.8
      vertex -68.0242 38.1988 1.8
    endloop
  endfacet
  facet normal 0.764326 0.100577 -0.636938
    outer loop
      vertex -68.0375 38.3 1.8
      vertex -68.0282 38.1223 1.7831
      vertex -69.5375 38.3 3.8147e-07
    endloop
  endfacet
  facet normal 0.763493 0.100358 -0.637971
    outer loop
      vertex -67.9796 37.86 1.8
      vertex -68.0282 38.1223 1.7831
      vertex -68.0005 38.019 1.8
    endloop
  endfacet
  facet normal 0.764326 0.100579 -0.636938
    outer loop
      vertex -68.0282 38.1223 1.7831
      vertex -67.9796 37.86 1.8
      vertex -69.5375 38.3 3.8147e-07
    endloop
  endfacet
  facet normal 0.763914 -0.100719 -0.637409
    outer loop
      vertex -68.0004 38.6535 1.78874
      vertex -67.9796 38.74 1.8
      vertex -67.9861 38.6907 1.8
    endloop
  endfacet
  facet normal 0.764332 -0.100501 -0.636943
    outer loop
      vertex -69.5375 38.3 3.8147e-07
      vertex -68.0066 38.535 1.8
      vertex -68.0375 38.3 1.8
    endloop
  endfacet
  facet normal 0.764339 -0.100891 -0.636873
    outer loop
      vertex -68.0004 38.6535 1.78874
      vertex -69.5375 38.3 3.8147e-07
      vertex -67.9796 38.74 1.8
    endloop
  endfacet
  facet normal 0.764331 -0.100513 -0.636942
    outer loop
      vertex -68.0066 38.535 1.8
      vertex -69.5375 38.3 3.8147e-07
      vertex -68.0004 38.6535 1.78874
    endloop
  endfacet
  facet normal 0.544654 0.838661 4.45464e-06
    outer loop
      vertex -67.3756 -39.6279 1.8
      vertex -67.029 -39.853 3
      vertex -67.0932 -39.8113 1.8
    endloop
  endfacet
  facet normal 0.544713 0.838623 0
    outer loop
      vertex -67.0932 -39.8113 1.8
      vertex -67.029 -39.853 3
      vertex -67.029 -39.853 1.7831
    endloop
  endfacet
  facet normal 0.544638 0.838671 1.11077e-05
    outer loop
      vertex -67.029 -39.853 3
      vertex -67.3756 -39.6279 1.8
      vertex -67.4751 -39.5633 3
    endloop
  endfacet
  facet normal 0.544544 0.838732 0
    outer loop
      vertex -67.4751 -39.5633 3
      vertex -67.3756 -39.6279 1.8
      vertex -67.4751 -39.5633 1.78874
    endloop
  endfacet
  facet normal 0.777108 0.629368 0
    outer loop
      vertex -67.8098 -39.15 3
      vertex -67.5001 -39.5324 1.8
      vertex -67.8098 -39.15 1.8
    endloop
  endfacet
  facet normal 0.777131 0.629339 1.52462e-05
    outer loop
      vertex -67.4751 -39.5633 3
      vertex -67.5001 -39.5324 1.8
      vertex -67.8098 -39.15 3
    endloop
  endfacet
  facet normal 0.777421 0.628981 0
    outer loop
      vertex -67.5001 -39.5324 1.8
      vertex -67.4751 -39.5633 3
      vertex -67.4751 -39.5633 1.78874
    endloop
  endfacet
  facet normal 0.258868 0.965913 -9.27437e-06
    outer loop
      vertex -66.5152 -39.9907 3
      vertex -66.6186 -39.963 1.8
      vertex -67.029 -39.853 3
    endloop
  endfacet
  facet normal 0.258767 0.96594 0
    outer loop
      vertex -66.6186 -39.963 1.8
      vertex -66.5152 -39.9907 3
      vertex -66.5152 -39.9907 1.7831
    endloop
  endfacet
  facet normal 0.258857 0.965916 -1.3315e-05
    outer loop
      vertex -66.9257 -39.8807 1.8
      vertex -67.029 -39.853 3
      vertex -66.6186 -39.963 1.8
    endloop
  endfacet
  facet normal 0.259001 0.965877 0
    outer loop
      vertex -67.029 -39.853 3
      vertex -66.9257 -39.8807 1.8
      vertex -67.029 -39.853 1.7831
    endloop
  endfacet
  facet normal 0.629247 -0.777205 -1.00268e-06
    outer loop
      vertex -67.6009 -37.1625 3
      vertex -67.5699 -37.1374 1.8
      vertex -67.1875 -36.8278 3
    endloop
  endfacet
  facet normal 0.62927 -0.777186 0
    outer loop
      vertex -67.5699 -37.1374 1.8
      vertex -67.6009 -37.1625 3
      vertex -67.6009 -37.1625 1.78874
    endloop
  endfacet
  facet normal 0.629245 -0.777207 0
    outer loop
      vertex -67.1875 -36.8278 3
      vertex -67.5699 -37.1374 1.8
      vertex -67.1875 -36.8278 1.8
    endloop
  endfacet
  facet normal -0.838623 0.544713 0
    outer loop
      vertex -64.8262 -39.0557 1.8
      vertex -64.7845 -38.9915 3
      vertex -64.7845 -38.9915 1.7831
    endloop
  endfacet
  facet normal -0.838661 0.544654 4.45464e-06
    outer loop
      vertex -65.0096 -39.3381 1.8
      vertex -64.7845 -38.9915 3
      vertex -64.8262 -39.0557 1.8
    endloop
  endfacet
  facet normal -0.838482 0.544929 0
    outer loop
      vertex -65.0742 -39.4375 3
      vertex -65.0096 -39.3381 1.8
      vertex -65.0742 -39.4375 1.78874
    endloop
  endfacet
  facet normal -0.838615 0.544724 -2.41619e-05
    outer loop
      vertex -65.0096 -39.3381 1.8
      vertex -65.0742 -39.4375 3
      vertex -64.7845 -38.9915 3
    endloop
  endfacet
  facet normal 0.838482 -0.544929 0
    outer loop
      vertex -67.6009 -37.1625 3
      vertex -67.6655 -37.2619 1.8
      vertex -67.6009 -37.1625 1.78874
    endloop
  endfacet
  facet normal 0.838615 -0.544724 -2.41619e-05
    outer loop
      vertex -67.8906 -37.6085 3
      vertex -67.6655 -37.2619 1.8
      vertex -67.6009 -37.1625 3
    endloop
  endfacet
  facet normal 0.838796 -0.544445 9.02459e-05
    outer loop
      vertex -67.6655 -37.2619 1.8
      vertex -67.8906 -37.6085 3
      vertex -67.8488 -37.5443 1.8
    endloop
  endfacet
  facet normal 0.838026 -0.545631 0
    outer loop
      vertex -67.8488 -37.5443 1.8
      vertex -67.8906 -37.6085 3
      vertex -67.8906 -37.6085 1.7831
    endloop
  endfacet
  facet normal 0.96594 -0.258767 0
    outer loop
      vertex -67.8906 -37.6085 3
      vertex -67.9183 -37.7119 1.8
      vertex -67.8906 -37.6085 1.7831
    endloop
  endfacet
  facet normal 0.965994 -0.258563 -1.8847e-05
    outer loop
      vertex -67.8906 -37.6085 3
      vertex -68.0005 -38.019 1.8
      vertex -67.9183 -37.7119 1.8
    endloop
  endfacet
  facet normal 0.96596 -0.258692 2.84825e-05
    outer loop
      vertex -68.0282 -38.1223 3
      vertex -68.0005 -38.019 1.8
      vertex -67.8906 -37.6085 3
    endloop
  endfacet
  facet normal 0.965877 -0.259001 0
    outer loop
      vertex -68.0005 -38.019 1.8
      vertex -68.0282 -38.1223 3
      vertex -68.0282 -38.1223 1.7831
    endloop
  endfacet
  facet normal 0.35853 -0.933518 0
    outer loop
      vertex -66.7282 -36.6514 1.8
      vertex -67.1875 -36.8278 3
      vertex -67.1875 -36.8278 1.8
    endloop
  endfacet
  facet normal 0.358551 -0.93351 9.2599e-06
    outer loop
      vertex -67.1875 -36.8278 3
      vertex -66.7282 -36.6514 1.8
      vertex -66.691 -36.6371 3
    endloop
  endfacet
  facet normal 0.358811 -0.93341 0
    outer loop
      vertex -66.691 -36.6371 3
      vertex -66.7282 -36.6514 1.8
      vertex -66.691 -36.6371 1.78874
    endloop
  endfacet
  facet normal -0.998634 -0.0522492 0
    outer loop
      vertex -64.6685 -38.065 1.8
      vertex -64.6747 -37.9465 3
      vertex -64.6747 -37.9465 1.78874
    endloop
  endfacet
  facet normal -0.998633 -0.0522782 -3.96047e-06
    outer loop
      vertex -64.6469 -38.4777 3
      vertex -64.6685 -38.065 1.8
      vertex -64.6509 -38.4012 1.8
    endloop
  endfacet
  facet normal -0.998636 -0.0522163 -0
    outer loop
      vertex -64.6469 -38.4777 3
      vertex -64.6509 -38.4012 1.8
      vertex -64.6469 -38.4777 1.7831
    endloop
  endfacet
  facet normal -0.998633 -0.0522628 1.3473e-06
    outer loop
      vertex -64.6685 -38.065 1.8
      vertex -64.6469 -38.4777 3
      vertex -64.6747 -37.9465 3
    endloop
  endfacet
  facet normal 0.93341 0.358811 0
    outer loop
      vertex -68.0004 -38.6535 3
      vertex -67.9861 -38.6907 1.8
      vertex -68.0004 -38.6535 1.78874
    endloop
  endfacet
  facet normal 0.933573 0.358387 1.50895e-05
    outer loop
      vertex -67.8098 -39.15 3
      vertex -67.9861 -38.6907 1.8
      vertex -68.0004 -38.6535 3
    endloop
  endfacet
  facet normal 0.933586 0.358352 0
    outer loop
      vertex -67.9861 -38.6907 1.8
      vertex -67.8098 -39.15 3
      vertex -67.8098 -39.15 1.8
    endloop
  endfacet
  facet normal -0.933586 -0.358352 0
    outer loop
      vertex -64.689 -37.9093 1.8
      vertex -64.8653 -37.45 3
      vertex -64.8653 -37.45 1.8
    endloop
  endfacet
  facet normal -0.93341 -0.358811 -0
    outer loop
      vertex -64.6747 -37.9465 3
      vertex -64.689 -37.9093 1.8
      vertex -64.6747 -37.9465 1.78874
    endloop
  endfacet
  facet normal -0.933573 -0.358387 1.50895e-05
    outer loop
      vertex -64.689 -37.9093 1.8
      vertex -64.6747 -37.9465 3
      vertex -64.8653 -37.45 3
    endloop
  endfacet
  facet normal 0.998636 0.0522163 0
    outer loop
      vertex -68.0282 -38.1223 3
      vertex -68.0242 -38.1988 1.8
      vertex -68.0282 -38.1223 1.7831
    endloop
  endfacet
  facet normal 0.998633 0.0522782 -3.96047e-06
    outer loop
      vertex -68.0282 -38.1223 3
      vertex -68.0066 -38.535 1.8
      vertex -68.0242 -38.1988 1.8
    endloop
  endfacet
  facet normal 0.998633 0.0522628 1.3473e-06
    outer loop
      vertex -68.0004 -38.6535 3
      vertex -68.0066 -38.535 1.8
      vertex -68.0282 -38.1223 3
    endloop
  endfacet
  facet normal 0.998634 0.0522492 0
    outer loop
      vertex -68.0066 -38.535 1.8
      vertex -68.0004 -38.6535 3
      vertex -68.0004 -38.6535 1.78874
    endloop
  endfacet
  facet normal -0.358462 0.933544 0
    outer loop
      vertex -65.9469 -39.9486 1.8
      vertex -65.4875 -39.7722 3
      vertex -65.4875 -39.7722 1.8
    endloop
  endfacet
  facet normal -0.358324 0.933597 -6.04726e-05
    outer loop
      vertex -65.4875 -39.7722 3
      vertex -65.9469 -39.9486 1.8
      vertex -65.9841 -39.9628 3
    endloop
  endfacet
  facet normal -0.356622 0.934249 0
    outer loop
      vertex -65.9841 -39.9628 3
      vertex -65.9469 -39.9486 1.8
      vertex -65.9841 -39.9628 1.78874
    endloop
  endfacet
  facet normal -0.0524601 0.998623 -6.67034e-05
    outer loop
      vertex -65.9841 -39.9628 3
      vertex -66.1025 -39.9691 1.8
      vertex -66.5152 -39.9907 3
    endloop
  endfacet
  facet normal -0.0531343 0.998587 0
    outer loop
      vertex -66.1025 -39.9691 1.8
      vertex -65.9841 -39.9628 3
      vertex -65.9841 -39.9628 1.78874
    endloop
  endfacet
  facet normal -0.0522782 0.998633 -3.96047e-06
    outer loop
      vertex -66.4387 -39.9867 1.8
      vertex -66.5152 -39.9907 3
      vertex -66.1025 -39.9691 1.8
    endloop
  endfacet
  facet normal -0.0522163 0.998636 0
    outer loop
      vertex -66.5152 -39.9907 3
      vertex -66.4387 -39.9867 1.8
      vertex -66.5152 -39.9907 1.7831
    endloop
  endfacet
  facet normal -0.54479 -0.838573 -5.12659e-05
    outer loop
      vertex -65.2995 -36.9721 1.8
      vertex -65.6461 -36.747 3
      vertex -65.5818 -36.7887 1.8
    endloop
  endfacet
  facet normal -0.544117 -0.83901 0
    outer loop
      vertex -65.5818 -36.7887 1.8
      vertex -65.6461 -36.747 3
      vertex -65.6461 -36.747 1.7831
    endloop
  endfacet
  facet normal -0.544638 -0.838671 1.11077e-05
    outer loop
      vertex -65.6461 -36.747 3
      vertex -65.2995 -36.9721 1.8
      vertex -65.2 -37.0367 3
    endloop
  endfacet
  facet normal -0.544544 -0.838732 -0
    outer loop
      vertex -65.2 -37.0367 3
      vertex -65.2995 -36.9721 1.8
      vertex -65.2 -37.0367 1.78874
    endloop
  endfacet
  facet normal -0.629339 0.777131 2.93015e-06
    outer loop
      vertex -65.0742 -39.4375 3
      vertex -65.1052 -39.4626 1.8
      vertex -65.4875 -39.7722 3
    endloop
  endfacet
  facet normal -0.62927 0.777186 0
    outer loop
      vertex -65.1052 -39.4626 1.8
      vertex -65.0742 -39.4375 3
      vertex -65.0742 -39.4375 1.78874
    endloop
  endfacet
  facet normal -0.629344 0.777127 0
    outer loop
      vertex -65.4875 -39.7722 3
      vertex -65.1052 -39.4626 1.8
      vertex -65.4875 -39.7722 1.8
    endloop
  endfacet
  facet normal -0.258868 -0.965913 -9.27437e-06
    outer loop
      vertex -66.1599 -36.6093 3
      vertex -66.0565 -36.637 1.8
      vertex -65.6461 -36.747 3
    endloop
  endfacet
  facet normal -0.258767 -0.96594 0
    outer loop
      vertex -66.0565 -36.637 1.8
      vertex -66.1599 -36.6093 3
      vertex -66.1599 -36.6093 1.7831
    endloop
  endfacet
  facet normal -0.258857 -0.965916 -1.3315e-05
    outer loop
      vertex -65.7494 -36.7193 1.8
      vertex -65.6461 -36.747 3
      vertex -66.0565 -36.637 1.8
    endloop
  endfacet
  facet normal -0.259001 -0.965877 -0
    outer loop
      vertex -65.6461 -36.747 3
      vertex -65.7494 -36.7193 1.8
      vertex -65.6461 -36.747 1.7831
    endloop
  endfacet
  facet normal -0.966111 0.258128 0
    outer loop
      vertex -64.6745 -38.581 1.8
      vertex -64.6469 -38.4777 3
      vertex -64.6469 -38.4777 1.7831
    endloop
  endfacet
  facet normal -0.965916 0.258857 -6.7178e-05
    outer loop
      vertex -64.7568 -38.8881 1.8
      vertex -64.6469 -38.4777 3
      vertex -64.6745 -38.581 1.8
    endloop
  endfacet
  facet normal -0.96594 0.258767 0
    outer loop
      vertex -64.7845 -38.9915 3
      vertex -64.7568 -38.8881 1.8
      vertex -64.7845 -38.9915 1.7831
    endloop
  endfacet
  facet normal -0.96596 0.258692 -6.92478e-06
    outer loop
      vertex -64.7568 -38.8881 1.8
      vertex -64.7845 -38.9915 3
      vertex -64.6469 -38.4777 3
    endloop
  endfacet
  facet normal -0.776191 -0.630498 0
    outer loop
      vertex -65.1749 -37.0676 1.8
      vertex -65.2 -37.0367 3
      vertex -65.2 -37.0367 1.78874
    endloop
  endfacet
  facet normal -0.777207 -0.629245 -0
    outer loop
      vertex -64.8653 -37.45 3
      vertex -65.1749 -37.0676 1.8
      vertex -64.8653 -37.45 1.8
    endloop
  endfacet
  facet normal -0.777131 -0.629339 -4.95148e-05
    outer loop
      vertex -65.1749 -37.0676 1.8
      vertex -64.8653 -37.45 3
      vertex -65.2 -37.0367 3
    endloop
  endfacet
  facet normal 0.0522726 -0.998633 -2.037e-06
    outer loop
      vertex -66.691 -36.6371 3
      vertex -66.5726 -36.6309 1.8
      vertex -66.1599 -36.6093 3
    endloop
  endfacet
  facet normal 0.0522932 -0.998632 0
    outer loop
      vertex -66.5726 -36.6309 1.8
      vertex -66.691 -36.6371 3
      vertex -66.691 -36.6371 1.78874
    endloop
  endfacet
  facet normal 0.0522782 -0.998633 -3.96047e-06
    outer loop
      vertex -66.2364 -36.6133 1.8
      vertex -66.1599 -36.6093 3
      vertex -66.5726 -36.6309 1.8
    endloop
  endfacet
  facet normal 0.0522163 -0.998636 0
    outer loop
      vertex -66.1599 -36.6093 3
      vertex -66.2364 -36.6133 1.8
      vertex -66.1599 -36.6093 1.7831
    endloop
  endfacet
  facet normal 0.709746 -0.293532 -0.640391
    outer loop
      vertex -67.8906 -37.6085 1.7831
      vertex -67.8098 -37.45 1.8
      vertex -67.8488 -37.5443 1.8
    endloop
  endfacet
  facet normal 0.712183 -0.295143 -0.636935
    outer loop
      vertex -67.8098 -37.45 1.8
      vertex -67.8906 -37.6085 1.7831
      vertex -69.1088 -36.7 3.8147e-07
    endloop
  endfacet
  facet normal 0.712568 -0.294939 -0.636599
    outer loop
      vertex -67.9796 -37.86 1.8
      vertex -67.8906 -37.6085 1.7831
      vertex -67.9183 -37.7119 1.8
    endloop
  endfacet
  facet normal 0.712328 -0.294874 -0.636897
    outer loop
      vertex -67.8906 -37.6085 1.7831
      vertex -67.9796 -37.86 1.8
      vertex -69.1088 -36.7 3.8147e-07
    endloop
  endfacet
  facet normal -0.611614 0.469301 -0.636934
    outer loop
      vertex -65.1355 -39.5021 1.8
      vertex -63.5663 -39.9 3.8147e-07
      vertex -64.0748 -40.5627 3.8147e-07
    endloop
  endfacet
  facet normal 0.611618 0.469304 -0.636928
    outer loop
      vertex -69.1088 -39.9 3.8147e-07
      vertex -67.8098 -39.15 1.8
      vertex -68.6003 -40.5627 3.8147e-07
    endloop
  endfacet
  facet normal 0.611589 0.469331 -0.636936
    outer loop
      vertex -68.6003 -40.5627 3.8147e-07
      vertex -67.8098 -39.15 1.8
      vertex -67.5396 -39.5021 1.8
    endloop
  endfacet
  facet normal 0.611614 -0.469301 -0.636934
    outer loop
      vertex -69.1088 -36.7 3.8147e-07
      vertex -68.6003 -36.0373 3.8147e-07
      vertex -67.5396 -37.0979 1.8
    endloop
  endfacet
  facet normal 0.295124 -0.712189 -0.636937
    outer loop
      vertex -67.1875 -36.8278 1.8
      vertex -67.1658 -35.209 3.8147e-07
      vertex -66.7775 -36.6579 1.8
    endloop
  endfacet
  facet normal 0.100719 -0.763914 -0.637409
    outer loop
      vertex -66.7775 -36.6579 1.8
      vertex -66.691 -36.6371 1.78874
      vertex -66.7282 -36.6514 1.8
    endloop
  endfacet
  facet normal 0.100891 -0.764339 -0.636873
    outer loop
      vertex -66.691 -36.6371 1.78874
      vertex -66.7775 -36.6579 1.8
      vertex -66.3375 -35.1 3.8147e-07
    endloop
  endfacet
  facet normal 0.100597 -0.764333 -0.636926
    outer loop
      vertex -66.3375 -35.1 3.8147e-07
      vertex -66.5726 -36.6309 1.8
      vertex -66.691 -36.6371 1.78874
    endloop
  endfacet
  facet normal 0.100459 -0.764335 -0.636946
    outer loop
      vertex -66.5726 -36.6309 1.8
      vertex -66.3375 -35.1 3.8147e-07
      vertex -66.3375 -36.6 1.8
    endloop
  endfacet
  facet normal -0.469309 0.611613 -0.636929
    outer loop
      vertex -65.4875 -39.7722 1.8
      vertex -65.1355 -39.5021 1.8
      vertex -64.0748 -40.5627 3.8147e-07
    endloop
  endfacet
  facet normal 0.712232 -0.295025 -0.636934
    outer loop
      vertex -69.4285 -37.4718 3.8147e-07
      vertex -69.1088 -36.7 3.8147e-07
      vertex -67.9796 -37.86 1.8
    endloop
  endfacet
  facet normal -0.764305 0.100578 -0.636963
    outer loop
      vertex -64.6469 -38.4777 1.7831
      vertex -64.6376 -38.3 1.8
      vertex -63.1375 -38.3 3.8147e-07
    endloop
  endfacet
  facet normal -0.764985 0.100537 -0.636153
    outer loop
      vertex -64.6376 -38.3 1.8
      vertex -64.6469 -38.4777 1.7831
      vertex -64.6509 -38.4012 1.8
    endloop
  endfacet
  facet normal -0.764305 0.100574 -0.636964
    outer loop
      vertex -64.6955 -38.74 1.8
      vertex -64.6469 -38.4777 1.7831
      vertex -63.1375 -38.3 3.8147e-07
    endloop
  endfacet
  facet normal -0.76709 0.101314 -0.633489
    outer loop
      vertex -64.6469 -38.4777 1.7831
      vertex -64.6955 -38.74 1.8
      vertex -64.6745 -38.581 1.8
    endloop
  endfacet
  facet normal 0.71225 0.294976 -0.636938
    outer loop
      vertex -69.4285 -39.1282 3.8147e-07
      vertex -67.9796 -38.74 1.8
      vertex -67.8098 -39.15 1.8
    endloop
  endfacet
  facet normal 0.764326 -0.100594 -0.636935
    outer loop
      vertex -69.5375 -38.3 3.8147e-07
      vertex -69.4285 -37.4718 3.8147e-07
      vertex -67.9796 -37.86 1.8
    endloop
  endfacet
  facet normal 0.100581 -0.764326 -0.636938
    outer loop
      vertex -67.1658 -35.209 3.8147e-07
      vertex -66.3375 -35.1 3.8147e-07
      vertex -66.7775 -36.6579 1.8
    endloop
  endfacet
  facet normal -0.472218 -0.614039 -0.632428
    outer loop
      vertex -65.2 -37.0367 1.78874
      vertex -65.1355 -37.0979 1.8
      vertex -65.1749 -37.0676 1.8
    endloop
  endfacet
  facet normal -0.469173 -0.611667 -0.636977
    outer loop
      vertex -65.1355 -37.0979 1.8
      vertex -65.2 -37.0367 1.78874
      vertex -64.7375 -35.5287 3.8147e-07
    endloop
  endfacet
  facet normal -0.469197 -0.611654 -0.636972
    outer loop
      vertex -65.2995 -36.9721 1.8
      vertex -64.7375 -35.5287 3.8147e-07
      vertex -65.2 -37.0367 1.78874
    endloop
  endfacet
  facet normal -0.469389 -0.61154 -0.636941
    outer loop
      vertex -64.7375 -35.5287 3.8147e-07
      vertex -65.2995 -36.9721 1.8
      vertex -65.4875 -36.8278 1.8
    endloop
  endfacet
  facet normal -0.469359 -0.61157 -0.636934
    outer loop
      vertex -65.1355 -37.0979 1.8
      vertex -64.7375 -35.5287 3.8147e-07
      vertex -64.0748 -36.0373 3.8147e-07
    endloop
  endfacet
  facet normal 0.295056 0.712213 -0.636942
    outer loop
      vertex -67.9375 -41.0713 3.8147e-07
      vertex -66.7775 -39.9421 1.8
      vertex -67.1658 -41.391 3.8147e-07
    endloop
  endfacet
  facet normal -0.611665 0.469236 -0.636933
    outer loop
      vertex -63.5663 -39.9 3.8147e-07
      vertex -65.0096 -39.3381 1.8
      vertex -64.8653 -39.15 1.8
    endloop
  endfacet
  facet normal -0.61148 0.469546 -0.636882
    outer loop
      vertex -63.5663 -39.9 3.8147e-07
      vertex -65.0742 -39.4375 1.78874
      vertex -65.0096 -39.3381 1.8
    endloop
  endfacet
  facet normal -0.611596 0.469336 -0.636925
    outer loop
      vertex -65.1355 -39.5021 1.8
      vertex -65.0742 -39.4375 1.78874
      vertex -63.5663 -39.9 3.8147e-07
    endloop
  endfacet
  facet normal -0.611232 0.468869 -0.637618
    outer loop
      vertex -65.0742 -39.4375 1.78874
      vertex -65.1355 -39.5021 1.8
      vertex -65.1052 -39.4626 1.8
    endloop
  endfacet
  facet normal 0.469308 -0.611595 -0.636947
    outer loop
      vertex -68.6003 -36.0373 3.8147e-07
      vertex -67.9375 -35.5287 3.8147e-07
      vertex -67.1875 -36.8278 1.8
    endloop
  endfacet
  facet normal -0.763914 -0.100719 -0.637409
    outer loop
      vertex -64.6955 -37.86 1.8
      vertex -64.6747 -37.9465 1.78874
      vertex -64.689 -37.9093 1.8
    endloop
  endfacet
  facet normal -0.764318 -0.100882 -0.6369
    outer loop
      vertex -63.1375 -38.3 3.8147e-07
      vertex -64.6747 -37.9465 1.78874
      vertex -64.6955 -37.86 1.8
    endloop
  endfacet
  facet normal -0.764311 -0.100514 -0.636966
    outer loop
      vertex -63.1375 -38.3 3.8147e-07
      vertex -64.6685 -38.065 1.8
      vertex -64.6747 -37.9465 1.78874
    endloop
  endfacet
  facet normal -0.764311 -0.100499 -0.636968
    outer loop
      vertex -64.6685 -38.065 1.8
      vertex -63.1375 -38.3 3.8147e-07
      vertex -64.6376 -38.3 1.8
    endloop
  endfacet
  facet normal 0.764326 0.100594 -0.636935
    outer loop
      vertex -69.5375 -38.3 3.8147e-07
      vertex -67.9796 -38.74 1.8
      vertex -69.4285 -39.1282 3.8147e-07
    endloop
  endfacet
  facet normal 0.712238 0.295028 -0.636927
    outer loop
      vertex -69.4285 -39.1282 3.8147e-07
      vertex -67.8098 -39.15 1.8
      vertex -69.1088 -39.9 3.8147e-07
    endloop
  endfacet
  facet normal -0.712232 0.295025 -0.636934
    outer loop
      vertex -64.6955 -38.74 1.8
      vertex -63.2466 -39.1282 3.8147e-07
      vertex -63.5663 -39.9 3.8147e-07
    endloop
  endfacet
  facet normal 0.763493 -0.100358 -0.637971
    outer loop
      vertex -68.0282 -38.1223 1.7831
      vertex -67.9796 -37.86 1.8
      vertex -68.0005 -38.019 1.8
    endloop
  endfacet
  facet normal 0.764985 -0.100537 -0.636153
    outer loop
      vertex -68.0375 -38.3 1.8
      vertex -68.0282 -38.1223 1.7831
      vertex -68.0242 -38.1988 1.8
    endloop
  endfacet
  facet normal 0.764326 -0.100579 -0.636938
    outer loop
      vertex -68.0282 -38.1223 1.7831
      vertex -69.5375 -38.3 3.8147e-07
      vertex -67.9796 -37.86 1.8
    endloop
  endfacet
  facet normal 0.764326 -0.100577 -0.636938
    outer loop
      vertex -69.5375 -38.3 3.8147e-07
      vertex -68.0282 -38.1223 1.7831
      vertex -68.0375 -38.3 1.8
    endloop
  endfacet
  facet normal 0.295052 -0.712205 -0.636953
    outer loop
      vertex -67.9375 -35.5287 3.8147e-07
      vertex -67.1658 -35.209 3.8147e-07
      vertex -67.1875 -36.8278 1.8
    endloop
  endfacet
  facet normal -0.100593 0.764324 -0.636938
    outer loop
      vertex -66.3375 -41.5 3.8147e-07
      vertex -65.8976 -39.9421 1.8
      vertex -65.5093 -41.391 3.8147e-07
    endloop
  endfacet
  facet normal 0.764332 0.100501 -0.636943
    outer loop
      vertex -68.0066 -38.535 1.8
      vertex -69.5375 -38.3 3.8147e-07
      vertex -68.0375 -38.3 1.8
    endloop
  endfacet
  facet normal 0.764331 0.100513 -0.636942
    outer loop
      vertex -68.0004 -38.6535 1.78874
      vertex -69.5375 -38.3 3.8147e-07
      vertex -68.0066 -38.535 1.8
    endloop
  endfacet
  facet normal 0.763914 0.100719 -0.637409
    outer loop
      vertex -67.9796 -38.74 1.8
      vertex -68.0004 -38.6535 1.78874
      vertex -67.9861 -38.6907 1.8
    endloop
  endfacet
  facet normal 0.764339 0.100891 -0.636873
    outer loop
      vertex -68.0004 -38.6535 1.78874
      vertex -67.9796 -38.74 1.8
      vertex -69.5375 -38.3 3.8147e-07
    endloop
  endfacet
  facet normal -0.2952 -0.712519 -0.636533
    outer loop
      vertex -65.8976 -36.6579 1.8
      vertex -65.6461 -36.747 1.7831
      vertex -65.7494 -36.7193 1.8
    endloop
  endfacet
  facet normal -0.295106 -0.712171 -0.636965
    outer loop
      vertex -65.6461 -36.747 1.7831
      vertex -65.8976 -36.6579 1.8
      vertex -64.7375 -35.5287 3.8147e-07
    endloop
  endfacet
  facet normal -0.29588 -0.713592 -0.635013
    outer loop
      vertex -65.6461 -36.747 1.7831
      vertex -65.4875 -36.8278 1.8
      vertex -65.5818 -36.7887 1.8
    endloop
  endfacet
  facet normal -0.294984 -0.712238 -0.636948
    outer loop
      vertex -65.4875 -36.8278 1.8
      vertex -65.6461 -36.747 1.7831
      vertex -64.7375 -35.5287 3.8147e-07
    endloop
  endfacet
  facet normal 0 0 -1
    outer loop
      vertex -68.0005 -38.019 1.8
      vertex -67.9796 -37.86 1.8
      vertex -67.9183 -37.7119 1.8
    endloop
  endfacet
  facet normal 0 0 -1
    outer loop
      vertex -64.6685 -38.065 1.8
      vertex -64.6376 -38.3 1.8
      vertex -64.6509 -38.4012 1.8
    endloop
  endfacet
  facet normal 0 0 -1
    outer loop
      vertex -68.0375 -38.3 1.8
      vertex -68.0242 -38.1988 1.8
      vertex -68.0066 -38.535 1.8
    endloop
  endfacet
  facet normal 0 0 -1
    outer loop
      vertex -65.4875 -39.7722 1.8
      vertex -65.1052 -39.4626 1.8
      vertex -65.1355 -39.5021 1.8
    endloop
  endfacet
  facet normal 0 0 -1
    outer loop
      vertex -67.8098 -39.15 1.8
      vertex -67.5001 -39.5324 1.8
      vertex -67.5396 -39.5021 1.8
    endloop
  endfacet
  facet normal 0 0 -1
    outer loop
      vertex -67.1875 -36.8278 1.8
      vertex -66.7775 -36.6579 1.8
      vertex -66.7282 -36.6514 1.8
    endloop
  endfacet
  facet normal 0 0 -1
    outer loop
      vertex -67.5699 -37.1374 1.8
      vertex -67.5396 -37.0979 1.8
      vertex -67.1875 -36.8278 1.8
    endloop
  endfacet
  facet normal 0 0 -1
    outer loop
      vertex -65.9469 -39.9486 1.8
      vertex -65.4875 -39.7722 1.8
      vertex -65.8976 -39.9421 1.8
    endloop
  endfacet
  facet normal 0 0 -1
    outer loop
      vertex -66.5726 -36.6309 1.8
      vertex -66.3375 -36.6 1.8
      vertex -66.2364 -36.6133 1.8
    endloop
  endfacet
  facet normal 0 0 -1
    outer loop
      vertex -67.9861 -38.6907 1.8
      vertex -67.8098 -39.15 1.8
      vertex -67.9796 -38.74 1.8
    endloop
  endfacet
  facet normal 0 0 -1
    outer loop
      vertex -65.5818 -36.7887 1.8
      vertex -65.4875 -36.8278 1.8
      vertex -65.2995 -36.9721 1.8
    endloop
  endfacet
  facet normal 0 0 -1
    outer loop
      vertex -65.0096 -39.3381 1.8
      vertex -64.8262 -39.0557 1.8
      vertex -64.8653 -39.15 1.8
    endloop
  endfacet
  facet normal 0 0 -1
    outer loop
      vertex -64.8653 -37.45 1.8
      vertex -64.6955 -37.86 1.8
      vertex -64.689 -37.9093 1.8
    endloop
  endfacet
  facet normal 0 0 -1
    outer loop
      vertex -65.1749 -37.0676 1.8
      vertex -65.1355 -37.0979 1.8
      vertex -64.8653 -37.45 1.8
    endloop
  endfacet
  facet normal 0 0 -1
    outer loop
      vertex -66.0565 -36.637 1.8
      vertex -65.8976 -36.6579 1.8
      vertex -65.7494 -36.7193 1.8
    endloop
  endfacet
  facet normal 0 0 -1
    outer loop
      vertex -66.4387 -39.9867 1.8
      vertex -66.1025 -39.9691 1.8
      vertex -66.3375 -40 1.8
    endloop
  endfacet
  facet normal 0 0 -1
    outer loop
      vertex -64.7568 -38.8881 1.8
      vertex -64.6745 -38.581 1.8
      vertex -64.6955 -38.74 1.8
    endloop
  endfacet
  facet normal 0 0 -1
    outer loop
      vertex -67.8488 -37.5443 1.8
      vertex -67.8098 -37.45 1.8
      vertex -67.6655 -37.2619 1.8
    endloop
  endfacet
  facet normal 0 0 -1
    outer loop
      vertex -66.9257 -39.8807 1.8
      vertex -66.6186 -39.963 1.8
      vertex -66.7775 -39.9421 1.8
    endloop
  endfacet
  facet normal 0 0 -1
    outer loop
      vertex -67.3756 -39.6279 1.8
      vertex -67.0932 -39.8113 1.8
      vertex -67.1875 -39.7722 1.8
    endloop
  endfacet
  facet normal 0.611232 -0.468869 -0.637618
    outer loop
      vertex -67.6009 -37.1625 1.78874
      vertex -67.5396 -37.0979 1.8
      vertex -67.5699 -37.1374 1.8
    endloop
  endfacet
  facet normal 0.611665 -0.469236 -0.636933
    outer loop
      vertex -69.1088 -36.7 3.8147e-07
      vertex -67.6655 -37.2619 1.8
      vertex -67.8098 -37.45 1.8
    endloop
  endfacet
  facet normal 0.611596 -0.469336 -0.636925
    outer loop
      vertex -67.6009 -37.1625 1.78874
      vertex -69.1088 -36.7 3.8147e-07
      vertex -67.5396 -37.0979 1.8
    endloop
  endfacet
  facet normal 0.61148 -0.469546 -0.636882
    outer loop
      vertex -67.6655 -37.2619 1.8
      vertex -69.1088 -36.7 3.8147e-07
      vertex -67.6009 -37.1625 1.78874
    endloop
  endfacet
  facet normal -0.712238 -0.295028 -0.636927
    outer loop
      vertex -64.8653 -37.45 1.8
      vertex -63.5663 -36.7 3.8147e-07
      vertex -63.2466 -37.4718 3.8147e-07
    endloop
  endfacet
  facet normal 0.469228 -0.611682 -0.636922
    outer loop
      vertex -68.6003 -36.0373 3.8147e-07
      vertex -67.1875 -36.8278 1.8
      vertex -67.5396 -37.0979 1.8
    endloop
  endfacet
  facet normal -0.295022 -0.712225 -0.636944
    outer loop
      vertex -65.8976 -36.6579 1.8
      vertex -65.5093 -35.209 3.8147e-07
      vertex -64.7375 -35.5287 3.8147e-07
    endloop
  endfacet
  facet normal -0.100593 -0.764324 -0.636938
    outer loop
      vertex -66.3375 -35.1 3.8147e-07
      vertex -65.5093 -35.209 3.8147e-07
      vertex -65.8976 -36.6579 1.8
    endloop
  endfacet
  facet normal 0.100537 0.764985 -0.636153
    outer loop
      vertex -66.3375 -40 1.8
      vertex -66.5152 -39.9907 1.7831
      vertex -66.4387 -39.9867 1.8
    endloop
  endfacet
  facet normal 0.100577 0.764326 -0.636938
    outer loop
      vertex -66.5152 -39.9907 1.7831
      vertex -66.3375 -40 1.8
      vertex -66.3375 -41.5 3.8147e-07
    endloop
  endfacet
  facet normal 0.100484 0.763965 -0.637385
    outer loop
      vertex -66.5152 -39.9907 1.7831
      vertex -66.7775 -39.9421 1.8
      vertex -66.6186 -39.963 1.8
    endloop
  endfacet
  facet normal 0.100579 0.764326 -0.636938
    outer loop
      vertex -66.7775 -39.9421 1.8
      vertex -66.5152 -39.9907 1.7831
      vertex -66.3375 -41.5 3.8147e-07
    endloop
  endfacet
  facet normal -0.100606 -0.764758 -0.636414
    outer loop
      vertex -66.3375 -36.6 1.8
      vertex -66.1599 -36.6093 1.7831
      vertex -66.2364 -36.6133 1.8
    endloop
  endfacet
  facet normal -0.100633 -0.764321 -0.636935
    outer loop
      vertex -66.1599 -36.6093 1.7831
      vertex -66.3375 -36.6 1.8
      vertex -66.3375 -35.1 3.8147e-07
    endloop
  endfacet
  facet normal -0.100484 -0.763965 -0.637385
    outer loop
      vertex -66.1599 -36.6093 1.7831
      vertex -65.8976 -36.6579 1.8
      vertex -66.0565 -36.637 1.8
    endloop
  endfacet
  facet normal -0.100579 -0.764323 -0.636941
    outer loop
      vertex -65.8976 -36.6579 1.8
      vertex -66.1599 -36.6093 1.7831
      vertex -66.3375 -35.1 3.8147e-07
    endloop
  endfacet
  facet normal -0.101155 0.767221 -0.633355
    outer loop
      vertex -65.8976 -39.9421 1.8
      vertex -65.9841 -39.9628 1.78874
      vertex -65.9469 -39.9486 1.8
    endloop
  endfacet
  facet normal -0.099972 0.764297 -0.637068
    outer loop
      vertex -65.9841 -39.9628 1.78874
      vertex -65.8976 -39.9421 1.8
      vertex -66.3375 -41.5 3.8147e-07
    endloop
  endfacet
  facet normal -0.101233 0.764322 -0.636839
    outer loop
      vertex -66.3375 -41.5 3.8147e-07
      vertex -66.1025 -39.9691 1.8
      vertex -65.9841 -39.9628 1.78874
    endloop
  endfacet
  facet normal -0.100501 0.764332 -0.636943
    outer loop
      vertex -66.1025 -39.9691 1.8
      vertex -66.3375 -41.5 3.8147e-07
      vertex -66.3375 -40 1.8
    endloop
  endfacet
  facet normal -0.76431 -0.100684 -0.636941
    outer loop
      vertex -64.6955 -37.86 1.8
      vertex -63.2466 -37.4718 3.8147e-07
      vertex -63.1375 -38.3 3.8147e-07
    endloop
  endfacet
  facet normal 0.100581 0.764326 -0.636938
    outer loop
      vertex -67.1658 -41.391 3.8147e-07
      vertex -66.7775 -39.9421 1.8
      vertex -66.3375 -41.5 3.8147e-07
    endloop
  endfacet
  facet normal -0.71225 -0.294976 -0.636938
    outer loop
      vertex -64.8653 -37.45 1.8
      vertex -63.2466 -37.4718 3.8147e-07
      vertex -64.6955 -37.86 1.8
    endloop
  endfacet
  facet normal 0.469316 0.611606 -0.63693
    outer loop
      vertex -68.6003 -40.5627 3.8147e-07
      vertex -67.5396 -39.5021 1.8
      vertex -67.9375 -41.0713 3.8147e-07
    endloop
  endfacet
  facet normal -0.29502 0.71222 -0.63695
    outer loop
      vertex -65.5093 -41.391 3.8147e-07
      vertex -65.4875 -39.7722 1.8
      vertex -64.7375 -41.0713 3.8147e-07
    endloop
  endfacet
  facet normal -0.611589 -0.469331 -0.636936
    outer loop
      vertex -65.1355 -37.0979 1.8
      vertex -64.0748 -36.0373 3.8147e-07
      vertex -64.8653 -37.45 1.8
    endloop
  endfacet
  facet normal -0.76431 0.100684 -0.636941
    outer loop
      vertex -64.6955 -38.74 1.8
      vertex -63.1375 -38.3 3.8147e-07
      vertex -63.2466 -39.1282 3.8147e-07
    endloop
  endfacet
  facet normal -0.712568 0.294939 -0.636599
    outer loop
      vertex -64.6955 -38.74 1.8
      vertex -64.7845 -38.9915 1.7831
      vertex -64.7568 -38.8881 1.8
    endloop
  endfacet
  facet normal -0.712799 0.295551 -0.636056
    outer loop
      vertex -64.7845 -38.9915 1.7831
      vertex -64.8653 -39.15 1.8
      vertex -64.8262 -39.0557 1.8
    endloop
  endfacet
  facet normal -0.712183 0.295143 -0.636935
    outer loop
      vertex -64.7845 -38.9915 1.7831
      vertex -63.5663 -39.9 3.8147e-07
      vertex -64.8653 -39.15 1.8
    endloop
  endfacet
  facet normal -0.712328 0.294874 -0.636897
    outer loop
      vertex -63.5663 -39.9 3.8147e-07
      vertex -64.7845 -38.9915 1.7831
      vertex -64.6955 -38.74 1.8
    endloop
  endfacet
  facet normal -0.469354 0.611563 -0.636943
    outer loop
      vertex -65.4875 -39.7722 1.8
      vertex -64.0748 -40.5627 3.8147e-07
      vertex -64.7375 -41.0713 3.8147e-07
    endloop
  endfacet
  facet normal -0.611618 -0.469304 -0.636928
    outer loop
      vertex -64.8653 -37.45 1.8
      vertex -64.0748 -36.0373 3.8147e-07
      vertex -63.5663 -36.7 3.8147e-07
    endloop
  endfacet
  facet normal -0.295061 0.712211 -0.636942
    outer loop
      vertex -65.8976 -39.9421 1.8
      vertex -65.4875 -39.7722 1.8
      vertex -65.5093 -41.391 3.8147e-07
    endloop
  endfacet
  facet normal 0.2952 0.712519 -0.636533
    outer loop
      vertex -66.7775 -39.9421 1.8
      vertex -67.029 -39.853 1.7831
      vertex -66.9257 -39.8807 1.8
    endloop
  endfacet
  facet normal 0.295108 0.712179 -0.636955
    outer loop
      vertex -67.029 -39.853 1.7831
      vertex -66.7775 -39.9421 1.8
      vertex -67.9375 -41.0713 3.8147e-07
    endloop
  endfacet
  facet normal 0.295551 0.712799 -0.636056
    outer loop
      vertex -67.029 -39.853 1.7831
      vertex -67.1875 -39.7722 1.8
      vertex -67.0932 -39.8113 1.8
    endloop
  endfacet
  facet normal 0.295132 0.712166 -0.636958
    outer loop
      vertex -67.1875 -39.7722 1.8
      vertex -67.029 -39.853 1.7831
      vertex -67.9375 -41.0713 3.8147e-07
    endloop
  endfacet
  facet normal 0.469226 0.611652 -0.636953
    outer loop
      vertex -67.9375 -41.0713 3.8147e-07
      vertex -67.3756 -39.6279 1.8
      vertex -67.1875 -39.7722 1.8
    endloop
  endfacet
  facet normal 0.469247 0.611725 -0.636867
    outer loop
      vertex -67.4751 -39.5633 1.78874
      vertex -67.5396 -39.5021 1.8
      vertex -67.5001 -39.5324 1.8
    endloop
  endfacet
  facet normal 0.469184 0.611676 -0.636961
    outer loop
      vertex -67.4751 -39.5633 1.78874
      vertex -67.9375 -41.0713 3.8147e-07
      vertex -67.5396 -39.5021 1.8
    endloop
  endfacet
  facet normal 0.469203 0.611665 -0.636957
    outer loop
      vertex -67.3756 -39.6279 1.8
      vertex -67.9375 -41.0713 3.8147e-07
      vertex -67.4751 -39.5633 1.78874
    endloop
  endfacet
  facet normal -0.454096 0.890953 -7.10794e-06
    outer loop
      vertex 0.630979 -78.163 1.8
      vertex 0.999234 -77.9753 3
      vertex 0.930974 -78.0101 1.8
    endloop
  endfacet
  facet normal -0.454196 0.890902 0
    outer loop
      vertex 0.930974 -78.0101 1.8
      vertex 0.999234 -77.9753 3
      vertex 0.999234 -77.9753 1.7831
    endloop
  endfacet
  facet normal -0.45404 0.890981 -2.8806e-05
    outer loop
      vertex 0.999234 -77.9753 3
      vertex 0.630979 -78.163 1.8
      vertex 0.525329 -78.2168 3
    endloop
  endfacet
  facet normal -0.45378 0.891114 0
    outer loop
      vertex 0.525329 -78.2168 3
      vertex 0.630979 -78.163 1.8
      vertex 0.525329 -78.2168 1.78874
    endloop
  endfacet
  facet normal -0.156427 0.987689 2.78815e-05
    outer loop
      vertex 0.525329 -78.2168 3
      vertex 0.485968 -78.223 1.8
      vertex 0 -78.3 3
    endloop
  endfacet
  facet normal -0.155598 0.98782 0
    outer loop
      vertex 0.485968 -78.223 1.8
      vertex 0.525329 -78.2168 3
      vertex 0.525329 -78.2168 1.78874
    endloop
  endfacet
  facet normal -0.156494 0.987679 0
    outer loop
      vertex 0 -78.3 3
      vertex 0.485968 -78.223 1.8
      vertex 0 -78.3 1.8
    endloop
  endfacet
  facet normal -0.707111 0.707103 -4.07737e-05
    outer loop
      vertex 1.37533 -77.5992 3
      vertex 1.2997 -77.6749 1.8
      vertex 0.999234 -77.9753 3
    endloop
  endfacet
  facet normal -0.707434 0.70678 0
    outer loop
      vertex 1.2997 -77.6749 1.8
      vertex 1.37533 -77.5992 3
      vertex 1.37533 -77.5992 1.7831
    endloop
  endfacet
  facet normal -0.70706 0.707154 -1.52672e-05
    outer loop
      vertex 1.07487 -77.8997 1.8
      vertex 0.999234 -77.9753 3
      vertex 1.2997 -77.6749 1.8
    endloop
  endfacet
  facet normal -0.706938 0.707275 0
    outer loop
      vertex 0.999234 -77.9753 3
      vertex 1.07487 -77.8997 1.8
      vertex 0.999234 -77.9753 1.7831
    endloop
  endfacet
  facet normal 0.98769 0.156425 0
    outer loop
      vertex -1.7 -76.6 3
      vertex -1.62303 -77.086 1.8
      vertex -1.7 -76.6 1.8
    endloop
  endfacet
  facet normal 0.987688 0.156436 -4.47966e-06
    outer loop
      vertex -1.6168 -77.1253 3
      vertex -1.62303 -77.086 1.8
      vertex -1.7 -76.6 3
    endloop
  endfacet
  facet normal 0.987667 0.156569 0
    outer loop
      vertex -1.62303 -77.086 1.8
      vertex -1.6168 -77.1253 3
      vertex -1.6168 -77.1253 1.78874
    endloop
  endfacet
  facet normal -0.890846 -0.454305 0
    outer loop
      vertex 1.41011 -75.669 1.8
      vertex 1.37533 -75.6008 3
      vertex 1.37533 -75.6008 1.7831
    endloop
  endfacet
  facet normal -0.891016 -0.453972 -2.38347e-05
    outer loop
      vertex 1.56296 -75.969 1.8
      vertex 1.37533 -75.6008 3
      vertex 1.41011 -75.669 1.8
    endloop
  endfacet
  facet normal -0.891064 -0.453878 -0
    outer loop
      vertex 1.6168 -76.0747 3
      vertex 1.56296 -75.969 1.8
      vertex 1.6168 -76.0747 1.78874
    endloop
  endfacet
  facet normal -0.891002 -0.453999 -1.34791e-05
    outer loop
      vertex 1.56296 -75.969 1.8
      vertex 1.6168 -76.0747 3
      vertex 1.37533 -75.6008 3
    endloop
  endfacet
  facet normal 0.891064 0.453878 0
    outer loop
      vertex -1.6168 -77.1253 3
      vertex -1.56296 -77.231 1.8
      vertex -1.6168 -77.1253 1.78874
    endloop
  endfacet
  facet normal 0.891002 0.453999 -1.34791e-05
    outer loop
      vertex -1.37533 -77.5992 3
      vertex -1.56296 -77.231 1.8
      vertex -1.6168 -77.1253 3
    endloop
  endfacet
  facet normal 0.891016 0.453972 -2.38347e-05
    outer loop
      vertex -1.56296 -77.231 1.8
      vertex -1.37533 -77.5992 3
      vertex -1.41011 -77.531 1.8
    endloop
  endfacet
  facet normal 0.890846 0.454305 0
    outer loop
      vertex -1.41011 -77.531 1.8
      vertex -1.37533 -77.5992 3
      vertex -1.37533 -77.5992 1.7831
    endloop
  endfacet
  facet normal 0.707111 0.707103 -2.16871e-05
    outer loop
      vertex -0.999234 -77.9753 3
      vertex -1.07487 -77.8997 1.8
      vertex -1.37533 -77.5992 3
    endloop
  endfacet
  facet normal 0.706938 0.707275 0
    outer loop
      vertex -1.07487 -77.8997 1.8
      vertex -0.999234 -77.9753 3
      vertex -0.999234 -77.9753 1.7831
    endloop
  endfacet
  facet normal 0.70706 0.707154 -4.71976e-05
    outer loop
      vertex -1.2997 -77.6749 1.8
      vertex -1.37533 -77.5992 3
      vertex -1.07487 -77.8997 1.8
    endloop
  endfacet
  facet normal 0.707434 0.70678 0
    outer loop
      vertex -1.37533 -77.5992 3
      vertex -1.2997 -77.6749 1.8
      vertex -1.37533 -77.5992 1.7831
    endloop
  endfacet
  facet normal 0.987667 -0.156569 0
    outer loop
      vertex -1.6168 -76.0747 3
      vertex -1.62303 -76.114 1.8
      vertex -1.6168 -76.0747 1.78874
    endloop
  endfacet
  facet normal 0.987688 -0.156436 -4.47966e-06
    outer loop
      vertex -1.7 -76.6 3
      vertex -1.62303 -76.114 1.8
      vertex -1.6168 -76.0747 3
    endloop
  endfacet
  facet normal 0.98769 -0.156425 0
    outer loop
      vertex -1.62303 -76.114 1.8
      vertex -1.7 -76.6 3
      vertex -1.7 -76.6 1.8
    endloop
  endfacet
  facet normal -0.45404 -0.890981 -2.8806e-05
    outer loop
      vertex 0.525329 -74.9832 3
      vertex 0.630979 -75.037 1.8
      vertex 0.999234 -75.2247 3
    endloop
  endfacet
  facet normal -0.45378 -0.891114 0
    outer loop
      vertex 0.630979 -75.037 1.8
      vertex 0.525329 -74.9832 3
      vertex 0.525329 -74.9832 1.78874
    endloop
  endfacet
  facet normal -0.454096 -0.890953 -7.10794e-06
    outer loop
      vertex 0.930974 -75.1899 1.8
      vertex 0.999234 -75.2247 3
      vertex 0.630979 -75.037 1.8
    endloop
  endfacet
  facet normal -0.454196 -0.890902 -0
    outer loop
      vertex 0.999234 -75.2247 3
      vertex 0.930974 -75.1899 1.8
      vertex 0.999234 -75.2247 1.7831
    endloop
  endfacet
  facet normal 0.156494 0.987679 0
    outer loop
      vertex -0.485968 -78.223 1.8
      vertex 0 -78.3 3
      vertex 0 -78.3 1.8
    endloop
  endfacet
  facet normal 0.156427 0.987689 2.78815e-05
    outer loop
      vertex 0 -78.3 3
      vertex -0.485968 -78.223 1.8
      vertex -0.525329 -78.2168 3
    endloop
  endfacet
  facet normal 0.155598 0.98782 0
    outer loop
      vertex -0.525329 -78.2168 3
      vertex -0.485968 -78.223 1.8
      vertex -0.525329 -78.2168 1.78874
    endloop
  endfacet
  facet normal -0.156494 -0.987679 0
    outer loop
      vertex 0.485968 -74.977 1.8
      vertex 0 -74.9 3
      vertex 0 -74.9 1.8
    endloop
  endfacet
  facet normal -0.156427 -0.987689 2.78815e-05
    outer loop
      vertex 0 -74.9 3
      vertex 0.485968 -74.977 1.8
      vertex 0.525329 -74.9832 3
    endloop
  endfacet
  facet normal -0.155598 -0.98782 -0
    outer loop
      vertex 0.525329 -74.9832 3
      vertex 0.485968 -74.977 1.8
      vertex 0.525329 -74.9832 1.78874
    endloop
  endfacet
  facet normal 0.45404 0.890981 -2.8806e-05
    outer loop
      vertex -0.525329 -78.2168 3
      vertex -0.630979 -78.163 1.8
      vertex -0.999234 -77.9753 3
    endloop
  endfacet
  facet normal 0.45378 0.891114 0
    outer loop
      vertex -0.630979 -78.163 1.8
      vertex -0.525329 -78.2168 3
      vertex -0.525329 -78.2168 1.78874
    endloop
  endfacet
  facet normal 0.454096 0.890953 -7.10794e-06
    outer loop
      vertex -0.930974 -78.0101 1.8
      vertex -0.999234 -77.9753 3
      vertex -0.630979 -78.163 1.8
    endloop
  endfacet
  facet normal 0.454196 0.890902 0
    outer loop
      vertex -0.999234 -77.9753 3
      vertex -0.930974 -78.0101 1.8
      vertex -0.999234 -77.9753 1.7831
    endloop
  endfacet
  facet normal -0.98769 0.156425 0
    outer loop
      vertex 1.62303 -77.086 1.8
      vertex 1.7 -76.6 3
      vertex 1.7 -76.6 1.8
    endloop
  endfacet
  facet normal -0.987667 0.156569 0
    outer loop
      vertex 1.6168 -77.1253 3
      vertex 1.62303 -77.086 1.8
      vertex 1.6168 -77.1253 1.78874
    endloop
  endfacet
  facet normal -0.987688 0.156436 -4.47966e-06
    outer loop
      vertex 1.62303 -77.086 1.8
      vertex 1.6168 -77.1253 3
      vertex 1.7 -76.6 3
    endloop
  endfacet
  facet normal -0.891064 0.453878 0
    outer loop
      vertex 1.56296 -77.231 1.8
      vertex 1.6168 -77.1253 3
      vertex 1.6168 -77.1253 1.78874
    endloop
  endfacet
  facet normal -0.891016 0.453972 -2.38347e-05
    outer loop
      vertex 1.37533 -77.5992 3
      vertex 1.56296 -77.231 1.8
      vertex 1.41011 -77.531 1.8
    endloop
  endfacet
  facet normal -0.890846 0.454305 0
    outer loop
      vertex 1.37533 -77.5992 3
      vertex 1.41011 -77.531 1.8
      vertex 1.37533 -77.5992 1.7831
    endloop
  endfacet
  facet normal -0.891002 0.453999 -1.34791e-05
    outer loop
      vertex 1.56296 -77.231 1.8
      vertex 1.37533 -77.5992 3
      vertex 1.6168 -77.1253 3
    endloop
  endfacet
  facet normal 0.454096 -0.890953 -7.10794e-06
    outer loop
      vertex -0.630979 -75.037 1.8
      vertex -0.999234 -75.2247 3
      vertex -0.930974 -75.1899 1.8
    endloop
  endfacet
  facet normal 0.454196 -0.890902 0
    outer loop
      vertex -0.930974 -75.1899 1.8
      vertex -0.999234 -75.2247 3
      vertex -0.999234 -75.2247 1.7831
    endloop
  endfacet
  facet normal 0.45404 -0.890981 -2.8806e-05
    outer loop
      vertex -0.999234 -75.2247 3
      vertex -0.630979 -75.037 1.8
      vertex -0.525329 -74.9832 3
    endloop
  endfacet
  facet normal 0.45378 -0.891114 0
    outer loop
      vertex -0.525329 -74.9832 3
      vertex -0.630979 -75.037 1.8
      vertex -0.525329 -74.9832 1.78874
    endloop
  endfacet
  facet normal -0.987667 -0.156569 0
    outer loop
      vertex 1.62303 -76.114 1.8
      vertex 1.6168 -76.0747 3
      vertex 1.6168 -76.0747 1.78874
    endloop
  endfacet
  facet normal -0.98769 -0.156425 -0
    outer loop
      vertex 1.7 -76.6 3
      vertex 1.62303 -76.114 1.8
      vertex 1.7 -76.6 1.8
    endloop
  endfacet
  facet normal -0.987688 -0.156436 -4.47966e-06
    outer loop
      vertex 1.62303 -76.114 1.8
      vertex 1.7 -76.6 3
      vertex 1.6168 -76.0747 3
    endloop
  endfacet
  facet normal 0.706938 -0.707275 0
    outer loop
      vertex -0.999234 -75.2247 3
      vertex -1.07487 -75.3003 1.8
      vertex -0.999234 -75.2247 1.7831
    endloop
  endfacet
  facet normal 0.70706 -0.707154 -1.52672e-05
    outer loop
      vertex -0.999234 -75.2247 3
      vertex -1.2997 -75.5251 1.8
      vertex -1.07487 -75.3003 1.8
    endloop
  endfacet
  facet normal 0.707111 -0.707103 -4.07737e-05
    outer loop
      vertex -1.37533 -75.6008 3
      vertex -1.2997 -75.5251 1.8
      vertex -0.999234 -75.2247 3
    endloop
  endfacet
  facet normal 0.707434 -0.70678 0
    outer loop
      vertex -1.2997 -75.5251 1.8
      vertex -1.37533 -75.6008 3
      vertex -1.37533 -75.6008 1.7831
    endloop
  endfacet
  facet normal -0.706938 -0.707275 0
    outer loop
      vertex 1.07487 -75.3003 1.8
      vertex 0.999234 -75.2247 3
      vertex 0.999234 -75.2247 1.7831
    endloop
  endfacet
  facet normal -0.70706 -0.707154 -1.52672e-05
    outer loop
      vertex 1.2997 -75.5251 1.8
      vertex 0.999234 -75.2247 3
      vertex 1.07487 -75.3003 1.8
    endloop
  endfacet
  facet normal -0.707434 -0.70678 -0
    outer loop
      vertex 1.37533 -75.6008 3
      vertex 1.2997 -75.5251 1.8
      vertex 1.37533 -75.6008 1.7831
    endloop
  endfacet
  facet normal -0.707111 -0.707103 -4.07737e-05
    outer loop
      vertex 1.2997 -75.5251 1.8
      vertex 1.37533 -75.6008 3
      vertex 0.999234 -75.2247 3
    endloop
  endfacet
  facet normal 0.156427 -0.987689 2.78815e-05
    outer loop
      vertex -0.525329 -74.9832 3
      vertex -0.485968 -74.977 1.8
      vertex 0 -74.9 3
    endloop
  endfacet
  facet normal 0.155598 -0.98782 0
    outer loop
      vertex -0.485968 -74.977 1.8
      vertex -0.525329 -74.9832 3
      vertex -0.525329 -74.9832 1.78874
    endloop
  endfacet
  facet normal 0.156494 -0.987679 0
    outer loop
      vertex 0 -74.9 3
      vertex -0.485968 -74.977 1.8
      vertex 0 -74.9 1.8
    endloop
  endfacet
  facet normal 0.890846 -0.454305 0
    outer loop
      vertex -1.37533 -75.6008 3
      vertex -1.41011 -75.669 1.8
      vertex -1.37533 -75.6008 1.7831
    endloop
  endfacet
  facet normal 0.891016 -0.453972 -2.38347e-05
    outer loop
      vertex -1.37533 -75.6008 3
      vertex -1.56296 -75.969 1.8
      vertex -1.41011 -75.669 1.8
    endloop
  endfacet
  facet normal 0.891002 -0.453999 -1.34791e-05
    outer loop
      vertex -1.6168 -76.0747 3
      vertex -1.56296 -75.969 1.8
      vertex -1.37533 -75.6008 3
    endloop
  endfacet
  facet normal 0.891064 -0.453878 0
    outer loop
      vertex -1.56296 -75.969 1.8
      vertex -1.6168 -76.0747 3
      vertex -1.6168 -76.0747 1.78874
    endloop
  endfacet
  facet normal 0.611583 0.469361 -0.636919
    outer loop
      vertex -2.77128 -78.2 3.8147e-07
      vertex -1.2997 -77.6749 1.8
      vertex -1.20208 -77.8021 1.8
    endloop
  endfacet
  facet normal 0.612618 0.469901 -0.635525
    outer loop
      vertex -1.37533 -77.5992 1.7831
      vertex -1.47224 -77.45 1.8
      vertex -1.41011 -77.531 1.8
    endloop
  endfacet
  facet normal 0.611562 0.469374 -0.63693
    outer loop
      vertex -1.37533 -77.5992 1.7831
      vertex -2.77128 -78.2 3.8147e-07
      vertex -1.47224 -77.45 1.8
    endloop
  endfacet
  facet normal 0.611785 0.469013 -0.636983
    outer loop
      vertex -1.2997 -77.6749 1.8
      vertex -2.77128 -78.2 3.8147e-07
      vertex -1.37533 -77.5992 1.7831
    endloop
  endfacet
  facet normal -0.71224 -0.29501 -0.636933
    outer loop
      vertex 1.64207 -76.16 1.8
      vertex 2.77128 -75 3.8147e-07
      vertex 3.09096 -75.7718 3.8147e-07
    endloop
  endfacet
  facet normal -0.100591 0.764325 -0.636937
    outer loop
      vertex 0 -79.8 3.8147e-07
      vertex 0 -78.3 1.8
      vertex 0.82822 -79.691 3.8147e-07
    endloop
  endfacet
  facet normal -0.10058 0.764328 -0.636935
    outer loop
      vertex 0.439992 -78.2421 1.8
      vertex 0.82822 -79.691 3.8147e-07
      vertex 0 -78.3 1.8
    endloop
  endfacet
  facet normal 0.71224 0.29501 -0.636933
    outer loop
      vertex -3.09096 -77.4282 3.8147e-07
      vertex -1.64207 -77.04 1.8
      vertex -2.77128 -78.2 3.8147e-07
    endloop
  endfacet
  facet normal 0.764322 -0.10063 -0.636935
    outer loop
      vertex -3.09096 -75.7718 3.8147e-07
      vertex -1.64207 -76.16 1.8
      vertex -1.7 -76.6 1.8
    endloop
  endfacet
  facet normal 0.712225 -0.295037 -0.636937
    outer loop
      vertex -1.56296 -75.969 1.8
      vertex -2.77128 -75 3.8147e-07
      vertex -1.47224 -75.75 1.8
    endloop
  endfacet
  facet normal 0.71227 -0.294956 -0.636924
    outer loop
      vertex -1.6168 -76.0747 1.78874
      vertex -2.77128 -75 3.8147e-07
      vertex -1.56296 -75.969 1.8
    endloop
  endfacet
  facet normal 0.713221 -0.295211 -0.635741
    outer loop
      vertex -1.64207 -76.16 1.8
      vertex -1.6168 -76.0747 1.78874
      vertex -1.62303 -76.114 1.8
    endloop
  endfacet
  facet normal 0.712202 -0.295069 -0.636948
    outer loop
      vertex -1.6168 -76.0747 1.78874
      vertex -1.64207 -76.16 1.8
      vertex -2.77128 -75 3.8147e-07
    endloop
  endfacet
  facet normal -0.764322 -0.10063 -0.636935
    outer loop
      vertex 1.64207 -76.16 1.8
      vertex 3.09096 -75.7718 3.8147e-07
      vertex 1.7 -76.6 1.8
    endloop
  endfacet
  facet normal 0.611601 0.469328 -0.636927
    outer loop
      vertex -2.77128 -78.2 3.8147e-07
      vertex -1.20208 -77.8021 1.8
      vertex -2.26274 -78.8627 3.8147e-07
    endloop
  endfacet
  facet normal -0.469265 -0.611631 -0.636945
    outer loop
      vertex 1.07487 -75.3003 1.8
      vertex 1.6 -73.8287 3.8147e-07
      vertex 1.20208 -75.3979 1.8
    endloop
  endfacet
  facet normal -0.469106 -0.611722 -0.636974
    outer loop
      vertex 0.999234 -75.2247 1.7831
      vertex 1.6 -73.8287 3.8147e-07
      vertex 1.07487 -75.3003 1.8
    endloop
  endfacet
  facet normal -0.469654 -0.612403 -0.635915
    outer loop
      vertex 0.849999 -75.1278 1.8
      vertex 0.999234 -75.2247 1.7831
      vertex 0.930974 -75.1899 1.8
    endloop
  endfacet
  facet normal -0.469266 -0.611624 -0.63695
    outer loop
      vertex 0.999234 -75.2247 1.7831
      vertex 0.849999 -75.1278 1.8
      vertex 1.6 -73.8287 3.8147e-07
    endloop
  endfacet
  facet normal 0.10058 0.764328 -0.636935
    outer loop
      vertex -0.82822 -79.691 3.8147e-07
      vertex -0.439992 -78.2421 1.8
      vertex 0 -78.3 1.8
    endloop
  endfacet
  facet normal 0.469345 0.611588 -0.636926
    outer loop
      vertex -2.26274 -78.8627 3.8147e-07
      vertex -1.20208 -77.8021 1.8
      vertex -1.6 -79.3713 3.8147e-07
    endloop
  endfacet
  facet normal 0.71224 -0.29501 -0.636933
    outer loop
      vertex -3.09096 -75.7718 3.8147e-07
      vertex -2.77128 -75 3.8147e-07
      vertex -1.64207 -76.16 1.8
    endloop
  endfacet
  facet normal 0.295227 -0.712121 -0.636965
    outer loop
      vertex -1.6 -73.8287 3.8147e-07
      vertex -0.630979 -75.037 1.8
      vertex -0.849999 -75.1278 1.8
    endloop
  endfacet
  facet normal 0.294831 -0.709693 -0.639852
    outer loop
      vertex -0.525329 -74.9832 1.78874
      vertex -0.439992 -74.9579 1.8
      vertex -0.485968 -74.977 1.8
    endloop
  endfacet
  facet normal 0.294857 -0.712328 -0.636905
    outer loop
      vertex -0.630979 -75.037 1.8
      vertex -1.6 -73.8287 3.8147e-07
      vertex -0.525329 -74.9832 1.78874
    endloop
  endfacet
  facet normal 0.295175 -0.712136 -0.636972
    outer loop
      vertex -0.525329 -74.9832 1.78874
      vertex -1.6 -73.8287 3.8147e-07
      vertex -0.439992 -74.9579 1.8
    endloop
  endfacet
  facet normal 0.295031 -0.712228 -0.636937
    outer loop
      vertex -1.6 -73.8287 3.8147e-07
      vertex -0.82822 -73.509 3.8147e-07
      vertex -0.439992 -74.9579 1.8
    endloop
  endfacet
  facet normal -0.469345 0.611588 -0.636926
    outer loop
      vertex 1.20208 -77.8021 1.8
      vertex 2.26274 -78.8627 3.8147e-07
      vertex 1.6 -79.3713 3.8147e-07
    endloop
  endfacet
  facet normal -0.712225 -0.295037 -0.636937
    outer loop
      vertex 2.77128 -75 3.8147e-07
      vertex 1.56296 -75.969 1.8
      vertex 1.47224 -75.75 1.8
    endloop
  endfacet
  facet normal -0.71227 -0.294956 -0.636924
    outer loop
      vertex 2.77128 -75 3.8147e-07
      vertex 1.6168 -76.0747 1.78874
      vertex 1.56296 -75.969 1.8
    endloop
  endfacet
  facet normal -0.712202 -0.295069 -0.636948
    outer loop
      vertex 1.64207 -76.16 1.8
      vertex 1.6168 -76.0747 1.78874
      vertex 2.77128 -75 3.8147e-07
    endloop
  endfacet
  facet normal -0.713221 -0.295211 -0.635741
    outer loop
      vertex 1.6168 -76.0747 1.78874
      vertex 1.64207 -76.16 1.8
      vertex 1.62303 -76.114 1.8
    endloop
  endfacet
  facet normal 0.764322 0.10063 -0.636935
    outer loop
      vertex -3.2 -76.6 3.8147e-07
      vertex -1.7 -76.6 1.8
      vertex -3.09096 -77.4282 3.8147e-07
    endloop
  endfacet
  facet normal -0.294831 -0.709693 -0.639852
    outer loop
      vertex 0.439992 -74.9579 1.8
      vertex 0.525329 -74.9832 1.78874
      vertex 0.485968 -74.977 1.8
    endloop
  endfacet
  facet normal -0.295175 -0.712136 -0.636972
    outer loop
      vertex 0.525329 -74.9832 1.78874
      vertex 0.439992 -74.9579 1.8
      vertex 1.6 -73.8287 3.8147e-07
    endloop
  endfacet
  facet normal -0.294857 -0.712328 -0.636905
    outer loop
      vertex 1.6 -73.8287 3.8147e-07
      vertex 0.630979 -75.037 1.8
      vertex 0.525329 -74.9832 1.78874
    endloop
  endfacet
  facet normal -0.295227 -0.712121 -0.636965
    outer loop
      vertex 0.630979 -75.037 1.8
      vertex 1.6 -73.8287 3.8147e-07
      vertex 0.849999 -75.1278 1.8
    endloop
  endfacet
  facet normal 0.295031 0.712228 -0.636937
    outer loop
      vertex -1.6 -79.3713 3.8147e-07
      vertex -0.439992 -78.2421 1.8
      vertex -0.82822 -79.691 3.8147e-07
    endloop
  endfacet
  facet normal 0.100591 0.764325 -0.636937
    outer loop
      vertex -0.82822 -79.691 3.8147e-07
      vertex 0 -78.3 1.8
      vertex 0 -79.8 3.8147e-07
    endloop
  endfacet
  facet normal -0.611601 -0.469328 -0.636927
    outer loop
      vertex 1.20208 -75.3979 1.8
      vertex 2.26274 -74.3373 3.8147e-07
      vertex 2.77128 -75 3.8147e-07
    endloop
  endfacet
  facet normal 0.469654 0.612403 -0.635915
    outer loop
      vertex -0.849999 -78.0722 1.8
      vertex -0.999234 -77.9753 1.7831
      vertex -0.930974 -78.0101 1.8
    endloop
  endfacet
  facet normal 0.469106 0.611722 -0.636974
    outer loop
      vertex -1.6 -79.3713 3.8147e-07
      vertex -1.07487 -77.8997 1.8
      vertex -0.999234 -77.9753 1.7831
    endloop
  endfacet
  facet normal 0.469265 0.611631 -0.636945
    outer loop
      vertex -1.07487 -77.8997 1.8
      vertex -1.6 -79.3713 3.8147e-07
      vertex -1.20208 -77.8021 1.8
    endloop
  endfacet
  facet normal 0.469266 0.611624 -0.63695
    outer loop
      vertex -1.6 -79.3713 3.8147e-07
      vertex -0.999234 -77.9753 1.7831
      vertex -0.849999 -78.0722 1.8
    endloop
  endfacet
  facet normal 0.764322 -0.10063 -0.636935
    outer loop
      vertex -3.2 -76.6 3.8147e-07
      vertex -3.09096 -75.7718 3.8147e-07
      vertex -1.7 -76.6 1.8
    endloop
  endfacet
  facet normal -0.71224 0.29501 -0.636933
    outer loop
      vertex 1.64207 -77.04 1.8
      vertex 3.09096 -77.4282 3.8147e-07
      vertex 2.77128 -78.2 3.8147e-07
    endloop
  endfacet
  facet normal 0.294831 0.709693 -0.639852
    outer loop
      vertex -0.439992 -78.2421 1.8
      vertex -0.525329 -78.2168 1.78874
      vertex -0.485968 -78.223 1.8
    endloop
  endfacet
  facet normal 0.295175 0.712136 -0.636972
    outer loop
      vertex -0.525329 -78.2168 1.78874
      vertex -0.439992 -78.2421 1.8
      vertex -1.6 -79.3713 3.8147e-07
    endloop
  endfacet
  facet normal 0.294857 0.712328 -0.636905
    outer loop
      vertex -1.6 -79.3713 3.8147e-07
      vertex -0.630979 -78.163 1.8
      vertex -0.525329 -78.2168 1.78874
    endloop
  endfacet
  facet normal 0.295227 0.712121 -0.636965
    outer loop
      vertex -0.630979 -78.163 1.8
      vertex -1.6 -79.3713 3.8147e-07
      vertex -0.849999 -78.0722 1.8
    endloop
  endfacet
  facet normal 0.469654 -0.612403 -0.635915
    outer loop
      vertex -0.999234 -75.2247 1.7831
      vertex -0.849999 -75.1278 1.8
      vertex -0.930974 -75.1899 1.8
    endloop
  endfacet
  facet normal 0.469265 -0.611631 -0.636945
    outer loop
      vertex -1.6 -73.8287 3.8147e-07
      vertex -1.07487 -75.3003 1.8
      vertex -1.20208 -75.3979 1.8
    endloop
  endfacet
  facet normal 0.469266 -0.611624 -0.63695
    outer loop
      vertex -0.999234 -75.2247 1.7831
      vertex -1.6 -73.8287 3.8147e-07
      vertex -0.849999 -75.1278 1.8
    endloop
  endfacet
  facet normal 0.469106 -0.611722 -0.636974
    outer loop
      vertex -1.07487 -75.3003 1.8
      vertex -1.6 -73.8287 3.8147e-07
      vertex -0.999234 -75.2247 1.7831
    endloop
  endfacet
  facet normal 0 0 -1
    outer loop
      vertex -1.2997 -77.6749 1.8
      vertex -1.07487 -77.8997 1.8
      vertex -1.20208 -77.8021 1.8
    endloop
  endfacet
  facet normal 0 0 -1
    outer loop
      vertex 0.630979 -75.037 1.8
      vertex 0.849999 -75.1278 1.8
      vertex 0.930974 -75.1899 1.8
    endloop
  endfacet
  facet normal 0 0 -1
    outer loop
      vertex -0.930974 -78.0101 1.8
      vertex -0.630979 -78.163 1.8
      vertex -0.849999 -78.0722 1.8
    endloop
  endfacet
  facet normal 0 0 -1
    outer loop
      vertex 1.62303 -76.114 1.8
      vertex 1.64207 -76.16 1.8
      vertex 1.7 -76.6 1.8
    endloop
  endfacet
  facet normal 0 0 -1
    outer loop
      vertex 0 -78.3 1.8
      vertex 0.485968 -78.223 1.8
      vertex 0.439992 -78.2421 1.8
    endloop
  endfacet
  facet normal 0 0 -1
    outer loop
      vertex -1.7 -76.6 1.8
      vertex -1.64207 -76.16 1.8
      vertex -1.62303 -76.114 1.8
    endloop
  endfacet
  facet normal 0 0 -1
    outer loop
      vertex -1.7 -76.6 1.8
      vertex -1.62303 -77.086 1.8
      vertex -1.64207 -77.04 1.8
    endloop
  endfacet
  facet normal 0 0 -1
    outer loop
      vertex 1.62303 -77.086 1.8
      vertex 1.7 -76.6 1.8
      vertex 1.64207 -77.04 1.8
    endloop
  endfacet
  facet normal 0 0 -1
    outer loop
      vertex -1.56296 -75.969 1.8
      vertex -1.47224 -75.75 1.8
      vertex -1.41011 -75.669 1.8
    endloop
  endfacet
  facet normal 0 0 -1
    outer loop
      vertex -0.485968 -78.223 1.8
      vertex 0 -78.3 1.8
      vertex -0.439992 -78.2421 1.8
    endloop
  endfacet
  facet normal 0 0 -1
    outer loop
      vertex -0.930974 -75.1899 1.8
      vertex -0.849999 -75.1278 1.8
      vertex -0.630979 -75.037 1.8
    endloop
  endfacet
  facet normal 0 0 -1
    outer loop
      vertex 1.41011 -75.669 1.8
      vertex 1.47224 -75.75 1.8
      vertex 1.56296 -75.969 1.8
    endloop
  endfacet
  facet normal 0 0 -1
    outer loop
      vertex 0 -74.9 1.8
      vertex 0.439992 -74.9579 1.8
      vertex 0.485968 -74.977 1.8
    endloop
  endfacet
  facet normal 0 0 -1
    outer loop
      vertex -0.485968 -74.977 1.8
      vertex -0.439992 -74.9579 1.8
      vertex 0 -74.9 1.8
    endloop
  endfacet
  facet normal 0 0 -1
    outer loop
      vertex -1.2997 -75.5251 1.8
      vertex -1.20208 -75.3979 1.8
      vertex -1.07487 -75.3003 1.8
    endloop
  endfacet
  facet normal 0 0 -1
    outer loop
      vertex 1.41011 -77.531 1.8
      vertex 1.56296 -77.231 1.8
      vertex 1.47224 -77.45 1.8
    endloop
  endfacet
  facet normal 0 0 -1
    outer loop
      vertex 1.07487 -75.3003 1.8
      vertex 1.20208 -75.3979 1.8
      vertex 1.2997 -75.5251 1.8
    endloop
  endfacet
  facet normal 0 0 -1
    outer loop
      vertex -1.56296 -77.231 1.8
      vertex -1.41011 -77.531 1.8
      vertex -1.47224 -77.45 1.8
    endloop
  endfacet
  facet normal 0 0 -1
    outer loop
      vertex 1.07487 -77.8997 1.8
      vertex 1.2997 -77.6749 1.8
      vertex 1.20208 -77.8021 1.8
    endloop
  endfacet
  facet normal 0 0 -1
    outer loop
      vertex 0.630979 -78.163 1.8
      vertex 0.930974 -78.0101 1.8
      vertex 0.849999 -78.0722 1.8
    endloop
  endfacet
  facet normal 0.713221 0.295211 -0.635741
    outer loop
      vertex -1.6168 -77.1253 1.78874
      vertex -1.64207 -77.04 1.8
      vertex -1.62303 -77.086 1.8
    endloop
  endfacet
  facet normal 0.712225 0.295037 -0.636937
    outer loop
      vertex -2.77128 -78.2 3.8147e-07
      vertex -1.56296 -77.231 1.8
      vertex -1.47224 -77.45 1.8
    endloop
  endfacet
  facet normal 0.712202 0.295069 -0.636948
    outer loop
      vertex -1.6168 -77.1253 1.78874
      vertex -2.77128 -78.2 3.8147e-07
      vertex -1.64207 -77.04 1.8
    endloop
  endfacet
  facet normal 0.71227 0.294956 -0.636924
    outer loop
      vertex -1.56296 -77.231 1.8
      vertex -2.77128 -78.2 3.8147e-07
      vertex -1.6168 -77.1253 1.78874
    endloop
  endfacet
  facet normal -0.100591 -0.764325 -0.636937
    outer loop
      vertex 0 -74.9 1.8
      vertex 0 -73.4 3.8147e-07
      vertex 0.82822 -73.509 3.8147e-07
    endloop
  endfacet
  facet normal 0.764322 0.10063 -0.636935
    outer loop
      vertex -3.09096 -77.4282 3.8147e-07
      vertex -1.7 -76.6 1.8
      vertex -1.64207 -77.04 1.8
    endloop
  endfacet
  facet normal 0.469345 -0.611588 -0.636926
    outer loop
      vertex -2.26274 -74.3373 3.8147e-07
      vertex -1.6 -73.8287 3.8147e-07
      vertex -1.20208 -75.3979 1.8
    endloop
  endfacet
  facet normal 0.611601 -0.469328 -0.636927
    outer loop
      vertex -2.77128 -75 3.8147e-07
      vertex -2.26274 -74.3373 3.8147e-07
      vertex -1.20208 -75.3979 1.8
    endloop
  endfacet
  facet normal -0.611562 0.469374 -0.63693
    outer loop
      vertex 1.37533 -77.5992 1.7831
      vertex 1.47224 -77.45 1.8
      vertex 2.77128 -78.2 3.8147e-07
    endloop
  endfacet
  facet normal -0.612618 0.469901 -0.635525
    outer loop
      vertex 1.47224 -77.45 1.8
      vertex 1.37533 -77.5992 1.7831
      vertex 1.41011 -77.531 1.8
    endloop
  endfacet
  facet normal -0.611785 0.469013 -0.636983
    outer loop
      vertex 2.77128 -78.2 3.8147e-07
      vertex 1.2997 -77.6749 1.8
      vertex 1.37533 -77.5992 1.7831
    endloop
  endfacet
  facet normal -0.611583 0.469361 -0.636919
    outer loop
      vertex 1.2997 -77.6749 1.8
      vertex 2.77128 -78.2 3.8147e-07
      vertex 1.20208 -77.8021 1.8
    endloop
  endfacet
  facet normal 0.611785 -0.469013 -0.636983
    outer loop
      vertex -2.77128 -75 3.8147e-07
      vertex -1.2997 -75.5251 1.8
      vertex -1.37533 -75.6008 1.7831
    endloop
  endfacet
  facet normal 0.612618 -0.469901 -0.635525
    outer loop
      vertex -1.47224 -75.75 1.8
      vertex -1.37533 -75.6008 1.7831
      vertex -1.41011 -75.669 1.8
    endloop
  endfacet
  facet normal 0.611583 -0.469361 -0.636919
    outer loop
      vertex -1.2997 -75.5251 1.8
      vertex -2.77128 -75 3.8147e-07
      vertex -1.20208 -75.3979 1.8
    endloop
  endfacet
  facet normal 0.611562 -0.469374 -0.63693
    outer loop
      vertex -2.77128 -75 3.8147e-07
      vertex -1.37533 -75.6008 1.7831
      vertex -1.47224 -75.75 1.8
    endloop
  endfacet
  facet normal -0.713221 0.295211 -0.635741
    outer loop
      vertex 1.64207 -77.04 1.8
      vertex 1.6168 -77.1253 1.78874
      vertex 1.62303 -77.086 1.8
    endloop
  endfacet
  facet normal -0.71227 0.294956 -0.636924
    outer loop
      vertex 2.77128 -78.2 3.8147e-07
      vertex 1.56296 -77.231 1.8
      vertex 1.6168 -77.1253 1.78874
    endloop
  endfacet
  facet normal -0.712225 0.295037 -0.636937
    outer loop
      vertex 1.56296 -77.231 1.8
      vertex 2.77128 -78.2 3.8147e-07
      vertex 1.47224 -77.45 1.8
    endloop
  endfacet
  facet normal -0.712202 0.295069 -0.636948
    outer loop
      vertex 2.77128 -78.2 3.8147e-07
      vertex 1.6168 -77.1253 1.78874
      vertex 1.64207 -77.04 1.8
    endloop
  endfacet
  facet normal -0.295031 -0.712228 -0.636937
    outer loop
      vertex 0.439992 -74.9579 1.8
      vertex 0.82822 -73.509 3.8147e-07
      vertex 1.6 -73.8287 3.8147e-07
    endloop
  endfacet
  facet normal -0.611601 0.469328 -0.636927
    outer loop
      vertex 1.20208 -77.8021 1.8
      vertex 2.77128 -78.2 3.8147e-07
      vertex 2.26274 -78.8627 3.8147e-07
    endloop
  endfacet
  facet normal -0.10058 -0.764328 -0.636935
    outer loop
      vertex 0.82822 -73.509 3.8147e-07
      vertex 0.439992 -74.9579 1.8
      vertex 0 -74.9 1.8
    endloop
  endfacet
  facet normal -0.295031 0.712228 -0.636937
    outer loop
      vertex 0.439992 -78.2421 1.8
      vertex 1.6 -79.3713 3.8147e-07
      vertex 0.82822 -79.691 3.8147e-07
    endloop
  endfacet
  facet normal -0.764322 0.10063 -0.636935
    outer loop
      vertex 1.7 -76.6 1.8
      vertex 3.2 -76.6 3.8147e-07
      vertex 3.09096 -77.4282 3.8147e-07
    endloop
  endfacet
  facet normal 0.10058 -0.764328 -0.636935
    outer loop
      vertex -0.439992 -74.9579 1.8
      vertex -0.82822 -73.509 3.8147e-07
      vertex 0 -74.9 1.8
    endloop
  endfacet
  facet normal -0.469345 -0.611588 -0.636926
    outer loop
      vertex 1.20208 -75.3979 1.8
      vertex 1.6 -73.8287 3.8147e-07
      vertex 2.26274 -74.3373 3.8147e-07
    endloop
  endfacet
  facet normal -0.612618 -0.469901 -0.635525
    outer loop
      vertex 1.37533 -75.6008 1.7831
      vertex 1.47224 -75.75 1.8
      vertex 1.41011 -75.669 1.8
    endloop
  endfacet
  facet normal -0.611562 -0.469374 -0.63693
    outer loop
      vertex 1.47224 -75.75 1.8
      vertex 1.37533 -75.6008 1.7831
      vertex 2.77128 -75 3.8147e-07
    endloop
  endfacet
  facet normal -0.611785 -0.469013 -0.636983
    outer loop
      vertex 1.2997 -75.5251 1.8
      vertex 2.77128 -75 3.8147e-07
      vertex 1.37533 -75.6008 1.7831
    endloop
  endfacet
  facet normal -0.611583 -0.469361 -0.636919
    outer loop
      vertex 2.77128 -75 3.8147e-07
      vertex 1.2997 -75.5251 1.8
      vertex 1.20208 -75.3979 1.8
    endloop
  endfacet
  facet normal -0.764322 -0.10063 -0.636935
    outer loop
      vertex 1.7 -76.6 1.8
      vertex 3.09096 -75.7718 3.8147e-07
      vertex 3.2 -76.6 3.8147e-07
    endloop
  endfacet
  facet normal 0.100591 -0.764325 -0.636937
    outer loop
      vertex -0.82822 -73.509 3.8147e-07
      vertex 0 -73.4 3.8147e-07
      vertex 0 -74.9 1.8
    endloop
  endfacet
  facet normal -0.764322 0.10063 -0.636935
    outer loop
      vertex 1.64207 -77.04 1.8
      vertex 1.7 -76.6 1.8
      vertex 3.09096 -77.4282 3.8147e-07
    endloop
  endfacet
  facet normal -0.469265 0.611631 -0.636945
    outer loop
      vertex 1.6 -79.3713 3.8147e-07
      vertex 1.07487 -77.8997 1.8
      vertex 1.20208 -77.8021 1.8
    endloop
  endfacet
  facet normal -0.469106 0.611722 -0.636974
    outer loop
      vertex 1.6 -79.3713 3.8147e-07
      vertex 0.999234 -77.9753 1.7831
      vertex 1.07487 -77.8997 1.8
    endloop
  endfacet
  facet normal -0.469266 0.611624 -0.63695
    outer loop
      vertex 0.849999 -78.0722 1.8
      vertex 0.999234 -77.9753 1.7831
      vertex 1.6 -79.3713 3.8147e-07
    endloop
  endfacet
  facet normal -0.469654 0.612403 -0.635915
    outer loop
      vertex 0.999234 -77.9753 1.7831
      vertex 0.849999 -78.0722 1.8
      vertex 0.930974 -78.0101 1.8
    endloop
  endfacet
  facet normal -0.295227 0.712121 -0.636965
    outer loop
      vertex 1.6 -79.3713 3.8147e-07
      vertex 0.630979 -78.163 1.8
      vertex 0.849999 -78.0722 1.8
    endloop
  endfacet
  facet normal -0.294831 0.709693 -0.639852
    outer loop
      vertex 0.525329 -78.2168 1.78874
      vertex 0.439992 -78.2421 1.8
      vertex 0.485968 -78.223 1.8
    endloop
  endfacet
  facet normal -0.294857 0.712328 -0.636905
    outer loop
      vertex 0.630979 -78.163 1.8
      vertex 1.6 -79.3713 3.8147e-07
      vertex 0.525329 -78.2168 1.78874
    endloop
  endfacet
  facet normal -0.295175 0.712136 -0.636972
    outer loop
      vertex 0.525329 -78.2168 1.78874
      vertex 1.6 -79.3713 3.8147e-07
      vertex 0.439992 -78.2421 1.8
    endloop
  endfacet
  facet normal -0.998636 0.0522163 0
    outer loop
      vertex 68.0242 -38.1988 1.8
      vertex 68.0282 -38.1223 3
      vertex 68.0282 -38.1223 1.7831
    endloop
  endfacet
  facet normal -0.998633 0.0522782 -3.96047e-06
    outer loop
      vertex 68.0066 -38.535 1.8
      vertex 68.0282 -38.1223 3
      vertex 68.0242 -38.1988 1.8
    endloop
  endfacet
  facet normal -0.998634 0.0522492 0
    outer loop
      vertex 68.0004 -38.6535 3
      vertex 68.0066 -38.535 1.8
      vertex 68.0004 -38.6535 1.78874
    endloop
  endfacet
  facet normal -0.998633 0.0522628 1.3473e-06
    outer loop
      vertex 68.0066 -38.535 1.8
      vertex 68.0004 -38.6535 3
      vertex 68.0282 -38.1223 3
    endloop
  endfacet
  facet normal -0.93341 0.358811 0
    outer loop
      vertex 67.9861 -38.6907 1.8
      vertex 68.0004 -38.6535 3
      vertex 68.0004 -38.6535 1.78874
    endloop
  endfacet
  facet normal -0.933586 0.358352 0
    outer loop
      vertex 67.8098 -39.15 3
      vertex 67.9861 -38.6907 1.8
      vertex 67.8098 -39.15 1.8
    endloop
  endfacet
  facet normal -0.933573 0.358387 1.50895e-05
    outer loop
      vertex 67.9861 -38.6907 1.8
      vertex 67.8098 -39.15 3
      vertex 68.0004 -38.6535 3
    endloop
  endfacet
  facet normal -0.96594 -0.258767 0
    outer loop
      vertex 67.9183 -37.7119 1.8
      vertex 67.8906 -37.6085 3
      vertex 67.8906 -37.6085 1.7831
    endloop
  endfacet
  facet normal -0.965994 -0.258563 -1.8847e-05
    outer loop
      vertex 68.0005 -38.019 1.8
      vertex 67.8906 -37.6085 3
      vertex 67.9183 -37.7119 1.8
    endloop
  endfacet
  facet normal -0.965877 -0.259001 -0
    outer loop
      vertex 68.0282 -38.1223 3
      vertex 68.0005 -38.019 1.8
      vertex 68.0282 -38.1223 1.7831
    endloop
  endfacet
  facet normal -0.96596 -0.258692 2.84825e-05
    outer loop
      vertex 68.0005 -38.019 1.8
      vertex 68.0282 -38.1223 3
      vertex 67.8906 -37.6085 3
    endloop
  endfacet
  facet normal 0.358324 0.933597 -6.04726e-05
    outer loop
      vertex 65.9841 -39.9628 3
      vertex 65.9469 -39.9486 1.8
      vertex 65.4875 -39.7722 3
    endloop
  endfacet
  facet normal 0.356622 0.934249 0
    outer loop
      vertex 65.9469 -39.9486 1.8
      vertex 65.9841 -39.9628 3
      vertex 65.9841 -39.9628 1.78874
    endloop
  endfacet
  facet normal 0.358462 0.933544 0
    outer loop
      vertex 65.4875 -39.7722 3
      vertex 65.9469 -39.9486 1.8
      vertex 65.4875 -39.7722 1.8
    endloop
  endfacet
  facet normal -0.0522782 -0.998633 -3.96047e-06
    outer loop
      vertex 66.5726 -36.6309 1.8
      vertex 66.1599 -36.6093 3
      vertex 66.2364 -36.6133 1.8
    endloop
  endfacet
  facet normal -0.0522163 -0.998636 0
    outer loop
      vertex 66.2364 -36.6133 1.8
      vertex 66.1599 -36.6093 3
      vertex 66.1599 -36.6093 1.7831
    endloop
  endfacet
  facet normal -0.0522726 -0.998633 -2.037e-06
    outer loop
      vertex 66.1599 -36.6093 3
      vertex 66.5726 -36.6309 1.8
      vertex 66.691 -36.6371 3
    endloop
  endfacet
  facet normal -0.0522932 -0.998632 -0
    outer loop
      vertex 66.691 -36.6371 3
      vertex 66.5726 -36.6309 1.8
      vertex 66.691 -36.6371 1.78874
    endloop
  endfacet
  facet normal 0.0522782 0.998633 -3.96047e-06
    outer loop
      vertex 66.1025 -39.9691 1.8
      vertex 66.5152 -39.9907 3
      vertex 66.4387 -39.9867 1.8
    endloop
  endfacet
  facet normal 0.0522163 0.998636 0
    outer loop
      vertex 66.4387 -39.9867 1.8
      vertex 66.5152 -39.9907 3
      vertex 66.5152 -39.9907 1.7831
    endloop
  endfacet
  facet normal 0.0524601 0.998623 -6.67034e-05
    outer loop
      vertex 66.5152 -39.9907 3
      vertex 66.1025 -39.9691 1.8
      vertex 65.9841 -39.9628 3
    endloop
  endfacet
  facet normal 0.0531343 0.998587 0
    outer loop
      vertex 65.9841 -39.9628 3
      vertex 66.1025 -39.9691 1.8
      vertex 65.9841 -39.9628 1.78874
    endloop
  endfacet
  facet normal -0.258868 0.965913 -1.22979e-05
    outer loop
      vertex 67.029 -39.853 3
      vertex 66.9257 -39.8807 1.8
      vertex 66.5152 -39.9907 3
    endloop
  endfacet
  facet normal -0.259001 0.965877 0
    outer loop
      vertex 66.9257 -39.8807 1.8
      vertex 67.029 -39.853 3
      vertex 67.029 -39.853 1.7831
    endloop
  endfacet
  facet normal -0.258857 0.965916 -8.25636e-06
    outer loop
      vertex 66.6186 -39.963 1.8
      vertex 66.5152 -39.9907 3
      vertex 66.9257 -39.8807 1.8
    endloop
  endfacet
  facet normal -0.258767 0.96594 0
    outer loop
      vertex 66.5152 -39.9907 3
      vertex 66.6186 -39.963 1.8
      vertex 66.5152 -39.9907 1.7831
    endloop
  endfacet
  facet normal 0.629344 0.777127 0
    outer loop
      vertex 65.1052 -39.4626 1.8
      vertex 65.4875 -39.7722 3
      vertex 65.4875 -39.7722 1.8
    endloop
  endfacet
  facet normal 0.629339 0.777131 2.93015e-06
    outer loop
      vertex 65.4875 -39.7722 3
      vertex 65.1052 -39.4626 1.8
      vertex 65.0742 -39.4375 3
    endloop
  endfacet
  facet normal 0.62927 0.777186 0
    outer loop
      vertex 65.0742 -39.4375 3
      vertex 65.1052 -39.4626 1.8
      vertex 65.0742 -39.4375 1.78874
    endloop
  endfacet
  facet normal 0.544638 -0.838671 1.11077e-05
    outer loop
      vertex 65.2 -37.0367 3
      vertex 65.2995 -36.9721 1.8
      vertex 65.6461 -36.747 3
    endloop
  endfacet
  facet normal 0.544544 -0.838732 0
    outer loop
      vertex 65.2995 -36.9721 1.8
      vertex 65.2 -37.0367 3
      vertex 65.2 -37.0367 1.78874
    endloop
  endfacet
  facet normal 0.54479 -0.838573 -5.12659e-05
    outer loop
      vertex 65.5818 -36.7887 1.8
      vertex 65.6461 -36.747 3
      vertex 65.2995 -36.9721 1.8
    endloop
  endfacet
  facet normal 0.544117 -0.83901 0
    outer loop
      vertex 65.6461 -36.747 3
      vertex 65.5818 -36.7887 1.8
      vertex 65.6461 -36.747 1.7831
    endloop
  endfacet
  facet normal -0.777108 0.629368 0
    outer loop
      vertex 67.5001 -39.5324 1.8
      vertex 67.8098 -39.15 3
      vertex 67.8098 -39.15 1.8
    endloop
  endfacet
  facet normal -0.777421 0.628981 0
    outer loop
      vertex 67.4751 -39.5633 3
      vertex 67.5001 -39.5324 1.8
      vertex 67.4751 -39.5633 1.78874
    endloop
  endfacet
  facet normal -0.777131 0.629339 1.52462e-05
    outer loop
      vertex 67.5001 -39.5324 1.8
      vertex 67.4751 -39.5633 3
      vertex 67.8098 -39.15 3
    endloop
  endfacet
  facet normal 0.776191 -0.630498 0
    outer loop
      vertex 65.2 -37.0367 3
      vertex 65.1749 -37.0676 1.8
      vertex 65.2 -37.0367 1.78874
    endloop
  endfacet
  facet normal 0.777131 -0.629339 -4.95148e-05
    outer loop
      vertex 64.8653 -37.45 3
      vertex 65.1749 -37.0676 1.8
      vertex 65.2 -37.0367 3
    endloop
  endfacet
  facet normal 0.777207 -0.629245 0
    outer loop
      vertex 65.1749 -37.0676 1.8
      vertex 64.8653 -37.45 3
      vertex 64.8653 -37.45 1.8
    endloop
  endfacet
  facet normal -0.544638 0.838671 1.11077e-05
    outer loop
      vertex 67.4751 -39.5633 3
      vertex 67.3756 -39.6279 1.8
      vertex 67.029 -39.853 3
    endloop
  endfacet
  facet normal -0.544544 0.838732 0
    outer loop
      vertex 67.3756 -39.6279 1.8
      vertex 67.4751 -39.5633 3
      vertex 67.4751 -39.5633 1.78874
    endloop
  endfacet
  facet normal -0.544654 0.838661 4.45464e-06
    outer loop
      vertex 67.0932 -39.8113 1.8
      vertex 67.029 -39.853 3
      vertex 67.3756 -39.6279 1.8
    endloop
  endfacet
  facet normal -0.544713 0.838623 0
    outer loop
      vertex 67.029 -39.853 3
      vertex 67.0932 -39.8113 1.8
      vertex 67.029 -39.853 1.7831
    endloop
  endfacet
  facet normal -0.629245 -0.777207 0
    outer loop
      vertex 67.5699 -37.1374 1.8
      vertex 67.1875 -36.8278 3
      vertex 67.1875 -36.8278 1.8
    endloop
  endfacet
  facet normal -0.629247 -0.777205 -1.00268e-06
    outer loop
      vertex 67.1875 -36.8278 3
      vertex 67.5699 -37.1374 1.8
      vertex 67.6009 -37.1625 3
    endloop
  endfacet
  facet normal -0.62927 -0.777186 -0
    outer loop
      vertex 67.6009 -37.1625 3
      vertex 67.5699 -37.1374 1.8
      vertex 67.6009 -37.1625 1.78874
    endloop
  endfacet
  facet normal -0.838482 -0.544929 0
    outer loop
      vertex 67.6655 -37.2619 1.8
      vertex 67.6009 -37.1625 3
      vertex 67.6009 -37.1625 1.78874
    endloop
  endfacet
  facet normal -0.838796 -0.544445 9.02459e-05
    outer loop
      vertex 67.8906 -37.6085 3
      vertex 67.6655 -37.2619 1.8
      vertex 67.8488 -37.5443 1.8
    endloop
  endfacet
  facet normal -0.838026 -0.545631 -0
    outer loop
      vertex 67.8906 -37.6085 3
      vertex 67.8488 -37.5443 1.8
      vertex 67.8906 -37.6085 1.7831
    endloop
  endfacet
  facet normal -0.838615 -0.544724 -2.41619e-05
    outer loop
      vertex 67.6655 -37.2619 1.8
      vertex 67.8906 -37.6085 3
      vertex 67.6009 -37.1625 3
    endloop
  endfacet
  facet normal 0.998634 -0.0522492 0
    outer loop
      vertex 64.6747 -37.9465 3
      vertex 64.6685 -38.065 1.8
      vertex 64.6747 -37.9465 1.78874
    endloop
  endfacet
  facet normal 0.998633 -0.0522628 1.3473e-06
    outer loop
      vertex 64.6469 -38.4777 3
      vertex 64.6685 -38.065 1.8
      vertex 64.6747 -37.9465 3
    endloop
  endfacet
  facet normal 0.998633 -0.0522782 -3.96047e-06
    outer loop
      vertex 64.6685 -38.065 1.8
      vertex 64.6469 -38.4777 3
      vertex 64.6509 -38.4012 1.8
    endloop
  endfacet
  facet normal 0.998636 -0.0522163 0
    outer loop
      vertex 64.6509 -38.4012 1.8
      vertex 64.6469 -38.4777 3
      vertex 64.6469 -38.4777 1.7831
    endloop
  endfacet
  facet normal -0.358551 -0.93351 9.2599e-06
    outer loop
      vertex 66.691 -36.6371 3
      vertex 66.7282 -36.6514 1.8
      vertex 67.1875 -36.8278 3
    endloop
  endfacet
  facet normal -0.358811 -0.93341 0
    outer loop
      vertex 66.7282 -36.6514 1.8
      vertex 66.691 -36.6371 3
      vertex 66.691 -36.6371 1.78874
    endloop
  endfacet
  facet normal -0.35853 -0.933518 -0
    outer loop
      vertex 67.1875 -36.8278 3
      vertex 66.7282 -36.6514 1.8
      vertex 67.1875 -36.8278 1.8
    endloop
  endfacet
  facet normal 0.966111 0.258128 0
    outer loop
      vertex 64.6469 -38.4777 3
      vertex 64.6745 -38.581 1.8
      vertex 64.6469 -38.4777 1.7831
    endloop
  endfacet
  facet normal 0.965916 0.258857 -6.7178e-05
    outer loop
      vertex 64.6469 -38.4777 3
      vertex 64.7568 -38.8881 1.8
      vertex 64.6745 -38.581 1.8
    endloop
  endfacet
  facet normal 0.96596 0.258692 -6.92478e-06
    outer loop
      vertex 64.7845 -38.9915 3
      vertex 64.7568 -38.8881 1.8
      vertex 64.6469 -38.4777 3
    endloop
  endfacet
  facet normal 0.96594 0.258767 0
    outer loop
      vertex 64.7568 -38.8881 1.8
      vertex 64.7845 -38.9915 3
      vertex 64.7845 -38.9915 1.7831
    endloop
  endfacet
  facet normal 0.258868 -0.965913 -1.22979e-05
    outer loop
      vertex 65.6461 -36.747 3
      vertex 65.7494 -36.7193 1.8
      vertex 66.1599 -36.6093 3
    endloop
  endfacet
  facet normal 0.259001 -0.965877 0
    outer loop
      vertex 65.7494 -36.7193 1.8
      vertex 65.6461 -36.747 3
      vertex 65.6461 -36.747 1.7831
    endloop
  endfacet
  facet normal 0.258857 -0.965916 -8.25636e-06
    outer loop
      vertex 66.0565 -36.637 1.8
      vertex 66.1599 -36.6093 3
      vertex 65.7494 -36.7193 1.8
    endloop
  endfacet
  facet normal 0.258767 -0.96594 0
    outer loop
      vertex 66.1599 -36.6093 3
      vertex 66.0565 -36.637 1.8
      vertex 66.1599 -36.6093 1.7831
    endloop
  endfacet
  facet normal 0.933586 -0.358352 0
    outer loop
      vertex 64.8653 -37.45 3
      vertex 64.689 -37.9093 1.8
      vertex 64.8653 -37.45 1.8
    endloop
  endfacet
  facet normal 0.933573 -0.358387 1.50895e-05
    outer loop
      vertex 64.6747 -37.9465 3
      vertex 64.689 -37.9093 1.8
      vertex 64.8653 -37.45 3
    endloop
  endfacet
  facet normal 0.93341 -0.358811 0
    outer loop
      vertex 64.689 -37.9093 1.8
      vertex 64.6747 -37.9465 3
      vertex 64.6747 -37.9465 1.78874
    endloop
  endfacet
  facet normal 0.838623 0.544713 0
    outer loop
      vertex 64.7845 -38.9915 3
      vertex 64.8262 -39.0557 1.8
      vertex 64.7845 -38.9915 1.7831
    endloop
  endfacet
  facet normal 0.838661 0.544654 4.45464e-06
    outer loop
      vertex 64.7845 -38.9915 3
      vertex 65.0096 -39.3381 1.8
      vertex 64.8262 -39.0557 1.8
    endloop
  endfacet
  facet normal 0.838615 0.544724 -2.41619e-05
    outer loop
      vertex 65.0742 -39.4375 3
      vertex 65.0096 -39.3381 1.8
      vertex 64.7845 -38.9915 3
    endloop
  endfacet
  facet normal 0.838482 0.544929 0
    outer loop
      vertex 65.0096 -39.3381 1.8
      vertex 65.0742 -39.4375 3
      vertex 65.0742 -39.4375 1.78874
    endloop
  endfacet
  facet normal -0.100484 0.763965 -0.637385
    outer loop
      vertex 66.7775 -39.9421 1.8
      vertex 66.5152 -39.9907 1.7831
      vertex 66.6186 -39.963 1.8
    endloop
  endfacet
  facet normal -0.100579 0.764326 -0.636938
    outer loop
      vertex 66.5152 -39.9907 1.7831
      vertex 66.7775 -39.9421 1.8
      vertex 66.3375 -41.5 3.8147e-07
    endloop
  endfacet
  facet normal -0.100537 0.764985 -0.636153
    outer loop
      vertex 66.5152 -39.9907 1.7831
      vertex 66.3375 -40 1.8
      vertex 66.4387 -39.9867 1.8
    endloop
  endfacet
  facet normal -0.100577 0.764326 -0.636938
    outer loop
      vertex 66.3375 -40 1.8
      vertex 66.5152 -39.9907 1.7831
      vertex 66.3375 -41.5 3.8147e-07
    endloop
  endfacet
  facet normal -0.100581 -0.764326 -0.636938
    outer loop
      vertex 66.3375 -35.1 3.8147e-07
      vertex 67.1658 -35.209 3.8147e-07
      vertex 66.7775 -36.6579 1.8
    endloop
  endfacet
  facet normal -0.712238 0.295028 -0.636927
    outer loop
      vertex 67.8098 -39.15 1.8
      vertex 69.4285 -39.1282 3.8147e-07
      vertex 69.1088 -39.9 3.8147e-07
    endloop
  endfacet
  facet normal -0.71225 0.294976 -0.636938
    outer loop
      vertex 67.8098 -39.15 1.8
      vertex 67.9796 -38.74 1.8
      vertex 69.4285 -39.1282 3.8147e-07
    endloop
  endfacet
  facet normal 0.100593 0.764324 -0.636938
    outer loop
      vertex 65.5093 -41.391 3.8147e-07
      vertex 65.8976 -39.9421 1.8
      vertex 66.3375 -41.5 3.8147e-07
    endloop
  endfacet
  facet normal 0.469309 0.611613 -0.636929
    outer loop
      vertex 64.0748 -40.5627 3.8147e-07
      vertex 65.1355 -39.5021 1.8
      vertex 65.4875 -39.7722 1.8
    endloop
  endfacet
  facet normal 0.611232 0.468869 -0.637618
    outer loop
      vertex 65.1355 -39.5021 1.8
      vertex 65.0742 -39.4375 1.78874
      vertex 65.1052 -39.4626 1.8
    endloop
  endfacet
  facet normal 0.61148 0.469546 -0.636882
    outer loop
      vertex 63.5663 -39.9 3.8147e-07
      vertex 65.0096 -39.3381 1.8
      vertex 65.0742 -39.4375 1.78874
    endloop
  endfacet
  facet normal 0.611665 0.469236 -0.636933
    outer loop
      vertex 65.0096 -39.3381 1.8
      vertex 63.5663 -39.9 3.8147e-07
      vertex 64.8653 -39.15 1.8
    endloop
  endfacet
  facet normal 0.611596 0.469336 -0.636925
    outer loop
      vertex 63.5663 -39.9 3.8147e-07
      vertex 65.0742 -39.4375 1.78874
      vertex 65.1355 -39.5021 1.8
    endloop
  endfacet
  facet normal -0.295124 -0.712189 -0.636937
    outer loop
      vertex 66.7775 -36.6579 1.8
      vertex 67.1658 -35.209 3.8147e-07
      vertex 67.1875 -36.8278 1.8
    endloop
  endfacet
  facet normal -0.100581 0.764326 -0.636938
    outer loop
      vertex 66.3375 -41.5 3.8147e-07
      vertex 66.7775 -39.9421 1.8
      vertex 67.1658 -41.391 3.8147e-07
    endloop
  endfacet
  facet normal 0.29588 -0.713592 -0.635013
    outer loop
      vertex 65.4875 -36.8278 1.8
      vertex 65.6461 -36.747 1.7831
      vertex 65.5818 -36.7887 1.8
    endloop
  endfacet
  facet normal 0.294984 -0.712238 -0.636948
    outer loop
      vertex 65.6461 -36.747 1.7831
      vertex 65.4875 -36.8278 1.8
      vertex 64.7375 -35.5287 3.8147e-07
    endloop
  endfacet
  facet normal 0.2952 -0.712519 -0.636533
    outer loop
      vertex 65.6461 -36.747 1.7831
      vertex 65.8976 -36.6579 1.8
      vertex 65.7494 -36.7193 1.8
    endloop
  endfacet
  facet normal 0.295106 -0.712171 -0.636965
    outer loop
      vertex 65.8976 -36.6579 1.8
      vertex 65.6461 -36.747 1.7831
      vertex 64.7375 -35.5287 3.8147e-07
    endloop
  endfacet
  facet normal -0.611589 0.469331 -0.636936
    outer loop
      vertex 67.5396 -39.5021 1.8
      vertex 67.8098 -39.15 1.8
      vertex 68.6003 -40.5627 3.8147e-07
    endloop
  endfacet
  facet normal -0.295056 0.712213 -0.636942
    outer loop
      vertex 66.7775 -39.9421 1.8
      vertex 67.9375 -41.0713 3.8147e-07
      vertex 67.1658 -41.391 3.8147e-07
    endloop
  endfacet
  facet normal 0.611614 0.469301 -0.636934
    outer loop
      vertex 63.5663 -39.9 3.8147e-07
      vertex 65.1355 -39.5021 1.8
      vertex 64.0748 -40.5627 3.8147e-07
    endloop
  endfacet
  facet normal 0.763914 -0.100719 -0.637409
    outer loop
      vertex 64.6747 -37.9465 1.78874
      vertex 64.6955 -37.86 1.8
      vertex 64.689 -37.9093 1.8
    endloop
  endfacet
  facet normal 0.764311 -0.100499 -0.636968
    outer loop
      vertex 63.1375 -38.3 3.8147e-07
      vertex 64.6685 -38.065 1.8
      vertex 64.6376 -38.3 1.8
    endloop
  endfacet
  facet normal 0.764318 -0.100882 -0.6369
    outer loop
      vertex 64.6747 -37.9465 1.78874
      vertex 63.1375 -38.3 3.8147e-07
      vertex 64.6955 -37.86 1.8
    endloop
  endfacet
  facet normal 0.764311 -0.100514 -0.636966
    outer loop
      vertex 64.6685 -38.065 1.8
      vertex 63.1375 -38.3 3.8147e-07
      vertex 64.6747 -37.9465 1.78874
    endloop
  endfacet
  facet normal 0.76431 -0.100684 -0.636941
    outer loop
      vertex 63.1375 -38.3 3.8147e-07
      vertex 63.2466 -37.4718 3.8147e-07
      vertex 64.6955 -37.86 1.8
    endloop
  endfacet
  facet normal -0.764326 -0.100594 -0.636935
    outer loop
      vertex 67.9796 -37.86 1.8
      vertex 69.4285 -37.4718 3.8147e-07
      vertex 69.5375 -38.3 3.8147e-07
    endloop
  endfacet
  facet normal -0.100459 -0.764335 -0.636946
    outer loop
      vertex 66.3375 -35.1 3.8147e-07
      vertex 66.5726 -36.6309 1.8
      vertex 66.3375 -36.6 1.8
    endloop
  endfacet
  facet normal -0.100597 -0.764333 -0.636926
    outer loop
      vertex 66.5726 -36.6309 1.8
      vertex 66.3375 -35.1 3.8147e-07
      vertex 66.691 -36.6371 1.78874
    endloop
  endfacet
  facet normal -0.100719 -0.763914 -0.637409
    outer loop
      vertex 66.691 -36.6371 1.78874
      vertex 66.7775 -36.6579 1.8
      vertex 66.7282 -36.6514 1.8
    endloop
  endfacet
  facet normal -0.100891 -0.764339 -0.636873
    outer loop
      vertex 66.7775 -36.6579 1.8
      vertex 66.691 -36.6371 1.78874
      vertex 66.3375 -35.1 3.8147e-07
    endloop
  endfacet
  facet normal 0.29502 0.71222 -0.63695
    outer loop
      vertex 64.7375 -41.0713 3.8147e-07
      vertex 65.4875 -39.7722 1.8
      vertex 65.5093 -41.391 3.8147e-07
    endloop
  endfacet
  facet normal 0.469197 -0.611654 -0.636972
    outer loop
      vertex 64.7375 -35.5287 3.8147e-07
      vertex 65.2995 -36.9721 1.8
      vertex 65.2 -37.0367 1.78874
    endloop
  endfacet
  facet normal 0.472218 -0.614039 -0.632428
    outer loop
      vertex 65.1355 -37.0979 1.8
      vertex 65.2 -37.0367 1.78874
      vertex 65.1749 -37.0676 1.8
    endloop
  endfacet
  facet normal 0.469389 -0.61154 -0.636941
    outer loop
      vertex 65.2995 -36.9721 1.8
      vertex 64.7375 -35.5287 3.8147e-07
      vertex 65.4875 -36.8278 1.8
    endloop
  endfacet
  facet normal 0.469173 -0.611667 -0.636977
    outer loop
      vertex 64.7375 -35.5287 3.8147e-07
      vertex 65.2 -37.0367 1.78874
      vertex 65.1355 -37.0979 1.8
    endloop
  endfacet
  facet normal -0.469316 0.611606 -0.63693
    outer loop
      vertex 67.5396 -39.5021 1.8
      vertex 68.6003 -40.5627 3.8147e-07
      vertex 67.9375 -41.0713 3.8147e-07
    endloop
  endfacet
  facet normal -0.611618 0.469304 -0.636928
    outer loop
      vertex 67.8098 -39.15 1.8
      vertex 69.1088 -39.9 3.8147e-07
      vertex 68.6003 -40.5627 3.8147e-07
    endloop
  endfacet
  facet normal 0.100593 -0.764324 -0.636938
    outer loop
      vertex 65.5093 -35.209 3.8147e-07
      vertex 66.3375 -35.1 3.8147e-07
      vertex 65.8976 -36.6579 1.8
    endloop
  endfacet
  facet normal -0.295551 0.712799 -0.636056
    outer loop
      vertex 67.1875 -39.7722 1.8
      vertex 67.029 -39.853 1.7831
      vertex 67.0932 -39.8113 1.8
    endloop
  endfacet
  facet normal -0.295132 0.712166 -0.636958
    outer loop
      vertex 67.029 -39.853 1.7831
      vertex 67.1875 -39.7722 1.8
      vertex 67.9375 -41.0713 3.8147e-07
    endloop
  endfacet
  facet normal -0.2952 0.712519 -0.636533
    outer loop
      vertex 67.029 -39.853 1.7831
      vertex 66.7775 -39.9421 1.8
      vertex 66.9257 -39.8807 1.8
    endloop
  endfacet
  facet normal -0.295108 0.712179 -0.636955
    outer loop
      vertex 66.7775 -39.9421 1.8
      vertex 67.029 -39.853 1.7831
      vertex 67.9375 -41.0713 3.8147e-07
    endloop
  endfacet
  facet normal 0.469354 0.611563 -0.636943
    outer loop
      vertex 64.0748 -40.5627 3.8147e-07
      vertex 65.4875 -39.7722 1.8
      vertex 64.7375 -41.0713 3.8147e-07
    endloop
  endfacet
  facet normal -0.611614 -0.469301 -0.636934
    outer loop
      vertex 67.5396 -37.0979 1.8
      vertex 68.6003 -36.0373 3.8147e-07
      vertex 69.1088 -36.7 3.8147e-07
    endloop
  endfacet
  facet normal -0.469184 0.611676 -0.636961
    outer loop
      vertex 67.4751 -39.5633 1.78874
      vertex 67.5396 -39.5021 1.8
      vertex 67.9375 -41.0713 3.8147e-07
    endloop
  endfacet
  facet normal -0.469247 0.611725 -0.636867
    outer loop
      vertex 67.5396 -39.5021 1.8
      vertex 67.4751 -39.5633 1.78874
      vertex 67.5001 -39.5324 1.8
    endloop
  endfacet
  facet normal -0.469203 0.611665 -0.636957
    outer loop
      vertex 67.9375 -41.0713 3.8147e-07
      vertex 67.3756 -39.6279 1.8
      vertex 67.4751 -39.5633 1.78874
    endloop
  endfacet
  facet normal -0.469226 0.611652 -0.636953
    outer loop
      vertex 67.3756 -39.6279 1.8
      vertex 67.9375 -41.0713 3.8147e-07
      vertex 67.1875 -39.7722 1.8
    endloop
  endfacet
  facet normal 0.764985 0.100537 -0.636153
    outer loop
      vertex 64.6469 -38.4777 1.7831
      vertex 64.6376 -38.3 1.8
      vertex 64.6509 -38.4012 1.8
    endloop
  endfacet
  facet normal 0.764305 0.100578 -0.636963
    outer loop
      vertex 64.6376 -38.3 1.8
      vertex 64.6469 -38.4777 1.7831
      vertex 63.1375 -38.3 3.8147e-07
    endloop
  endfacet
  facet normal 0.76709 0.101314 -0.633489
    outer loop
      vertex 64.6955 -38.74 1.8
      vertex 64.6469 -38.4777 1.7831
      vertex 64.6745 -38.581 1.8
    endloop
  endfacet
  facet normal 0.764305 0.100574 -0.636964
    outer loop
      vertex 64.6469 -38.4777 1.7831
      vertex 64.6955 -38.74 1.8
      vertex 63.1375 -38.3 3.8147e-07
    endloop
  endfacet
  facet normal 0 0 -1
    outer loop
      vertex 66.6186 -39.963 1.8
      vertex 66.9257 -39.8807 1.8
      vertex 66.7775 -39.9421 1.8
    endloop
  endfacet
  facet normal 0 0 -1
    outer loop
      vertex 65.2995 -36.9721 1.8
      vertex 65.4875 -36.8278 1.8
      vertex 65.5818 -36.7887 1.8
    endloop
  endfacet
  facet normal 0 0 -1
    outer loop
      vertex 67.0932 -39.8113 1.8
      vertex 67.3756 -39.6279 1.8
      vertex 67.1875 -39.7722 1.8
    endloop
  endfacet
  facet normal 0 0 -1
    outer loop
      vertex 66.7282 -36.6514 1.8
      vertex 66.7775 -36.6579 1.8
      vertex 67.1875 -36.8278 1.8
    endloop
  endfacet
  facet normal 0 0 -1
    outer loop
      vertex 67.8098 -39.15 1.8
      vertex 67.9861 -38.6907 1.8
      vertex 67.9796 -38.74 1.8
    endloop
  endfacet
  facet normal 0 0 -1
    outer loop
      vertex 65.1052 -39.4626 1.8
      vertex 65.4875 -39.7722 1.8
      vertex 65.1355 -39.5021 1.8
    endloop
  endfacet
  facet normal 0 0 -1
    outer loop
      vertex 65.4875 -39.7722 1.8
      vertex 65.9469 -39.9486 1.8
      vertex 65.8976 -39.9421 1.8
    endloop
  endfacet
  facet normal 0 0 -1
    outer loop
      vertex 67.1875 -36.8278 1.8
      vertex 67.5396 -37.0979 1.8
      vertex 67.5699 -37.1374 1.8
    endloop
  endfacet
  facet normal 0 0 -1
    outer loop
      vertex 64.8262 -39.0557 1.8
      vertex 65.0096 -39.3381 1.8
      vertex 64.8653 -39.15 1.8
    endloop
  endfacet
  facet normal 0 0 -1
    outer loop
      vertex 67.5001 -39.5324 1.8
      vertex 67.8098 -39.15 1.8
      vertex 67.5396 -39.5021 1.8
    endloop
  endfacet
  facet normal 0 0 -1
    outer loop
      vertex 64.6376 -38.3 1.8
      vertex 64.6685 -38.065 1.8
      vertex 64.6509 -38.4012 1.8
    endloop
  endfacet
  facet normal 0 0 -1
    outer loop
      vertex 66.2364 -36.6133 1.8
      vertex 66.3375 -36.6 1.8
      vertex 66.5726 -36.6309 1.8
    endloop
  endfacet
  facet normal 0 0 -1
    outer loop
      vertex 64.8653 -37.45 1.8
      vertex 65.1355 -37.0979 1.8
      vertex 65.1749 -37.0676 1.8
    endloop
  endfacet
  facet normal 0 0 -1
    outer loop
      vertex 64.689 -37.9093 1.8
      vertex 64.6955 -37.86 1.8
      vertex 64.8653 -37.45 1.8
    endloop
  endfacet
  facet normal 0 0 -1
    outer loop
      vertex 64.6745 -38.581 1.8
      vertex 64.7568 -38.8881 1.8
      vertex 64.6955 -38.74 1.8
    endloop
  endfacet
  facet normal 0 0 -1
    outer loop
      vertex 67.6655 -37.2619 1.8
      vertex 67.8098 -37.45 1.8
      vertex 67.8488 -37.5443 1.8
    endloop
  endfacet
  facet normal 0 0 -1
    outer loop
      vertex 65.7494 -36.7193 1.8
      vertex 65.8976 -36.6579 1.8
      vertex 66.0565 -36.637 1.8
    endloop
  endfacet
  facet normal 0 0 -1
    outer loop
      vertex 66.1025 -39.9691 1.8
      vertex 66.4387 -39.9867 1.8
      vertex 66.3375 -40 1.8
    endloop
  endfacet
  facet normal 0 0 -1
    outer loop
      vertex 67.9183 -37.7119 1.8
      vertex 67.9796 -37.86 1.8
      vertex 68.0005 -38.019 1.8
    endloop
  endfacet
  facet normal 0 0 -1
    outer loop
      vertex 68.0066 -38.535 1.8
      vertex 68.0242 -38.1988 1.8
      vertex 68.0375 -38.3 1.8
    endloop
  endfacet
  facet normal 0.100501 0.764332 -0.636943
    outer loop
      vertex 66.3375 -41.5 3.8147e-07
      vertex 66.1025 -39.9691 1.8
      vertex 66.3375 -40 1.8
    endloop
  endfacet
  facet normal 0.101233 0.764322 -0.636839
    outer loop
      vertex 66.1025 -39.9691 1.8
      vertex 66.3375 -41.5 3.8147e-07
      vertex 65.9841 -39.9628 1.78874
    endloop
  endfacet
  facet normal 0.101155 0.767221 -0.633355
    outer loop
      vertex 65.9841 -39.9628 1.78874
      vertex 65.8976 -39.9421 1.8
      vertex 65.9469 -39.9486 1.8
    endloop
  endfacet
  facet normal 0.099972 0.764297 -0.637068
    outer loop
      vertex 65.8976 -39.9421 1.8
      vertex 65.9841 -39.9628 1.78874
      vertex 66.3375 -41.5 3.8147e-07
    endloop
  endfacet
  facet normal 0.611618 -0.469304 -0.636928
    outer loop
      vertex 63.5663 -36.7 3.8147e-07
      vertex 64.0748 -36.0373 3.8147e-07
      vertex 64.8653 -37.45 1.8
    endloop
  endfacet
  facet normal 0.295061 0.712211 -0.636942
    outer loop
      vertex 65.4875 -39.7722 1.8
      vertex 65.8976 -39.9421 1.8
      vertex 65.5093 -41.391 3.8147e-07
    endloop
  endfacet
  facet normal 0.76431 0.100684 -0.636941
    outer loop
      vertex 63.1375 -38.3 3.8147e-07
      vertex 64.6955 -38.74 1.8
      vertex 63.2466 -39.1282 3.8147e-07
    endloop
  endfacet
  facet normal 0.712232 0.295025 -0.636934
    outer loop
      vertex 63.2466 -39.1282 3.8147e-07
      vertex 64.6955 -38.74 1.8
      vertex 63.5663 -39.9 3.8147e-07
    endloop
  endfacet
  facet normal -0.712183 -0.295143 -0.636935
    outer loop
      vertex 67.8906 -37.6085 1.7831
      vertex 67.8098 -37.45 1.8
      vertex 69.1088 -36.7 3.8147e-07
    endloop
  endfacet
  facet normal -0.709746 -0.293532 -0.640391
    outer loop
      vertex 67.8098 -37.45 1.8
      vertex 67.8906 -37.6085 1.7831
      vertex 67.8488 -37.5443 1.8
    endloop
  endfacet
  facet normal -0.712328 -0.294874 -0.636897
    outer loop
      vertex 67.9796 -37.86 1.8
      vertex 67.8906 -37.6085 1.7831
      vertex 69.1088 -36.7 3.8147e-07
    endloop
  endfacet
  facet normal -0.712568 -0.294939 -0.636599
    outer loop
      vertex 67.8906 -37.6085 1.7831
      vertex 67.9796 -37.86 1.8
      vertex 67.9183 -37.7119 1.8
    endloop
  endfacet
  facet normal 0.712568 0.294939 -0.636599
    outer loop
      vertex 64.7845 -38.9915 1.7831
      vertex 64.6955 -38.74 1.8
      vertex 64.7568 -38.8881 1.8
    endloop
  endfacet
  facet normal 0.712799 0.295551 -0.636056
    outer loop
      vertex 64.8653 -39.15 1.8
      vertex 64.7845 -38.9915 1.7831
      vertex 64.8262 -39.0557 1.8
    endloop
  endfacet
  facet normal 0.712328 0.294874 -0.636897
    outer loop
      vertex 64.7845 -38.9915 1.7831
      vertex 63.5663 -39.9 3.8147e-07
      vertex 64.6955 -38.74 1.8
    endloop
  endfacet
  facet normal 0.712183 0.295143 -0.636935
    outer loop
      vertex 63.5663 -39.9 3.8147e-07
      vertex 64.7845 -38.9915 1.7831
      vertex 64.8653 -39.15 1.8
    endloop
  endfacet
  facet normal -0.611665 -0.469236 -0.636933
    outer loop
      vertex 67.6655 -37.2619 1.8
      vertex 69.1088 -36.7 3.8147e-07
      vertex 67.8098 -37.45 1.8
    endloop
  endfacet
  facet normal -0.61148 -0.469546 -0.636882
    outer loop
      vertex 67.6009 -37.1625 1.78874
      vertex 69.1088 -36.7 3.8147e-07
      vertex 67.6655 -37.2619 1.8
    endloop
  endfacet
  facet normal -0.611232 -0.468869 -0.637618
    outer loop
      vertex 67.5396 -37.0979 1.8
      vertex 67.6009 -37.1625 1.78874
      vertex 67.5699 -37.1374 1.8
    endloop
  endfacet
  facet normal -0.611596 -0.469336 -0.636925
    outer loop
      vertex 67.6009 -37.1625 1.78874
      vertex 67.5396 -37.0979 1.8
      vertex 69.1088 -36.7 3.8147e-07
    endloop
  endfacet
  facet normal 0.469359 -0.61157 -0.636934
    outer loop
      vertex 64.0748 -36.0373 3.8147e-07
      vertex 64.7375 -35.5287 3.8147e-07
      vertex 65.1355 -37.0979 1.8
    endloop
  endfacet
  facet normal -0.712232 -0.295025 -0.636934
    outer loop
      vertex 67.9796 -37.86 1.8
      vertex 69.1088 -36.7 3.8147e-07
      vertex 69.4285 -37.4718 3.8147e-07
    endloop
  endfacet
  facet normal 0.611589 -0.469331 -0.636936
    outer loop
      vertex 64.0748 -36.0373 3.8147e-07
      vertex 65.1355 -37.0979 1.8
      vertex 64.8653 -37.45 1.8
    endloop
  endfacet
  facet normal -0.764326 0.100594 -0.636935
    outer loop
      vertex 67.9796 -38.74 1.8
      vertex 69.5375 -38.3 3.8147e-07
      vertex 69.4285 -39.1282 3.8147e-07
    endloop
  endfacet
  facet normal -0.469308 -0.611595 -0.636947
    outer loop
      vertex 67.1875 -36.8278 1.8
      vertex 67.9375 -35.5287 3.8147e-07
      vertex 68.6003 -36.0373 3.8147e-07
    endloop
  endfacet
  facet normal 0.71225 -0.294976 -0.636938
    outer loop
      vertex 63.2466 -37.4718 3.8147e-07
      vertex 64.8653 -37.45 1.8
      vertex 64.6955 -37.86 1.8
    endloop
  endfacet
  facet normal 0.295022 -0.712225 -0.636944
    outer loop
      vertex 64.7375 -35.5287 3.8147e-07
      vertex 65.5093 -35.209 3.8147e-07
      vertex 65.8976 -36.6579 1.8
    endloop
  endfacet
  facet normal 0.100484 -0.763965 -0.637385
    outer loop
      vertex 65.8976 -36.6579 1.8
      vertex 66.1599 -36.6093 1.7831
      vertex 66.0565 -36.637 1.8
    endloop
  endfacet
  facet normal 0.100579 -0.764323 -0.636941
    outer loop
      vertex 66.1599 -36.6093 1.7831
      vertex 65.8976 -36.6579 1.8
      vertex 66.3375 -35.1 3.8147e-07
    endloop
  endfacet
  facet normal 0.100606 -0.764758 -0.636414
    outer loop
      vertex 66.1599 -36.6093 1.7831
      vertex 66.3375 -36.6 1.8
      vertex 66.2364 -36.6133 1.8
    endloop
  endfacet
  facet normal 0.100633 -0.764321 -0.636935
    outer loop
      vertex 66.3375 -36.6 1.8
      vertex 66.1599 -36.6093 1.7831
      vertex 66.3375 -35.1 3.8147e-07
    endloop
  endfacet
  facet normal -0.295052 -0.712205 -0.636953
    outer loop
      vertex 67.1658 -35.209 3.8147e-07
      vertex 67.9375 -35.5287 3.8147e-07
      vertex 67.1875 -36.8278 1.8
    endloop
  endfacet
  facet normal 0.712238 -0.295028 -0.636927
    outer loop
      vertex 63.2466 -37.4718 3.8147e-07
      vertex 63.5663 -36.7 3.8147e-07
      vertex 64.8653 -37.45 1.8
    endloop
  endfacet
  facet normal -0.469228 -0.611682 -0.636922
    outer loop
      vertex 67.1875 -36.8278 1.8
      vertex 68.6003 -36.0373 3.8147e-07
      vertex 67.5396 -37.0979 1.8
    endloop
  endfacet
  facet normal -0.763493 -0.100358 -0.637971
    outer loop
      vertex 67.9796 -37.86 1.8
      vertex 68.0282 -38.1223 1.7831
      vertex 68.0005 -38.019 1.8
    endloop
  endfacet
  facet normal -0.764326 -0.100579 -0.636938
    outer loop
      vertex 69.5375 -38.3 3.8147e-07
      vertex 68.0282 -38.1223 1.7831
      vertex 67.9796 -37.86 1.8
    endloop
  endfacet
  facet normal -0.764326 -0.100577 -0.636938
    outer loop
      vertex 68.0375 -38.3 1.8
      vertex 68.0282 -38.1223 1.7831
      vertex 69.5375 -38.3 3.8147e-07
    endloop
  endfacet
  facet normal -0.764985 -0.100537 -0.636153
    outer loop
      vertex 68.0282 -38.1223 1.7831
      vertex 68.0375 -38.3 1.8
      vertex 68.0242 -38.1988 1.8
    endloop
  endfacet
  facet normal -0.764332 0.100501 -0.636943
    outer loop
      vertex 69.5375 -38.3 3.8147e-07
      vertex 68.0066 -38.535 1.8
      vertex 68.0375 -38.3 1.8
    endloop
  endfacet
  facet normal -0.764331 0.100513 -0.636942
    outer loop
      vertex 69.5375 -38.3 3.8147e-07
      vertex 68.0004 -38.6535 1.78874
      vertex 68.0066 -38.535 1.8
    endloop
  endfacet
  facet normal -0.764339 0.100891 -0.636873
    outer loop
      vertex 67.9796 -38.74 1.8
      vertex 68.0004 -38.6535 1.78874
      vertex 69.5375 -38.3 3.8147e-07
    endloop
  endfacet
  facet normal -0.763914 0.100719 -0.637409
    outer loop
      vertex 68.0004 -38.6535 1.78874
      vertex 67.9796 -38.74 1.8
      vertex 67.9861 -38.6907 1.8
    endloop
  endfacet
  facet normal -1 0 0
    outer loop
      vertex 53.5 -7 3.8147e-07
      vertex 53.5 -5 3
      vertex 53.5 -5 3.8147e-07
    endloop
  endfacet
  facet normal -1 -0 0
    outer loop
      vertex 53.5 -5 3
      vertex 53.5 -7 3.8147e-07
      vertex 53.5 -7 3
    endloop
  endfacet
  facet normal 1 -0 0
    outer loop
      vertex 33.5 -7 3
      vertex 33.5 -5 3.8147e-07
      vertex 33.5 -5 3
    endloop
  endfacet
  facet normal 1 0 0
    outer loop
      vertex 33.5 -5 3.8147e-07
      vertex 33.5 -7 3
      vertex 33.5 -7 3.8147e-07
    endloop
  endfacet
  facet normal 0 -1 0
    outer loop
      vertex 33.5 -5 3.8147e-07
      vertex 53.5 -5 3
      vertex 33.5 -5 3
    endloop
  endfacet
  facet normal 0 -1 -0
    outer loop
      vertex 53.5 -5 3
      vertex 33.5 -5 3.8147e-07
      vertex 53.5 -5 3.8147e-07
    endloop
  endfacet
  facet normal 0 1 -0
    outer loop
      vertex 53.5 -7 3.8147e-07
      vertex 33.5 -7 3
      vertex 53.5 -7 3
    endloop
  endfacet
  facet normal 0 1 0
    outer loop
      vertex 33.5 -7 3
      vertex 53.5 -7 3.8147e-07
      vertex 33.5 -7 3.8147e-07
    endloop
  endfacet
  facet normal -1 0 0
    outer loop
      vertex 53.5 -1 3.8147e-07
      vertex 53.5 1 3
      vertex 53.5 1 3.8147e-07
    endloop
  endfacet
  facet normal -1 -0 0
    outer loop
      vertex 53.5 1 3
      vertex 53.5 -1 3.8147e-07
      vertex 53.5 -1 3
    endloop
  endfacet
  facet normal 1 -0 0
    outer loop
      vertex 33.5 -1 3
      vertex 33.5 1 3.8147e-07
      vertex 33.5 1 3
    endloop
  endfacet
  facet normal 1 0 0
    outer loop
      vertex 33.5 1 3.8147e-07
      vertex 33.5 -1 3
      vertex 33.5 -1 3.8147e-07
    endloop
  endfacet
  facet normal 0 -1 0
    outer loop
      vertex 33.5 1 3.8147e-07
      vertex 53.5 1 3
      vertex 33.5 1 3
    endloop
  endfacet
  facet normal 0 -1 -0
    outer loop
      vertex 53.5 1 3
      vertex 33.5 1 3.8147e-07
      vertex 53.5 1 3.8147e-07
    endloop
  endfacet
  facet normal 0 1 -0
    outer loop
      vertex 53.5 -1 3.8147e-07
      vertex 33.5 -1 3
      vertex 53.5 -1 3
    endloop
  endfacet
  facet normal 0 1 0
    outer loop
      vertex 33.5 -1 3
      vertex 53.5 -1 3.8147e-07
      vertex 33.5 -1 3.8147e-07
    endloop
  endfacet
  facet normal -1 0 0
    outer loop
      vertex 53.5 5 3.8147e-07
      vertex 53.5 7 3
      vertex 53.5 7 3.8147e-07
    endloop
  endfacet
  facet normal -1 -0 0
    outer loop
      vertex 53.5 7 3
      vertex 53.5 5 3.8147e-07
      vertex 53.5 5 3
    endloop
  endfacet
  facet normal 1 -0 0
    outer loop
      vertex 33.5 5 3
      vertex 33.5 7 3.8147e-07
      vertex 33.5 7 3
    endloop
  endfacet
  facet normal 1 0 0
    outer loop
      vertex 33.5 7 3.8147e-07
      vertex 33.5 5 3
      vertex 33.5 5 3.8147e-07
    endloop
  endfacet
  facet normal 0 -1 0
    outer loop
      vertex 33.5 7 3.8147e-07
      vertex 53.5 7 3
      vertex 33.5 7 3
    endloop
  endfacet
  facet normal 0 -1 -0
    outer loop
      vertex 53.5 7 3
      vertex 33.5 7 3.8147e-07
      vertex 53.5 7 3.8147e-07
    endloop
  endfacet
  facet normal 0 1 -0
    outer loop
      vertex 53.5 5 3.8147e-07
      vertex 33.5 5 3
      vertex 53.5 5 3
    endloop
  endfacet
  facet normal 0 1 0
    outer loop
      vertex 33.5 5 3
      vertex 53.5 5 3.8147e-07
      vertex 33.5 5 3.8147e-07
    endloop
  endfacet
  facet normal -0.935909 -0.352242 0
    outer loop
      vertex 17.0447 5.78591 3.8147e-07
      vertex 16.6298 6.8883 3
      vertex 16.6298 6.8883 3.8147e-07
    endloop
  endfacet
  facet normal -0.935909 -0.352242 0
    outer loop
      vertex 16.6298 6.8883 3
      vertex 17.0447 5.78591 3.8147e-07
      vertex 17.0447 5.78591 3
    endloop
  endfacet
  facet normal -0.849212 0.528052 0
    outer loop
      vertex 14.9665 -10.0003 3.8147e-07
      vertex 15.5885 -9 3
      vertex 15.5885 -9 3.8147e-07
    endloop
  endfacet
  facet normal -0.849212 0.528052 0
    outer loop
      vertex 15.5885 -9 3
      vertex 14.9665 -10.0003 3.8147e-07
      vertex 14.9665 -10.0003 3
    endloop
  endfacet
  facet normal -0.999466 -0.0326856 0
    outer loop
      vertex 18 0 3.8147e-07
      vertex 17.9615 1.17726 3
      vertex 17.9615 1.17726 3.8147e-07
    endloop
  endfacet
  facet normal -0.999466 -0.0326856 0
    outer loop
      vertex 17.9615 1.17726 3
      vertex 18 0 3.8147e-07
      vertex 18 0 3
    endloop
  endfacet
  facet normal -0.471364 0.881939 0
    outer loop
      vertex 9 -15.5885 3.8147e-07
      vertex 7.9612 -16.1437 3
      vertex 9 -15.5885 3
    endloop
  endfacet
  facet normal -0.471364 0.881939 0
    outer loop
      vertex 7.9612 -16.1437 3
      vertex 9 -15.5885 3.8147e-07
      vertex 7.9612 -16.1437 3.8147e-07
    endloop
  endfacet
  facet normal -0.881939 -0.471364 0
    outer loop
      vertex 16.1437 7.9612 3.8147e-07
      vertex 15.5885 9 3
      vertex 15.5885 9 3.8147e-07
    endloop
  endfacet
  facet normal -0.881939 -0.471364 0
    outer loop
      vertex 15.5885 9 3
      vertex 16.1437 7.9612 3.8147e-07
      vertex 16.1437 7.9612 3
    endloop
  endfacet
  facet normal 0.0326856 -0.999466 0
    outer loop
      vertex -1.17726 17.9615 3.8147e-07
      vertex 0 18 3
      vertex -1.17726 17.9615 3
    endloop
  endfacet
  facet normal 0.0326856 -0.999466 0
    outer loop
      vertex 0 18 3
      vertex -1.17726 17.9615 3.8147e-07
      vertex 0 18 3.8147e-07
    endloop
  endfacet
  facet normal 0.290344 -0.956922 0
    outer loop
      vertex -5.78591 17.0447 3.8147e-07
      vertex -4.65874 17.3867 3
      vertex -5.78591 17.0447 3
    endloop
  endfacet
  facet normal 0.290344 -0.956922 0
    outer loop
      vertex -4.65874 17.3867 3
      vertex -5.78591 17.0447 3.8147e-07
      vertex -4.65874 17.3867 3.8147e-07
    endloop
  endfacet
  facet normal -0.995181 -0.098057 0
    outer loop
      vertex 17.9615 1.17726 3.8147e-07
      vertex 17.846 2.34947 3
      vertex 17.846 2.34947 3.8147e-07
    endloop
  endfacet
  facet normal -0.995181 -0.098057 0
    outer loop
      vertex 17.846 2.34947 3
      vertex 17.9615 1.17726 3.8147e-07
      vertex 17.9615 1.17726 3
    endloop
  endfacet
  facet normal 0.471364 0.881939 -0
    outer loop
      vertex -7.9612 -16.1437 3.8147e-07
      vertex -9 -15.5885 3
      vertex -7.9612 -16.1437 3
    endloop
  endfacet
  facet normal 0.471364 0.881939 0
    outer loop
      vertex -9 -15.5885 3
      vertex -7.9612 -16.1437 3.8147e-07
      vertex -9 -15.5885 3.8147e-07
    endloop
  endfacet
  facet normal 0.729863 0.683594 0
    outer loop
      vertex -12.7279 -12.7279 3
      vertex -13.5331 -11.8682 3.8147e-07
      vertex -13.5331 -11.8682 3
    endloop
  endfacet
  facet normal 0.729863 0.683594 0
    outer loop
      vertex -13.5331 -11.8682 3.8147e-07
      vertex -12.7279 -12.7279 3
      vertex -12.7279 -12.7279 3.8147e-07
    endloop
  endfacet
  facet normal -0.812832 0.582498 0
    outer loop
      vertex 14.2804 -10.9577 3.8147e-07
      vertex 14.9665 -10.0003 3
      vertex 14.9665 -10.0003 3.8147e-07
    endloop
  endfacet
  facet normal -0.812832 0.582498 0
    outer loop
      vertex 14.9665 -10.0003 3
      vertex 14.2804 -10.9577 3.8147e-07
      vertex 14.2804 -10.9577 3
    endloop
  endfacet
  facet normal -0.162917 -0.98664 0
    outer loop
      vertex 2.34947 17.846 3.8147e-07
      vertex 3.51163 17.6541 3
      vertex 2.34947 17.846 3
    endloop
  endfacet
  facet normal -0.162917 -0.98664 -0
    outer loop
      vertex 3.51163 17.6541 3
      vertex 2.34947 17.846 3.8147e-07
      vertex 3.51163 17.6541 3.8147e-07
    endloop
  endfacet
  facet normal 0.528052 -0.849212 0
    outer loop
      vertex -10.0003 14.9665 3.8147e-07
      vertex -9 15.5885 3
      vertex -10.0003 14.9665 3
    endloop
  endfacet
  facet normal 0.528052 -0.849212 0
    outer loop
      vertex -9 15.5885 3
      vertex -10.0003 14.9665 3.8147e-07
      vertex -9 15.5885 3.8147e-07
    endloop
  endfacet
  facet normal 0.995181 -0.098057 0
    outer loop
      vertex -17.9615 1.17726 3
      vertex -17.846 2.34947 3.8147e-07
      vertex -17.846 2.34947 3
    endloop
  endfacet
  facet normal 0.995181 -0.098057 0
    outer loop
      vertex -17.846 2.34947 3.8147e-07
      vertex -17.9615 1.17726 3
      vertex -17.9615 1.17726 3.8147e-07
    endloop
  endfacet
  facet normal -0.41269 -0.910872 0
    outer loop
      vertex 6.8883 16.6298 3.8147e-07
      vertex 7.9612 16.1437 3
      vertex 6.8883 16.6298 3
    endloop
  endfacet
  facet normal -0.41269 -0.910872 -0
    outer loop
      vertex 7.9612 16.1437 3
      vertex 6.8883 16.6298 3.8147e-07
      vertex 7.9612 16.1437 3.8147e-07
    endloop
  endfacet
  facet normal 0.63443 -0.77298 0
    outer loop
      vertex -11.8682 13.5331 3.8147e-07
      vertex -10.9577 14.2804 3
      vertex -11.8682 13.5331 3
    endloop
  endfacet
  facet normal 0.63443 -0.77298 0
    outer loop
      vertex -10.9577 14.2804 3
      vertex -11.8682 13.5331 3.8147e-07
      vertex -10.9577 14.2804 3.8147e-07
    endloop
  endfacet
  facet normal -0.77298 -0.63443 0
    outer loop
      vertex 14.2804 10.9577 3.8147e-07
      vertex 13.5331 11.8682 3
      vertex 13.5331 11.8682 3.8147e-07
    endloop
  endfacet
  facet normal -0.77298 -0.63443 0
    outer loop
      vertex 13.5331 11.8682 3
      vertex 14.2804 10.9577 3.8147e-07
      vertex 14.2804 10.9577 3
    endloop
  endfacet
  facet normal -0.0326856 0.999466 0
    outer loop
      vertex 1.17726 -17.9615 3.8147e-07
      vertex 0 -18 3
      vertex 1.17726 -17.9615 3
    endloop
  endfacet
  facet normal -0.0326856 0.999466 0
    outer loop
      vertex 0 -18 3
      vertex 1.17726 -17.9615 3.8147e-07
      vertex 0 -18 3.8147e-07
    endloop
  endfacet
  facet normal -0.352242 0.935909 0
    outer loop
      vertex 6.8883 -16.6298 3.8147e-07
      vertex 5.78591 -17.0447 3
      vertex 6.8883 -16.6298 3
    endloop
  endfacet
  facet normal -0.352242 0.935909 0
    outer loop
      vertex 5.78591 -17.0447 3
      vertex 6.8883 -16.6298 3.8147e-07
      vertex 5.78591 -17.0447 3.8147e-07
    endloop
  endfacet
  facet normal -0.812832 -0.582498 0
    outer loop
      vertex 14.9665 10.0003 3.8147e-07
      vertex 14.2804 10.9577 3
      vertex 14.2804 10.9577 3.8147e-07
    endloop
  endfacet
  facet normal -0.812832 -0.582498 0
    outer loop
      vertex 14.2804 10.9577 3
      vertex 14.9665 10.0003 3.8147e-07
      vertex 14.9665 10.0003 3
    endloop
  endfacet
  facet normal -0.290344 0.956922 0
    outer loop
      vertex 5.78591 -17.0447 3.8147e-07
      vertex 4.65874 -17.3867 3
      vertex 5.78591 -17.0447 3
    endloop
  endfacet
  facet normal -0.290344 0.956922 0
    outer loop
      vertex 4.65874 -17.3867 3
      vertex 5.78591 -17.0447 3.8147e-07
      vertex 4.65874 -17.3867 3.8147e-07
    endloop
  endfacet
  facet normal 0.956922 -0.290344 0
    outer loop
      vertex -17.3867 4.65874 3
      vertex -17.0447 5.78591 3.8147e-07
      vertex -17.0447 5.78591 3
    endloop
  endfacet
  facet normal 0.956922 -0.290344 0
    outer loop
      vertex -17.0447 5.78591 3.8147e-07
      vertex -17.3867 4.65874 3
      vertex -17.3867 4.65874 3.8147e-07
    endloop
  endfacet
  facet normal 0.098057 -0.995181 0
    outer loop
      vertex -2.34947 17.846 3.8147e-07
      vertex -1.17726 17.9615 3
      vertex -2.34947 17.846 3
    endloop
  endfacet
  facet normal 0.098057 -0.995181 0
    outer loop
      vertex -1.17726 17.9615 3
      vertex -2.34947 17.846 3.8147e-07
      vertex -1.17726 17.9615 3.8147e-07
    endloop
  endfacet
  facet normal -0.162917 0.98664 0
    outer loop
      vertex 3.51163 -17.6541 3.8147e-07
      vertex 2.34947 -17.846 3
      vertex 3.51163 -17.6541 3
    endloop
  endfacet
  facet normal -0.162917 0.98664 0
    outer loop
      vertex 2.34947 -17.846 3
      vertex 3.51163 -17.6541 3.8147e-07
      vertex 2.34947 -17.846 3.8147e-07
    endloop
  endfacet
  facet normal 0.162917 -0.98664 0
    outer loop
      vertex -3.51163 17.6541 3.8147e-07
      vertex -2.34947 17.846 3
      vertex -3.51163 17.6541 3
    endloop
  endfacet
  facet normal 0.162917 -0.98664 0
    outer loop
      vertex -2.34947 17.846 3
      vertex -3.51163 17.6541 3.8147e-07
      vertex -2.34947 17.846 3.8147e-07
    endloop
  endfacet
  facet normal 0.956922 0.290344 0
    outer loop
      vertex -17.0447 -5.78591 3
      vertex -17.3867 -4.65874 3.8147e-07
      vertex -17.3867 -4.65874 3
    endloop
  endfacet
  facet normal 0.956922 0.290344 0
    outer loop
      vertex -17.3867 -4.65874 3.8147e-07
      vertex -17.0447 -5.78591 3
      vertex -17.0447 -5.78591 3.8147e-07
    endloop
  endfacet
  facet normal 0.41269 -0.910872 0
    outer loop
      vertex -7.9612 16.1437 3.8147e-07
      vertex -6.8883 16.6298 3
      vertex -7.9612 16.1437 3
    endloop
  endfacet
  facet normal 0.41269 -0.910872 0
    outer loop
      vertex -6.8883 16.6298 3
      vertex -7.9612 16.1437 3.8147e-07
      vertex -6.8883 16.6298 3.8147e-07
    endloop
  endfacet
  facet normal -0.98664 -0.162917 0
    outer loop
      vertex 17.846 2.34947 3.8147e-07
      vertex 17.6541 3.51163 3
      vertex 17.6541 3.51163 3.8147e-07
    endloop
  endfacet
  facet normal -0.98664 -0.162917 0
    outer loop
      vertex 17.6541 3.51163 3
      vertex 17.846 2.34947 3.8147e-07
      vertex 17.846 2.34947 3
    endloop
  endfacet
  facet normal -0.528052 0.849212 0
    outer loop
      vertex 10.0003 -14.9665 3.8147e-07
      vertex 9 -15.5885 3
      vertex 10.0003 -14.9665 3
    endloop
  endfacet
  facet normal -0.528052 0.849212 0
    outer loop
      vertex 9 -15.5885 3
      vertex 10.0003 -14.9665 3.8147e-07
      vertex 9 -15.5885 3.8147e-07
    endloop
  endfacet
  facet normal -0.956922 0.290344 0
    outer loop
      vertex 17.0447 -5.78591 3.8147e-07
      vertex 17.3867 -4.65874 3
      vertex 17.3867 -4.65874 3.8147e-07
    endloop
  endfacet
  facet normal -0.956922 0.290344 0
    outer loop
      vertex 17.3867 -4.65874 3
      vertex 17.0447 -5.78591 3.8147e-07
      vertex 17.0447 -5.78591 3
    endloop
  endfacet
  facet normal 0.812832 0.582498 0
    outer loop
      vertex -14.2804 -10.9577 3
      vertex -14.9665 -10.0003 3.8147e-07
      vertex -14.9665 -10.0003 3
    endloop
  endfacet
  facet normal 0.812832 0.582498 0
    outer loop
      vertex -14.9665 -10.0003 3.8147e-07
      vertex -14.2804 -10.9577 3
      vertex -14.2804 -10.9577 3.8147e-07
    endloop
  endfacet
  facet normal -0.582498 0.812832 0
    outer loop
      vertex 10.9577 -14.2804 3.8147e-07
      vertex 10.0003 -14.9665 3
      vertex 10.9577 -14.2804 3
    endloop
  endfacet
  facet normal -0.582498 0.812832 0
    outer loop
      vertex 10.0003 -14.9665 3
      vertex 10.9577 -14.2804 3.8147e-07
      vertex 10.0003 -14.9665 3.8147e-07
    endloop
  endfacet
  facet normal 0.77298 -0.63443 0
    outer loop
      vertex -14.2804 10.9577 3
      vertex -13.5331 11.8682 3.8147e-07
      vertex -13.5331 11.8682 3
    endloop
  endfacet
  facet normal 0.77298 -0.63443 0
    outer loop
      vertex -13.5331 11.8682 3.8147e-07
      vertex -14.2804 10.9577 3
      vertex -14.2804 10.9577 3.8147e-07
    endloop
  endfacet
  facet normal 0.849212 0.528052 0
    outer loop
      vertex -14.9665 -10.0003 3
      vertex -15.5885 -9 3.8147e-07
      vertex -15.5885 -9 3
    endloop
  endfacet
  facet normal 0.849212 0.528052 0
    outer loop
      vertex -15.5885 -9 3.8147e-07
      vertex -14.9665 -10.0003 3
      vertex -14.9665 -10.0003 3.8147e-07
    endloop
  endfacet
  facet normal 0.227021 -0.97389 0
    outer loop
      vertex -4.65874 17.3867 3.8147e-07
      vertex -3.51163 17.6541 3
      vertex -4.65874 17.3867 3
    endloop
  endfacet
  facet normal 0.227021 -0.97389 0
    outer loop
      vertex -3.51163 17.6541 3
      vertex -4.65874 17.3867 3.8147e-07
      vertex -3.51163 17.6541 3.8147e-07
    endloop
  endfacet
  facet normal 0.77298 0.63443 0
    outer loop
      vertex -13.5331 -11.8682 3
      vertex -14.2804 -10.9577 3.8147e-07
      vertex -14.2804 -10.9577 3
    endloop
  endfacet
  facet normal 0.77298 0.63443 0
    outer loop
      vertex -14.2804 -10.9577 3.8147e-07
      vertex -13.5331 -11.8682 3
      vertex -13.5331 -11.8682 3.8147e-07
    endloop
  endfacet
  facet normal -0.910872 -0.41269 0
    outer loop
      vertex 16.6298 6.8883 3.8147e-07
      vertex 16.1437 7.9612 3
      vertex 16.1437 7.9612 3.8147e-07
    endloop
  endfacet
  facet normal -0.910872 -0.41269 0
    outer loop
      vertex 16.1437 7.9612 3
      vertex 16.6298 6.8883 3.8147e-07
      vertex 16.6298 6.8883 3
    endloop
  endfacet
  facet normal -0.999466 0.0326856 0
    outer loop
      vertex 17.9615 -1.17726 3.8147e-07
      vertex 18 0 3
      vertex 18 0 3.8147e-07
    endloop
  endfacet
  facet normal -0.999466 0.0326856 0
    outer loop
      vertex 18 0 3
      vertex 17.9615 -1.17726 3.8147e-07
      vertex 17.9615 -1.17726 3
    endloop
  endfacet
  facet normal -0.97389 -0.227021 0
    outer loop
      vertex 17.6541 3.51163 3.8147e-07
      vertex 17.3867 4.65874 3
      vertex 17.3867 4.65874 3.8147e-07
    endloop
  endfacet
  facet normal -0.97389 -0.227021 0
    outer loop
      vertex 17.3867 4.65874 3
      vertex 17.6541 3.51163 3.8147e-07
      vertex 17.6541 3.51163 3
    endloop
  endfacet
  facet normal 0.227021 0.97389 -0
    outer loop
      vertex -3.51163 -17.6541 3.8147e-07
      vertex -4.65874 -17.3867 3
      vertex -3.51163 -17.6541 3
    endloop
  endfacet
  facet normal 0.227021 0.97389 0
    outer loop
      vertex -4.65874 -17.3867 3
      vertex -3.51163 -17.6541 3.8147e-07
      vertex -4.65874 -17.3867 3.8147e-07
    endloop
  endfacet
  facet normal 0.528052 0.849212 -0
    outer loop
      vertex -9 -15.5885 3.8147e-07
      vertex -10.0003 -14.9665 3
      vertex -9 -15.5885 3
    endloop
  endfacet
  facet normal 0.528052 0.849212 0
    outer loop
      vertex -10.0003 -14.9665 3
      vertex -9 -15.5885 3.8147e-07
      vertex -10.0003 -14.9665 3.8147e-07
    endloop
  endfacet
  facet normal -0.471364 -0.881939 0
    outer loop
      vertex 7.9612 16.1437 3.8147e-07
      vertex 9 15.5885 3
      vertex 7.9612 16.1437 3
    endloop
  endfacet
  facet normal -0.471364 -0.881939 -0
    outer loop
      vertex 9 15.5885 3
      vertex 7.9612 16.1437 3.8147e-07
      vertex 9 15.5885 3.8147e-07
    endloop
  endfacet
  facet normal -0.41269 0.910872 0
    outer loop
      vertex 7.9612 -16.1437 3.8147e-07
      vertex 6.8883 -16.6298 3
      vertex 7.9612 -16.1437 3
    endloop
  endfacet
  facet normal -0.41269 0.910872 0
    outer loop
      vertex 6.8883 -16.6298 3
      vertex 7.9612 -16.1437 3.8147e-07
      vertex 6.8883 -16.6298 3.8147e-07
    endloop
  endfacet
  facet normal -0.956922 -0.290344 0
    outer loop
      vertex 17.3867 4.65874 3.8147e-07
      vertex 17.0447 5.78591 3
      vertex 17.0447 5.78591 3.8147e-07
    endloop
  endfacet
  facet normal -0.956922 -0.290344 0
    outer loop
      vertex 17.0447 5.78591 3
      vertex 17.3867 4.65874 3.8147e-07
      vertex 17.3867 4.65874 3
    endloop
  endfacet
  facet normal -0.63443 -0.77298 0
    outer loop
      vertex 10.9577 14.2804 3.8147e-07
      vertex 11.8682 13.5331 3
      vertex 10.9577 14.2804 3
    endloop
  endfacet
  facet normal -0.63443 -0.77298 -0
    outer loop
      vertex 11.8682 13.5331 3
      vertex 10.9577 14.2804 3.8147e-07
      vertex 11.8682 13.5331 3.8147e-07
    endloop
  endfacet
  facet normal -0.528052 -0.849212 0
    outer loop
      vertex 9 15.5885 3.8147e-07
      vertex 10.0003 14.9665 3
      vertex 9 15.5885 3
    endloop
  endfacet
  facet normal -0.528052 -0.849212 -0
    outer loop
      vertex 10.0003 14.9665 3
      vertex 9 15.5885 3.8147e-07
      vertex 10.0003 14.9665 3.8147e-07
    endloop
  endfacet
  facet normal -0.290344 -0.956922 0
    outer loop
      vertex 4.65874 17.3867 3.8147e-07
      vertex 5.78591 17.0447 3
      vertex 4.65874 17.3867 3
    endloop
  endfacet
  facet normal -0.290344 -0.956922 -0
    outer loop
      vertex 5.78591 17.0447 3
      vertex 4.65874 17.3867 3.8147e-07
      vertex 5.78591 17.0447 3.8147e-07
    endloop
  endfacet
  facet normal 0.0326856 0.999466 -0
    outer loop
      vertex 0 -18 3.8147e-07
      vertex -1.17726 -17.9615 3
      vertex 0 -18 3
    endloop
  endfacet
  facet normal 0.0326856 0.999466 0
    outer loop
      vertex -1.17726 -17.9615 3
      vertex 0 -18 3.8147e-07
      vertex -1.17726 -17.9615 3.8147e-07
    endloop
  endfacet
  facet normal -0.97389 0.227021 0
    outer loop
      vertex 17.3867 -4.65874 3.8147e-07
      vertex 17.6541 -3.51163 3
      vertex 17.6541 -3.51163 3.8147e-07
    endloop
  endfacet
  facet normal -0.97389 0.227021 0
    outer loop
      vertex 17.6541 -3.51163 3
      vertex 17.3867 -4.65874 3.8147e-07
      vertex 17.3867 -4.65874 3
    endloop
  endfacet
  facet normal 0.098057 0.995181 -0
    outer loop
      vertex -1.17726 -17.9615 3.8147e-07
      vertex -2.34947 -17.846 3
      vertex -1.17726 -17.9615 3
    endloop
  endfacet
  facet normal 0.098057 0.995181 0
    outer loop
      vertex -2.34947 -17.846 3
      vertex -1.17726 -17.9615 3.8147e-07
      vertex -2.34947 -17.846 3.8147e-07
    endloop
  endfacet
  facet normal -0.63443 0.77298 0
    outer loop
      vertex 11.8682 -13.5331 3.8147e-07
      vertex 10.9577 -14.2804 3
      vertex 11.8682 -13.5331 3
    endloop
  endfacet
  facet normal -0.63443 0.77298 0
    outer loop
      vertex 10.9577 -14.2804 3
      vertex 11.8682 -13.5331 3.8147e-07
      vertex 10.9577 -14.2804 3.8147e-07
    endloop
  endfacet
  facet normal -0.683594 -0.729863 0
    outer loop
      vertex 11.8682 13.5331 3.8147e-07
      vertex 12.7279 12.7279 3
      vertex 11.8682 13.5331 3
    endloop
  endfacet
  facet normal -0.683594 -0.729863 -0
    outer loop
      vertex 12.7279 12.7279 3
      vertex 11.8682 13.5331 3.8147e-07
      vertex 12.7279 12.7279 3.8147e-07
    endloop
  endfacet
  facet normal 0.352242 -0.935909 0
    outer loop
      vertex -6.8883 16.6298 3.8147e-07
      vertex -5.78591 17.0447 3
      vertex -6.8883 16.6298 3
    endloop
  endfacet
  facet normal 0.352242 -0.935909 0
    outer loop
      vertex -5.78591 17.0447 3
      vertex -6.8883 16.6298 3.8147e-07
      vertex -5.78591 17.0447 3.8147e-07
    endloop
  endfacet
  facet normal 0.683594 -0.729863 0
    outer loop
      vertex -12.7279 12.7279 3.8147e-07
      vertex -11.8682 13.5331 3
      vertex -12.7279 12.7279 3
    endloop
  endfacet
  facet normal 0.683594 -0.729863 0
    outer loop
      vertex -11.8682 13.5331 3
      vertex -12.7279 12.7279 3.8147e-07
      vertex -11.8682 13.5331 3.8147e-07
    endloop
  endfacet
  facet normal -0.98664 0.162917 0
    outer loop
      vertex 17.6541 -3.51163 3.8147e-07
      vertex 17.846 -2.34947 3
      vertex 17.846 -2.34947 3.8147e-07
    endloop
  endfacet
  facet normal -0.98664 0.162917 0
    outer loop
      vertex 17.846 -2.34947 3
      vertex 17.6541 -3.51163 3.8147e-07
      vertex 17.6541 -3.51163 3
    endloop
  endfacet
  facet normal -0.729863 -0.683594 0
    outer loop
      vertex 13.5331 11.8682 3.8147e-07
      vertex 12.7279 12.7279 3
      vertex 12.7279 12.7279 3.8147e-07
    endloop
  endfacet
  facet normal -0.729863 -0.683594 0
    outer loop
      vertex 12.7279 12.7279 3
      vertex 13.5331 11.8682 3.8147e-07
      vertex 13.5331 11.8682 3
    endloop
  endfacet
  facet normal 0.97389 0.227021 0
    outer loop
      vertex -17.3867 -4.65874 3
      vertex -17.6541 -3.51163 3.8147e-07
      vertex -17.6541 -3.51163 3
    endloop
  endfacet
  facet normal 0.97389 0.227021 0
    outer loop
      vertex -17.6541 -3.51163 3.8147e-07
      vertex -17.3867 -4.65874 3
      vertex -17.3867 -4.65874 3.8147e-07
    endloop
  endfacet
  facet normal 0.290344 0.956922 -0
    outer loop
      vertex -4.65874 -17.3867 3.8147e-07
      vertex -5.78591 -17.0447 3
      vertex -4.65874 -17.3867 3
    endloop
  endfacet
  facet normal 0.290344 0.956922 0
    outer loop
      vertex -5.78591 -17.0447 3
      vertex -4.65874 -17.3867 3.8147e-07
      vertex -5.78591 -17.0447 3.8147e-07
    endloop
  endfacet
  facet normal -0.352242 -0.935909 0
    outer loop
      vertex 5.78591 17.0447 3.8147e-07
      vertex 6.8883 16.6298 3
      vertex 5.78591 17.0447 3
    endloop
  endfacet
  facet normal -0.352242 -0.935909 -0
    outer loop
      vertex 6.8883 16.6298 3
      vertex 5.78591 17.0447 3.8147e-07
      vertex 6.8883 16.6298 3.8147e-07
    endloop
  endfacet
  facet normal 0.910872 -0.41269 0
    outer loop
      vertex -16.6298 6.8883 3
      vertex -16.1437 7.9612 3.8147e-07
      vertex -16.1437 7.9612 3
    endloop
  endfacet
  facet normal 0.910872 -0.41269 0
    outer loop
      vertex -16.1437 7.9612 3.8147e-07
      vertex -16.6298 6.8883 3
      vertex -16.6298 6.8883 3.8147e-07
    endloop
  endfacet
  facet normal 0.162917 0.98664 -0
    outer loop
      vertex -2.34947 -17.846 3.8147e-07
      vertex -3.51163 -17.6541 3
      vertex -2.34947 -17.846 3
    endloop
  endfacet
  facet normal 0.162917 0.98664 0
    outer loop
      vertex -3.51163 -17.6541 3
      vertex -2.34947 -17.846 3.8147e-07
      vertex -3.51163 -17.6541 3.8147e-07
    endloop
  endfacet
  facet normal -0.77298 0.63443 0
    outer loop
      vertex 13.5331 -11.8682 3.8147e-07
      vertex 14.2804 -10.9577 3
      vertex 14.2804 -10.9577 3.8147e-07
    endloop
  endfacet
  facet normal -0.77298 0.63443 0
    outer loop
      vertex 14.2804 -10.9577 3
      vertex 13.5331 -11.8682 3.8147e-07
      vertex 13.5331 -11.8682 3
    endloop
  endfacet
  facet normal 0.98664 0.162917 0
    outer loop
      vertex -17.6541 -3.51163 3
      vertex -17.846 -2.34947 3.8147e-07
      vertex -17.846 -2.34947 3
    endloop
  endfacet
  facet normal 0.98664 0.162917 0
    outer loop
      vertex -17.846 -2.34947 3.8147e-07
      vertex -17.6541 -3.51163 3
      vertex -17.6541 -3.51163 3.8147e-07
    endloop
  endfacet
  facet normal 0.935909 -0.352242 0
    outer loop
      vertex -17.0447 5.78591 3
      vertex -16.6298 6.8883 3.8147e-07
      vertex -16.6298 6.8883 3
    endloop
  endfacet
  facet normal 0.935909 -0.352242 0
    outer loop
      vertex -16.6298 6.8883 3.8147e-07
      vertex -17.0447 5.78591 3
      vertex -17.0447 5.78591 3.8147e-07
    endloop
  endfacet
  facet normal 0.729863 -0.683594 0
    outer loop
      vertex -13.5331 11.8682 3
      vertex -12.7279 12.7279 3.8147e-07
      vertex -12.7279 12.7279 3
    endloop
  endfacet
  facet normal 0.729863 -0.683594 0
    outer loop
      vertex -12.7279 12.7279 3.8147e-07
      vertex -13.5331 11.8682 3
      vertex -13.5331 11.8682 3.8147e-07
    endloop
  endfacet
  facet normal 0.999466 -0.0326856 0
    outer loop
      vertex -18 0 3
      vertex -17.9615 1.17726 3.8147e-07
      vertex -17.9615 1.17726 3
    endloop
  endfacet
  facet normal 0.999466 -0.0326856 0
    outer loop
      vertex -17.9615 1.17726 3.8147e-07
      vertex -18 0 3
      vertex -18 0 3.8147e-07
    endloop
  endfacet
  facet normal 0.471364 -0.881939 0
    outer loop
      vertex -9 15.5885 3.8147e-07
      vertex -7.9612 16.1437 3
      vertex -9 15.5885 3
    endloop
  endfacet
  facet normal 0.471364 -0.881939 0
    outer loop
      vertex -7.9612 16.1437 3
      vertex -9 15.5885 3.8147e-07
      vertex -7.9612 16.1437 3.8147e-07
    endloop
  endfacet
  facet normal -0.849212 -0.528052 0
    outer loop
      vertex 15.5885 9 3.8147e-07
      vertex 14.9665 10.0003 3
      vertex 14.9665 10.0003 3.8147e-07
    endloop
  endfacet
  facet normal -0.849212 -0.528052 0
    outer loop
      vertex 14.9665 10.0003 3
      vertex 15.5885 9 3.8147e-07
      vertex 15.5885 9 3
    endloop
  endfacet
  facet normal -0.582498 -0.812832 0
    outer loop
      vertex 10.0003 14.9665 3.8147e-07
      vertex 10.9577 14.2804 3
      vertex 10.0003 14.9665 3
    endloop
  endfacet
  facet normal -0.582498 -0.812832 -0
    outer loop
      vertex 10.9577 14.2804 3
      vertex 10.0003 14.9665 3.8147e-07
      vertex 10.9577 14.2804 3.8147e-07
    endloop
  endfacet
  facet normal -0.227021 -0.97389 0
    outer loop
      vertex 3.51163 17.6541 3.8147e-07
      vertex 4.65874 17.3867 3
      vertex 3.51163 17.6541 3
    endloop
  endfacet
  facet normal -0.227021 -0.97389 -0
    outer loop
      vertex 4.65874 17.3867 3
      vertex 3.51163 17.6541 3.8147e-07
      vertex 4.65874 17.3867 3.8147e-07
    endloop
  endfacet
  facet normal 0.995181 0.098057 0
    outer loop
      vertex -17.846 -2.34947 3
      vertex -17.9615 -1.17726 3.8147e-07
      vertex -17.9615 -1.17726 3
    endloop
  endfacet
  facet normal 0.995181 0.098057 0
    outer loop
      vertex -17.9615 -1.17726 3.8147e-07
      vertex -17.846 -2.34947 3
      vertex -17.846 -2.34947 3.8147e-07
    endloop
  endfacet
  facet normal -0.098057 0.995181 0
    outer loop
      vertex 2.34947 -17.846 3.8147e-07
      vertex 1.17726 -17.9615 3
      vertex 2.34947 -17.846 3
    endloop
  endfacet
  facet normal -0.098057 0.995181 0
    outer loop
      vertex 1.17726 -17.9615 3
      vertex 2.34947 -17.846 3.8147e-07
      vertex 1.17726 -17.9615 3.8147e-07
    endloop
  endfacet
  facet normal -0.881939 0.471364 0
    outer loop
      vertex 15.5885 -9 3.8147e-07
      vertex 16.1437 -7.9612 3
      vertex 16.1437 -7.9612 3.8147e-07
    endloop
  endfacet
  facet normal -0.881939 0.471364 0
    outer loop
      vertex 16.1437 -7.9612 3
      vertex 15.5885 -9 3.8147e-07
      vertex 15.5885 -9 3
    endloop
  endfacet
  facet normal 0.999466 0.0326856 0
    outer loop
      vertex -17.9615 -1.17726 3
      vertex -18 0 3.8147e-07
      vertex -18 0 3
    endloop
  endfacet
  facet normal 0.999466 0.0326856 0
    outer loop
      vertex -18 0 3.8147e-07
      vertex -17.9615 -1.17726 3
      vertex -17.9615 -1.17726 3.8147e-07
    endloop
  endfacet
  facet normal 0.582498 -0.812832 0
    outer loop
      vertex -10.9577 14.2804 3.8147e-07
      vertex -10.0003 14.9665 3
      vertex -10.9577 14.2804 3
    endloop
  endfacet
  facet normal 0.582498 -0.812832 0
    outer loop
      vertex -10.0003 14.9665 3
      vertex -10.9577 14.2804 3.8147e-07
      vertex -10.0003 14.9665 3.8147e-07
    endloop
  endfacet
  facet normal 0.98664 -0.162917 0
    outer loop
      vertex -17.846 2.34947 3
      vertex -17.6541 3.51163 3.8147e-07
      vertex -17.6541 3.51163 3
    endloop
  endfacet
  facet normal 0.98664 -0.162917 0
    outer loop
      vertex -17.6541 3.51163 3.8147e-07
      vertex -17.846 2.34947 3
      vertex -17.846 2.34947 3.8147e-07
    endloop
  endfacet
  facet normal -0.910872 0.41269 0
    outer loop
      vertex 16.1437 -7.9612 3.8147e-07
      vertex 16.6298 -6.8883 3
      vertex 16.6298 -6.8883 3.8147e-07
    endloop
  endfacet
  facet normal -0.910872 0.41269 0
    outer loop
      vertex 16.6298 -6.8883 3
      vertex 16.1437 -7.9612 3.8147e-07
      vertex 16.1437 -7.9612 3
    endloop
  endfacet
  facet normal 0.935909 0.352242 0
    outer loop
      vertex -16.6298 -6.8883 3
      vertex -17.0447 -5.78591 3.8147e-07
      vertex -17.0447 -5.78591 3
    endloop
  endfacet
  facet normal 0.935909 0.352242 0
    outer loop
      vertex -17.0447 -5.78591 3.8147e-07
      vertex -16.6298 -6.8883 3
      vertex -16.6298 -6.8883 3.8147e-07
    endloop
  endfacet
  facet normal 0.97389 -0.227021 0
    outer loop
      vertex -17.6541 3.51163 3
      vertex -17.3867 4.65874 3.8147e-07
      vertex -17.3867 4.65874 3
    endloop
  endfacet
  facet normal 0.97389 -0.227021 0
    outer loop
      vertex -17.3867 4.65874 3.8147e-07
      vertex -17.6541 3.51163 3
      vertex -17.6541 3.51163 3.8147e-07
    endloop
  endfacet
  facet normal 0.812832 -0.582498 0
    outer loop
      vertex -14.9665 10.0003 3
      vertex -14.2804 10.9577 3.8147e-07
      vertex -14.2804 10.9577 3
    endloop
  endfacet
  facet normal 0.812832 -0.582498 0
    outer loop
      vertex -14.2804 10.9577 3.8147e-07
      vertex -14.9665 10.0003 3
      vertex -14.9665 10.0003 3.8147e-07
    endloop
  endfacet
  facet normal 0.352242 0.935909 -0
    outer loop
      vertex -5.78591 -17.0447 3.8147e-07
      vertex -6.8883 -16.6298 3
      vertex -5.78591 -17.0447 3
    endloop
  endfacet
  facet normal 0.352242 0.935909 0
    outer loop
      vertex -6.8883 -16.6298 3
      vertex -5.78591 -17.0447 3.8147e-07
      vertex -6.8883 -16.6298 3.8147e-07
    endloop
  endfacet
  facet normal -0.995181 0.098057 0
    outer loop
      vertex 17.846 -2.34947 3.8147e-07
      vertex 17.9615 -1.17726 3
      vertex 17.9615 -1.17726 3.8147e-07
    endloop
  endfacet
  facet normal -0.995181 0.098057 0
    outer loop
      vertex 17.9615 -1.17726 3
      vertex 17.846 -2.34947 3.8147e-07
      vertex 17.846 -2.34947 3
    endloop
  endfacet
  facet normal -0.935909 0.352242 0
    outer loop
      vertex 16.6298 -6.8883 3.8147e-07
      vertex 17.0447 -5.78591 3
      vertex 17.0447 -5.78591 3.8147e-07
    endloop
  endfacet
  facet normal -0.935909 0.352242 0
    outer loop
      vertex 17.0447 -5.78591 3
      vertex 16.6298 -6.8883 3.8147e-07
      vertex 16.6298 -6.8883 3
    endloop
  endfacet
  facet normal -0.227021 0.97389 0
    outer loop
      vertex 4.65874 -17.3867 3.8147e-07
      vertex 3.51163 -17.6541 3
      vertex 4.65874 -17.3867 3
    endloop
  endfacet
  facet normal -0.227021 0.97389 0
    outer loop
      vertex 3.51163 -17.6541 3
      vertex 4.65874 -17.3867 3.8147e-07
      vertex 3.51163 -17.6541 3.8147e-07
    endloop
  endfacet
  facet normal 0.41269 0.910872 -0
    outer loop
      vertex -6.8883 -16.6298 3.8147e-07
      vertex -7.9612 -16.1437 3
      vertex -6.8883 -16.6298 3
    endloop
  endfacet
  facet normal 0.41269 0.910872 0
    outer loop
      vertex -7.9612 -16.1437 3
      vertex -6.8883 -16.6298 3.8147e-07
      vertex -7.9612 -16.1437 3.8147e-07
    endloop
  endfacet
  facet normal 0.881939 0.471364 0
    outer loop
      vertex -15.5885 -9 3
      vertex -16.1437 -7.9612 3.8147e-07
      vertex -16.1437 -7.9612 3
    endloop
  endfacet
  facet normal 0.881939 0.471364 0
    outer loop
      vertex -16.1437 -7.9612 3.8147e-07
      vertex -15.5885 -9 3
      vertex -15.5885 -9 3.8147e-07
    endloop
  endfacet
  facet normal 0.881939 -0.471364 0
    outer loop
      vertex -16.1437 7.9612 3
      vertex -15.5885 9 3.8147e-07
      vertex -15.5885 9 3
    endloop
  endfacet
  facet normal 0.881939 -0.471364 0
    outer loop
      vertex -15.5885 9 3.8147e-07
      vertex -16.1437 7.9612 3
      vertex -16.1437 7.9612 3.8147e-07
    endloop
  endfacet
  facet normal -0.098057 -0.995181 0
    outer loop
      vertex 1.17726 17.9615 3.8147e-07
      vertex 2.34947 17.846 3
      vertex 1.17726 17.9615 3
    endloop
  endfacet
  facet normal -0.098057 -0.995181 -0
    outer loop
      vertex 2.34947 17.846 3
      vertex 1.17726 17.9615 3.8147e-07
      vertex 2.34947 17.846 3.8147e-07
    endloop
  endfacet
  facet normal -0.0326856 -0.999466 0
    outer loop
      vertex 0 18 3.8147e-07
      vertex 1.17726 17.9615 3
      vertex 0 18 3
    endloop
  endfacet
  facet normal -0.0326856 -0.999466 -0
    outer loop
      vertex 1.17726 17.9615 3
      vertex 0 18 3.8147e-07
      vertex 1.17726 17.9615 3.8147e-07
    endloop
  endfacet
  facet normal 0.683594 0.729863 -0
    outer loop
      vertex -11.8682 -13.5331 3.8147e-07
      vertex -12.7279 -12.7279 3
      vertex -11.8682 -13.5331 3
    endloop
  endfacet
  facet normal 0.683594 0.729863 0
    outer loop
      vertex -12.7279 -12.7279 3
      vertex -11.8682 -13.5331 3.8147e-07
      vertex -12.7279 -12.7279 3.8147e-07
    endloop
  endfacet
  facet normal 0.849212 -0.528052 0
    outer loop
      vertex -15.5885 9 3
      vertex -14.9665 10.0003 3.8147e-07
      vertex -14.9665 10.0003 3
    endloop
  endfacet
  facet normal 0.849212 -0.528052 0
    outer loop
      vertex -14.9665 10.0003 3.8147e-07
      vertex -15.5885 9 3
      vertex -15.5885 9 3.8147e-07
    endloop
  endfacet
  facet normal 0.582498 0.812832 -0
    outer loop
      vertex -10.0003 -14.9665 3.8147e-07
      vertex -10.9577 -14.2804 3
      vertex -10.0003 -14.9665 3
    endloop
  endfacet
  facet normal 0.582498 0.812832 0
    outer loop
      vertex -10.9577 -14.2804 3
      vertex -10.0003 -14.9665 3.8147e-07
      vertex -10.9577 -14.2804 3.8147e-07
    endloop
  endfacet
  facet normal -0.729863 0.683594 0
    outer loop
      vertex 12.7279 -12.7279 3.8147e-07
      vertex 13.5331 -11.8682 3
      vertex 13.5331 -11.8682 3.8147e-07
    endloop
  endfacet
  facet normal -0.729863 0.683594 0
    outer loop
      vertex 13.5331 -11.8682 3
      vertex 12.7279 -12.7279 3.8147e-07
      vertex 12.7279 -12.7279 3
    endloop
  endfacet
  facet normal -0.683594 0.729863 0
    outer loop
      vertex 12.7279 -12.7279 3.8147e-07
      vertex 11.8682 -13.5331 3
      vertex 12.7279 -12.7279 3
    endloop
  endfacet
  facet normal -0.683594 0.729863 0
    outer loop
      vertex 11.8682 -13.5331 3
      vertex 12.7279 -12.7279 3.8147e-07
      vertex 11.8682 -13.5331 3.8147e-07
    endloop
  endfacet
  facet normal 0.910872 0.41269 0
    outer loop
      vertex -16.1437 -7.9612 3
      vertex -16.6298 -6.8883 3.8147e-07
      vertex -16.6298 -6.8883 3
    endloop
  endfacet
  facet normal 0.910872 0.41269 0
    outer loop
      vertex -16.6298 -6.8883 3.8147e-07
      vertex -16.1437 -7.9612 3
      vertex -16.1437 -7.9612 3.8147e-07
    endloop
  endfacet
  facet normal 0.63443 0.77298 -0
    outer loop
      vertex -10.9577 -14.2804 3.8147e-07
      vertex -11.8682 -13.5331 3
      vertex -10.9577 -14.2804 3
    endloop
  endfacet
  facet normal 0.63443 0.77298 0
    outer loop
      vertex -11.8682 -13.5331 3
      vertex -10.9577 -14.2804 3.8147e-07
      vertex -11.8682 -13.5331 3.8147e-07
    endloop
  endfacet
endsolid OpenSCAD_Model
