solid OpenSCAD_Model
  facet normal 0 0 -1
    outer loop
      vertex -0.77298 -5.69946 3
      vertex 0.77298 -5.69946 3
      vertex 0.760254 -5.81564 3
    endloop
  endfacet
  facet normal 0 0 -1
    outer loop
      vertex -0.760254 -5.81564 3
      vertex 0.760254 -5.81564 3
      vertex 0.738525 -5.93282 3
    endloop
  endfacet
  facet normal 0 0 -1
    outer loop
      vertex -0.738525 -5.93282 3
      vertex 0.738525 -5.93282 3
      vertex 0.709152 -6.05067 3
    endloop
  endfacet
  facet normal 0 0 -1
    outer loop
      vertex -0.709152 -6.05067 3
      vertex 0.709152 -6.05067 3
      vertex 0.672867 -6.16899 3
    endloop
  endfacet
  facet normal 0 0 -1
    outer loop
      vertex 0.738525 -5.93282 3
      vertex -0.738525 -5.93282 3
      vertex -0.760254 -5.81564 3
    endloop
  endfacet
  facet normal 0 0 -1
    outer loop
      vertex -0.672867 -6.16899 3
      vertex 0.672867 -6.16899 3
      vertex 0.630142 -6.28757 3
    endloop
  endfacet
  facet normal 0 0 -1
    outer loop
      vertex 3.72232 -5.57084 3
      vertex 3.7253 -5.52008 3
      vertex 3.72596 -5.56823 3
    endloop
  endfacet
  facet normal 0 0 -1
    outer loop
      vertex 3.35 -5.80237 3
      vertex 3.7253 -5.52008 3
      vertex 3.72232 -5.57084 3
    endloop
  endfacet
  facet normal -0 0 -1
    outer loop
      vertex 3.7253 -5.52008 3
      vertex 3.35 -5.80237 3
      vertex 3.71844 -5.38736 3
    endloop
  endfacet
  facet normal -0 0 -1
    outer loop
      vertex 3.71844 -5.38736 3
      vertex 3.35 -5.80237 3
      vertex 3.70653 -5.25731 3
    endloop
  endfacet
  facet normal -0 0 -1
    outer loop
      vertex 3.70653 -5.25731 3
      vertex 3.35 -5.80237 3
      vertex 3.6895 -5.13011 3
    endloop
  endfacet
  facet normal 0 0 -1
    outer loop
      vertex 2.59805 -5.76025 3
      vertex 3.6895 -5.13011 3
      vertex 3.35 -5.80237 3
    endloop
  endfacet
  facet normal -0 0 -1
    outer loop
      vertex 3.6895 -5.13011 3
      vertex 2.59805 -5.76025 3
      vertex 3.66721 -5.00606 3
    endloop
  endfacet
  facet normal 0 0 -1
    outer loop
      vertex 2.50177 -5.67892 3
      vertex 3.66721 -5.00606 3
      vertex 2.59805 -5.76025 3
    endloop
  endfacet
  facet normal 0 0 -1
    outer loop
      vertex 2.41118 -5.5946 3
      vertex 3.63948 -4.88545 3
      vertex 2.50177 -5.67892 3
    endloop
  endfacet
  facet normal -0 0 -1
    outer loop
      vertex 3.63948 -4.88545 3
      vertex 2.41118 -5.5946 3
      vertex 3.60599 -4.76869 3
    endloop
  endfacet
  facet normal 0 0 -1
    outer loop
      vertex 2.32681 -5.50722 3
      vertex 3.60599 -4.76869 3
      vertex 2.41118 -5.5946 3
    endloop
  endfacet
  facet normal 0 0 -1
    outer loop
      vertex 2.91788 -5.98624 3
      vertex 3.35 -5.80237 3
      vertex 2.96333 -6.00904 3
    endloop
  endfacet
  facet normal 0 0 -1
    outer loop
      vertex 2.91788 -5.98624 3
      vertex 2.96333 -6.00904 3
      vertex 2.95925 -6.01089 3
    endloop
  endfacet
  facet normal 0 0 -1
    outer loop
      vertex 2.80637 -5.91394 3
      vertex 3.35 -5.80237 3
      vertex 2.91788 -5.98624 3
    endloop
  endfacet
  facet normal 0 0 -1
    outer loop
      vertex 2.69969 -5.83861 3
      vertex 3.35 -5.80237 3
      vertex 2.80637 -5.91394 3
    endloop
  endfacet
  facet normal 0 0 -1
    outer loop
      vertex 2.59805 -5.76025 3
      vertex 3.35 -5.80237 3
      vertex 2.69969 -5.83861 3
    endloop
  endfacet
  facet normal -0 0 -1
    outer loop
      vertex 3.66721 -5.00606 3
      vertex 2.50177 -5.67892 3
      vertex 3.63948 -4.88545 3
    endloop
  endfacet
  facet normal -0 0 -1
    outer loop
      vertex 3.60599 -4.76869 3
      vertex 2.32681 -5.50722 3
      vertex 3.56621 -4.65636 3
    endloop
  endfacet
  facet normal 0 0 -1
    outer loop
      vertex 2.24942 -5.41661 3
      vertex 3.56621 -4.65636 3
      vertex 2.32681 -5.50722 3
    endloop
  endfacet
  facet normal -0 0 -1
    outer loop
      vertex 3.56621 -4.65636 3
      vertex 2.24942 -5.41661 3
      vertex 3.51915 -4.54938 3
    endloop
  endfacet
  facet normal 0 0 -1
    outer loop
      vertex 2.9151 -3.7478 3
      vertex 2.47487 -2.47487 3
      vertex 2.91014 -1.9445 3
    endloop
  endfacet
  facet normal 0 0 -1
    outer loop
      vertex 2.1803 -5.32236 3
      vertex 3.51915 -4.54938 3
      vertex 2.24942 -5.41661 3
    endloop
  endfacet
  facet normal -0 0 -1
    outer loop
      vertex 3.51915 -4.54938 3
      vertex 2.1803 -5.32236 3
      vertex 3.46159 -4.45039 3
    endloop
  endfacet
  facet normal -0 0 -1
    outer loop
      vertex 3.46159 -4.45039 3
      vertex 2.12335 -5.22302 3
      vertex 2.9151 -3.7478 3
    endloop
  endfacet
  facet normal 0 0 -1
    outer loop
      vertex 3.46159 -4.45039 3
      vertex 2.1803 -5.32236 3
      vertex 2.12335 -5.22302 3
    endloop
  endfacet
  facet normal 0 0 -1
    outer loop
      vertex 1.78815 -4.39847 3
      vertex 2.9151 -3.7478 3
      vertex 2.12335 -5.22302 3
    endloop
  endfacet
  facet normal 0 -0 -1
    outer loop
      vertex 1.9445 -2.91014 3
      vertex 2.9151 -3.7478 3
      vertex 1.78815 -4.39847 3
    endloop
  endfacet
  facet normal 0 0 -1
    outer loop
      vertex 2.9151 -3.7478 3
      vertex 1.9445 -2.91014 3
      vertex 2.47487 -2.47487 3
    endloop
  endfacet
  facet normal 0 0 -1
    outer loop
      vertex 1.78815 -4.39847 3
      vertex 1.33939 -3.23358 3
      vertex 1.9445 -2.91014 3
    endloop
  endfacet
  facet normal 0 0 -1
    outer loop
      vertex 1.22939 -4.58813 3
      vertex 1.33939 -3.23358 3
      vertex 1.78815 -4.39847 3
    endloop
  endfacet
  facet normal 0 0 -1
    outer loop
      vertex 1.22939 -4.58813 3
      vertex 0.682816 -3.43275 3
      vertex 1.33939 -3.23358 3
    endloop
  endfacet
  facet normal 0 0 -1
    outer loop
      vertex 0.65065 -4.70325 3
      vertex 0.682816 -3.43275 3
      vertex 1.22939 -4.58813 3
    endloop
  endfacet
  facet normal 0 0 -1
    outer loop
      vertex 0 -6.7 3
      vertex 0.630142 -6.28757 3
      vertex 0.581299 -6.40623 3
    endloop
  endfacet
  facet normal 0 0 -1
    outer loop
      vertex 0.772629 -5.58496 3
      vertex -0.772629 -5.58496 3
      vertex 0.65065 -4.70325 3
    endloop
  endfacet
  facet normal 0 0 -1
    outer loop
      vertex 0 -6.7 3
      vertex 0.581299 -6.40623 3
      vertex 0.526581 -6.52483 3
    endloop
  endfacet
  facet normal 0 0 -1
    outer loop
      vertex 0 -6.7 3
      vertex 0.526581 -6.52483 3
      vertex 0.466156 -6.64319 3
    endloop
  endfacet
  facet normal 0 0 -1
    outer loop
      vertex 0.4382 -6.68565 3
      vertex 0.466156 -6.64319 3
      vertex 0.442664 -6.68521 3
    endloop
  endfacet
  facet normal 0 0 -1
    outer loop
      vertex 0 -6.7 3
      vertex 0.466156 -6.64319 3
      vertex 0.4382 -6.68565 3
    endloop
  endfacet
  facet normal 0 0 -1
    outer loop
      vertex -0.630142 -6.28757 3
      vertex 0.630142 -6.28757 3
      vertex 0 -6.7 3
    endloop
  endfacet
  facet normal 0 -0 -1
    outer loop
      vertex 0 -3.5 3
      vertex 0.65065 -4.70325 3
      vertex -0.65065 -4.70325 3
    endloop
  endfacet
  facet normal 0 0 -1
    outer loop
      vertex -0.466156 -6.64319 3
      vertex 0 -6.7 3
      vertex -0.4382 -6.68565 3
    endloop
  endfacet
  facet normal 0 0 -1
    outer loop
      vertex -0.466156 -6.64319 3
      vertex -0.4382 -6.68565 3
      vertex -0.442664 -6.68521 3
    endloop
  endfacet
  facet normal 0 0 -1
    outer loop
      vertex 0 -6.7 3
      vertex -0.466156 -6.64319 3
      vertex -0.526581 -6.52483 3
    endloop
  endfacet
  facet normal 0 0 -1
    outer loop
      vertex -0.581299 -6.40623 3
      vertex 0 -6.7 3
      vertex -0.526581 -6.52483 3
    endloop
  endfacet
  facet normal 0 0 -1
    outer loop
      vertex -0.630142 -6.28757 3
      vertex 0 -6.7 3
      vertex -0.581299 -6.40623 3
    endloop
  endfacet
  facet normal 0 0 -1
    outer loop
      vertex 0.630142 -6.28757 3
      vertex -0.630142 -6.28757 3
      vertex -0.672867 -6.16899 3
    endloop
  endfacet
  facet normal 0 0 -1
    outer loop
      vertex 0.65065 -4.70325 3
      vertex 0 -3.5 3
      vertex 0.682816 -3.43275 3
    endloop
  endfacet
  facet normal 0 0 -1
    outer loop
      vertex -0.65065 -4.70325 3
      vertex -0.682816 -3.43275 3
      vertex 0 -3.5 3
    endloop
  endfacet
  facet normal 0 0 -1
    outer loop
      vertex -1.22939 -4.58813 3
      vertex -0.682816 -3.43275 3
      vertex -0.65065 -4.70325 3
    endloop
  endfacet
  facet normal 0 0 -1
    outer loop
      vertex -1.22939 -4.58813 3
      vertex -1.33939 -3.23358 3
      vertex -0.682816 -3.43275 3
    endloop
  endfacet
  facet normal 0 0 -1
    outer loop
      vertex -1.78815 -4.39847 3
      vertex -1.33939 -3.23358 3
      vertex -1.22939 -4.58813 3
    endloop
  endfacet
  facet normal 0 0 -1
    outer loop
      vertex -1.78815 -4.39847 3
      vertex -1.9445 -2.91014 3
      vertex -1.33939 -3.23358 3
    endloop
  endfacet
  facet normal 0 0 -1
    outer loop
      vertex -2.9151 -3.7478 3
      vertex -1.78815 -4.39847 3
      vertex -2.12335 -5.22302 3
    endloop
  endfacet
  facet normal 0 0 -1
    outer loop
      vertex -3.46159 -4.45039 3
      vertex -2.12335 -5.22302 3
      vertex -2.1803 -5.32236 3
    endloop
  endfacet
  facet normal 0 0 -1
    outer loop
      vertex -3.51915 -4.54938 3
      vertex -2.1803 -5.32236 3
      vertex -2.24942 -5.41661 3
    endloop
  endfacet
  facet normal 0 0 -1
    outer loop
      vertex -3.56621 -4.65636 3
      vertex -2.24942 -5.41661 3
      vertex -2.32681 -5.50722 3
    endloop
  endfacet
  facet normal 0 0 -1
    outer loop
      vertex -3.60599 -4.76869 3
      vertex -2.32681 -5.50722 3
      vertex -2.41118 -5.5946 3
    endloop
  endfacet
  facet normal 0 0 -1
    outer loop
      vertex -1.78815 -4.39847 3
      vertex -2.9151 -3.7478 3
      vertex -1.9445 -2.91014 3
    endloop
  endfacet
  facet normal 0 0 -1
    outer loop
      vertex -3.63948 -4.88545 3
      vertex -2.41118 -5.5946 3
      vertex -2.50177 -5.67892 3
    endloop
  endfacet
  facet normal 0 0 -1
    outer loop
      vertex -3.66721 -5.00606 3
      vertex -2.50177 -5.67892 3
      vertex -2.59805 -5.76025 3
    endloop
  endfacet
  facet normal 0 0 -1
    outer loop
      vertex -3.35 -5.80237 3
      vertex -2.59805 -5.76025 3
      vertex -2.69969 -5.83861 3
    endloop
  endfacet
  facet normal 0 0 -1
    outer loop
      vertex -3.35 -5.80237 3
      vertex -2.69969 -5.83861 3
      vertex -2.80637 -5.91394 3
    endloop
  endfacet
  facet normal -0 0 -1
    outer loop
      vertex -1.9445 -2.91014 3
      vertex -2.9151 -3.7478 3
      vertex -2.47487 -2.47487 3
    endloop
  endfacet
  facet normal 0 0 -1
    outer loop
      vertex -3.35875 -3.35875 3
      vertex -2.47487 -2.47487 3
      vertex -2.9151 -3.7478 3
    endloop
  endfacet
  facet normal 0 0 -1
    outer loop
      vertex -3.35 -5.80237 3
      vertex -2.80637 -5.91394 3
      vertex -2.91788 -5.98624 3
    endloop
  endfacet
  facet normal 0 0 -1
    outer loop
      vertex -2.96333 -6.00904 3
      vertex -2.91788 -5.98624 3
      vertex -2.95925 -6.01089 3
    endloop
  endfacet
  facet normal 0 0 -1
    outer loop
      vertex -3.35 -5.80237 3
      vertex -2.91788 -5.98624 3
      vertex -2.96333 -6.00904 3
    endloop
  endfacet
  facet normal 0 0 -1
    outer loop
      vertex -3.6895 -5.13011 3
      vertex -2.59805 -5.76025 3
      vertex -3.35 -5.80237 3
    endloop
  endfacet
  facet normal 0 0 -1
    outer loop
      vertex -2.12335 -5.22302 3
      vertex -3.46159 -4.45039 3
      vertex -2.9151 -3.7478 3
    endloop
  endfacet
  facet normal 0 0 -1
    outer loop
      vertex -2.1803 -5.32236 3
      vertex -3.51915 -4.54938 3
      vertex -3.46159 -4.45039 3
    endloop
  endfacet
  facet normal 0 0 -1
    outer loop
      vertex -2.24942 -5.41661 3
      vertex -3.56621 -4.65636 3
      vertex -3.51915 -4.54938 3
    endloop
  endfacet
  facet normal 0 0 -1
    outer loop
      vertex -2.32681 -5.50722 3
      vertex -3.60599 -4.76869 3
      vertex -3.56621 -4.65636 3
    endloop
  endfacet
  facet normal 0 0 -1
    outer loop
      vertex -2.41118 -5.5946 3
      vertex -3.63948 -4.88545 3
      vertex -3.60599 -4.76869 3
    endloop
  endfacet
  facet normal 0 0 -1
    outer loop
      vertex -2.50177 -5.67892 3
      vertex -3.66721 -5.00606 3
      vertex -3.63948 -4.88545 3
    endloop
  endfacet
  facet normal 0 0 -1
    outer loop
      vertex -2.59805 -5.76025 3
      vertex -3.6895 -5.13011 3
      vertex -3.66721 -5.00606 3
    endloop
  endfacet
  facet normal 0 0 -1
    outer loop
      vertex -3.35 -5.80237 3
      vertex -3.70653 -5.25731 3
      vertex -3.6895 -5.13011 3
    endloop
  endfacet
  facet normal 0 0 -1
    outer loop
      vertex -3.35 -5.80237 3
      vertex -3.71844 -5.38736 3
      vertex -3.70653 -5.25731 3
    endloop
  endfacet
  facet normal 0 0 -1
    outer loop
      vertex -3.7253 -5.52008 3
      vertex -3.35 -5.80237 3
      vertex -3.72232 -5.57084 3
    endloop
  endfacet
  facet normal 0 0 -1
    outer loop
      vertex -3.35 -5.80237 3
      vertex -3.7253 -5.52008 3
      vertex -3.71844 -5.38736 3
    endloop
  endfacet
  facet normal 0 -0 -1
    outer loop
      vertex -3.7253 -5.52008 3
      vertex -3.72232 -5.57084 3
      vertex -3.72596 -5.56823 3
    endloop
  endfacet
  facet normal 0 0 -1
    outer loop
      vertex 3.23358 1.33939 3
      vertex 4.39847 1.78815 3
      vertex 3.43275 0.682816 3
    endloop
  endfacet
  facet normal 0 0 -1
    outer loop
      vertex 2.91014 1.9445 3
      vertex 4.39847 1.78815 3
      vertex 3.23358 1.33939 3
    endloop
  endfacet
  facet normal 0 0 -1
    outer loop
      vertex 4.39847 1.78815 3
      vertex 2.91014 1.9445 3
      vertex 3.7478 2.9151 3
    endloop
  endfacet
  facet normal 0 0 -1
    outer loop
      vertex 2.47487 2.47487 3
      vertex 3.7478 2.9151 3
      vertex 2.91014 1.9445 3
    endloop
  endfacet
  facet normal -0 0 -1
    outer loop
      vertex 3.7478 2.9151 3
      vertex 2.47487 2.47487 3
      vertex 3.35875 3.35875 3
    endloop
  endfacet
  facet normal 0 0 -1
    outer loop
      vertex 6.00904 -2.96333 3
      vertex 5.98624 -2.91788 3
      vertex 6.01089 -2.95925 3
    endloop
  endfacet
  facet normal 0 0 -1
    outer loop
      vertex 5.80237 -3.35 3
      vertex 5.98624 -2.91788 3
      vertex 6.00904 -2.96333 3
    endloop
  endfacet
  facet normal -0 0 -1
    outer loop
      vertex 5.98624 -2.91788 3
      vertex 5.80237 -3.35 3
      vertex 5.91394 -2.80637 3
    endloop
  endfacet
  facet normal -0 0 -1
    outer loop
      vertex 5.91394 -2.80637 3
      vertex 5.80237 -3.35 3
      vertex 5.83861 -2.69969 3
    endloop
  endfacet
  facet normal 0 0 -1
    outer loop
      vertex 5.80237 -3.35 3
      vertex 5.76025 -2.59805 3
      vertex 5.83861 -2.69969 3
    endloop
  endfacet
  facet normal 0 0 -1
    outer loop
      vertex 5.13011 -3.6895 3
      vertex 5.76025 -2.59805 3
      vertex 5.80237 -3.35 3
    endloop
  endfacet
  facet normal -0 0 -1
    outer loop
      vertex 5.76025 -2.59805 3
      vertex 5.13011 -3.6895 3
      vertex 5.67892 -2.50177 3
    endloop
  endfacet
  facet normal 0 0 -1
    outer loop
      vertex 5.52008 -3.7253 3
      vertex 5.80237 -3.35 3
      vertex 5.57084 -3.72232 3
    endloop
  endfacet
  facet normal 0 0 -1
    outer loop
      vertex 5.52008 -3.7253 3
      vertex 5.57084 -3.72232 3
      vertex 5.56823 -3.72596 3
    endloop
  endfacet
  facet normal 0 0 -1
    outer loop
      vertex 5.38736 -3.71844 3
      vertex 5.80237 -3.35 3
      vertex 5.52008 -3.7253 3
    endloop
  endfacet
  facet normal 0 0 -1
    outer loop
      vertex 5.25731 -3.70653 3
      vertex 5.80237 -3.35 3
      vertex 5.38736 -3.71844 3
    endloop
  endfacet
  facet normal 0 0 -1
    outer loop
      vertex 5.13011 -3.6895 3
      vertex 5.80237 -3.35 3
      vertex 5.25731 -3.70653 3
    endloop
  endfacet
  facet normal 0 0 -1
    outer loop
      vertex 5.00606 -3.66721 3
      vertex 5.67892 -2.50177 3
      vertex 5.13011 -3.6895 3
    endloop
  endfacet
  facet normal -0 0 -1
    outer loop
      vertex 5.67892 -2.50177 3
      vertex 5.00606 -3.66721 3
      vertex 5.5946 -2.41118 3
    endloop
  endfacet
  facet normal 0 0 -1
    outer loop
      vertex 4.88545 -3.63948 3
      vertex 5.5946 -2.41118 3
      vertex 5.00606 -3.66721 3
    endloop
  endfacet
  facet normal -0 0 -1
    outer loop
      vertex 5.5946 -2.41118 3
      vertex 4.88545 -3.63948 3
      vertex 5.50722 -2.32681 3
    endloop
  endfacet
  facet normal 0 0 -1
    outer loop
      vertex 4.76869 -3.60599 3
      vertex 5.50722 -2.32681 3
      vertex 4.88545 -3.63948 3
    endloop
  endfacet
  facet normal -0 0 -1
    outer loop
      vertex 5.50722 -2.32681 3
      vertex 4.76869 -3.60599 3
      vertex 5.41661 -2.24942 3
    endloop
  endfacet
  facet normal 0 0 -1
    outer loop
      vertex 4.65636 -3.56621 3
      vertex 5.41661 -2.24942 3
      vertex 4.76869 -3.60599 3
    endloop
  endfacet
  facet normal -0 0 -1
    outer loop
      vertex 5.41661 -2.24942 3
      vertex 4.65636 -3.56621 3
      vertex 5.32236 -2.1803 3
    endloop
  endfacet
  facet normal 0 0 -1
    outer loop
      vertex 4.54938 -3.51915 3
      vertex 5.32236 -2.1803 3
      vertex 4.65636 -3.56621 3
    endloop
  endfacet
  facet normal -0 0 -1
    outer loop
      vertex 5.32236 -2.1803 3
      vertex 4.54938 -3.51915 3
      vertex 5.22302 -2.12335 3
    endloop
  endfacet
  facet normal 0 0 -1
    outer loop
      vertex 4.45039 -3.46159 3
      vertex 5.22302 -2.12335 3
      vertex 4.54938 -3.51915 3
    endloop
  endfacet
  facet normal 0 0 -1
    outer loop
      vertex 4.45039 -3.46159 3
      vertex 4.39847 -1.78815 3
      vertex 5.22302 -2.12335 3
    endloop
  endfacet
  facet normal 0 0 -1
    outer loop
      vertex 2.91014 -1.9445 3
      vertex 4.39847 -1.78815 3
      vertex 3.7478 -2.9151 3
    endloop
  endfacet
  facet normal 0 0 -1
    outer loop
      vertex 3.7478 -2.9151 3
      vertex 4.39847 -1.78815 3
      vertex 4.45039 -3.46159 3
    endloop
  endfacet
  facet normal 0 0 -1
    outer loop
      vertex 6.64319 -0.466156 3
      vertex 6.7 0 3
      vertex 6.68565 -0.4382 3
    endloop
  endfacet
  facet normal 0 0 -1
    outer loop
      vertex 6.64319 -0.466156 3
      vertex 6.68565 -0.4382 3
      vertex 6.68521 -0.442664 3
    endloop
  endfacet
  facet normal 0 0 -1
    outer loop
      vertex 6.52483 -0.526581 3
      vertex 6.7 0 3
      vertex 6.64319 -0.466156 3
    endloop
  endfacet
  facet normal 0 0 -1
    outer loop
      vertex 6.7 0 3
      vertex 6.64319 0.466156 3
      vertex 6.68565 0.4382 3
    endloop
  endfacet
  facet normal 0 0 -1
    outer loop
      vertex 6.68565 0.4382 3
      vertex 6.64319 0.466156 3
      vertex 6.68521 0.442664 3
    endloop
  endfacet
  facet normal 0 0 -1
    outer loop
      vertex 6.40623 -0.581299 3
      vertex 6.7 0 3
      vertex 6.52483 -0.526581 3
    endloop
  endfacet
  facet normal 0 0 -1
    outer loop
      vertex 6.7 0 3
      vertex 6.52483 0.526581 3
      vertex 6.64319 0.466156 3
    endloop
  endfacet
  facet normal 0 0 -1
    outer loop
      vertex 6.28757 -0.630142 3
      vertex 6.7 0 3
      vertex 6.40623 -0.581299 3
    endloop
  endfacet
  facet normal 0 0 -1
    outer loop
      vertex 6.7 0 3
      vertex 6.40623 0.581299 3
      vertex 6.52483 0.526581 3
    endloop
  endfacet
  facet normal 0 0 -1
    outer loop
      vertex 6.28757 0.630142 3
      vertex 6.7 0 3
      vertex 6.28757 -0.630142 3
    endloop
  endfacet
  facet normal 0 0 -1
    outer loop
      vertex 6.7 0 3
      vertex 6.28757 0.630142 3
      vertex 6.40623 0.581299 3
    endloop
  endfacet
  facet normal 0 0 -1
    outer loop
      vertex 6.16899 -0.672867 3
      vertex 6.28757 0.630142 3
      vertex 6.28757 -0.630142 3
    endloop
  endfacet
  facet normal 0 0 -1
    outer loop
      vertex 6.16899 -0.672867 3
      vertex 6.16899 0.672867 3
      vertex 6.28757 0.630142 3
    endloop
  endfacet
  facet normal 0 0 -1
    outer loop
      vertex 6.05067 -0.709152 3
      vertex 6.16899 0.672867 3
      vertex 6.16899 -0.672867 3
    endloop
  endfacet
  facet normal 0 0 -1
    outer loop
      vertex 6.05067 -0.709152 3
      vertex 6.05067 0.709152 3
      vertex 6.16899 0.672867 3
    endloop
  endfacet
  facet normal 0 0 -1
    outer loop
      vertex 5.93282 -0.738525 3
      vertex 6.05067 0.709152 3
      vertex 6.05067 -0.709152 3
    endloop
  endfacet
  facet normal 0 0 -1
    outer loop
      vertex 5.93282 -0.738525 3
      vertex 5.93282 0.738525 3
      vertex 6.05067 0.709152 3
    endloop
  endfacet
  facet normal 0 0 -1
    outer loop
      vertex 5.81564 -0.760254 3
      vertex 5.93282 0.738525 3
      vertex 5.93282 -0.738525 3
    endloop
  endfacet
  facet normal 0 0 -1
    outer loop
      vertex 5.81564 -0.760254 3
      vertex 5.81564 0.760254 3
      vertex 5.93282 0.738525 3
    endloop
  endfacet
  facet normal 0 0 -1
    outer loop
      vertex 5.69946 -0.77298 3
      vertex 5.81564 0.760254 3
      vertex 5.81564 -0.760254 3
    endloop
  endfacet
  facet normal 0 0 -1
    outer loop
      vertex 5.69946 -0.77298 3
      vertex 5.69946 0.77298 3
      vertex 5.81564 0.760254 3
    endloop
  endfacet
  facet normal 0 0 -1
    outer loop
      vertex 5.58496 -0.772629 3
      vertex 5.69946 0.77298 3
      vertex 5.69946 -0.77298 3
    endloop
  endfacet
  facet normal 0 0 -1
    outer loop
      vertex 5.58496 -0.772629 3
      vertex 5.58496 0.772629 3
      vertex 5.69946 0.77298 3
    endloop
  endfacet
  facet normal 0 0 -1
    outer loop
      vertex 4.70325 -0.65065 3
      vertex 5.58496 0.772629 3
      vertex 5.58496 -0.772629 3
    endloop
  endfacet
  facet normal 0 0 -1
    outer loop
      vertex 4.70325 -0.65065 3
      vertex 4.70325 0.65065 3
      vertex 5.58496 0.772629 3
    endloop
  endfacet
  facet normal 0 0 -1
    outer loop
      vertex 4.58813 -1.22939 3
      vertex 4.70325 0.65065 3
      vertex 4.70325 -0.65065 3
    endloop
  endfacet
  facet normal 0 0 -1
    outer loop
      vertex 4.58813 -1.22939 3
      vertex 4.58813 1.22939 3
      vertex 4.70325 0.65065 3
    endloop
  endfacet
  facet normal 0 0 -1
    outer loop
      vertex 4.39847 -1.78815 3
      vertex 4.58813 1.22939 3
      vertex 4.58813 -1.22939 3
    endloop
  endfacet
  facet normal -0 0 -1
    outer loop
      vertex 4.58813 1.22939 3
      vertex 4.39847 -1.78815 3
      vertex 4.39847 1.78815 3
    endloop
  endfacet
  facet normal 0 0 -1
    outer loop
      vertex 5.98624 2.91788 3
      vertex 6.00904 2.96333 3
      vertex 6.01089 2.95925 3
    endloop
  endfacet
  facet normal 0 0 -1
    outer loop
      vertex 5.80237 3.35 3
      vertex 5.98624 2.91788 3
      vertex 5.91394 2.80637 3
    endloop
  endfacet
  facet normal 0 0 -1
    outer loop
      vertex 5.80237 3.35 3
      vertex 5.91394 2.80637 3
      vertex 5.83861 2.69969 3
    endloop
  endfacet
  facet normal 0 0 -1
    outer loop
      vertex 5.98624 2.91788 3
      vertex 5.80237 3.35 3
      vertex 6.00904 2.96333 3
    endloop
  endfacet
  facet normal 0 0 -1
    outer loop
      vertex 5.76025 2.59805 3
      vertex 5.80237 3.35 3
      vertex 5.83861 2.69969 3
    endloop
  endfacet
  facet normal 0 0 -1
    outer loop
      vertex 5.13011 3.6895 3
      vertex 5.76025 2.59805 3
      vertex 5.67892 2.50177 3
    endloop
  endfacet
  facet normal 0 0 -1
    outer loop
      vertex 5.00606 3.66721 3
      vertex 5.67892 2.50177 3
      vertex 5.5946 2.41118 3
    endloop
  endfacet
  facet normal 0 0 -1
    outer loop
      vertex 5.76025 2.59805 3
      vertex 5.13011 3.6895 3
      vertex 5.80237 3.35 3
    endloop
  endfacet
  facet normal 0 0 -1
    outer loop
      vertex 5.80237 3.35 3
      vertex 5.52008 3.7253 3
      vertex 5.57084 3.72232 3
    endloop
  endfacet
  facet normal 0 0 -1
    outer loop
      vertex 5.57084 3.72232 3
      vertex 5.52008 3.7253 3
      vertex 5.56823 3.72596 3
    endloop
  endfacet
  facet normal 0 0 -1
    outer loop
      vertex 4.88545 3.63948 3
      vertex 5.5946 2.41118 3
      vertex 5.50722 2.32681 3
    endloop
  endfacet
  facet normal 0 0 -1
    outer loop
      vertex 4.76869 3.60599 3
      vertex 5.50722 2.32681 3
      vertex 5.41661 2.24942 3
    endloop
  endfacet
  facet normal 0 0 -1
    outer loop
      vertex 5.80237 3.35 3
      vertex 5.38736 3.71844 3
      vertex 5.52008 3.7253 3
    endloop
  endfacet
  facet normal 0 0 -1
    outer loop
      vertex 4.65636 3.56621 3
      vertex 5.41661 2.24942 3
      vertex 5.32236 2.1803 3
    endloop
  endfacet
  facet normal 0 0 -1
    outer loop
      vertex 5.80237 3.35 3
      vertex 5.25731 3.70653 3
      vertex 5.38736 3.71844 3
    endloop
  endfacet
  facet normal 0 0 -1
    outer loop
      vertex 4.54938 3.51915 3
      vertex 5.32236 2.1803 3
      vertex 5.22302 2.12335 3
    endloop
  endfacet
  facet normal 0 0 -1
    outer loop
      vertex 5.80237 3.35 3
      vertex 5.13011 3.6895 3
      vertex 5.25731 3.70653 3
    endloop
  endfacet
  facet normal 0 0 -1
    outer loop
      vertex 5.67892 2.50177 3
      vertex 5.00606 3.66721 3
      vertex 5.13011 3.6895 3
    endloop
  endfacet
  facet normal 0 0 -1
    outer loop
      vertex 5.5946 2.41118 3
      vertex 4.88545 3.63948 3
      vertex 5.00606 3.66721 3
    endloop
  endfacet
  facet normal 0 0 -1
    outer loop
      vertex 5.50722 2.32681 3
      vertex 4.76869 3.60599 3
      vertex 4.88545 3.63948 3
    endloop
  endfacet
  facet normal 0 0 -1
    outer loop
      vertex 5.41661 2.24942 3
      vertex 4.65636 3.56621 3
      vertex 4.76869 3.60599 3
    endloop
  endfacet
  facet normal 0 0 -1
    outer loop
      vertex 5.32236 2.1803 3
      vertex 4.54938 3.51915 3
      vertex 4.65636 3.56621 3
    endloop
  endfacet
  facet normal 0 0 -1
    outer loop
      vertex 5.22302 2.12335 3
      vertex 4.45039 3.46159 3
      vertex 4.54938 3.51915 3
    endloop
  endfacet
  facet normal 0 0 -1
    outer loop
      vertex 4.39847 1.78815 3
      vertex 4.45039 3.46159 3
      vertex 5.22302 2.12335 3
    endloop
  endfacet
  facet normal 0 -0 -1
    outer loop
      vertex 3.5 0 3
      vertex 4.39847 -1.78815 3
      vertex 3.43275 -0.682816 3
    endloop
  endfacet
  facet normal 0 0 -1
    outer loop
      vertex 3.43275 0.682816 3
      vertex 4.39847 1.78815 3
      vertex 3.5 0 3
    endloop
  endfacet
  facet normal 0 0 -1
    outer loop
      vertex 4.39847 1.78815 3
      vertex 3.7478 2.9151 3
      vertex 4.45039 3.46159 3
    endloop
  endfacet
  facet normal 0 0 -1
    outer loop
      vertex 4.39847 -1.78815 3
      vertex 3.5 0 3
      vertex 4.39847 1.78815 3
    endloop
  endfacet
  facet normal 0 0 -1
    outer loop
      vertex 2.91014 -1.9445 3
      vertex 3.7478 -2.9151 3
      vertex 3.35875 -3.35875 3
    endloop
  endfacet
  facet normal 0 0 -1
    outer loop
      vertex 4.39847 -1.78815 3
      vertex 3.23358 -1.33939 3
      vertex 3.43275 -0.682816 3
    endloop
  endfacet
  facet normal 0 0 -1
    outer loop
      vertex 2.91014 -1.9445 3
      vertex 3.35875 -3.35875 3
      vertex 2.9151 -3.7478 3
    endloop
  endfacet
  facet normal -0 0 -1
    outer loop
      vertex 4.39847 -1.78815 3
      vertex 2.91014 -1.9445 3
      vertex 3.23358 -1.33939 3
    endloop
  endfacet
  facet normal 0 0 -1
    outer loop
      vertex 3.7253 5.52008 3
      vertex 3.72232 5.57084 3
      vertex 3.72596 5.56823 3
    endloop
  endfacet
  facet normal 0 0 -1
    outer loop
      vertex 3.35 5.80237 3
      vertex 3.7253 5.52008 3
      vertex 3.71844 5.38736 3
    endloop
  endfacet
  facet normal 0 0 -1
    outer loop
      vertex 3.35 5.80237 3
      vertex 3.71844 5.38736 3
      vertex 3.70653 5.25731 3
    endloop
  endfacet
  facet normal 0 0 -1
    outer loop
      vertex 3.35 5.80237 3
      vertex 3.70653 5.25731 3
      vertex 3.6895 5.13011 3
    endloop
  endfacet
  facet normal 0 0 -1
    outer loop
      vertex 2.59805 5.76025 3
      vertex 3.6895 5.13011 3
      vertex 3.66721 5.00606 3
    endloop
  endfacet
  facet normal 0 0 -1
    outer loop
      vertex 2.50177 5.67892 3
      vertex 3.66721 5.00606 3
      vertex 3.63948 4.88545 3
    endloop
  endfacet
  facet normal 0 0 -1
    outer loop
      vertex 2.41118 5.5946 3
      vertex 3.63948 4.88545 3
      vertex 3.60599 4.76869 3
    endloop
  endfacet
  facet normal 0 0 -1
    outer loop
      vertex 2.32681 5.50722 3
      vertex 3.60599 4.76869 3
      vertex 3.56621 4.65636 3
    endloop
  endfacet
  facet normal 0 0 -1
    outer loop
      vertex 2.24942 5.41661 3
      vertex 3.56621 4.65636 3
      vertex 3.51915 4.54938 3
    endloop
  endfacet
  facet normal 0 0 -1
    outer loop
      vertex 2.1803 5.32236 3
      vertex 3.51915 4.54938 3
      vertex 3.46159 4.45039 3
    endloop
  endfacet
  facet normal 0 0 -1
    outer loop
      vertex 3.7253 5.52008 3
      vertex 3.35 5.80237 3
      vertex 3.72232 5.57084 3
    endloop
  endfacet
  facet normal 0 0 -1
    outer loop
      vertex 3.66721 5.00606 3
      vertex 2.50177 5.67892 3
      vertex 2.59805 5.76025 3
    endloop
  endfacet
  facet normal 0 0 -1
    outer loop
      vertex 3.35 5.80237 3
      vertex 2.91788 5.98624 3
      vertex 2.96333 6.00904 3
    endloop
  endfacet
  facet normal -0 0 -1
    outer loop
      vertex 2.96333 6.00904 3
      vertex 2.91788 5.98624 3
      vertex 2.95925 6.01089 3
    endloop
  endfacet
  facet normal 0 0 -1
    outer loop
      vertex 2.12335 5.22302 3
      vertex 3.46159 4.45039 3
      vertex 2.9151 3.7478 3
    endloop
  endfacet
  facet normal -0 0 -1
    outer loop
      vertex 3.35875 3.35875 3
      vertex 2.47487 2.47487 3
      vertex 2.9151 3.7478 3
    endloop
  endfacet
  facet normal 0 0 -1
    outer loop
      vertex 1.9445 2.91014 3
      vertex 2.9151 3.7478 3
      vertex 2.47487 2.47487 3
    endloop
  endfacet
  facet normal 0 0 -1
    outer loop
      vertex 3.35 5.80237 3
      vertex 2.80637 5.91394 3
      vertex 2.91788 5.98624 3
    endloop
  endfacet
  facet normal 0 0 -1
    outer loop
      vertex 3.35 5.80237 3
      vertex 2.69969 5.83861 3
      vertex 2.80637 5.91394 3
    endloop
  endfacet
  facet normal -0 0 -1
    outer loop
      vertex 3.35 5.80237 3
      vertex 2.59805 5.76025 3
      vertex 2.69969 5.83861 3
    endloop
  endfacet
  facet normal 0 -0 -1
    outer loop
      vertex 2.1803 5.32236 3
      vertex 3.46159 4.45039 3
      vertex 2.12335 5.22302 3
    endloop
  endfacet
  facet normal 0 0 -1
    outer loop
      vertex 3.6895 5.13011 3
      vertex 2.59805 5.76025 3
      vertex 3.35 5.80237 3
    endloop
  endfacet
  facet normal 0 0 -1
    outer loop
      vertex 3.63948 4.88545 3
      vertex 2.41118 5.5946 3
      vertex 2.50177 5.67892 3
    endloop
  endfacet
  facet normal 0 0 -1
    outer loop
      vertex 3.60599 4.76869 3
      vertex 2.32681 5.50722 3
      vertex 2.41118 5.5946 3
    endloop
  endfacet
  facet normal 0 0 -1
    outer loop
      vertex 3.56621 4.65636 3
      vertex 2.24942 5.41661 3
      vertex 2.32681 5.50722 3
    endloop
  endfacet
  facet normal 0 0 -1
    outer loop
      vertex 3.51915 4.54938 3
      vertex 2.1803 5.32236 3
      vertex 2.24942 5.41661 3
    endloop
  endfacet
  facet normal -0 0 -1
    outer loop
      vertex 2.9151 3.7478 3
      vertex 1.9445 2.91014 3
      vertex 1.78815 4.39847 3
    endloop
  endfacet
  facet normal 0 0 -1
    outer loop
      vertex 2.9151 3.7478 3
      vertex 1.78815 4.39847 3
      vertex 2.12335 5.22302 3
    endloop
  endfacet
  facet normal 0 0 -1
    outer loop
      vertex 1.33939 3.23358 3
      vertex 1.78815 4.39847 3
      vertex 1.9445 2.91014 3
    endloop
  endfacet
  facet normal 0 0 -1
    outer loop
      vertex 1.33939 3.23358 3
      vertex 1.22939 4.58813 3
      vertex 1.78815 4.39847 3
    endloop
  endfacet
  facet normal 0 0 -1
    outer loop
      vertex 0.682816 3.43275 3
      vertex 1.22939 4.58813 3
      vertex 1.33939 3.23358 3
    endloop
  endfacet
  facet normal 0 0 -1
    outer loop
      vertex 0.682816 3.43275 3
      vertex 0.65065 4.70325 3
      vertex 1.22939 4.58813 3
    endloop
  endfacet
  facet normal 0 0 -1
    outer loop
      vertex 0.772629 5.58496 3
      vertex 0.581299 6.40623 3
      vertex 0.630142 6.28757 3
    endloop
  endfacet
  facet normal 0 0 -1
    outer loop
      vertex 0 3.5 3
      vertex 0.65065 4.70325 3
      vertex 0.682816 3.43275 3
    endloop
  endfacet
  facet normal 0 0 -1
    outer loop
      vertex -0.772629 5.58496 3
      vertex 0.65065 4.70325 3
      vertex -0.65065 4.70325 3
    endloop
  endfacet
  facet normal 0 0 -1
    outer loop
      vertex -0.77298 5.69946 3
      vertex 0.772629 5.58496 3
      vertex -0.772629 5.58496 3
    endloop
  endfacet
  facet normal 0 -0 -1
    outer loop
      vertex -0.760254 5.81564 3
      vertex 0.772629 5.58496 3
      vertex -0.77298 5.69946 3
    endloop
  endfacet
  facet normal 0 -0 -1
    outer loop
      vertex -0.738525 5.93282 3
      vertex 0.772629 5.58496 3
      vertex -0.760254 5.81564 3
    endloop
  endfacet
  facet normal -0 0 -1
    outer loop
      vertex 0.65065 4.70325 3
      vertex 0 3.5 3
      vertex -0.65065 4.70325 3
    endloop
  endfacet
  facet normal 0 0 -1
    outer loop
      vertex 0.772629 5.58496 3
      vertex -0.709152 6.05067 3
      vertex 0.581299 6.40623 3
    endloop
  endfacet
  facet normal 0 0 -1
    outer loop
      vertex 0.466156 6.64319 3
      vertex 0.4382 6.68565 3
      vertex 0.442664 6.68521 3
    endloop
  endfacet
  facet normal 0 -0 -1
    outer loop
      vertex -0.672867 6.16899 3
      vertex 0.581299 6.40623 3
      vertex -0.709152 6.05067 3
    endloop
  endfacet
  facet normal 0 -0 -1
    outer loop
      vertex -0.466156 6.64319 3
      vertex 0 6.7 3
      vertex -0.526581 6.52483 3
    endloop
  endfacet
  facet normal 0 0 -1
    outer loop
      vertex -0.4382 6.68565 3
      vertex -0.466156 6.64319 3
      vertex -0.442664 6.68521 3
    endloop
  endfacet
  facet normal 0 0 -1
    outer loop
      vertex 0 6.7 3
      vertex -0.466156 6.64319 3
      vertex -0.4382 6.68565 3
    endloop
  endfacet
  facet normal 0 0 -1
    outer loop
      vertex 0 6.7 3
      vertex -0.581299 6.40623 3
      vertex -0.526581 6.52483 3
    endloop
  endfacet
  facet normal 0 -0 -1
    outer loop
      vertex 0 6.7 3
      vertex 0.581299 6.40623 3
      vertex -0.672867 6.16899 3
    endloop
  endfacet
  facet normal 0 0 -1
    outer loop
      vertex -0.682816 3.43275 3
      vertex -0.65065 4.70325 3
      vertex 0 3.5 3
    endloop
  endfacet
  facet normal 0 0 -1
    outer loop
      vertex -0.682816 3.43275 3
      vertex -1.22939 4.58813 3
      vertex -0.65065 4.70325 3
    endloop
  endfacet
  facet normal 0 0 -1
    outer loop
      vertex -1.33939 3.23358 3
      vertex -1.22939 4.58813 3
      vertex -0.682816 3.43275 3
    endloop
  endfacet
  facet normal 0 0 -1
    outer loop
      vertex -1.33939 3.23358 3
      vertex -1.78815 4.39847 3
      vertex -1.22939 4.58813 3
    endloop
  endfacet
  facet normal 0 0 -1
    outer loop
      vertex -1.9445 2.91014 3
      vertex -1.78815 4.39847 3
      vertex -1.33939 3.23358 3
    endloop
  endfacet
  facet normal 0 0 -1
    outer loop
      vertex -2.9151 3.7478 3
      vertex -1.78815 4.39847 3
      vertex -1.9445 2.91014 3
    endloop
  endfacet
  facet normal -0 0 -1
    outer loop
      vertex -1.78815 4.39847 3
      vertex -2.9151 3.7478 3
      vertex -2.12335 5.22302 3
    endloop
  endfacet
  facet normal 0 0 -1
    outer loop
      vertex -3.46159 4.45039 3
      vertex -2.12335 5.22302 3
      vertex -2.9151 3.7478 3
    endloop
  endfacet
  facet normal -0 0 -1
    outer loop
      vertex -2.12335 5.22302 3
      vertex -3.46159 4.45039 3
      vertex -2.1803 5.32236 3
    endloop
  endfacet
  facet normal 0 0 -1
    outer loop
      vertex -3.51915 4.54938 3
      vertex -2.1803 5.32236 3
      vertex -3.46159 4.45039 3
    endloop
  endfacet
  facet normal 0 0 -1
    outer loop
      vertex -2.9151 3.7478 3
      vertex -1.9445 2.91014 3
      vertex -2.47487 2.47487 3
    endloop
  endfacet
  facet normal -0 0 -1
    outer loop
      vertex -2.1803 5.32236 3
      vertex -3.51915 4.54938 3
      vertex -2.24942 5.41661 3
    endloop
  endfacet
  facet normal 0 0 -1
    outer loop
      vertex -3.56621 4.65636 3
      vertex -2.24942 5.41661 3
      vertex -3.51915 4.54938 3
    endloop
  endfacet
  facet normal -0 0 -1
    outer loop
      vertex -2.24942 5.41661 3
      vertex -3.56621 4.65636 3
      vertex -2.32681 5.50722 3
    endloop
  endfacet
  facet normal 0 0 -1
    outer loop
      vertex -3.60599 4.76869 3
      vertex -2.32681 5.50722 3
      vertex -3.56621 4.65636 3
    endloop
  endfacet
  facet normal 0 0 -1
    outer loop
      vertex -3.7478 2.9151 3
      vertex -2.47487 2.47487 3
      vertex -2.91014 1.9445 3
    endloop
  endfacet
  facet normal -0 0 -1
    outer loop
      vertex -2.32681 5.50722 3
      vertex -3.60599 4.76869 3
      vertex -2.41118 5.5946 3
    endloop
  endfacet
  facet normal 0 0 -1
    outer loop
      vertex -3.63948 4.88545 3
      vertex -2.41118 5.5946 3
      vertex -3.60599 4.76869 3
    endloop
  endfacet
  facet normal -0 0 -1
    outer loop
      vertex -2.41118 5.5946 3
      vertex -3.63948 4.88545 3
      vertex -2.50177 5.67892 3
    endloop
  endfacet
  facet normal 0 0 -1
    outer loop
      vertex -3.66721 5.00606 3
      vertex -2.50177 5.67892 3
      vertex -3.63948 4.88545 3
    endloop
  endfacet
  facet normal 0 0 -1
    outer loop
      vertex -2.91788 5.98624 3
      vertex -2.96333 6.00904 3
      vertex -2.95925 6.01089 3
    endloop
  endfacet
  facet normal -0 0 -1
    outer loop
      vertex -2.50177 5.67892 3
      vertex -3.66721 5.00606 3
      vertex -2.59805 5.76025 3
    endloop
  endfacet
  facet normal 0 0 -1
    outer loop
      vertex -3.6895 5.13011 3
      vertex -2.59805 5.76025 3
      vertex -3.66721 5.00606 3
    endloop
  endfacet
  facet normal 0 0 -1
    outer loop
      vertex -2.59805 5.76025 3
      vertex -3.35 5.80237 3
      vertex -2.69969 5.83861 3
    endloop
  endfacet
  facet normal -0 0 -1
    outer loop
      vertex -2.80637 5.91394 3
      vertex -3.35 5.80237 3
      vertex -2.91788 5.98624 3
    endloop
  endfacet
  facet normal -0 0 -1
    outer loop
      vertex -2.91788 5.98624 3
      vertex -3.35 5.80237 3
      vertex -2.96333 6.00904 3
    endloop
  endfacet
  facet normal -0 0 -1
    outer loop
      vertex -2.69969 5.83861 3
      vertex -3.35 5.80237 3
      vertex -2.80637 5.91394 3
    endloop
  endfacet
  facet normal -0 0 -1
    outer loop
      vertex -2.59805 5.76025 3
      vertex -3.6895 5.13011 3
      vertex -3.35 5.80237 3
    endloop
  endfacet
  facet normal 0 0 -1
    outer loop
      vertex -3.70653 5.25731 3
      vertex -3.35 5.80237 3
      vertex -3.6895 5.13011 3
    endloop
  endfacet
  facet normal 0 0 -1
    outer loop
      vertex -3.71844 5.38736 3
      vertex -3.35 5.80237 3
      vertex -3.70653 5.25731 3
    endloop
  endfacet
  facet normal 0 0 -1
    outer loop
      vertex -3.7253 5.52008 3
      vertex -3.35 5.80237 3
      vertex -3.71844 5.38736 3
    endloop
  endfacet
  facet normal 0 0 -1
    outer loop
      vertex -3.35 5.80237 3
      vertex -3.7253 5.52008 3
      vertex -3.72232 5.57084 3
    endloop
  endfacet
  facet normal 0 0 -1
    outer loop
      vertex -3.72232 5.57084 3
      vertex -3.7253 5.52008 3
      vertex -3.72596 5.56823 3
    endloop
  endfacet
  facet normal 0 0 -1
    outer loop
      vertex -3.43275 -0.682816 3
      vertex -4.70325 -0.65065 3
      vertex -3.5 0 3
    endloop
  endfacet
  facet normal 0 0 -1
    outer loop
      vertex -3.5 0 3
      vertex -4.58813 1.22939 3
      vertex -4.39847 1.78815 3
    endloop
  endfacet
  facet normal 0 0 -1
    outer loop
      vertex -4.70325 0.65065 3
      vertex -3.5 0 3
      vertex -4.70325 -0.65065 3
    endloop
  endfacet
  facet normal 0 0 -1
    outer loop
      vertex -3.5 0 3
      vertex -4.70325 0.65065 3
      vertex -4.58813 1.22939 3
    endloop
  endfacet
  facet normal 0 0 -1
    outer loop
      vertex -5.58496 -0.772629 3
      vertex -4.70325 0.65065 3
      vertex -4.70325 -0.65065 3
    endloop
  endfacet
  facet normal 0 0 -1
    outer loop
      vertex -5.58496 -0.772629 3
      vertex -5.58496 0.772629 3
      vertex -4.70325 0.65065 3
    endloop
  endfacet
  facet normal 0 0 -1
    outer loop
      vertex -5.69946 -0.77298 3
      vertex -5.58496 0.772629 3
      vertex -5.58496 -0.772629 3
    endloop
  endfacet
  facet normal 0 0 -1
    outer loop
      vertex -5.69946 -0.77298 3
      vertex -5.69946 0.77298 3
      vertex -5.58496 0.772629 3
    endloop
  endfacet
  facet normal 0 0 -1
    outer loop
      vertex -5.81564 -0.760254 3
      vertex -5.69946 0.77298 3
      vertex -5.69946 -0.77298 3
    endloop
  endfacet
  facet normal 0 0 -1
    outer loop
      vertex -5.81564 -0.760254 3
      vertex -5.81564 0.760254 3
      vertex -5.69946 0.77298 3
    endloop
  endfacet
  facet normal 0 0 -1
    outer loop
      vertex -5.93282 -0.738525 3
      vertex -5.81564 0.760254 3
      vertex -5.81564 -0.760254 3
    endloop
  endfacet
  facet normal 0 0 -1
    outer loop
      vertex -5.93282 -0.738525 3
      vertex -5.93282 0.738525 3
      vertex -5.81564 0.760254 3
    endloop
  endfacet
  facet normal 0 0 -1
    outer loop
      vertex -6.05067 -0.709152 3
      vertex -5.93282 0.738525 3
      vertex -5.93282 -0.738525 3
    endloop
  endfacet
  facet normal 0 0 -1
    outer loop
      vertex -6.05067 -0.709152 3
      vertex -6.05067 0.709152 3
      vertex -5.93282 0.738525 3
    endloop
  endfacet
  facet normal 0 0 -1
    outer loop
      vertex -6.16899 -0.672867 3
      vertex -6.05067 0.709152 3
      vertex -6.05067 -0.709152 3
    endloop
  endfacet
  facet normal 0 0 -1
    outer loop
      vertex -6.16899 -0.672867 3
      vertex -6.16899 0.672867 3
      vertex -6.05067 0.709152 3
    endloop
  endfacet
  facet normal 0 0 -1
    outer loop
      vertex -6.28757 -0.630142 3
      vertex -6.16899 0.672867 3
      vertex -6.16899 -0.672867 3
    endloop
  endfacet
  facet normal 0 0 -1
    outer loop
      vertex -6.28757 -0.630142 3
      vertex -6.28757 0.630142 3
      vertex -6.16899 0.672867 3
    endloop
  endfacet
  facet normal 0 0 -1
    outer loop
      vertex -6.7 0 3
      vertex -6.28757 -0.630142 3
      vertex -6.40623 -0.581299 3
    endloop
  endfacet
  facet normal 0 0 -1
    outer loop
      vertex -6.28757 -0.630142 3
      vertex -6.7 0 3
      vertex -6.28757 0.630142 3
    endloop
  endfacet
  facet normal 0 0 -1
    outer loop
      vertex -6.7 0 3
      vertex -6.40623 -0.581299 3
      vertex -6.52483 -0.526581 3
    endloop
  endfacet
  facet normal 0 0 -1
    outer loop
      vertex -6.28757 0.630142 3
      vertex -6.7 0 3
      vertex -6.40623 0.581299 3
    endloop
  endfacet
  facet normal 0 0 -1
    outer loop
      vertex -6.7 0 3
      vertex -6.52483 -0.526581 3
      vertex -6.64319 -0.466156 3
    endloop
  endfacet
  facet normal 0 0 -1
    outer loop
      vertex -6.40623 0.581299 3
      vertex -6.7 0 3
      vertex -6.52483 0.526581 3
    endloop
  endfacet
  facet normal 0 0 -1
    outer loop
      vertex -6.68565 -0.4382 3
      vertex -6.64319 -0.466156 3
      vertex -6.68521 -0.442664 3
    endloop
  endfacet
  facet normal 0 0 -1
    outer loop
      vertex -6.52483 0.526581 3
      vertex -6.7 0 3
      vertex -6.64319 0.466156 3
    endloop
  endfacet
  facet normal 0 0 -1
    outer loop
      vertex -6.64319 -0.466156 3
      vertex -6.68565 -0.4382 3
      vertex -6.7 0 3
    endloop
  endfacet
  facet normal 0 -0 -1
    outer loop
      vertex -6.68565 0.4382 3
      vertex -6.64319 0.466156 3
      vertex -6.7 0 3
    endloop
  endfacet
  facet normal 0 0 -1
    outer loop
      vertex -6.64319 0.466156 3
      vertex -6.68565 0.4382 3
      vertex -6.68521 0.442664 3
    endloop
  endfacet
  facet normal -0 0 -1
    outer loop
      vertex -2.91014 1.9445 3
      vertex -4.39847 1.78815 3
      vertex -3.7478 2.9151 3
    endloop
  endfacet
  facet normal 0 0 -1
    outer loop
      vertex -4.39847 1.78815 3
      vertex -4.45039 3.46159 3
      vertex -3.7478 2.9151 3
    endloop
  endfacet
  facet normal 0 0 -1
    outer loop
      vertex -5.22302 2.12335 3
      vertex -4.45039 3.46159 3
      vertex -4.39847 1.78815 3
    endloop
  endfacet
  facet normal -0 0 -1
    outer loop
      vertex -4.45039 3.46159 3
      vertex -5.22302 2.12335 3
      vertex -4.54938 3.51915 3
    endloop
  endfacet
  facet normal 0 0 -1
    outer loop
      vertex -5.32236 2.1803 3
      vertex -4.54938 3.51915 3
      vertex -5.22302 2.12335 3
    endloop
  endfacet
  facet normal -0 0 -1
    outer loop
      vertex -4.54938 3.51915 3
      vertex -5.32236 2.1803 3
      vertex -4.65636 3.56621 3
    endloop
  endfacet
  facet normal 0 0 -1
    outer loop
      vertex -5.41661 2.24942 3
      vertex -4.65636 3.56621 3
      vertex -5.32236 2.1803 3
    endloop
  endfacet
  facet normal -0 0 -1
    outer loop
      vertex -4.65636 3.56621 3
      vertex -5.41661 2.24942 3
      vertex -4.76869 3.60599 3
    endloop
  endfacet
  facet normal 0 0 -1
    outer loop
      vertex -5.50722 2.32681 3
      vertex -4.76869 3.60599 3
      vertex -5.41661 2.24942 3
    endloop
  endfacet
  facet normal -0 0 -1
    outer loop
      vertex -4.76869 3.60599 3
      vertex -5.50722 2.32681 3
      vertex -4.88545 3.63948 3
    endloop
  endfacet
  facet normal 0 0 -1
    outer loop
      vertex -5.5946 2.41118 3
      vertex -4.88545 3.63948 3
      vertex -5.50722 2.32681 3
    endloop
  endfacet
  facet normal -0 0 -1
    outer loop
      vertex -4.88545 3.63948 3
      vertex -5.5946 2.41118 3
      vertex -5.00606 3.66721 3
    endloop
  endfacet
  facet normal 0 0 -1
    outer loop
      vertex -5.67892 2.50177 3
      vertex -5.00606 3.66721 3
      vertex -5.5946 2.41118 3
    endloop
  endfacet
  facet normal -0 0 -1
    outer loop
      vertex -5.00606 3.66721 3
      vertex -5.67892 2.50177 3
      vertex -5.13011 3.6895 3
    endloop
  endfacet
  facet normal 0 0 -1
    outer loop
      vertex -5.76025 2.59805 3
      vertex -5.13011 3.6895 3
      vertex -5.67892 2.50177 3
    endloop
  endfacet
  facet normal -0 0 -1
    outer loop
      vertex -5.13011 3.6895 3
      vertex -5.80237 3.35 3
      vertex -5.25731 3.70653 3
    endloop
  endfacet
  facet normal -0 0 -1
    outer loop
      vertex -5.52008 3.7253 3
      vertex -5.57084 3.72232 3
      vertex -5.56823 3.72596 3
    endloop
  endfacet
  facet normal -0 0 -1
    outer loop
      vertex -5.38736 3.71844 3
      vertex -5.80237 3.35 3
      vertex -5.52008 3.7253 3
    endloop
  endfacet
  facet normal -0 0 -1
    outer loop
      vertex -5.25731 3.70653 3
      vertex -5.80237 3.35 3
      vertex -5.38736 3.71844 3
    endloop
  endfacet
  facet normal 0 0 -1
    outer loop
      vertex -5.13011 3.6895 3
      vertex -5.76025 2.59805 3
      vertex -5.80237 3.35 3
    endloop
  endfacet
  facet normal 0 0 -1
    outer loop
      vertex -5.52008 3.7253 3
      vertex -5.80237 3.35 3
      vertex -5.57084 3.72232 3
    endloop
  endfacet
  facet normal 0 0 -1
    outer loop
      vertex -5.83861 2.69969 3
      vertex -5.80237 3.35 3
      vertex -5.76025 2.59805 3
    endloop
  endfacet
  facet normal 0 0 -1
    outer loop
      vertex -5.91394 2.80637 3
      vertex -5.80237 3.35 3
      vertex -5.83861 2.69969 3
    endloop
  endfacet
  facet normal 0 0 -1
    outer loop
      vertex -5.98624 2.91788 3
      vertex -5.80237 3.35 3
      vertex -5.91394 2.80637 3
    endloop
  endfacet
  facet normal 0 0 -1
    outer loop
      vertex -5.98624 2.91788 3
      vertex -6.00904 2.96333 3
      vertex -5.80237 3.35 3
    endloop
  endfacet
  facet normal 0 -0 -1
    outer loop
      vertex -6.00904 2.96333 3
      vertex -5.98624 2.91788 3
      vertex -6.01089 2.95925 3
    endloop
  endfacet
  facet normal 0 0 -1
    outer loop
      vertex -4.39847 1.78815 3
      vertex -2.91014 1.9445 3
      vertex -3.23358 1.33939 3
    endloop
  endfacet
  facet normal 0 0 -1
    outer loop
      vertex -2.47487 2.47487 3
      vertex -3.35875 3.35875 3
      vertex -2.9151 3.7478 3
    endloop
  endfacet
  facet normal 0 0 -1
    outer loop
      vertex -4.39847 1.78815 3
      vertex -3.23358 1.33939 3
      vertex -3.43275 0.682816 3
    endloop
  endfacet
  facet normal 0 0 -1
    outer loop
      vertex -4.70325 -0.65065 3
      vertex -3.43275 -0.682816 3
      vertex -4.58813 -1.22939 3
    endloop
  endfacet
  facet normal 0 0 -1
    outer loop
      vertex -3.23358 -1.33939 3
      vertex -4.58813 -1.22939 3
      vertex -3.43275 -0.682816 3
    endloop
  endfacet
  facet normal 0 0 -1
    outer loop
      vertex -2.47487 2.47487 3
      vertex -3.7478 2.9151 3
      vertex -3.35875 3.35875 3
    endloop
  endfacet
  facet normal 0 0 -1
    outer loop
      vertex -3.5 0 3
      vertex -4.39847 1.78815 3
      vertex -3.43275 0.682816 3
    endloop
  endfacet
  facet normal 0 0 -1
    outer loop
      vertex -4.45039 -3.46159 3
      vertex -4.39847 -1.78815 3
      vertex -3.7478 -2.9151 3
    endloop
  endfacet
  facet normal 0 0 -1
    outer loop
      vertex -5.22302 -2.12335 3
      vertex -4.45039 -3.46159 3
      vertex -4.54938 -3.51915 3
    endloop
  endfacet
  facet normal 0 0 -1
    outer loop
      vertex -5.32236 -2.1803 3
      vertex -4.54938 -3.51915 3
      vertex -4.65636 -3.56621 3
    endloop
  endfacet
  facet normal 0 0 -1
    outer loop
      vertex -5.41661 -2.24942 3
      vertex -4.65636 -3.56621 3
      vertex -4.76869 -3.60599 3
    endloop
  endfacet
  facet normal 0 0 -1
    outer loop
      vertex -5.50722 -2.32681 3
      vertex -4.76869 -3.60599 3
      vertex -4.88545 -3.63948 3
    endloop
  endfacet
  facet normal 0 0 -1
    outer loop
      vertex -5.5946 -2.41118 3
      vertex -4.88545 -3.63948 3
      vertex -5.00606 -3.66721 3
    endloop
  endfacet
  facet normal 0 0 -1
    outer loop
      vertex -5.67892 -2.50177 3
      vertex -5.00606 -3.66721 3
      vertex -5.13011 -3.6895 3
    endloop
  endfacet
  facet normal 0 0 -1
    outer loop
      vertex -4.45039 -3.46159 3
      vertex -5.22302 -2.12335 3
      vertex -4.39847 -1.78815 3
    endloop
  endfacet
  facet normal 0 0 -1
    outer loop
      vertex -5.80237 -3.35 3
      vertex -5.13011 -3.6895 3
      vertex -5.25731 -3.70653 3
    endloop
  endfacet
  facet normal 0 0 -1
    outer loop
      vertex -4.54938 -3.51915 3
      vertex -5.32236 -2.1803 3
      vertex -5.22302 -2.12335 3
    endloop
  endfacet
  facet normal 0 0 -1
    outer loop
      vertex -5.80237 -3.35 3
      vertex -5.25731 -3.70653 3
      vertex -5.38736 -3.71844 3
    endloop
  endfacet
  facet normal 0 0 -1
    outer loop
      vertex -4.65636 -3.56621 3
      vertex -5.41661 -2.24942 3
      vertex -5.32236 -2.1803 3
    endloop
  endfacet
  facet normal 0 0 -1
    outer loop
      vertex -4.76869 -3.60599 3
      vertex -5.50722 -2.32681 3
      vertex -5.41661 -2.24942 3
    endloop
  endfacet
  facet normal 0 0 -1
    outer loop
      vertex -5.80237 -3.35 3
      vertex -5.38736 -3.71844 3
      vertex -5.52008 -3.7253 3
    endloop
  endfacet
  facet normal 0 0 -1
    outer loop
      vertex -5.57084 -3.72232 3
      vertex -5.52008 -3.7253 3
      vertex -5.56823 -3.72596 3
    endloop
  endfacet
  facet normal 0 0 -1
    outer loop
      vertex -5.80237 -3.35 3
      vertex -5.52008 -3.7253 3
      vertex -5.57084 -3.72232 3
    endloop
  endfacet
  facet normal 0 0 -1
    outer loop
      vertex -4.88545 -3.63948 3
      vertex -5.5946 -2.41118 3
      vertex -5.50722 -2.32681 3
    endloop
  endfacet
  facet normal 0 -0 -1
    outer loop
      vertex -5.76025 -2.59805 3
      vertex -5.13011 -3.6895 3
      vertex -5.80237 -3.35 3
    endloop
  endfacet
  facet normal 0 0 -1
    outer loop
      vertex -5.00606 -3.66721 3
      vertex -5.67892 -2.50177 3
      vertex -5.5946 -2.41118 3
    endloop
  endfacet
  facet normal 0 0 -1
    outer loop
      vertex -5.13011 -3.6895 3
      vertex -5.76025 -2.59805 3
      vertex -5.67892 -2.50177 3
    endloop
  endfacet
  facet normal 0 0 -1
    outer loop
      vertex -5.80237 -3.35 3
      vertex -5.83861 -2.69969 3
      vertex -5.76025 -2.59805 3
    endloop
  endfacet
  facet normal 0 0 -1
    outer loop
      vertex -5.80237 -3.35 3
      vertex -5.91394 -2.80637 3
      vertex -5.83861 -2.69969 3
    endloop
  endfacet
  facet normal 0 0 -1
    outer loop
      vertex -5.80237 -3.35 3
      vertex -5.98624 -2.91788 3
      vertex -5.91394 -2.80637 3
    endloop
  endfacet
  facet normal 0 0 -1
    outer loop
      vertex -6.00904 -2.96333 3
      vertex -5.98624 -2.91788 3
      vertex -5.80237 -3.35 3
    endloop
  endfacet
  facet normal 0 0 -1
    outer loop
      vertex -5.98624 -2.91788 3
      vertex -6.00904 -2.96333 3
      vertex -6.01089 -2.95925 3
    endloop
  endfacet
  facet normal 0 0 -1
    outer loop
      vertex 0.672867 -6.16899 3
      vertex -0.672867 -6.16899 3
      vertex -0.709152 -6.05067 3
    endloop
  endfacet
  facet normal 0 0 -1
    outer loop
      vertex 0.709152 -6.05067 3
      vertex -0.709152 -6.05067 3
      vertex -0.738525 -5.93282 3
    endloop
  endfacet
  facet normal 0 0 -1
    outer loop
      vertex -0.77298 -5.69946 3
      vertex 0.760254 -5.81564 3
      vertex -0.760254 -5.81564 3
    endloop
  endfacet
  facet normal 0 0 -1
    outer loop
      vertex 0.77298 -5.69946 3
      vertex -0.77298 -5.69946 3
      vertex 0.772629 -5.58496 3
    endloop
  endfacet
  facet normal -0 0 -1
    outer loop
      vertex 0.65065 -4.70325 3
      vertex -0.772629 -5.58496 3
      vertex -0.65065 -4.70325 3
    endloop
  endfacet
  facet normal -0 0 -1
    outer loop
      vertex 0.772629 -5.58496 3
      vertex -0.77298 -5.69946 3
      vertex -0.772629 -5.58496 3
    endloop
  endfacet
  facet normal 0 0 -1
    outer loop
      vertex 0.772629 5.58496 3
      vertex 0.760254 5.81564 3
      vertex 0.77298 5.69946 3
    endloop
  endfacet
  facet normal 0 0 -1
    outer loop
      vertex 0.772629 5.58496 3
      vertex 0.738525 5.93282 3
      vertex 0.760254 5.81564 3
    endloop
  endfacet
  facet normal 0 0 -1
    outer loop
      vertex 0.772629 5.58496 3
      vertex 0.709152 6.05067 3
      vertex 0.738525 5.93282 3
    endloop
  endfacet
  facet normal 0 0 -1
    outer loop
      vertex 0.772629 5.58496 3
      vertex 0.672867 6.16899 3
      vertex 0.709152 6.05067 3
    endloop
  endfacet
  facet normal 0 0 -1
    outer loop
      vertex -0.772629 5.58496 3
      vertex 0.772629 5.58496 3
      vertex 0.65065 4.70325 3
    endloop
  endfacet
  facet normal 0 0 -1
    outer loop
      vertex 0.772629 5.58496 3
      vertex 0.630142 6.28757 3
      vertex 0.672867 6.16899 3
    endloop
  endfacet
  facet normal 0 0 -1
    outer loop
      vertex 0 6.7 3
      vertex -0.630142 6.28757 3
      vertex -0.581299 6.40623 3
    endloop
  endfacet
  facet normal 0 0 -1
    outer loop
      vertex 0 6.7 3
      vertex -0.672867 6.16899 3
      vertex -0.630142 6.28757 3
    endloop
  endfacet
  facet normal 0 0 -1
    outer loop
      vertex 0.581299 6.40623 3
      vertex 0 6.7 3
      vertex 0.526581 6.52483 3
    endloop
  endfacet
  facet normal 0 0 -1
    outer loop
      vertex 0.466156 6.64319 3
      vertex 0 6.7 3
      vertex 0.4382 6.68565 3
    endloop
  endfacet
  facet normal 0 0 -1
    outer loop
      vertex 0.526581 6.52483 3
      vertex 0 6.7 3
      vertex 0.466156 6.64319 3
    endloop
  endfacet
  facet normal 0 -0 -1
    outer loop
      vertex -0.709152 6.05067 3
      vertex 0.772629 5.58496 3
      vertex -0.738525 5.93282 3
    endloop
  endfacet
  facet normal 0 0 -1
    outer loop
      vertex -3.7478 -2.9151 3
      vertex -2.47487 -2.47487 3
      vertex -3.35875 -3.35875 3
    endloop
  endfacet
  facet normal -0 0 -1
    outer loop
      vertex -2.47487 -2.47487 3
      vertex -3.7478 -2.9151 3
      vertex -2.91014 -1.9445 3
    endloop
  endfacet
  facet normal 0 0 -1
    outer loop
      vertex -4.39847 -1.78815 3
      vertex -2.91014 -1.9445 3
      vertex -3.7478 -2.9151 3
    endloop
  endfacet
  facet normal 0 0 -1
    outer loop
      vertex -2.91014 -1.9445 3
      vertex -4.39847 -1.78815 3
      vertex -3.23358 -1.33939 3
    endloop
  endfacet
  facet normal 0 0 -1
    outer loop
      vertex -4.58813 -1.22939 3
      vertex -3.23358 -1.33939 3
      vertex -4.39847 -1.78815 3
    endloop
  endfacet
  facet normal 0 0 1
    outer loop
      vertex -0.77298 5.69946 10
      vertex 0.77298 5.69946 10
      vertex 0.760254 5.81564 10
    endloop
  endfacet
  facet normal 0 0 1
    outer loop
      vertex -0.760254 5.81564 10
      vertex 0.760254 5.81564 10
      vertex 0.738525 5.93282 10
    endloop
  endfacet
  facet normal 0 0 1
    outer loop
      vertex -0.738525 5.93282 10
      vertex 0.738525 5.93282 10
      vertex 0.709152 6.05067 10
    endloop
  endfacet
  facet normal 0 0 1
    outer loop
      vertex -0.709152 6.05067 10
      vertex 0.709152 6.05067 10
      vertex 0.672867 6.16899 10
    endloop
  endfacet
  facet normal 0 0 1
    outer loop
      vertex 0.738525 5.93282 10
      vertex -0.738525 5.93282 10
      vertex -0.760254 5.81564 10
    endloop
  endfacet
  facet normal 0 0 1
    outer loop
      vertex -0.672867 6.16899 10
      vertex 0.672867 6.16899 10
      vertex 0.630142 6.28757 10
    endloop
  endfacet
  facet normal 0 0 1
    outer loop
      vertex 3.72232 5.57084 10
      vertex 3.7253 5.52008 10
      vertex 3.72596 5.56823 10
    endloop
  endfacet
  facet normal 0 0 1
    outer loop
      vertex 3.35 5.80237 10
      vertex 3.7253 5.52008 10
      vertex 3.72232 5.57084 10
    endloop
  endfacet
  facet normal 0 0 1
    outer loop
      vertex 3.7253 5.52008 10
      vertex 3.35 5.80237 10
      vertex 3.71844 5.38736 10
    endloop
  endfacet
  facet normal 0 0 1
    outer loop
      vertex 3.71844 5.38736 10
      vertex 3.35 5.80237 10
      vertex 3.70653 5.25731 10
    endloop
  endfacet
  facet normal 0 0 1
    outer loop
      vertex 3.70653 5.25731 10
      vertex 3.35 5.80237 10
      vertex 3.6895 5.13011 10
    endloop
  endfacet
  facet normal -0 0 1
    outer loop
      vertex 2.59805 5.76025 10
      vertex 3.6895 5.13011 10
      vertex 3.35 5.80237 10
    endloop
  endfacet
  facet normal 0 0 1
    outer loop
      vertex 3.6895 5.13011 10
      vertex 2.59805 5.76025 10
      vertex 3.66721 5.00606 10
    endloop
  endfacet
  facet normal -0 0 1
    outer loop
      vertex 2.50177 5.67892 10
      vertex 3.66721 5.00606 10
      vertex 2.59805 5.76025 10
    endloop
  endfacet
  facet normal -0 0 1
    outer loop
      vertex 2.41118 5.5946 10
      vertex 3.63948 4.88545 10
      vertex 2.50177 5.67892 10
    endloop
  endfacet
  facet normal 0 0 1
    outer loop
      vertex 3.63948 4.88545 10
      vertex 2.41118 5.5946 10
      vertex 3.60599 4.76869 10
    endloop
  endfacet
  facet normal -0 0 1
    outer loop
      vertex 2.32681 5.50722 10
      vertex 3.60599 4.76869 10
      vertex 2.41118 5.5946 10
    endloop
  endfacet
  facet normal -0 0 1
    outer loop
      vertex 2.91788 5.98624 10
      vertex 3.35 5.80237 10
      vertex 2.96333 6.00904 10
    endloop
  endfacet
  facet normal 0 0 1
    outer loop
      vertex 2.91788 5.98624 10
      vertex 2.96333 6.00904 10
      vertex 2.95925 6.01089 10
    endloop
  endfacet
  facet normal -0 0 1
    outer loop
      vertex 2.80637 5.91394 10
      vertex 3.35 5.80237 10
      vertex 2.91788 5.98624 10
    endloop
  endfacet
  facet normal -0 0 1
    outer loop
      vertex 2.69969 5.83861 10
      vertex 3.35 5.80237 10
      vertex 2.80637 5.91394 10
    endloop
  endfacet
  facet normal 0 0 1
    outer loop
      vertex 3.66721 5.00606 10
      vertex 2.50177 5.67892 10
      vertex 3.63948 4.88545 10
    endloop
  endfacet
  facet normal 0 0 1
    outer loop
      vertex 2.59805 5.76025 10
      vertex 3.35 5.80237 10
      vertex 2.69969 5.83861 10
    endloop
  endfacet
  facet normal 0 0 1
    outer loop
      vertex 6.00904 2.96333 10
      vertex 5.98624 2.91788 10
      vertex 6.01089 2.95925 10
    endloop
  endfacet
  facet normal 0 0 1
    outer loop
      vertex 5.80237 3.35 10
      vertex 5.98624 2.91788 10
      vertex 6.00904 2.96333 10
    endloop
  endfacet
  facet normal 0 0 1
    outer loop
      vertex 5.98624 2.91788 10
      vertex 5.80237 3.35 10
      vertex 5.91394 2.80637 10
    endloop
  endfacet
  facet normal 0 0 1
    outer loop
      vertex 5.91394 2.80637 10
      vertex 5.80237 3.35 10
      vertex 5.83861 2.69969 10
    endloop
  endfacet
  facet normal 0 0 1
    outer loop
      vertex 5.80237 3.35 10
      vertex 5.76025 2.59805 10
      vertex 5.83861 2.69969 10
    endloop
  endfacet
  facet normal 0 0 1
    outer loop
      vertex 5.13011 3.6895 10
      vertex 5.76025 2.59805 10
      vertex 5.80237 3.35 10
    endloop
  endfacet
  facet normal 0 0 1
    outer loop
      vertex 5.76025 2.59805 10
      vertex 5.13011 3.6895 10
      vertex 5.67892 2.50177 10
    endloop
  endfacet
  facet normal 0 0 1
    outer loop
      vertex 5.52008 3.7253 10
      vertex 5.80237 3.35 10
      vertex 5.57084 3.72232 10
    endloop
  endfacet
  facet normal -0 0 1
    outer loop
      vertex 5.52008 3.7253 10
      vertex 5.57084 3.72232 10
      vertex 5.56823 3.72596 10
    endloop
  endfacet
  facet normal -0 0 1
    outer loop
      vertex 5.38736 3.71844 10
      vertex 5.80237 3.35 10
      vertex 5.52008 3.7253 10
    endloop
  endfacet
  facet normal -0 0 1
    outer loop
      vertex 5.25731 3.70653 10
      vertex 5.80237 3.35 10
      vertex 5.38736 3.71844 10
    endloop
  endfacet
  facet normal -0 0 1
    outer loop
      vertex 5.13011 3.6895 10
      vertex 5.80237 3.35 10
      vertex 5.25731 3.70653 10
    endloop
  endfacet
  facet normal -0 0 1
    outer loop
      vertex 5.00606 3.66721 10
      vertex 5.67892 2.50177 10
      vertex 5.13011 3.6895 10
    endloop
  endfacet
  facet normal 0 0 1
    outer loop
      vertex 5.67892 2.50177 10
      vertex 5.00606 3.66721 10
      vertex 5.5946 2.41118 10
    endloop
  endfacet
  facet normal -0 0 1
    outer loop
      vertex 4.88545 3.63948 10
      vertex 5.5946 2.41118 10
      vertex 5.00606 3.66721 10
    endloop
  endfacet
  facet normal 0 0 1
    outer loop
      vertex 5.5946 2.41118 10
      vertex 4.88545 3.63948 10
      vertex 5.50722 2.32681 10
    endloop
  endfacet
  facet normal -0 0 1
    outer loop
      vertex 4.76869 3.60599 10
      vertex 5.50722 2.32681 10
      vertex 4.88545 3.63948 10
    endloop
  endfacet
  facet normal 0 0 1
    outer loop
      vertex 5.50722 2.32681 10
      vertex 4.76869 3.60599 10
      vertex 5.41661 2.24942 10
    endloop
  endfacet
  facet normal -0 0 1
    outer loop
      vertex 4.65636 3.56621 10
      vertex 5.41661 2.24942 10
      vertex 4.76869 3.60599 10
    endloop
  endfacet
  facet normal 0 0 1
    outer loop
      vertex 5.41661 2.24942 10
      vertex 4.65636 3.56621 10
      vertex 5.32236 2.1803 10
    endloop
  endfacet
  facet normal -0 0 1
    outer loop
      vertex 4.54938 3.51915 10
      vertex 5.32236 2.1803 10
      vertex 4.65636 3.56621 10
    endloop
  endfacet
  facet normal 0 0 1
    outer loop
      vertex 5.32236 2.1803 10
      vertex 4.54938 3.51915 10
      vertex 5.22302 2.12335 10
    endloop
  endfacet
  facet normal -0 0 1
    outer loop
      vertex 4.45039 3.46159 10
      vertex 5.22302 2.12335 10
      vertex 4.54938 3.51915 10
    endloop
  endfacet
  facet normal 0 0 1
    outer loop
      vertex 4.45039 3.46159 10
      vertex 4.39847 1.78815 10
      vertex 5.22302 2.12335 10
    endloop
  endfacet
  facet normal 0 0 1
    outer loop
      vertex 4.39847 1.78815 10
      vertex 3.7478 2.9151 10
      vertex 4.39847 -1.78815 10
    endloop
  endfacet
  facet normal -0 0 1
    outer loop
      vertex 3.7478 2.9151 10
      vertex 4.39847 1.78815 10
      vertex 4.45039 3.46159 10
    endloop
  endfacet
  facet normal 0 0 1
    outer loop
      vertex 6.64319 0.466156 10
      vertex 6.7 0 10
      vertex 6.68565 0.4382 10
    endloop
  endfacet
  facet normal 0 0 1
    outer loop
      vertex 6.64319 0.466156 10
      vertex 6.68565 0.4382 10
      vertex 6.68521 0.442664 10
    endloop
  endfacet
  facet normal 0 0 1
    outer loop
      vertex 6.52483 0.526581 10
      vertex 6.7 0 10
      vertex 6.64319 0.466156 10
    endloop
  endfacet
  facet normal 0 0 1
    outer loop
      vertex 6.7 0 10
      vertex 6.64319 -0.466156 10
      vertex 6.68565 -0.4382 10
    endloop
  endfacet
  facet normal 0 0 1
    outer loop
      vertex 6.68565 -0.4382 10
      vertex 6.64319 -0.466156 10
      vertex 6.68521 -0.442664 10
    endloop
  endfacet
  facet normal 0 0 1
    outer loop
      vertex 6.40623 0.581299 10
      vertex 6.7 0 10
      vertex 6.52483 0.526581 10
    endloop
  endfacet
  facet normal 0 0 1
    outer loop
      vertex 6.7 0 10
      vertex 6.52483 -0.526581 10
      vertex 6.64319 -0.466156 10
    endloop
  endfacet
  facet normal 0 0 1
    outer loop
      vertex 6.28757 0.630142 10
      vertex 6.7 0 10
      vertex 6.40623 0.581299 10
    endloop
  endfacet
  facet normal 0 0 1
    outer loop
      vertex 6.7 0 10
      vertex 6.40623 -0.581299 10
      vertex 6.52483 -0.526581 10
    endloop
  endfacet
  facet normal 0 0 1
    outer loop
      vertex 6.28757 -0.630142 10
      vertex 6.7 0 10
      vertex 6.28757 0.630142 10
    endloop
  endfacet
  facet normal 0 0 1
    outer loop
      vertex 6.7 0 10
      vertex 6.28757 -0.630142 10
      vertex 6.40623 -0.581299 10
    endloop
  endfacet
  facet normal 0 0 1
    outer loop
      vertex 6.16899 0.672867 10
      vertex 6.28757 -0.630142 10
      vertex 6.28757 0.630142 10
    endloop
  endfacet
  facet normal 0 0 1
    outer loop
      vertex 6.16899 0.672867 10
      vertex 6.16899 -0.672867 10
      vertex 6.28757 -0.630142 10
    endloop
  endfacet
  facet normal 0 0 1
    outer loop
      vertex 6.05067 0.709152 10
      vertex 6.16899 -0.672867 10
      vertex 6.16899 0.672867 10
    endloop
  endfacet
  facet normal 0 0 1
    outer loop
      vertex 6.05067 0.709152 10
      vertex 6.05067 -0.709152 10
      vertex 6.16899 -0.672867 10
    endloop
  endfacet
  facet normal 0 0 1
    outer loop
      vertex 5.93282 0.738525 10
      vertex 6.05067 -0.709152 10
      vertex 6.05067 0.709152 10
    endloop
  endfacet
  facet normal 0 0 1
    outer loop
      vertex 5.93282 0.738525 10
      vertex 5.93282 -0.738525 10
      vertex 6.05067 -0.709152 10
    endloop
  endfacet
  facet normal 0 0 1
    outer loop
      vertex 5.81564 0.760254 10
      vertex 5.93282 -0.738525 10
      vertex 5.93282 0.738525 10
    endloop
  endfacet
  facet normal 0 0 1
    outer loop
      vertex 5.81564 0.760254 10
      vertex 5.81564 -0.760254 10
      vertex 5.93282 -0.738525 10
    endloop
  endfacet
  facet normal 0 0 1
    outer loop
      vertex 5.69946 0.77298 10
      vertex 5.81564 -0.760254 10
      vertex 5.81564 0.760254 10
    endloop
  endfacet
  facet normal 0 0 1
    outer loop
      vertex 5.69946 0.77298 10
      vertex 5.69946 -0.77298 10
      vertex 5.81564 -0.760254 10
    endloop
  endfacet
  facet normal -0 0 1
    outer loop
      vertex 5.58496 0.772629 10
      vertex 5.69946 -0.77298 10
      vertex 5.69946 0.77298 10
    endloop
  endfacet
  facet normal 0 0 1
    outer loop
      vertex 5.58496 0.772629 10
      vertex 5.58496 -0.772629 10
      vertex 5.69946 -0.77298 10
    endloop
  endfacet
  facet normal -0 0 1
    outer loop
      vertex 4.70325 0.65065 10
      vertex 5.58496 -0.772629 10
      vertex 5.58496 0.772629 10
    endloop
  endfacet
  facet normal 0 0 1
    outer loop
      vertex 4.70325 0.65065 10
      vertex 4.70325 -0.65065 10
      vertex 5.58496 -0.772629 10
    endloop
  endfacet
  facet normal 0 0 1
    outer loop
      vertex 4.58813 1.22939 10
      vertex 4.70325 -0.65065 10
      vertex 4.70325 0.65065 10
    endloop
  endfacet
  facet normal 0 0 1
    outer loop
      vertex 4.58813 1.22939 10
      vertex 4.58813 -1.22939 10
      vertex 4.70325 -0.65065 10
    endloop
  endfacet
  facet normal 0 0 1
    outer loop
      vertex 4.39847 1.78815 10
      vertex 4.58813 -1.22939 10
      vertex 4.58813 1.22939 10
    endloop
  endfacet
  facet normal 0 0 1
    outer loop
      vertex 4.58813 -1.22939 10
      vertex 4.39847 1.78815 10
      vertex 4.39847 -1.78815 10
    endloop
  endfacet
  facet normal 0 0 1
    outer loop
      vertex 5.98624 -2.91788 10
      vertex 6.00904 -2.96333 10
      vertex 6.01089 -2.95925 10
    endloop
  endfacet
  facet normal 0 0 1
    outer loop
      vertex 5.80237 -3.35 10
      vertex 5.98624 -2.91788 10
      vertex 5.91394 -2.80637 10
    endloop
  endfacet
  facet normal 0 0 1
    outer loop
      vertex 5.80237 -3.35 10
      vertex 5.91394 -2.80637 10
      vertex 5.83861 -2.69969 10
    endloop
  endfacet
  facet normal 0 0 1
    outer loop
      vertex 5.98624 -2.91788 10
      vertex 5.80237 -3.35 10
      vertex 6.00904 -2.96333 10
    endloop
  endfacet
  facet normal 0 0 1
    outer loop
      vertex 5.76025 -2.59805 10
      vertex 5.80237 -3.35 10
      vertex 5.83861 -2.69969 10
    endloop
  endfacet
  facet normal 0 0 1
    outer loop
      vertex 5.13011 -3.6895 10
      vertex 5.76025 -2.59805 10
      vertex 5.67892 -2.50177 10
    endloop
  endfacet
  facet normal 0 0 1
    outer loop
      vertex 5.00606 -3.66721 10
      vertex 5.67892 -2.50177 10
      vertex 5.5946 -2.41118 10
    endloop
  endfacet
  facet normal 0 0 1
    outer loop
      vertex 5.76025 -2.59805 10
      vertex 5.13011 -3.6895 10
      vertex 5.80237 -3.35 10
    endloop
  endfacet
  facet normal 0 0 1
    outer loop
      vertex 5.80237 -3.35 10
      vertex 5.52008 -3.7253 10
      vertex 5.57084 -3.72232 10
    endloop
  endfacet
  facet normal 0 0 1
    outer loop
      vertex 5.57084 -3.72232 10
      vertex 5.52008 -3.7253 10
      vertex 5.56823 -3.72596 10
    endloop
  endfacet
  facet normal 0 0 1
    outer loop
      vertex 4.88545 -3.63948 10
      vertex 5.5946 -2.41118 10
      vertex 5.50722 -2.32681 10
    endloop
  endfacet
  facet normal 0 0 1
    outer loop
      vertex 4.76869 -3.60599 10
      vertex 5.50722 -2.32681 10
      vertex 5.41661 -2.24942 10
    endloop
  endfacet
  facet normal 0 0 1
    outer loop
      vertex 5.80237 -3.35 10
      vertex 5.38736 -3.71844 10
      vertex 5.52008 -3.7253 10
    endloop
  endfacet
  facet normal 0 0 1
    outer loop
      vertex 4.65636 -3.56621 10
      vertex 5.41661 -2.24942 10
      vertex 5.32236 -2.1803 10
    endloop
  endfacet
  facet normal 0 0 1
    outer loop
      vertex 5.80237 -3.35 10
      vertex 5.25731 -3.70653 10
      vertex 5.38736 -3.71844 10
    endloop
  endfacet
  facet normal 0 0 1
    outer loop
      vertex 4.54938 -3.51915 10
      vertex 5.32236 -2.1803 10
      vertex 5.22302 -2.12335 10
    endloop
  endfacet
  facet normal 0 0 1
    outer loop
      vertex 5.80237 -3.35 10
      vertex 5.13011 -3.6895 10
      vertex 5.25731 -3.70653 10
    endloop
  endfacet
  facet normal 0 0 1
    outer loop
      vertex 5.67892 -2.50177 10
      vertex 5.00606 -3.66721 10
      vertex 5.13011 -3.6895 10
    endloop
  endfacet
  facet normal 0 0 1
    outer loop
      vertex 5.5946 -2.41118 10
      vertex 4.88545 -3.63948 10
      vertex 5.00606 -3.66721 10
    endloop
  endfacet
  facet normal 0 0 1
    outer loop
      vertex 5.50722 -2.32681 10
      vertex 4.76869 -3.60599 10
      vertex 4.88545 -3.63948 10
    endloop
  endfacet
  facet normal 0 0 1
    outer loop
      vertex 5.41661 -2.24942 10
      vertex 4.65636 -3.56621 10
      vertex 4.76869 -3.60599 10
    endloop
  endfacet
  facet normal 0 0 1
    outer loop
      vertex 5.32236 -2.1803 10
      vertex 4.54938 -3.51915 10
      vertex 4.65636 -3.56621 10
    endloop
  endfacet
  facet normal 0 0 1
    outer loop
      vertex 5.22302 -2.12335 10
      vertex 4.45039 -3.46159 10
      vertex 4.54938 -3.51915 10
    endloop
  endfacet
  facet normal 0 0 1
    outer loop
      vertex 4.39847 -1.78815 10
      vertex 4.45039 -3.46159 10
      vertex 5.22302 -2.12335 10
    endloop
  endfacet
  facet normal 0 0 1
    outer loop
      vertex 3.7478 -2.9151 10
      vertex 4.39847 -1.78815 10
      vertex 3.7478 2.9151 10
    endloop
  endfacet
  facet normal 0 0 1
    outer loop
      vertex 4.39847 -1.78815 10
      vertex 3.7478 -2.9151 10
      vertex 4.45039 -3.46159 10
    endloop
  endfacet
  facet normal 0 0 1
    outer loop
      vertex 3.35875 3.35875 10
      vertex 3.7478 -2.9151 10
      vertex 3.7478 2.9151 10
    endloop
  endfacet
  facet normal 0 0 1
    outer loop
      vertex 3.35875 3.35875 10
      vertex 3.35875 -3.35875 10
      vertex 3.7478 -2.9151 10
    endloop
  endfacet
  facet normal 0 0 1
    outer loop
      vertex 2.9151 3.7478 10
      vertex 3.35875 -3.35875 10
      vertex 3.35875 3.35875 10
    endloop
  endfacet
  facet normal 0 0 1
    outer loop
      vertex 3.35875 -3.35875 10
      vertex 2.9151 3.7478 10
      vertex 2.9151 -3.7478 10
    endloop
  endfacet
  facet normal 0 0 1
    outer loop
      vertex 3.7253 -5.52008 10
      vertex 3.72232 -5.57084 10
      vertex 3.72596 -5.56823 10
    endloop
  endfacet
  facet normal 0 0 1
    outer loop
      vertex 3.35 -5.80237 10
      vertex 3.7253 -5.52008 10
      vertex 3.71844 -5.38736 10
    endloop
  endfacet
  facet normal 0 0 1
    outer loop
      vertex 3.35 -5.80237 10
      vertex 3.71844 -5.38736 10
      vertex 3.70653 -5.25731 10
    endloop
  endfacet
  facet normal 0 0 1
    outer loop
      vertex 3.35 -5.80237 10
      vertex 3.70653 -5.25731 10
      vertex 3.6895 -5.13011 10
    endloop
  endfacet
  facet normal 0 0 1
    outer loop
      vertex 2.59805 -5.76025 10
      vertex 3.6895 -5.13011 10
      vertex 3.66721 -5.00606 10
    endloop
  endfacet
  facet normal 0 0 1
    outer loop
      vertex 2.50177 -5.67892 10
      vertex 3.66721 -5.00606 10
      vertex 3.63948 -4.88545 10
    endloop
  endfacet
  facet normal 0 0 1
    outer loop
      vertex 2.41118 -5.5946 10
      vertex 3.63948 -4.88545 10
      vertex 3.60599 -4.76869 10
    endloop
  endfacet
  facet normal 0 0 1
    outer loop
      vertex 2.32681 -5.50722 10
      vertex 3.60599 -4.76869 10
      vertex 3.56621 -4.65636 10
    endloop
  endfacet
  facet normal 0 0 1
    outer loop
      vertex 2.24942 -5.41661 10
      vertex 3.56621 -4.65636 10
      vertex 3.51915 -4.54938 10
    endloop
  endfacet
  facet normal 0 0 1
    outer loop
      vertex 2.1803 -5.32236 10
      vertex 3.51915 -4.54938 10
      vertex 3.46159 -4.45039 10
    endloop
  endfacet
  facet normal 0 0 1
    outer loop
      vertex 3.7253 -5.52008 10
      vertex 3.35 -5.80237 10
      vertex 3.72232 -5.57084 10
    endloop
  endfacet
  facet normal 0 0 1
    outer loop
      vertex 3.66721 -5.00606 10
      vertex 2.50177 -5.67892 10
      vertex 2.59805 -5.76025 10
    endloop
  endfacet
  facet normal 0 0 1
    outer loop
      vertex 3.35 -5.80237 10
      vertex 2.91788 -5.98624 10
      vertex 2.96333 -6.00904 10
    endloop
  endfacet
  facet normal 0 0 1
    outer loop
      vertex 2.96333 -6.00904 10
      vertex 2.91788 -5.98624 10
      vertex 2.95925 -6.01089 10
    endloop
  endfacet
  facet normal 0 0 1
    outer loop
      vertex 2.12335 -5.22302 10
      vertex 3.46159 -4.45039 10
      vertex 2.9151 -3.7478 10
    endloop
  endfacet
  facet normal 0 -0 1
    outer loop
      vertex 1.475 0 10
      vertex 2.9151 3.7478 10
      vertex 1.46238 0.192526 10
    endloop
  endfacet
  facet normal -0 0 1
    outer loop
      vertex 1.46238 -0.192526 10
      vertex 2.9151 -3.7478 10
      vertex 1.475 0 10
    endloop
  endfacet
  facet normal 0 0 1
    outer loop
      vertex 3.60599 4.76869 10
      vertex 2.32681 5.50722 10
      vertex 3.56621 4.65636 10
    endloop
  endfacet
  facet normal -0 0 1
    outer loop
      vertex 1.42474 -0.381758 10
      vertex 2.9151 -3.7478 10
      vertex 1.46238 -0.192526 10
    endloop
  endfacet
  facet normal -0 0 1
    outer loop
      vertex 2.24942 5.41661 10
      vertex 3.56621 4.65636 10
      vertex 2.32681 5.50722 10
    endloop
  endfacet
  facet normal -0 0 1
    outer loop
      vertex 1.36272 -0.564458 10
      vertex 2.9151 -3.7478 10
      vertex 1.42474 -0.381758 10
    endloop
  endfacet
  facet normal 0 0 1
    outer loop
      vertex 3.56621 4.65636 10
      vertex 2.24942 5.41661 10
      vertex 3.51915 4.54938 10
    endloop
  endfacet
  facet normal 0 -0 1
    outer loop
      vertex 2.12335 -5.22302 10
      vertex 2.9151 -3.7478 10
      vertex 1.78815 -4.39847 10
    endloop
  endfacet
  facet normal -0 0 1
    outer loop
      vertex 2.1803 5.32236 10
      vertex 3.51915 4.54938 10
      vertex 2.24942 5.41661 10
    endloop
  endfacet
  facet normal 0 0 1
    outer loop
      vertex 3.35 -5.80237 10
      vertex 2.80637 -5.91394 10
      vertex 2.91788 -5.98624 10
    endloop
  endfacet
  facet normal 0 0 1
    outer loop
      vertex 3.51915 4.54938 10
      vertex 2.1803 5.32236 10
      vertex 3.46159 4.45039 10
    endloop
  endfacet
  facet normal 0 0 1
    outer loop
      vertex 3.35 -5.80237 10
      vertex 2.69969 -5.83861 10
      vertex 2.80637 -5.91394 10
    endloop
  endfacet
  facet normal 0 0 1
    outer loop
      vertex 3.46159 4.45039 10
      vertex 2.12335 5.22302 10
      vertex 2.9151 3.7478 10
    endloop
  endfacet
  facet normal 0 -0 1
    outer loop
      vertex 2.1803 -5.32236 10
      vertex 3.46159 -4.45039 10
      vertex 2.12335 -5.22302 10
    endloop
  endfacet
  facet normal 0 0 1
    outer loop
      vertex 3.46159 4.45039 10
      vertex 2.1803 5.32236 10
      vertex 2.12335 5.22302 10
    endloop
  endfacet
  facet normal 0 0 1
    outer loop
      vertex 3.35 -5.80237 10
      vertex 2.59805 -5.76025 10
      vertex 2.69969 -5.83861 10
    endloop
  endfacet
  facet normal 0 0 1
    outer loop
      vertex 2.9151 3.7478 10
      vertex 2.12335 5.22302 10
      vertex 1.78815 4.39847 10
    endloop
  endfacet
  facet normal 0 0 1
    outer loop
      vertex 3.63948 -4.88545 10
      vertex 2.41118 -5.5946 10
      vertex 2.50177 -5.67892 10
    endloop
  endfacet
  facet normal 0 0 1
    outer loop
      vertex 1.1026 0.974999 10
      vertex 2.9151 3.7478 10
      vertex 1.78815 4.39847 10
    endloop
  endfacet
  facet normal 0 0 1
    outer loop
      vertex 3.60599 -4.76869 10
      vertex 2.32681 -5.50722 10
      vertex 2.41118 -5.5946 10
    endloop
  endfacet
  facet normal 0 0 1
    outer loop
      vertex 3.56621 -4.65636 10
      vertex 2.24942 -5.41661 10
      vertex 2.32681 -5.50722 10
    endloop
  endfacet
  facet normal 0 0 1
    outer loop
      vertex 2.9151 3.7478 10
      vertex 1.475 0 10
      vertex 2.9151 -3.7478 10
    endloop
  endfacet
  facet normal 0 0 1
    outer loop
      vertex 2.9151 3.7478 10
      vertex 1.42474 0.381758 10
      vertex 1.46238 0.192526 10
    endloop
  endfacet
  facet normal 0 0 1
    outer loop
      vertex 2.9151 3.7478 10
      vertex 1.36272 0.564458 10
      vertex 1.42474 0.381758 10
    endloop
  endfacet
  facet normal 0 0 1
    outer loop
      vertex 2.9151 3.7478 10
      vertex 1.27739 0.737499 10
      vertex 1.36272 0.564458 10
    endloop
  endfacet
  facet normal 0 0 1
    outer loop
      vertex 1.1026 0.974999 10
      vertex 1.78815 4.39847 10
      vertex 1.22939 4.58813 10
    endloop
  endfacet
  facet normal 0 0 1
    outer loop
      vertex 2.9151 3.7478 10
      vertex 1.1702 0.897923 10
      vertex 1.27739 0.737499 10
    endloop
  endfacet
  facet normal 0 0 1
    outer loop
      vertex 2.9151 3.7478 10
      vertex 1.1026 0.974999 10
      vertex 1.1702 0.897923 10
    endloop
  endfacet
  facet normal 0 0 1
    outer loop
      vertex 0.65065 4.70325 10
      vertex 1.1026 0.974999 10
      vertex 1.22939 4.58813 10
    endloop
  endfacet
  facet normal 0 0 1
    outer loop
      vertex 0 6.7 10
      vertex 0.630142 6.28757 10
      vertex 0.581299 6.40623 10
    endloop
  endfacet
  facet normal 0 0 1
    outer loop
      vertex 0 6.7 10
      vertex 0.581299 6.40623 10
      vertex 0.526581 6.52483 10
    endloop
  endfacet
  facet normal 0 0 1
    outer loop
      vertex 0 6.7 10
      vertex 0.526581 6.52483 10
      vertex 0.466156 6.64319 10
    endloop
  endfacet
  facet normal 0 0 1
    outer loop
      vertex 0.4382 6.68565 10
      vertex 0.466156 6.64319 10
      vertex 0.442664 6.68521 10
    endloop
  endfacet
  facet normal 0 0 1
    outer loop
      vertex 0 6.7 10
      vertex 0.466156 6.64319 10
      vertex 0.4382 6.68565 10
    endloop
  endfacet
  facet normal 0 0 1
    outer loop
      vertex -0.630142 6.28757 10
      vertex 0.630142 6.28757 10
      vertex 0 6.7 10
    endloop
  endfacet
  facet normal 0 0 1
    outer loop
      vertex 0.77298 5.69946 10
      vertex -0.77298 5.69946 10
      vertex 0.772629 5.58496 10
    endloop
  endfacet
  facet normal 0 0 1
    outer loop
      vertex -0.466156 6.64319 10
      vertex 0 6.7 10
      vertex -0.4382 6.68565 10
    endloop
  endfacet
  facet normal 0 0 1
    outer loop
      vertex -0.466156 6.64319 10
      vertex -0.4382 6.68565 10
      vertex -0.442664 6.68521 10
    endloop
  endfacet
  facet normal 0 0 1
    outer loop
      vertex 0 6.7 10
      vertex -0.466156 6.64319 10
      vertex -0.526581 6.52483 10
    endloop
  endfacet
  facet normal 0 0 1
    outer loop
      vertex -0.581299 6.40623 10
      vertex 0 6.7 10
      vertex -0.526581 6.52483 10
    endloop
  endfacet
  facet normal 0 0 1
    outer loop
      vertex -0.630142 6.28757 10
      vertex 0 6.7 10
      vertex -0.581299 6.40623 10
    endloop
  endfacet
  facet normal 0 0 1
    outer loop
      vertex 0.630142 6.28757 10
      vertex -0.630142 6.28757 10
      vertex -0.672867 6.16899 10
    endloop
  endfacet
  facet normal 0 0 1
    outer loop
      vertex 0.65065 4.70325 10
      vertex -0.65065 4.70325 10
      vertex 1.1026 0.974999 10
    endloop
  endfacet
  facet normal 0 0 1
    outer loop
      vertex -0.65065 4.70325 10
      vertex -1.1026 0.974999 10
      vertex 1.1026 0.974999 10
    endloop
  endfacet
  facet normal -0 0 1
    outer loop
      vertex -1.22939 4.58813 10
      vertex -1.1026 0.974999 10
      vertex -0.65065 4.70325 10
    endloop
  endfacet
  facet normal -0 0 1
    outer loop
      vertex -1.78815 4.39847 10
      vertex -1.1026 0.974999 10
      vertex -1.22939 4.58813 10
    endloop
  endfacet
  facet normal -0 0 1
    outer loop
      vertex -2.9151 3.7478 10
      vertex -1.1026 0.974999 10
      vertex -1.78815 4.39847 10
    endloop
  endfacet
  facet normal -0 0 1
    outer loop
      vertex -3.35875 3.35875 10
      vertex -1.1026 0.974999 10
      vertex -2.9151 3.7478 10
    endloop
  endfacet
  facet normal -0 0 1
    outer loop
      vertex -3.7478 2.9151 10
      vertex -1.1026 0.974999 10
      vertex -3.35875 3.35875 10
    endloop
  endfacet
  facet normal 0 0 1
    outer loop
      vertex -1.1026 0.974999 10
      vertex -3.7478 2.9151 10
      vertex -1.1702 0.897923 10
    endloop
  endfacet
  facet normal 0 0 1
    outer loop
      vertex -1.1702 0.897923 10
      vertex -3.7478 2.9151 10
      vertex -1.27739 0.737499 10
    endloop
  endfacet
  facet normal -0 0 1
    outer loop
      vertex -4.39847 1.78815 10
      vertex -1.27739 0.737499 10
      vertex -3.7478 2.9151 10
    endloop
  endfacet
  facet normal 0 0 1
    outer loop
      vertex 3.51915 -4.54938 10
      vertex 2.1803 -5.32236 10
      vertex 2.24942 -5.41661 10
    endloop
  endfacet
  facet normal 0 0 1
    outer loop
      vertex 3.6895 -5.13011 10
      vertex 2.59805 -5.76025 10
      vertex 3.35 -5.80237 10
    endloop
  endfacet
  facet normal -0 0 1
    outer loop
      vertex 1.27739 -0.737499 10
      vertex 2.9151 -3.7478 10
      vertex 1.36272 -0.564458 10
    endloop
  endfacet
  facet normal -0 0 1
    outer loop
      vertex 1.1702 -0.897923 10
      vertex 2.9151 -3.7478 10
      vertex 1.27739 -0.737499 10
    endloop
  endfacet
  facet normal -0 0 1
    outer loop
      vertex 1.04298 -1.04298 10
      vertex 2.9151 -3.7478 10
      vertex 1.1702 -0.897923 10
    endloop
  endfacet
  facet normal -0 0 1
    outer loop
      vertex 0.897923 -1.1702 10
      vertex 2.9151 -3.7478 10
      vertex 1.04298 -1.04298 10
    endloop
  endfacet
  facet normal -0 0 1
    outer loop
      vertex 0.737499 -1.27739 10
      vertex 2.9151 -3.7478 10
      vertex 0.897923 -1.1702 10
    endloop
  endfacet
  facet normal 0 0 1
    outer loop
      vertex 2.9151 -3.7478 10
      vertex 0.737499 -1.27739 10
      vertex 1.78815 -4.39847 10
    endloop
  endfacet
  facet normal -0 0 1
    outer loop
      vertex 0.564458 -1.36272 10
      vertex 1.78815 -4.39847 10
      vertex 0.737499 -1.27739 10
    endloop
  endfacet
  facet normal 0 0 1
    outer loop
      vertex 1.78815 -4.39847 10
      vertex 0.564458 -1.36272 10
      vertex 1.22939 -4.58813 10
    endloop
  endfacet
  facet normal 0 0 1
    outer loop
      vertex 0.772629 -5.58496 10
      vertex 0.581299 -6.40623 10
      vertex 0.630142 -6.28757 10
    endloop
  endfacet
  facet normal -0 0 1
    outer loop
      vertex 0.381758 -1.42474 10
      vertex 1.22939 -4.58813 10
      vertex 0.564458 -1.36272 10
    endloop
  endfacet
  facet normal 0 0 1
    outer loop
      vertex 1.22939 -4.58813 10
      vertex 0.381758 -1.42474 10
      vertex 0.65065 -4.70325 10
    endloop
  endfacet
  facet normal 0 0 1
    outer loop
      vertex -0.772629 -5.58496 10
      vertex 0.65065 -4.70325 10
      vertex -0.65065 -4.70325 10
    endloop
  endfacet
  facet normal 0 0 1
    outer loop
      vertex -0.77298 -5.69946 10
      vertex 0.772629 -5.58496 10
      vertex -0.772629 -5.58496 10
    endloop
  endfacet
  facet normal 0 -0 1
    outer loop
      vertex -0.760254 -5.81564 10
      vertex 0.772629 -5.58496 10
      vertex -0.77298 -5.69946 10
    endloop
  endfacet
  facet normal 0 -0 1
    outer loop
      vertex -0.738525 -5.93282 10
      vertex 0.772629 -5.58496 10
      vertex -0.760254 -5.81564 10
    endloop
  endfacet
  facet normal -0 0 1
    outer loop
      vertex 0.192526 -1.46238 10
      vertex 0.65065 -4.70325 10
      vertex 0.381758 -1.42474 10
    endloop
  endfacet
  facet normal -0 0 1
    outer loop
      vertex 0 -1.475 10
      vertex 0.65065 -4.70325 10
      vertex 0.192526 -1.46238 10
    endloop
  endfacet
  facet normal 0 0 1
    outer loop
      vertex 0.65065 -4.70325 10
      vertex 0 -1.475 10
      vertex -0.65065 -4.70325 10
    endloop
  endfacet
  facet normal 0 0 1
    outer loop
      vertex 0.772629 -5.58496 10
      vertex -0.709152 -6.05067 10
      vertex 0.581299 -6.40623 10
    endloop
  endfacet
  facet normal 0 0 1
    outer loop
      vertex -0.65065 -4.70325 10
      vertex 0 -1.475 10
      vertex -0.192526 -1.46238 10
    endloop
  endfacet
  facet normal 0 0 1
    outer loop
      vertex -0.65065 -4.70325 10
      vertex -0.192526 -1.46238 10
      vertex -0.381758 -1.42474 10
    endloop
  endfacet
  facet normal 0 0 1
    outer loop
      vertex 0.466156 -6.64319 10
      vertex 0.4382 -6.68565 10
      vertex 0.442664 -6.68521 10
    endloop
  endfacet
  facet normal -0 -0 1
    outer loop
      vertex -0.672867 -6.16899 10
      vertex 0.581299 -6.40623 10
      vertex -0.709152 -6.05067 10
    endloop
  endfacet
  facet normal -0 -0 1
    outer loop
      vertex -0.466156 -6.64319 10
      vertex 0 -6.7 10
      vertex -0.526581 -6.52483 10
    endloop
  endfacet
  facet normal 0 0 1
    outer loop
      vertex -0.4382 -6.68565 10
      vertex -0.466156 -6.64319 10
      vertex -0.442664 -6.68521 10
    endloop
  endfacet
  facet normal 0 0 1
    outer loop
      vertex -1.22939 -4.58813 10
      vertex -0.381758 -1.42474 10
      vertex -0.564458 -1.36272 10
    endloop
  endfacet
  facet normal 0 0 1
    outer loop
      vertex 0 -6.7 10
      vertex -0.466156 -6.64319 10
      vertex -0.4382 -6.68565 10
    endloop
  endfacet
  facet normal 0 0 1
    outer loop
      vertex 0 -6.7 10
      vertex -0.581299 -6.40623 10
      vertex -0.526581 -6.52483 10
    endloop
  endfacet
  facet normal 0 -0 1
    outer loop
      vertex 0 -6.7 10
      vertex 0.581299 -6.40623 10
      vertex -0.672867 -6.16899 10
    endloop
  endfacet
  facet normal 0 0 1
    outer loop
      vertex -1.78815 -4.39847 10
      vertex -0.564458 -1.36272 10
      vertex -0.737499 -1.27739 10
    endloop
  endfacet
  facet normal 0 0 1
    outer loop
      vertex -2.9151 -3.7478 10
      vertex -0.737499 -1.27739 10
      vertex -0.897923 -1.1702 10
    endloop
  endfacet
  facet normal 0 0 1
    outer loop
      vertex -2.9151 -3.7478 10
      vertex -0.897923 -1.1702 10
      vertex -1.04298 -1.04298 10
    endloop
  endfacet
  facet normal 0 0 1
    outer loop
      vertex -3.35875 -3.35875 10
      vertex -1.04298 -1.04298 10
      vertex -1.1702 -0.897923 10
    endloop
  endfacet
  facet normal 0 0 1
    outer loop
      vertex -0.381758 -1.42474 10
      vertex -1.22939 -4.58813 10
      vertex -0.65065 -4.70325 10
    endloop
  endfacet
  facet normal 0 0 1
    outer loop
      vertex -3.7478 -2.9151 10
      vertex -1.1702 -0.897923 10
      vertex -1.27739 -0.737499 10
    endloop
  endfacet
  facet normal 0 0 1
    outer loop
      vertex -4.39847 -1.78815 10
      vertex -1.27739 -0.737499 10
      vertex -1.36272 -0.564458 10
    endloop
  endfacet
  facet normal 0 0 1
    outer loop
      vertex -4.39847 -1.78815 10
      vertex -1.36272 -0.564458 10
      vertex -1.42474 -0.381758 10
    endloop
  endfacet
  facet normal 0 0 1
    outer loop
      vertex -4.58813 -1.22939 10
      vertex -1.42474 -0.381758 10
      vertex -1.46238 -0.192526 10
    endloop
  endfacet
  facet normal 0 0 1
    outer loop
      vertex -4.70325 -0.65065 10
      vertex -1.46238 -0.192526 10
      vertex -1.475 0 10
    endloop
  endfacet
  facet normal 0 0 1
    outer loop
      vertex -1.27739 0.737499 10
      vertex -4.39847 1.78815 10
      vertex -1.36272 0.564458 10
    endloop
  endfacet
  facet normal 0 0 1
    outer loop
      vertex -0.564458 -1.36272 10
      vertex -1.78815 -4.39847 10
      vertex -1.22939 -4.58813 10
    endloop
  endfacet
  facet normal 0 0 1
    outer loop
      vertex -2.9151 3.7478 10
      vertex -1.78815 4.39847 10
      vertex -2.12335 5.22302 10
    endloop
  endfacet
  facet normal 0 0 1
    outer loop
      vertex -1.36272 0.564458 10
      vertex -4.39847 1.78815 10
      vertex -1.42474 0.381758 10
    endloop
  endfacet
  facet normal 0 0 1
    outer loop
      vertex -3.46159 4.45039 10
      vertex -2.12335 5.22302 10
      vertex -2.1803 5.32236 10
    endloop
  endfacet
  facet normal 0 0 1
    outer loop
      vertex -0.737499 -1.27739 10
      vertex -2.9151 -3.7478 10
      vertex -1.78815 -4.39847 10
    endloop
  endfacet
  facet normal 0 0 1
    outer loop
      vertex -3.51915 4.54938 10
      vertex -2.1803 5.32236 10
      vertex -2.24942 5.41661 10
    endloop
  endfacet
  facet normal 0 0 1
    outer loop
      vertex -1.78815 -4.39847 10
      vertex -2.9151 -3.7478 10
      vertex -2.12335 -5.22302 10
    endloop
  endfacet
  facet normal 0 0 1
    outer loop
      vertex -3.56621 4.65636 10
      vertex -2.24942 5.41661 10
      vertex -2.32681 5.50722 10
    endloop
  endfacet
  facet normal -0 0 1
    outer loop
      vertex -3.46159 -4.45039 10
      vertex -2.12335 -5.22302 10
      vertex -2.9151 -3.7478 10
    endloop
  endfacet
  facet normal 0 0 1
    outer loop
      vertex -3.60599 4.76869 10
      vertex -2.32681 5.50722 10
      vertex -2.41118 5.5946 10
    endloop
  endfacet
  facet normal 0 0 1
    outer loop
      vertex -2.12335 -5.22302 10
      vertex -3.46159 -4.45039 10
      vertex -2.1803 -5.32236 10
    endloop
  endfacet
  facet normal 0 0 1
    outer loop
      vertex -3.63948 4.88545 10
      vertex -2.41118 5.5946 10
      vertex -2.50177 5.67892 10
    endloop
  endfacet
  facet normal -0 0 1
    outer loop
      vertex -3.51915 -4.54938 10
      vertex -2.1803 -5.32236 10
      vertex -3.46159 -4.45039 10
    endloop
  endfacet
  facet normal 0 0 1
    outer loop
      vertex -3.66721 5.00606 10
      vertex -2.50177 5.67892 10
      vertex -2.59805 5.76025 10
    endloop
  endfacet
  facet normal 0 0 1
    outer loop
      vertex -2.1803 -5.32236 10
      vertex -3.51915 -4.54938 10
      vertex -2.24942 -5.41661 10
    endloop
  endfacet
  facet normal -0 0 1
    outer loop
      vertex -3.35 5.80237 10
      vertex -2.59805 5.76025 10
      vertex -2.69969 5.83861 10
    endloop
  endfacet
  facet normal -0 0 1
    outer loop
      vertex -3.56621 -4.65636 10
      vertex -2.24942 -5.41661 10
      vertex -3.51915 -4.54938 10
    endloop
  endfacet
  facet normal 0 0 1
    outer loop
      vertex -3.35 5.80237 10
      vertex -2.69969 5.83861 10
      vertex -2.80637 5.91394 10
    endloop
  endfacet
  facet normal 0 0 1
    outer loop
      vertex -2.24942 -5.41661 10
      vertex -3.56621 -4.65636 10
      vertex -2.32681 -5.50722 10
    endloop
  endfacet
  facet normal -0 0 1
    outer loop
      vertex -3.60599 -4.76869 10
      vertex -2.32681 -5.50722 10
      vertex -3.56621 -4.65636 10
    endloop
  endfacet
  facet normal 0 0 1
    outer loop
      vertex -3.35 5.80237 10
      vertex -2.80637 5.91394 10
      vertex -2.91788 5.98624 10
    endloop
  endfacet
  facet normal -0 0 1
    outer loop
      vertex -2.96333 6.00904 10
      vertex -2.91788 5.98624 10
      vertex -2.95925 6.01089 10
    endloop
  endfacet
  facet normal 0 0 1
    outer loop
      vertex -3.35 5.80237 10
      vertex -2.91788 5.98624 10
      vertex -2.96333 6.00904 10
    endloop
  endfacet
  facet normal 0 0 1
    outer loop
      vertex -3.6895 5.13011 10
      vertex -2.59805 5.76025 10
      vertex -3.35 5.80237 10
    endloop
  endfacet
  facet normal 0 0 1
    outer loop
      vertex -2.12335 5.22302 10
      vertex -3.46159 4.45039 10
      vertex -2.9151 3.7478 10
    endloop
  endfacet
  facet normal 0 0 1
    outer loop
      vertex -2.1803 5.32236 10
      vertex -3.51915 4.54938 10
      vertex -3.46159 4.45039 10
    endloop
  endfacet
  facet normal 0 0 1
    outer loop
      vertex -2.24942 5.41661 10
      vertex -3.56621 4.65636 10
      vertex -3.51915 4.54938 10
    endloop
  endfacet
  facet normal 0 0 1
    outer loop
      vertex -2.32681 5.50722 10
      vertex -3.60599 4.76869 10
      vertex -3.56621 4.65636 10
    endloop
  endfacet
  facet normal 0 0 1
    outer loop
      vertex -2.41118 5.5946 10
      vertex -3.63948 4.88545 10
      vertex -3.60599 4.76869 10
    endloop
  endfacet
  facet normal 0 0 1
    outer loop
      vertex -2.50177 5.67892 10
      vertex -3.66721 5.00606 10
      vertex -3.63948 4.88545 10
    endloop
  endfacet
  facet normal 0 0 1
    outer loop
      vertex -2.59805 5.76025 10
      vertex -3.6895 5.13011 10
      vertex -3.66721 5.00606 10
    endloop
  endfacet
  facet normal 0 0 1
    outer loop
      vertex -3.35 5.80237 10
      vertex -3.70653 5.25731 10
      vertex -3.6895 5.13011 10
    endloop
  endfacet
  facet normal 0 0 1
    outer loop
      vertex -3.35 5.80237 10
      vertex -3.71844 5.38736 10
      vertex -3.70653 5.25731 10
    endloop
  endfacet
  facet normal 0 0 1
    outer loop
      vertex -3.7253 5.52008 10
      vertex -3.35 5.80237 10
      vertex -3.72232 5.57084 10
    endloop
  endfacet
  facet normal 0 0 1
    outer loop
      vertex -3.35 5.80237 10
      vertex -3.7253 5.52008 10
      vertex -3.71844 5.38736 10
    endloop
  endfacet
  facet normal 0 -0 1
    outer loop
      vertex -3.7253 5.52008 10
      vertex -3.72232 5.57084 10
      vertex -3.72596 5.56823 10
    endloop
  endfacet
  facet normal 0 0 1
    outer loop
      vertex -1.46238 0.192526 10
      vertex -4.70325 0.65065 10
      vertex -1.475 0 10
    endloop
  endfacet
  facet normal 0 0 1
    outer loop
      vertex -1.42474 -0.381758 10
      vertex -4.58813 -1.22939 10
      vertex -4.39847 -1.78815 10
    endloop
  endfacet
  facet normal 0 0 1
    outer loop
      vertex -4.70325 -0.65065 10
      vertex -1.475 0 10
      vertex -4.70325 0.65065 10
    endloop
  endfacet
  facet normal 0 0 1
    outer loop
      vertex -1.46238 -0.192526 10
      vertex -4.70325 -0.65065 10
      vertex -4.58813 -1.22939 10
    endloop
  endfacet
  facet normal 0 0 1
    outer loop
      vertex -5.58496 0.772629 10
      vertex -4.70325 -0.65065 10
      vertex -4.70325 0.65065 10
    endloop
  endfacet
  facet normal 0 0 1
    outer loop
      vertex -5.58496 0.772629 10
      vertex -5.58496 -0.772629 10
      vertex -4.70325 -0.65065 10
    endloop
  endfacet
  facet normal 0 0 1
    outer loop
      vertex -5.69946 0.77298 10
      vertex -5.58496 -0.772629 10
      vertex -5.58496 0.772629 10
    endloop
  endfacet
  facet normal 0 0 1
    outer loop
      vertex -5.69946 0.77298 10
      vertex -5.69946 -0.77298 10
      vertex -5.58496 -0.772629 10
    endloop
  endfacet
  facet normal -0 0 1
    outer loop
      vertex -5.81564 0.760254 10
      vertex -5.69946 -0.77298 10
      vertex -5.69946 0.77298 10
    endloop
  endfacet
  facet normal 0 0 1
    outer loop
      vertex -5.81564 0.760254 10
      vertex -5.81564 -0.760254 10
      vertex -5.69946 -0.77298 10
    endloop
  endfacet
  facet normal -0 0 1
    outer loop
      vertex -5.93282 0.738525 10
      vertex -5.81564 -0.760254 10
      vertex -5.81564 0.760254 10
    endloop
  endfacet
  facet normal 0 0 1
    outer loop
      vertex -5.93282 0.738525 10
      vertex -5.93282 -0.738525 10
      vertex -5.81564 -0.760254 10
    endloop
  endfacet
  facet normal -0 0 1
    outer loop
      vertex -6.05067 0.709152 10
      vertex -5.93282 -0.738525 10
      vertex -5.93282 0.738525 10
    endloop
  endfacet
  facet normal 0 0 1
    outer loop
      vertex -6.05067 0.709152 10
      vertex -6.05067 -0.709152 10
      vertex -5.93282 -0.738525 10
    endloop
  endfacet
  facet normal -0 0 1
    outer loop
      vertex -6.16899 0.672867 10
      vertex -6.05067 -0.709152 10
      vertex -6.05067 0.709152 10
    endloop
  endfacet
  facet normal 0 0 1
    outer loop
      vertex -6.16899 0.672867 10
      vertex -6.16899 -0.672867 10
      vertex -6.05067 -0.709152 10
    endloop
  endfacet
  facet normal -0 0 1
    outer loop
      vertex -6.28757 0.630142 10
      vertex -6.16899 -0.672867 10
      vertex -6.16899 0.672867 10
    endloop
  endfacet
  facet normal 0 0 1
    outer loop
      vertex -6.28757 0.630142 10
      vertex -6.28757 -0.630142 10
      vertex -6.16899 -0.672867 10
    endloop
  endfacet
  facet normal 0 0 1
    outer loop
      vertex -6.7 0 10
      vertex -6.28757 0.630142 10
      vertex -6.40623 0.581299 10
    endloop
  endfacet
  facet normal 0 0 1
    outer loop
      vertex -6.28757 0.630142 10
      vertex -6.7 0 10
      vertex -6.28757 -0.630142 10
    endloop
  endfacet
  facet normal 0 0 1
    outer loop
      vertex -6.7 0 10
      vertex -6.40623 0.581299 10
      vertex -6.52483 0.526581 10
    endloop
  endfacet
  facet normal 0 0 1
    outer loop
      vertex -6.28757 -0.630142 10
      vertex -6.7 0 10
      vertex -6.40623 -0.581299 10
    endloop
  endfacet
  facet normal 0 0 1
    outer loop
      vertex -6.7 0 10
      vertex -6.52483 0.526581 10
      vertex -6.64319 0.466156 10
    endloop
  endfacet
  facet normal 0 0 1
    outer loop
      vertex -6.40623 -0.581299 10
      vertex -6.7 0 10
      vertex -6.52483 -0.526581 10
    endloop
  endfacet
  facet normal 0 0 1
    outer loop
      vertex -6.68565 0.4382 10
      vertex -6.64319 0.466156 10
      vertex -6.68521 0.442664 10
    endloop
  endfacet
  facet normal 0 0 1
    outer loop
      vertex -6.52483 -0.526581 10
      vertex -6.7 0 10
      vertex -6.64319 -0.466156 10
    endloop
  endfacet
  facet normal 0 0 1
    outer loop
      vertex -6.64319 0.466156 10
      vertex -6.68565 0.4382 10
      vertex -6.7 0 10
    endloop
  endfacet
  facet normal -0 -0 1
    outer loop
      vertex -6.68565 -0.4382 10
      vertex -6.64319 -0.466156 10
      vertex -6.7 0 10
    endloop
  endfacet
  facet normal 0 0 1
    outer loop
      vertex -6.64319 -0.466156 10
      vertex -6.68565 -0.4382 10
      vertex -6.68521 -0.442664 10
    endloop
  endfacet
  facet normal -0 0 1
    outer loop
      vertex -4.58813 1.22939 10
      vertex -1.42474 0.381758 10
      vertex -4.39847 1.78815 10
    endloop
  endfacet
  facet normal 0 0 1
    outer loop
      vertex -1.04298 -1.04298 10
      vertex -3.35875 -3.35875 10
      vertex -2.9151 -3.7478 10
    endloop
  endfacet
  facet normal 0 0 1
    outer loop
      vertex -1.42474 0.381758 10
      vertex -4.58813 1.22939 10
      vertex -1.46238 0.192526 10
    endloop
  endfacet
  facet normal 0 0 1
    outer loop
      vertex -1.1702 -0.897923 10
      vertex -3.7478 -2.9151 10
      vertex -3.35875 -3.35875 10
    endloop
  endfacet
  facet normal -0 0 1
    outer loop
      vertex -4.70325 0.65065 10
      vertex -1.46238 0.192526 10
      vertex -4.58813 1.22939 10
    endloop
  endfacet
  facet normal 0 0 1
    outer loop
      vertex -4.45039 3.46159 10
      vertex -4.39847 1.78815 10
      vertex -3.7478 2.9151 10
    endloop
  endfacet
  facet normal 0 0 1
    outer loop
      vertex -5.22302 2.12335 10
      vertex -4.45039 3.46159 10
      vertex -4.54938 3.51915 10
    endloop
  endfacet
  facet normal 0 0 1
    outer loop
      vertex -5.32236 2.1803 10
      vertex -4.54938 3.51915 10
      vertex -4.65636 3.56621 10
    endloop
  endfacet
  facet normal 0 0 1
    outer loop
      vertex -5.41661 2.24942 10
      vertex -4.65636 3.56621 10
      vertex -4.76869 3.60599 10
    endloop
  endfacet
  facet normal 0 0 1
    outer loop
      vertex -5.50722 2.32681 10
      vertex -4.76869 3.60599 10
      vertex -4.88545 3.63948 10
    endloop
  endfacet
  facet normal 0 0 1
    outer loop
      vertex -5.5946 2.41118 10
      vertex -4.88545 3.63948 10
      vertex -5.00606 3.66721 10
    endloop
  endfacet
  facet normal 0 0 1
    outer loop
      vertex -5.67892 2.50177 10
      vertex -5.00606 3.66721 10
      vertex -5.13011 3.6895 10
    endloop
  endfacet
  facet normal 0 0 1
    outer loop
      vertex -4.45039 3.46159 10
      vertex -5.22302 2.12335 10
      vertex -4.39847 1.78815 10
    endloop
  endfacet
  facet normal 0 0 1
    outer loop
      vertex -5.80237 3.35 10
      vertex -5.13011 3.6895 10
      vertex -5.25731 3.70653 10
    endloop
  endfacet
  facet normal 0 0 1
    outer loop
      vertex -4.54938 3.51915 10
      vertex -5.32236 2.1803 10
      vertex -5.22302 2.12335 10
    endloop
  endfacet
  facet normal 0 0 1
    outer loop
      vertex -5.80237 3.35 10
      vertex -5.25731 3.70653 10
      vertex -5.38736 3.71844 10
    endloop
  endfacet
  facet normal 0 0 1
    outer loop
      vertex -4.65636 3.56621 10
      vertex -5.41661 2.24942 10
      vertex -5.32236 2.1803 10
    endloop
  endfacet
  facet normal 0 0 1
    outer loop
      vertex -4.76869 3.60599 10
      vertex -5.50722 2.32681 10
      vertex -5.41661 2.24942 10
    endloop
  endfacet
  facet normal 0 0 1
    outer loop
      vertex -5.80237 3.35 10
      vertex -5.38736 3.71844 10
      vertex -5.52008 3.7253 10
    endloop
  endfacet
  facet normal 0 0 1
    outer loop
      vertex -5.57084 3.72232 10
      vertex -5.52008 3.7253 10
      vertex -5.56823 3.72596 10
    endloop
  endfacet
  facet normal 0 0 1
    outer loop
      vertex -5.80237 3.35 10
      vertex -5.52008 3.7253 10
      vertex -5.57084 3.72232 10
    endloop
  endfacet
  facet normal 0 0 1
    outer loop
      vertex -4.88545 3.63948 10
      vertex -5.5946 2.41118 10
      vertex -5.50722 2.32681 10
    endloop
  endfacet
  facet normal 0 -0 1
    outer loop
      vertex -5.76025 2.59805 10
      vertex -5.13011 3.6895 10
      vertex -5.80237 3.35 10
    endloop
  endfacet
  facet normal 0 0 1
    outer loop
      vertex -5.00606 3.66721 10
      vertex -5.67892 2.50177 10
      vertex -5.5946 2.41118 10
    endloop
  endfacet
  facet normal 0 0 1
    outer loop
      vertex -5.13011 3.6895 10
      vertex -5.76025 2.59805 10
      vertex -5.67892 2.50177 10
    endloop
  endfacet
  facet normal 0 0 1
    outer loop
      vertex -5.80237 3.35 10
      vertex -5.83861 2.69969 10
      vertex -5.76025 2.59805 10
    endloop
  endfacet
  facet normal 0 0 1
    outer loop
      vertex -5.80237 3.35 10
      vertex -5.91394 2.80637 10
      vertex -5.83861 2.69969 10
    endloop
  endfacet
  facet normal 0 0 1
    outer loop
      vertex -5.80237 3.35 10
      vertex -5.98624 2.91788 10
      vertex -5.91394 2.80637 10
    endloop
  endfacet
  facet normal -0 0 1
    outer loop
      vertex -6.00904 2.96333 10
      vertex -5.98624 2.91788 10
      vertex -5.80237 3.35 10
    endloop
  endfacet
  facet normal 0 0 1
    outer loop
      vertex -5.98624 2.91788 10
      vertex -6.00904 2.96333 10
      vertex -6.01089 2.95925 10
    endloop
  endfacet
  facet normal 0 0 1
    outer loop
      vertex -2.32681 -5.50722 10
      vertex -3.60599 -4.76869 10
      vertex -2.41118 -5.5946 10
    endloop
  endfacet
  facet normal -0 0 1
    outer loop
      vertex -3.63948 -4.88545 10
      vertex -2.41118 -5.5946 10
      vertex -3.60599 -4.76869 10
    endloop
  endfacet
  facet normal 0 0 1
    outer loop
      vertex -2.41118 -5.5946 10
      vertex -3.63948 -4.88545 10
      vertex -2.50177 -5.67892 10
    endloop
  endfacet
  facet normal -0 0 1
    outer loop
      vertex -3.66721 -5.00606 10
      vertex -2.50177 -5.67892 10
      vertex -3.63948 -4.88545 10
    endloop
  endfacet
  facet normal 0 0 1
    outer loop
      vertex -2.91788 -5.98624 10
      vertex -2.96333 -6.00904 10
      vertex -2.95925 -6.01089 10
    endloop
  endfacet
  facet normal 0 0 1
    outer loop
      vertex -2.50177 -5.67892 10
      vertex -3.66721 -5.00606 10
      vertex -2.59805 -5.76025 10
    endloop
  endfacet
  facet normal -0 0 1
    outer loop
      vertex -3.6895 -5.13011 10
      vertex -2.59805 -5.76025 10
      vertex -3.66721 -5.00606 10
    endloop
  endfacet
  facet normal 0 0 1
    outer loop
      vertex -2.59805 -5.76025 10
      vertex -3.35 -5.80237 10
      vertex -2.69969 -5.83861 10
    endloop
  endfacet
  facet normal 0 0 1
    outer loop
      vertex -2.80637 -5.91394 10
      vertex -3.35 -5.80237 10
      vertex -2.91788 -5.98624 10
    endloop
  endfacet
  facet normal 0 0 1
    outer loop
      vertex -2.91788 -5.98624 10
      vertex -3.35 -5.80237 10
      vertex -2.96333 -6.00904 10
    endloop
  endfacet
  facet normal 0 0 1
    outer loop
      vertex -2.69969 -5.83861 10
      vertex -3.35 -5.80237 10
      vertex -2.80637 -5.91394 10
    endloop
  endfacet
  facet normal 0 0 1
    outer loop
      vertex -2.59805 -5.76025 10
      vertex -3.6895 -5.13011 10
      vertex -3.35 -5.80237 10
    endloop
  endfacet
  facet normal -0 0 1
    outer loop
      vertex -3.70653 -5.25731 10
      vertex -3.35 -5.80237 10
      vertex -3.6895 -5.13011 10
    endloop
  endfacet
  facet normal -0 0 1
    outer loop
      vertex -3.71844 -5.38736 10
      vertex -3.35 -5.80237 10
      vertex -3.70653 -5.25731 10
    endloop
  endfacet
  facet normal -0 0 1
    outer loop
      vertex -3.7253 -5.52008 10
      vertex -3.35 -5.80237 10
      vertex -3.71844 -5.38736 10
    endloop
  endfacet
  facet normal 0 0 1
    outer loop
      vertex -3.35 -5.80237 10
      vertex -3.7253 -5.52008 10
      vertex -3.72232 -5.57084 10
    endloop
  endfacet
  facet normal 0 0 1
    outer loop
      vertex -3.72232 -5.57084 10
      vertex -3.7253 -5.52008 10
      vertex -3.72596 -5.56823 10
    endloop
  endfacet
  facet normal 0 0 1
    outer loop
      vertex -1.27739 -0.737499 10
      vertex -4.39847 -1.78815 10
      vertex -3.7478 -2.9151 10
    endloop
  endfacet
  facet normal 0 0 1
    outer loop
      vertex -4.39847 -1.78815 10
      vertex -4.45039 -3.46159 10
      vertex -3.7478 -2.9151 10
    endloop
  endfacet
  facet normal -0 0 1
    outer loop
      vertex -5.22302 -2.12335 10
      vertex -4.45039 -3.46159 10
      vertex -4.39847 -1.78815 10
    endloop
  endfacet
  facet normal 0 0 1
    outer loop
      vertex -4.45039 -3.46159 10
      vertex -5.22302 -2.12335 10
      vertex -4.54938 -3.51915 10
    endloop
  endfacet
  facet normal -0 0 1
    outer loop
      vertex -5.32236 -2.1803 10
      vertex -4.54938 -3.51915 10
      vertex -5.22302 -2.12335 10
    endloop
  endfacet
  facet normal 0 0 1
    outer loop
      vertex -4.54938 -3.51915 10
      vertex -5.32236 -2.1803 10
      vertex -4.65636 -3.56621 10
    endloop
  endfacet
  facet normal -0 0 1
    outer loop
      vertex -5.41661 -2.24942 10
      vertex -4.65636 -3.56621 10
      vertex -5.32236 -2.1803 10
    endloop
  endfacet
  facet normal 0 0 1
    outer loop
      vertex -4.65636 -3.56621 10
      vertex -5.41661 -2.24942 10
      vertex -4.76869 -3.60599 10
    endloop
  endfacet
  facet normal -0 0 1
    outer loop
      vertex -5.50722 -2.32681 10
      vertex -4.76869 -3.60599 10
      vertex -5.41661 -2.24942 10
    endloop
  endfacet
  facet normal 0 0 1
    outer loop
      vertex -4.76869 -3.60599 10
      vertex -5.50722 -2.32681 10
      vertex -4.88545 -3.63948 10
    endloop
  endfacet
  facet normal -0 0 1
    outer loop
      vertex -5.5946 -2.41118 10
      vertex -4.88545 -3.63948 10
      vertex -5.50722 -2.32681 10
    endloop
  endfacet
  facet normal 0 0 1
    outer loop
      vertex -4.88545 -3.63948 10
      vertex -5.5946 -2.41118 10
      vertex -5.00606 -3.66721 10
    endloop
  endfacet
  facet normal -0 0 1
    outer loop
      vertex -5.67892 -2.50177 10
      vertex -5.00606 -3.66721 10
      vertex -5.5946 -2.41118 10
    endloop
  endfacet
  facet normal 0 0 1
    outer loop
      vertex -5.00606 -3.66721 10
      vertex -5.67892 -2.50177 10
      vertex -5.13011 -3.6895 10
    endloop
  endfacet
  facet normal -0 0 1
    outer loop
      vertex -5.76025 -2.59805 10
      vertex -5.13011 -3.6895 10
      vertex -5.67892 -2.50177 10
    endloop
  endfacet
  facet normal 0 0 1
    outer loop
      vertex -5.13011 -3.6895 10
      vertex -5.80237 -3.35 10
      vertex -5.25731 -3.70653 10
    endloop
  endfacet
  facet normal 0 0 1
    outer loop
      vertex -5.52008 -3.7253 10
      vertex -5.57084 -3.72232 10
      vertex -5.56823 -3.72596 10
    endloop
  endfacet
  facet normal 0 0 1
    outer loop
      vertex -5.38736 -3.71844 10
      vertex -5.80237 -3.35 10
      vertex -5.52008 -3.7253 10
    endloop
  endfacet
  facet normal 0 0 1
    outer loop
      vertex -5.25731 -3.70653 10
      vertex -5.80237 -3.35 10
      vertex -5.38736 -3.71844 10
    endloop
  endfacet
  facet normal 0 0 1
    outer loop
      vertex -5.13011 -3.6895 10
      vertex -5.76025 -2.59805 10
      vertex -5.80237 -3.35 10
    endloop
  endfacet
  facet normal 0 0 1
    outer loop
      vertex -5.52008 -3.7253 10
      vertex -5.80237 -3.35 10
      vertex -5.57084 -3.72232 10
    endloop
  endfacet
  facet normal -0 0 1
    outer loop
      vertex -5.83861 -2.69969 10
      vertex -5.80237 -3.35 10
      vertex -5.76025 -2.59805 10
    endloop
  endfacet
  facet normal -0 0 1
    outer loop
      vertex -5.91394 -2.80637 10
      vertex -5.80237 -3.35 10
      vertex -5.83861 -2.69969 10
    endloop
  endfacet
  facet normal -0 0 1
    outer loop
      vertex -5.98624 -2.91788 10
      vertex -5.80237 -3.35 10
      vertex -5.91394 -2.80637 10
    endloop
  endfacet
  facet normal 0 0 1
    outer loop
      vertex -5.98624 -2.91788 10
      vertex -6.00904 -2.96333 10
      vertex -5.80237 -3.35 10
    endloop
  endfacet
  facet normal 0 -0 1
    outer loop
      vertex -6.00904 -2.96333 10
      vertex -5.98624 -2.91788 10
      vertex -6.01089 -2.95925 10
    endloop
  endfacet
  facet normal 0 0 1
    outer loop
      vertex 0.672867 6.16899 10
      vertex -0.672867 6.16899 10
      vertex -0.709152 6.05067 10
    endloop
  endfacet
  facet normal 0 0 1
    outer loop
      vertex 0.709152 6.05067 10
      vertex -0.709152 6.05067 10
      vertex -0.738525 5.93282 10
    endloop
  endfacet
  facet normal 0 0 1
    outer loop
      vertex -0.77298 5.69946 10
      vertex 0.760254 5.81564 10
      vertex -0.760254 5.81564 10
    endloop
  endfacet
  facet normal 0 0 1
    outer loop
      vertex 0.772629 5.58496 10
      vertex -0.772629 5.58496 10
      vertex 0.65065 4.70325 10
    endloop
  endfacet
  facet normal 0 0 1
    outer loop
      vertex 0.65065 4.70325 10
      vertex -0.772629 5.58496 10
      vertex -0.65065 4.70325 10
    endloop
  endfacet
  facet normal 0 0 1
    outer loop
      vertex 0.772629 5.58496 10
      vertex -0.77298 5.69946 10
      vertex -0.772629 5.58496 10
    endloop
  endfacet
  facet normal 0 0 1
    outer loop
      vertex 0.772629 -5.58496 10
      vertex 0.760254 -5.81564 10
      vertex 0.77298 -5.69946 10
    endloop
  endfacet
  facet normal 0 0 1
    outer loop
      vertex 0.772629 -5.58496 10
      vertex 0.738525 -5.93282 10
      vertex 0.760254 -5.81564 10
    endloop
  endfacet
  facet normal 0 0 1
    outer loop
      vertex 0.772629 -5.58496 10
      vertex 0.709152 -6.05067 10
      vertex 0.738525 -5.93282 10
    endloop
  endfacet
  facet normal 0 0 1
    outer loop
      vertex 0.772629 -5.58496 10
      vertex 0.672867 -6.16899 10
      vertex 0.709152 -6.05067 10
    endloop
  endfacet
  facet normal 0 0 1
    outer loop
      vertex -0.772629 -5.58496 10
      vertex 0.772629 -5.58496 10
      vertex 0.65065 -4.70325 10
    endloop
  endfacet
  facet normal 0 0 1
    outer loop
      vertex 0.772629 -5.58496 10
      vertex 0.630142 -6.28757 10
      vertex 0.672867 -6.16899 10
    endloop
  endfacet
  facet normal 0 0 1
    outer loop
      vertex 0 -6.7 10
      vertex -0.630142 -6.28757 10
      vertex -0.581299 -6.40623 10
    endloop
  endfacet
  facet normal 0 0 1
    outer loop
      vertex 0 -6.7 10
      vertex -0.672867 -6.16899 10
      vertex -0.630142 -6.28757 10
    endloop
  endfacet
  facet normal 0 0 1
    outer loop
      vertex 0.581299 -6.40623 10
      vertex 0 -6.7 10
      vertex 0.526581 -6.52483 10
    endloop
  endfacet
  facet normal 0 0 1
    outer loop
      vertex 0.466156 -6.64319 10
      vertex 0 -6.7 10
      vertex 0.4382 -6.68565 10
    endloop
  endfacet
  facet normal 0 0 1
    outer loop
      vertex 0.526581 -6.52483 10
      vertex 0 -6.7 10
      vertex 0.466156 -6.64319 10
    endloop
  endfacet
  facet normal 0 -0 1
    outer loop
      vertex -0.709152 -6.05067 10
      vertex 0.772629 -5.58496 10
      vertex -0.738525 -5.93282 10
    endloop
  endfacet
  facet normal 0.854497 -0.519456 0
    outer loop
      vertex 0.328781 -6.87865 9.81669
      vertex 0.400192 -6.76118 3.07189
      vertex 0.400192 -6.76118 9.92811
    endloop
  endfacet
  facet normal 0.854497 -0.519456 0
    outer loop
      vertex 0.400192 -6.76118 3.07189
      vertex 0.328781 -6.87865 9.81669
      vertex 0.328781 -6.87865 3.1833
    endloop
  endfacet
  facet normal 0.872853 -0.487983 -0.000174234
    outer loop
      vertex 0.438643 -6.6924 9.99345
      vertex 0.466156 -6.64319 10
      vertex 0.442664 -6.68521 10
    endloop
  endfacet
  facet normal 0.872854 -0.487982 0
    outer loop
      vertex 0.466156 -6.64319 10
      vertex 0.400192 -6.76118 9.92811
      vertex 0.466156 -6.64319 3
    endloop
  endfacet
  facet normal 0.87284 -0.488006 5.38029e-05
    outer loop
      vertex 0.466156 -6.64319 10
      vertex 0.438643 -6.6924 9.99345
      vertex 0.400192 -6.76118 9.92811
    endloop
  endfacet
  facet normal 0.872854 -0.487982 0
    outer loop
      vertex 0.400192 -6.76118 3.07189
      vertex 0.466156 -6.64319 3
      vertex 0.400192 -6.76118 9.92811
    endloop
  endfacet
  facet normal 0.87284 -0.488006 -5.38029e-05
    outer loop
      vertex 0.438643 -6.6924 3.00655
      vertex 0.466156 -6.64319 3
      vertex 0.400192 -6.76118 3.07189
    endloop
  endfacet
  facet normal 0.872853 -0.487983 0.000174234
    outer loop
      vertex 0.466156 -6.64319 3
      vertex 0.438643 -6.6924 3.00655
      vertex 0.442664 -6.68521 3
    endloop
  endfacet
  facet normal 0.890648 -0.454693 0
    outer loop
      vertex 0.466156 -6.64319 10
      vertex 0.526581 -6.52483 3
      vertex 0.526581 -6.52483 10
    endloop
  endfacet
  facet normal 0.890648 -0.454693 0
    outer loop
      vertex 0.526581 -6.52483 3
      vertex 0.466156 -6.64319 10
      vertex 0.466156 -6.64319 3
    endloop
  endfacet
  facet normal 0.908019 -0.418929 0
    outer loop
      vertex 0.526581 -6.52483 10
      vertex 0.581299 -6.40623 3
      vertex 0.581299 -6.40623 10
    endloop
  endfacet
  facet normal 0.908019 -0.418929 0
    outer loop
      vertex 0.581299 -6.40623 3
      vertex 0.526581 -6.52483 10
      vertex 0.526581 -6.52483 3
    endloop
  endfacet
  facet normal 0.924725 -0.380637 0
    outer loop
      vertex 0.581299 -6.40623 10
      vertex 0.630142 -6.28757 3
      vertex 0.630142 -6.28757 10
    endloop
  endfacet
  facet normal 0.924725 -0.380637 0
    outer loop
      vertex 0.630142 -6.28757 3
      vertex 0.581299 -6.40623 10
      vertex 0.581299 -6.40623 3
    endloop
  endfacet
  facet normal 0.940796 -0.338974 0
    outer loop
      vertex 0.630142 -6.28757 10
      vertex 0.672867 -6.16899 3
      vertex 0.672867 -6.16899 10
    endloop
  endfacet
  facet normal 0.940796 -0.338974 0
    outer loop
      vertex 0.672867 -6.16899 3
      vertex 0.630142 -6.28757 10
      vertex 0.630142 -6.28757 3
    endloop
  endfacet
  facet normal 0.956054 -0.293191 0
    outer loop
      vertex 0.672867 -6.16899 10
      vertex 0.709152 -6.05067 3
      vertex 0.709152 -6.05067 10
    endloop
  endfacet
  facet normal 0.956054 -0.293191 0
    outer loop
      vertex 0.709152 -6.05067 3
      vertex 0.672867 -6.16899 10
      vertex 0.672867 -6.16899 3
    endloop
  endfacet
  facet normal 0.970316 -0.241842 0
    outer loop
      vertex 0.709152 -6.05067 10
      vertex 0.738525 -5.93282 3
      vertex 0.738525 -5.93282 10
    endloop
  endfacet
  facet normal 0.970316 -0.241842 0
    outer loop
      vertex 0.738525 -5.93282 3
      vertex 0.709152 -6.05067 10
      vertex 0.709152 -6.05067 3
    endloop
  endfacet
  facet normal 0.983238 -0.182325 0
    outer loop
      vertex 0.738525 -5.93282 10
      vertex 0.760254 -5.81564 3
      vertex 0.760254 -5.81564 10
    endloop
  endfacet
  facet normal 0.983238 -0.182325 0
    outer loop
      vertex 0.760254 -5.81564 3
      vertex 0.738525 -5.93282 10
      vertex 0.738525 -5.93282 3
    endloop
  endfacet
  facet normal 0.994054 -0.108886 0
    outer loop
      vertex 0.760254 -5.81564 10
      vertex 0.77298 -5.69946 3
      vertex 0.77298 -5.69946 10
    endloop
  endfacet
  facet normal 0.994054 -0.108886 0
    outer loop
      vertex 0.77298 -5.69946 3
      vertex 0.760254 -5.81564 10
      vertex 0.760254 -5.81564 3
    endloop
  endfacet
  facet normal 0.999995 0.00306549 0
    outer loop
      vertex 0.77298 -5.69946 10
      vertex 0.772629 -5.58496 3
      vertex 0.772629 -5.58496 10
    endloop
  endfacet
  facet normal 0.999995 0.00306549 0
    outer loop
      vertex 0.772629 -5.58496 3
      vertex 0.77298 -5.69946 10
      vertex 0.77298 -5.69946 3
    endloop
  endfacet
  facet normal 0.990566 0.137039 0
    outer loop
      vertex 0.772629 -5.58496 10
      vertex 0.65065 -4.70325 3
      vertex 0.65065 -4.70325 10
    endloop
  endfacet
  facet normal 0.990566 0.137039 0
    outer loop
      vertex 0.65065 -4.70325 3
      vertex 0.772629 -5.58496 10
      vertex 0.772629 -5.58496 3
    endloop
  endfacet
  facet normal 0.195093 -0.980785 0
    outer loop
      vertex 0.65065 -4.70325 3
      vertex 1.22939 -4.58813 10
      vertex 0.65065 -4.70325 10
    endloop
  endfacet
  facet normal 0.195093 -0.980785 0
    outer loop
      vertex 1.22939 -4.58813 10
      vertex 0.65065 -4.70325 3
      vertex 1.22939 -4.58813 3
    endloop
  endfacet
  facet normal 0.321419 -0.946937 0
    outer loop
      vertex 1.22939 -4.58813 3
      vertex 1.78815 -4.39847 10
      vertex 1.22939 -4.58813 10
    endloop
  endfacet
  facet normal 0.321419 -0.946937 0
    outer loop
      vertex 1.78815 -4.39847 10
      vertex 1.22939 -4.58813 3
      vertex 1.78815 -4.39847 3
    endloop
  endfacet
  facet normal -0.926378 -0.376596 0
    outer loop
      vertex 2.12335 -5.22302 3
      vertex 1.78815 -4.39847 10
      vertex 1.78815 -4.39847 3
    endloop
  endfacet
  facet normal -0.926378 -0.376596 0
    outer loop
      vertex 1.78815 -4.39847 10
      vertex 2.12335 -5.22302 3
      vertex 2.12335 -5.22302 10
    endloop
  endfacet
  facet normal -0.867549 -0.497352 0
    outer loop
      vertex 2.1803 -5.32236 3
      vertex 2.12335 -5.22302 10
      vertex 2.12335 -5.22302 3
    endloop
  endfacet
  facet normal -0.867549 -0.497352 0
    outer loop
      vertex 2.12335 -5.22302 10
      vertex 2.1803 -5.32236 3
      vertex 2.1803 -5.32236 10
    endloop
  endfacet
  facet normal -0.806391 -0.591382 0
    outer loop
      vertex 2.24942 -5.41661 3
      vertex 2.1803 -5.32236 10
      vertex 2.1803 -5.32236 3
    endloop
  endfacet
  facet normal -0.806391 -0.591382 0
    outer loop
      vertex 2.1803 -5.32236 10
      vertex 2.24942 -5.41661 3
      vertex 2.24942 -5.41661 10
    endloop
  endfacet
  facet normal -0.760399 -0.649457 0
    outer loop
      vertex 2.32681 -5.50722 3
      vertex 2.24942 -5.41661 10
      vertex 2.24942 -5.41661 3
    endloop
  endfacet
  facet normal -0.760399 -0.649457 0
    outer loop
      vertex 2.24942 -5.41661 10
      vertex 2.32681 -5.50722 3
      vertex 2.32681 -5.50722 10
    endloop
  endfacet
  facet normal -0.719389 -0.694608 0
    outer loop
      vertex 2.41118 -5.5946 3
      vertex 2.32681 -5.50722 10
      vertex 2.32681 -5.50722 3
    endloop
  endfacet
  facet normal -0.719389 -0.694608 0
    outer loop
      vertex 2.32681 -5.50722 10
      vertex 2.41118 -5.5946 3
      vertex 2.41118 -5.5946 10
    endloop
  endfacet
  facet normal -0.681322 -0.731984 0
    outer loop
      vertex 2.41118 -5.5946 3
      vertex 2.50177 -5.67892 10
      vertex 2.41118 -5.5946 10
    endloop
  endfacet
  facet normal -0.681322 -0.731984 -0
    outer loop
      vertex 2.50177 -5.67892 10
      vertex 2.41118 -5.5946 3
      vertex 2.50177 -5.67892 3
    endloop
  endfacet
  facet normal -0.645305 -0.763925 0
    outer loop
      vertex 2.50177 -5.67892 3
      vertex 2.59805 -5.76025 10
      vertex 2.50177 -5.67892 10
    endloop
  endfacet
  facet normal -0.645305 -0.763925 -0
    outer loop
      vertex 2.59805 -5.76025 10
      vertex 2.50177 -5.67892 3
      vertex 2.59805 -5.76025 3
    endloop
  endfacet
  facet normal -0.610569 -0.791963 0
    outer loop
      vertex 2.59805 -5.76025 3
      vertex 2.69969 -5.83861 10
      vertex 2.59805 -5.76025 10
    endloop
  endfacet
  facet normal -0.610569 -0.791963 -0
    outer loop
      vertex 2.69969 -5.83861 10
      vertex 2.59805 -5.76025 3
      vertex 2.69969 -5.83861 3
    endloop
  endfacet
  facet normal -0.576818 -0.816872 0
    outer loop
      vertex 2.69969 -5.83861 3
      vertex 2.80637 -5.91394 10
      vertex 2.69969 -5.83861 10
    endloop
  endfacet
  facet normal -0.576818 -0.816872 -0
    outer loop
      vertex 2.80637 -5.91394 10
      vertex 2.69969 -5.83861 3
      vertex 2.80637 -5.91394 3
    endloop
  endfacet
  facet normal -0.544028 -0.839067 0
    outer loop
      vertex 2.80637 -5.91394 3
      vertex 2.91788 -5.98624 10
      vertex 2.80637 -5.91394 10
    endloop
  endfacet
  facet normal -0.544028 -0.839067 -0
    outer loop
      vertex 2.91788 -5.98624 10
      vertex 2.80637 -5.91394 3
      vertex 2.91788 -5.98624 3
    endloop
  endfacet
  facet normal -0.511867 -0.859064 0.000969791
    outer loop
      vertex 2.91788 -5.98624 10
      vertex 2.96632 -6.01511 9.99345
      vertex 2.95925 -6.01089 10
    endloop
  endfacet
  facet normal -0.511968 -0.859004 -4.44068e-05
    outer loop
      vertex 2.91788 -5.98624 10
      vertex 3.03401 -6.05545 9.92811
      vertex 2.96632 -6.01511 9.99345
    endloop
  endfacet
  facet normal -0.511948 -0.859016 0
    outer loop
      vertex 2.91788 -5.98624 10
      vertex 3.03401 -6.05545 3.07189
      vertex 3.03401 -6.05545 9.92811
    endloop
  endfacet
  facet normal -0.511948 -0.859016 0
    outer loop
      vertex 2.91788 -5.98624 3
      vertex 3.03401 -6.05545 3.07189
      vertex 2.91788 -5.98624 10
    endloop
  endfacet
  facet normal -0.511968 -0.859004 4.44068e-05
    outer loop
      vertex 3.03401 -6.05545 3.07189
      vertex 2.91788 -5.98624 3
      vertex 2.96632 -6.01511 3.00655
    endloop
  endfacet
  facet normal -0.511867 -0.859064 -0.000969791
    outer loop
      vertex 2.96632 -6.01511 3.00655
      vertex 2.91788 -5.98624 3
      vertex 2.95925 -6.01089 3
    endloop
  endfacet
  facet normal -0.480192 -0.877163 0
    outer loop
      vertex 3.03401 -6.05545 9.92811
      vertex 3.15459 -6.12146 3.18328
      vertex 3.15459 -6.12146 9.81671
    endloop
  endfacet
  facet normal -0.480192 -0.877163 0
    outer loop
      vertex 3.15459 -6.12146 3.18328
      vertex 3.03401 -6.05545 9.92811
      vertex 3.03401 -6.05545 3.07189
    endloop
  endfacet
  facet normal -0.449425 -0.893318 0
    outer loop
      vertex 3.17931 -6.1339 9.7948
      vertex 3.27943 -6.18427 3.2939
      vertex 3.27943 -6.18427 9.70609
    endloop
  endfacet
  facet normal -0.449525 -0.893268 0
    outer loop
      vertex 3.17931 -6.1339 3.20519
      vertex 3.17931 -6.1339 9.7948
      vertex 3.15459 -6.12146 9.81671
    endloop
  endfacet
  facet normal -0.449425 -0.893318 -0
    outer loop
      vertex 3.17931 -6.1339 9.7948
      vertex 3.17931 -6.1339 3.20519
      vertex 3.27943 -6.18427 3.2939
    endloop
  endfacet
  facet normal -0.449525 -0.893268 0
    outer loop
      vertex 3.17931 -6.1339 3.20519
      vertex 3.15459 -6.12146 9.81671
      vertex 3.15459 -6.12146 3.18328
    endloop
  endfacet
  facet normal 0.499971 -0.86604 0.0021395
    outer loop
      vertex 3.27943 -6.18427 9.70609
      vertex 3.51475 -6.0484 9.71346
      vertex 3.49772 -6.05823 9.71408
    endloop
  endfacet
  facet normal 0.500009 -0.86602 0.000540118
    outer loop
      vertex 3.51475 -6.0484 9.71346
      vertex 3.27943 -6.18427 9.70609
      vertex 3.716 -5.93221 9.70609
    endloop
  endfacet
  facet normal 0.500009 -0.86602 0
    outer loop
      vertex 3.27943 -6.18427 3.2939
      vertex 3.716 -5.93221 9.70609
      vertex 3.27943 -6.18427 9.70609
    endloop
  endfacet
  facet normal 0.500009 -0.86602 0
    outer loop
      vertex 3.27943 -6.18427 3.2939
      vertex 3.716 -5.93221 3.29389
      vertex 3.716 -5.93221 9.70609
    endloop
  endfacet
  facet normal 0.500009 -0.86602 -0.000540514
    outer loop
      vertex 3.27943 -6.18427 3.2939
      vertex 3.51475 -6.0484 3.28653
      vertex 3.716 -5.93221 3.29389
    endloop
  endfacet
  facet normal 0.499971 -0.86604 -0.0021395
    outer loop
      vertex 3.51475 -6.0484 3.28653
      vertex 3.27943 -6.18427 3.2939
      vertex 3.49772 -6.05823 3.28591
    endloop
  endfacet
  facet normal 0.998344 -0.0575266 0
    outer loop
      vertex 3.716 -5.93221 9.70609
      vertex 3.72404 -5.79268 3.18328
      vertex 3.72404 -5.79268 9.81671
    endloop
  endfacet
  facet normal 0.998344 -0.0575266 0
    outer loop
      vertex 3.72404 -5.79268 3.18328
      vertex 3.716 -5.93221 9.70609
      vertex 3.716 -5.93221 3.29389
    endloop
  endfacet
  facet normal 0.999742 -0.0226983 0
    outer loop
      vertex 3.72404 -5.79268 9.81671
      vertex 3.72716 -5.65526 3.07188
      vertex 3.72716 -5.65526 9.92811
    endloop
  endfacet
  facet normal 0.999742 -0.0226983 0
    outer loop
      vertex 3.72716 -5.65526 3.07188
      vertex 3.72404 -5.79268 9.81671
      vertex 3.72404 -5.79268 3.18328
    endloop
  endfacet
  facet normal 0.999903 0.0137058 -0.00245188
    outer loop
      vertex 3.72599 -5.57078 9.99798
      vertex 3.7253 -5.52008 10
      vertex 3.72596 -5.56823 10
    endloop
  endfacet
  facet normal 0.999908 0.0135832 0.000628357
    outer loop
      vertex 3.72607 -5.57646 9.99346
      vertex 3.7253 -5.52008 10
      vertex 3.72599 -5.57078 9.99798
    endloop
  endfacet
  facet normal 0.999907 0.0136276 0.000245537
    outer loop
      vertex 3.72716 -5.65526 9.92811
      vertex 3.7253 -5.52008 10
      vertex 3.72607 -5.57646 9.99346
    endloop
  endfacet
  facet normal 0.999903 0.0137058 0.00245188
    outer loop
      vertex 3.7253 -5.52008 3
      vertex 3.72599 -5.57078 3.00202
      vertex 3.72596 -5.56823 3
    endloop
  endfacet
  facet normal 0.999905 0.0137581 0
    outer loop
      vertex 3.7253 -5.52008 10
      vertex 3.72716 -5.65526 9.92811
      vertex 3.7253 -5.52008 3
    endloop
  endfacet
  facet normal 0.999908 0.0135832 -0.000628357
    outer loop
      vertex 3.7253 -5.52008 3
      vertex 3.72607 -5.57646 3.00654
      vertex 3.72599 -5.57078 3.00202
    endloop
  endfacet
  facet normal 0.999905 0.0137581 -0
    outer loop
      vertex 3.72716 -5.65526 3.07188
      vertex 3.7253 -5.52008 3
      vertex 3.72716 -5.65526 9.92811
    endloop
  endfacet
  facet normal 0.999907 0.0136276 -0.000245581
    outer loop
      vertex 3.7253 -5.52008 3
      vertex 3.72716 -5.65526 3.07188
      vertex 3.72607 -5.57646 3.00654
    endloop
  endfacet
  facet normal 0.998667 0.0516189 0
    outer loop
      vertex 3.7253 -5.52008 10
      vertex 3.71844 -5.38736 3
      vertex 3.71844 -5.38736 10
    endloop
  endfacet
  facet normal 0.998667 0.0516189 0
    outer loop
      vertex 3.71844 -5.38736 3
      vertex 3.7253 -5.52008 10
      vertex 3.7253 -5.52008 3
    endloop
  endfacet
  facet normal 0.995833 0.0911985 0
    outer loop
      vertex 3.71844 -5.38736 10
      vertex 3.70653 -5.25731 3
      vertex 3.70653 -5.25731 10
    endloop
  endfacet
  facet normal 0.995833 0.0911985 0
    outer loop
      vertex 3.70653 -5.25731 3
      vertex 3.71844 -5.38736 10
      vertex 3.71844 -5.38736 3
    endloop
  endfacet
  facet normal 0.991156 0.1327 0
    outer loop
      vertex 3.70653 -5.25731 10
      vertex 3.6895 -5.13011 3
      vertex 3.6895 -5.13011 10
    endloop
  endfacet
  facet normal 0.991156 0.1327 0
    outer loop
      vertex 3.6895 -5.13011 3
      vertex 3.70653 -5.25731 10
      vertex 3.70653 -5.25731 3
    endloop
  endfacet
  facet normal 0.984237 0.176853 0
    outer loop
      vertex 3.6895 -5.13011 10
      vertex 3.66721 -5.00606 3
      vertex 3.66721 -5.00606 10
    endloop
  endfacet
  facet normal 0.984237 0.176853 0
    outer loop
      vertex 3.66721 -5.00606 3
      vertex 3.6895 -5.13011 10
      vertex 3.6895 -5.13011 3
    endloop
  endfacet
  facet normal 0.974573 0.224069 0
    outer loop
      vertex 3.66721 -5.00606 10
      vertex 3.63948 -4.88545 3
      vertex 3.63948 -4.88545 10
    endloop
  endfacet
  facet normal 0.974573 0.224069 0
    outer loop
      vertex 3.63948 -4.88545 3
      vertex 3.66721 -5.00606 10
      vertex 3.66721 -5.00606 3
    endloop
  endfacet
  facet normal 0.961241 0.27571 0
    outer loop
      vertex 3.63948 -4.88545 10
      vertex 3.60599 -4.76869 3
      vertex 3.60599 -4.76869 10
    endloop
  endfacet
  facet normal 0.961241 0.27571 0
    outer loop
      vertex 3.60599 -4.76869 3
      vertex 3.63948 -4.88545 10
      vertex 3.63948 -4.88545 3
    endloop
  endfacet
  facet normal 0.942637 0.333821 0
    outer loop
      vertex 3.60599 -4.76869 10
      vertex 3.56621 -4.65636 3
      vertex 3.56621 -4.65636 10
    endloop
  endfacet
  facet normal 0.942637 0.333821 0
    outer loop
      vertex 3.56621 -4.65636 3
      vertex 3.60599 -4.76869 10
      vertex 3.60599 -4.76869 3
    endloop
  endfacet
  facet normal 0.91535 0.402658 0
    outer loop
      vertex 3.56621 -4.65636 10
      vertex 3.51915 -4.54938 3
      vertex 3.51915 -4.54938 10
    endloop
  endfacet
  facet normal 0.91535 0.402658 0
    outer loop
      vertex 3.51915 -4.54938 3
      vertex 3.56621 -4.65636 10
      vertex 3.56621 -4.65636 3
    endloop
  endfacet
  facet normal 0.864478 0.502671 0
    outer loop
      vertex 3.51915 -4.54938 10
      vertex 3.46159 -4.45039 3
      vertex 3.46159 -4.45039 10
    endloop
  endfacet
  facet normal 0.864478 0.502671 0
    outer loop
      vertex 3.46159 -4.45039 3
      vertex 3.51915 -4.54938 10
      vertex 3.51915 -4.54938 3
    endloop
  endfacet
  facet normal 0.789335 0.613962 0
    outer loop
      vertex 3.46159 -4.45039 10
      vertex 2.9151 -3.7478 3
      vertex 2.9151 -3.7478 10
    endloop
  endfacet
  facet normal 0.789335 0.613962 0
    outer loop
      vertex 2.9151 -3.7478 3
      vertex 3.46159 -4.45039 10
      vertex 3.46159 -4.45039 3
    endloop
  endfacet
  facet normal 0.659326 -0.751857 0
    outer loop
      vertex 2.9151 -3.7478 3
      vertex 3.35875 -3.35875 10
      vertex 2.9151 -3.7478 10
    endloop
  endfacet
  facet normal 0.659326 -0.751857 0
    outer loop
      vertex 3.35875 -3.35875 10
      vertex 2.9151 -3.7478 3
      vertex 3.35875 -3.35875 3
    endloop
  endfacet
  facet normal 0.751857 -0.659326 0
    outer loop
      vertex 3.35875 -3.35875 10
      vertex 3.7478 -2.9151 3
      vertex 3.7478 -2.9151 10
    endloop
  endfacet
  facet normal 0.751857 -0.659326 0
    outer loop
      vertex 3.7478 -2.9151 3
      vertex 3.35875 -3.35875 10
      vertex 3.35875 -3.35875 3
    endloop
  endfacet
  facet normal -0.613962 -0.789335 0
    outer loop
      vertex 3.7478 -2.9151 3
      vertex 4.45039 -3.46159 10
      vertex 3.7478 -2.9151 10
    endloop
  endfacet
  facet normal -0.613962 -0.789335 -0
    outer loop
      vertex 4.45039 -3.46159 10
      vertex 3.7478 -2.9151 3
      vertex 4.45039 -3.46159 3
    endloop
  endfacet
  facet normal -0.502671 -0.864478 0
    outer loop
      vertex 4.45039 -3.46159 3
      vertex 4.54938 -3.51915 10
      vertex 4.45039 -3.46159 10
    endloop
  endfacet
  facet normal -0.502671 -0.864478 -0
    outer loop
      vertex 4.54938 -3.51915 10
      vertex 4.45039 -3.46159 3
      vertex 4.54938 -3.51915 3
    endloop
  endfacet
  facet normal -0.402658 -0.91535 0
    outer loop
      vertex 4.54938 -3.51915 3
      vertex 4.65636 -3.56621 10
      vertex 4.54938 -3.51915 10
    endloop
  endfacet
  facet normal -0.402658 -0.91535 -0
    outer loop
      vertex 4.65636 -3.56621 10
      vertex 4.54938 -3.51915 3
      vertex 4.65636 -3.56621 3
    endloop
  endfacet
  facet normal -0.333821 -0.942637 0
    outer loop
      vertex 4.65636 -3.56621 3
      vertex 4.76869 -3.60599 10
      vertex 4.65636 -3.56621 10
    endloop
  endfacet
  facet normal -0.333821 -0.942637 -0
    outer loop
      vertex 4.76869 -3.60599 10
      vertex 4.65636 -3.56621 3
      vertex 4.76869 -3.60599 3
    endloop
  endfacet
  facet normal -0.27571 -0.961241 0
    outer loop
      vertex 4.76869 -3.60599 3
      vertex 4.88545 -3.63948 10
      vertex 4.76869 -3.60599 10
    endloop
  endfacet
  facet normal -0.27571 -0.961241 -0
    outer loop
      vertex 4.88545 -3.63948 10
      vertex 4.76869 -3.60599 3
      vertex 4.88545 -3.63948 3
    endloop
  endfacet
  facet normal -0.224069 -0.974573 0
    outer loop
      vertex 4.88545 -3.63948 3
      vertex 5.00606 -3.66721 10
      vertex 4.88545 -3.63948 10
    endloop
  endfacet
  facet normal -0.224069 -0.974573 -0
    outer loop
      vertex 5.00606 -3.66721 10
      vertex 4.88545 -3.63948 3
      vertex 5.00606 -3.66721 3
    endloop
  endfacet
  facet normal -0.176853 -0.984237 0
    outer loop
      vertex 5.00606 -3.66721 3
      vertex 5.13011 -3.6895 10
      vertex 5.00606 -3.66721 10
    endloop
  endfacet
  facet normal -0.176853 -0.984237 -0
    outer loop
      vertex 5.13011 -3.6895 10
      vertex 5.00606 -3.66721 3
      vertex 5.13011 -3.6895 3
    endloop
  endfacet
  facet normal -0.1327 -0.991156 0
    outer loop
      vertex 5.13011 -3.6895 3
      vertex 5.25731 -3.70653 10
      vertex 5.13011 -3.6895 10
    endloop
  endfacet
  facet normal -0.1327 -0.991156 -0
    outer loop
      vertex 5.25731 -3.70653 10
      vertex 5.13011 -3.6895 3
      vertex 5.25731 -3.70653 3
    endloop
  endfacet
  facet normal -0.0911985 -0.995833 0
    outer loop
      vertex 5.25731 -3.70653 3
      vertex 5.38736 -3.71844 10
      vertex 5.25731 -3.70653 10
    endloop
  endfacet
  facet normal -0.0911985 -0.995833 -0
    outer loop
      vertex 5.38736 -3.71844 10
      vertex 5.25731 -3.70653 3
      vertex 5.38736 -3.71844 3
    endloop
  endfacet
  facet normal -0.0516189 -0.998667 0
    outer loop
      vertex 5.38736 -3.71844 3
      vertex 5.52008 -3.7253 10
      vertex 5.38736 -3.71844 10
    endloop
  endfacet
  facet normal -0.0516189 -0.998667 -0
    outer loop
      vertex 5.52008 -3.7253 10
      vertex 5.38736 -3.71844 3
      vertex 5.52008 -3.7253 3
    endloop
  endfacet
  facet normal -0.0137058 -0.999903 -0.00245188
    outer loop
      vertex 5.52008 -3.7253 10
      vertex 5.57078 -3.72599 9.99798
      vertex 5.56823 -3.72596 10
    endloop
  endfacet
  facet normal -0.0135832 -0.999908 0.000628357
    outer loop
      vertex 5.52008 -3.7253 10
      vertex 5.57646 -3.72607 9.99346
      vertex 5.57078 -3.72599 9.99798
    endloop
  endfacet
  facet normal -0.0136276 -0.999907 0.000245537
    outer loop
      vertex 5.52008 -3.7253 10
      vertex 5.65526 -3.72716 9.92811
      vertex 5.57646 -3.72607 9.99346
    endloop
  endfacet
  facet normal -0.0137581 -0.999905 0
    outer loop
      vertex 5.52008 -3.7253 10
      vertex 5.65526 -3.72716 3.07188
      vertex 5.65526 -3.72716 9.92811
    endloop
  endfacet
  facet normal -0.0137581 -0.999905 0
    outer loop
      vertex 5.52008 -3.7253 3
      vertex 5.65526 -3.72716 3.07188
      vertex 5.52008 -3.7253 10
    endloop
  endfacet
  facet normal -0.0136276 -0.999907 -0.000245581
    outer loop
      vertex 5.65526 -3.72716 3.07188
      vertex 5.52008 -3.7253 3
      vertex 5.57646 -3.72607 3.00654
    endloop
  endfacet
  facet normal -0.0135832 -0.999908 -0.000628357
    outer loop
      vertex 5.57646 -3.72607 3.00654
      vertex 5.52008 -3.7253 3
      vertex 5.57078 -3.72599 3.00202
    endloop
  endfacet
  facet normal -0.0137058 -0.999903 0.00245188
    outer loop
      vertex 5.57078 -3.72599 3.00202
      vertex 5.52008 -3.7253 3
      vertex 5.56823 -3.72596 3
    endloop
  endfacet
  facet normal 0.0226983 -0.999742 0
    outer loop
      vertex 5.65526 -3.72716 9.92811
      vertex 5.79268 -3.72404 3.18328
      vertex 5.79268 -3.72404 9.81671
    endloop
  endfacet
  facet normal 0.0226983 -0.999742 0
    outer loop
      vertex 5.79268 -3.72404 3.18328
      vertex 5.65526 -3.72716 9.92811
      vertex 5.65526 -3.72716 3.07188
    endloop
  endfacet
  facet normal 0.0575266 -0.998344 0
    outer loop
      vertex 5.79268 -3.72404 9.81671
      vertex 5.93221 -3.716 3.29389
      vertex 5.93221 -3.716 9.70609
    endloop
  endfacet
  facet normal 0.0575266 -0.998344 0
    outer loop
      vertex 5.93221 -3.716 3.29389
      vertex 5.79268 -3.72404 9.81671
      vertex 5.79268 -3.72404 3.18328
    endloop
  endfacet
  facet normal 0.86604 -0.499971 0.0021395
    outer loop
      vertex 6.0484 -3.51475 9.71346
      vertex 6.18427 -3.27943 9.70609
      vertex 6.05823 -3.49772 9.71408
    endloop
  endfacet
  facet normal 0.866013 -0.500022 0
    outer loop
      vertex 6.18427 -3.27943 9.70609
      vertex 6.0484 -3.51475 9.71346
      vertex 6.18427 -3.27943 3.2939
    endloop
  endfacet
  facet normal 0.866013 -0.500022 0
    outer loop
      vertex 6.0484 -3.51475 3.28653
      vertex 6.18427 -3.27943 3.2939
      vertex 6.0484 -3.51475 9.71346
    endloop
  endfacet
  facet normal 0.86604 -0.499971 -0.0021395
    outer loop
      vertex 6.18427 -3.27943 3.2939
      vertex 6.0484 -3.51475 3.28653
      vertex 6.05823 -3.49772 3.28591
    endloop
  endfacet
  facet normal 0.866029 -0.499994 0
    outer loop
      vertex 5.93221 -3.716 9.70609
      vertex 6.0484 -3.51475 3.28653
      vertex 6.0484 -3.51475 9.71346
    endloop
  endfacet
  facet normal 0.866029 -0.499994 0
    outer loop
      vertex 6.0484 -3.51475 3.28653
      vertex 5.93221 -3.716 9.70609
      vertex 5.93221 -3.716 3.29389
    endloop
  endfacet
  facet normal 0.893268 0.449525 0
    outer loop
      vertex 6.1339 -3.17931 9.7948
      vertex 6.12146 -3.15459 3.18328
      vertex 6.12146 -3.15459 9.81671
    endloop
  endfacet
  facet normal 0.893268 0.449525 0
    outer loop
      vertex 6.1339 -3.17931 9.7948
      vertex 6.1339 -3.17931 3.20519
      vertex 6.12146 -3.15459 3.18328
    endloop
  endfacet
  facet normal 0.893318 0.449425 0
    outer loop
      vertex 6.18427 -3.27943 9.70609
      vertex 6.1339 -3.17931 3.20519
      vertex 6.1339 -3.17931 9.7948
    endloop
  endfacet
  facet normal 0.893318 0.449425 0
    outer loop
      vertex 6.1339 -3.17931 3.20519
      vertex 6.18427 -3.27943 9.70609
      vertex 6.18427 -3.27943 3.2939
    endloop
  endfacet
  facet normal 0.877163 0.480192 0
    outer loop
      vertex 6.12146 -3.15459 9.81671
      vertex 6.05545 -3.03401 3.07189
      vertex 6.05545 -3.03401 9.92811
    endloop
  endfacet
  facet normal 0.877163 0.480192 0
    outer loop
      vertex 6.05545 -3.03401 3.07189
      vertex 6.12146 -3.15459 9.81671
      vertex 6.12146 -3.15459 3.18328
    endloop
  endfacet
  facet normal 0.859064 0.511867 0.000969791
    outer loop
      vertex 6.01511 -2.96632 9.99345
      vertex 5.98624 -2.91788 10
      vertex 6.01089 -2.95925 10
    endloop
  endfacet
  facet normal 0.859016 0.511948 0
    outer loop
      vertex 5.98624 -2.91788 10
      vertex 6.05545 -3.03401 9.92811
      vertex 5.98624 -2.91788 3
    endloop
  endfacet
  facet normal 0.859004 0.511968 -4.44068e-05
    outer loop
      vertex 5.98624 -2.91788 10
      vertex 6.01511 -2.96632 9.99345
      vertex 6.05545 -3.03401 9.92811
    endloop
  endfacet
  facet normal 0.859016 0.511948 -0
    outer loop
      vertex 6.05545 -3.03401 3.07189
      vertex 5.98624 -2.91788 3
      vertex 6.05545 -3.03401 9.92811
    endloop
  endfacet
  facet normal 0.859004 0.511968 4.44068e-05
    outer loop
      vertex 6.01511 -2.96632 3.00655
      vertex 5.98624 -2.91788 3
      vertex 6.05545 -3.03401 3.07189
    endloop
  endfacet
  facet normal 0.859064 0.511867 -0.000969791
    outer loop
      vertex 5.98624 -2.91788 3
      vertex 6.01511 -2.96632 3.00655
      vertex 6.01089 -2.95925 3
    endloop
  endfacet
  facet normal 0.839067 0.544028 0
    outer loop
      vertex 5.98624 -2.91788 10
      vertex 5.91394 -2.80637 3
      vertex 5.91394 -2.80637 10
    endloop
  endfacet
  facet normal 0.839067 0.544028 0
    outer loop
      vertex 5.91394 -2.80637 3
      vertex 5.98624 -2.91788 10
      vertex 5.98624 -2.91788 3
    endloop
  endfacet
  facet normal 0.816872 0.576818 0
    outer loop
      vertex 5.91394 -2.80637 10
      vertex 5.83861 -2.69969 3
      vertex 5.83861 -2.69969 10
    endloop
  endfacet
  facet normal 0.816872 0.576818 0
    outer loop
      vertex 5.83861 -2.69969 3
      vertex 5.91394 -2.80637 10
      vertex 5.91394 -2.80637 3
    endloop
  endfacet
  facet normal 0.791963 0.610569 0
    outer loop
      vertex 5.83861 -2.69969 10
      vertex 5.76025 -2.59805 3
      vertex 5.76025 -2.59805 10
    endloop
  endfacet
  facet normal 0.791963 0.610569 0
    outer loop
      vertex 5.76025 -2.59805 3
      vertex 5.83861 -2.69969 10
      vertex 5.83861 -2.69969 3
    endloop
  endfacet
  facet normal 0.763925 0.645305 0
    outer loop
      vertex 5.76025 -2.59805 10
      vertex 5.67892 -2.50177 3
      vertex 5.67892 -2.50177 10
    endloop
  endfacet
  facet normal 0.763925 0.645305 0
    outer loop
      vertex 5.67892 -2.50177 3
      vertex 5.76025 -2.59805 10
      vertex 5.76025 -2.59805 3
    endloop
  endfacet
  facet normal 0.731984 0.681322 0
    outer loop
      vertex 5.67892 -2.50177 10
      vertex 5.5946 -2.41118 3
      vertex 5.5946 -2.41118 10
    endloop
  endfacet
  facet normal 0.731984 0.681322 0
    outer loop
      vertex 5.5946 -2.41118 3
      vertex 5.67892 -2.50177 10
      vertex 5.67892 -2.50177 3
    endloop
  endfacet
  facet normal 0.694608 0.719389 -0
    outer loop
      vertex 5.5946 -2.41118 3
      vertex 5.50722 -2.32681 10
      vertex 5.5946 -2.41118 10
    endloop
  endfacet
  facet normal 0.694608 0.719389 0
    outer loop
      vertex 5.50722 -2.32681 10
      vertex 5.5946 -2.41118 3
      vertex 5.50722 -2.32681 3
    endloop
  endfacet
  facet normal 0.649457 0.760399 -0
    outer loop
      vertex 5.50722 -2.32681 3
      vertex 5.41661 -2.24942 10
      vertex 5.50722 -2.32681 10
    endloop
  endfacet
  facet normal 0.649457 0.760399 0
    outer loop
      vertex 5.41661 -2.24942 10
      vertex 5.50722 -2.32681 3
      vertex 5.41661 -2.24942 3
    endloop
  endfacet
  facet normal 0.591382 0.806391 -0
    outer loop
      vertex 5.41661 -2.24942 3
      vertex 5.32236 -2.1803 10
      vertex 5.41661 -2.24942 10
    endloop
  endfacet
  facet normal 0.591382 0.806391 0
    outer loop
      vertex 5.32236 -2.1803 10
      vertex 5.41661 -2.24942 3
      vertex 5.32236 -2.1803 3
    endloop
  endfacet
  facet normal 0.497352 0.867549 -0
    outer loop
      vertex 5.32236 -2.1803 3
      vertex 5.22302 -2.12335 10
      vertex 5.32236 -2.1803 10
    endloop
  endfacet
  facet normal 0.497352 0.867549 0
    outer loop
      vertex 5.22302 -2.12335 10
      vertex 5.32236 -2.1803 3
      vertex 5.22302 -2.12335 3
    endloop
  endfacet
  facet normal 0.376596 0.926378 -0
    outer loop
      vertex 5.22302 -2.12335 3
      vertex 4.39847 -1.78815 10
      vertex 5.22302 -2.12335 10
    endloop
  endfacet
  facet normal 0.376596 0.926378 0
    outer loop
      vertex 4.39847 -1.78815 10
      vertex 5.22302 -2.12335 3
      vertex 4.39847 -1.78815 3
    endloop
  endfacet
  facet normal 0.946937 -0.321419 0
    outer loop
      vertex 4.39847 -1.78815 10
      vertex 4.58813 -1.22939 3
      vertex 4.58813 -1.22939 10
    endloop
  endfacet
  facet normal 0.946937 -0.321419 0
    outer loop
      vertex 4.58813 -1.22939 3
      vertex 4.39847 -1.78815 10
      vertex 4.39847 -1.78815 3
    endloop
  endfacet
  facet normal 0.980785 -0.195093 0
    outer loop
      vertex 4.58813 -1.22939 10
      vertex 4.70325 -0.65065 3
      vertex 4.70325 -0.65065 10
    endloop
  endfacet
  facet normal 0.980785 -0.195093 0
    outer loop
      vertex 4.70325 -0.65065 3
      vertex 4.58813 -1.22939 10
      vertex 4.58813 -1.22939 3
    endloop
  endfacet
  facet normal -0.137039 -0.990566 0
    outer loop
      vertex 4.70325 -0.65065 3
      vertex 5.58496 -0.772629 10
      vertex 4.70325 -0.65065 10
    endloop
  endfacet
  facet normal -0.137039 -0.990566 -0
    outer loop
      vertex 5.58496 -0.772629 10
      vertex 4.70325 -0.65065 3
      vertex 5.58496 -0.772629 3
    endloop
  endfacet
  facet normal -0.00306549 -0.999995 0
    outer loop
      vertex 5.58496 -0.772629 3
      vertex 5.69946 -0.77298 10
      vertex 5.58496 -0.772629 10
    endloop
  endfacet
  facet normal -0.00306549 -0.999995 -0
    outer loop
      vertex 5.69946 -0.77298 10
      vertex 5.58496 -0.772629 3
      vertex 5.69946 -0.77298 3
    endloop
  endfacet
  facet normal 0.108886 -0.994054 0
    outer loop
      vertex 5.69946 -0.77298 3
      vertex 5.81564 -0.760254 10
      vertex 5.69946 -0.77298 10
    endloop
  endfacet
  facet normal 0.108886 -0.994054 0
    outer loop
      vertex 5.81564 -0.760254 10
      vertex 5.69946 -0.77298 3
      vertex 5.81564 -0.760254 3
    endloop
  endfacet
  facet normal 0.182325 -0.983238 0
    outer loop
      vertex 5.81564 -0.760254 3
      vertex 5.93282 -0.738525 10
      vertex 5.81564 -0.760254 10
    endloop
  endfacet
  facet normal 0.182325 -0.983238 0
    outer loop
      vertex 5.93282 -0.738525 10
      vertex 5.81564 -0.760254 3
      vertex 5.93282 -0.738525 3
    endloop
  endfacet
  facet normal 0.241842 -0.970316 0
    outer loop
      vertex 5.93282 -0.738525 3
      vertex 6.05067 -0.709152 10
      vertex 5.93282 -0.738525 10
    endloop
  endfacet
  facet normal 0.241842 -0.970316 0
    outer loop
      vertex 6.05067 -0.709152 10
      vertex 5.93282 -0.738525 3
      vertex 6.05067 -0.709152 3
    endloop
  endfacet
  facet normal 0.293191 -0.956054 0
    outer loop
      vertex 6.05067 -0.709152 3
      vertex 6.16899 -0.672867 10
      vertex 6.05067 -0.709152 10
    endloop
  endfacet
  facet normal 0.293191 -0.956054 0
    outer loop
      vertex 6.16899 -0.672867 10
      vertex 6.05067 -0.709152 3
      vertex 6.16899 -0.672867 3
    endloop
  endfacet
  facet normal 0.338974 -0.940796 0
    outer loop
      vertex 6.16899 -0.672867 3
      vertex 6.28757 -0.630142 10
      vertex 6.16899 -0.672867 10
    endloop
  endfacet
  facet normal 0.338974 -0.940796 0
    outer loop
      vertex 6.28757 -0.630142 10
      vertex 6.16899 -0.672867 3
      vertex 6.28757 -0.630142 3
    endloop
  endfacet
  facet normal 0.380637 -0.924725 0
    outer loop
      vertex 6.28757 -0.630142 3
      vertex 6.40623 -0.581299 10
      vertex 6.28757 -0.630142 10
    endloop
  endfacet
  facet normal 0.380637 -0.924725 0
    outer loop
      vertex 6.40623 -0.581299 10
      vertex 6.28757 -0.630142 3
      vertex 6.40623 -0.581299 3
    endloop
  endfacet
  facet normal 0.418929 -0.908019 0
    outer loop
      vertex 6.40623 -0.581299 3
      vertex 6.52483 -0.526581 10
      vertex 6.40623 -0.581299 10
    endloop
  endfacet
  facet normal 0.418929 -0.908019 0
    outer loop
      vertex 6.52483 -0.526581 10
      vertex 6.40623 -0.581299 3
      vertex 6.52483 -0.526581 3
    endloop
  endfacet
  facet normal 0.454693 -0.890648 0
    outer loop
      vertex 6.52483 -0.526581 3
      vertex 6.64319 -0.466156 10
      vertex 6.52483 -0.526581 10
    endloop
  endfacet
  facet normal 0.454693 -0.890648 0
    outer loop
      vertex 6.64319 -0.466156 10
      vertex 6.52483 -0.526581 3
      vertex 6.64319 -0.466156 3
    endloop
  endfacet
  facet normal 0.487983 -0.872853 -0.000174234
    outer loop
      vertex 6.64319 -0.466156 10
      vertex 6.6924 -0.438643 9.99345
      vertex 6.68521 -0.442664 10
    endloop
  endfacet
  facet normal 0.488006 -0.87284 5.38029e-05
    outer loop
      vertex 6.64319 -0.466156 10
      vertex 6.76118 -0.400192 9.92811
      vertex 6.6924 -0.438643 9.99345
    endloop
  endfacet
  facet normal 0.487982 -0.872854 0
    outer loop
      vertex 6.64319 -0.466156 10
      vertex 6.76118 -0.400192 3.07189
      vertex 6.76118 -0.400192 9.92811
    endloop
  endfacet
  facet normal 0.487982 -0.872854 0
    outer loop
      vertex 6.64319 -0.466156 3
      vertex 6.76118 -0.400192 3.07189
      vertex 6.64319 -0.466156 10
    endloop
  endfacet
  facet normal 0.488006 -0.87284 -5.38029e-05
    outer loop
      vertex 6.76118 -0.400192 3.07189
      vertex 6.64319 -0.466156 3
      vertex 6.6924 -0.438643 3.00655
    endloop
  endfacet
  facet normal 0.487983 -0.872853 0.000174234
    outer loop
      vertex 6.6924 -0.438643 3.00655
      vertex 6.64319 -0.466156 3
      vertex 6.68521 -0.442664 3
    endloop
  endfacet
  facet normal 0.519456 -0.854497 0
    outer loop
      vertex 6.76118 -0.400192 9.92811
      vertex 6.87865 -0.328781 3.1833
      vertex 6.87865 -0.328781 9.81669
    endloop
  endfacet
  facet normal 0.519456 -0.854497 0
    outer loop
      vertex 6.87865 -0.328781 3.1833
      vertex 6.76118 -0.400192 9.92811
      vertex 6.76118 -0.400192 3.07189
    endloop
  endfacet
  facet normal 0.549015 -0.835813 0
    outer loop
      vertex 6.90177 -0.313595 9.7948
      vertex 6.99545 -0.25206 3.2939
      vertex 6.99545 -0.25206 9.70608
    endloop
  endfacet
  facet normal 0.548998 -0.835824 0
    outer loop
      vertex 6.90177 -0.313595 3.20519
      vertex 6.90177 -0.313595 9.7948
      vertex 6.87865 -0.328781 9.81669
    endloop
  endfacet
  facet normal 0.549015 -0.835813 0
    outer loop
      vertex 6.90177 -0.313595 9.7948
      vertex 6.90177 -0.313595 3.20519
      vertex 6.99545 -0.25206 3.2939
    endloop
  endfacet
  facet normal 0.548998 -0.835824 0
    outer loop
      vertex 6.90177 -0.313595 3.20519
      vertex 6.87865 -0.328781 9.81669
      vertex 6.87865 -0.328781 3.1833
    endloop
  endfacet
  facet normal 1 0 0
    outer loop
      vertex 6.99545 0 9.71407
      vertex 6.99545 0.25206 3.2939
      vertex 6.99545 0.25206 9.70608
    endloop
  endfacet
  facet normal 1 0 0
    outer loop
      vertex 6.99545 0 9.71407
      vertex 6.99545 0 3.28592
      vertex 6.99545 0.25206 3.2939
    endloop
  endfacet
  facet normal 1 -0 0
    outer loop
      vertex 6.99545 -0.25206 9.70608
      vertex 6.99545 0 3.28592
      vertex 6.99545 0 9.71407
    endloop
  endfacet
  facet normal 1 0 0
    outer loop
      vertex 6.99545 0 3.28592
      vertex 6.99545 -0.25206 9.70608
      vertex 6.99545 -0.25206 3.2939
    endloop
  endfacet
  facet normal 0.549015 0.835813 -0
    outer loop
      vertex 6.99545 0.25206 3.2939
      vertex 6.90177 0.313595 9.7948
      vertex 6.99545 0.25206 9.70608
    endloop
  endfacet
  facet normal 0.549015 0.835813 -0
    outer loop
      vertex 6.90177 0.313595 3.20519
      vertex 6.90177 0.313595 9.7948
      vertex 6.99545 0.25206 3.2939
    endloop
  endfacet
  facet normal 0.548998 0.835824 0
    outer loop
      vertex 6.90177 0.313595 9.7948
      vertex 6.90177 0.313595 3.20519
      vertex 6.87865 0.328781 9.81669
    endloop
  endfacet
  facet normal 0.548998 0.835824 0
    outer loop
      vertex 6.87865 0.328781 9.81669
      vertex 6.90177 0.313595 3.20519
      vertex 6.87865 0.328781 3.1833
    endloop
  endfacet
  facet normal 0.519456 0.854497 -0
    outer loop
      vertex 6.87865 0.328781 3.1833
      vertex 6.76118 0.400192 9.92811
      vertex 6.87865 0.328781 9.81669
    endloop
  endfacet
  facet normal 0.519456 0.854497 0
    outer loop
      vertex 6.76118 0.400192 9.92811
      vertex 6.87865 0.328781 3.1833
      vertex 6.76118 0.400192 3.07189
    endloop
  endfacet
  facet normal 0.487983 0.872853 -0.000174234
    outer loop
      vertex 6.6924 0.438643 9.99345
      vertex 6.64319 0.466156 10
      vertex 6.68521 0.442664 10
    endloop
  endfacet
  facet normal 0.488006 0.87284 5.38029e-05
    outer loop
      vertex 6.76118 0.400192 9.92811
      vertex 6.64319 0.466156 10
      vertex 6.6924 0.438643 9.99345
    endloop
  endfacet
  facet normal 0.487982 0.872854 -0
    outer loop
      vertex 6.76118 0.400192 3.07189
      vertex 6.64319 0.466156 10
      vertex 6.76118 0.400192 9.92811
    endloop
  endfacet
  facet normal 0.488006 0.87284 -5.38029e-05
    outer loop
      vertex 6.64319 0.466156 3
      vertex 6.76118 0.400192 3.07189
      vertex 6.6924 0.438643 3.00655
    endloop
  endfacet
  facet normal 0.487983 0.872853 0.000174234
    outer loop
      vertex 6.64319 0.466156 3
      vertex 6.6924 0.438643 3.00655
      vertex 6.68521 0.442664 3
    endloop
  endfacet
  facet normal 0.487982 0.872854 0
    outer loop
      vertex 6.76118 0.400192 3.07189
      vertex 6.64319 0.466156 3
      vertex 6.64319 0.466156 10
    endloop
  endfacet
  facet normal 0.454693 0.890648 -0
    outer loop
      vertex 6.64319 0.466156 3
      vertex 6.52483 0.526581 10
      vertex 6.64319 0.466156 10
    endloop
  endfacet
  facet normal 0.454693 0.890648 0
    outer loop
      vertex 6.52483 0.526581 10
      vertex 6.64319 0.466156 3
      vertex 6.52483 0.526581 3
    endloop
  endfacet
  facet normal 0.418929 0.908019 -0
    outer loop
      vertex 6.52483 0.526581 3
      vertex 6.40623 0.581299 10
      vertex 6.52483 0.526581 10
    endloop
  endfacet
  facet normal 0.418929 0.908019 0
    outer loop
      vertex 6.40623 0.581299 10
      vertex 6.52483 0.526581 3
      vertex 6.40623 0.581299 3
    endloop
  endfacet
  facet normal 0.380637 0.924725 -0
    outer loop
      vertex 6.40623 0.581299 3
      vertex 6.28757 0.630142 10
      vertex 6.40623 0.581299 10
    endloop
  endfacet
  facet normal 0.380637 0.924725 0
    outer loop
      vertex 6.28757 0.630142 10
      vertex 6.40623 0.581299 3
      vertex 6.28757 0.630142 3
    endloop
  endfacet
  facet normal 0.338974 0.940796 -0
    outer loop
      vertex 6.28757 0.630142 3
      vertex 6.16899 0.672867 10
      vertex 6.28757 0.630142 10
    endloop
  endfacet
  facet normal 0.338974 0.940796 0
    outer loop
      vertex 6.16899 0.672867 10
      vertex 6.28757 0.630142 3
      vertex 6.16899 0.672867 3
    endloop
  endfacet
  facet normal 0.293191 0.956054 -0
    outer loop
      vertex 6.16899 0.672867 3
      vertex 6.05067 0.709152 10
      vertex 6.16899 0.672867 10
    endloop
  endfacet
  facet normal 0.293191 0.956054 0
    outer loop
      vertex 6.05067 0.709152 10
      vertex 6.16899 0.672867 3
      vertex 6.05067 0.709152 3
    endloop
  endfacet
  facet normal 0.241842 0.970316 -0
    outer loop
      vertex 6.05067 0.709152 3
      vertex 5.93282 0.738525 10
      vertex 6.05067 0.709152 10
    endloop
  endfacet
  facet normal 0.241842 0.970316 0
    outer loop
      vertex 5.93282 0.738525 10
      vertex 6.05067 0.709152 3
      vertex 5.93282 0.738525 3
    endloop
  endfacet
  facet normal 0.182325 0.983238 -0
    outer loop
      vertex 5.93282 0.738525 3
      vertex 5.81564 0.760254 10
      vertex 5.93282 0.738525 10
    endloop
  endfacet
  facet normal 0.182325 0.983238 0
    outer loop
      vertex 5.81564 0.760254 10
      vertex 5.93282 0.738525 3
      vertex 5.81564 0.760254 3
    endloop
  endfacet
  facet normal 0.108886 0.994054 -0
    outer loop
      vertex 5.81564 0.760254 3
      vertex 5.69946 0.77298 10
      vertex 5.81564 0.760254 10
    endloop
  endfacet
  facet normal 0.108886 0.994054 0
    outer loop
      vertex 5.69946 0.77298 10
      vertex 5.81564 0.760254 3
      vertex 5.69946 0.77298 3
    endloop
  endfacet
  facet normal -0.00306549 0.999995 0
    outer loop
      vertex 5.69946 0.77298 3
      vertex 5.58496 0.772629 10
      vertex 5.69946 0.77298 10
    endloop
  endfacet
  facet normal -0.00306549 0.999995 0
    outer loop
      vertex 5.58496 0.772629 10
      vertex 5.69946 0.77298 3
      vertex 5.58496 0.772629 3
    endloop
  endfacet
  facet normal -0.137039 0.990566 0
    outer loop
      vertex 5.58496 0.772629 3
      vertex 4.70325 0.65065 10
      vertex 5.58496 0.772629 10
    endloop
  endfacet
  facet normal -0.137039 0.990566 0
    outer loop
      vertex 4.70325 0.65065 10
      vertex 5.58496 0.772629 3
      vertex 4.70325 0.65065 3
    endloop
  endfacet
  facet normal 0.980785 0.195093 0
    outer loop
      vertex 4.70325 0.65065 10
      vertex 4.58813 1.22939 3
      vertex 4.58813 1.22939 10
    endloop
  endfacet
  facet normal 0.980785 0.195093 0
    outer loop
      vertex 4.58813 1.22939 3
      vertex 4.70325 0.65065 10
      vertex 4.70325 0.65065 3
    endloop
  endfacet
  facet normal 0.946937 0.321419 0
    outer loop
      vertex 4.58813 1.22939 10
      vertex 4.39847 1.78815 3
      vertex 4.39847 1.78815 10
    endloop
  endfacet
  facet normal 0.946937 0.321419 0
    outer loop
      vertex 4.39847 1.78815 3
      vertex 4.58813 1.22939 10
      vertex 4.58813 1.22939 3
    endloop
  endfacet
  facet normal 0.376596 -0.926378 0
    outer loop
      vertex 4.39847 1.78815 3
      vertex 5.22302 2.12335 10
      vertex 4.39847 1.78815 10
    endloop
  endfacet
  facet normal 0.376596 -0.926378 0
    outer loop
      vertex 5.22302 2.12335 10
      vertex 4.39847 1.78815 3
      vertex 5.22302 2.12335 3
    endloop
  endfacet
  facet normal 0.497352 -0.867549 0
    outer loop
      vertex 5.22302 2.12335 3
      vertex 5.32236 2.1803 10
      vertex 5.22302 2.12335 10
    endloop
  endfacet
  facet normal 0.497352 -0.867549 0
    outer loop
      vertex 5.32236 2.1803 10
      vertex 5.22302 2.12335 3
      vertex 5.32236 2.1803 3
    endloop
  endfacet
  facet normal 0.591382 -0.806391 0
    outer loop
      vertex 5.32236 2.1803 3
      vertex 5.41661 2.24942 10
      vertex 5.32236 2.1803 10
    endloop
  endfacet
  facet normal 0.591382 -0.806391 0
    outer loop
      vertex 5.41661 2.24942 10
      vertex 5.32236 2.1803 3
      vertex 5.41661 2.24942 3
    endloop
  endfacet
  facet normal 0.649457 -0.760399 0
    outer loop
      vertex 5.41661 2.24942 3
      vertex 5.50722 2.32681 10
      vertex 5.41661 2.24942 10
    endloop
  endfacet
  facet normal 0.649457 -0.760399 0
    outer loop
      vertex 5.50722 2.32681 10
      vertex 5.41661 2.24942 3
      vertex 5.50722 2.32681 3
    endloop
  endfacet
  facet normal 0.694608 -0.719389 0
    outer loop
      vertex 5.50722 2.32681 3
      vertex 5.5946 2.41118 10
      vertex 5.50722 2.32681 10
    endloop
  endfacet
  facet normal 0.694608 -0.719389 0
    outer loop
      vertex 5.5946 2.41118 10
      vertex 5.50722 2.32681 3
      vertex 5.5946 2.41118 3
    endloop
  endfacet
  facet normal 0.731984 -0.681322 0
    outer loop
      vertex 5.5946 2.41118 10
      vertex 5.67892 2.50177 3
      vertex 5.67892 2.50177 10
    endloop
  endfacet
  facet normal 0.731984 -0.681322 0
    outer loop
      vertex 5.67892 2.50177 3
      vertex 5.5946 2.41118 10
      vertex 5.5946 2.41118 3
    endloop
  endfacet
  facet normal 0.763925 -0.645305 0
    outer loop
      vertex 5.67892 2.50177 10
      vertex 5.76025 2.59805 3
      vertex 5.76025 2.59805 10
    endloop
  endfacet
  facet normal 0.763925 -0.645305 0
    outer loop
      vertex 5.76025 2.59805 3
      vertex 5.67892 2.50177 10
      vertex 5.67892 2.50177 3
    endloop
  endfacet
  facet normal 0.791963 -0.610569 0
    outer loop
      vertex 5.76025 2.59805 10
      vertex 5.83861 2.69969 3
      vertex 5.83861 2.69969 10
    endloop
  endfacet
  facet normal 0.791963 -0.610569 0
    outer loop
      vertex 5.83861 2.69969 3
      vertex 5.76025 2.59805 10
      vertex 5.76025 2.59805 3
    endloop
  endfacet
  facet normal 0.816872 -0.576818 0
    outer loop
      vertex 5.83861 2.69969 10
      vertex 5.91394 2.80637 3
      vertex 5.91394 2.80637 10
    endloop
  endfacet
  facet normal 0.816872 -0.576818 0
    outer loop
      vertex 5.91394 2.80637 3
      vertex 5.83861 2.69969 10
      vertex 5.83861 2.69969 3
    endloop
  endfacet
  facet normal 0.839067 -0.544028 0
    outer loop
      vertex 5.91394 2.80637 10
      vertex 5.98624 2.91788 3
      vertex 5.98624 2.91788 10
    endloop
  endfacet
  facet normal 0.839067 -0.544028 0
    outer loop
      vertex 5.98624 2.91788 3
      vertex 5.91394 2.80637 10
      vertex 5.91394 2.80637 3
    endloop
  endfacet
  facet normal 0.859004 -0.511968 -4.44068e-05
    outer loop
      vertex 5.98624 2.91788 10
      vertex 6.05545 3.03401 9.92811
      vertex 6.01511 2.96632 9.99345
    endloop
  endfacet
  facet normal 0.859016 -0.511948 0
    outer loop
      vertex 6.05545 3.03401 9.92811
      vertex 5.98624 2.91788 10
      vertex 6.05545 3.03401 3.07189
    endloop
  endfacet
  facet normal 0.859064 -0.511867 0.000969791
    outer loop
      vertex 5.98624 2.91788 10
      vertex 6.01511 2.96632 9.99345
      vertex 6.01089 2.95925 10
    endloop
  endfacet
  facet normal 0.859016 -0.511948 0
    outer loop
      vertex 5.98624 2.91788 3
      vertex 6.05545 3.03401 3.07189
      vertex 5.98624 2.91788 10
    endloop
  endfacet
  facet normal 0.859004 -0.511968 4.44068e-05
    outer loop
      vertex 6.05545 3.03401 3.07189
      vertex 5.98624 2.91788 3
      vertex 6.01511 2.96632 3.00655
    endloop
  endfacet
  facet normal 0.859064 -0.511867 -0.000969791
    outer loop
      vertex 6.01511 2.96632 3.00655
      vertex 5.98624 2.91788 3
      vertex 6.01089 2.95925 3
    endloop
  endfacet
  facet normal 0.877163 -0.480192 0
    outer loop
      vertex 6.05545 3.03401 9.92811
      vertex 6.12146 3.15459 3.18328
      vertex 6.12146 3.15459 9.81671
    endloop
  endfacet
  facet normal 0.877163 -0.480192 0
    outer loop
      vertex 6.12146 3.15459 3.18328
      vertex 6.05545 3.03401 9.92811
      vertex 6.05545 3.03401 3.07189
    endloop
  endfacet
  facet normal 0.893318 -0.449425 0
    outer loop
      vertex 6.1339 3.17931 9.7948
      vertex 6.18427 3.27943 3.2939
      vertex 6.18427 3.27943 9.70609
    endloop
  endfacet
  facet normal 0.893318 -0.449425 0
    outer loop
      vertex 6.1339 3.17931 9.7948
      vertex 6.1339 3.17931 3.20519
      vertex 6.18427 3.27943 3.2939
    endloop
  endfacet
  facet normal 0.893268 -0.449525 0
    outer loop
      vertex 6.12146 3.15459 9.81671
      vertex 6.1339 3.17931 3.20519
      vertex 6.1339 3.17931 9.7948
    endloop
  endfacet
  facet normal 0.893268 -0.449525 0
    outer loop
      vertex 6.1339 3.17931 3.20519
      vertex 6.12146 3.15459 9.81671
      vertex 6.12146 3.15459 3.18328
    endloop
  endfacet
  facet normal 0.866029 0.499994 0
    outer loop
      vertex 6.0484 3.51475 9.71346
      vertex 5.93221 3.716 3.29389
      vertex 5.93221 3.716 9.70609
    endloop
  endfacet
  facet normal 0.866029 0.499994 0
    outer loop
      vertex 6.0484 3.51475 9.71346
      vertex 6.0484 3.51475 3.28653
      vertex 5.93221 3.716 3.29389
    endloop
  endfacet
  facet normal 0.86604 0.499971 0.0021395
    outer loop
      vertex 6.18427 3.27943 9.70609
      vertex 6.0484 3.51475 9.71346
      vertex 6.05823 3.49772 9.71408
    endloop
  endfacet
  facet normal 0.866013 0.500022 0
    outer loop
      vertex 6.0484 3.51475 9.71346
      vertex 6.18427 3.27943 9.70609
      vertex 6.0484 3.51475 3.28653
    endloop
  endfacet
  facet normal 0.866013 0.500022 -0
    outer loop
      vertex 6.18427 3.27943 3.2939
      vertex 6.0484 3.51475 3.28653
      vertex 6.18427 3.27943 9.70609
    endloop
  endfacet
  facet normal 0.86604 0.499971 -0.0021395
    outer loop
      vertex 6.0484 3.51475 3.28653
      vertex 6.18427 3.27943 3.2939
      vertex 6.05823 3.49772 3.28591
    endloop
  endfacet
  facet normal 0.0575266 0.998344 -0
    outer loop
      vertex 5.93221 3.716 3.29389
      vertex 5.79268 3.72404 9.81671
      vertex 5.93221 3.716 9.70609
    endloop
  endfacet
  facet normal 0.0575266 0.998344 0
    outer loop
      vertex 5.79268 3.72404 9.81671
      vertex 5.93221 3.716 3.29389
      vertex 5.79268 3.72404 3.18328
    endloop
  endfacet
  facet normal 0.0226983 0.999742 -0
    outer loop
      vertex 5.79268 3.72404 3.18328
      vertex 5.65526 3.72716 9.92811
      vertex 5.79268 3.72404 9.81671
    endloop
  endfacet
  facet normal 0.0226983 0.999742 0
    outer loop
      vertex 5.65526 3.72716 9.92811
      vertex 5.79268 3.72404 3.18328
      vertex 5.65526 3.72716 3.07188
    endloop
  endfacet
  facet normal -0.0137058 0.999903 -0.00245188
    outer loop
      vertex 5.57078 3.72599 9.99798
      vertex 5.52008 3.7253 10
      vertex 5.56823 3.72596 10
    endloop
  endfacet
  facet normal -0.0135832 0.999908 0.000628357
    outer loop
      vertex 5.57646 3.72607 9.99346
      vertex 5.52008 3.7253 10
      vertex 5.57078 3.72599 9.99798
    endloop
  endfacet
  facet normal -0.0136276 0.999907 0.000245537
    outer loop
      vertex 5.65526 3.72716 9.92811
      vertex 5.52008 3.7253 10
      vertex 5.57646 3.72607 9.99346
    endloop
  endfacet
  facet normal -0.0137581 0.999905 0
    outer loop
      vertex 5.65526 3.72716 3.07188
      vertex 5.52008 3.7253 10
      vertex 5.65526 3.72716 9.92811
    endloop
  endfacet
  facet normal -0.0136276 0.999907 -0.000245581
    outer loop
      vertex 5.52008 3.7253 3
      vertex 5.65526 3.72716 3.07188
      vertex 5.57646 3.72607 3.00654
    endloop
  endfacet
  facet normal -0.0135832 0.999908 -0.000628357
    outer loop
      vertex 5.52008 3.7253 3
      vertex 5.57646 3.72607 3.00654
      vertex 5.57078 3.72599 3.00202
    endloop
  endfacet
  facet normal -0.0137058 0.999903 0.00245188
    outer loop
      vertex 5.52008 3.7253 3
      vertex 5.57078 3.72599 3.00202
      vertex 5.56823 3.72596 3
    endloop
  endfacet
  facet normal -0.0137581 0.999905 0
    outer loop
      vertex 5.65526 3.72716 3.07188
      vertex 5.52008 3.7253 3
      vertex 5.52008 3.7253 10
    endloop
  endfacet
  facet normal -0.0516189 0.998667 0
    outer loop
      vertex 5.52008 3.7253 3
      vertex 5.38736 3.71844 10
      vertex 5.52008 3.7253 10
    endloop
  endfacet
  facet normal -0.0516189 0.998667 0
    outer loop
      vertex 5.38736 3.71844 10
      vertex 5.52008 3.7253 3
      vertex 5.38736 3.71844 3
    endloop
  endfacet
  facet normal -0.0911985 0.995833 0
    outer loop
      vertex 5.38736 3.71844 3
      vertex 5.25731 3.70653 10
      vertex 5.38736 3.71844 10
    endloop
  endfacet
  facet normal -0.0911985 0.995833 0
    outer loop
      vertex 5.25731 3.70653 10
      vertex 5.38736 3.71844 3
      vertex 5.25731 3.70653 3
    endloop
  endfacet
  facet normal -0.1327 0.991156 0
    outer loop
      vertex 5.25731 3.70653 3
      vertex 5.13011 3.6895 10
      vertex 5.25731 3.70653 10
    endloop
  endfacet
  facet normal -0.1327 0.991156 0
    outer loop
      vertex 5.13011 3.6895 10
      vertex 5.25731 3.70653 3
      vertex 5.13011 3.6895 3
    endloop
  endfacet
  facet normal -0.176853 0.984237 0
    outer loop
      vertex 5.13011 3.6895 3
      vertex 5.00606 3.66721 10
      vertex 5.13011 3.6895 10
    endloop
  endfacet
  facet normal -0.176853 0.984237 0
    outer loop
      vertex 5.00606 3.66721 10
      vertex 5.13011 3.6895 3
      vertex 5.00606 3.66721 3
    endloop
  endfacet
  facet normal -0.224069 0.974573 0
    outer loop
      vertex 5.00606 3.66721 3
      vertex 4.88545 3.63948 10
      vertex 5.00606 3.66721 10
    endloop
  endfacet
  facet normal -0.224069 0.974573 0
    outer loop
      vertex 4.88545 3.63948 10
      vertex 5.00606 3.66721 3
      vertex 4.88545 3.63948 3
    endloop
  endfacet
  facet normal -0.27571 0.961241 0
    outer loop
      vertex 4.88545 3.63948 3
      vertex 4.76869 3.60599 10
      vertex 4.88545 3.63948 10
    endloop
  endfacet
  facet normal -0.27571 0.961241 0
    outer loop
      vertex 4.76869 3.60599 10
      vertex 4.88545 3.63948 3
      vertex 4.76869 3.60599 3
    endloop
  endfacet
  facet normal -0.333821 0.942637 0
    outer loop
      vertex 4.76869 3.60599 3
      vertex 4.65636 3.56621 10
      vertex 4.76869 3.60599 10
    endloop
  endfacet
  facet normal -0.333821 0.942637 0
    outer loop
      vertex 4.65636 3.56621 10
      vertex 4.76869 3.60599 3
      vertex 4.65636 3.56621 3
    endloop
  endfacet
  facet normal -0.402658 0.91535 0
    outer loop
      vertex 4.65636 3.56621 3
      vertex 4.54938 3.51915 10
      vertex 4.65636 3.56621 10
    endloop
  endfacet
  facet normal -0.402658 0.91535 0
    outer loop
      vertex 4.54938 3.51915 10
      vertex 4.65636 3.56621 3
      vertex 4.54938 3.51915 3
    endloop
  endfacet
  facet normal -0.502671 0.864478 0
    outer loop
      vertex 4.54938 3.51915 3
      vertex 4.45039 3.46159 10
      vertex 4.54938 3.51915 10
    endloop
  endfacet
  facet normal -0.502671 0.864478 0
    outer loop
      vertex 4.45039 3.46159 10
      vertex 4.54938 3.51915 3
      vertex 4.45039 3.46159 3
    endloop
  endfacet
  facet normal -0.613962 0.789335 0
    outer loop
      vertex 4.45039 3.46159 3
      vertex 3.7478 2.9151 10
      vertex 4.45039 3.46159 10
    endloop
  endfacet
  facet normal -0.613962 0.789335 0
    outer loop
      vertex 3.7478 2.9151 10
      vertex 4.45039 3.46159 3
      vertex 3.7478 2.9151 3
    endloop
  endfacet
  facet normal 0.751857 0.659326 0
    outer loop
      vertex 3.7478 2.9151 10
      vertex 3.35875 3.35875 3
      vertex 3.35875 3.35875 10
    endloop
  endfacet
  facet normal 0.751857 0.659326 0
    outer loop
      vertex 3.35875 3.35875 3
      vertex 3.7478 2.9151 10
      vertex 3.7478 2.9151 3
    endloop
  endfacet
  facet normal 0.659326 0.751857 -0
    outer loop
      vertex 3.35875 3.35875 3
      vertex 2.9151 3.7478 10
      vertex 3.35875 3.35875 10
    endloop
  endfacet
  facet normal 0.659326 0.751857 0
    outer loop
      vertex 2.9151 3.7478 10
      vertex 3.35875 3.35875 3
      vertex 2.9151 3.7478 3
    endloop
  endfacet
  facet normal 0.789335 -0.613962 0
    outer loop
      vertex 2.9151 3.7478 10
      vertex 3.46159 4.45039 3
      vertex 3.46159 4.45039 10
    endloop
  endfacet
  facet normal 0.789335 -0.613962 0
    outer loop
      vertex 3.46159 4.45039 3
      vertex 2.9151 3.7478 10
      vertex 2.9151 3.7478 3
    endloop
  endfacet
  facet normal 0.864478 -0.502671 0
    outer loop
      vertex 3.46159 4.45039 10
      vertex 3.51915 4.54938 3
      vertex 3.51915 4.54938 10
    endloop
  endfacet
  facet normal 0.864478 -0.502671 0
    outer loop
      vertex 3.51915 4.54938 3
      vertex 3.46159 4.45039 10
      vertex 3.46159 4.45039 3
    endloop
  endfacet
  facet normal 0.91535 -0.402658 0
    outer loop
      vertex 3.51915 4.54938 10
      vertex 3.56621 4.65636 3
      vertex 3.56621 4.65636 10
    endloop
  endfacet
  facet normal 0.91535 -0.402658 0
    outer loop
      vertex 3.56621 4.65636 3
      vertex 3.51915 4.54938 10
      vertex 3.51915 4.54938 3
    endloop
  endfacet
  facet normal 0.942637 -0.333821 0
    outer loop
      vertex 3.56621 4.65636 10
      vertex 3.60599 4.76869 3
      vertex 3.60599 4.76869 10
    endloop
  endfacet
  facet normal 0.942637 -0.333821 0
    outer loop
      vertex 3.60599 4.76869 3
      vertex 3.56621 4.65636 10
      vertex 3.56621 4.65636 3
    endloop
  endfacet
  facet normal 0.961241 -0.27571 0
    outer loop
      vertex 3.60599 4.76869 10
      vertex 3.63948 4.88545 3
      vertex 3.63948 4.88545 10
    endloop
  endfacet
  facet normal 0.961241 -0.27571 0
    outer loop
      vertex 3.63948 4.88545 3
      vertex 3.60599 4.76869 10
      vertex 3.60599 4.76869 3
    endloop
  endfacet
  facet normal 0.974573 -0.224069 0
    outer loop
      vertex 3.63948 4.88545 10
      vertex 3.66721 5.00606 3
      vertex 3.66721 5.00606 10
    endloop
  endfacet
  facet normal 0.974573 -0.224069 0
    outer loop
      vertex 3.66721 5.00606 3
      vertex 3.63948 4.88545 10
      vertex 3.63948 4.88545 3
    endloop
  endfacet
  facet normal 0.984237 -0.176853 0
    outer loop
      vertex 3.66721 5.00606 10
      vertex 3.6895 5.13011 3
      vertex 3.6895 5.13011 10
    endloop
  endfacet
  facet normal 0.984237 -0.176853 0
    outer loop
      vertex 3.6895 5.13011 3
      vertex 3.66721 5.00606 10
      vertex 3.66721 5.00606 3
    endloop
  endfacet
  facet normal 0.991156 -0.1327 0
    outer loop
      vertex 3.6895 5.13011 10
      vertex 3.70653 5.25731 3
      vertex 3.70653 5.25731 10
    endloop
  endfacet
  facet normal 0.991156 -0.1327 0
    outer loop
      vertex 3.70653 5.25731 3
      vertex 3.6895 5.13011 10
      vertex 3.6895 5.13011 3
    endloop
  endfacet
  facet normal 0.995833 -0.0911985 0
    outer loop
      vertex 3.70653 5.25731 10
      vertex 3.71844 5.38736 3
      vertex 3.71844 5.38736 10
    endloop
  endfacet
  facet normal 0.995833 -0.0911985 0
    outer loop
      vertex 3.71844 5.38736 3
      vertex 3.70653 5.25731 10
      vertex 3.70653 5.25731 3
    endloop
  endfacet
  facet normal 0.998667 -0.0516189 0
    outer loop
      vertex 3.71844 5.38736 10
      vertex 3.7253 5.52008 3
      vertex 3.7253 5.52008 10
    endloop
  endfacet
  facet normal 0.998667 -0.0516189 0
    outer loop
      vertex 3.7253 5.52008 3
      vertex 3.71844 5.38736 10
      vertex 3.71844 5.38736 3
    endloop
  endfacet
  facet normal 0.999907 -0.0136276 0.000245537
    outer loop
      vertex 3.7253 5.52008 10
      vertex 3.72716 5.65526 9.92811
      vertex 3.72607 5.57646 9.99346
    endloop
  endfacet
  facet normal 0.999905 -0.0137581 0
    outer loop
      vertex 3.72716 5.65526 9.92811
      vertex 3.7253 5.52008 10
      vertex 3.72716 5.65526 3.07188
    endloop
  endfacet
  facet normal 0.999908 -0.0135832 0.000628357
    outer loop
      vertex 3.7253 5.52008 10
      vertex 3.72607 5.57646 9.99346
      vertex 3.72599 5.57078 9.99798
    endloop
  endfacet
  facet normal 0.999905 -0.0137581 0
    outer loop
      vertex 3.7253 5.52008 3
      vertex 3.72716 5.65526 3.07188
      vertex 3.7253 5.52008 10
    endloop
  endfacet
  facet normal 0.999903 -0.0137058 -0.00245188
    outer loop
      vertex 3.7253 5.52008 10
      vertex 3.72599 5.57078 9.99798
      vertex 3.72596 5.56823 10
    endloop
  endfacet
  facet normal 0.999907 -0.0136276 -0.000245581
    outer loop
      vertex 3.72716 5.65526 3.07188
      vertex 3.7253 5.52008 3
      vertex 3.72607 5.57646 3.00654
    endloop
  endfacet
  facet normal 0.999908 -0.0135832 -0.000628357
    outer loop
      vertex 3.72607 5.57646 3.00654
      vertex 3.7253 5.52008 3
      vertex 3.72599 5.57078 3.00202
    endloop
  endfacet
  facet normal 0.999903 -0.0137058 0.00245188
    outer loop
      vertex 3.72599 5.57078 3.00202
      vertex 3.7253 5.52008 3
      vertex 3.72596 5.56823 3
    endloop
  endfacet
  facet normal 0.999742 0.0226983 0
    outer loop
      vertex 3.72716 5.65526 9.92811
      vertex 3.72404 5.79268 3.18328
      vertex 3.72404 5.79268 9.81671
    endloop
  endfacet
  facet normal 0.999742 0.0226983 0
    outer loop
      vertex 3.72404 5.79268 3.18328
      vertex 3.72716 5.65526 9.92811
      vertex 3.72716 5.65526 3.07188
    endloop
  endfacet
  facet normal 0.998344 0.0575266 0
    outer loop
      vertex 3.72404 5.79268 9.81671
      vertex 3.716 5.93221 3.29389
      vertex 3.716 5.93221 9.70609
    endloop
  endfacet
  facet normal 0.998344 0.0575266 0
    outer loop
      vertex 3.716 5.93221 3.29389
      vertex 3.72404 5.79268 9.81671
      vertex 3.72404 5.79268 3.18328
    endloop
  endfacet
  facet normal 0.500009 0.86602 0.000540118
    outer loop
      vertex 3.27943 6.18427 9.70609
      vertex 3.51475 6.0484 9.71346
      vertex 3.716 5.93221 9.70609
    endloop
  endfacet
  facet normal 0.499971 0.86604 0.0021395
    outer loop
      vertex 3.51475 6.0484 9.71346
      vertex 3.27943 6.18427 9.70609
      vertex 3.49772 6.05823 9.71408
    endloop
  endfacet
  facet normal 0.500009 0.86602 0
    outer loop
      vertex 3.716 5.93221 9.70609
      vertex 3.27943 6.18427 3.2939
      vertex 3.27943 6.18427 9.70609
    endloop
  endfacet
  facet normal 0.500009 0.86602 -0
    outer loop
      vertex 3.716 5.93221 3.29389
      vertex 3.27943 6.18427 3.2939
      vertex 3.716 5.93221 9.70609
    endloop
  endfacet
  facet normal 0.500009 0.86602 -0.000540514
    outer loop
      vertex 3.51475 6.0484 3.28653
      vertex 3.27943 6.18427 3.2939
      vertex 3.716 5.93221 3.29389
    endloop
  endfacet
  facet normal 0.499971 0.86604 -0.0021395
    outer loop
      vertex 3.27943 6.18427 3.2939
      vertex 3.51475 6.0484 3.28653
      vertex 3.49772 6.05823 3.28591
    endloop
  endfacet
  facet normal -0.449425 0.893318 0
    outer loop
      vertex 3.27943 6.18427 3.2939
      vertex 3.17931 6.1339 9.7948
      vertex 3.27943 6.18427 9.70609
    endloop
  endfacet
  facet normal -0.449425 0.893318 0
    outer loop
      vertex 3.17931 6.1339 3.20519
      vertex 3.17931 6.1339 9.7948
      vertex 3.27943 6.18427 3.2939
    endloop
  endfacet
  facet normal -0.449525 0.893268 0
    outer loop
      vertex 3.17931 6.1339 9.7948
      vertex 3.17931 6.1339 3.20519
      vertex 3.15459 6.12146 9.81671
    endloop
  endfacet
  facet normal -0.449525 0.893268 0
    outer loop
      vertex 3.15459 6.12146 9.81671
      vertex 3.17931 6.1339 3.20519
      vertex 3.15459 6.12146 3.18328
    endloop
  endfacet
  facet normal -0.480192 0.877163 0
    outer loop
      vertex 3.15459 6.12146 3.18328
      vertex 3.03401 6.05545 9.92811
      vertex 3.15459 6.12146 9.81671
    endloop
  endfacet
  facet normal -0.480192 0.877163 0
    outer loop
      vertex 3.03401 6.05545 9.92811
      vertex 3.15459 6.12146 3.18328
      vertex 3.03401 6.05545 3.07189
    endloop
  endfacet
  facet normal -0.511867 0.859064 0.000969791
    outer loop
      vertex 2.96632 6.01511 9.99345
      vertex 2.91788 5.98624 10
      vertex 2.95925 6.01089 10
    endloop
  endfacet
  facet normal -0.511968 0.859004 -4.44068e-05
    outer loop
      vertex 3.03401 6.05545 9.92811
      vertex 2.91788 5.98624 10
      vertex 2.96632 6.01511 9.99345
    endloop
  endfacet
  facet normal -0.511948 0.859016 0
    outer loop
      vertex 3.03401 6.05545 3.07189
      vertex 2.91788 5.98624 10
      vertex 3.03401 6.05545 9.92811
    endloop
  endfacet
  facet normal -0.511968 0.859004 4.44068e-05
    outer loop
      vertex 2.91788 5.98624 3
      vertex 3.03401 6.05545 3.07189
      vertex 2.96632 6.01511 3.00655
    endloop
  endfacet
  facet normal -0.511867 0.859064 -0.000969791
    outer loop
      vertex 2.91788 5.98624 3
      vertex 2.96632 6.01511 3.00655
      vertex 2.95925 6.01089 3
    endloop
  endfacet
  facet normal -0.511948 0.859016 0
    outer loop
      vertex 3.03401 6.05545 3.07189
      vertex 2.91788 5.98624 3
      vertex 2.91788 5.98624 10
    endloop
  endfacet
  facet normal -0.544028 0.839067 0
    outer loop
      vertex 2.91788 5.98624 3
      vertex 2.80637 5.91394 10
      vertex 2.91788 5.98624 10
    endloop
  endfacet
  facet normal -0.544028 0.839067 0
    outer loop
      vertex 2.80637 5.91394 10
      vertex 2.91788 5.98624 3
      vertex 2.80637 5.91394 3
    endloop
  endfacet
  facet normal -0.576818 0.816872 0
    outer loop
      vertex 2.80637 5.91394 3
      vertex 2.69969 5.83861 10
      vertex 2.80637 5.91394 10
    endloop
  endfacet
  facet normal -0.576818 0.816872 0
    outer loop
      vertex 2.69969 5.83861 10
      vertex 2.80637 5.91394 3
      vertex 2.69969 5.83861 3
    endloop
  endfacet
  facet normal -0.610569 0.791963 0
    outer loop
      vertex 2.69969 5.83861 3
      vertex 2.59805 5.76025 10
      vertex 2.69969 5.83861 10
    endloop
  endfacet
  facet normal -0.610569 0.791963 0
    outer loop
      vertex 2.59805 5.76025 10
      vertex 2.69969 5.83861 3
      vertex 2.59805 5.76025 3
    endloop
  endfacet
  facet normal -0.645305 0.763925 0
    outer loop
      vertex 2.59805 5.76025 3
      vertex 2.50177 5.67892 10
      vertex 2.59805 5.76025 10
    endloop
  endfacet
  facet normal -0.645305 0.763925 0
    outer loop
      vertex 2.50177 5.67892 10
      vertex 2.59805 5.76025 3
      vertex 2.50177 5.67892 3
    endloop
  endfacet
  facet normal -0.681322 0.731984 0
    outer loop
      vertex 2.50177 5.67892 3
      vertex 2.41118 5.5946 10
      vertex 2.50177 5.67892 10
    endloop
  endfacet
  facet normal -0.681322 0.731984 0
    outer loop
      vertex 2.41118 5.5946 10
      vertex 2.50177 5.67892 3
      vertex 2.41118 5.5946 3
    endloop
  endfacet
  facet normal -0.719389 0.694608 0
    outer loop
      vertex 2.32681 5.50722 3
      vertex 2.41118 5.5946 10
      vertex 2.41118 5.5946 3
    endloop
  endfacet
  facet normal -0.719389 0.694608 0
    outer loop
      vertex 2.41118 5.5946 10
      vertex 2.32681 5.50722 3
      vertex 2.32681 5.50722 10
    endloop
  endfacet
  facet normal -0.760399 0.649457 0
    outer loop
      vertex 2.24942 5.41661 3
      vertex 2.32681 5.50722 10
      vertex 2.32681 5.50722 3
    endloop
  endfacet
  facet normal -0.760399 0.649457 0
    outer loop
      vertex 2.32681 5.50722 10
      vertex 2.24942 5.41661 3
      vertex 2.24942 5.41661 10
    endloop
  endfacet
  facet normal -0.806391 0.591382 0
    outer loop
      vertex 2.1803 5.32236 3
      vertex 2.24942 5.41661 10
      vertex 2.24942 5.41661 3
    endloop
  endfacet
  facet normal -0.806391 0.591382 0
    outer loop
      vertex 2.24942 5.41661 10
      vertex 2.1803 5.32236 3
      vertex 2.1803 5.32236 10
    endloop
  endfacet
  facet normal -0.867549 0.497352 0
    outer loop
      vertex 2.12335 5.22302 3
      vertex 2.1803 5.32236 10
      vertex 2.1803 5.32236 3
    endloop
  endfacet
  facet normal -0.867549 0.497352 0
    outer loop
      vertex 2.1803 5.32236 10
      vertex 2.12335 5.22302 3
      vertex 2.12335 5.22302 10
    endloop
  endfacet
  facet normal -0.926378 0.376596 0
    outer loop
      vertex 1.78815 4.39847 3
      vertex 2.12335 5.22302 10
      vertex 2.12335 5.22302 3
    endloop
  endfacet
  facet normal -0.926378 0.376596 0
    outer loop
      vertex 2.12335 5.22302 10
      vertex 1.78815 4.39847 3
      vertex 1.78815 4.39847 10
    endloop
  endfacet
  facet normal 0.321419 0.946937 -0
    outer loop
      vertex 1.78815 4.39847 3
      vertex 1.22939 4.58813 10
      vertex 1.78815 4.39847 10
    endloop
  endfacet
  facet normal 0.321419 0.946937 0
    outer loop
      vertex 1.22939 4.58813 10
      vertex 1.78815 4.39847 3
      vertex 1.22939 4.58813 3
    endloop
  endfacet
  facet normal 0.195093 0.980785 -0
    outer loop
      vertex 1.22939 4.58813 3
      vertex 0.65065 4.70325 10
      vertex 1.22939 4.58813 10
    endloop
  endfacet
  facet normal 0.195093 0.980785 0
    outer loop
      vertex 0.65065 4.70325 10
      vertex 1.22939 4.58813 3
      vertex 0.65065 4.70325 3
    endloop
  endfacet
  facet normal 0.990566 -0.137039 0
    outer loop
      vertex 0.65065 4.70325 10
      vertex 0.772629 5.58496 3
      vertex 0.772629 5.58496 10
    endloop
  endfacet
  facet normal 0.990566 -0.137039 0
    outer loop
      vertex 0.772629 5.58496 3
      vertex 0.65065 4.70325 10
      vertex 0.65065 4.70325 3
    endloop
  endfacet
  facet normal 0.999995 -0.00306549 0
    outer loop
      vertex 0.772629 5.58496 10
      vertex 0.77298 5.69946 3
      vertex 0.77298 5.69946 10
    endloop
  endfacet
  facet normal 0.999995 -0.00306549 0
    outer loop
      vertex 0.77298 5.69946 3
      vertex 0.772629 5.58496 10
      vertex 0.772629 5.58496 3
    endloop
  endfacet
  facet normal 0.994054 0.108886 0
    outer loop
      vertex 0.77298 5.69946 10
      vertex 0.760254 5.81564 3
      vertex 0.760254 5.81564 10
    endloop
  endfacet
  facet normal 0.994054 0.108886 0
    outer loop
      vertex 0.760254 5.81564 3
      vertex 0.77298 5.69946 10
      vertex 0.77298 5.69946 3
    endloop
  endfacet
  facet normal 0.983238 0.182325 0
    outer loop
      vertex 0.760254 5.81564 10
      vertex 0.738525 5.93282 3
      vertex 0.738525 5.93282 10
    endloop
  endfacet
  facet normal 0.983238 0.182325 0
    outer loop
      vertex 0.738525 5.93282 3
      vertex 0.760254 5.81564 10
      vertex 0.760254 5.81564 3
    endloop
  endfacet
  facet normal 0.970316 0.241842 0
    outer loop
      vertex 0.738525 5.93282 10
      vertex 0.709152 6.05067 3
      vertex 0.709152 6.05067 10
    endloop
  endfacet
  facet normal 0.970316 0.241842 0
    outer loop
      vertex 0.709152 6.05067 3
      vertex 0.738525 5.93282 10
      vertex 0.738525 5.93282 3
    endloop
  endfacet
  facet normal 0.956054 0.293191 0
    outer loop
      vertex 0.709152 6.05067 10
      vertex 0.672867 6.16899 3
      vertex 0.672867 6.16899 10
    endloop
  endfacet
  facet normal 0.956054 0.293191 0
    outer loop
      vertex 0.672867 6.16899 3
      vertex 0.709152 6.05067 10
      vertex 0.709152 6.05067 3
    endloop
  endfacet
  facet normal 0.940796 0.338974 0
    outer loop
      vertex 0.672867 6.16899 10
      vertex 0.630142 6.28757 3
      vertex 0.630142 6.28757 10
    endloop
  endfacet
  facet normal 0.940796 0.338974 0
    outer loop
      vertex 0.630142 6.28757 3
      vertex 0.672867 6.16899 10
      vertex 0.672867 6.16899 3
    endloop
  endfacet
  facet normal 0.924725 0.380637 0
    outer loop
      vertex 0.630142 6.28757 10
      vertex 0.581299 6.40623 3
      vertex 0.581299 6.40623 10
    endloop
  endfacet
  facet normal 0.924725 0.380637 0
    outer loop
      vertex 0.581299 6.40623 3
      vertex 0.630142 6.28757 10
      vertex 0.630142 6.28757 3
    endloop
  endfacet
  facet normal 0.908019 0.418929 0
    outer loop
      vertex 0.581299 6.40623 10
      vertex 0.526581 6.52483 3
      vertex 0.526581 6.52483 10
    endloop
  endfacet
  facet normal 0.908019 0.418929 0
    outer loop
      vertex 0.526581 6.52483 3
      vertex 0.581299 6.40623 10
      vertex 0.581299 6.40623 3
    endloop
  endfacet
  facet normal 0.890648 0.454693 0
    outer loop
      vertex 0.526581 6.52483 10
      vertex 0.466156 6.64319 3
      vertex 0.466156 6.64319 10
    endloop
  endfacet
  facet normal 0.890648 0.454693 0
    outer loop
      vertex 0.466156 6.64319 3
      vertex 0.526581 6.52483 10
      vertex 0.526581 6.52483 3
    endloop
  endfacet
  facet normal 0.87284 0.488006 5.38029e-05
    outer loop
      vertex 0.466156 6.64319 10
      vertex 0.400192 6.76118 9.92811
      vertex 0.438643 6.6924 9.99345
    endloop
  endfacet
  facet normal 0.872854 0.487982 0
    outer loop
      vertex 0.400192 6.76118 9.92811
      vertex 0.466156 6.64319 10
      vertex 0.400192 6.76118 3.07189
    endloop
  endfacet
  facet normal 0.872853 0.487983 -0.000174234
    outer loop
      vertex 0.466156 6.64319 10
      vertex 0.438643 6.6924 9.99345
      vertex 0.442664 6.68521 10
    endloop
  endfacet
  facet normal 0.872854 0.487982 -0
    outer loop
      vertex 0.466156 6.64319 3
      vertex 0.400192 6.76118 3.07189
      vertex 0.466156 6.64319 10
    endloop
  endfacet
  facet normal 0.87284 0.488006 -5.38029e-05
    outer loop
      vertex 0.400192 6.76118 3.07189
      vertex 0.466156 6.64319 3
      vertex 0.438643 6.6924 3.00655
    endloop
  endfacet
  facet normal 0.872853 0.487983 0.000174234
    outer loop
      vertex 0.438643 6.6924 3.00655
      vertex 0.466156 6.64319 3
      vertex 0.442664 6.68521 3
    endloop
  endfacet
  facet normal 0.854497 0.519456 0
    outer loop
      vertex 0.400192 6.76118 9.92811
      vertex 0.328781 6.87865 3.1833
      vertex 0.328781 6.87865 9.81669
    endloop
  endfacet
  facet normal 0.854497 0.519456 0
    outer loop
      vertex 0.328781 6.87865 3.1833
      vertex 0.400192 6.76118 9.92811
      vertex 0.400192 6.76118 3.07189
    endloop
  endfacet
  facet normal 0.835813 0.549015 0
    outer loop
      vertex 0.313595 6.90177 9.7948
      vertex 0.25206 6.99545 3.2939
      vertex 0.25206 6.99545 9.70608
    endloop
  endfacet
  facet normal 0.835813 0.549015 0
    outer loop
      vertex 0.313595 6.90177 9.7948
      vertex 0.313595 6.90177 3.20519
      vertex 0.25206 6.99545 3.2939
    endloop
  endfacet
  facet normal 0.835824 0.548998 0
    outer loop
      vertex 0.328781 6.87865 9.81669
      vertex 0.313595 6.90177 3.20519
      vertex 0.313595 6.90177 9.7948
    endloop
  endfacet
  facet normal 0.835824 0.548998 0
    outer loop
      vertex 0.313595 6.90177 3.20519
      vertex 0.328781 6.87865 9.81669
      vertex 0.328781 6.87865 3.1833
    endloop
  endfacet
  facet normal 0 1 -0
    outer loop
      vertex 0.25206 6.99545 3.2939
      vertex 0 6.99545 9.71407
      vertex 0.25206 6.99545 9.70608
    endloop
  endfacet
  facet normal 0 1 0
    outer loop
      vertex 0 6.99545 3.28592
      vertex 0 6.99545 9.71407
      vertex 0.25206 6.99545 3.2939
    endloop
  endfacet
  facet normal 0 1 0
    outer loop
      vertex 0 6.99545 9.71407
      vertex 0 6.99545 3.28592
      vertex -0.25206 6.99545 9.70608
    endloop
  endfacet
  facet normal 0 1 0
    outer loop
      vertex -0.25206 6.99545 9.70608
      vertex 0 6.99545 3.28592
      vertex -0.25206 6.99545 3.2939
    endloop
  endfacet
  facet normal -0.835813 0.549015 0
    outer loop
      vertex -0.313595 6.90177 3.20519
      vertex -0.25206 6.99545 9.70608
      vertex -0.25206 6.99545 3.2939
    endloop
  endfacet
  facet normal -0.835813 0.549015 0
    outer loop
      vertex -0.313595 6.90177 3.20519
      vertex -0.313595 6.90177 9.7948
      vertex -0.25206 6.99545 9.70608
    endloop
  endfacet
  facet normal -0.835824 0.548998 0
    outer loop
      vertex -0.328781 6.87865 3.1833
      vertex -0.313595 6.90177 9.7948
      vertex -0.313595 6.90177 3.20519
    endloop
  endfacet
  facet normal -0.835824 0.548998 0
    outer loop
      vertex -0.313595 6.90177 9.7948
      vertex -0.328781 6.87865 3.1833
      vertex -0.328781 6.87865 9.81669
    endloop
  endfacet
  facet normal -0.854497 0.519456 0
    outer loop
      vertex -0.400192 6.76118 3.07189
      vertex -0.328781 6.87865 9.81669
      vertex -0.328781 6.87865 3.1833
    endloop
  endfacet
  facet normal -0.854497 0.519456 0
    outer loop
      vertex -0.328781 6.87865 9.81669
      vertex -0.400192 6.76118 3.07189
      vertex -0.400192 6.76118 9.92811
    endloop
  endfacet
  facet normal -0.87284 0.488006 -5.38029e-05
    outer loop
      vertex -0.466156 6.64319 3
      vertex -0.400192 6.76118 3.07189
      vertex -0.438643 6.6924 3.00655
    endloop
  endfacet
  facet normal -0.872854 0.487982 0
    outer loop
      vertex -0.400192 6.76118 3.07189
      vertex -0.466156 6.64319 3
      vertex -0.400192 6.76118 9.92811
    endloop
  endfacet
  facet normal -0.872853 0.487983 0.000174234
    outer loop
      vertex -0.466156 6.64319 3
      vertex -0.438643 6.6924 3.00655
      vertex -0.442664 6.68521 3
    endloop
  endfacet
  facet normal -0.872854 0.487982 0
    outer loop
      vertex -0.466156 6.64319 10
      vertex -0.400192 6.76118 9.92811
      vertex -0.466156 6.64319 3
    endloop
  endfacet
  facet normal -0.87284 0.488006 5.38029e-05
    outer loop
      vertex -0.400192 6.76118 9.92811
      vertex -0.466156 6.64319 10
      vertex -0.438643 6.6924 9.99345
    endloop
  endfacet
  facet normal -0.872853 0.487983 -0.000174234
    outer loop
      vertex -0.438643 6.6924 9.99345
      vertex -0.466156 6.64319 10
      vertex -0.442664 6.68521 10
    endloop
  endfacet
  facet normal -0.890648 0.454693 0
    outer loop
      vertex -0.526581 6.52483 3
      vertex -0.466156 6.64319 10
      vertex -0.466156 6.64319 3
    endloop
  endfacet
  facet normal -0.890648 0.454693 0
    outer loop
      vertex -0.466156 6.64319 10
      vertex -0.526581 6.52483 3
      vertex -0.526581 6.52483 10
    endloop
  endfacet
  facet normal -0.908019 0.418929 0
    outer loop
      vertex -0.581299 6.40623 3
      vertex -0.526581 6.52483 10
      vertex -0.526581 6.52483 3
    endloop
  endfacet
  facet normal -0.908019 0.418929 0
    outer loop
      vertex -0.526581 6.52483 10
      vertex -0.581299 6.40623 3
      vertex -0.581299 6.40623 10
    endloop
  endfacet
  facet normal -0.924725 0.380637 0
    outer loop
      vertex -0.630142 6.28757 3
      vertex -0.581299 6.40623 10
      vertex -0.581299 6.40623 3
    endloop
  endfacet
  facet normal -0.924725 0.380637 0
    outer loop
      vertex -0.581299 6.40623 10
      vertex -0.630142 6.28757 3
      vertex -0.630142 6.28757 10
    endloop
  endfacet
  facet normal -0.940796 0.338974 0
    outer loop
      vertex -0.672867 6.16899 3
      vertex -0.630142 6.28757 10
      vertex -0.630142 6.28757 3
    endloop
  endfacet
  facet normal -0.940796 0.338974 0
    outer loop
      vertex -0.630142 6.28757 10
      vertex -0.672867 6.16899 3
      vertex -0.672867 6.16899 10
    endloop
  endfacet
  facet normal -0.956054 0.293191 0
    outer loop
      vertex -0.709152 6.05067 3
      vertex -0.672867 6.16899 10
      vertex -0.672867 6.16899 3
    endloop
  endfacet
  facet normal -0.956054 0.293191 0
    outer loop
      vertex -0.672867 6.16899 10
      vertex -0.709152 6.05067 3
      vertex -0.709152 6.05067 10
    endloop
  endfacet
  facet normal -0.970316 0.241842 0
    outer loop
      vertex -0.738525 5.93282 3
      vertex -0.709152 6.05067 10
      vertex -0.709152 6.05067 3
    endloop
  endfacet
  facet normal -0.970316 0.241842 0
    outer loop
      vertex -0.709152 6.05067 10
      vertex -0.738525 5.93282 3
      vertex -0.738525 5.93282 10
    endloop
  endfacet
  facet normal -0.983238 0.182325 0
    outer loop
      vertex -0.760254 5.81564 3
      vertex -0.738525 5.93282 10
      vertex -0.738525 5.93282 3
    endloop
  endfacet
  facet normal -0.983238 0.182325 0
    outer loop
      vertex -0.738525 5.93282 10
      vertex -0.760254 5.81564 3
      vertex -0.760254 5.81564 10
    endloop
  endfacet
  facet normal -0.994054 0.108886 0
    outer loop
      vertex -0.77298 5.69946 3
      vertex -0.760254 5.81564 10
      vertex -0.760254 5.81564 3
    endloop
  endfacet
  facet normal -0.994054 0.108886 0
    outer loop
      vertex -0.760254 5.81564 10
      vertex -0.77298 5.69946 3
      vertex -0.77298 5.69946 10
    endloop
  endfacet
  facet normal -0.999995 -0.00306549 0
    outer loop
      vertex -0.772629 5.58496 3
      vertex -0.77298 5.69946 10
      vertex -0.77298 5.69946 3
    endloop
  endfacet
  facet normal -0.999995 -0.00306549 0
    outer loop
      vertex -0.77298 5.69946 10
      vertex -0.772629 5.58496 3
      vertex -0.772629 5.58496 10
    endloop
  endfacet
  facet normal -0.990566 -0.137039 0
    outer loop
      vertex -0.65065 4.70325 3
      vertex -0.772629 5.58496 10
      vertex -0.772629 5.58496 3
    endloop
  endfacet
  facet normal -0.990566 -0.137039 0
    outer loop
      vertex -0.772629 5.58496 10
      vertex -0.65065 4.70325 3
      vertex -0.65065 4.70325 10
    endloop
  endfacet
  facet normal -0.195093 0.980785 0
    outer loop
      vertex -0.65065 4.70325 3
      vertex -1.22939 4.58813 10
      vertex -0.65065 4.70325 10
    endloop
  endfacet
  facet normal -0.195093 0.980785 0
    outer loop
      vertex -1.22939 4.58813 10
      vertex -0.65065 4.70325 3
      vertex -1.22939 4.58813 3
    endloop
  endfacet
  facet normal -0.321419 0.946937 0
    outer loop
      vertex -1.22939 4.58813 3
      vertex -1.78815 4.39847 10
      vertex -1.22939 4.58813 10
    endloop
  endfacet
  facet normal -0.321419 0.946937 0
    outer loop
      vertex -1.78815 4.39847 10
      vertex -1.22939 4.58813 3
      vertex -1.78815 4.39847 3
    endloop
  endfacet
  facet normal 0.926378 0.376596 0
    outer loop
      vertex -1.78815 4.39847 10
      vertex -2.12335 5.22302 3
      vertex -2.12335 5.22302 10
    endloop
  endfacet
  facet normal 0.926378 0.376596 0
    outer loop
      vertex -2.12335 5.22302 3
      vertex -1.78815 4.39847 10
      vertex -1.78815 4.39847 3
    endloop
  endfacet
  facet normal 0.867549 0.497352 0
    outer loop
      vertex -2.12335 5.22302 10
      vertex -2.1803 5.32236 3
      vertex -2.1803 5.32236 10
    endloop
  endfacet
  facet normal 0.867549 0.497352 0
    outer loop
      vertex -2.1803 5.32236 3
      vertex -2.12335 5.22302 10
      vertex -2.12335 5.22302 3
    endloop
  endfacet
  facet normal 0.806391 0.591382 0
    outer loop
      vertex -2.1803 5.32236 10
      vertex -2.24942 5.41661 3
      vertex -2.24942 5.41661 10
    endloop
  endfacet
  facet normal 0.806391 0.591382 0
    outer loop
      vertex -2.24942 5.41661 3
      vertex -2.1803 5.32236 10
      vertex -2.1803 5.32236 3
    endloop
  endfacet
  facet normal 0.760399 0.649457 0
    outer loop
      vertex -2.24942 5.41661 10
      vertex -2.32681 5.50722 3
      vertex -2.32681 5.50722 10
    endloop
  endfacet
  facet normal 0.760399 0.649457 0
    outer loop
      vertex -2.32681 5.50722 3
      vertex -2.24942 5.41661 10
      vertex -2.24942 5.41661 3
    endloop
  endfacet
  facet normal 0.719389 0.694608 0
    outer loop
      vertex -2.32681 5.50722 10
      vertex -2.41118 5.5946 3
      vertex -2.41118 5.5946 10
    endloop
  endfacet
  facet normal 0.719389 0.694608 0
    outer loop
      vertex -2.41118 5.5946 3
      vertex -2.32681 5.50722 10
      vertex -2.32681 5.50722 3
    endloop
  endfacet
  facet normal 0.681322 0.731984 -0
    outer loop
      vertex -2.41118 5.5946 3
      vertex -2.50177 5.67892 10
      vertex -2.41118 5.5946 10
    endloop
  endfacet
  facet normal 0.681322 0.731984 0
    outer loop
      vertex -2.50177 5.67892 10
      vertex -2.41118 5.5946 3
      vertex -2.50177 5.67892 3
    endloop
  endfacet
  facet normal 0.645305 0.763925 -0
    outer loop
      vertex -2.50177 5.67892 3
      vertex -2.59805 5.76025 10
      vertex -2.50177 5.67892 10
    endloop
  endfacet
  facet normal 0.645305 0.763925 0
    outer loop
      vertex -2.59805 5.76025 10
      vertex -2.50177 5.67892 3
      vertex -2.59805 5.76025 3
    endloop
  endfacet
  facet normal 0.610569 0.791963 -0
    outer loop
      vertex -2.59805 5.76025 3
      vertex -2.69969 5.83861 10
      vertex -2.59805 5.76025 10
    endloop
  endfacet
  facet normal 0.610569 0.791963 0
    outer loop
      vertex -2.69969 5.83861 10
      vertex -2.59805 5.76025 3
      vertex -2.69969 5.83861 3
    endloop
  endfacet
  facet normal 0.576818 0.816872 -0
    outer loop
      vertex -2.69969 5.83861 3
      vertex -2.80637 5.91394 10
      vertex -2.69969 5.83861 10
    endloop
  endfacet
  facet normal 0.576818 0.816872 0
    outer loop
      vertex -2.80637 5.91394 10
      vertex -2.69969 5.83861 3
      vertex -2.80637 5.91394 3
    endloop
  endfacet
  facet normal 0.544028 0.839067 -0
    outer loop
      vertex -2.80637 5.91394 3
      vertex -2.91788 5.98624 10
      vertex -2.80637 5.91394 10
    endloop
  endfacet
  facet normal 0.544028 0.839067 0
    outer loop
      vertex -2.91788 5.98624 10
      vertex -2.80637 5.91394 3
      vertex -2.91788 5.98624 3
    endloop
  endfacet
  facet normal 0.511867 0.859064 0.000969791
    outer loop
      vertex -2.91788 5.98624 10
      vertex -2.96632 6.01511 9.99345
      vertex -2.95925 6.01089 10
    endloop
  endfacet
  facet normal 0.511968 0.859004 -4.44068e-05
    outer loop
      vertex -2.91788 5.98624 10
      vertex -3.03401 6.05545 9.92811
      vertex -2.96632 6.01511 9.99345
    endloop
  endfacet
  facet normal 0.511948 0.859016 0
    outer loop
      vertex -2.91788 5.98624 10
      vertex -3.03401 6.05545 3.07189
      vertex -3.03401 6.05545 9.92811
    endloop
  endfacet
  facet normal 0.511948 0.859016 -0
    outer loop
      vertex -2.91788 5.98624 3
      vertex -3.03401 6.05545 3.07189
      vertex -2.91788 5.98624 10
    endloop
  endfacet
  facet normal 0.511968 0.859004 4.44068e-05
    outer loop
      vertex -3.03401 6.05545 3.07189
      vertex -2.91788 5.98624 3
      vertex -2.96632 6.01511 3.00655
    endloop
  endfacet
  facet normal 0.511867 0.859064 -0.000969791
    outer loop
      vertex -2.96632 6.01511 3.00655
      vertex -2.91788 5.98624 3
      vertex -2.95925 6.01089 3
    endloop
  endfacet
  facet normal 0.480192 0.877163 0
    outer loop
      vertex -3.03401 6.05545 9.92811
      vertex -3.15459 6.12146 3.18328
      vertex -3.15459 6.12146 9.81671
    endloop
  endfacet
  facet normal 0.480192 0.877163 0
    outer loop
      vertex -3.15459 6.12146 3.18328
      vertex -3.03401 6.05545 9.92811
      vertex -3.03401 6.05545 3.07189
    endloop
  endfacet
  facet normal 0.449425 0.893318 0
    outer loop
      vertex -3.17931 6.1339 9.7948
      vertex -3.27943 6.18427 3.2939
      vertex -3.27943 6.18427 9.70609
    endloop
  endfacet
  facet normal 0.449525 0.893268 -0
    outer loop
      vertex -3.17931 6.1339 3.20519
      vertex -3.17931 6.1339 9.7948
      vertex -3.15459 6.12146 9.81671
    endloop
  endfacet
  facet normal 0.449425 0.893318 0
    outer loop
      vertex -3.17931 6.1339 9.7948
      vertex -3.17931 6.1339 3.20519
      vertex -3.27943 6.18427 3.2939
    endloop
  endfacet
  facet normal 0.449525 0.893268 0
    outer loop
      vertex -3.17931 6.1339 3.20519
      vertex -3.15459 6.12146 9.81671
      vertex -3.15459 6.12146 3.18328
    endloop
  endfacet
  facet normal -0.499971 0.86604 0.0021395
    outer loop
      vertex -3.27943 6.18427 9.70609
      vertex -3.51475 6.0484 9.71346
      vertex -3.49772 6.05823 9.71408
    endloop
  endfacet
  facet normal -0.500009 0.86602 0.000540118
    outer loop
      vertex -3.51475 6.0484 9.71346
      vertex -3.27943 6.18427 9.70609
      vertex -3.716 5.93221 9.70609
    endloop
  endfacet
  facet normal -0.500009 0.86602 0
    outer loop
      vertex -3.27943 6.18427 3.2939
      vertex -3.716 5.93221 9.70609
      vertex -3.27943 6.18427 9.70609
    endloop
  endfacet
  facet normal -0.500009 0.86602 0
    outer loop
      vertex -3.27943 6.18427 3.2939
      vertex -3.716 5.93221 3.29389
      vertex -3.716 5.93221 9.70609
    endloop
  endfacet
  facet normal -0.500009 0.86602 -0.000540514
    outer loop
      vertex -3.27943 6.18427 3.2939
      vertex -3.51475 6.0484 3.28653
      vertex -3.716 5.93221 3.29389
    endloop
  endfacet
  facet normal -0.499971 0.86604 -0.0021395
    outer loop
      vertex -3.51475 6.0484 3.28653
      vertex -3.27943 6.18427 3.2939
      vertex -3.49772 6.05823 3.28591
    endloop
  endfacet
  facet normal -0.998344 0.0575266 0
    outer loop
      vertex -3.72404 5.79268 3.18328
      vertex -3.716 5.93221 9.70609
      vertex -3.716 5.93221 3.29389
    endloop
  endfacet
  facet normal -0.998344 0.0575266 0
    outer loop
      vertex -3.716 5.93221 9.70609
      vertex -3.72404 5.79268 3.18328
      vertex -3.72404 5.79268 9.81671
    endloop
  endfacet
  facet normal -0.999742 0.0226983 0
    outer loop
      vertex -3.72716 5.65526 3.07188
      vertex -3.72404 5.79268 9.81671
      vertex -3.72404 5.79268 3.18328
    endloop
  endfacet
  facet normal -0.999742 0.0226983 0
    outer loop
      vertex -3.72404 5.79268 9.81671
      vertex -3.72716 5.65526 3.07188
      vertex -3.72716 5.65526 9.92811
    endloop
  endfacet
  facet normal -0.999907 -0.0136276 -0.000245581
    outer loop
      vertex -3.7253 5.52008 3
      vertex -3.72716 5.65526 3.07188
      vertex -3.72607 5.57646 3.00654
    endloop
  endfacet
  facet normal -0.999905 -0.0137581 0
    outer loop
      vertex -3.72716 5.65526 3.07188
      vertex -3.7253 5.52008 3
      vertex -3.72716 5.65526 9.92811
    endloop
  endfacet
  facet normal -0.999908 -0.0135832 -0.000628357
    outer loop
      vertex -3.7253 5.52008 3
      vertex -3.72607 5.57646 3.00654
      vertex -3.72599 5.57078 3.00202
    endloop
  endfacet
  facet normal -0.999905 -0.0137581 -0
    outer loop
      vertex -3.7253 5.52008 10
      vertex -3.72716 5.65526 9.92811
      vertex -3.7253 5.52008 3
    endloop
  endfacet
  facet normal -0.999903 -0.0137058 0.00245188
    outer loop
      vertex -3.7253 5.52008 3
      vertex -3.72599 5.57078 3.00202
      vertex -3.72596 5.56823 3
    endloop
  endfacet
  facet normal -0.999907 -0.0136276 0.000245537
    outer loop
      vertex -3.72716 5.65526 9.92811
      vertex -3.7253 5.52008 10
      vertex -3.72607 5.57646 9.99346
    endloop
  endfacet
  facet normal -0.999908 -0.0135832 0.000628357
    outer loop
      vertex -3.72607 5.57646 9.99346
      vertex -3.7253 5.52008 10
      vertex -3.72599 5.57078 9.99798
    endloop
  endfacet
  facet normal -0.999903 -0.0137058 -0.00245188
    outer loop
      vertex -3.72599 5.57078 9.99798
      vertex -3.7253 5.52008 10
      vertex -3.72596 5.56823 10
    endloop
  endfacet
  facet normal -0.998667 -0.0516189 0
    outer loop
      vertex -3.71844 5.38736 3
      vertex -3.7253 5.52008 10
      vertex -3.7253 5.52008 3
    endloop
  endfacet
  facet normal -0.998667 -0.0516189 0
    outer loop
      vertex -3.7253 5.52008 10
      vertex -3.71844 5.38736 3
      vertex -3.71844 5.38736 10
    endloop
  endfacet
  facet normal -0.995833 -0.0911985 0
    outer loop
      vertex -3.70653 5.25731 3
      vertex -3.71844 5.38736 10
      vertex -3.71844 5.38736 3
    endloop
  endfacet
  facet normal -0.995833 -0.0911985 0
    outer loop
      vertex -3.71844 5.38736 10
      vertex -3.70653 5.25731 3
      vertex -3.70653 5.25731 10
    endloop
  endfacet
  facet normal -0.991156 -0.1327 0
    outer loop
      vertex -3.6895 5.13011 3
      vertex -3.70653 5.25731 10
      vertex -3.70653 5.25731 3
    endloop
  endfacet
  facet normal -0.991156 -0.1327 0
    outer loop
      vertex -3.70653 5.25731 10
      vertex -3.6895 5.13011 3
      vertex -3.6895 5.13011 10
    endloop
  endfacet
  facet normal -0.984237 -0.176853 0
    outer loop
      vertex -3.66721 5.00606 3
      vertex -3.6895 5.13011 10
      vertex -3.6895 5.13011 3
    endloop
  endfacet
  facet normal -0.984237 -0.176853 0
    outer loop
      vertex -3.6895 5.13011 10
      vertex -3.66721 5.00606 3
      vertex -3.66721 5.00606 10
    endloop
  endfacet
  facet normal -0.974573 -0.224069 0
    outer loop
      vertex -3.63948 4.88545 3
      vertex -3.66721 5.00606 10
      vertex -3.66721 5.00606 3
    endloop
  endfacet
  facet normal -0.974573 -0.224069 0
    outer loop
      vertex -3.66721 5.00606 10
      vertex -3.63948 4.88545 3
      vertex -3.63948 4.88545 10
    endloop
  endfacet
  facet normal -0.961241 -0.27571 0
    outer loop
      vertex -3.60599 4.76869 3
      vertex -3.63948 4.88545 10
      vertex -3.63948 4.88545 3
    endloop
  endfacet
  facet normal -0.961241 -0.27571 0
    outer loop
      vertex -3.63948 4.88545 10
      vertex -3.60599 4.76869 3
      vertex -3.60599 4.76869 10
    endloop
  endfacet
  facet normal -0.942637 -0.333821 0
    outer loop
      vertex -3.56621 4.65636 3
      vertex -3.60599 4.76869 10
      vertex -3.60599 4.76869 3
    endloop
  endfacet
  facet normal -0.942637 -0.333821 0
    outer loop
      vertex -3.60599 4.76869 10
      vertex -3.56621 4.65636 3
      vertex -3.56621 4.65636 10
    endloop
  endfacet
  facet normal -0.91535 -0.402658 0
    outer loop
      vertex -3.51915 4.54938 3
      vertex -3.56621 4.65636 10
      vertex -3.56621 4.65636 3
    endloop
  endfacet
  facet normal -0.91535 -0.402658 0
    outer loop
      vertex -3.56621 4.65636 10
      vertex -3.51915 4.54938 3
      vertex -3.51915 4.54938 10
    endloop
  endfacet
  facet normal -0.864478 -0.502671 0
    outer loop
      vertex -3.46159 4.45039 3
      vertex -3.51915 4.54938 10
      vertex -3.51915 4.54938 3
    endloop
  endfacet
  facet normal -0.864478 -0.502671 0
    outer loop
      vertex -3.51915 4.54938 10
      vertex -3.46159 4.45039 3
      vertex -3.46159 4.45039 10
    endloop
  endfacet
  facet normal -0.789335 -0.613962 0
    outer loop
      vertex -2.9151 3.7478 3
      vertex -3.46159 4.45039 10
      vertex -3.46159 4.45039 3
    endloop
  endfacet
  facet normal -0.789335 -0.613962 0
    outer loop
      vertex -3.46159 4.45039 10
      vertex -2.9151 3.7478 3
      vertex -2.9151 3.7478 10
    endloop
  endfacet
  facet normal -0.659326 0.751857 0
    outer loop
      vertex -2.9151 3.7478 3
      vertex -3.35875 3.35875 10
      vertex -2.9151 3.7478 10
    endloop
  endfacet
  facet normal -0.659326 0.751857 0
    outer loop
      vertex -3.35875 3.35875 10
      vertex -2.9151 3.7478 3
      vertex -3.35875 3.35875 3
    endloop
  endfacet
  facet normal -0.751857 0.659326 0
    outer loop
      vertex -3.7478 2.9151 3
      vertex -3.35875 3.35875 10
      vertex -3.35875 3.35875 3
    endloop
  endfacet
  facet normal -0.751857 0.659326 0
    outer loop
      vertex -3.35875 3.35875 10
      vertex -3.7478 2.9151 3
      vertex -3.7478 2.9151 10
    endloop
  endfacet
  facet normal 0.613962 0.789335 -0
    outer loop
      vertex -3.7478 2.9151 3
      vertex -4.45039 3.46159 10
      vertex -3.7478 2.9151 10
    endloop
  endfacet
  facet normal 0.613962 0.789335 0
    outer loop
      vertex -4.45039 3.46159 10
      vertex -3.7478 2.9151 3
      vertex -4.45039 3.46159 3
    endloop
  endfacet
  facet normal 0.502671 0.864478 -0
    outer loop
      vertex -4.45039 3.46159 3
      vertex -4.54938 3.51915 10
      vertex -4.45039 3.46159 10
    endloop
  endfacet
  facet normal 0.502671 0.864478 0
    outer loop
      vertex -4.54938 3.51915 10
      vertex -4.45039 3.46159 3
      vertex -4.54938 3.51915 3
    endloop
  endfacet
  facet normal 0.402658 0.91535 -0
    outer loop
      vertex -4.54938 3.51915 3
      vertex -4.65636 3.56621 10
      vertex -4.54938 3.51915 10
    endloop
  endfacet
  facet normal 0.402658 0.91535 0
    outer loop
      vertex -4.65636 3.56621 10
      vertex -4.54938 3.51915 3
      vertex -4.65636 3.56621 3
    endloop
  endfacet
  facet normal 0.333821 0.942637 -0
    outer loop
      vertex -4.65636 3.56621 3
      vertex -4.76869 3.60599 10
      vertex -4.65636 3.56621 10
    endloop
  endfacet
  facet normal 0.333821 0.942637 0
    outer loop
      vertex -4.76869 3.60599 10
      vertex -4.65636 3.56621 3
      vertex -4.76869 3.60599 3
    endloop
  endfacet
  facet normal 0.27571 0.961241 -0
    outer loop
      vertex -4.76869 3.60599 3
      vertex -4.88545 3.63948 10
      vertex -4.76869 3.60599 10
    endloop
  endfacet
  facet normal 0.27571 0.961241 0
    outer loop
      vertex -4.88545 3.63948 10
      vertex -4.76869 3.60599 3
      vertex -4.88545 3.63948 3
    endloop
  endfacet
  facet normal 0.224069 0.974573 -0
    outer loop
      vertex -4.88545 3.63948 3
      vertex -5.00606 3.66721 10
      vertex -4.88545 3.63948 10
    endloop
  endfacet
  facet normal 0.224069 0.974573 0
    outer loop
      vertex -5.00606 3.66721 10
      vertex -4.88545 3.63948 3
      vertex -5.00606 3.66721 3
    endloop
  endfacet
  facet normal 0.176853 0.984237 -0
    outer loop
      vertex -5.00606 3.66721 3
      vertex -5.13011 3.6895 10
      vertex -5.00606 3.66721 10
    endloop
  endfacet
  facet normal 0.176853 0.984237 0
    outer loop
      vertex -5.13011 3.6895 10
      vertex -5.00606 3.66721 3
      vertex -5.13011 3.6895 3
    endloop
  endfacet
  facet normal 0.1327 0.991156 -0
    outer loop
      vertex -5.13011 3.6895 3
      vertex -5.25731 3.70653 10
      vertex -5.13011 3.6895 10
    endloop
  endfacet
  facet normal 0.1327 0.991156 0
    outer loop
      vertex -5.25731 3.70653 10
      vertex -5.13011 3.6895 3
      vertex -5.25731 3.70653 3
    endloop
  endfacet
  facet normal 0.0911985 0.995833 -0
    outer loop
      vertex -5.25731 3.70653 3
      vertex -5.38736 3.71844 10
      vertex -5.25731 3.70653 10
    endloop
  endfacet
  facet normal 0.0911985 0.995833 0
    outer loop
      vertex -5.38736 3.71844 10
      vertex -5.25731 3.70653 3
      vertex -5.38736 3.71844 3
    endloop
  endfacet
  facet normal 0.0516189 0.998667 -0
    outer loop
      vertex -5.38736 3.71844 3
      vertex -5.52008 3.7253 10
      vertex -5.38736 3.71844 10
    endloop
  endfacet
  facet normal 0.0516189 0.998667 0
    outer loop
      vertex -5.52008 3.7253 10
      vertex -5.38736 3.71844 3
      vertex -5.52008 3.7253 3
    endloop
  endfacet
  facet normal 0.0137058 0.999903 -0.00245188
    outer loop
      vertex -5.52008 3.7253 10
      vertex -5.57078 3.72599 9.99798
      vertex -5.56823 3.72596 10
    endloop
  endfacet
  facet normal 0.0135832 0.999908 0.000628357
    outer loop
      vertex -5.52008 3.7253 10
      vertex -5.57646 3.72607 9.99346
      vertex -5.57078 3.72599 9.99798
    endloop
  endfacet
  facet normal 0.0136276 0.999907 0.000245537
    outer loop
      vertex -5.52008 3.7253 10
      vertex -5.65526 3.72716 9.92811
      vertex -5.57646 3.72607 9.99346
    endloop
  endfacet
  facet normal 0.0137581 0.999905 0
    outer loop
      vertex -5.52008 3.7253 10
      vertex -5.65526 3.72716 3.07188
      vertex -5.65526 3.72716 9.92811
    endloop
  endfacet
  facet normal 0.0137581 0.999905 -0
    outer loop
      vertex -5.52008 3.7253 3
      vertex -5.65526 3.72716 3.07188
      vertex -5.52008 3.7253 10
    endloop
  endfacet
  facet normal 0.0136276 0.999907 -0.000245581
    outer loop
      vertex -5.65526 3.72716 3.07188
      vertex -5.52008 3.7253 3
      vertex -5.57646 3.72607 3.00654
    endloop
  endfacet
  facet normal 0.0135832 0.999908 -0.000628357
    outer loop
      vertex -5.57646 3.72607 3.00654
      vertex -5.52008 3.7253 3
      vertex -5.57078 3.72599 3.00202
    endloop
  endfacet
  facet normal 0.0137058 0.999903 0.00245188
    outer loop
      vertex -5.57078 3.72599 3.00202
      vertex -5.52008 3.7253 3
      vertex -5.56823 3.72596 3
    endloop
  endfacet
  facet normal -0.0226983 0.999742 0
    outer loop
      vertex -5.65526 3.72716 9.92811
      vertex -5.79268 3.72404 3.18328
      vertex -5.79268 3.72404 9.81671
    endloop
  endfacet
  facet normal -0.0226983 0.999742 0
    outer loop
      vertex -5.79268 3.72404 3.18328
      vertex -5.65526 3.72716 9.92811
      vertex -5.65526 3.72716 3.07188
    endloop
  endfacet
  facet normal -0.0575266 0.998344 0
    outer loop
      vertex -5.79268 3.72404 9.81671
      vertex -5.93221 3.716 3.29389
      vertex -5.93221 3.716 9.70609
    endloop
  endfacet
  facet normal -0.0575266 0.998344 0
    outer loop
      vertex -5.93221 3.716 3.29389
      vertex -5.79268 3.72404 9.81671
      vertex -5.79268 3.72404 3.18328
    endloop
  endfacet
  facet normal -0.866029 0.499994 0
    outer loop
      vertex -6.0484 3.51475 3.28653
      vertex -5.93221 3.716 9.70609
      vertex -5.93221 3.716 3.29389
    endloop
  endfacet
  facet normal -0.866029 0.499994 0
    outer loop
      vertex -6.0484 3.51475 3.28653
      vertex -6.0484 3.51475 9.71346
      vertex -5.93221 3.716 9.70609
    endloop
  endfacet
  facet normal -0.86604 0.499971 -0.0021395
    outer loop
      vertex -6.18427 3.27943 3.2939
      vertex -6.0484 3.51475 3.28653
      vertex -6.05823 3.49772 3.28591
    endloop
  endfacet
  facet normal -0.866013 0.500022 0
    outer loop
      vertex -6.0484 3.51475 3.28653
      vertex -6.18427 3.27943 3.2939
      vertex -6.0484 3.51475 9.71346
    endloop
  endfacet
  facet normal -0.866013 0.500022 0
    outer loop
      vertex -6.18427 3.27943 9.70609
      vertex -6.0484 3.51475 9.71346
      vertex -6.18427 3.27943 3.2939
    endloop
  endfacet
  facet normal -0.86604 0.499971 0.0021395
    outer loop
      vertex -6.0484 3.51475 9.71346
      vertex -6.18427 3.27943 9.70609
      vertex -6.05823 3.49772 9.71408
    endloop
  endfacet
  facet normal -0.893318 -0.449425 0
    outer loop
      vertex -6.1339 3.17931 3.20519
      vertex -6.18427 3.27943 9.70609
      vertex -6.18427 3.27943 3.2939
    endloop
  endfacet
  facet normal -0.893318 -0.449425 0
    outer loop
      vertex -6.1339 3.17931 3.20519
      vertex -6.1339 3.17931 9.7948
      vertex -6.18427 3.27943 9.70609
    endloop
  endfacet
  facet normal -0.893268 -0.449525 0
    outer loop
      vertex -6.12146 3.15459 3.18328
      vertex -6.1339 3.17931 9.7948
      vertex -6.1339 3.17931 3.20519
    endloop
  endfacet
  facet normal -0.893268 -0.449525 0
    outer loop
      vertex -6.1339 3.17931 9.7948
      vertex -6.12146 3.15459 3.18328
      vertex -6.12146 3.15459 9.81671
    endloop
  endfacet
  facet normal -0.877163 -0.480192 0
    outer loop
      vertex -6.05545 3.03401 3.07189
      vertex -6.12146 3.15459 9.81671
      vertex -6.12146 3.15459 3.18328
    endloop
  endfacet
  facet normal -0.877163 -0.480192 0
    outer loop
      vertex -6.12146 3.15459 9.81671
      vertex -6.05545 3.03401 3.07189
      vertex -6.05545 3.03401 9.92811
    endloop
  endfacet
  facet normal -0.859004 -0.511968 4.44068e-05
    outer loop
      vertex -5.98624 2.91788 3
      vertex -6.05545 3.03401 3.07189
      vertex -6.01511 2.96632 3.00655
    endloop
  endfacet
  facet normal -0.859016 -0.511948 0
    outer loop
      vertex -6.05545 3.03401 3.07189
      vertex -5.98624 2.91788 3
      vertex -6.05545 3.03401 9.92811
    endloop
  endfacet
  facet normal -0.859064 -0.511867 -0.000969791
    outer loop
      vertex -5.98624 2.91788 3
      vertex -6.01511 2.96632 3.00655
      vertex -6.01089 2.95925 3
    endloop
  endfacet
  facet normal -0.859016 -0.511948 -0
    outer loop
      vertex -5.98624 2.91788 10
      vertex -6.05545 3.03401 9.92811
      vertex -5.98624 2.91788 3
    endloop
  endfacet
  facet normal -0.859004 -0.511968 -4.44068e-05
    outer loop
      vertex -6.05545 3.03401 9.92811
      vertex -5.98624 2.91788 10
      vertex -6.01511 2.96632 9.99345
    endloop
  endfacet
  facet normal -0.859064 -0.511867 0.000969791
    outer loop
      vertex -6.01511 2.96632 9.99345
      vertex -5.98624 2.91788 10
      vertex -6.01089 2.95925 10
    endloop
  endfacet
  facet normal -0.839067 -0.544028 0
    outer loop
      vertex -5.91394 2.80637 3
      vertex -5.98624 2.91788 10
      vertex -5.98624 2.91788 3
    endloop
  endfacet
  facet normal -0.839067 -0.544028 0
    outer loop
      vertex -5.98624 2.91788 10
      vertex -5.91394 2.80637 3
      vertex -5.91394 2.80637 10
    endloop
  endfacet
  facet normal -0.816872 -0.576818 0
    outer loop
      vertex -5.83861 2.69969 3
      vertex -5.91394 2.80637 10
      vertex -5.91394 2.80637 3
    endloop
  endfacet
  facet normal -0.816872 -0.576818 0
    outer loop
      vertex -5.91394 2.80637 10
      vertex -5.83861 2.69969 3
      vertex -5.83861 2.69969 10
    endloop
  endfacet
  facet normal -0.791963 -0.610569 0
    outer loop
      vertex -5.76025 2.59805 3
      vertex -5.83861 2.69969 10
      vertex -5.83861 2.69969 3
    endloop
  endfacet
  facet normal -0.791963 -0.610569 0
    outer loop
      vertex -5.83861 2.69969 10
      vertex -5.76025 2.59805 3
      vertex -5.76025 2.59805 10
    endloop
  endfacet
  facet normal -0.763925 -0.645305 0
    outer loop
      vertex -5.67892 2.50177 3
      vertex -5.76025 2.59805 10
      vertex -5.76025 2.59805 3
    endloop
  endfacet
  facet normal -0.763925 -0.645305 0
    outer loop
      vertex -5.76025 2.59805 10
      vertex -5.67892 2.50177 3
      vertex -5.67892 2.50177 10
    endloop
  endfacet
  facet normal -0.731984 -0.681322 0
    outer loop
      vertex -5.5946 2.41118 3
      vertex -5.67892 2.50177 10
      vertex -5.67892 2.50177 3
    endloop
  endfacet
  facet normal -0.731984 -0.681322 0
    outer loop
      vertex -5.67892 2.50177 10
      vertex -5.5946 2.41118 3
      vertex -5.5946 2.41118 10
    endloop
  endfacet
  facet normal -0.694608 -0.719389 0
    outer loop
      vertex -5.5946 2.41118 3
      vertex -5.50722 2.32681 10
      vertex -5.5946 2.41118 10
    endloop
  endfacet
  facet normal -0.694608 -0.719389 -0
    outer loop
      vertex -5.50722 2.32681 10
      vertex -5.5946 2.41118 3
      vertex -5.50722 2.32681 3
    endloop
  endfacet
  facet normal -0.649457 -0.760399 0
    outer loop
      vertex -5.50722 2.32681 3
      vertex -5.41661 2.24942 10
      vertex -5.50722 2.32681 10
    endloop
  endfacet
  facet normal -0.649457 -0.760399 -0
    outer loop
      vertex -5.41661 2.24942 10
      vertex -5.50722 2.32681 3
      vertex -5.41661 2.24942 3
    endloop
  endfacet
  facet normal -0.591382 -0.806391 0
    outer loop
      vertex -5.41661 2.24942 3
      vertex -5.32236 2.1803 10
      vertex -5.41661 2.24942 10
    endloop
  endfacet
  facet normal -0.591382 -0.806391 -0
    outer loop
      vertex -5.32236 2.1803 10
      vertex -5.41661 2.24942 3
      vertex -5.32236 2.1803 3
    endloop
  endfacet
  facet normal -0.497352 -0.867549 0
    outer loop
      vertex -5.32236 2.1803 3
      vertex -5.22302 2.12335 10
      vertex -5.32236 2.1803 10
    endloop
  endfacet
  facet normal -0.497352 -0.867549 -0
    outer loop
      vertex -5.22302 2.12335 10
      vertex -5.32236 2.1803 3
      vertex -5.22302 2.12335 3
    endloop
  endfacet
  facet normal -0.376596 -0.926378 0
    outer loop
      vertex -5.22302 2.12335 3
      vertex -4.39847 1.78815 10
      vertex -5.22302 2.12335 10
    endloop
  endfacet
  facet normal -0.376596 -0.926378 -0
    outer loop
      vertex -4.39847 1.78815 10
      vertex -5.22302 2.12335 3
      vertex -4.39847 1.78815 3
    endloop
  endfacet
  facet normal -0.946937 0.321419 0
    outer loop
      vertex -4.58813 1.22939 3
      vertex -4.39847 1.78815 10
      vertex -4.39847 1.78815 3
    endloop
  endfacet
  facet normal -0.946937 0.321419 0
    outer loop
      vertex -4.39847 1.78815 10
      vertex -4.58813 1.22939 3
      vertex -4.58813 1.22939 10
    endloop
  endfacet
  facet normal -0.980785 0.195093 0
    outer loop
      vertex -4.70325 0.65065 3
      vertex -4.58813 1.22939 10
      vertex -4.58813 1.22939 3
    endloop
  endfacet
  facet normal -0.980785 0.195093 0
    outer loop
      vertex -4.58813 1.22939 10
      vertex -4.70325 0.65065 3
      vertex -4.70325 0.65065 10
    endloop
  endfacet
  facet normal 0.137039 0.990566 -0
    outer loop
      vertex -4.70325 0.65065 3
      vertex -5.58496 0.772629 10
      vertex -4.70325 0.65065 10
    endloop
  endfacet
  facet normal 0.137039 0.990566 0
    outer loop
      vertex -5.58496 0.772629 10
      vertex -4.70325 0.65065 3
      vertex -5.58496 0.772629 3
    endloop
  endfacet
  facet normal 0.00306549 0.999995 -0
    outer loop
      vertex -5.58496 0.772629 3
      vertex -5.69946 0.77298 10
      vertex -5.58496 0.772629 10
    endloop
  endfacet
  facet normal 0.00306549 0.999995 0
    outer loop
      vertex -5.69946 0.77298 10
      vertex -5.58496 0.772629 3
      vertex -5.69946 0.77298 3
    endloop
  endfacet
  facet normal -0.108886 0.994054 0
    outer loop
      vertex -5.69946 0.77298 3
      vertex -5.81564 0.760254 10
      vertex -5.69946 0.77298 10
    endloop
  endfacet
  facet normal -0.108886 0.994054 0
    outer loop
      vertex -5.81564 0.760254 10
      vertex -5.69946 0.77298 3
      vertex -5.81564 0.760254 3
    endloop
  endfacet
  facet normal -0.182325 0.983238 0
    outer loop
      vertex -5.81564 0.760254 3
      vertex -5.93282 0.738525 10
      vertex -5.81564 0.760254 10
    endloop
  endfacet
  facet normal -0.182325 0.983238 0
    outer loop
      vertex -5.93282 0.738525 10
      vertex -5.81564 0.760254 3
      vertex -5.93282 0.738525 3
    endloop
  endfacet
  facet normal -0.241842 0.970316 0
    outer loop
      vertex -5.93282 0.738525 3
      vertex -6.05067 0.709152 10
      vertex -5.93282 0.738525 10
    endloop
  endfacet
  facet normal -0.241842 0.970316 0
    outer loop
      vertex -6.05067 0.709152 10
      vertex -5.93282 0.738525 3
      vertex -6.05067 0.709152 3
    endloop
  endfacet
  facet normal -0.293191 0.956054 0
    outer loop
      vertex -6.05067 0.709152 3
      vertex -6.16899 0.672867 10
      vertex -6.05067 0.709152 10
    endloop
  endfacet
  facet normal -0.293191 0.956054 0
    outer loop
      vertex -6.16899 0.672867 10
      vertex -6.05067 0.709152 3
      vertex -6.16899 0.672867 3
    endloop
  endfacet
  facet normal -0.338974 0.940796 0
    outer loop
      vertex -6.16899 0.672867 3
      vertex -6.28757 0.630142 10
      vertex -6.16899 0.672867 10
    endloop
  endfacet
  facet normal -0.338974 0.940796 0
    outer loop
      vertex -6.28757 0.630142 10
      vertex -6.16899 0.672867 3
      vertex -6.28757 0.630142 3
    endloop
  endfacet
  facet normal -0.380637 0.924725 0
    outer loop
      vertex -6.28757 0.630142 3
      vertex -6.40623 0.581299 10
      vertex -6.28757 0.630142 10
    endloop
  endfacet
  facet normal -0.380637 0.924725 0
    outer loop
      vertex -6.40623 0.581299 10
      vertex -6.28757 0.630142 3
      vertex -6.40623 0.581299 3
    endloop
  endfacet
  facet normal -0.418929 0.908019 0
    outer loop
      vertex -6.40623 0.581299 3
      vertex -6.52483 0.526581 10
      vertex -6.40623 0.581299 10
    endloop
  endfacet
  facet normal -0.418929 0.908019 0
    outer loop
      vertex -6.52483 0.526581 10
      vertex -6.40623 0.581299 3
      vertex -6.52483 0.526581 3
    endloop
  endfacet
  facet normal -0.454693 0.890648 0
    outer loop
      vertex -6.52483 0.526581 3
      vertex -6.64319 0.466156 10
      vertex -6.52483 0.526581 10
    endloop
  endfacet
  facet normal -0.454693 0.890648 0
    outer loop
      vertex -6.64319 0.466156 10
      vertex -6.52483 0.526581 3
      vertex -6.64319 0.466156 3
    endloop
  endfacet
  facet normal -0.487983 0.872853 -0.000174234
    outer loop
      vertex -6.64319 0.466156 10
      vertex -6.6924 0.438643 9.99345
      vertex -6.68521 0.442664 10
    endloop
  endfacet
  facet normal -0.488006 0.87284 5.38029e-05
    outer loop
      vertex -6.64319 0.466156 10
      vertex -6.76118 0.400192 9.92811
      vertex -6.6924 0.438643 9.99345
    endloop
  endfacet
  facet normal -0.487982 0.872854 0
    outer loop
      vertex -6.64319 0.466156 10
      vertex -6.76118 0.400192 3.07189
      vertex -6.76118 0.400192 9.92811
    endloop
  endfacet
  facet normal -0.487982 0.872854 0
    outer loop
      vertex -6.64319 0.466156 3
      vertex -6.76118 0.400192 3.07189
      vertex -6.64319 0.466156 10
    endloop
  endfacet
  facet normal -0.488006 0.87284 -5.38029e-05
    outer loop
      vertex -6.76118 0.400192 3.07189
      vertex -6.64319 0.466156 3
      vertex -6.6924 0.438643 3.00655
    endloop
  endfacet
  facet normal -0.487983 0.872853 0.000174234
    outer loop
      vertex -6.6924 0.438643 3.00655
      vertex -6.64319 0.466156 3
      vertex -6.68521 0.442664 3
    endloop
  endfacet
  facet normal -0.519456 0.854497 0
    outer loop
      vertex -6.76118 0.400192 9.92811
      vertex -6.87865 0.328781 3.1833
      vertex -6.87865 0.328781 9.81669
    endloop
  endfacet
  facet normal -0.519456 0.854497 0
    outer loop
      vertex -6.87865 0.328781 3.1833
      vertex -6.76118 0.400192 9.92811
      vertex -6.76118 0.400192 3.07189
    endloop
  endfacet
  facet normal -0.549015 0.835813 0
    outer loop
      vertex -6.90177 0.313595 9.7948
      vertex -6.99545 0.25206 3.2939
      vertex -6.99545 0.25206 9.70608
    endloop
  endfacet
  facet normal -0.548998 0.835824 0
    outer loop
      vertex -6.90177 0.313595 3.20519
      vertex -6.90177 0.313595 9.7948
      vertex -6.87865 0.328781 9.81669
    endloop
  endfacet
  facet normal -0.549015 0.835813 0
    outer loop
      vertex -6.90177 0.313595 9.7948
      vertex -6.90177 0.313595 3.20519
      vertex -6.99545 0.25206 3.2939
    endloop
  endfacet
  facet normal -0.548998 0.835824 0
    outer loop
      vertex -6.90177 0.313595 3.20519
      vertex -6.87865 0.328781 9.81669
      vertex -6.87865 0.328781 3.1833
    endloop
  endfacet
  facet normal -1 0 0
    outer loop
      vertex -6.99545 0 3.28592
      vertex -6.99545 0.25206 9.70608
      vertex -6.99545 0.25206 3.2939
    endloop
  endfacet
  facet normal -1 0 0
    outer loop
      vertex -6.99545 0 3.28592
      vertex -6.99545 0 9.71407
      vertex -6.99545 0.25206 9.70608
    endloop
  endfacet
  facet normal -1 0 0
    outer loop
      vertex -6.99545 -0.25206 3.2939
      vertex -6.99545 0 9.71407
      vertex -6.99545 0 3.28592
    endloop
  endfacet
  facet normal -1 0 0
    outer loop
      vertex -6.99545 0 9.71407
      vertex -6.99545 -0.25206 3.2939
      vertex -6.99545 -0.25206 9.70608
    endloop
  endfacet
  facet normal -0.549015 -0.835813 0
    outer loop
      vertex -6.99545 -0.25206 3.2939
      vertex -6.90177 -0.313595 9.7948
      vertex -6.99545 -0.25206 9.70608
    endloop
  endfacet
  facet normal -0.549015 -0.835813 0
    outer loop
      vertex -6.90177 -0.313595 3.20519
      vertex -6.90177 -0.313595 9.7948
      vertex -6.99545 -0.25206 3.2939
    endloop
  endfacet
  facet normal -0.548998 -0.835824 -0
    outer loop
      vertex -6.90177 -0.313595 9.7948
      vertex -6.90177 -0.313595 3.20519
      vertex -6.87865 -0.328781 9.81669
    endloop
  endfacet
  facet normal -0.548998 -0.835824 -0
    outer loop
      vertex -6.87865 -0.328781 9.81669
      vertex -6.90177 -0.313595 3.20519
      vertex -6.87865 -0.328781 3.1833
    endloop
  endfacet
  facet normal -0.519456 -0.854497 0
    outer loop
      vertex -6.87865 -0.328781 3.1833
      vertex -6.76118 -0.400192 9.92811
      vertex -6.87865 -0.328781 9.81669
    endloop
  endfacet
  facet normal -0.519456 -0.854497 -0
    outer loop
      vertex -6.76118 -0.400192 9.92811
      vertex -6.87865 -0.328781 3.1833
      vertex -6.76118 -0.400192 3.07189
    endloop
  endfacet
  facet normal -0.487983 -0.872853 -0.000174234
    outer loop
      vertex -6.6924 -0.438643 9.99345
      vertex -6.64319 -0.466156 10
      vertex -6.68521 -0.442664 10
    endloop
  endfacet
  facet normal -0.488006 -0.87284 5.38029e-05
    outer loop
      vertex -6.76118 -0.400192 9.92811
      vertex -6.64319 -0.466156 10
      vertex -6.6924 -0.438643 9.99345
    endloop
  endfacet
  facet normal -0.487982 -0.872854 0
    outer loop
      vertex -6.76118 -0.400192 3.07189
      vertex -6.64319 -0.466156 10
      vertex -6.76118 -0.400192 9.92811
    endloop
  endfacet
  facet normal -0.488006 -0.87284 -5.38029e-05
    outer loop
      vertex -6.64319 -0.466156 3
      vertex -6.76118 -0.400192 3.07189
      vertex -6.6924 -0.438643 3.00655
    endloop
  endfacet
  facet normal -0.487983 -0.872853 0.000174234
    outer loop
      vertex -6.64319 -0.466156 3
      vertex -6.6924 -0.438643 3.00655
      vertex -6.68521 -0.442664 3
    endloop
  endfacet
  facet normal -0.487982 -0.872854 0
    outer loop
      vertex -6.76118 -0.400192 3.07189
      vertex -6.64319 -0.466156 3
      vertex -6.64319 -0.466156 10
    endloop
  endfacet
  facet normal -0.454693 -0.890648 0
    outer loop
      vertex -6.64319 -0.466156 3
      vertex -6.52483 -0.526581 10
      vertex -6.64319 -0.466156 10
    endloop
  endfacet
  facet normal -0.454693 -0.890648 -0
    outer loop
      vertex -6.52483 -0.526581 10
      vertex -6.64319 -0.466156 3
      vertex -6.52483 -0.526581 3
    endloop
  endfacet
  facet normal -0.418929 -0.908019 0
    outer loop
      vertex -6.52483 -0.526581 3
      vertex -6.40623 -0.581299 10
      vertex -6.52483 -0.526581 10
    endloop
  endfacet
  facet normal -0.418929 -0.908019 -0
    outer loop
      vertex -6.40623 -0.581299 10
      vertex -6.52483 -0.526581 3
      vertex -6.40623 -0.581299 3
    endloop
  endfacet
  facet normal -0.380637 -0.924725 0
    outer loop
      vertex -6.40623 -0.581299 3
      vertex -6.28757 -0.630142 10
      vertex -6.40623 -0.581299 10
    endloop
  endfacet
  facet normal -0.380637 -0.924725 -0
    outer loop
      vertex -6.28757 -0.630142 10
      vertex -6.40623 -0.581299 3
      vertex -6.28757 -0.630142 3
    endloop
  endfacet
  facet normal -0.338974 -0.940796 0
    outer loop
      vertex -6.28757 -0.630142 3
      vertex -6.16899 -0.672867 10
      vertex -6.28757 -0.630142 10
    endloop
  endfacet
  facet normal -0.338974 -0.940796 -0
    outer loop
      vertex -6.16899 -0.672867 10
      vertex -6.28757 -0.630142 3
      vertex -6.16899 -0.672867 3
    endloop
  endfacet
  facet normal -0.293191 -0.956054 0
    outer loop
      vertex -6.16899 -0.672867 3
      vertex -6.05067 -0.709152 10
      vertex -6.16899 -0.672867 10
    endloop
  endfacet
  facet normal -0.293191 -0.956054 -0
    outer loop
      vertex -6.05067 -0.709152 10
      vertex -6.16899 -0.672867 3
      vertex -6.05067 -0.709152 3
    endloop
  endfacet
  facet normal -0.241842 -0.970316 0
    outer loop
      vertex -6.05067 -0.709152 3
      vertex -5.93282 -0.738525 10
      vertex -6.05067 -0.709152 10
    endloop
  endfacet
  facet normal -0.241842 -0.970316 -0
    outer loop
      vertex -5.93282 -0.738525 10
      vertex -6.05067 -0.709152 3
      vertex -5.93282 -0.738525 3
    endloop
  endfacet
  facet normal -0.182325 -0.983238 0
    outer loop
      vertex -5.93282 -0.738525 3
      vertex -5.81564 -0.760254 10
      vertex -5.93282 -0.738525 10
    endloop
  endfacet
  facet normal -0.182325 -0.983238 -0
    outer loop
      vertex -5.81564 -0.760254 10
      vertex -5.93282 -0.738525 3
      vertex -5.81564 -0.760254 3
    endloop
  endfacet
  facet normal -0.108886 -0.994054 0
    outer loop
      vertex -5.81564 -0.760254 3
      vertex -5.69946 -0.77298 10
      vertex -5.81564 -0.760254 10
    endloop
  endfacet
  facet normal -0.108886 -0.994054 -0
    outer loop
      vertex -5.69946 -0.77298 10
      vertex -5.81564 -0.760254 3
      vertex -5.69946 -0.77298 3
    endloop
  endfacet
  facet normal 0.00306549 -0.999995 0
    outer loop
      vertex -5.69946 -0.77298 3
      vertex -5.58496 -0.772629 10
      vertex -5.69946 -0.77298 10
    endloop
  endfacet
  facet normal 0.00306549 -0.999995 0
    outer loop
      vertex -5.58496 -0.772629 10
      vertex -5.69946 -0.77298 3
      vertex -5.58496 -0.772629 3
    endloop
  endfacet
  facet normal 0.137039 -0.990566 0
    outer loop
      vertex -5.58496 -0.772629 3
      vertex -4.70325 -0.65065 10
      vertex -5.58496 -0.772629 10
    endloop
  endfacet
  facet normal 0.137039 -0.990566 0
    outer loop
      vertex -4.70325 -0.65065 10
      vertex -5.58496 -0.772629 3
      vertex -4.70325 -0.65065 3
    endloop
  endfacet
  facet normal -0.980785 -0.195093 0
    outer loop
      vertex -4.58813 -1.22939 3
      vertex -4.70325 -0.65065 10
      vertex -4.70325 -0.65065 3
    endloop
  endfacet
  facet normal -0.980785 -0.195093 0
    outer loop
      vertex -4.70325 -0.65065 10
      vertex -4.58813 -1.22939 3
      vertex -4.58813 -1.22939 10
    endloop
  endfacet
  facet normal -0.946937 -0.321419 0
    outer loop
      vertex -4.39847 -1.78815 3
      vertex -4.58813 -1.22939 10
      vertex -4.58813 -1.22939 3
    endloop
  endfacet
  facet normal -0.946937 -0.321419 0
    outer loop
      vertex -4.58813 -1.22939 10
      vertex -4.39847 -1.78815 3
      vertex -4.39847 -1.78815 10
    endloop
  endfacet
  facet normal -0.376596 0.926378 0
    outer loop
      vertex -4.39847 -1.78815 3
      vertex -5.22302 -2.12335 10
      vertex -4.39847 -1.78815 10
    endloop
  endfacet
  facet normal -0.376596 0.926378 0
    outer loop
      vertex -5.22302 -2.12335 10
      vertex -4.39847 -1.78815 3
      vertex -5.22302 -2.12335 3
    endloop
  endfacet
  facet normal -0.497352 0.867549 0
    outer loop
      vertex -5.22302 -2.12335 3
      vertex -5.32236 -2.1803 10
      vertex -5.22302 -2.12335 10
    endloop
  endfacet
  facet normal -0.497352 0.867549 0
    outer loop
      vertex -5.32236 -2.1803 10
      vertex -5.22302 -2.12335 3
      vertex -5.32236 -2.1803 3
    endloop
  endfacet
  facet normal -0.591382 0.806391 0
    outer loop
      vertex -5.32236 -2.1803 3
      vertex -5.41661 -2.24942 10
      vertex -5.32236 -2.1803 10
    endloop
  endfacet
  facet normal -0.591382 0.806391 0
    outer loop
      vertex -5.41661 -2.24942 10
      vertex -5.32236 -2.1803 3
      vertex -5.41661 -2.24942 3
    endloop
  endfacet
  facet normal -0.649457 0.760399 0
    outer loop
      vertex -5.41661 -2.24942 3
      vertex -5.50722 -2.32681 10
      vertex -5.41661 -2.24942 10
    endloop
  endfacet
  facet normal -0.649457 0.760399 0
    outer loop
      vertex -5.50722 -2.32681 10
      vertex -5.41661 -2.24942 3
      vertex -5.50722 -2.32681 3
    endloop
  endfacet
  facet normal -0.694608 0.719389 0
    outer loop
      vertex -5.50722 -2.32681 3
      vertex -5.5946 -2.41118 10
      vertex -5.50722 -2.32681 10
    endloop
  endfacet
  facet normal -0.694608 0.719389 0
    outer loop
      vertex -5.5946 -2.41118 10
      vertex -5.50722 -2.32681 3
      vertex -5.5946 -2.41118 3
    endloop
  endfacet
  facet normal -0.731984 0.681322 0
    outer loop
      vertex -5.67892 -2.50177 3
      vertex -5.5946 -2.41118 10
      vertex -5.5946 -2.41118 3
    endloop
  endfacet
  facet normal -0.731984 0.681322 0
    outer loop
      vertex -5.5946 -2.41118 10
      vertex -5.67892 -2.50177 3
      vertex -5.67892 -2.50177 10
    endloop
  endfacet
  facet normal -0.763925 0.645305 0
    outer loop
      vertex -5.76025 -2.59805 3
      vertex -5.67892 -2.50177 10
      vertex -5.67892 -2.50177 3
    endloop
  endfacet
  facet normal -0.763925 0.645305 0
    outer loop
      vertex -5.67892 -2.50177 10
      vertex -5.76025 -2.59805 3
      vertex -5.76025 -2.59805 10
    endloop
  endfacet
  facet normal -0.791963 0.610569 0
    outer loop
      vertex -5.83861 -2.69969 3
      vertex -5.76025 -2.59805 10
      vertex -5.76025 -2.59805 3
    endloop
  endfacet
  facet normal -0.791963 0.610569 0
    outer loop
      vertex -5.76025 -2.59805 10
      vertex -5.83861 -2.69969 3
      vertex -5.83861 -2.69969 10
    endloop
  endfacet
  facet normal -0.816872 0.576818 0
    outer loop
      vertex -5.91394 -2.80637 3
      vertex -5.83861 -2.69969 10
      vertex -5.83861 -2.69969 3
    endloop
  endfacet
  facet normal -0.816872 0.576818 0
    outer loop
      vertex -5.83861 -2.69969 10
      vertex -5.91394 -2.80637 3
      vertex -5.91394 -2.80637 10
    endloop
  endfacet
  facet normal -0.839067 0.544028 0
    outer loop
      vertex -5.98624 -2.91788 3
      vertex -5.91394 -2.80637 10
      vertex -5.91394 -2.80637 3
    endloop
  endfacet
  facet normal -0.839067 0.544028 0
    outer loop
      vertex -5.91394 -2.80637 10
      vertex -5.98624 -2.91788 3
      vertex -5.98624 -2.91788 10
    endloop
  endfacet
  facet normal -0.859064 0.511867 -0.000969791
    outer loop
      vertex -6.01511 -2.96632 3.00655
      vertex -5.98624 -2.91788 3
      vertex -6.01089 -2.95925 3
    endloop
  endfacet
  facet normal -0.859016 0.511948 0
    outer loop
      vertex -5.98624 -2.91788 3
      vertex -6.05545 -3.03401 3.07189
      vertex -5.98624 -2.91788 10
    endloop
  endfacet
  facet normal -0.859004 0.511968 4.44068e-05
    outer loop
      vertex -5.98624 -2.91788 3
      vertex -6.01511 -2.96632 3.00655
      vertex -6.05545 -3.03401 3.07189
    endloop
  endfacet
  facet normal -0.859016 0.511948 0
    outer loop
      vertex -6.05545 -3.03401 9.92811
      vertex -5.98624 -2.91788 10
      vertex -6.05545 -3.03401 3.07189
    endloop
  endfacet
  facet normal -0.859004 0.511968 -4.44068e-05
    outer loop
      vertex -6.01511 -2.96632 9.99345
      vertex -5.98624 -2.91788 10
      vertex -6.05545 -3.03401 9.92811
    endloop
  endfacet
  facet normal -0.859064 0.511867 0.000969791
    outer loop
      vertex -5.98624 -2.91788 10
      vertex -6.01511 -2.96632 9.99345
      vertex -6.01089 -2.95925 10
    endloop
  endfacet
  facet normal -0.877163 0.480192 0
    outer loop
      vertex -6.12146 -3.15459 3.18328
      vertex -6.05545 -3.03401 9.92811
      vertex -6.05545 -3.03401 3.07189
    endloop
  endfacet
  facet normal -0.877163 0.480192 0
    outer loop
      vertex -6.05545 -3.03401 9.92811
      vertex -6.12146 -3.15459 3.18328
      vertex -6.12146 -3.15459 9.81671
    endloop
  endfacet
  facet normal -0.893268 0.449525 0
    outer loop
      vertex -6.1339 -3.17931 3.20519
      vertex -6.12146 -3.15459 9.81671
      vertex -6.12146 -3.15459 3.18328
    endloop
  endfacet
  facet normal -0.893268 0.449525 0
    outer loop
      vertex -6.1339 -3.17931 3.20519
      vertex -6.1339 -3.17931 9.7948
      vertex -6.12146 -3.15459 9.81671
    endloop
  endfacet
  facet normal -0.893318 0.449425 0
    outer loop
      vertex -6.18427 -3.27943 3.2939
      vertex -6.1339 -3.17931 9.7948
      vertex -6.1339 -3.17931 3.20519
    endloop
  endfacet
  facet normal -0.893318 0.449425 0
    outer loop
      vertex -6.1339 -3.17931 9.7948
      vertex -6.18427 -3.27943 3.2939
      vertex -6.18427 -3.27943 9.70609
    endloop
  endfacet
  facet normal -0.86604 -0.499971 -0.0021395
    outer loop
      vertex -6.0484 -3.51475 3.28653
      vertex -6.18427 -3.27943 3.2939
      vertex -6.05823 -3.49772 3.28591
    endloop
  endfacet
  facet normal -0.866013 -0.500022 0
    outer loop
      vertex -6.18427 -3.27943 3.2939
      vertex -6.0484 -3.51475 3.28653
      vertex -6.18427 -3.27943 9.70609
    endloop
  endfacet
  facet normal -0.866013 -0.500022 -0
    outer loop
      vertex -6.0484 -3.51475 9.71346
      vertex -6.18427 -3.27943 9.70609
      vertex -6.0484 -3.51475 3.28653
    endloop
  endfacet
  facet normal -0.86604 -0.499971 0.0021395
    outer loop
      vertex -6.18427 -3.27943 9.70609
      vertex -6.0484 -3.51475 9.71346
      vertex -6.05823 -3.49772 9.71408
    endloop
  endfacet
  facet normal -0.866029 -0.499994 0
    outer loop
      vertex -5.93221 -3.716 3.29389
      vertex -6.0484 -3.51475 9.71346
      vertex -6.0484 -3.51475 3.28653
    endloop
  endfacet
  facet normal -0.866029 -0.499994 0
    outer loop
      vertex -6.0484 -3.51475 9.71346
      vertex -5.93221 -3.716 3.29389
      vertex -5.93221 -3.716 9.70609
    endloop
  endfacet
  facet normal -0.0575266 -0.998344 0
    outer loop
      vertex -5.93221 -3.716 3.29389
      vertex -5.79268 -3.72404 9.81671
      vertex -5.93221 -3.716 9.70609
    endloop
  endfacet
  facet normal -0.0575266 -0.998344 -0
    outer loop
      vertex -5.79268 -3.72404 9.81671
      vertex -5.93221 -3.716 3.29389
      vertex -5.79268 -3.72404 3.18328
    endloop
  endfacet
  facet normal -0.0226983 -0.999742 0
    outer loop
      vertex -5.79268 -3.72404 3.18328
      vertex -5.65526 -3.72716 9.92811
      vertex -5.79268 -3.72404 9.81671
    endloop
  endfacet
  facet normal -0.0226983 -0.999742 -0
    outer loop
      vertex -5.65526 -3.72716 9.92811
      vertex -5.79268 -3.72404 3.18328
      vertex -5.65526 -3.72716 3.07188
    endloop
  endfacet
  facet normal 0.0137058 -0.999903 -0.00245188
    outer loop
      vertex -5.57078 -3.72599 9.99798
      vertex -5.52008 -3.7253 10
      vertex -5.56823 -3.72596 10
    endloop
  endfacet
  facet normal 0.0135832 -0.999908 0.000628357
    outer loop
      vertex -5.57646 -3.72607 9.99346
      vertex -5.52008 -3.7253 10
      vertex -5.57078 -3.72599 9.99798
    endloop
  endfacet
  facet normal 0.0136276 -0.999907 0.000245537
    outer loop
      vertex -5.65526 -3.72716 9.92811
      vertex -5.52008 -3.7253 10
      vertex -5.57646 -3.72607 9.99346
    endloop
  endfacet
  facet normal 0.0137581 -0.999905 0
    outer loop
      vertex -5.65526 -3.72716 3.07188
      vertex -5.52008 -3.7253 10
      vertex -5.65526 -3.72716 9.92811
    endloop
  endfacet
  facet normal 0.0136276 -0.999907 -0.000245581
    outer loop
      vertex -5.52008 -3.7253 3
      vertex -5.65526 -3.72716 3.07188
      vertex -5.57646 -3.72607 3.00654
    endloop
  endfacet
  facet normal 0.0135832 -0.999908 -0.000628357
    outer loop
      vertex -5.52008 -3.7253 3
      vertex -5.57646 -3.72607 3.00654
      vertex -5.57078 -3.72599 3.00202
    endloop
  endfacet
  facet normal 0.0137058 -0.999903 0.00245188
    outer loop
      vertex -5.52008 -3.7253 3
      vertex -5.57078 -3.72599 3.00202
      vertex -5.56823 -3.72596 3
    endloop
  endfacet
  facet normal 0.0137581 -0.999905 0
    outer loop
      vertex -5.65526 -3.72716 3.07188
      vertex -5.52008 -3.7253 3
      vertex -5.52008 -3.7253 10
    endloop
  endfacet
  facet normal 0.0516189 -0.998667 0
    outer loop
      vertex -5.52008 -3.7253 3
      vertex -5.38736 -3.71844 10
      vertex -5.52008 -3.7253 10
    endloop
  endfacet
  facet normal 0.0516189 -0.998667 0
    outer loop
      vertex -5.38736 -3.71844 10
      vertex -5.52008 -3.7253 3
      vertex -5.38736 -3.71844 3
    endloop
  endfacet
  facet normal 0.0911985 -0.995833 0
    outer loop
      vertex -5.38736 -3.71844 3
      vertex -5.25731 -3.70653 10
      vertex -5.38736 -3.71844 10
    endloop
  endfacet
  facet normal 0.0911985 -0.995833 0
    outer loop
      vertex -5.25731 -3.70653 10
      vertex -5.38736 -3.71844 3
      vertex -5.25731 -3.70653 3
    endloop
  endfacet
  facet normal 0.1327 -0.991156 0
    outer loop
      vertex -5.25731 -3.70653 3
      vertex -5.13011 -3.6895 10
      vertex -5.25731 -3.70653 10
    endloop
  endfacet
  facet normal 0.1327 -0.991156 0
    outer loop
      vertex -5.13011 -3.6895 10
      vertex -5.25731 -3.70653 3
      vertex -5.13011 -3.6895 3
    endloop
  endfacet
  facet normal 0.176853 -0.984237 0
    outer loop
      vertex -5.13011 -3.6895 3
      vertex -5.00606 -3.66721 10
      vertex -5.13011 -3.6895 10
    endloop
  endfacet
  facet normal 0.176853 -0.984237 0
    outer loop
      vertex -5.00606 -3.66721 10
      vertex -5.13011 -3.6895 3
      vertex -5.00606 -3.66721 3
    endloop
  endfacet
  facet normal 0.224069 -0.974573 0
    outer loop
      vertex -5.00606 -3.66721 3
      vertex -4.88545 -3.63948 10
      vertex -5.00606 -3.66721 10
    endloop
  endfacet
  facet normal 0.224069 -0.974573 0
    outer loop
      vertex -4.88545 -3.63948 10
      vertex -5.00606 -3.66721 3
      vertex -4.88545 -3.63948 3
    endloop
  endfacet
  facet normal 0.27571 -0.961241 0
    outer loop
      vertex -4.88545 -3.63948 3
      vertex -4.76869 -3.60599 10
      vertex -4.88545 -3.63948 10
    endloop
  endfacet
  facet normal 0.27571 -0.961241 0
    outer loop
      vertex -4.76869 -3.60599 10
      vertex -4.88545 -3.63948 3
      vertex -4.76869 -3.60599 3
    endloop
  endfacet
  facet normal 0.333821 -0.942637 0
    outer loop
      vertex -4.76869 -3.60599 3
      vertex -4.65636 -3.56621 10
      vertex -4.76869 -3.60599 10
    endloop
  endfacet
  facet normal 0.333821 -0.942637 0
    outer loop
      vertex -4.65636 -3.56621 10
      vertex -4.76869 -3.60599 3
      vertex -4.65636 -3.56621 3
    endloop
  endfacet
  facet normal 0.402658 -0.91535 0
    outer loop
      vertex -4.65636 -3.56621 3
      vertex -4.54938 -3.51915 10
      vertex -4.65636 -3.56621 10
    endloop
  endfacet
  facet normal 0.402658 -0.91535 0
    outer loop
      vertex -4.54938 -3.51915 10
      vertex -4.65636 -3.56621 3
      vertex -4.54938 -3.51915 3
    endloop
  endfacet
  facet normal 0.502671 -0.864478 0
    outer loop
      vertex -4.54938 -3.51915 3
      vertex -4.45039 -3.46159 10
      vertex -4.54938 -3.51915 10
    endloop
  endfacet
  facet normal 0.502671 -0.864478 0
    outer loop
      vertex -4.45039 -3.46159 10
      vertex -4.54938 -3.51915 3
      vertex -4.45039 -3.46159 3
    endloop
  endfacet
  facet normal 0.613962 -0.789335 0
    outer loop
      vertex -4.45039 -3.46159 3
      vertex -3.7478 -2.9151 10
      vertex -4.45039 -3.46159 10
    endloop
  endfacet
  facet normal 0.613962 -0.789335 0
    outer loop
      vertex -3.7478 -2.9151 10
      vertex -4.45039 -3.46159 3
      vertex -3.7478 -2.9151 3
    endloop
  endfacet
  facet normal -0.751857 -0.659326 0
    outer loop
      vertex -3.35875 -3.35875 3
      vertex -3.7478 -2.9151 10
      vertex -3.7478 -2.9151 3
    endloop
  endfacet
  facet normal -0.751857 -0.659326 0
    outer loop
      vertex -3.7478 -2.9151 10
      vertex -3.35875 -3.35875 3
      vertex -3.35875 -3.35875 10
    endloop
  endfacet
  facet normal -0.659326 -0.751857 0
    outer loop
      vertex -3.35875 -3.35875 3
      vertex -2.9151 -3.7478 10
      vertex -3.35875 -3.35875 10
    endloop
  endfacet
  facet normal -0.659326 -0.751857 -0
    outer loop
      vertex -2.9151 -3.7478 10
      vertex -3.35875 -3.35875 3
      vertex -2.9151 -3.7478 3
    endloop
  endfacet
  facet normal -0.789335 0.613962 0
    outer loop
      vertex -3.46159 -4.45039 3
      vertex -2.9151 -3.7478 10
      vertex -2.9151 -3.7478 3
    endloop
  endfacet
  facet normal -0.789335 0.613962 0
    outer loop
      vertex -2.9151 -3.7478 10
      vertex -3.46159 -4.45039 3
      vertex -3.46159 -4.45039 10
    endloop
  endfacet
  facet normal -0.864478 0.502671 0
    outer loop
      vertex -3.51915 -4.54938 3
      vertex -3.46159 -4.45039 10
      vertex -3.46159 -4.45039 3
    endloop
  endfacet
  facet normal -0.864478 0.502671 0
    outer loop
      vertex -3.46159 -4.45039 10
      vertex -3.51915 -4.54938 3
      vertex -3.51915 -4.54938 10
    endloop
  endfacet
  facet normal -0.91535 0.402658 0
    outer loop
      vertex -3.56621 -4.65636 3
      vertex -3.51915 -4.54938 10
      vertex -3.51915 -4.54938 3
    endloop
  endfacet
  facet normal -0.91535 0.402658 0
    outer loop
      vertex -3.51915 -4.54938 10
      vertex -3.56621 -4.65636 3
      vertex -3.56621 -4.65636 10
    endloop
  endfacet
  facet normal -0.942637 0.333821 0
    outer loop
      vertex -3.60599 -4.76869 3
      vertex -3.56621 -4.65636 10
      vertex -3.56621 -4.65636 3
    endloop
  endfacet
  facet normal -0.942637 0.333821 0
    outer loop
      vertex -3.56621 -4.65636 10
      vertex -3.60599 -4.76869 3
      vertex -3.60599 -4.76869 10
    endloop
  endfacet
  facet normal -0.961241 0.27571 0
    outer loop
      vertex -3.63948 -4.88545 3
      vertex -3.60599 -4.76869 10
      vertex -3.60599 -4.76869 3
    endloop
  endfacet
  facet normal -0.961241 0.27571 0
    outer loop
      vertex -3.60599 -4.76869 10
      vertex -3.63948 -4.88545 3
      vertex -3.63948 -4.88545 10
    endloop
  endfacet
  facet normal -0.974573 0.224069 0
    outer loop
      vertex -3.66721 -5.00606 3
      vertex -3.63948 -4.88545 10
      vertex -3.63948 -4.88545 3
    endloop
  endfacet
  facet normal -0.974573 0.224069 0
    outer loop
      vertex -3.63948 -4.88545 10
      vertex -3.66721 -5.00606 3
      vertex -3.66721 -5.00606 10
    endloop
  endfacet
  facet normal -0.984237 0.176853 0
    outer loop
      vertex -3.6895 -5.13011 3
      vertex -3.66721 -5.00606 10
      vertex -3.66721 -5.00606 3
    endloop
  endfacet
  facet normal -0.984237 0.176853 0
    outer loop
      vertex -3.66721 -5.00606 10
      vertex -3.6895 -5.13011 3
      vertex -3.6895 -5.13011 10
    endloop
  endfacet
  facet normal -0.991156 0.1327 0
    outer loop
      vertex -3.70653 -5.25731 3
      vertex -3.6895 -5.13011 10
      vertex -3.6895 -5.13011 3
    endloop
  endfacet
  facet normal -0.991156 0.1327 0
    outer loop
      vertex -3.6895 -5.13011 10
      vertex -3.70653 -5.25731 3
      vertex -3.70653 -5.25731 10
    endloop
  endfacet
  facet normal -0.995833 0.0911985 0
    outer loop
      vertex -3.71844 -5.38736 3
      vertex -3.70653 -5.25731 10
      vertex -3.70653 -5.25731 3
    endloop
  endfacet
  facet normal -0.995833 0.0911985 0
    outer loop
      vertex -3.70653 -5.25731 10
      vertex -3.71844 -5.38736 3
      vertex -3.71844 -5.38736 10
    endloop
  endfacet
  facet normal -0.998667 0.0516189 0
    outer loop
      vertex -3.7253 -5.52008 3
      vertex -3.71844 -5.38736 10
      vertex -3.71844 -5.38736 3
    endloop
  endfacet
  facet normal -0.998667 0.0516189 0
    outer loop
      vertex -3.71844 -5.38736 10
      vertex -3.7253 -5.52008 3
      vertex -3.7253 -5.52008 10
    endloop
  endfacet
  facet normal -0.999903 0.0137058 0.00245188
    outer loop
      vertex -3.72599 -5.57078 3.00202
      vertex -3.7253 -5.52008 3
      vertex -3.72596 -5.56823 3
    endloop
  endfacet
  facet normal -0.999908 0.0135832 -0.000628357
    outer loop
      vertex -3.72607 -5.57646 3.00654
      vertex -3.7253 -5.52008 3
      vertex -3.72599 -5.57078 3.00202
    endloop
  endfacet
  facet normal -0.999907 0.0136276 -0.000245581
    outer loop
      vertex -3.72716 -5.65526 3.07188
      vertex -3.7253 -5.52008 3
      vertex -3.72607 -5.57646 3.00654
    endloop
  endfacet
  facet normal -0.999903 0.0137058 -0.00245188
    outer loop
      vertex -3.7253 -5.52008 10
      vertex -3.72599 -5.57078 9.99798
      vertex -3.72596 -5.56823 10
    endloop
  endfacet
  facet normal -0.999905 0.0137581 0
    outer loop
      vertex -3.7253 -5.52008 3
      vertex -3.72716 -5.65526 3.07188
      vertex -3.7253 -5.52008 10
    endloop
  endfacet
  facet normal -0.999908 0.0135832 0.000628357
    outer loop
      vertex -3.7253 -5.52008 10
      vertex -3.72607 -5.57646 9.99346
      vertex -3.72599 -5.57078 9.99798
    endloop
  endfacet
  facet normal -0.999905 0.0137581 0
    outer loop
      vertex -3.72716 -5.65526 9.92811
      vertex -3.7253 -5.52008 10
      vertex -3.72716 -5.65526 3.07188
    endloop
  endfacet
  facet normal -0.999907 0.0136276 0.000245537
    outer loop
      vertex -3.7253 -5.52008 10
      vertex -3.72716 -5.65526 9.92811
      vertex -3.72607 -5.57646 9.99346
    endloop
  endfacet
  facet normal -0.999742 -0.0226983 0
    outer loop
      vertex -3.72404 -5.79268 3.18328
      vertex -3.72716 -5.65526 9.92811
      vertex -3.72716 -5.65526 3.07188
    endloop
  endfacet
  facet normal -0.999742 -0.0226983 0
    outer loop
      vertex -3.72716 -5.65526 9.92811
      vertex -3.72404 -5.79268 3.18328
      vertex -3.72404 -5.79268 9.81671
    endloop
  endfacet
  facet normal -0.998344 -0.0575266 0
    outer loop
      vertex -3.716 -5.93221 3.29389
      vertex -3.72404 -5.79268 9.81671
      vertex -3.72404 -5.79268 3.18328
    endloop
  endfacet
  facet normal -0.998344 -0.0575266 0
    outer loop
      vertex -3.72404 -5.79268 9.81671
      vertex -3.716 -5.93221 3.29389
      vertex -3.716 -5.93221 9.70609
    endloop
  endfacet
  facet normal -0.500009 -0.86602 0.000540118
    outer loop
      vertex -3.27943 -6.18427 9.70609
      vertex -3.51475 -6.0484 9.71346
      vertex -3.716 -5.93221 9.70609
    endloop
  endfacet
  facet normal -0.499971 -0.86604 0.0021395
    outer loop
      vertex -3.51475 -6.0484 9.71346
      vertex -3.27943 -6.18427 9.70609
      vertex -3.49772 -6.05823 9.71408
    endloop
  endfacet
  facet normal -0.500009 -0.86602 0
    outer loop
      vertex -3.716 -5.93221 9.70609
      vertex -3.27943 -6.18427 3.2939
      vertex -3.27943 -6.18427 9.70609
    endloop
  endfacet
  facet normal -0.500009 -0.86602 0
    outer loop
      vertex -3.716 -5.93221 3.29389
      vertex -3.27943 -6.18427 3.2939
      vertex -3.716 -5.93221 9.70609
    endloop
  endfacet
  facet normal -0.500009 -0.86602 -0.000540514
    outer loop
      vertex -3.51475 -6.0484 3.28653
      vertex -3.27943 -6.18427 3.2939
      vertex -3.716 -5.93221 3.29389
    endloop
  endfacet
  facet normal -0.499971 -0.86604 -0.0021395
    outer loop
      vertex -3.27943 -6.18427 3.2939
      vertex -3.51475 -6.0484 3.28653
      vertex -3.49772 -6.05823 3.28591
    endloop
  endfacet
  facet normal 0.449425 -0.893318 0
    outer loop
      vertex -3.27943 -6.18427 3.2939
      vertex -3.17931 -6.1339 9.7948
      vertex -3.27943 -6.18427 9.70609
    endloop
  endfacet
  facet normal 0.449425 -0.893318 0
    outer loop
      vertex -3.17931 -6.1339 3.20519
      vertex -3.17931 -6.1339 9.7948
      vertex -3.27943 -6.18427 3.2939
    endloop
  endfacet
  facet normal 0.449525 -0.893268 0
    outer loop
      vertex -3.17931 -6.1339 9.7948
      vertex -3.17931 -6.1339 3.20519
      vertex -3.15459 -6.12146 9.81671
    endloop
  endfacet
  facet normal 0.449525 -0.893268 0
    outer loop
      vertex -3.15459 -6.12146 9.81671
      vertex -3.17931 -6.1339 3.20519
      vertex -3.15459 -6.12146 3.18328
    endloop
  endfacet
  facet normal 0.480192 -0.877163 0
    outer loop
      vertex -3.15459 -6.12146 3.18328
      vertex -3.03401 -6.05545 9.92811
      vertex -3.15459 -6.12146 9.81671
    endloop
  endfacet
  facet normal 0.480192 -0.877163 0
    outer loop
      vertex -3.03401 -6.05545 9.92811
      vertex -3.15459 -6.12146 3.18328
      vertex -3.03401 -6.05545 3.07189
    endloop
  endfacet
  facet normal 0.511867 -0.859064 0.000969791
    outer loop
      vertex -2.96632 -6.01511 9.99345
      vertex -2.91788 -5.98624 10
      vertex -2.95925 -6.01089 10
    endloop
  endfacet
  facet normal 0.511968 -0.859004 -4.44068e-05
    outer loop
      vertex -3.03401 -6.05545 9.92811
      vertex -2.91788 -5.98624 10
      vertex -2.96632 -6.01511 9.99345
    endloop
  endfacet
  facet normal 0.511948 -0.859016 0
    outer loop
      vertex -3.03401 -6.05545 3.07189
      vertex -2.91788 -5.98624 10
      vertex -3.03401 -6.05545 9.92811
    endloop
  endfacet
  facet normal 0.511968 -0.859004 4.44068e-05
    outer loop
      vertex -2.91788 -5.98624 3
      vertex -3.03401 -6.05545 3.07189
      vertex -2.96632 -6.01511 3.00655
    endloop
  endfacet
  facet normal 0.511867 -0.859064 -0.000969791
    outer loop
      vertex -2.91788 -5.98624 3
      vertex -2.96632 -6.01511 3.00655
      vertex -2.95925 -6.01089 3
    endloop
  endfacet
  facet normal 0.511948 -0.859016 0
    outer loop
      vertex -3.03401 -6.05545 3.07189
      vertex -2.91788 -5.98624 3
      vertex -2.91788 -5.98624 10
    endloop
  endfacet
  facet normal 0.544028 -0.839067 0
    outer loop
      vertex -2.91788 -5.98624 3
      vertex -2.80637 -5.91394 10
      vertex -2.91788 -5.98624 10
    endloop
  endfacet
  facet normal 0.544028 -0.839067 0
    outer loop
      vertex -2.80637 -5.91394 10
      vertex -2.91788 -5.98624 3
      vertex -2.80637 -5.91394 3
    endloop
  endfacet
  facet normal 0.576818 -0.816872 0
    outer loop
      vertex -2.80637 -5.91394 3
      vertex -2.69969 -5.83861 10
      vertex -2.80637 -5.91394 10
    endloop
  endfacet
  facet normal 0.576818 -0.816872 0
    outer loop
      vertex -2.69969 -5.83861 10
      vertex -2.80637 -5.91394 3
      vertex -2.69969 -5.83861 3
    endloop
  endfacet
  facet normal 0.610569 -0.791963 0
    outer loop
      vertex -2.69969 -5.83861 3
      vertex -2.59805 -5.76025 10
      vertex -2.69969 -5.83861 10
    endloop
  endfacet
  facet normal 0.610569 -0.791963 0
    outer loop
      vertex -2.59805 -5.76025 10
      vertex -2.69969 -5.83861 3
      vertex -2.59805 -5.76025 3
    endloop
  endfacet
  facet normal 0.645305 -0.763925 0
    outer loop
      vertex -2.59805 -5.76025 3
      vertex -2.50177 -5.67892 10
      vertex -2.59805 -5.76025 10
    endloop
  endfacet
  facet normal 0.645305 -0.763925 0
    outer loop
      vertex -2.50177 -5.67892 10
      vertex -2.59805 -5.76025 3
      vertex -2.50177 -5.67892 3
    endloop
  endfacet
  facet normal 0.681322 -0.731984 0
    outer loop
      vertex -2.50177 -5.67892 3
      vertex -2.41118 -5.5946 10
      vertex -2.50177 -5.67892 10
    endloop
  endfacet
  facet normal 0.681322 -0.731984 0
    outer loop
      vertex -2.41118 -5.5946 10
      vertex -2.50177 -5.67892 3
      vertex -2.41118 -5.5946 3
    endloop
  endfacet
  facet normal 0.719389 -0.694608 0
    outer loop
      vertex -2.41118 -5.5946 10
      vertex -2.32681 -5.50722 3
      vertex -2.32681 -5.50722 10
    endloop
  endfacet
  facet normal 0.719389 -0.694608 0
    outer loop
      vertex -2.32681 -5.50722 3
      vertex -2.41118 -5.5946 10
      vertex -2.41118 -5.5946 3
    endloop
  endfacet
  facet normal 0.760399 -0.649457 0
    outer loop
      vertex -2.32681 -5.50722 10
      vertex -2.24942 -5.41661 3
      vertex -2.24942 -5.41661 10
    endloop
  endfacet
  facet normal 0.760399 -0.649457 0
    outer loop
      vertex -2.24942 -5.41661 3
      vertex -2.32681 -5.50722 10
      vertex -2.32681 -5.50722 3
    endloop
  endfacet
  facet normal 0.806391 -0.591382 0
    outer loop
      vertex -2.24942 -5.41661 10
      vertex -2.1803 -5.32236 3
      vertex -2.1803 -5.32236 10
    endloop
  endfacet
  facet normal 0.806391 -0.591382 0
    outer loop
      vertex -2.1803 -5.32236 3
      vertex -2.24942 -5.41661 10
      vertex -2.24942 -5.41661 3
    endloop
  endfacet
  facet normal 0.867549 -0.497352 0
    outer loop
      vertex -2.1803 -5.32236 10
      vertex -2.12335 -5.22302 3
      vertex -2.12335 -5.22302 10
    endloop
  endfacet
  facet normal 0.867549 -0.497352 0
    outer loop
      vertex -2.12335 -5.22302 3
      vertex -2.1803 -5.32236 10
      vertex -2.1803 -5.32236 3
    endloop
  endfacet
  facet normal 0.926378 -0.376596 0
    outer loop
      vertex -2.12335 -5.22302 10
      vertex -1.78815 -4.39847 3
      vertex -1.78815 -4.39847 10
    endloop
  endfacet
  facet normal 0.926378 -0.376596 0
    outer loop
      vertex -1.78815 -4.39847 3
      vertex -2.12335 -5.22302 10
      vertex -2.12335 -5.22302 3
    endloop
  endfacet
  facet normal -0.321419 -0.946937 0
    outer loop
      vertex -1.78815 -4.39847 3
      vertex -1.22939 -4.58813 10
      vertex -1.78815 -4.39847 10
    endloop
  endfacet
  facet normal -0.321419 -0.946937 -0
    outer loop
      vertex -1.22939 -4.58813 10
      vertex -1.78815 -4.39847 3
      vertex -1.22939 -4.58813 3
    endloop
  endfacet
  facet normal -0.195093 -0.980785 0
    outer loop
      vertex -1.22939 -4.58813 3
      vertex -0.65065 -4.70325 10
      vertex -1.22939 -4.58813 10
    endloop
  endfacet
  facet normal -0.195093 -0.980785 -0
    outer loop
      vertex -0.65065 -4.70325 10
      vertex -1.22939 -4.58813 3
      vertex -0.65065 -4.70325 3
    endloop
  endfacet
  facet normal -0.990566 0.137039 0
    outer loop
      vertex -0.772629 -5.58496 3
      vertex -0.65065 -4.70325 10
      vertex -0.65065 -4.70325 3
    endloop
  endfacet
  facet normal -0.990566 0.137039 0
    outer loop
      vertex -0.65065 -4.70325 10
      vertex -0.772629 -5.58496 3
      vertex -0.772629 -5.58496 10
    endloop
  endfacet
  facet normal -0.999995 0.00306549 0
    outer loop
      vertex -0.77298 -5.69946 3
      vertex -0.772629 -5.58496 10
      vertex -0.772629 -5.58496 3
    endloop
  endfacet
  facet normal -0.999995 0.00306549 0
    outer loop
      vertex -0.772629 -5.58496 10
      vertex -0.77298 -5.69946 3
      vertex -0.77298 -5.69946 10
    endloop
  endfacet
  facet normal -0.994054 -0.108886 0
    outer loop
      vertex -0.760254 -5.81564 3
      vertex -0.77298 -5.69946 10
      vertex -0.77298 -5.69946 3
    endloop
  endfacet
  facet normal -0.994054 -0.108886 0
    outer loop
      vertex -0.77298 -5.69946 10
      vertex -0.760254 -5.81564 3
      vertex -0.760254 -5.81564 10
    endloop
  endfacet
  facet normal -0.983238 -0.182325 0
    outer loop
      vertex -0.738525 -5.93282 3
      vertex -0.760254 -5.81564 10
      vertex -0.760254 -5.81564 3
    endloop
  endfacet
  facet normal -0.983238 -0.182325 0
    outer loop
      vertex -0.760254 -5.81564 10
      vertex -0.738525 -5.93282 3
      vertex -0.738525 -5.93282 10
    endloop
  endfacet
  facet normal -0.970316 -0.241842 0
    outer loop
      vertex -0.709152 -6.05067 3
      vertex -0.738525 -5.93282 10
      vertex -0.738525 -5.93282 3
    endloop
  endfacet
  facet normal -0.970316 -0.241842 0
    outer loop
      vertex -0.738525 -5.93282 10
      vertex -0.709152 -6.05067 3
      vertex -0.709152 -6.05067 10
    endloop
  endfacet
  facet normal -0.956054 -0.293191 0
    outer loop
      vertex -0.672867 -6.16899 3
      vertex -0.709152 -6.05067 10
      vertex -0.709152 -6.05067 3
    endloop
  endfacet
  facet normal -0.956054 -0.293191 0
    outer loop
      vertex -0.709152 -6.05067 10
      vertex -0.672867 -6.16899 3
      vertex -0.672867 -6.16899 10
    endloop
  endfacet
  facet normal -0.940796 -0.338974 0
    outer loop
      vertex -0.630142 -6.28757 3
      vertex -0.672867 -6.16899 10
      vertex -0.672867 -6.16899 3
    endloop
  endfacet
  facet normal -0.940796 -0.338974 0
    outer loop
      vertex -0.672867 -6.16899 10
      vertex -0.630142 -6.28757 3
      vertex -0.630142 -6.28757 10
    endloop
  endfacet
  facet normal -0.924725 -0.380637 0
    outer loop
      vertex -0.581299 -6.40623 3
      vertex -0.630142 -6.28757 10
      vertex -0.630142 -6.28757 3
    endloop
  endfacet
  facet normal -0.924725 -0.380637 0
    outer loop
      vertex -0.630142 -6.28757 10
      vertex -0.581299 -6.40623 3
      vertex -0.581299 -6.40623 10
    endloop
  endfacet
  facet normal -0.908019 -0.418929 0
    outer loop
      vertex -0.526581 -6.52483 3
      vertex -0.581299 -6.40623 10
      vertex -0.581299 -6.40623 3
    endloop
  endfacet
  facet normal -0.908019 -0.418929 0
    outer loop
      vertex -0.581299 -6.40623 10
      vertex -0.526581 -6.52483 3
      vertex -0.526581 -6.52483 10
    endloop
  endfacet
  facet normal -0.890648 -0.454693 0
    outer loop
      vertex -0.466156 -6.64319 3
      vertex -0.526581 -6.52483 10
      vertex -0.526581 -6.52483 3
    endloop
  endfacet
  facet normal -0.890648 -0.454693 0
    outer loop
      vertex -0.526581 -6.52483 10
      vertex -0.466156 -6.64319 3
      vertex -0.466156 -6.64319 10
    endloop
  endfacet
  facet normal -0.872853 -0.487983 0.000174234
    outer loop
      vertex -0.438643 -6.6924 3.00655
      vertex -0.466156 -6.64319 3
      vertex -0.442664 -6.68521 3
    endloop
  endfacet
  facet normal -0.872854 -0.487982 0
    outer loop
      vertex -0.466156 -6.64319 3
      vertex -0.400192 -6.76118 3.07189
      vertex -0.466156 -6.64319 10
    endloop
  endfacet
  facet normal -0.87284 -0.488006 -5.38029e-05
    outer loop
      vertex -0.466156 -6.64319 3
      vertex -0.438643 -6.6924 3.00655
      vertex -0.400192 -6.76118 3.07189
    endloop
  endfacet
  facet normal -0.872854 -0.487982 -0
    outer loop
      vertex -0.400192 -6.76118 9.92811
      vertex -0.466156 -6.64319 10
      vertex -0.400192 -6.76118 3.07189
    endloop
  endfacet
  facet normal -0.87284 -0.488006 5.38029e-05
    outer loop
      vertex -0.438643 -6.6924 9.99345
      vertex -0.466156 -6.64319 10
      vertex -0.400192 -6.76118 9.92811
    endloop
  endfacet
  facet normal -0.872853 -0.487983 -0.000174234
    outer loop
      vertex -0.466156 -6.64319 10
      vertex -0.438643 -6.6924 9.99345
      vertex -0.442664 -6.68521 10
    endloop
  endfacet
  facet normal -0.854497 -0.519456 0
    outer loop
      vertex -0.328781 -6.87865 3.1833
      vertex -0.400192 -6.76118 9.92811
      vertex -0.400192 -6.76118 3.07189
    endloop
  endfacet
  facet normal -0.854497 -0.519456 0
    outer loop
      vertex -0.400192 -6.76118 9.92811
      vertex -0.328781 -6.87865 3.1833
      vertex -0.328781 -6.87865 9.81669
    endloop
  endfacet
  facet normal -0.835824 -0.548998 0
    outer loop
      vertex -0.313595 -6.90177 3.20519
      vertex -0.328781 -6.87865 9.81669
      vertex -0.328781 -6.87865 3.1833
    endloop
  endfacet
  facet normal -0.835824 -0.548998 0
    outer loop
      vertex -0.313595 -6.90177 3.20519
      vertex -0.313595 -6.90177 9.7948
      vertex -0.328781 -6.87865 9.81669
    endloop
  endfacet
  facet normal -0.835813 -0.549015 0
    outer loop
      vertex -0.25206 -6.99545 3.2939
      vertex -0.313595 -6.90177 9.7948
      vertex -0.313595 -6.90177 3.20519
    endloop
  endfacet
  facet normal -0.835813 -0.549015 0
    outer loop
      vertex -0.313595 -6.90177 9.7948
      vertex -0.25206 -6.99545 3.2939
      vertex -0.25206 -6.99545 9.70608
    endloop
  endfacet
  facet normal 0 -1 0
    outer loop
      vertex -0.25206 -6.99545 3.2939
      vertex 0 -6.99545 9.71407
      vertex -0.25206 -6.99545 9.70608
    endloop
  endfacet
  facet normal 0 -1 0
    outer loop
      vertex 0 -6.99545 3.28592
      vertex 0 -6.99545 9.71407
      vertex -0.25206 -6.99545 3.2939
    endloop
  endfacet
  facet normal 0 -1 0
    outer loop
      vertex 0 -6.99545 9.71407
      vertex 0 -6.99545 3.28592
      vertex 0.25206 -6.99545 9.70608
    endloop
  endfacet
  facet normal 0 -1 -0
    outer loop
      vertex 0.25206 -6.99545 9.70608
      vertex 0 -6.99545 3.28592
      vertex 0.25206 -6.99545 3.2939
    endloop
  endfacet
  facet normal 0.835824 -0.548998 0
    outer loop
      vertex 0.313595 -6.90177 9.7948
      vertex 0.328781 -6.87865 3.1833
      vertex 0.328781 -6.87865 9.81669
    endloop
  endfacet
  facet normal 0.835824 -0.548998 0
    outer loop
      vertex 0.313595 -6.90177 9.7948
      vertex 0.313595 -6.90177 3.20519
      vertex 0.328781 -6.87865 3.1833
    endloop
  endfacet
  facet normal 0.835813 -0.549015 0
    outer loop
      vertex 0.25206 -6.99545 9.70608
      vertex 0.313595 -6.90177 3.20519
      vertex 0.313595 -6.90177 9.7948
    endloop
  endfacet
  facet normal 0.835813 -0.549015 0
    outer loop
      vertex 0.313595 -6.90177 3.20519
      vertex 0.25206 -6.99545 9.70608
      vertex 0.25206 -6.99545 3.2939
    endloop
  endfacet
  facet normal -0.695411 0.023438 0.71823
    outer loop
      vertex -6.76118 0.400192 9.92811
      vertex -6.68565 0.4382 10
      vertex -6.6924 0.438643 9.99345
    endloop
  endfacet
  facet normal -0.695246 0.0227676 0.718411
    outer loop
      vertex -6.68565 0.4382 10
      vertex -6.76118 0.400192 9.92811
      vertex -6.7 0 10
    endloop
  endfacet
  facet normal -0.695249 0.0227667 0.718409
    outer loop
      vertex -6.87865 0.328781 9.81669
      vertex -6.7 0 10
      vertex -6.76118 0.400192 9.92811
    endloop
  endfacet
  facet normal -0.695208 0.0228105 0.718447
    outer loop
      vertex -6.7 0 10
      vertex -6.87865 0.328781 9.81669
      vertex -6.90177 0.313595 9.7948
    endloop
  endfacet
  facet normal -0.695276 0.0227255 0.718384
    outer loop
      vertex -6.99545 0.25206 9.70608
      vertex -6.7 0 10
      vertex -6.90177 0.313595 9.7948
    endloop
  endfacet
  facet normal -0.695254 0.0227725 0.718403
    outer loop
      vertex -6.7 0 10
      vertex -6.99545 0.25206 9.70608
      vertex -6.99545 0 9.71407
    endloop
  endfacet
  facet normal 0.367341 -0.590716 0.718411
    outer loop
      vertex 3.35 -5.80237 10
      vertex 3.51475 -6.0484 9.71346
      vertex 3.72232 -5.57084 10
    endloop
  endfacet
  facet normal 0.367185 -0.590818 0.718408
    outer loop
      vertex 3.51475 -6.0484 9.71346
      vertex 3.35 -5.80237 10
      vertex 3.49772 -6.05823 9.71408
    endloop
  endfacet
  facet normal -0.613486 0.327917 0.718405
    outer loop
      vertex -6.05823 3.49772 9.71408
      vertex -6.1339 3.17931 9.7948
      vertex -5.80237 3.35 10
    endloop
  endfacet
  facet normal -0.613465 0.327917 0.718423
    outer loop
      vertex -6.1339 3.17931 9.7948
      vertex -6.05823 3.49772 9.71408
      vertex -6.18427 3.27943 9.70609
    endloop
  endfacet
  facet normal -0.695246 -0.0227676 0.718411
    outer loop
      vertex -6.76118 -0.400192 9.92811
      vertex -6.68565 -0.4382 10
      vertex -6.7 0 10
    endloop
  endfacet
  facet normal -0.695411 -0.023438 0.71823
    outer loop
      vertex -6.68565 -0.4382 10
      vertex -6.76118 -0.400192 9.92811
      vertex -6.6924 -0.438643 9.99345
    endloop
  endfacet
  facet normal -0.695249 -0.0227667 0.718409
    outer loop
      vertex -6.7 0 10
      vertex -6.87865 -0.328781 9.81669
      vertex -6.76118 -0.400192 9.92811
    endloop
  endfacet
  facet normal -0.695208 -0.0228105 0.718447
    outer loop
      vertex -6.87865 -0.328781 9.81669
      vertex -6.7 0 10
      vertex -6.90177 -0.313595 9.7948
    endloop
  endfacet
  facet normal -0.590552 0.367744 -0.71834
    outer loop
      vertex -5.57084 3.72232 3
      vertex -5.65526 3.72716 3.07188
      vertex -5.57646 3.72607 3.00654
    endloop
  endfacet
  facet normal -0.590698 0.367241 -0.718477
    outer loop
      vertex -6.0484 3.51475 3.28653
      vertex -5.65526 3.72716 3.07188
      vertex -5.57084 3.72232 3
    endloop
  endfacet
  facet normal -0.590718 0.367352 -0.718405
    outer loop
      vertex -5.65526 3.72716 3.07188
      vertex -6.0484 3.51475 3.28653
      vertex -5.79268 3.72404 3.18328
    endloop
  endfacet
  facet normal -0.590698 0.367309 -0.718443
    outer loop
      vertex -5.79268 3.72404 3.18328
      vertex -6.0484 3.51475 3.28653
      vertex -5.93221 3.716 3.29389
    endloop
  endfacet
  facet normal -0.56593 0.404628 -0.718331
    outer loop
      vertex -5.57084 3.72232 3
      vertex -5.57646 3.72607 3.00654
      vertex -5.57078 3.72599 3.00202
    endloop
  endfacet
  facet normal 0.590818 0.367185 0.718408
    outer loop
      vertex 6.0484 3.51475 9.71346
      vertex 5.80237 3.35 10
      vertex 6.05823 3.49772 9.71408
    endloop
  endfacet
  facet normal 0.590716 0.367341 0.718411
    outer loop
      vertex 5.80237 3.35 10
      vertex 6.0484 3.51475 9.71346
      vertex 5.57084 3.72232 10
    endloop
  endfacet
  facet normal -0.327912 0.613471 -0.71842
    outer loop
      vertex -3.35 5.80237 3
      vertex -3.27943 6.18427 3.2939
      vertex -3.17931 6.1339 3.20519
    endloop
  endfacet
  facet normal -0.32792 0.61347 -0.718417
    outer loop
      vertex -3.27943 6.18427 3.2939
      vertex -3.35 5.80237 3
      vertex -3.49772 6.05823 3.28591
    endloop
  endfacet
  facet normal -0.367356 0.590719 0.718401
    outer loop
      vertex -3.72404 5.79268 9.81671
      vertex -3.51475 6.0484 9.71346
      vertex -3.716 5.93221 9.70609
    endloop
  endfacet
  facet normal -0.367352 0.590718 0.718405
    outer loop
      vertex -3.72716 5.65526 9.92811
      vertex -3.51475 6.0484 9.71346
      vertex -3.72404 5.79268 9.81671
    endloop
  endfacet
  facet normal -0.367348 0.590717 0.718407
    outer loop
      vertex -3.51475 6.0484 9.71346
      vertex -3.72716 5.65526 9.92811
      vertex -3.72232 5.57084 10
    endloop
  endfacet
  facet normal -0.367604 0.590643 0.718337
    outer loop
      vertex -3.72232 5.57084 10
      vertex -3.72716 5.65526 9.92811
      vertex -3.72607 5.57646 9.99346
    endloop
  endfacet
  facet normal -0.590716 0.367341 0.718411
    outer loop
      vertex -6.0484 3.51475 9.71346
      vertex -5.80237 3.35 10
      vertex -5.57084 3.72232 10
    endloop
  endfacet
  facet normal -0.590818 0.367185 0.718408
    outer loop
      vertex -5.80237 3.35 10
      vertex -6.0484 3.51475 9.71346
      vertex -6.05823 3.49772 9.71408
    endloop
  endfacet
  facet normal -0.69246 -0.0682532 0.71822
    outer loop
      vertex -6.68565 -0.4382 10
      vertex -6.6924 -0.438643 9.99345
      vertex -6.68521 -0.442664 10
    endloop
  endfacet
  facet normal -0.367185 -0.590818 0.718408
    outer loop
      vertex -3.35 -5.80237 10
      vertex -3.51475 -6.0484 9.71346
      vertex -3.49772 -6.05823 9.71408
    endloop
  endfacet
  facet normal -0.367341 -0.590716 0.718411
    outer loop
      vertex -3.51475 -6.0484 9.71346
      vertex -3.35 -5.80237 10
      vertex -3.72232 -5.57084 10
    endloop
  endfacet
  facet normal 0.564807 -0.404985 0.719013
    outer loop
      vertex 5.57084 -3.72232 10
      vertex 5.56823 -3.72596 10
      vertex 5.57078 -3.72599 9.99798
    endloop
  endfacet
  facet normal -0.613479 0.327896 0.71842
    outer loop
      vertex -6.05545 3.03401 9.92811
      vertex -6.00904 2.96333 10
      vertex -5.80237 3.35 10
    endloop
  endfacet
  facet normal -0.613742 0.327622 0.718321
    outer loop
      vertex -6.00904 2.96333 10
      vertex -6.05545 3.03401 9.92811
      vertex -6.01511 2.96632 9.99345
    endloop
  endfacet
  facet normal -0.613475 0.327892 0.718426
    outer loop
      vertex -5.80237 3.35 10
      vertex -6.12146 3.15459 9.81671
      vertex -6.05545 3.03401 9.92811
    endloop
  endfacet
  facet normal -0.613495 0.327977 0.71837
    outer loop
      vertex -6.12146 3.15459 9.81671
      vertex -5.80237 3.35 10
      vertex -6.1339 3.17931 9.7948
    endloop
  endfacet
  facet normal -0.327622 -0.613742 -0.718321
    outer loop
      vertex -3.03401 -6.05545 3.07189
      vertex -2.96333 -6.00904 3
      vertex -2.96632 -6.01511 3.00655
    endloop
  endfacet
  facet normal -0.327869 -0.613454 -0.718454
    outer loop
      vertex -3.35 -5.80237 3
      vertex -3.03401 -6.05545 3.07189
      vertex -3.15459 -6.12146 3.18328
    endloop
  endfacet
  facet normal -0.327989 -0.613482 -0.718375
    outer loop
      vertex -3.35 -5.80237 3
      vertex -3.15459 -6.12146 3.18328
      vertex -3.17931 -6.1339 3.20519
    endloop
  endfacet
  facet normal -0.327896 -0.613479 -0.71842
    outer loop
      vertex -3.03401 -6.05545 3.07189
      vertex -3.35 -5.80237 3
      vertex -2.96333 -6.00904 3
    endloop
  endfacet
  facet normal 0.0682532 -0.69246 -0.71822
    outer loop
      vertex 0.438643 -6.6924 3.00655
      vertex 0.4382 -6.68565 3
      vertex 0.442664 -6.68521 3
    endloop
  endfacet
  facet normal -0.0227725 0.695254 0.718403
    outer loop
      vertex -0.25206 6.99545 9.70608
      vertex 0 6.7 10
      vertex 0 6.99545 9.71407
    endloop
  endfacet
  facet normal -0.0227255 0.695276 0.718384
    outer loop
      vertex 0 6.7 10
      vertex -0.25206 6.99545 9.70608
      vertex -0.313595 6.90177 9.7948
    endloop
  endfacet
  facet normal -0.367179 0.590807 -0.71842
    outer loop
      vertex -3.35 5.80237 3
      vertex -3.51475 6.0484 3.28653
      vertex -3.49772 6.05823 3.28591
    endloop
  endfacet
  facet normal -0.367335 0.590706 -0.718423
    outer loop
      vertex -3.51475 6.0484 3.28653
      vertex -3.35 5.80237 3
      vertex -3.72232 5.57084 3
    endloop
  endfacet
  facet normal -0.613486 -0.327917 0.718405
    outer loop
      vertex -6.1339 -3.17931 9.7948
      vertex -6.05823 -3.49772 9.71408
      vertex -5.80237 -3.35 10
    endloop
  endfacet
  facet normal -0.613465 -0.327917 0.718423
    outer loop
      vertex -6.05823 -3.49772 9.71408
      vertex -6.1339 -3.17931 9.7948
      vertex -6.18427 -3.27943 9.70609
    endloop
  endfacet
  facet normal 0.327977 -0.613495 0.71837
    outer loop
      vertex 3.35 -5.80237 10
      vertex 3.15459 -6.12146 9.81671
      vertex 3.17931 -6.1339 9.7948
    endloop
  endfacet
  facet normal 0.327892 -0.613475 0.718426
    outer loop
      vertex 3.35 -5.80237 10
      vertex 3.03401 -6.05545 9.92811
      vertex 3.15459 -6.12146 9.81671
    endloop
  endfacet
  facet normal 0.327896 -0.613479 0.71842
    outer loop
      vertex 2.96333 -6.00904 10
      vertex 3.03401 -6.05545 9.92811
      vertex 3.35 -5.80237 10
    endloop
  endfacet
  facet normal 0.327622 -0.613742 0.718321
    outer loop
      vertex 3.03401 -6.05545 9.92811
      vertex 2.96333 -6.00904 10
      vertex 2.96632 -6.01511 9.99345
    endloop
  endfacet
  facet normal 0.367352 -0.590718 -0.718405
    outer loop
      vertex 3.51475 -6.0484 3.28653
      vertex 3.72716 -5.65526 3.07188
      vertex 3.72404 -5.79268 3.18328
    endloop
  endfacet
  facet normal 0.367744 -0.590552 -0.71834
    outer loop
      vertex 3.72716 -5.65526 3.07188
      vertex 3.72232 -5.57084 3
      vertex 3.72607 -5.57646 3.00654
    endloop
  endfacet
  facet normal 0.367309 -0.590698 -0.718443
    outer loop
      vertex 3.51475 -6.0484 3.28653
      vertex 3.72404 -5.79268 3.18328
      vertex 3.716 -5.93221 3.29389
    endloop
  endfacet
  facet normal 0.367241 -0.590698 -0.718477
    outer loop
      vertex 3.72716 -5.65526 3.07188
      vertex 3.51475 -6.0484 3.28653
      vertex 3.72232 -5.57084 3
    endloop
  endfacet
  facet normal -0.404985 0.564807 -0.719013
    outer loop
      vertex -3.72596 5.56823 3
      vertex -3.72599 5.57078 3.00202
      vertex -3.72232 5.57084 3
    endloop
  endfacet
  facet normal 0.327926 -0.613481 0.718405
    outer loop
      vertex 3.35 -5.80237 10
      vertex 3.27943 -6.18427 9.70609
      vertex 3.49772 -6.05823 9.71408
    endloop
  endfacet
  facet normal 0.327901 -0.613483 0.718415
    outer loop
      vertex 3.27943 -6.18427 9.70609
      vertex 3.35 -5.80237 10
      vertex 3.17931 -6.1339 9.7948
    endloop
  endfacet
  facet normal -0.613742 0.327622 -0.718321
    outer loop
      vertex -6.05545 3.03401 3.07189
      vertex -6.00904 2.96333 3
      vertex -6.01511 2.96632 3.00655
    endloop
  endfacet
  facet normal -0.613479 0.327896 -0.71842
    outer loop
      vertex -6.00904 2.96333 3
      vertex -6.05545 3.03401 3.07189
      vertex -5.80237 3.35 3
    endloop
  endfacet
  facet normal -0.613454 0.327869 -0.718454
    outer loop
      vertex -6.12146 3.15459 3.18328
      vertex -5.80237 3.35 3
      vertex -6.05545 3.03401 3.07189
    endloop
  endfacet
  facet normal -0.613482 0.327989 -0.718375
    outer loop
      vertex -5.80237 3.35 3
      vertex -6.12146 3.15459 3.18328
      vertex -6.1339 3.17931 3.20519
    endloop
  endfacet
  facet normal -0.613471 0.327917 -0.718417
    outer loop
      vertex -6.1339 3.17931 3.20519
      vertex -6.05823 3.49772 3.28591
      vertex -5.80237 3.35 3
    endloop
  endfacet
  facet normal -0.613465 0.327917 -0.718423
    outer loop
      vertex -6.05823 3.49772 3.28591
      vertex -6.1339 3.17931 3.20519
      vertex -6.18427 3.27943 3.2939
    endloop
  endfacet
  facet normal -0.327912 -0.613471 -0.71842
    outer loop
      vertex -3.27943 -6.18427 3.2939
      vertex -3.35 -5.80237 3
      vertex -3.17931 -6.1339 3.20519
    endloop
  endfacet
  facet normal -0.32792 -0.61347 -0.718417
    outer loop
      vertex -3.35 -5.80237 3
      vertex -3.27943 -6.18427 3.2939
      vertex -3.49772 -6.05823 3.28591
    endloop
  endfacet
  facet normal -0.404628 0.56593 0.718331
    outer loop
      vertex -3.72232 5.57084 10
      vertex -3.72607 5.57646 9.99346
      vertex -3.72599 5.57078 9.99798
    endloop
  endfacet
  facet normal 0.023438 0.695411 0.71823
    outer loop
      vertex 0.400192 6.76118 9.92811
      vertex 0.4382 6.68565 10
      vertex 0.438643 6.6924 9.99345
    endloop
  endfacet
  facet normal 0.0227667 0.695249 0.718409
    outer loop
      vertex 0 6.7 10
      vertex 0.400192 6.76118 9.92811
      vertex 0.328781 6.87865 9.81669
    endloop
  endfacet
  facet normal 0.0228105 0.695208 0.718447
    outer loop
      vertex 0 6.7 10
      vertex 0.328781 6.87865 9.81669
      vertex 0.313595 6.90177 9.7948
    endloop
  endfacet
  facet normal 0.0227676 0.695246 0.718411
    outer loop
      vertex 0.400192 6.76118 9.92811
      vertex 0 6.7 10
      vertex 0.4382 6.68565 10
    endloop
  endfacet
  facet normal 0.633612 -0.287299 0.718328
    outer loop
      vertex 6.01089 -2.95925 10
      vertex 6.00904 -2.96333 10
      vertex 6.01511 -2.96632 9.99345
    endloop
  endfacet
  facet normal 0.0227714 0.695291 0.718368
    outer loop
      vertex 0 6.99545 9.71407
      vertex 0.313595 6.90177 9.7948
      vertex 0.25206 6.99545 9.70608
    endloop
  endfacet
  facet normal 0.0227516 0.695255 0.718403
    outer loop
      vertex 0.313595 6.90177 9.7948
      vertex 0 6.99545 9.71407
      vertex 0 6.7 10
    endloop
  endfacet
  facet normal -0.633612 -0.287299 0.718328
    outer loop
      vertex -6.01089 -2.95925 10
      vertex -6.01511 -2.96632 9.99345
      vertex -6.00904 -2.96333 10
    endloop
  endfacet
  facet normal -0.695255 -0.0227516 0.718403
    outer loop
      vertex -6.99545 0 9.71407
      vertex -6.90177 -0.313595 9.7948
      vertex -6.7 0 10
    endloop
  endfacet
  facet normal -0.695291 -0.0227714 0.718368
    outer loop
      vertex -6.90177 -0.313595 9.7948
      vertex -6.99545 0 9.71407
      vertex -6.99545 -0.25206 9.70608
    endloop
  endfacet
  facet normal -0.367179 -0.590807 -0.71842
    outer loop
      vertex -3.51475 -6.0484 3.28653
      vertex -3.35 -5.80237 3
      vertex -3.49772 -6.05823 3.28591
    endloop
  endfacet
  facet normal -0.367335 -0.590706 -0.718423
    outer loop
      vertex -3.35 -5.80237 3
      vertex -3.51475 -6.0484 3.28653
      vertex -3.72232 -5.57084 3
    endloop
  endfacet
  facet normal -0.404628 -0.56593 0.718331
    outer loop
      vertex -3.72599 -5.57078 9.99798
      vertex -3.72607 -5.57646 9.99346
      vertex -3.72232 -5.57084 10
    endloop
  endfacet
  facet normal 0.590698 -0.367309 -0.718443
    outer loop
      vertex 5.79268 -3.72404 3.18328
      vertex 6.0484 -3.51475 3.28653
      vertex 5.93221 -3.716 3.29389
    endloop
  endfacet
  facet normal 0.590718 -0.367352 -0.718405
    outer loop
      vertex 5.65526 -3.72716 3.07188
      vertex 6.0484 -3.51475 3.28653
      vertex 5.79268 -3.72404 3.18328
    endloop
  endfacet
  facet normal 0.590552 -0.367744 -0.71834
    outer loop
      vertex 5.57084 -3.72232 3
      vertex 5.65526 -3.72716 3.07188
      vertex 5.57646 -3.72607 3.00654
    endloop
  endfacet
  facet normal 0.590698 -0.367241 -0.718477
    outer loop
      vertex 5.65526 -3.72716 3.07188
      vertex 5.57084 -3.72232 3
      vertex 6.0484 -3.51475 3.28653
    endloop
  endfacet
  facet normal -0.633612 -0.287299 -0.718328
    outer loop
      vertex -6.00904 -2.96333 3
      vertex -6.01511 -2.96632 3.00655
      vertex -6.01089 -2.95925 3
    endloop
  endfacet
  facet normal 0.69246 -0.0682532 -0.71822
    outer loop
      vertex 6.6924 -0.438643 3.00655
      vertex 6.68521 -0.442664 3
      vertex 6.68565 -0.4382 3
    endloop
  endfacet
  facet normal -0.287299 0.633612 0.718328
    outer loop
      vertex -2.95925 6.01089 10
      vertex -2.96632 6.01511 9.99345
      vertex -2.96333 6.00904 10
    endloop
  endfacet
  facet normal 0.69246 0.0682532 -0.71822
    outer loop
      vertex 6.68565 0.4382 3
      vertex 6.68521 0.442664 3
      vertex 6.6924 0.438643 3.00655
    endloop
  endfacet
  facet normal -0.69246 0.0682532 -0.71822
    outer loop
      vertex -6.68565 0.4382 3
      vertex -6.6924 0.438643 3.00655
      vertex -6.68521 0.442664 3
    endloop
  endfacet
  facet normal 0.023438 -0.695411 0.71823
    outer loop
      vertex 0.4382 -6.68565 10
      vertex 0.400192 -6.76118 9.92811
      vertex 0.438643 -6.6924 9.99345
    endloop
  endfacet
  facet normal 0.0227676 -0.695246 0.718411
    outer loop
      vertex 0 -6.7 10
      vertex 0.400192 -6.76118 9.92811
      vertex 0.4382 -6.68565 10
    endloop
  endfacet
  facet normal 0.0227667 -0.695249 0.718409
    outer loop
      vertex 0.400192 -6.76118 9.92811
      vertex 0 -6.7 10
      vertex 0.328781 -6.87865 9.81669
    endloop
  endfacet
  facet normal 0.0228105 -0.695208 0.718447
    outer loop
      vertex 0.328781 -6.87865 9.81669
      vertex 0 -6.7 10
      vertex 0.313595 -6.90177 9.7948
    endloop
  endfacet
  facet normal -0.69246 0.0682532 0.71822
    outer loop
      vertex -6.68521 0.442664 10
      vertex -6.6924 0.438643 9.99345
      vertex -6.68565 0.4382 10
    endloop
  endfacet
  facet normal -0.0227725 -0.695254 0.718403
    outer loop
      vertex 0 -6.7 10
      vertex -0.25206 -6.99545 9.70608
      vertex 0 -6.99545 9.71407
    endloop
  endfacet
  facet normal -0.0227255 -0.695276 0.718384
    outer loop
      vertex -0.25206 -6.99545 9.70608
      vertex 0 -6.7 10
      vertex -0.313595 -6.90177 9.7948
    endloop
  endfacet
  facet normal 0.404985 0.564807 0.719013
    outer loop
      vertex 3.72599 5.57078 9.99798
      vertex 3.72232 5.57084 10
      vertex 3.72596 5.56823 10
    endloop
  endfacet
  facet normal 0.367352 0.590718 0.718405
    outer loop
      vertex 3.51475 6.0484 9.71346
      vertex 3.72716 5.65526 9.92811
      vertex 3.72404 5.79268 9.81671
    endloop
  endfacet
  facet normal 0.367604 0.590643 0.718337
    outer loop
      vertex 3.72716 5.65526 9.92811
      vertex 3.72232 5.57084 10
      vertex 3.72607 5.57646 9.99346
    endloop
  endfacet
  facet normal 0.367356 0.590719 0.718401
    outer loop
      vertex 3.51475 6.0484 9.71346
      vertex 3.72404 5.79268 9.81671
      vertex 3.716 5.93221 9.70609
    endloop
  endfacet
  facet normal 0.367348 0.590717 0.718407
    outer loop
      vertex 3.72716 5.65526 9.92811
      vertex 3.51475 6.0484 9.71346
      vertex 3.72232 5.57084 10
    endloop
  endfacet
  facet normal -0.0227945 -0.695202 -0.718452
    outer loop
      vertex -0.328781 -6.87865 3.1833
      vertex 0 -6.7 3
      vertex -0.313595 -6.90177 3.20519
    endloop
  endfacet
  facet normal -0.0227762 -0.69522 -0.718436
    outer loop
      vertex -0.400192 -6.76118 3.07189
      vertex 0 -6.7 3
      vertex -0.328781 -6.87865 3.1833
    endloop
  endfacet
  facet normal -0.0227676 -0.695246 -0.718411
    outer loop
      vertex -0.400192 -6.76118 3.07189
      vertex -0.4382 -6.68565 3
      vertex 0 -6.7 3
    endloop
  endfacet
  facet normal -0.023438 -0.695411 -0.71823
    outer loop
      vertex -0.4382 -6.68565 3
      vertex -0.400192 -6.76118 3.07189
      vertex -0.438643 -6.6924 3.00655
    endloop
  endfacet
  facet normal -0.327622 -0.613742 0.718321
    outer loop
      vertex -2.96333 -6.00904 10
      vertex -3.03401 -6.05545 9.92811
      vertex -2.96632 -6.01511 9.99345
    endloop
  endfacet
  facet normal -0.327896 -0.613479 0.71842
    outer loop
      vertex -3.35 -5.80237 10
      vertex -3.03401 -6.05545 9.92811
      vertex -2.96333 -6.00904 10
    endloop
  endfacet
  facet normal -0.327892 -0.613475 0.718426
    outer loop
      vertex -3.03401 -6.05545 9.92811
      vertex -3.35 -5.80237 10
      vertex -3.15459 -6.12146 9.81671
    endloop
  endfacet
  facet normal -0.327977 -0.613495 0.71837
    outer loop
      vertex -3.15459 -6.12146 9.81671
      vertex -3.35 -5.80237 10
      vertex -3.17931 -6.1339 9.7948
    endloop
  endfacet
  facet normal -0.0228105 0.695208 0.718447
    outer loop
      vertex -0.328781 6.87865 9.81669
      vertex 0 6.7 10
      vertex -0.313595 6.90177 9.7948
    endloop
  endfacet
  facet normal -0.0227667 0.695249 0.718409
    outer loop
      vertex -0.400192 6.76118 9.92811
      vertex 0 6.7 10
      vertex -0.328781 6.87865 9.81669
    endloop
  endfacet
  facet normal -0.0227676 0.695246 0.718411
    outer loop
      vertex -0.400192 6.76118 9.92811
      vertex -0.4382 6.68565 10
      vertex 0 6.7 10
    endloop
  endfacet
  facet normal -0.023438 0.695411 0.71823
    outer loop
      vertex -0.4382 6.68565 10
      vertex -0.400192 6.76118 9.92811
      vertex -0.438643 6.6924 9.99345
    endloop
  endfacet
  facet normal 0.695291 -0.0227714 0.718368
    outer loop
      vertex 6.99545 0 9.71407
      vertex 6.90177 -0.313595 9.7948
      vertex 6.99545 -0.25206 9.70608
    endloop
  endfacet
  facet normal 0.695255 -0.0227516 0.718403
    outer loop
      vertex 6.90177 -0.313595 9.7948
      vertex 6.99545 0 9.71407
      vertex 6.7 0 10
    endloop
  endfacet
  facet normal -0.0228105 -0.695208 0.718447
    outer loop
      vertex 0 -6.7 10
      vertex -0.328781 -6.87865 9.81669
      vertex -0.313595 -6.90177 9.7948
    endloop
  endfacet
  facet normal -0.0227667 -0.695249 0.718409
    outer loop
      vertex 0 -6.7 10
      vertex -0.400192 -6.76118 9.92811
      vertex -0.328781 -6.87865 9.81669
    endloop
  endfacet
  facet normal -0.0227676 -0.695246 0.718411
    outer loop
      vertex -0.4382 -6.68565 10
      vertex -0.400192 -6.76118 9.92811
      vertex 0 -6.7 10
    endloop
  endfacet
  facet normal -0.023438 -0.695411 0.71823
    outer loop
      vertex -0.400192 -6.76118 9.92811
      vertex -0.4382 -6.68565 10
      vertex -0.438643 -6.6924 9.99345
    endloop
  endfacet
  facet normal 0.327926 0.613481 0.718405
    outer loop
      vertex 3.27943 6.18427 9.70609
      vertex 3.35 5.80237 10
      vertex 3.49772 6.05823 9.71408
    endloop
  endfacet
  facet normal 0.327901 0.613483 0.718415
    outer loop
      vertex 3.35 5.80237 10
      vertex 3.27943 6.18427 9.70609
      vertex 3.17931 6.1339 9.7948
    endloop
  endfacet
  facet normal -0.327622 0.613742 0.718321
    outer loop
      vertex -3.03401 6.05545 9.92811
      vertex -2.96333 6.00904 10
      vertex -2.96632 6.01511 9.99345
    endloop
  endfacet
  facet normal -0.327892 0.613475 0.718426
    outer loop
      vertex -3.35 5.80237 10
      vertex -3.03401 6.05545 9.92811
      vertex -3.15459 6.12146 9.81671
    endloop
  endfacet
  facet normal -0.327977 0.613495 0.71837
    outer loop
      vertex -3.35 5.80237 10
      vertex -3.15459 6.12146 9.81671
      vertex -3.17931 6.1339 9.7948
    endloop
  endfacet
  facet normal -0.327896 0.613479 0.71842
    outer loop
      vertex -3.03401 6.05545 9.92811
      vertex -3.35 5.80237 10
      vertex -2.96333 6.00904 10
    endloop
  endfacet
  facet normal -0.564807 -0.404985 0.719013
    outer loop
      vertex -5.56823 -3.72596 10
      vertex -5.57084 -3.72232 10
      vertex -5.57078 -3.72599 9.99798
    endloop
  endfacet
  facet normal -0.564807 0.404985 0.719013
    outer loop
      vertex -5.57078 3.72599 9.99798
      vertex -5.57084 3.72232 10
      vertex -5.56823 3.72596 10
    endloop
  endfacet
  facet normal 0.367185 0.590818 0.718408
    outer loop
      vertex 3.35 5.80237 10
      vertex 3.51475 6.0484 9.71346
      vertex 3.49772 6.05823 9.71408
    endloop
  endfacet
  facet normal 0.367341 0.590716 0.718411
    outer loop
      vertex 3.51475 6.0484 9.71346
      vertex 3.35 5.80237 10
      vertex 3.72232 5.57084 10
    endloop
  endfacet
  facet normal 0.56593 0.404628 -0.718331
    outer loop
      vertex 5.57084 3.72232 3
      vertex 5.57078 3.72599 3.00202
      vertex 5.57646 3.72607 3.00654
    endloop
  endfacet
  facet normal -0.327901 0.613483 0.718415
    outer loop
      vertex -3.27943 6.18427 9.70609
      vertex -3.35 5.80237 10
      vertex -3.17931 6.1339 9.7948
    endloop
  endfacet
  facet normal -0.327926 0.613481 0.718405
    outer loop
      vertex -3.35 5.80237 10
      vertex -3.27943 6.18427 9.70609
      vertex -3.49772 6.05823 9.71408
    endloop
  endfacet
  facet normal 0.56593 -0.404628 -0.718331
    outer loop
      vertex 5.57646 -3.72607 3.00654
      vertex 5.57078 -3.72599 3.00202
      vertex 5.57084 -3.72232 3
    endloop
  endfacet
  facet normal 0.404985 0.564807 -0.719013
    outer loop
      vertex 3.72596 5.56823 3
      vertex 3.72232 5.57084 3
      vertex 3.72599 5.57078 3.00202
    endloop
  endfacet
  facet normal -0.613479 -0.327896 -0.71842
    outer loop
      vertex -6.05545 -3.03401 3.07189
      vertex -6.00904 -2.96333 3
      vertex -5.80237 -3.35 3
    endloop
  endfacet
  facet normal -0.613742 -0.327622 -0.718321
    outer loop
      vertex -6.00904 -2.96333 3
      vertex -6.05545 -3.03401 3.07189
      vertex -6.01511 -2.96632 3.00655
    endloop
  endfacet
  facet normal -0.613454 -0.327869 -0.718454
    outer loop
      vertex -5.80237 -3.35 3
      vertex -6.12146 -3.15459 3.18328
      vertex -6.05545 -3.03401 3.07189
    endloop
  endfacet
  facet normal -0.613482 -0.327989 -0.718375
    outer loop
      vertex -6.12146 -3.15459 3.18328
      vertex -5.80237 -3.35 3
      vertex -6.1339 -3.17931 3.20519
    endloop
  endfacet
  facet normal -0.590706 0.367335 -0.718423
    outer loop
      vertex -5.80237 3.35 3
      vertex -6.0484 3.51475 3.28653
      vertex -5.57084 3.72232 3
    endloop
  endfacet
  facet normal -0.590807 0.367179 -0.71842
    outer loop
      vertex -6.0484 3.51475 3.28653
      vertex -5.80237 3.35 3
      vertex -6.05823 3.49772 3.28591
    endloop
  endfacet
  facet normal 0.404985 -0.564807 -0.719013
    outer loop
      vertex 3.72599 -5.57078 3.00202
      vertex 3.72232 -5.57084 3
      vertex 3.72596 -5.56823 3
    endloop
  endfacet
  facet normal -0.564807 0.404985 -0.719013
    outer loop
      vertex -5.56823 3.72596 3
      vertex -5.57084 3.72232 3
      vertex -5.57078 3.72599 3.00202
    endloop
  endfacet
  facet normal -0.633612 0.287299 -0.718328
    outer loop
      vertex -6.01089 2.95925 3
      vertex -6.01511 2.96632 3.00655
      vertex -6.00904 2.96333 3
    endloop
  endfacet
  facet normal 0.613465 -0.327917 -0.718423
    outer loop
      vertex 6.05823 -3.49772 3.28591
      vertex 6.1339 -3.17931 3.20519
      vertex 6.18427 -3.27943 3.2939
    endloop
  endfacet
  facet normal 0.613471 -0.327917 -0.718417
    outer loop
      vertex 6.1339 -3.17931 3.20519
      vertex 6.05823 -3.49772 3.28591
      vertex 5.80237 -3.35 3
    endloop
  endfacet
  facet normal -0.287299 -0.633612 0.718328
    outer loop
      vertex -2.96333 -6.00904 10
      vertex -2.96632 -6.01511 9.99345
      vertex -2.95925 -6.01089 10
    endloop
  endfacet
  facet normal -0.613742 -0.327622 0.718321
    outer loop
      vertex -6.05545 -3.03401 9.92811
      vertex -6.00904 -2.96333 10
      vertex -6.01511 -2.96632 9.99345
    endloop
  endfacet
  facet normal -0.613479 -0.327896 0.71842
    outer loop
      vertex -6.00904 -2.96333 10
      vertex -6.05545 -3.03401 9.92811
      vertex -5.80237 -3.35 10
    endloop
  endfacet
  facet normal -0.613475 -0.327892 0.718426
    outer loop
      vertex -6.12146 -3.15459 9.81671
      vertex -5.80237 -3.35 10
      vertex -6.05545 -3.03401 9.92811
    endloop
  endfacet
  facet normal -0.613495 -0.327977 0.71837
    outer loop
      vertex -5.80237 -3.35 10
      vertex -6.12146 -3.15459 9.81671
      vertex -6.1339 -3.17931 9.7948
    endloop
  endfacet
  facet normal -0.327901 -0.613483 0.718415
    outer loop
      vertex -3.35 -5.80237 10
      vertex -3.27943 -6.18427 9.70609
      vertex -3.17931 -6.1339 9.7948
    endloop
  endfacet
  facet normal -0.327926 -0.613481 0.718405
    outer loop
      vertex -3.27943 -6.18427 9.70609
      vertex -3.35 -5.80237 10
      vertex -3.49772 -6.05823 9.71408
    endloop
  endfacet
  facet normal 0.367335 0.590706 -0.718423
    outer loop
      vertex 3.35 5.80237 3
      vertex 3.51475 6.0484 3.28653
      vertex 3.72232 5.57084 3
    endloop
  endfacet
  facet normal 0.367179 0.590807 -0.71842
    outer loop
      vertex 3.51475 6.0484 3.28653
      vertex 3.35 5.80237 3
      vertex 3.49772 6.05823 3.28591
    endloop
  endfacet
  facet normal 0.404985 -0.564807 0.719013
    outer loop
      vertex 3.72596 -5.56823 10
      vertex 3.72232 -5.57084 10
      vertex 3.72599 -5.57078 9.99798
    endloop
  endfacet
  facet normal -0.633612 0.287299 0.718328
    outer loop
      vertex -6.00904 2.96333 10
      vertex -6.01511 2.96632 9.99345
      vertex -6.01089 2.95925 10
    endloop
  endfacet
  facet normal -0.367185 0.590818 0.718408
    outer loop
      vertex -3.51475 6.0484 9.71346
      vertex -3.35 5.80237 10
      vertex -3.49772 6.05823 9.71408
    endloop
  endfacet
  facet normal -0.367341 0.590716 0.718411
    outer loop
      vertex -3.35 5.80237 10
      vertex -3.51475 6.0484 9.71346
      vertex -3.72232 5.57084 10
    endloop
  endfacet
  facet normal -0.590643 -0.367604 0.718337
    outer loop
      vertex -5.57084 -3.72232 10
      vertex -5.65526 -3.72716 9.92811
      vertex -5.57646 -3.72607 9.99346
    endloop
  endfacet
  facet normal -0.590717 -0.367348 0.718407
    outer loop
      vertex -6.0484 -3.51475 9.71346
      vertex -5.65526 -3.72716 9.92811
      vertex -5.57084 -3.72232 10
    endloop
  endfacet
  facet normal -0.590718 -0.367352 0.718405
    outer loop
      vertex -5.65526 -3.72716 9.92811
      vertex -6.0484 -3.51475 9.71346
      vertex -5.79268 -3.72404 9.81671
    endloop
  endfacet
  facet normal -0.590719 -0.367356 0.718401
    outer loop
      vertex -5.79268 -3.72404 9.81671
      vertex -6.0484 -3.51475 9.71346
      vertex -5.93221 -3.716 9.70609
    endloop
  endfacet
  facet normal -0.367348 -0.590717 0.718407
    outer loop
      vertex -3.72716 -5.65526 9.92811
      vertex -3.51475 -6.0484 9.71346
      vertex -3.72232 -5.57084 10
    endloop
  endfacet
  facet normal -0.367356 -0.590719 0.718401
    outer loop
      vertex -3.51475 -6.0484 9.71346
      vertex -3.72404 -5.79268 9.81671
      vertex -3.716 -5.93221 9.70609
    endloop
  endfacet
  facet normal -0.367604 -0.590643 0.718337
    outer loop
      vertex -3.72716 -5.65526 9.92811
      vertex -3.72232 -5.57084 10
      vertex -3.72607 -5.57646 9.99346
    endloop
  endfacet
  facet normal -0.367352 -0.590718 0.718405
    outer loop
      vertex -3.51475 -6.0484 9.71346
      vertex -3.72716 -5.65526 9.92811
      vertex -3.72404 -5.79268 9.81671
    endloop
  endfacet
  facet normal 0.56593 0.404628 0.718331
    outer loop
      vertex 5.57646 3.72607 9.99346
      vertex 5.57078 3.72599 9.99798
      vertex 5.57084 3.72232 10
    endloop
  endfacet
  facet normal 0.590719 0.367356 0.718401
    outer loop
      vertex 5.79268 3.72404 9.81671
      vertex 6.0484 3.51475 9.71346
      vertex 5.93221 3.716 9.70609
    endloop
  endfacet
  facet normal 0.590718 0.367352 0.718405
    outer loop
      vertex 5.65526 3.72716 9.92811
      vertex 6.0484 3.51475 9.71346
      vertex 5.79268 3.72404 9.81671
    endloop
  endfacet
  facet normal 0.590643 0.367604 0.718337
    outer loop
      vertex 5.57084 3.72232 10
      vertex 5.65526 3.72716 9.92811
      vertex 5.57646 3.72607 9.99346
    endloop
  endfacet
  facet normal 0.590717 0.367348 0.718407
    outer loop
      vertex 5.65526 3.72716 9.92811
      vertex 5.57084 3.72232 10
      vertex 6.0484 3.51475 9.71346
    endloop
  endfacet
  facet normal -0.590716 -0.367341 0.718411
    outer loop
      vertex -5.80237 -3.35 10
      vertex -6.0484 -3.51475 9.71346
      vertex -5.57084 -3.72232 10
    endloop
  endfacet
  facet normal -0.590818 -0.367185 0.718408
    outer loop
      vertex -6.0484 -3.51475 9.71346
      vertex -5.80237 -3.35 10
      vertex -6.05823 -3.49772 9.71408
    endloop
  endfacet
  facet normal -0.56593 -0.404628 0.718331
    outer loop
      vertex -5.57084 -3.72232 10
      vertex -5.57646 -3.72607 9.99346
      vertex -5.57078 -3.72599 9.99798
    endloop
  endfacet
  facet normal 0.32792 0.61347 -0.718417
    outer loop
      vertex 3.35 5.80237 3
      vertex 3.27943 6.18427 3.2939
      vertex 3.49772 6.05823 3.28591
    endloop
  endfacet
  facet normal 0.327912 0.613471 -0.71842
    outer loop
      vertex 3.27943 6.18427 3.2939
      vertex 3.35 5.80237 3
      vertex 3.17931 6.1339 3.20519
    endloop
  endfacet
  facet normal -0.287299 -0.633612 -0.718328
    outer loop
      vertex -2.95925 -6.01089 3
      vertex -2.96632 -6.01511 3.00655
      vertex -2.96333 -6.00904 3
    endloop
  endfacet
  facet normal 0.69246 0.0682532 0.71822
    outer loop
      vertex 6.6924 0.438643 9.99345
      vertex 6.68521 0.442664 10
      vertex 6.68565 0.4382 10
    endloop
  endfacet
  facet normal 0.69246 -0.0682532 0.71822
    outer loop
      vertex 6.68565 -0.4382 10
      vertex 6.68521 -0.442664 10
      vertex 6.6924 -0.438643 9.99345
    endloop
  endfacet
  facet normal 0.695208 -0.0228105 0.718447
    outer loop
      vertex 6.7 0 10
      vertex 6.87865 -0.328781 9.81669
      vertex 6.90177 -0.313595 9.7948
    endloop
  endfacet
  facet normal 0.695249 -0.0227667 0.718409
    outer loop
      vertex 6.87865 -0.328781 9.81669
      vertex 6.7 0 10
      vertex 6.76118 -0.400192 9.92811
    endloop
  endfacet
  facet normal 0.695246 -0.0227676 0.718411
    outer loop
      vertex 6.68565 -0.4382 10
      vertex 6.76118 -0.400192 9.92811
      vertex 6.7 0 10
    endloop
  endfacet
  facet normal 0.695411 -0.023438 0.71823
    outer loop
      vertex 6.76118 -0.400192 9.92811
      vertex 6.68565 -0.4382 10
      vertex 6.6924 -0.438643 9.99345
    endloop
  endfacet
  facet normal 0.367744 0.590552 -0.71834
    outer loop
      vertex 3.72232 5.57084 3
      vertex 3.72716 5.65526 3.07188
      vertex 3.72607 5.57646 3.00654
    endloop
  endfacet
  facet normal 0.367241 0.590698 -0.718477
    outer loop
      vertex 3.51475 6.0484 3.28653
      vertex 3.72716 5.65526 3.07188
      vertex 3.72232 5.57084 3
    endloop
  endfacet
  facet normal 0.367352 0.590718 -0.718405
    outer loop
      vertex 3.72716 5.65526 3.07188
      vertex 3.51475 6.0484 3.28653
      vertex 3.72404 5.79268 3.18328
    endloop
  endfacet
  facet normal 0.367309 0.590698 -0.718443
    outer loop
      vertex 3.72404 5.79268 3.18328
      vertex 3.51475 6.0484 3.28653
      vertex 3.716 5.93221 3.29389
    endloop
  endfacet
  facet normal -0.404985 -0.564807 0.719013
    outer loop
      vertex -3.72596 -5.56823 10
      vertex -3.72599 -5.57078 9.99798
      vertex -3.72232 -5.57084 10
    endloop
  endfacet
  facet normal 0.564807 0.404985 0.719013
    outer loop
      vertex 5.57078 3.72599 9.99798
      vertex 5.56823 3.72596 10
      vertex 5.57084 3.72232 10
    endloop
  endfacet
  facet normal 0.613482 -0.327989 -0.718375
    outer loop
      vertex 5.80237 -3.35 3
      vertex 6.12146 -3.15459 3.18328
      vertex 6.1339 -3.17931 3.20519
    endloop
  endfacet
  facet normal 0.613454 -0.327869 -0.718454
    outer loop
      vertex 6.12146 -3.15459 3.18328
      vertex 5.80237 -3.35 3
      vertex 6.05545 -3.03401 3.07189
    endloop
  endfacet
  facet normal 0.613742 -0.327622 -0.718321
    outer loop
      vertex 6.05545 -3.03401 3.07189
      vertex 6.00904 -2.96333 3
      vertex 6.01511 -2.96632 3.00655
    endloop
  endfacet
  facet normal 0.613479 -0.327896 -0.71842
    outer loop
      vertex 6.05545 -3.03401 3.07189
      vertex 5.80237 -3.35 3
      vertex 6.00904 -2.96333 3
    endloop
  endfacet
  facet normal 0.590807 -0.367179 -0.71842
    outer loop
      vertex 6.0484 -3.51475 3.28653
      vertex 5.80237 -3.35 3
      vertex 6.05823 -3.49772 3.28591
    endloop
  endfacet
  facet normal 0.590706 -0.367335 -0.718423
    outer loop
      vertex 5.80237 -3.35 3
      vertex 6.0484 -3.51475 3.28653
      vertex 5.57084 -3.72232 3
    endloop
  endfacet
  facet normal 0.564807 0.404985 -0.719013
    outer loop
      vertex 5.57084 3.72232 3
      vertex 5.56823 3.72596 3
      vertex 5.57078 3.72599 3.00202
    endloop
  endfacet
  facet normal 0.0227444 -0.695242 -0.718416
    outer loop
      vertex 0 -6.99545 3.28592
      vertex 0.313595 -6.90177 3.20519
      vertex 0.25206 -6.99545 3.2939
    endloop
  endfacet
  facet normal 0.0227447 -0.695242 -0.718415
    outer loop
      vertex 0.313595 -6.90177 3.20519
      vertex 0 -6.99545 3.28592
      vertex 0 -6.7 3
    endloop
  endfacet
  facet normal -0.590643 0.367604 0.718337
    outer loop
      vertex -5.65526 3.72716 9.92811
      vertex -5.57084 3.72232 10
      vertex -5.57646 3.72607 9.99346
    endloop
  endfacet
  facet normal -0.590718 0.367352 0.718405
    outer loop
      vertex -6.0484 3.51475 9.71346
      vertex -5.65526 3.72716 9.92811
      vertex -5.79268 3.72404 9.81671
    endloop
  endfacet
  facet normal -0.590719 0.367356 0.718401
    outer loop
      vertex -6.0484 3.51475 9.71346
      vertex -5.79268 3.72404 9.81671
      vertex -5.93221 3.716 9.70609
    endloop
  endfacet
  facet normal -0.590717 0.367348 0.718407
    outer loop
      vertex -5.65526 3.72716 9.92811
      vertex -6.0484 3.51475 9.71346
      vertex -5.57084 3.72232 10
    endloop
  endfacet
  facet normal -0.56593 0.404628 0.718331
    outer loop
      vertex -5.57078 3.72599 9.99798
      vertex -5.57646 3.72607 9.99346
      vertex -5.57084 3.72232 10
    endloop
  endfacet
  facet normal 0.404628 -0.56593 0.718331
    outer loop
      vertex 3.72599 -5.57078 9.99798
      vertex 3.72232 -5.57084 10
      vertex 3.72607 -5.57646 9.99346
    endloop
  endfacet
  facet normal -0.404628 -0.56593 -0.718331
    outer loop
      vertex -3.72232 -5.57084 3
      vertex -3.72607 -5.57646 3.00654
      vertex -3.72599 -5.57078 3.00202
    endloop
  endfacet
  facet normal 0.367604 -0.590643 0.718337
    outer loop
      vertex 3.72232 -5.57084 10
      vertex 3.72716 -5.65526 9.92811
      vertex 3.72607 -5.57646 9.99346
    endloop
  endfacet
  facet normal 0.367348 -0.590717 0.718407
    outer loop
      vertex 3.51475 -6.0484 9.71346
      vertex 3.72716 -5.65526 9.92811
      vertex 3.72232 -5.57084 10
    endloop
  endfacet
  facet normal 0.367352 -0.590718 0.718405
    outer loop
      vertex 3.72716 -5.65526 9.92811
      vertex 3.51475 -6.0484 9.71346
      vertex 3.72404 -5.79268 9.81671
    endloop
  endfacet
  facet normal 0.367356 -0.590719 0.718401
    outer loop
      vertex 3.72404 -5.79268 9.81671
      vertex 3.51475 -6.0484 9.71346
      vertex 3.716 -5.93221 9.70609
    endloop
  endfacet
  facet normal 0.404628 -0.56593 -0.718331
    outer loop
      vertex 3.72607 -5.57646 3.00654
      vertex 3.72232 -5.57084 3
      vertex 3.72599 -5.57078 3.00202
    endloop
  endfacet
  facet normal -0.404628 0.56593 -0.718331
    outer loop
      vertex -3.72599 5.57078 3.00202
      vertex -3.72607 5.57646 3.00654
      vertex -3.72232 5.57084 3
    endloop
  endfacet
  facet normal 0.613465 0.327917 0.718423
    outer loop
      vertex 6.05823 3.49772 9.71408
      vertex 6.1339 3.17931 9.7948
      vertex 6.18427 3.27943 9.70609
    endloop
  endfacet
  facet normal 0.613486 0.327917 0.718405
    outer loop
      vertex 6.1339 3.17931 9.7948
      vertex 6.05823 3.49772 9.71408
      vertex 5.80237 3.35 10
    endloop
  endfacet
  facet normal 0.613475 -0.327892 0.718426
    outer loop
      vertex 5.80237 -3.35 10
      vertex 6.12146 -3.15459 9.81671
      vertex 6.05545 -3.03401 9.92811
    endloop
  endfacet
  facet normal 0.613742 -0.327622 0.718321
    outer loop
      vertex 6.00904 -2.96333 10
      vertex 6.05545 -3.03401 9.92811
      vertex 6.01511 -2.96632 9.99345
    endloop
  endfacet
  facet normal 0.613479 -0.327896 0.71842
    outer loop
      vertex 5.80237 -3.35 10
      vertex 6.05545 -3.03401 9.92811
      vertex 6.00904 -2.96333 10
    endloop
  endfacet
  facet normal 0.613495 -0.327977 0.71837
    outer loop
      vertex 6.12146 -3.15459 9.81671
      vertex 5.80237 -3.35 10
      vertex 6.1339 -3.17931 9.7948
    endloop
  endfacet
  facet normal 0.0682532 -0.69246 0.71822
    outer loop
      vertex 0.442664 -6.68521 10
      vertex 0.4382 -6.68565 10
      vertex 0.438643 -6.6924 9.99345
    endloop
  endfacet
  facet normal -0.0682532 0.69246 0.71822
    outer loop
      vertex -0.438643 6.6924 9.99345
      vertex -0.442664 6.68521 10
      vertex -0.4382 6.68565 10
    endloop
  endfacet
  facet normal 0.287299 0.633612 0.718328
    outer loop
      vertex 2.96632 6.01511 9.99345
      vertex 2.95925 6.01089 10
      vertex 2.96333 6.00904 10
    endloop
  endfacet
  facet normal 0.404628 0.56593 0.718331
    outer loop
      vertex 3.72607 5.57646 9.99346
      vertex 3.72232 5.57084 10
      vertex 3.72599 5.57078 9.99798
    endloop
  endfacet
  facet normal 0.613465 -0.327917 0.718423
    outer loop
      vertex 6.1339 -3.17931 9.7948
      vertex 6.05823 -3.49772 9.71408
      vertex 6.18427 -3.27943 9.70609
    endloop
  endfacet
  facet normal 0.613486 -0.327917 0.718405
    outer loop
      vertex 6.05823 -3.49772 9.71408
      vertex 6.1339 -3.17931 9.7948
      vertex 5.80237 -3.35 10
    endloop
  endfacet
  facet normal 0.0682532 0.69246 0.71822
    outer loop
      vertex 0.438643 6.6924 9.99345
      vertex 0.4382 6.68565 10
      vertex 0.442664 6.68521 10
    endloop
  endfacet
  facet normal 0.590818 -0.367185 0.718408
    outer loop
      vertex 5.80237 -3.35 10
      vertex 6.0484 -3.51475 9.71346
      vertex 6.05823 -3.49772 9.71408
    endloop
  endfacet
  facet normal 0.590716 -0.367341 0.718411
    outer loop
      vertex 6.0484 -3.51475 9.71346
      vertex 5.80237 -3.35 10
      vertex 5.57084 -3.72232 10
    endloop
  endfacet
  facet normal 0.022745 0.695242 -0.718416
    outer loop
      vertex 0 6.7 3
      vertex 0.25206 6.99545 3.2939
      vertex 0.313595 6.90177 3.20519
    endloop
  endfacet
  facet normal 0.0227444 0.695242 -0.718415
    outer loop
      vertex 0.25206 6.99545 3.2939
      vertex 0 6.7 3
      vertex 0 6.99545 3.28592
    endloop
  endfacet
  facet normal -0.0227444 -0.695242 -0.718415
    outer loop
      vertex -0.25206 -6.99545 3.2939
      vertex 0 -6.7 3
      vertex 0 -6.99545 3.28592
    endloop
  endfacet
  facet normal -0.022745 -0.695242 -0.718416
    outer loop
      vertex 0 -6.7 3
      vertex -0.25206 -6.99545 3.2939
      vertex -0.313595 -6.90177 3.20519
    endloop
  endfacet
  facet normal 0.633612 -0.287299 -0.718328
    outer loop
      vertex 6.01511 -2.96632 3.00655
      vertex 6.00904 -2.96333 3
      vertex 6.01089 -2.95925 3
    endloop
  endfacet
  facet normal -0.404985 0.564807 0.719013
    outer loop
      vertex -3.72232 5.57084 10
      vertex -3.72599 5.57078 9.99798
      vertex -3.72596 5.56823 10
    endloop
  endfacet
  facet normal -0.0682532 -0.69246 -0.71822
    outer loop
      vertex -0.438643 -6.6924 3.00655
      vertex -0.442664 -6.68521 3
      vertex -0.4382 -6.68565 3
    endloop
  endfacet
  facet normal 0.287299 -0.633612 -0.718328
    outer loop
      vertex 2.96632 -6.01511 3.00655
      vertex 2.95925 -6.01089 3
      vertex 2.96333 -6.00904 3
    endloop
  endfacet
  facet normal 0.023438 0.695411 -0.71823
    outer loop
      vertex 0.4382 6.68565 3
      vertex 0.400192 6.76118 3.07189
      vertex 0.438643 6.6924 3.00655
    endloop
  endfacet
  facet normal 0.0227676 0.695246 -0.718411
    outer loop
      vertex 0 6.7 3
      vertex 0.400192 6.76118 3.07189
      vertex 0.4382 6.68565 3
    endloop
  endfacet
  facet normal 0.0227762 0.69522 -0.718436
    outer loop
      vertex 0.400192 6.76118 3.07189
      vertex 0 6.7 3
      vertex 0.328781 6.87865 3.1833
    endloop
  endfacet
  facet normal 0.0227945 0.695202 -0.718452
    outer loop
      vertex 0.328781 6.87865 3.1833
      vertex 0 6.7 3
      vertex 0.313595 6.90177 3.20519
    endloop
  endfacet
  facet normal 0.0227255 -0.695276 0.718384
    outer loop
      vertex 0 -6.7 10
      vertex 0.25206 -6.99545 9.70608
      vertex 0.313595 -6.90177 9.7948
    endloop
  endfacet
  facet normal 0.0227725 -0.695254 0.718403
    outer loop
      vertex 0.25206 -6.99545 9.70608
      vertex 0 -6.7 10
      vertex 0 -6.99545 9.71407
    endloop
  endfacet
  facet normal 0.590807 0.367179 -0.71842
    outer loop
      vertex 5.80237 3.35 3
      vertex 6.0484 3.51475 3.28653
      vertex 6.05823 3.49772 3.28591
    endloop
  endfacet
  facet normal 0.590706 0.367335 -0.718423
    outer loop
      vertex 6.0484 3.51475 3.28653
      vertex 5.80237 3.35 3
      vertex 5.57084 3.72232 3
    endloop
  endfacet
  facet normal 0.695242 0.0227444 -0.718416
    outer loop
      vertex 6.99545 0 3.28592
      vertex 6.90177 0.313595 3.20519
      vertex 6.99545 0.25206 3.2939
    endloop
  endfacet
  facet normal 0.695242 0.0227447 -0.718415
    outer loop
      vertex 6.90177 0.313595 3.20519
      vertex 6.99545 0 3.28592
      vertex 6.7 0 3
    endloop
  endfacet
  facet normal 0.287299 -0.633612 0.718328
    outer loop
      vertex 2.96333 -6.00904 10
      vertex 2.95925 -6.01089 10
      vertex 2.96632 -6.01511 9.99345
    endloop
  endfacet
  facet normal 0.327977 0.613495 0.71837
    outer loop
      vertex 3.15459 6.12146 9.81671
      vertex 3.35 5.80237 10
      vertex 3.17931 6.1339 9.7948
    endloop
  endfacet
  facet normal 0.327892 0.613475 0.718426
    outer loop
      vertex 3.03401 6.05545 9.92811
      vertex 3.35 5.80237 10
      vertex 3.15459 6.12146 9.81671
    endloop
  endfacet
  facet normal 0.327622 0.613742 0.718321
    outer loop
      vertex 2.96333 6.00904 10
      vertex 3.03401 6.05545 9.92811
      vertex 2.96632 6.01511 9.99345
    endloop
  endfacet
  facet normal 0.327896 0.613479 0.71842
    outer loop
      vertex 3.03401 6.05545 9.92811
      vertex 2.96333 6.00904 10
      vertex 3.35 5.80237 10
    endloop
  endfacet
  facet normal 0.404628 0.56593 -0.718331
    outer loop
      vertex 3.72599 5.57078 3.00202
      vertex 3.72232 5.57084 3
      vertex 3.72607 5.57646 3.00654
    endloop
  endfacet
  facet normal 0.564807 -0.404985 -0.719013
    outer loop
      vertex 5.57078 -3.72599 3.00202
      vertex 5.56823 -3.72596 3
      vertex 5.57084 -3.72232 3
    endloop
  endfacet
  facet normal -0.0227945 0.695202 -0.718452
    outer loop
      vertex 0 6.7 3
      vertex -0.328781 6.87865 3.1833
      vertex -0.313595 6.90177 3.20519
    endloop
  endfacet
  facet normal -0.0227762 0.69522 -0.718436
    outer loop
      vertex 0 6.7 3
      vertex -0.400192 6.76118 3.07189
      vertex -0.328781 6.87865 3.1833
    endloop
  endfacet
  facet normal -0.0227676 0.695246 -0.718411
    outer loop
      vertex -0.4382 6.68565 3
      vertex -0.400192 6.76118 3.07189
      vertex 0 6.7 3
    endloop
  endfacet
  facet normal -0.023438 0.695411 -0.71823
    outer loop
      vertex -0.400192 6.76118 3.07189
      vertex -0.4382 6.68565 3
      vertex -0.438643 6.6924 3.00655
    endloop
  endfacet
  facet normal 0.367179 -0.590807 -0.71842
    outer loop
      vertex 3.35 -5.80237 3
      vertex 3.51475 -6.0484 3.28653
      vertex 3.49772 -6.05823 3.28591
    endloop
  endfacet
  facet normal 0.367335 -0.590706 -0.718423
    outer loop
      vertex 3.51475 -6.0484 3.28653
      vertex 3.35 -5.80237 3
      vertex 3.72232 -5.57084 3
    endloop
  endfacet
  facet normal 0.590719 -0.367356 0.718401
    outer loop
      vertex 6.0484 -3.51475 9.71346
      vertex 5.79268 -3.72404 9.81671
      vertex 5.93221 -3.716 9.70609
    endloop
  endfacet
  facet normal 0.590718 -0.367352 0.718405
    outer loop
      vertex 6.0484 -3.51475 9.71346
      vertex 5.65526 -3.72716 9.92811
      vertex 5.79268 -3.72404 9.81671
    endloop
  endfacet
  facet normal 0.590717 -0.367348 0.718407
    outer loop
      vertex 5.57084 -3.72232 10
      vertex 5.65526 -3.72716 9.92811
      vertex 6.0484 -3.51475 9.71346
    endloop
  endfacet
  facet normal 0.590643 -0.367604 0.718337
    outer loop
      vertex 5.65526 -3.72716 9.92811
      vertex 5.57084 -3.72232 10
      vertex 5.57646 -3.72607 9.99346
    endloop
  endfacet
  facet normal 0.56593 -0.404628 0.718331
    outer loop
      vertex 5.57084 -3.72232 10
      vertex 5.57078 -3.72599 9.99798
      vertex 5.57646 -3.72607 9.99346
    endloop
  endfacet
  facet normal 0.695249 0.0227667 0.718409
    outer loop
      vertex 6.7 0 10
      vertex 6.87865 0.328781 9.81669
      vertex 6.76118 0.400192 9.92811
    endloop
  endfacet
  facet normal 0.695208 0.0228105 0.718447
    outer loop
      vertex 6.87865 0.328781 9.81669
      vertex 6.7 0 10
      vertex 6.90177 0.313595 9.7948
    endloop
  endfacet
  facet normal 0.695411 0.023438 0.71823
    outer loop
      vertex 6.68565 0.4382 10
      vertex 6.76118 0.400192 9.92811
      vertex 6.6924 0.438643 9.99345
    endloop
  endfacet
  facet normal 0.695246 0.0227676 0.718411
    outer loop
      vertex 6.76118 0.400192 9.92811
      vertex 6.68565 0.4382 10
      vertex 6.7 0 10
    endloop
  endfacet
  facet normal 0.695291 0.0227714 0.718368
    outer loop
      vertex 6.90177 0.313595 9.7948
      vertex 6.99545 0 9.71407
      vertex 6.99545 0.25206 9.70608
    endloop
  endfacet
  facet normal 0.695255 0.0227516 0.718403
    outer loop
      vertex 6.99545 0 9.71407
      vertex 6.90177 0.313595 9.7948
      vertex 6.7 0 10
    endloop
  endfacet
  facet normal -0.0682532 -0.69246 0.71822
    outer loop
      vertex -0.4382 -6.68565 10
      vertex -0.442664 -6.68521 10
      vertex -0.438643 -6.6924 9.99345
    endloop
  endfacet
  facet normal 0.613454 0.327869 -0.718454
    outer loop
      vertex 5.80237 3.35 3
      vertex 6.12146 3.15459 3.18328
      vertex 6.05545 3.03401 3.07189
    endloop
  endfacet
  facet normal 0.613742 0.327622 -0.718321
    outer loop
      vertex 6.00904 2.96333 3
      vertex 6.05545 3.03401 3.07189
      vertex 6.01511 2.96632 3.00655
    endloop
  endfacet
  facet normal 0.613479 0.327896 -0.71842
    outer loop
      vertex 5.80237 3.35 3
      vertex 6.05545 3.03401 3.07189
      vertex 6.00904 2.96333 3
    endloop
  endfacet
  facet normal 0.613482 0.327989 -0.718375
    outer loop
      vertex 6.12146 3.15459 3.18328
      vertex 5.80237 3.35 3
      vertex 6.1339 3.17931 3.20519
    endloop
  endfacet
  facet normal 0.023438 -0.695411 -0.71823
    outer loop
      vertex 0.400192 -6.76118 3.07189
      vertex 0.4382 -6.68565 3
      vertex 0.438643 -6.6924 3.00655
    endloop
  endfacet
  facet normal 0.0227762 -0.69522 -0.718436
    outer loop
      vertex 0 -6.7 3
      vertex 0.400192 -6.76118 3.07189
      vertex 0.328781 -6.87865 3.1833
    endloop
  endfacet
  facet normal 0.0227945 -0.695202 -0.718452
    outer loop
      vertex 0 -6.7 3
      vertex 0.328781 -6.87865 3.1833
      vertex 0.313595 -6.90177 3.20519
    endloop
  endfacet
  facet normal 0.0227676 -0.695246 -0.718411
    outer loop
      vertex 0.400192 -6.76118 3.07189
      vertex 0 -6.7 3
      vertex 0.4382 -6.68565 3
    endloop
  endfacet
  facet normal 0.695242 -0.0227444 -0.718416
    outer loop
      vertex 6.90177 -0.313595 3.20519
      vertex 6.99545 0 3.28592
      vertex 6.99545 -0.25206 3.2939
    endloop
  endfacet
  facet normal 0.695242 -0.0227447 -0.718415
    outer loop
      vertex 6.99545 0 3.28592
      vertex 6.90177 -0.313595 3.20519
      vertex 6.7 0 3
    endloop
  endfacet
  facet normal 0.69522 -0.0227762 -0.718436
    outer loop
      vertex 6.7 0 3
      vertex 6.87865 -0.328781 3.1833
      vertex 6.76118 -0.400192 3.07189
    endloop
  endfacet
  facet normal 0.695202 -0.0227945 -0.718452
    outer loop
      vertex 6.87865 -0.328781 3.1833
      vertex 6.7 0 3
      vertex 6.90177 -0.313595 3.20519
    endloop
  endfacet
  facet normal 0.695411 -0.023438 -0.71823
    outer loop
      vertex 6.68565 -0.4382 3
      vertex 6.76118 -0.400192 3.07189
      vertex 6.6924 -0.438643 3.00655
    endloop
  endfacet
  facet normal 0.695246 -0.0227676 -0.718411
    outer loop
      vertex 6.76118 -0.400192 3.07189
      vertex 6.68565 -0.4382 3
      vertex 6.7 0 3
    endloop
  endfacet
  facet normal 0.287299 0.633612 -0.718328
    outer loop
      vertex 2.96333 6.00904 3
      vertex 2.95925 6.01089 3
      vertex 2.96632 6.01511 3.00655
    endloop
  endfacet
  facet normal -0.367241 0.590698 -0.718477
    outer loop
      vertex -3.72716 5.65526 3.07188
      vertex -3.51475 6.0484 3.28653
      vertex -3.72232 5.57084 3
    endloop
  endfacet
  facet normal -0.367309 0.590698 -0.718443
    outer loop
      vertex -3.51475 6.0484 3.28653
      vertex -3.72404 5.79268 3.18328
      vertex -3.716 5.93221 3.29389
    endloop
  endfacet
  facet normal -0.367744 0.590552 -0.71834
    outer loop
      vertex -3.72716 5.65526 3.07188
      vertex -3.72232 5.57084 3
      vertex -3.72607 5.57646 3.00654
    endloop
  endfacet
  facet normal -0.367352 0.590718 -0.718405
    outer loop
      vertex -3.51475 6.0484 3.28653
      vertex -3.72716 5.65526 3.07188
      vertex -3.72404 5.79268 3.18328
    endloop
  endfacet
  facet normal 0.590698 0.367309 -0.718443
    outer loop
      vertex 6.0484 3.51475 3.28653
      vertex 5.79268 3.72404 3.18328
      vertex 5.93221 3.716 3.29389
    endloop
  endfacet
  facet normal 0.590718 0.367352 -0.718405
    outer loop
      vertex 6.0484 3.51475 3.28653
      vertex 5.65526 3.72716 3.07188
      vertex 5.79268 3.72404 3.18328
    endloop
  endfacet
  facet normal 0.590698 0.367241 -0.718477
    outer loop
      vertex 5.57084 3.72232 3
      vertex 5.65526 3.72716 3.07188
      vertex 6.0484 3.51475 3.28653
    endloop
  endfacet
  facet normal 0.590552 0.367744 -0.71834
    outer loop
      vertex 5.65526 3.72716 3.07188
      vertex 5.57084 3.72232 3
      vertex 5.57646 3.72607 3.00654
    endloop
  endfacet
  facet normal 0.327989 0.613482 -0.718375
    outer loop
      vertex 3.35 5.80237 3
      vertex 3.15459 6.12146 3.18328
      vertex 3.17931 6.1339 3.20519
    endloop
  endfacet
  facet normal 0.327869 0.613454 -0.718454
    outer loop
      vertex 3.35 5.80237 3
      vertex 3.03401 6.05545 3.07189
      vertex 3.15459 6.12146 3.18328
    endloop
  endfacet
  facet normal 0.327896 0.613479 -0.71842
    outer loop
      vertex 2.96333 6.00904 3
      vertex 3.03401 6.05545 3.07189
      vertex 3.35 5.80237 3
    endloop
  endfacet
  facet normal 0.327622 0.613742 -0.718321
    outer loop
      vertex 3.03401 6.05545 3.07189
      vertex 2.96333 6.00904 3
      vertex 2.96632 6.01511 3.00655
    endloop
  endfacet
  facet normal 0.613495 0.327977 0.71837
    outer loop
      vertex 5.80237 3.35 10
      vertex 6.12146 3.15459 9.81671
      vertex 6.1339 3.17931 9.7948
    endloop
  endfacet
  facet normal 0.613475 0.327892 0.718426
    outer loop
      vertex 6.12146 3.15459 9.81671
      vertex 5.80237 3.35 10
      vertex 6.05545 3.03401 9.92811
    endloop
  endfacet
  facet normal 0.613742 0.327622 0.718321
    outer loop
      vertex 6.05545 3.03401 9.92811
      vertex 6.00904 2.96333 10
      vertex 6.01511 2.96632 9.99345
    endloop
  endfacet
  facet normal 0.613479 0.327896 0.71842
    outer loop
      vertex 6.05545 3.03401 9.92811
      vertex 5.80237 3.35 10
      vertex 6.00904 2.96333 10
    endloop
  endfacet
  facet normal 0.613465 0.327917 -0.718423
    outer loop
      vertex 6.1339 3.17931 3.20519
      vertex 6.05823 3.49772 3.28591
      vertex 6.18427 3.27943 3.2939
    endloop
  endfacet
  facet normal 0.613471 0.327917 -0.718417
    outer loop
      vertex 6.05823 3.49772 3.28591
      vertex 6.1339 3.17931 3.20519
      vertex 5.80237 3.35 3
    endloop
  endfacet
  facet normal -0.695246 0.0227676 -0.718411
    outer loop
      vertex -6.76118 0.400192 3.07189
      vertex -6.68565 0.4382 3
      vertex -6.7 0 3
    endloop
  endfacet
  facet normal -0.695411 0.023438 -0.71823
    outer loop
      vertex -6.68565 0.4382 3
      vertex -6.76118 0.400192 3.07189
      vertex -6.6924 0.438643 3.00655
    endloop
  endfacet
  facet normal -0.69522 0.0227762 -0.718436
    outer loop
      vertex -6.7 0 3
      vertex -6.87865 0.328781 3.1833
      vertex -6.76118 0.400192 3.07189
    endloop
  endfacet
  facet normal -0.695202 0.0227945 -0.718452
    outer loop
      vertex -6.87865 0.328781 3.1833
      vertex -6.7 0 3
      vertex -6.90177 0.313595 3.20519
    endloop
  endfacet
  facet normal -0.327622 0.613742 -0.718321
    outer loop
      vertex -2.96333 6.00904 3
      vertex -3.03401 6.05545 3.07189
      vertex -2.96632 6.01511 3.00655
    endloop
  endfacet
  facet normal -0.327896 0.613479 -0.71842
    outer loop
      vertex -3.35 5.80237 3
      vertex -3.03401 6.05545 3.07189
      vertex -2.96333 6.00904 3
    endloop
  endfacet
  facet normal -0.327869 0.613454 -0.718454
    outer loop
      vertex -3.03401 6.05545 3.07189
      vertex -3.35 5.80237 3
      vertex -3.15459 6.12146 3.18328
    endloop
  endfacet
  facet normal -0.327989 0.613482 -0.718375
    outer loop
      vertex -3.15459 6.12146 3.18328
      vertex -3.35 5.80237 3
      vertex -3.17931 6.1339 3.20519
    endloop
  endfacet
  facet normal -0.287299 0.633612 -0.718328
    outer loop
      vertex -2.96333 6.00904 3
      vertex -2.96632 6.01511 3.00655
      vertex -2.95925 6.01089 3
    endloop
  endfacet
  facet normal 0.633612 0.287299 -0.718328
    outer loop
      vertex 6.01089 2.95925 3
      vertex 6.00904 2.96333 3
      vertex 6.01511 2.96632 3.00655
    endloop
  endfacet
  facet normal 0.327989 -0.613482 -0.718375
    outer loop
      vertex 3.15459 -6.12146 3.18328
      vertex 3.35 -5.80237 3
      vertex 3.17931 -6.1339 3.20519
    endloop
  endfacet
  facet normal 0.327869 -0.613454 -0.718454
    outer loop
      vertex 3.03401 -6.05545 3.07189
      vertex 3.35 -5.80237 3
      vertex 3.15459 -6.12146 3.18328
    endloop
  endfacet
  facet normal 0.327622 -0.613742 -0.718321
    outer loop
      vertex 2.96333 -6.00904 3
      vertex 3.03401 -6.05545 3.07189
      vertex 2.96632 -6.01511 3.00655
    endloop
  endfacet
  facet normal 0.327896 -0.613479 -0.71842
    outer loop
      vertex 3.03401 -6.05545 3.07189
      vertex 2.96333 -6.00904 3
      vertex 3.35 -5.80237 3
    endloop
  endfacet
  facet normal 0.32792 -0.61347 -0.718417
    outer loop
      vertex 3.27943 -6.18427 3.2939
      vertex 3.35 -5.80237 3
      vertex 3.49772 -6.05823 3.28591
    endloop
  endfacet
  facet normal 0.327912 -0.613471 -0.71842
    outer loop
      vertex 3.35 -5.80237 3
      vertex 3.27943 -6.18427 3.2939
      vertex 3.17931 -6.1339 3.20519
    endloop
  endfacet
  facet normal -0.0227444 0.695242 -0.718415
    outer loop
      vertex 0 6.7 3
      vertex -0.25206 6.99545 3.2939
      vertex 0 6.99545 3.28592
    endloop
  endfacet
  facet normal -0.022745 0.695242 -0.718416
    outer loop
      vertex -0.25206 6.99545 3.2939
      vertex 0 6.7 3
      vertex -0.313595 6.90177 3.20519
    endloop
  endfacet
  facet normal -0.367309 -0.590698 -0.718443
    outer loop
      vertex -3.72404 -5.79268 3.18328
      vertex -3.51475 -6.0484 3.28653
      vertex -3.716 -5.93221 3.29389
    endloop
  endfacet
  facet normal -0.367352 -0.590718 -0.718405
    outer loop
      vertex -3.72716 -5.65526 3.07188
      vertex -3.51475 -6.0484 3.28653
      vertex -3.72404 -5.79268 3.18328
    endloop
  endfacet
  facet normal -0.367241 -0.590698 -0.718477
    outer loop
      vertex -3.51475 -6.0484 3.28653
      vertex -3.72716 -5.65526 3.07188
      vertex -3.72232 -5.57084 3
    endloop
  endfacet
  facet normal -0.367744 -0.590552 -0.71834
    outer loop
      vertex -3.72232 -5.57084 3
      vertex -3.72716 -5.65526 3.07188
      vertex -3.72607 -5.57646 3.00654
    endloop
  endfacet
  facet normal -0.404985 -0.564807 -0.719013
    outer loop
      vertex -3.72232 -5.57084 3
      vertex -3.72599 -5.57078 3.00202
      vertex -3.72596 -5.56823 3
    endloop
  endfacet
  facet normal 0.695202 0.0227945 -0.718452
    outer loop
      vertex 6.7 0 3
      vertex 6.87865 0.328781 3.1833
      vertex 6.90177 0.313595 3.20519
    endloop
  endfacet
  facet normal 0.69522 0.0227762 -0.718436
    outer loop
      vertex 6.87865 0.328781 3.1833
      vertex 6.7 0 3
      vertex 6.76118 0.400192 3.07189
    endloop
  endfacet
  facet normal 0.695246 0.0227676 -0.718411
    outer loop
      vertex 6.68565 0.4382 3
      vertex 6.76118 0.400192 3.07189
      vertex 6.7 0 3
    endloop
  endfacet
  facet normal 0.695411 0.023438 -0.71823
    outer loop
      vertex 6.76118 0.400192 3.07189
      vertex 6.68565 0.4382 3
      vertex 6.6924 0.438643 3.00655
    endloop
  endfacet
  facet normal -0.69246 -0.0682532 -0.71822
    outer loop
      vertex -6.68521 -0.442664 3
      vertex -6.6924 -0.438643 3.00655
      vertex -6.68565 -0.4382 3
    endloop
  endfacet
  facet normal 0.633612 0.287299 0.718328
    outer loop
      vertex 6.01511 2.96632 9.99345
      vertex 6.00904 2.96333 10
      vertex 6.01089 2.95925 10
    endloop
  endfacet
  facet normal 0.0682532 0.69246 -0.71822
    outer loop
      vertex 0.442664 6.68521 3
      vertex 0.4382 6.68565 3
      vertex 0.438643 6.6924 3.00655
    endloop
  endfacet
  facet normal -0.564807 -0.404985 -0.719013
    outer loop
      vertex -5.57078 -3.72599 3.00202
      vertex -5.57084 -3.72232 3
      vertex -5.56823 -3.72596 3
    endloop
  endfacet
  facet normal -0.0682532 0.69246 -0.71822
    outer loop
      vertex -0.4382 6.68565 3
      vertex -0.442664 6.68521 3
      vertex -0.438643 6.6924 3.00655
    endloop
  endfacet
  facet normal -0.695411 -0.023438 -0.71823
    outer loop
      vertex -6.76118 -0.400192 3.07189
      vertex -6.68565 -0.4382 3
      vertex -6.6924 -0.438643 3.00655
    endloop
  endfacet
  facet normal -0.695246 -0.0227676 -0.718411
    outer loop
      vertex -6.68565 -0.4382 3
      vertex -6.76118 -0.400192 3.07189
      vertex -6.7 0 3
    endloop
  endfacet
  facet normal -0.69522 -0.0227762 -0.718436
    outer loop
      vertex -6.87865 -0.328781 3.1833
      vertex -6.7 0 3
      vertex -6.76118 -0.400192 3.07189
    endloop
  endfacet
  facet normal -0.695202 -0.0227945 -0.718452
    outer loop
      vertex -6.7 0 3
      vertex -6.87865 -0.328781 3.1833
      vertex -6.90177 -0.313595 3.20519
    endloop
  endfacet
  facet normal -0.695242 0.0227447 -0.718415
    outer loop
      vertex -6.99545 0 3.28592
      vertex -6.90177 0.313595 3.20519
      vertex -6.7 0 3
    endloop
  endfacet
  facet normal -0.695242 0.0227444 -0.718416
    outer loop
      vertex -6.90177 0.313595 3.20519
      vertex -6.99545 0 3.28592
      vertex -6.99545 0.25206 3.2939
    endloop
  endfacet
  facet normal -0.56593 -0.404628 -0.718331
    outer loop
      vertex -5.57078 -3.72599 3.00202
      vertex -5.57646 -3.72607 3.00654
      vertex -5.57084 -3.72232 3
    endloop
  endfacet
  facet normal -0.590706 -0.367335 -0.718423
    outer loop
      vertex -6.0484 -3.51475 3.28653
      vertex -5.80237 -3.35 3
      vertex -5.57084 -3.72232 3
    endloop
  endfacet
  facet normal -0.590807 -0.367179 -0.71842
    outer loop
      vertex -5.80237 -3.35 3
      vertex -6.0484 -3.51475 3.28653
      vertex -6.05823 -3.49772 3.28591
    endloop
  endfacet
  facet normal -0.613471 -0.327917 -0.718417
    outer loop
      vertex -6.05823 -3.49772 3.28591
      vertex -6.1339 -3.17931 3.20519
      vertex -5.80237 -3.35 3
    endloop
  endfacet
  facet normal -0.613465 -0.327917 -0.718423
    outer loop
      vertex -6.1339 -3.17931 3.20519
      vertex -6.05823 -3.49772 3.28591
      vertex -6.18427 -3.27943 3.2939
    endloop
  endfacet
  facet normal -0.590552 -0.367744 -0.71834
    outer loop
      vertex -5.65526 -3.72716 3.07188
      vertex -5.57084 -3.72232 3
      vertex -5.57646 -3.72607 3.00654
    endloop
  endfacet
  facet normal -0.590718 -0.367352 -0.718405
    outer loop
      vertex -6.0484 -3.51475 3.28653
      vertex -5.65526 -3.72716 3.07188
      vertex -5.79268 -3.72404 3.18328
    endloop
  endfacet
  facet normal -0.590698 -0.367309 -0.718443
    outer loop
      vertex -6.0484 -3.51475 3.28653
      vertex -5.79268 -3.72404 3.18328
      vertex -5.93221 -3.716 3.29389
    endloop
  endfacet
  facet normal -0.590698 -0.367241 -0.718477
    outer loop
      vertex -5.65526 -3.72716 3.07188
      vertex -6.0484 -3.51475 3.28653
      vertex -5.57084 -3.72232 3
    endloop
  endfacet
  facet normal -0.695242 -0.022745 -0.718416
    outer loop
      vertex -6.99545 -0.25206 3.2939
      vertex -6.7 0 3
      vertex -6.90177 -0.313595 3.20519
    endloop
  endfacet
  facet normal -0.695242 -0.0227444 -0.718415
    outer loop
      vertex -6.7 0 3
      vertex -6.99545 -0.25206 3.2939
      vertex -6.99545 0 3.28592
    endloop
  endfacet
  facet normal -0.88192 0.471399 0
    outer loop
      vertex -3.23358 1.33939 0
      vertex -2.91014 1.9445 3
      vertex -2.91014 1.9445 0
    endloop
  endfacet
  facet normal -0.88192 0.471399 0
    outer loop
      vertex -2.91014 1.9445 3
      vertex -3.23358 1.33939 0
      vertex -3.23358 1.33939 3
    endloop
  endfacet
  facet normal 0.098015 -0.995185 0
    outer loop
      vertex 0 -3.5 0
      vertex 0.682816 -3.43275 3
      vertex 0 -3.5 3
    endloop
  endfacet
  facet normal 0.098015 -0.995185 0
    outer loop
      vertex 0.682816 -3.43275 3
      vertex 0 -3.5 0
      vertex 0.682816 -3.43275 0
    endloop
  endfacet
  facet normal 0.95694 0.290285 0
    outer loop
      vertex 3.43275 0.682816 3
      vertex 3.23358 1.33939 0
      vertex 3.23358 1.33939 3
    endloop
  endfacet
  facet normal 0.95694 0.290285 0
    outer loop
      vertex 3.23358 1.33939 0
      vertex 3.43275 0.682816 3
      vertex 3.43275 0.682816 0
    endloop
  endfacet
  facet normal 0.995185 0.098015 0
    outer loop
      vertex 3.5 0 3
      vertex 3.43275 0.682816 0
      vertex 3.43275 0.682816 3
    endloop
  endfacet
  facet normal 0.995185 0.098015 0
    outer loop
      vertex 3.43275 0.682816 0
      vertex 3.5 0 3
      vertex 3.5 0 0
    endloop
  endfacet
  facet normal 0.290285 -0.95694 0
    outer loop
      vertex 0.682816 -3.43275 0
      vertex 1.33939 -3.23358 3
      vertex 0.682816 -3.43275 3
    endloop
  endfacet
  facet normal 0.290285 -0.95694 0
    outer loop
      vertex 1.33939 -3.23358 3
      vertex 0.682816 -3.43275 0
      vertex 1.33939 -3.23358 0
    endloop
  endfacet
  facet normal -0.95694 -0.290285 0
    outer loop
      vertex -3.23358 -1.33939 0
      vertex -3.43275 -0.682816 3
      vertex -3.43275 -0.682816 0
    endloop
  endfacet
  facet normal -0.95694 -0.290285 0
    outer loop
      vertex -3.43275 -0.682816 3
      vertex -3.23358 -1.33939 0
      vertex -3.23358 -1.33939 3
    endloop
  endfacet
  facet normal 0.773006 -0.634399 0
    outer loop
      vertex 2.47487 -2.47487 3
      vertex 2.91014 -1.9445 0
      vertex 2.91014 -1.9445 3
    endloop
  endfacet
  facet normal 0.773006 -0.634399 0
    outer loop
      vertex 2.91014 -1.9445 0
      vertex 2.47487 -2.47487 3
      vertex 2.47487 -2.47487 0
    endloop
  endfacet
  facet normal 0.88192 0.471399 0
    outer loop
      vertex 3.23358 1.33939 3
      vertex 2.91014 1.9445 0
      vertex 2.91014 1.9445 3
    endloop
  endfacet
  facet normal 0.88192 0.471399 0
    outer loop
      vertex 2.91014 1.9445 0
      vertex 3.23358 1.33939 3
      vertex 3.23358 1.33939 0
    endloop
  endfacet
  facet normal 0.634399 0.773006 -0
    outer loop
      vertex 2.47487 2.47487 0
      vertex 1.9445 2.91014 3
      vertex 2.47487 2.47487 3
    endloop
  endfacet
  facet normal 0.634399 0.773006 0
    outer loop
      vertex 1.9445 2.91014 3
      vertex 2.47487 2.47487 0
      vertex 1.9445 2.91014 0
    endloop
  endfacet
  facet normal 0.290285 0.95694 -0
    outer loop
      vertex 1.33939 3.23358 0
      vertex 0.682816 3.43275 3
      vertex 1.33939 3.23358 3
    endloop
  endfacet
  facet normal 0.290285 0.95694 0
    outer loop
      vertex 0.682816 3.43275 3
      vertex 1.33939 3.23358 0
      vertex 0.682816 3.43275 0
    endloop
  endfacet
  facet normal -0.88192 -0.471399 0
    outer loop
      vertex -2.91014 -1.9445 0
      vertex -3.23358 -1.33939 3
      vertex -3.23358 -1.33939 0
    endloop
  endfacet
  facet normal -0.88192 -0.471399 0
    outer loop
      vertex -3.23358 -1.33939 3
      vertex -2.91014 -1.9445 0
      vertex -2.91014 -1.9445 3
    endloop
  endfacet
  facet normal 0.773006 0.634399 0
    outer loop
      vertex 2.91014 1.9445 3
      vertex 2.47487 2.47487 0
      vertex 2.47487 2.47487 3
    endloop
  endfacet
  facet normal 0.773006 0.634399 0
    outer loop
      vertex 2.47487 2.47487 0
      vertex 2.91014 1.9445 3
      vertex 2.91014 1.9445 0
    endloop
  endfacet
  facet normal 0.098015 0.995185 -0
    outer loop
      vertex 0.682816 3.43275 0
      vertex 0 3.5 3
      vertex 0.682816 3.43275 3
    endloop
  endfacet
  facet normal 0.098015 0.995185 0
    outer loop
      vertex 0 3.5 3
      vertex 0.682816 3.43275 0
      vertex 0 3.5 0
    endloop
  endfacet
  facet normal -0.290285 0.95694 0
    outer loop
      vertex -0.682816 3.43275 0
      vertex -1.33939 3.23358 3
      vertex -0.682816 3.43275 3
    endloop
  endfacet
  facet normal -0.290285 0.95694 0
    outer loop
      vertex -1.33939 3.23358 3
      vertex -0.682816 3.43275 0
      vertex -1.33939 3.23358 0
    endloop
  endfacet
  facet normal -0.634399 -0.773006 0
    outer loop
      vertex -2.47487 -2.47487 0
      vertex -1.9445 -2.91014 3
      vertex -2.47487 -2.47487 3
    endloop
  endfacet
  facet normal -0.634399 -0.773006 -0
    outer loop
      vertex -1.9445 -2.91014 3
      vertex -2.47487 -2.47487 0
      vertex -1.9445 -2.91014 0
    endloop
  endfacet
  facet normal 0.471399 0.88192 -0
    outer loop
      vertex 1.9445 2.91014 0
      vertex 1.33939 3.23358 3
      vertex 1.9445 2.91014 3
    endloop
  endfacet
  facet normal 0.471399 0.88192 0
    outer loop
      vertex 1.33939 3.23358 3
      vertex 1.9445 2.91014 0
      vertex 1.33939 3.23358 0
    endloop
  endfacet
  facet normal -0.995185 0.098015 0
    outer loop
      vertex -3.5 0 0
      vertex -3.43275 0.682816 3
      vertex -3.43275 0.682816 0
    endloop
  endfacet
  facet normal -0.995185 0.098015 0
    outer loop
      vertex -3.43275 0.682816 3
      vertex -3.5 0 0
      vertex -3.5 0 3
    endloop
  endfacet
  facet normal 0.88192 -0.471399 0
    outer loop
      vertex 2.91014 -1.9445 3
      vertex 3.23358 -1.33939 0
      vertex 3.23358 -1.33939 3
    endloop
  endfacet
  facet normal 0.88192 -0.471399 0
    outer loop
      vertex 3.23358 -1.33939 0
      vertex 2.91014 -1.9445 3
      vertex 2.91014 -1.9445 0
    endloop
  endfacet
  facet normal 0.471399 -0.88192 0
    outer loop
      vertex 1.33939 -3.23358 0
      vertex 1.9445 -2.91014 3
      vertex 1.33939 -3.23358 3
    endloop
  endfacet
  facet normal 0.471399 -0.88192 0
    outer loop
      vertex 1.9445 -2.91014 3
      vertex 1.33939 -3.23358 0
      vertex 1.9445 -2.91014 0
    endloop
  endfacet
  facet normal 0 0 -1
    outer loop
      vertex 1.46238 -0.192526 0
      vertex 3.5 0 0
      vertex 3.43275 -0.682816 0
    endloop
  endfacet
  facet normal 0 0 -1
    outer loop
      vertex 1.42474 -0.381758 0
      vertex 3.43275 -0.682816 0
      vertex 3.23358 -1.33939 0
    endloop
  endfacet
  facet normal -0 0 -1
    outer loop
      vertex 3.5 0 0
      vertex 1.46238 -0.192526 0
      vertex 1.475 0 0
    endloop
  endfacet
  facet normal 0 0 -1
    outer loop
      vertex 1.27739 -0.737499 0
      vertex 3.23358 -1.33939 0
      vertex 2.91014 -1.9445 0
    endloop
  endfacet
  facet normal 0 0 -1
    outer loop
      vertex 1.46238 0.192526 0
      vertex 3.5 0 0
      vertex 1.475 0 0
    endloop
  endfacet
  facet normal 0 0 -1
    outer loop
      vertex 1.1702 -0.897923 0
      vertex 2.91014 -1.9445 0
      vertex 2.47487 -2.47487 0
    endloop
  endfacet
  facet normal 0 0 -1
    outer loop
      vertex 3.5 0 0
      vertex 1.46238 0.192526 0
      vertex 3.43275 0.682816 0
    endloop
  endfacet
  facet normal 0 0 -1
    outer loop
      vertex 0.897923 -1.1702 0
      vertex 2.47487 -2.47487 0
      vertex 1.9445 -2.91014 0
    endloop
  endfacet
  facet normal 0 0 -1
    outer loop
      vertex 1.42474 0.381758 0
      vertex 3.43275 0.682816 0
      vertex 1.46238 0.192526 0
    endloop
  endfacet
  facet normal 0 0 -1
    outer loop
      vertex 1.36272 0.564458 0
      vertex 3.23358 1.33939 0
      vertex 1.42474 0.381758 0
    endloop
  endfacet
  facet normal -0 0 -1
    outer loop
      vertex 3.43275 0.682816 0
      vertex 1.42474 0.381758 0
      vertex 3.23358 1.33939 0
    endloop
  endfacet
  facet normal 0 0 -1
    outer loop
      vertex 3.43275 -0.682816 0
      vertex 1.42474 -0.381758 0
      vertex 1.46238 -0.192526 0
    endloop
  endfacet
  facet normal 0 0 -1
    outer loop
      vertex 3.23358 -1.33939 0
      vertex 1.36272 -0.564458 0
      vertex 1.42474 -0.381758 0
    endloop
  endfacet
  facet normal 0 0 -1
    outer loop
      vertex 0.737499 -1.27739 0
      vertex 1.9445 -2.91014 0
      vertex 1.33939 -3.23358 0
    endloop
  endfacet
  facet normal 0 0 -1
    outer loop
      vertex 3.23358 -1.33939 0
      vertex 1.27739 -0.737499 0
      vertex 1.36272 -0.564458 0
    endloop
  endfacet
  facet normal 0 0 -1
    outer loop
      vertex 2.91014 -1.9445 0
      vertex 1.1702 -0.897923 0
      vertex 1.27739 -0.737499 0
    endloop
  endfacet
  facet normal 0 0 -1
    outer loop
      vertex 2.47487 -2.47487 0
      vertex 1.04298 -1.04298 0
      vertex 1.1702 -0.897923 0
    endloop
  endfacet
  facet normal 0 0 -1
    outer loop
      vertex 2.47487 -2.47487 0
      vertex 0.897923 -1.1702 0
      vertex 1.04298 -1.04298 0
    endloop
  endfacet
  facet normal 0 0 -1
    outer loop
      vertex 1.9445 -2.91014 0
      vertex 0.737499 -1.27739 0
      vertex 0.897923 -1.1702 0
    endloop
  endfacet
  facet normal 0 0 -1
    outer loop
      vertex 0.381758 -1.42474 0
      vertex 1.33939 -3.23358 0
      vertex 0.682816 -3.43275 0
    endloop
  endfacet
  facet normal 0 0 -1
    outer loop
      vertex 1.33939 -3.23358 0
      vertex 0.564458 -1.36272 0
      vertex 0.737499 -1.27739 0
    endloop
  endfacet
  facet normal 0 0 -1
    outer loop
      vertex 1.33939 -3.23358 0
      vertex 0.381758 -1.42474 0
      vertex 0.564458 -1.36272 0
    endloop
  endfacet
  facet normal 0 0 -1
    outer loop
      vertex 0.682816 -3.43275 0
      vertex 0.192526 -1.46238 0
      vertex 0.381758 -1.42474 0
    endloop
  endfacet
  facet normal 0 0 -1
    outer loop
      vertex 0 -3.5 0
      vertex 0.192526 -1.46238 0
      vertex 0.682816 -3.43275 0
    endloop
  endfacet
  facet normal 0 0 -1
    outer loop
      vertex 0 -3.5 0
      vertex 0 -1.475 0
      vertex 0.192526 -1.46238 0
    endloop
  endfacet
  facet normal 0 0 -1
    outer loop
      vertex 0 -3.5 0
      vertex -0.192526 -1.46238 0
      vertex 0 -1.475 0
    endloop
  endfacet
  facet normal 0 0 -1
    outer loop
      vertex -0.682816 -3.43275 0
      vertex -0.192526 -1.46238 0
      vertex 0 -3.5 0
    endloop
  endfacet
  facet normal -0 0 -1
    outer loop
      vertex -0.192526 -1.46238 0
      vertex -0.682816 -3.43275 0
      vertex -0.381758 -1.42474 0
    endloop
  endfacet
  facet normal 0 0 -1
    outer loop
      vertex -1.33939 -3.23358 0
      vertex -0.381758 -1.42474 0
      vertex -0.682816 -3.43275 0
    endloop
  endfacet
  facet normal -0 0 -1
    outer loop
      vertex -0.381758 -1.42474 0
      vertex -1.33939 -3.23358 0
      vertex -0.564458 -1.36272 0
    endloop
  endfacet
  facet normal -0 0 -1
    outer loop
      vertex -0.564458 -1.36272 0
      vertex -1.33939 -3.23358 0
      vertex -0.737499 -1.27739 0
    endloop
  endfacet
  facet normal 0 0 -1
    outer loop
      vertex -1.9445 -2.91014 0
      vertex -0.737499 -1.27739 0
      vertex -1.33939 -3.23358 0
    endloop
  endfacet
  facet normal -0 0 -1
    outer loop
      vertex -0.737499 -1.27739 0
      vertex -1.9445 -2.91014 0
      vertex -0.897923 -1.1702 0
    endloop
  endfacet
  facet normal 0 0 -1
    outer loop
      vertex -2.47487 -2.47487 0
      vertex -0.897923 -1.1702 0
      vertex -1.9445 -2.91014 0
    endloop
  endfacet
  facet normal -0 0 -1
    outer loop
      vertex -0.897923 -1.1702 0
      vertex -2.47487 -2.47487 0
      vertex -1.04298 -1.04298 0
    endloop
  endfacet
  facet normal -0 0 -1
    outer loop
      vertex -1.04298 -1.04298 0
      vertex -2.47487 -2.47487 0
      vertex -1.1702 -0.897923 0
    endloop
  endfacet
  facet normal 0 0 -1
    outer loop
      vertex -2.91014 -1.9445 0
      vertex -1.1702 -0.897923 0
      vertex -2.47487 -2.47487 0
    endloop
  endfacet
  facet normal -0 0 -1
    outer loop
      vertex -1.1702 -0.897923 0
      vertex -2.91014 -1.9445 0
      vertex -1.27739 -0.737499 0
    endloop
  endfacet
  facet normal 0 0 -1
    outer loop
      vertex -3.23358 -1.33939 0
      vertex -1.27739 -0.737499 0
      vertex -2.91014 -1.9445 0
    endloop
  endfacet
  facet normal -0 0 -1
    outer loop
      vertex -1.27739 -0.737499 0
      vertex -3.23358 -1.33939 0
      vertex -1.36272 -0.564458 0
    endloop
  endfacet
  facet normal 0 0 -1
    outer loop
      vertex 1.27739 0.737499 0
      vertex 3.23358 1.33939 0
      vertex 1.36272 0.564458 0
    endloop
  endfacet
  facet normal -0 0 -1
    outer loop
      vertex 3.23358 1.33939 0
      vertex 1.27739 0.737499 0
      vertex 2.91014 1.9445 0
    endloop
  endfacet
  facet normal 0 0 -1
    outer loop
      vertex 1.1702 0.897923 0
      vertex 2.91014 1.9445 0
      vertex 1.27739 0.737499 0
    endloop
  endfacet
  facet normal -0 0 -1
    outer loop
      vertex 2.91014 1.9445 0
      vertex 1.1702 0.897923 0
      vertex 2.47487 2.47487 0
    endloop
  endfacet
  facet normal 0 0 -1
    outer loop
      vertex 1.1026 0.974999 0
      vertex 2.47487 2.47487 0
      vertex 1.1702 0.897923 0
    endloop
  endfacet
  facet normal -0 0 -1
    outer loop
      vertex 2.47487 2.47487 0
      vertex 1.1026 0.974999 0
      vertex 1.9445 2.91014 0
    endloop
  endfacet
  facet normal -0 0 -1
    outer loop
      vertex 1.9445 2.91014 0
      vertex 1.1026 0.974999 0
      vertex 1.33939 3.23358 0
    endloop
  endfacet
  facet normal 0 0 -1
    outer loop
      vertex 1.1026 0.974999 0
      vertex 0.682816 3.43275 0
      vertex 1.33939 3.23358 0
    endloop
  endfacet
  facet normal 0 0 -1
    outer loop
      vertex 1.1026 0.974999 0
      vertex 0 3.5 0
      vertex 0.682816 3.43275 0
    endloop
  endfacet
  facet normal 0 0 -1
    outer loop
      vertex -1.1026 0.974999 0
      vertex 0 3.5 0
      vertex 1.1026 0.974999 0
    endloop
  endfacet
  facet normal 0 0 -1
    outer loop
      vertex 0 3.5 0
      vertex -1.1026 0.974999 0
      vertex -0.682816 3.43275 0
    endloop
  endfacet
  facet normal 0 0 -1
    outer loop
      vertex -2.47487 2.47487 0
      vertex -1.1026 0.974999 0
      vertex -1.1702 0.897923 0
    endloop
  endfacet
  facet normal 0 0 -1
    outer loop
      vertex -2.91014 1.9445 0
      vertex -1.1702 0.897923 0
      vertex -1.27739 0.737499 0
    endloop
  endfacet
  facet normal 0 0 -1
    outer loop
      vertex -1.1026 0.974999 0
      vertex -1.33939 3.23358 0
      vertex -0.682816 3.43275 0
    endloop
  endfacet
  facet normal 0 0 -1
    outer loop
      vertex -3.23358 1.33939 0
      vertex -1.27739 0.737499 0
      vertex -1.36272 0.564458 0
    endloop
  endfacet
  facet normal 0 0 -1
    outer loop
      vertex -3.23358 1.33939 0
      vertex -1.36272 0.564458 0
      vertex -1.42474 0.381758 0
    endloop
  endfacet
  facet normal 0 0 -1
    outer loop
      vertex -3.43275 0.682816 0
      vertex -1.42474 0.381758 0
      vertex -1.46238 0.192526 0
    endloop
  endfacet
  facet normal 0 0 -1
    outer loop
      vertex -3.5 0 0
      vertex -1.46238 0.192526 0
      vertex -1.475 0 0
    endloop
  endfacet
  facet normal -0 0 -1
    outer loop
      vertex -1.36272 -0.564458 0
      vertex -3.23358 -1.33939 0
      vertex -1.42474 -0.381758 0
    endloop
  endfacet
  facet normal 0 0 -1
    outer loop
      vertex -1.1026 0.974999 0
      vertex -1.9445 2.91014 0
      vertex -1.33939 3.23358 0
    endloop
  endfacet
  facet normal 0 0 -1
    outer loop
      vertex -3.43275 -0.682816 0
      vertex -1.42474 -0.381758 0
      vertex -3.23358 -1.33939 0
    endloop
  endfacet
  facet normal 0 0 -1
    outer loop
      vertex -1.1026 0.974999 0
      vertex -2.47487 2.47487 0
      vertex -1.9445 2.91014 0
    endloop
  endfacet
  facet normal -0 0 -1
    outer loop
      vertex -1.42474 -0.381758 0
      vertex -3.43275 -0.682816 0
      vertex -1.46238 -0.192526 0
    endloop
  endfacet
  facet normal 0 0 -1
    outer loop
      vertex -1.1702 0.897923 0
      vertex -2.91014 1.9445 0
      vertex -2.47487 2.47487 0
    endloop
  endfacet
  facet normal 0 0 -1
    outer loop
      vertex -3.5 0 0
      vertex -1.46238 -0.192526 0
      vertex -3.43275 -0.682816 0
    endloop
  endfacet
  facet normal 0 0 -1
    outer loop
      vertex -1.27739 0.737499 0
      vertex -3.23358 1.33939 0
      vertex -2.91014 1.9445 0
    endloop
  endfacet
  facet normal 0 0 -1
    outer loop
      vertex -1.46238 -0.192526 0
      vertex -3.5 0 0
      vertex -1.475 0 0
    endloop
  endfacet
  facet normal 0 0 -1
    outer loop
      vertex -1.42474 0.381758 0
      vertex -3.43275 0.682816 0
      vertex -3.23358 1.33939 0
    endloop
  endfacet
  facet normal -0 0 -1
    outer loop
      vertex -1.46238 0.192526 0
      vertex -3.5 0 0
      vertex -3.43275 0.682816 0
    endloop
  endfacet
  facet normal -0.634399 0.773006 0
    outer loop
      vertex -1.9445 2.91014 0
      vertex -2.47487 2.47487 3
      vertex -1.9445 2.91014 3
    endloop
  endfacet
  facet normal -0.634399 0.773006 0
    outer loop
      vertex -2.47487 2.47487 3
      vertex -1.9445 2.91014 0
      vertex -2.47487 2.47487 0
    endloop
  endfacet
  facet normal -0.471399 0.88192 0
    outer loop
      vertex -1.33939 3.23358 0
      vertex -1.9445 2.91014 3
      vertex -1.33939 3.23358 3
    endloop
  endfacet
  facet normal -0.471399 0.88192 0
    outer loop
      vertex -1.9445 2.91014 3
      vertex -1.33939 3.23358 0
      vertex -1.9445 2.91014 0
    endloop
  endfacet
  facet normal -0.471399 -0.88192 0
    outer loop
      vertex -1.9445 -2.91014 0
      vertex -1.33939 -3.23358 3
      vertex -1.9445 -2.91014 3
    endloop
  endfacet
  facet normal -0.471399 -0.88192 -0
    outer loop
      vertex -1.33939 -3.23358 3
      vertex -1.9445 -2.91014 0
      vertex -1.33939 -3.23358 0
    endloop
  endfacet
  facet normal -0.95694 0.290285 0
    outer loop
      vertex -3.43275 0.682816 0
      vertex -3.23358 1.33939 3
      vertex -3.23358 1.33939 0
    endloop
  endfacet
  facet normal -0.95694 0.290285 0
    outer loop
      vertex -3.23358 1.33939 3
      vertex -3.43275 0.682816 0
      vertex -3.43275 0.682816 3
    endloop
  endfacet
  facet normal 0.95694 -0.290285 0
    outer loop
      vertex 3.23358 -1.33939 3
      vertex 3.43275 -0.682816 0
      vertex 3.43275 -0.682816 3
    endloop
  endfacet
  facet normal 0.95694 -0.290285 0
    outer loop
      vertex 3.43275 -0.682816 0
      vertex 3.23358 -1.33939 3
      vertex 3.23358 -1.33939 0
    endloop
  endfacet
  facet normal -0.098015 0.995185 0
    outer loop
      vertex 0 3.5 0
      vertex -0.682816 3.43275 3
      vertex 0 3.5 3
    endloop
  endfacet
  facet normal -0.098015 0.995185 0
    outer loop
      vertex -0.682816 3.43275 3
      vertex 0 3.5 0
      vertex -0.682816 3.43275 0
    endloop
  endfacet
  facet normal -0.773006 0.634399 0
    outer loop
      vertex -2.91014 1.9445 0
      vertex -2.47487 2.47487 3
      vertex -2.47487 2.47487 0
    endloop
  endfacet
  facet normal -0.773006 0.634399 0
    outer loop
      vertex -2.47487 2.47487 3
      vertex -2.91014 1.9445 0
      vertex -2.91014 1.9445 3
    endloop
  endfacet
  facet normal 0.995185 -0.098015 0
    outer loop
      vertex 3.43275 -0.682816 3
      vertex 3.5 0 0
      vertex 3.5 0 3
    endloop
  endfacet
  facet normal 0.995185 -0.098015 0
    outer loop
      vertex 3.5 0 0
      vertex 3.43275 -0.682816 3
      vertex 3.43275 -0.682816 0
    endloop
  endfacet
  facet normal -0.773006 -0.634399 0
    outer loop
      vertex -2.47487 -2.47487 0
      vertex -2.91014 -1.9445 3
      vertex -2.91014 -1.9445 0
    endloop
  endfacet
  facet normal -0.773006 -0.634399 0
    outer loop
      vertex -2.91014 -1.9445 3
      vertex -2.47487 -2.47487 0
      vertex -2.47487 -2.47487 3
    endloop
  endfacet
  facet normal 0.634399 -0.773006 0
    outer loop
      vertex 1.9445 -2.91014 0
      vertex 2.47487 -2.47487 3
      vertex 1.9445 -2.91014 3
    endloop
  endfacet
  facet normal 0.634399 -0.773006 0
    outer loop
      vertex 2.47487 -2.47487 3
      vertex 1.9445 -2.91014 0
      vertex 2.47487 -2.47487 0
    endloop
  endfacet
  facet normal -0.995185 -0.098015 0
    outer loop
      vertex -3.43275 -0.682816 0
      vertex -3.5 0 3
      vertex -3.5 0 0
    endloop
  endfacet
  facet normal -0.995185 -0.098015 0
    outer loop
      vertex -3.5 0 3
      vertex -3.43275 -0.682816 0
      vertex -3.43275 -0.682816 3
    endloop
  endfacet
  facet normal -0.098015 -0.995185 0
    outer loop
      vertex -0.682816 -3.43275 0
      vertex 0 -3.5 3
      vertex -0.682816 -3.43275 3
    endloop
  endfacet
  facet normal -0.098015 -0.995185 -0
    outer loop
      vertex 0 -3.5 3
      vertex -0.682816 -3.43275 0
      vertex 0 -3.5 0
    endloop
  endfacet
  facet normal -0.290285 -0.95694 0
    outer loop
      vertex -1.33939 -3.23358 0
      vertex -0.682816 -3.43275 3
      vertex -1.33939 -3.23358 3
    endloop
  endfacet
  facet normal -0.290285 -0.95694 -0
    outer loop
      vertex -0.682816 -3.43275 3
      vertex -1.33939 -3.23358 0
      vertex -0.682816 -3.43275 0
    endloop
  endfacet
  facet normal 0.896882 -0.44227 0
    outer loop
      vertex -1.36272 0.564458 10
      vertex -1.27739 0.737499 0
      vertex -1.27739 0.737499 10
    endloop
  endfacet
  facet normal 0.896882 -0.44227 0
    outer loop
      vertex -1.27739 0.737499 0
      vertex -1.36272 0.564458 10
      vertex -1.36272 0.564458 0
    endloop
  endfacet
  facet normal -0.980786 -0.195087 0
    outer loop
      vertex 1.46238 0.192526 0
      vertex 1.42474 0.381758 10
      vertex 1.42474 0.381758 0
    endloop
  endfacet
  facet normal -0.980786 -0.195087 0
    outer loop
      vertex 1.42474 0.381758 10
      vertex 1.46238 0.192526 0
      vertex 1.46238 0.192526 10
    endloop
  endfacet
  facet normal 0.321447 0.946927 -0
    outer loop
      vertex -0.381758 -1.42474 0
      vertex -0.564458 -1.36272 10
      vertex -0.381758 -1.42474 10
    endloop
  endfacet
  facet normal 0.321447 0.946927 0
    outer loop
      vertex -0.564458 -1.36272 10
      vertex -0.381758 -1.42474 0
      vertex -0.564458 -1.36272 0
    endloop
  endfacet
  facet normal 0.997859 -0.0654092 0
    outer loop
      vertex -1.475 0 10
      vertex -1.46238 0.192526 0
      vertex -1.46238 0.192526 10
    endloop
  endfacet
  facet normal 0.997859 -0.0654092 0
    outer loop
      vertex -1.46238 0.192526 0
      vertex -1.475 0 10
      vertex -1.475 0 0
    endloop
  endfacet
  facet normal -0.997859 -0.0654092 0
    outer loop
      vertex 1.475 0 0
      vertex 1.46238 0.192526 10
      vertex 1.46238 0.192526 0
    endloop
  endfacet
  facet normal -0.997859 -0.0654092 0
    outer loop
      vertex 1.46238 0.192526 10
      vertex 1.475 0 0
      vertex 1.475 0 10
    endloop
  endfacet
  facet normal 0.980786 -0.195087 0
    outer loop
      vertex -1.46238 0.192526 10
      vertex -1.42474 0.381758 0
      vertex -1.42474 0.381758 10
    endloop
  endfacet
  facet normal 0.980786 -0.195087 0
    outer loop
      vertex -1.42474 0.381758 0
      vertex -1.46238 0.192526 10
      vertex -1.46238 0.192526 0
    endloop
  endfacet
  facet normal -0.997859 0.0654092 0
    outer loop
      vertex 1.46238 -0.192526 0
      vertex 1.475 0 10
      vertex 1.475 0 0
    endloop
  endfacet
  facet normal -0.997859 0.0654092 0
    outer loop
      vertex 1.475 0 10
      vertex 1.46238 -0.192526 0
      vertex 1.46238 -0.192526 10
    endloop
  endfacet
  facet normal 0.946927 -0.321447 0
    outer loop
      vertex -1.42474 0.381758 10
      vertex -1.36272 0.564458 0
      vertex -1.36272 0.564458 10
    endloop
  endfacet
  facet normal 0.946927 -0.321447 0
    outer loop
      vertex -1.36272 0.564458 0
      vertex -1.42474 0.381758 10
      vertex -1.42474 0.381758 0
    endloop
  endfacet
  facet normal -0.831474 -0.555563 0
    outer loop
      vertex 1.27739 0.737499 0
      vertex 1.1702 0.897923 10
      vertex 1.1702 0.897923 0
    endloop
  endfacet
  facet normal -0.831474 -0.555563 0
    outer loop
      vertex 1.1702 0.897923 10
      vertex 1.27739 0.737499 0
      vertex 1.27739 0.737499 10
    endloop
  endfacet
  facet normal -0.946927 -0.321447 0
    outer loop
      vertex 1.42474 0.381758 0
      vertex 1.36272 0.564458 10
      vertex 1.36272 0.564458 0
    endloop
  endfacet
  facet normal -0.946927 -0.321447 0
    outer loop
      vertex 1.36272 0.564458 10
      vertex 1.42474 0.381758 0
      vertex 1.42474 0.381758 10
    endloop
  endfacet
  facet normal -0.75181 -0.65938 0
    outer loop
      vertex 1.1702 0.897923 0
      vertex 1.1026 0.974999 10
      vertex 1.1026 0.974999 0
    endloop
  endfacet
  facet normal -0.75181 -0.65938 0
    outer loop
      vertex 1.1026 0.974999 10
      vertex 1.1702 0.897923 0
      vertex 1.1702 0.897923 10
    endloop
  endfacet
  facet normal -0.65937 0.751818 0
    outer loop
      vertex 1.04298 -1.04298 0
      vertex 0.897923 -1.1702 10
      vertex 1.04298 -1.04298 10
    endloop
  endfacet
  facet normal -0.65937 0.751818 0
    outer loop
      vertex 0.897923 -1.1702 10
      vertex 1.04298 -1.04298 0
      vertex 0.897923 -1.1702 0
    endloop
  endfacet
  facet normal -0.751818 0.65937 0
    outer loop
      vertex 1.04298 -1.04298 0
      vertex 1.1702 -0.897923 10
      vertex 1.1702 -0.897923 0
    endloop
  endfacet
  facet normal -0.751818 0.65937 0
    outer loop
      vertex 1.1702 -0.897923 10
      vertex 1.04298 -1.04298 0
      vertex 1.04298 -1.04298 10
    endloop
  endfacet
  facet normal 0.75181 -0.65938 0
    outer loop
      vertex -1.1702 0.897923 10
      vertex -1.1026 0.974999 0
      vertex -1.1026 0.974999 10
    endloop
  endfacet
  facet normal 0.75181 -0.65938 0
    outer loop
      vertex -1.1026 0.974999 0
      vertex -1.1702 0.897923 10
      vertex -1.1702 0.897923 0
    endloop
  endfacet
  facet normal 0.997859 0.0654092 0
    outer loop
      vertex -1.46238 -0.192526 10
      vertex -1.475 0 0
      vertex -1.475 0 10
    endloop
  endfacet
  facet normal 0.997859 0.0654092 0
    outer loop
      vertex -1.475 0 0
      vertex -1.46238 -0.192526 10
      vertex -1.46238 -0.192526 0
    endloop
  endfacet
  facet normal 0.831474 0.555563 0
    outer loop
      vertex -1.1702 -0.897923 10
      vertex -1.27739 -0.737499 0
      vertex -1.27739 -0.737499 10
    endloop
  endfacet
  facet normal 0.831474 0.555563 0
    outer loop
      vertex -1.27739 -0.737499 0
      vertex -1.1702 -0.897923 10
      vertex -1.1702 -0.897923 0
    endloop
  endfacet
  facet normal -0.321447 0.946927 0
    outer loop
      vertex 0.564458 -1.36272 0
      vertex 0.381758 -1.42474 10
      vertex 0.564458 -1.36272 10
    endloop
  endfacet
  facet normal -0.321447 0.946927 0
    outer loop
      vertex 0.381758 -1.42474 10
      vertex 0.564458 -1.36272 0
      vertex 0.381758 -1.42474 0
    endloop
  endfacet
  facet normal 0.195087 0.980786 -0
    outer loop
      vertex -0.192526 -1.46238 0
      vertex -0.381758 -1.42474 10
      vertex -0.192526 -1.46238 10
    endloop
  endfacet
  facet normal 0.195087 0.980786 0
    outer loop
      vertex -0.381758 -1.42474 10
      vertex -0.192526 -1.46238 0
      vertex -0.381758 -1.42474 0
    endloop
  endfacet
  facet normal -0.946927 0.321447 0
    outer loop
      vertex 1.36272 -0.564458 0
      vertex 1.42474 -0.381758 10
      vertex 1.42474 -0.381758 0
    endloop
  endfacet
  facet normal -0.946927 0.321447 0
    outer loop
      vertex 1.42474 -0.381758 10
      vertex 1.36272 -0.564458 0
      vertex 1.36272 -0.564458 10
    endloop
  endfacet
  facet normal 0.65937 0.751818 -0
    outer loop
      vertex -0.897923 -1.1702 0
      vertex -1.04298 -1.04298 10
      vertex -0.897923 -1.1702 10
    endloop
  endfacet
  facet normal 0.65937 0.751818 0
    outer loop
      vertex -1.04298 -1.04298 10
      vertex -0.897923 -1.1702 0
      vertex -1.04298 -1.04298 0
    endloop
  endfacet
  facet normal -0.896882 0.44227 0
    outer loop
      vertex 1.27739 -0.737499 0
      vertex 1.36272 -0.564458 10
      vertex 1.36272 -0.564458 0
    endloop
  endfacet
  facet normal -0.896882 0.44227 0
    outer loop
      vertex 1.36272 -0.564458 10
      vertex 1.27739 -0.737499 0
      vertex 1.27739 -0.737499 10
    endloop
  endfacet
  facet normal -0.555563 0.831474 0
    outer loop
      vertex 0.897923 -1.1702 0
      vertex 0.737499 -1.27739 10
      vertex 0.897923 -1.1702 10
    endloop
  endfacet
  facet normal -0.555563 0.831474 0
    outer loop
      vertex 0.737499 -1.27739 10
      vertex 0.897923 -1.1702 0
      vertex 0.737499 -1.27739 0
    endloop
  endfacet
  facet normal -0.896882 -0.44227 0
    outer loop
      vertex 1.36272 0.564458 0
      vertex 1.27739 0.737499 10
      vertex 1.27739 0.737499 0
    endloop
  endfacet
  facet normal -0.896882 -0.44227 0
    outer loop
      vertex 1.27739 0.737499 10
      vertex 1.36272 0.564458 0
      vertex 1.36272 0.564458 10
    endloop
  endfacet
  facet normal 0.831474 -0.555563 0
    outer loop
      vertex -1.27739 0.737499 10
      vertex -1.1702 0.897923 0
      vertex -1.1702 0.897923 10
    endloop
  endfacet
  facet normal 0.831474 -0.555563 0
    outer loop
      vertex -1.1702 0.897923 0
      vertex -1.27739 0.737499 10
      vertex -1.27739 0.737499 0
    endloop
  endfacet
  facet normal -0.44227 0.896882 0
    outer loop
      vertex 0.737499 -1.27739 0
      vertex 0.564458 -1.36272 10
      vertex 0.737499 -1.27739 10
    endloop
  endfacet
  facet normal -0.44227 0.896882 0
    outer loop
      vertex 0.564458 -1.36272 10
      vertex 0.737499 -1.27739 0
      vertex 0.564458 -1.36272 0
    endloop
  endfacet
  facet normal 0.751818 0.65937 0
    outer loop
      vertex -1.04298 -1.04298 10
      vertex -1.1702 -0.897923 0
      vertex -1.1702 -0.897923 10
    endloop
  endfacet
  facet normal 0.751818 0.65937 0
    outer loop
      vertex -1.1702 -0.897923 0
      vertex -1.04298 -1.04298 10
      vertex -1.04298 -1.04298 0
    endloop
  endfacet
  facet normal 0.946927 0.321447 0
    outer loop
      vertex -1.36272 -0.564458 10
      vertex -1.42474 -0.381758 0
      vertex -1.42474 -0.381758 10
    endloop
  endfacet
  facet normal 0.946927 0.321447 0
    outer loop
      vertex -1.42474 -0.381758 0
      vertex -1.36272 -0.564458 10
      vertex -1.36272 -0.564458 0
    endloop
  endfacet
  facet normal -0.831474 0.555563 0
    outer loop
      vertex 1.1702 -0.897923 0
      vertex 1.27739 -0.737499 10
      vertex 1.27739 -0.737499 0
    endloop
  endfacet
  facet normal -0.831474 0.555563 0
    outer loop
      vertex 1.27739 -0.737499 10
      vertex 1.1702 -0.897923 0
      vertex 1.1702 -0.897923 10
    endloop
  endfacet
  facet normal -0.195087 0.980786 0
    outer loop
      vertex 0.381758 -1.42474 0
      vertex 0.192526 -1.46238 10
      vertex 0.381758 -1.42474 10
    endloop
  endfacet
  facet normal -0.195087 0.980786 0
    outer loop
      vertex 0.192526 -1.46238 10
      vertex 0.381758 -1.42474 0
      vertex 0.192526 -1.46238 0
    endloop
  endfacet
  facet normal 0.555563 0.831474 -0
    outer loop
      vertex -0.737499 -1.27739 0
      vertex -0.897923 -1.1702 10
      vertex -0.737499 -1.27739 10
    endloop
  endfacet
  facet normal 0.555563 0.831474 0
    outer loop
      vertex -0.897923 -1.1702 10
      vertex -0.737499 -1.27739 0
      vertex -0.897923 -1.1702 0
    endloop
  endfacet
  facet normal -0.0654092 0.997859 0
    outer loop
      vertex 0.192526 -1.46238 0
      vertex 0 -1.475 10
      vertex 0.192526 -1.46238 10
    endloop
  endfacet
  facet normal -0.0654092 0.997859 0
    outer loop
      vertex 0 -1.475 10
      vertex 0.192526 -1.46238 0
      vertex 0 -1.475 0
    endloop
  endfacet
  facet normal -0.980786 0.195087 0
    outer loop
      vertex 1.42474 -0.381758 0
      vertex 1.46238 -0.192526 10
      vertex 1.46238 -0.192526 0
    endloop
  endfacet
  facet normal -0.980786 0.195087 0
    outer loop
      vertex 1.46238 -0.192526 10
      vertex 1.42474 -0.381758 0
      vertex 1.42474 -0.381758 10
    endloop
  endfacet
  facet normal 0.0654092 0.997859 -0
    outer loop
      vertex 0 -1.475 0
      vertex -0.192526 -1.46238 10
      vertex 0 -1.475 10
    endloop
  endfacet
  facet normal 0.0654092 0.997859 0
    outer loop
      vertex -0.192526 -1.46238 10
      vertex 0 -1.475 0
      vertex -0.192526 -1.46238 0
    endloop
  endfacet
  facet normal 0.896882 0.44227 0
    outer loop
      vertex -1.27739 -0.737499 10
      vertex -1.36272 -0.564458 0
      vertex -1.36272 -0.564458 10
    endloop
  endfacet
  facet normal 0.896882 0.44227 0
    outer loop
      vertex -1.36272 -0.564458 0
      vertex -1.27739 -0.737499 10
      vertex -1.27739 -0.737499 0
    endloop
  endfacet
  facet normal 0.44227 0.896882 -0
    outer loop
      vertex -0.564458 -1.36272 0
      vertex -0.737499 -1.27739 10
      vertex -0.564458 -1.36272 10
    endloop
  endfacet
  facet normal 0.44227 0.896882 0
    outer loop
      vertex -0.737499 -1.27739 10
      vertex -0.564458 -1.36272 0
      vertex -0.737499 -1.27739 0
    endloop
  endfacet
  facet normal 0.980786 0.195087 0
    outer loop
      vertex -1.42474 -0.381758 10
      vertex -1.46238 -0.192526 0
      vertex -1.46238 -0.192526 10
    endloop
  endfacet
  facet normal 0.980786 0.195087 0
    outer loop
      vertex -1.46238 -0.192526 0
      vertex -1.42474 -0.381758 10
      vertex -1.42474 -0.381758 0
    endloop
  endfacet
  facet normal 0 -1 0
    outer loop
      vertex -1.1026 0.974999 0
      vertex 1.1026 0.974999 10
      vertex -1.1026 0.974999 10
    endloop
  endfacet
  facet normal 0 -1 -0
    outer loop
      vertex 1.1026 0.974999 10
      vertex -1.1026 0.974999 0
      vertex 1.1026 0.974999 0
    endloop
  endfacet
endsolid OpenSCAD_Model
