solid OpenSCAD_Model
  facet normal 0 0 -1
    outer loop
      vertex -0.0871887 -12.1698 0
      vertex 2.32191 -11.9466 0
      vertex 2.31725 -12.14 0
    endloop
  endfacet
  facet normal 0 0 -1
    outer loop
      vertex -0.0470581 -12.3591 0
      vertex 2.31725 -12.14 0
      vertex 2.2997 -12.3358 0
    endloop
  endfacet
  facet normal 0 0 -1
    outer loop
      vertex 0.00614929 -12.5483 0
      vertex 2.2997 -12.3358 0
      vertex 2.27129 -12.5332 0
    endloop
  endfacet
  facet normal 0 0 -1
    outer loop
      vertex 0.0703583 -12.7372 0
      vertex 2.27129 -12.5332 0
      vertex 2.23314 -12.7321 0
    endloop
  endfacet
  facet normal 0 0 -1
    outer loop
      vertex 0.144394 -12.9256 0
      vertex 2.23314 -12.7321 0
      vertex 2.18596 -12.9321 0
    endloop
  endfacet
  facet normal 0 0 -1
    outer loop
      vertex 0.227509 -13.1136 0
      vertex 2.18596 -12.9321 0
      vertex 2.13023 -13.133 0
    endloop
  endfacet
  facet normal 0 0 -1
    outer loop
      vertex 2.27129 -12.5332 0
      vertex 0.0703583 -12.7372 0
      vertex 0.00614929 -12.5483 0
    endloop
  endfacet
  facet normal 0 0 -1
    outer loop
      vertex 0.905832 -13.8203 0
      vertex 2.13023 -13.133 0
      vertex 2.06638 -13.3345 0
    endloop
  endfacet
  facet normal 0 0 -1
    outer loop
      vertex 6.12569 -12.4217 0
      vertex 6.74989 -11.9019 0
      vertex 6.74911 -12.0885 0
    endloop
  endfacet
  facet normal -0 0 -1
    outer loop
      vertex 6.74989 -11.9019 0
      vertex 6.12569 -12.4217 0
      vertex 6.74382 -11.6876 0
    endloop
  endfacet
  facet normal -0 0 -1
    outer loop
      vertex 6.74382 -11.6876 0
      vertex 6.12569 -12.4217 0
      vertex 6.73056 -11.4766 0
    endloop
  endfacet
  facet normal 0 0 -1
    outer loop
      vertex 5.10245 -12.2873 0
      vertex 6.73056 -11.4766 0
      vertex 6.12569 -12.4217 0
    endloop
  endfacet
  facet normal -0 0 -1
    outer loop
      vertex 6.73056 -11.4766 0
      vertex 5.10245 -12.2873 0
      vertex 6.70995 -11.2691 0
    endloop
  endfacet
  facet normal -0 0 -1
    outer loop
      vertex 6.70995 -11.2691 0
      vertex 4.94931 -12.1458 0
      vertex 6.6817 -11.0656 0
    endloop
  endfacet
  facet normal 0 0 -1
    outer loop
      vertex 4.80392 -12.0006 0
      vertex 6.6817 -11.0656 0
      vertex 4.94931 -12.1458 0
    endloop
  endfacet
  facet normal -0 0 -1
    outer loop
      vertex 6.6817 -11.0656 0
      vertex 4.80392 -12.0006 0
      vertex 6.64543 -10.8664 0
    endloop
  endfacet
  facet normal 0 0 -1
    outer loop
      vertex 4.66681 -11.8517 0
      vertex 6.64543 -10.8664 0
      vertex 4.80392 -12.0006 0
    endloop
  endfacet
  facet normal -0 0 -1
    outer loop
      vertex 6.64543 -10.8664 0
      vertex 4.66681 -11.8517 0
      vertex 6.6006 -10.672 0
    endloop
  endfacet
  facet normal 0 0 -1
    outer loop
      vertex 4.5387 -11.6987 0
      vertex 6.6006 -10.672 0
      vertex 4.66681 -11.8517 0
    endloop
  endfacet
  facet normal 0 0 -1
    outer loop
      vertex 5.26285 -12.425 0
      vertex 6.12569 -12.4217 0
      vertex 5.43024 -12.5591 0
    endloop
  endfacet
  facet normal 0 0 -1
    outer loop
      vertex 5.43024 -12.5591 0
      vertex 6.12569 -12.4217 0
      vertex 5.57813 -12.6698 0
    endloop
  endfacet
  facet normal 0 0 -1
    outer loop
      vertex 10.413 -9.13193 0
      vertex 10.5936 -8.6599 0
      vertex 10.6593 -8.83175 0
    endloop
  endfacet
  facet normal -0 0 -1
    outer loop
      vertex 10.5936 -8.6599 0
      vertex 10.413 -9.13193 0
      vertex 10.5105 -8.46222 0
    endloop
  endfacet
  facet normal -0 0 -1
    outer loop
      vertex 10.5105 -8.46222 0
      vertex 10.413 -9.13193 0
      vertex 10.4219 -8.27023 0
    endloop
  endfacet
  facet normal 0 0 -1
    outer loop
      vertex 9.19658 -9.61433 0
      vertex 10.4219 -8.27023 0
      vertex 10.413 -9.13193 0
    endloop
  endfacet
  facet normal -0 0 -1
    outer loop
      vertex 10.4219 -8.27023 0
      vertex 9.19658 -9.61433 0
      vertex 10.3277 -8.08424 0
    endloop
  endfacet
  facet normal 0 0 -1
    outer loop
      vertex 9.00269 -9.53775 0
      vertex 10.3277 -8.08424 0
      vertex 9.19658 -9.61433 0
    endloop
  endfacet
  facet normal 0 0 -1
    outer loop
      vertex 8.81467 -9.45488 0
      vertex 10.2279 -7.90468 0
      vertex 9.00269 -9.53775 0
    endloop
  endfacet
  facet normal -0 0 -1
    outer loop
      vertex 10.2279 -7.90468 0
      vertex 8.81467 -9.45488 0
      vertex 10.1221 -7.73201 0
    endloop
  endfacet
  facet normal 0 0 -1
    outer loop
      vertex 9.6004 -9.74934 0
      vertex 10.413 -9.13193 0
      vertex 9.79342 -9.79342 0
    endloop
  endfacet
  facet normal 0 0 -1
    outer loop
      vertex 9.6004 -9.74934 0
      vertex 9.79342 -9.79342 0
      vertex 9.78523 -9.8011 0
    endloop
  endfacet
  facet normal 0 0 -1
    outer loop
      vertex 9.3959 -9.68484 0
      vertex 10.413 -9.13193 0
      vertex 9.6004 -9.74934 0
    endloop
  endfacet
  facet normal 0 0 -1
    outer loop
      vertex 9.19658 -9.61433 0
      vertex 10.413 -9.13193 0
      vertex 9.3959 -9.68484 0
    endloop
  endfacet
  facet normal -0 0 -1
    outer loop
      vertex 10.3277 -8.08424 0
      vertex 9.00269 -9.53775 0
      vertex 10.2279 -7.90468 0
    endloop
  endfacet
  facet normal 0 0 -1
    outer loop
      vertex 8.63298 -9.36549 0
      vertex 10.1221 -7.73201 0
      vertex 8.81467 -9.45488 0
    endloop
  endfacet
  facet normal -0 0 -1
    outer loop
      vertex 10.1221 -7.73201 0
      vertex 8.63298 -9.36549 0
      vertex 10.0101 -7.56694 0
    endloop
  endfacet
  facet normal 0 0 -1
    outer loop
      vertex 8.45828 -9.26917 0
      vertex 10.0101 -7.56694 0
      vertex 8.63298 -9.36549 0
    endloop
  endfacet
  facet normal -0 0 -1
    outer loop
      vertex 10.0101 -7.56694 0
      vertex 8.45828 -9.26917 0
      vertex 9.89116 -7.41048 0
    endloop
  endfacet
  facet normal 0 0 -1
    outer loop
      vertex 8.2915 -9.16522 0
      vertex 9.89116 -7.41048 0
      vertex 8.45828 -9.26917 0
    endloop
  endfacet
  facet normal 0 0 -1
    outer loop
      vertex 8.13432 -9.05235 0
      vertex 9.76428 -7.26437 0
      vertex 8.2915 -9.16522 0
    endloop
  endfacet
  facet normal -0 0 -1
    outer loop
      vertex 9.89116 -7.41048 0
      vertex 8.2915 -9.16522 0
      vertex 9.76428 -7.26437 0
    endloop
  endfacet
  facet normal 0 0 -1
    outer loop
      vertex 13.115 -4.45193 0
      vertex 13.0065 -4.24826 0
      vertex 13.134 -4.38927 0
    endloop
  endfacet
  facet normal 0 0 -1
    outer loop
      vertex 12.7957 -5.30016 0
      vertex 13.0065 -4.24826 0
      vertex 13.115 -4.45193 0
    endloop
  endfacet
  facet normal -0 0 -1
    outer loop
      vertex 13.0065 -4.24826 0
      vertex 12.7957 -5.30016 0
      vertex 12.8576 -4.09396 0
    endloop
  endfacet
  facet normal 0 0 -1
    outer loop
      vertex 12.7957 -5.30016 0
      vertex 12.7057 -3.94695 0
      vertex 12.8576 -4.09396 0
    endloop
  endfacet
  facet normal 0 0 -1
    outer loop
      vertex 12.474 -5.62292 0
      vertex 12.7957 -5.30016 0
      vertex 12.6575 -5.60514 0
    endloop
  endfacet
  facet normal 0 0 -1
    outer loop
      vertex 12.26 -5.63666 0
      vertex 12.7957 -5.30016 0
      vertex 12.474 -5.62292 0
    endloop
  endfacet
  facet normal 0 0 -1
    outer loop
      vertex 12.0486 -5.64291 0
      vertex 12.7957 -5.30016 0
      vertex 12.26 -5.63666 0
    endloop
  endfacet
  facet normal -0 0 -1
    outer loop
      vertex 12.7957 -5.30016 0
      vertex 12.0486 -5.64291 0
      vertex 12.7057 -3.94695 0
    endloop
  endfacet
  facet normal -0 0 -1
    outer loop
      vertex 12.7057 -3.94695 0
      vertex 12.0486 -5.64291 0
      vertex 12.5507 -3.80753 0
    endloop
  endfacet
  facet normal 0 0 -1
    outer loop
      vertex 11.8402 -5.64154 0
      vertex 12.5507 -3.80753 0
      vertex 12.0486 -5.64291 0
    endloop
  endfacet
  facet normal -0 0 -1
    outer loop
      vertex 12.5507 -3.80753 0
      vertex 11.8402 -5.64154 0
      vertex 12.3927 -3.67615 0
    endloop
  endfacet
  facet normal 0 0 -1
    outer loop
      vertex 11.6349 -5.63219 0
      vertex 12.3927 -3.67615 0
      vertex 11.8402 -5.64154 0
    endloop
  endfacet
  facet normal -0 0 -1
    outer loop
      vertex 12.3927 -3.67615 0
      vertex 11.6349 -5.63219 0
      vertex 12.2317 -3.55336 0
    endloop
  endfacet
  facet normal 0 0 -1
    outer loop
      vertex 11.4332 -5.61446 0
      vertex 12.2317 -3.55336 0
      vertex 11.6349 -5.63219 0
    endloop
  endfacet
  facet normal -0 0 -1
    outer loop
      vertex 12.2317 -3.55336 0
      vertex 11.4332 -5.61446 0
      vertex 12.0676 -3.43991 0
    endloop
  endfacet
  facet normal 0 0 -1
    outer loop
      vertex 11.2355 -5.58775 0
      vertex 12.0676 -3.43991 0
      vertex 11.4332 -5.61446 0
    endloop
  endfacet
  facet normal -0 0 -1
    outer loop
      vertex 12.0676 -3.43991 0
      vertex 11.2355 -5.58775 0
      vertex 11.9002 -3.33696 0
    endloop
  endfacet
  facet normal 0 0 -1
    outer loop
      vertex 11.0425 -5.55107 0
      vertex 11.9002 -3.33696 0
      vertex 11.2355 -5.58775 0
    endloop
  endfacet
  facet normal -0 0 -1
    outer loop
      vertex 11.9002 -3.33696 0
      vertex 11.0425 -5.55107 0
      vertex 11.7291 -3.24655 0
    endloop
  endfacet
  facet normal 0 0 -1
    outer loop
      vertex 10.8551 -5.50261 0
      vertex 11.7291 -3.24655 0
      vertex 11.0425 -5.55107 0
    endloop
  endfacet
  facet normal -0 0 -1
    outer loop
      vertex 11.7291 -3.24655 0
      vertex 10.8551 -5.50261 0
      vertex 11.5528 -3.17467 0
    endloop
  endfacet
  facet normal 0 0 -1
    outer loop
      vertex 10.6764 -5.43697 0
      vertex 11.5528 -3.17467 0
      vertex 10.8551 -5.50261 0
    endloop
  endfacet
  facet normal 0 0 -1
    outer loop
      vertex 10.6764 -5.43697 0
      vertex 10.4823 -2.88051 0
      vertex 11.5528 -3.17467 0
    endloop
  endfacet
  facet normal -0 0 -1
    outer loop
      vertex 10.4823 -2.88051 0
      vertex 9.68712 -4.93317 0
      vertex 10.4823 2.88051 0
    endloop
  endfacet
  facet normal 0 0 -1
    outer loop
      vertex 9.68712 -4.93317 0
      vertex 10.4823 -2.88051 0
      vertex 10.6764 -5.43697 0
    endloop
  endfacet
  facet normal 0 0 -1
    outer loop
      vertex 13.6629 -0.737106 0
      vertex 13.85 0 0
      vertex 13.8286 -0.653721 0
    endloop
  endfacet
  facet normal 0 0 -1
    outer loop
      vertex 13.4683 -0.827209 0
      vertex 13.85 0 0
      vertex 13.6629 -0.737106 0
    endloop
  endfacet
  facet normal 0 0 -1
    outer loop
      vertex 13.85 0 0
      vertex 13.6629 0.737106 0
      vertex 13.8286 0.653721 0
    endloop
  endfacet
  facet normal 0 0 -1
    outer loop
      vertex 13.2735 -0.909393 0
      vertex 13.85 0 0
      vertex 13.4683 -0.827209 0
    endloop
  endfacet
  facet normal 0 0 -1
    outer loop
      vertex 13.85 0 0
      vertex 13.4683 0.827209 0
      vertex 13.6629 0.737106 0
    endloop
  endfacet
  facet normal 0 0 -1
    outer loop
      vertex 13.2735 0.909393 0
      vertex 13.85 0 0
      vertex 13.2735 -0.909393 0
    endloop
  endfacet
  facet normal 0 0 -1
    outer loop
      vertex 13.85 0 0
      vertex 13.2735 0.909393 0
      vertex 13.4683 0.827209 0
    endloop
  endfacet
  facet normal 0 0 -1
    outer loop
      vertex 13.0786 -0.983414 0
      vertex 13.2735 0.909393 0
      vertex 13.2735 -0.909393 0
    endloop
  endfacet
  facet normal 0 0 -1
    outer loop
      vertex 13.0786 -0.983414 0
      vertex 13.0786 0.983414 0
      vertex 13.2735 0.909393 0
    endloop
  endfacet
  facet normal 0 0 -1
    outer loop
      vertex 12.8838 -1.04884 0
      vertex 13.0786 0.983414 0
      vertex 13.0786 -0.983414 0
    endloop
  endfacet
  facet normal 0 0 -1
    outer loop
      vertex 12.8838 -1.04884 0
      vertex 12.8838 1.04884 0
      vertex 13.0786 0.983414 0
    endloop
  endfacet
  facet normal 0 0 -1
    outer loop
      vertex 12.6893 -1.10518 0
      vertex 12.8838 1.04884 0
      vertex 12.8838 -1.04884 0
    endloop
  endfacet
  facet normal 0 0 -1
    outer loop
      vertex 12.6893 -1.10518 0
      vertex 12.6893 1.10518 0
      vertex 12.8838 1.04884 0
    endloop
  endfacet
  facet normal 0 0 -1
    outer loop
      vertex 12.4953 -1.15169 0
      vertex 12.6893 1.10518 0
      vertex 12.6893 -1.10518 0
    endloop
  endfacet
  facet normal 0 0 -1
    outer loop
      vertex 12.4953 -1.15169 0
      vertex 12.4953 1.15169 0
      vertex 12.6893 1.10518 0
    endloop
  endfacet
  facet normal 0 0 -1
    outer loop
      vertex 12.3021 -1.18723 0
      vertex 12.4953 1.15169 0
      vertex 12.4953 -1.15169 0
    endloop
  endfacet
  facet normal 0 0 -1
    outer loop
      vertex 12.3021 -1.18723 0
      vertex 12.3021 1.18723 0
      vertex 12.4953 1.15169 0
    endloop
  endfacet
  facet normal 0 0 -1
    outer loop
      vertex 12.1099 -1.20972 0
      vertex 12.3021 1.18723 0
      vertex 12.3021 -1.18723 0
    endloop
  endfacet
  facet normal 0 0 -1
    outer loop
      vertex 12.1099 -1.20972 0
      vertex 12.1099 1.20972 0
      vertex 12.3021 1.18723 0
    endloop
  endfacet
  facet normal 0 0 -1
    outer loop
      vertex 11.9195 -1.21306 0
      vertex 12.1099 1.20972 0
      vertex 12.1099 -1.20972 0
    endloop
  endfacet
  facet normal 0 0 -1
    outer loop
      vertex 11.9195 -1.21306 0
      vertex 11.9195 1.21306 0
      vertex 12.1099 1.20972 0
    endloop
  endfacet
  facet normal 0 0 -1
    outer loop
      vertex 10.815 -1.10066 0
      vertex 11.9195 1.21306 0
      vertex 11.9195 -1.21306 0
    endloop
  endfacet
  facet normal 0 0 -1
    outer loop
      vertex 10.815 -1.10066 0
      vertex 10.815 1.10066 0
      vertex 11.9195 1.21306 0
    endloop
  endfacet
  facet normal 0 0 -1
    outer loop
      vertex 10.6898 -1.99828 0
      vertex 10.815 1.10066 0
      vertex 10.815 -1.10066 0
    endloop
  endfacet
  facet normal 0 0 -1
    outer loop
      vertex 10.6898 -1.99828 0
      vertex 10.6898 1.99828 0
      vertex 10.815 1.10066 0
    endloop
  endfacet
  facet normal 0 0 -1
    outer loop
      vertex 10.4823 -2.88051 0
      vertex 10.6898 1.99828 0
      vertex 10.6898 -1.99828 0
    endloop
  endfacet
  facet normal -0 0 -1
    outer loop
      vertex 10.6898 1.99828 0
      vertex 10.4823 -2.88051 0
      vertex 10.4823 2.88051 0
    endloop
  endfacet
  facet normal 0 0 -1
    outer loop
      vertex 13.0065 4.24826 0
      vertex 13.115 4.45193 0
      vertex 13.134 4.38927 0
    endloop
  endfacet
  facet normal 0 0 -1
    outer loop
      vertex 12.7957 5.30016 0
      vertex 13.0065 4.24826 0
      vertex 12.8576 4.09396 0
    endloop
  endfacet
  facet normal 0 0 -1
    outer loop
      vertex 13.0065 4.24826 0
      vertex 12.7957 5.30016 0
      vertex 13.115 4.45193 0
    endloop
  endfacet
  facet normal 0 0 -1
    outer loop
      vertex 12.7057 3.94695 0
      vertex 12.7957 5.30016 0
      vertex 12.8576 4.09396 0
    endloop
  endfacet
  facet normal 0 0 -1
    outer loop
      vertex 12.0486 5.64291 0
      vertex 12.7957 5.30016 0
      vertex 12.7057 3.94695 0
    endloop
  endfacet
  facet normal 0 0 -1
    outer loop
      vertex 12.0486 5.64291 0
      vertex 12.7057 3.94695 0
      vertex 12.5507 3.80753 0
    endloop
  endfacet
  facet normal 0 0 -1
    outer loop
      vertex 12.7957 5.30016 0
      vertex 12.474 5.62292 0
      vertex 12.6575 5.60514 0
    endloop
  endfacet
  facet normal 0 0 -1
    outer loop
      vertex 11.8402 5.64154 0
      vertex 12.5507 3.80753 0
      vertex 12.3927 3.67615 0
    endloop
  endfacet
  facet normal 0 0 -1
    outer loop
      vertex 12.7957 5.30016 0
      vertex 12.26 5.63666 0
      vertex 12.474 5.62292 0
    endloop
  endfacet
  facet normal 0 0 -1
    outer loop
      vertex 11.6349 5.63219 0
      vertex 12.3927 3.67615 0
      vertex 12.2317 3.55336 0
    endloop
  endfacet
  facet normal 0 0 -1
    outer loop
      vertex 11.4332 5.61446 0
      vertex 12.2317 3.55336 0
      vertex 12.0676 3.43991 0
    endloop
  endfacet
  facet normal 0 0 -1
    outer loop
      vertex 12.7957 5.30016 0
      vertex 12.0486 5.64291 0
      vertex 12.26 5.63666 0
    endloop
  endfacet
  facet normal 0 0 -1
    outer loop
      vertex 11.2355 5.58775 0
      vertex 12.0676 3.43991 0
      vertex 11.9002 3.33696 0
    endloop
  endfacet
  facet normal 0 0 -1
    outer loop
      vertex 12.5507 3.80753 0
      vertex 11.8402 5.64154 0
      vertex 12.0486 5.64291 0
    endloop
  endfacet
  facet normal 0 0 -1
    outer loop
      vertex 11.0425 5.55107 0
      vertex 11.9002 3.33696 0
      vertex 11.7291 3.24655 0
    endloop
  endfacet
  facet normal 0 0 -1
    outer loop
      vertex 12.3927 3.67615 0
      vertex 11.6349 5.63219 0
      vertex 11.8402 5.64154 0
    endloop
  endfacet
  facet normal 0 0 -1
    outer loop
      vertex 10.8551 5.50261 0
      vertex 11.7291 3.24655 0
      vertex 11.5528 3.17467 0
    endloop
  endfacet
  facet normal 0 0 -1
    outer loop
      vertex 12.2317 3.55336 0
      vertex 11.4332 5.61446 0
      vertex 11.6349 5.63219 0
    endloop
  endfacet
  facet normal 0 0 -1
    outer loop
      vertex 12.0676 3.43991 0
      vertex 11.2355 5.58775 0
      vertex 11.4332 5.61446 0
    endloop
  endfacet
  facet normal 0 0 -1
    outer loop
      vertex 11.9002 3.33696 0
      vertex 11.0425 5.55107 0
      vertex 11.2355 5.58775 0
    endloop
  endfacet
  facet normal 0 0 -1
    outer loop
      vertex 11.7291 3.24655 0
      vertex 10.8551 5.50261 0
      vertex 11.0425 5.55107 0
    endloop
  endfacet
  facet normal 0 0 -1
    outer loop
      vertex 11.5528 3.17467 0
      vertex 10.6764 5.43697 0
      vertex 10.8551 5.50261 0
    endloop
  endfacet
  facet normal 0 0 -1
    outer loop
      vertex 10.4823 2.88051 0
      vertex 10.6764 5.43697 0
      vertex 11.5528 3.17467 0
    endloop
  endfacet
  facet normal 0 0 -1
    outer loop
      vertex 9.68712 4.93317 0
      vertex 10.4823 2.88051 0
      vertex 9.68712 -4.93317 0
    endloop
  endfacet
  facet normal 0 0 -1
    outer loop
      vertex 10.4823 2.88051 0
      vertex 9.68712 4.93317 0
      vertex 10.6764 5.43697 0
    endloop
  endfacet
  facet normal 0 0 -1
    outer loop
      vertex 9.24611 -5.72495 0
      vertex 9.68712 4.93317 0
      vertex 9.68712 -4.93317 0
    endloop
  endfacet
  facet normal 0 0 -1
    outer loop
      vertex 9.24611 -5.72495 0
      vertex 9.24611 5.72495 0
      vertex 9.68712 4.93317 0
    endloop
  endfacet
  facet normal 0 0 -1
    outer loop
      vertex 8.73392 -6.47266 0
      vertex 9.24611 5.72495 0
      vertex 9.24611 -5.72495 0
    endloop
  endfacet
  facet normal -0 0 -1
    outer loop
      vertex 9.24611 5.72495 0
      vertex 8.73392 -6.47266 0
      vertex 8.73392 6.47266 0
    endloop
  endfacet
  facet normal 0 0 -1
    outer loop
      vertex 10.413 9.13193 0
      vertex 10.5936 8.6599 0
      vertex 10.5105 8.46222 0
    endloop
  endfacet
  facet normal 0 0 -1
    outer loop
      vertex 10.413 9.13193 0
      vertex 10.5105 8.46222 0
      vertex 10.4219 8.27023 0
    endloop
  endfacet
  facet normal 0 0 -1
    outer loop
      vertex 10.5936 8.6599 0
      vertex 10.413 9.13193 0
      vertex 10.6593 8.83175 0
    endloop
  endfacet
  facet normal 0 0 -1
    outer loop
      vertex 9.19658 9.61433 0
      vertex 10.4219 8.27023 0
      vertex 10.3277 8.08424 0
    endloop
  endfacet
  facet normal 0 0 -1
    outer loop
      vertex 9.00269 9.53775 0
      vertex 10.3277 8.08424 0
      vertex 10.2279 7.90468 0
    endloop
  endfacet
  facet normal 0 0 -1
    outer loop
      vertex 8.81467 9.45488 0
      vertex 10.2279 7.90468 0
      vertex 10.1221 7.73201 0
    endloop
  endfacet
  facet normal 0 0 -1
    outer loop
      vertex 8.63298 9.36549 0
      vertex 10.1221 7.73201 0
      vertex 10.0101 7.56694 0
    endloop
  endfacet
  facet normal 0 0 -1
    outer loop
      vertex 8.45828 9.26917 0
      vertex 10.0101 7.56694 0
      vertex 9.89116 7.41048 0
    endloop
  endfacet
  facet normal 0 0 -1
    outer loop
      vertex 10.3277 8.08424 0
      vertex 9.00269 9.53775 0
      vertex 9.19658 9.61433 0
    endloop
  endfacet
  facet normal 0 0 -1
    outer loop
      vertex 10.413 9.13193 0
      vertex 9.6004 9.74934 0
      vertex 9.79342 9.79342 0
    endloop
  endfacet
  facet normal 0 0 -1
    outer loop
      vertex 8.2915 9.16522 0
      vertex 9.89116 7.41048 0
      vertex 9.76428 7.26437 0
    endloop
  endfacet
  facet normal 0 0 -1
    outer loop
      vertex 8.13432 9.05235 0
      vertex 9.76428 7.26437 0
      vertex 9.62585 7.13365 0
    endloop
  endfacet
  facet normal -0 0 -1
    outer loop
      vertex 9.79342 9.79342 0
      vertex 9.6004 9.74934 0
      vertex 9.78523 9.8011 0
    endloop
  endfacet
  facet normal 0 0 -1
    outer loop
      vertex 10.413 9.13193 0
      vertex 9.3959 9.68484 0
      vertex 9.6004 9.74934 0
    endloop
  endfacet
  facet normal 0 0 -1
    outer loop
      vertex 10.413 9.13193 0
      vertex 9.19658 9.61433 0
      vertex 9.3959 9.68484 0
    endloop
  endfacet
  facet normal 0 0 -1
    outer loop
      vertex 10.4219 8.27023 0
      vertex 9.19658 9.61433 0
      vertex 10.413 9.13193 0
    endloop
  endfacet
  facet normal 0 0 -1
    outer loop
      vertex 10.2279 7.90468 0
      vertex 8.81467 9.45488 0
      vertex 9.00269 9.53775 0
    endloop
  endfacet
  facet normal 0 0 -1
    outer loop
      vertex 7.99138 8.92657 0
      vertex 9.62585 7.13365 0
      vertex 8.73392 6.47266 0
    endloop
  endfacet
  facet normal 0 0 -1
    outer loop
      vertex 10.1221 7.73201 0
      vertex 8.63298 9.36549 0
      vertex 8.81467 9.45488 0
    endloop
  endfacet
  facet normal -0 0 -1
    outer loop
      vertex 8.73392 -6.47266 0
      vertex 7.2509 -8.09944 0
      vertex 8.73392 6.47266 0
    endloop
  endfacet
  facet normal -0 0 -1
    outer loop
      vertex 9.76428 -7.26437 0
      vertex 8.13432 -9.05235 0
      vertex 9.62585 -7.13365 0
    endloop
  endfacet
  facet normal 0 0 -1
    outer loop
      vertex 7.2509 8.09944 0
      vertex 8.73392 6.47266 0
      vertex 7.2509 -8.09944 0
    endloop
  endfacet
  facet normal 0 0 -1
    outer loop
      vertex 7.99138 -8.92657 0
      vertex 9.62585 -7.13365 0
      vertex 8.13432 -9.05235 0
    endloop
  endfacet
  facet normal 0 -0 -1
    outer loop
      vertex 7.99138 8.92657 0
      vertex 8.73392 6.47266 0
      vertex 7.2509 8.09944 0
    endloop
  endfacet
  facet normal -0 0 -1
    outer loop
      vertex 9.62585 -7.13365 0
      vertex 7.99138 -8.92657 0
      vertex 8.73392 -6.47266 0
    endloop
  endfacet
  facet normal 0 0 -1
    outer loop
      vertex 9.62585 7.13365 0
      vertex 7.99138 8.92657 0
      vertex 8.13432 9.05235 0
    endloop
  endfacet
  facet normal 0 0 -1
    outer loop
      vertex 8.73392 -6.47266 0
      vertex 7.99138 -8.92657 0
      vertex 7.2509 -8.09944 0
    endloop
  endfacet
  facet normal 0 0 -1
    outer loop
      vertex 10.0101 7.56694 0
      vertex 8.45828 9.26917 0
      vertex 8.63298 9.36549 0
    endloop
  endfacet
  facet normal 0 0 -1
    outer loop
      vertex 9.89116 7.41048 0
      vertex 8.2915 9.16522 0
      vertex 8.45828 9.26917 0
    endloop
  endfacet
  facet normal 0 0 -1
    outer loop
      vertex 9.76428 7.26437 0
      vertex 8.13432 9.05235 0
      vertex 8.2915 9.16522 0
    endloop
  endfacet
  facet normal 0 0 -1
    outer loop
      vertex 6.55365 -8.67844 0
      vertex 7.2509 8.09944 0
      vertex 7.2509 -8.09944 0
    endloop
  endfacet
  facet normal 0 0 -1
    outer loop
      vertex 6.55365 -8.67844 0
      vertex 6.55365 8.67844 0
      vertex 7.2509 8.09944 0
    endloop
  endfacet
  facet normal 0 0 -1
    outer loop
      vertex 5.80594 -9.19063 0
      vertex 6.55365 8.67844 0
      vertex 6.55365 -8.67844 0
    endloop
  endfacet
  facet normal -0 0 -1
    outer loop
      vertex 6.55365 8.67844 0
      vertex 5.80594 -9.19063 0
      vertex 5.80594 9.19063 0
    endloop
  endfacet
  facet normal 0 0 -1
    outer loop
      vertex 6.12569 12.4217 0
      vertex 6.74989 11.9019 0
      vertex 6.74382 11.6876 0
    endloop
  endfacet
  facet normal 0 0 -1
    outer loop
      vertex 6.12569 12.4217 0
      vertex 6.74382 11.6876 0
      vertex 6.73056 11.4766 0
    endloop
  endfacet
  facet normal 0 0 -1
    outer loop
      vertex 5.10245 12.2873 0
      vertex 6.73056 11.4766 0
      vertex 6.70995 11.2691 0
    endloop
  endfacet
  facet normal 0 0 -1
    outer loop
      vertex 4.94931 12.1458 0
      vertex 6.70995 11.2691 0
      vertex 6.6817 11.0656 0
    endloop
  endfacet
  facet normal 0 0 -1
    outer loop
      vertex 4.80392 12.0006 0
      vertex 6.6817 11.0656 0
      vertex 6.64543 10.8664 0
    endloop
  endfacet
  facet normal 0 0 -1
    outer loop
      vertex 4.66681 11.8517 0
      vertex 6.64543 10.8664 0
      vertex 6.6006 10.672 0
    endloop
  endfacet
  facet normal 0 0 -1
    outer loop
      vertex 4.5387 11.6987 0
      vertex 6.6006 10.672 0
      vertex 6.54626 10.4832 0
    endloop
  endfacet
  facet normal 0 0 -1
    outer loop
      vertex 4.42075 11.5415 0
      vertex 6.54626 10.4832 0
      vertex 6.48073 10.3011 0
    endloop
  endfacet
  facet normal 0 0 -1
    outer loop
      vertex 4.31494 11.3795 0
      vertex 6.48073 10.3011 0
      vertex 6.39886 10.1292 0
    endloop
  endfacet
  facet normal 0 0 -1
    outer loop
      vertex 6.74989 11.9019 0
      vertex 6.12569 12.4217 0
      vertex 6.74911 12.0885 0
    endloop
  endfacet
  facet normal 0 0 -1
    outer loop
      vertex 4.2271 11.2106 0
      vertex 6.39886 10.1292 0
      vertex 5.80594 9.19063 0
    endloop
  endfacet
  facet normal 0 0 -1
    outer loop
      vertex 6.64543 10.8664 0
      vertex 4.66681 11.8517 0
      vertex 4.80392 12.0006 0
    endloop
  endfacet
  facet normal 0 -0 -1
    outer loop
      vertex 3.05 0 0
      vertex 5.80594 -9.19063 0
      vertex 3.02391 -0.398105 0
    endloop
  endfacet
  facet normal 0 0 -1
    outer loop
      vertex 5.10245 -12.2873 0
      vertex 6.12569 -12.4217 0
      vertex 5.26285 -12.425 0
    endloop
  endfacet
  facet normal 0 0 -1
    outer loop
      vertex 3.02391 0.398105 0
      vertex 5.80594 9.19063 0
      vertex 3.05 0 0
    endloop
  endfacet
  facet normal 0 0 -1
    outer loop
      vertex 6.70995 -11.2691 0
      vertex 5.10245 -12.2873 0
      vertex 4.94931 -12.1458 0
    endloop
  endfacet
  facet normal 0 0 -1
    outer loop
      vertex 2.94607 0.789397 0
      vertex 5.80594 9.19063 0
      vertex 3.02391 0.398105 0
    endloop
  endfacet
  facet normal -0 0 -1
    outer loop
      vertex 6.6006 -10.672 0
      vertex 4.5387 -11.6987 0
      vertex 6.54626 -10.4832 0
    endloop
  endfacet
  facet normal 0 0 -1
    outer loop
      vertex 2.81783 1.16718 0
      vertex 5.80594 9.19063 0
      vertex 2.94607 0.789397 0
    endloop
  endfacet
  facet normal 0 0 -1
    outer loop
      vertex 4.42075 -11.5415 0
      vertex 6.54626 -10.4832 0
      vertex 4.5387 -11.6987 0
    endloop
  endfacet
  facet normal 0 -0 -1
    outer loop
      vertex 4.2271 11.2106 0
      vertex 5.80594 9.19063 0
      vertex 3.8354 10.1718 0
    endloop
  endfacet
  facet normal -0 0 -1
    outer loop
      vertex 6.54626 -10.4832 0
      vertex 4.42075 -11.5415 0
      vertex 6.48073 -10.3011 0
    endloop
  endfacet
  facet normal 0 0 -1
    outer loop
      vertex 6.12569 12.4217 0
      vertex 5.43024 12.5591 0
      vertex 5.57813 12.6698 0
    endloop
  endfacet
  facet normal 0 0 -1
    outer loop
      vertex 4.31494 -11.3795 0
      vertex 6.48073 -10.3011 0
      vertex 4.42075 -11.5415 0
    endloop
  endfacet
  facet normal 0 0 -1
    outer loop
      vertex 6.12569 12.4217 0
      vertex 5.26285 12.425 0
      vertex 5.43024 12.5591 0
    endloop
  endfacet
  facet normal -0 0 -1
    outer loop
      vertex 6.48073 -10.3011 0
      vertex 4.31494 -11.3795 0
      vertex 6.39886 -10.1292 0
    endloop
  endfacet
  facet normal -0 0 -1
    outer loop
      vertex 6.12569 12.4217 0
      vertex 5.10245 12.2873 0
      vertex 5.26285 12.425 0
    endloop
  endfacet
  facet normal 0 0 -1
    outer loop
      vertex 4.2271 -11.2106 0
      vertex 6.39886 -10.1292 0
      vertex 4.31494 -11.3795 0
    endloop
  endfacet
  facet normal 0 0 -1
    outer loop
      vertex 6.73056 11.4766 0
      vertex 5.10245 12.2873 0
      vertex 6.12569 12.4217 0
    endloop
  endfacet
  facet normal -0 0 -1
    outer loop
      vertex 6.39886 -10.1292 0
      vertex 4.2271 -11.2106 0
      vertex 5.80594 -9.19063 0
    endloop
  endfacet
  facet normal 0 -0 -1
    outer loop
      vertex 5.10245 12.2873 0
      vertex 6.70995 11.2691 0
      vertex 4.94931 12.1458 0
    endloop
  endfacet
  facet normal 0 0 -1
    outer loop
      vertex 5.80594 -9.19063 0
      vertex 4.2271 -11.2106 0
      vertex 3.8354 -10.1718 0
    endloop
  endfacet
  facet normal 0 0 -1
    outer loop
      vertex 6.6817 11.0656 0
      vertex 4.80392 12.0006 0
      vertex 4.94931 12.1458 0
    endloop
  endfacet
  facet normal 0 0 -1
    outer loop
      vertex 1.525 -2.64138 0
      vertex 5.80594 -9.19063 0
      vertex 3.8354 -10.1718 0
    endloop
  endfacet
  facet normal 0 0 -1
    outer loop
      vertex 6.6006 10.672 0
      vertex 4.5387 11.6987 0
      vertex 4.66681 11.8517 0
    endloop
  endfacet
  facet normal 0 0 -1
    outer loop
      vertex 6.54626 10.4832 0
      vertex 4.42075 11.5415 0
      vertex 4.5387 11.6987 0
    endloop
  endfacet
  facet normal 0 0 -1
    outer loop
      vertex 5.80594 -9.19063 0
      vertex 3.05 0 0
      vertex 5.80594 9.19063 0
    endloop
  endfacet
  facet normal 0 0 -1
    outer loop
      vertex 0.789397 -2.94607 0
      vertex 3.8354 -10.1718 0
      vertex 2.97607 -10.4598 0
    endloop
  endfacet
  facet normal 0 0 -1
    outer loop
      vertex 5.80594 -9.19063 0
      vertex 2.94607 -0.789397 0
      vertex 3.02391 -0.398105 0
    endloop
  endfacet
  facet normal 0 0 -1
    outer loop
      vertex 5.80594 -9.19063 0
      vertex 2.81783 -1.16718 0
      vertex 2.94607 -0.789397 0
    endloop
  endfacet
  facet normal 0 0 -1
    outer loop
      vertex 5.80594 -9.19063 0
      vertex 2.64138 -1.525 0
      vertex 2.81783 -1.16718 0
    endloop
  endfacet
  facet normal 0 0 -1
    outer loop
      vertex 5.80594 -9.19063 0
      vertex 2.41973 -1.85672 0
      vertex 2.64138 -1.525 0
    endloop
  endfacet
  facet normal 0 0 -1
    outer loop
      vertex 5.80594 -9.19063 0
      vertex 2.15668 -2.15668 0
      vertex 2.41973 -1.85672 0
    endloop
  endfacet
  facet normal 0 0 -1
    outer loop
      vertex 0.789397 -2.94607 0
      vertex 2.97607 -10.4598 0
      vertex 2.09384 -10.6673 0
    endloop
  endfacet
  facet normal -0 0 -1
    outer loop
      vertex 2.32191 -11.9466 0
      vertex -0.0871887 -12.1698 0
      vertex 2.30766 -11.7567 0
    endloop
  endfacet
  facet normal 0 0 -1
    outer loop
      vertex 1.80779 -13.7315 0
      vertex 2.06638 -13.3345 0
      vertex 1.99461 -13.5366 0
    endloop
  endfacet
  facet normal 0 0 -1
    outer loop
      vertex 1.80779 -13.7315 0
      vertex 1.99461 -13.5366 0
      vertex 1.92579 -13.712 0
    endloop
  endfacet
  facet normal 0 0 -1
    outer loop
      vertex 5.80594 -9.19063 0
      vertex 1.85672 -2.41973 0
      vertex 2.15668 -2.15668 0
    endloop
  endfacet
  facet normal 0 0 -1
    outer loop
      vertex 2.06638 -13.3345 0
      vertex 1.80779 -13.7315 0
      vertex 0.905832 -13.8203 0
    endloop
  endfacet
  facet normal 0 -0 -1
    outer loop
      vertex 0.398105 -3.02391 0
      vertex 2.09384 -10.6673 0
      vertex -0.0980682 -10.8705 0
    endloop
  endfacet
  facet normal 0 0 -1
    outer loop
      vertex 5.80594 -9.19063 0
      vertex 1.525 -2.64138 0
      vertex 1.85672 -2.41973 0
    endloop
  endfacet
  facet normal 0 0 -1
    outer loop
      vertex 2.13023 -13.133 0
      vertex 0.905832 -13.8203 0
      vertex 0.319199 -13.3008 0
    endloop
  endfacet
  facet normal 0 0 -1
    outer loop
      vertex 3.8354 -10.1718 0
      vertex 1.16718 -2.81783 0
      vertex 1.525 -2.64138 0
    endloop
  endfacet
  facet normal 0 0 -1
    outer loop
      vertex 0.526688 -13.6726 0
      vertex 0.905832 -13.8203 0
      vertex 0.624771 -13.8295 0
    endloop
  endfacet
  facet normal 0 0 -1
    outer loop
      vertex 0.419006 -13.4872 0
      vertex 0.905832 -13.8203 0
      vertex 0.526688 -13.6726 0
    endloop
  endfacet
  facet normal 0 0 -1
    outer loop
      vertex 0.319199 -13.3008 0
      vertex 0.905832 -13.8203 0
      vertex 0.419006 -13.4872 0
    endloop
  endfacet
  facet normal 0 0 -1
    outer loop
      vertex 3.8354 -10.1718 0
      vertex 0.789397 -2.94607 0
      vertex 1.16718 -2.81783 0
    endloop
  endfacet
  facet normal -0 0 -1
    outer loop
      vertex 2.13023 -13.133 0
      vertex 0.319199 -13.3008 0
      vertex 0.227509 -13.1136 0
    endloop
  endfacet
  facet normal -0 0 -1
    outer loop
      vertex 2.18596 -12.9321 0
      vertex 0.227509 -13.1136 0
      vertex 0.144394 -12.9256 0
    endloop
  endfacet
  facet normal 0 0 -1
    outer loop
      vertex 2.23314 -12.7321 0
      vertex 0.144394 -12.9256 0
      vertex 0.0703583 -12.7372 0
    endloop
  endfacet
  facet normal 0 0 -1
    outer loop
      vertex 2.2997 -12.3358 0
      vertex 0.00614929 -12.5483 0
      vertex -0.0470581 -12.3591 0
    endloop
  endfacet
  facet normal 0 0 -1
    outer loop
      vertex -0.0871887 -12.1698 0
      vertex 2.31725 -12.14 0
      vertex -0.0470581 -12.3591 0
    endloop
  endfacet
  facet normal 0 0 -1
    outer loop
      vertex 2.09384 -10.6673 0
      vertex 0.398105 -3.02391 0
      vertex 0.789397 -2.94607 0
    endloop
  endfacet
  facet normal 0 0 -1
    outer loop
      vertex -0.108078 -11.9806 0
      vertex 2.30766 -11.7567 0
      vertex -0.0871887 -12.1698 0
    endloop
  endfacet
  facet normal -0 0 -1
    outer loop
      vertex 2.30766 -11.7567 0
      vertex -0.108078 -11.9806 0
      vertex 2.09384 -10.6673 0
    endloop
  endfacet
  facet normal 0 0 -1
    outer loop
      vertex 0.398105 -3.02391 0
      vertex -0.0980682 -10.8705 0
      vertex 0 -3.05 0
    endloop
  endfacet
  facet normal 0 0 -1
    outer loop
      vertex -1.00342 -10.8286 0
      vertex 0 -3.05 0
      vertex -0.0980682 -10.8705 0
    endloop
  endfacet
  facet normal -0 0 -1
    outer loop
      vertex 0 -3.05 0
      vertex -1.00342 -10.8286 0
      vertex -0.398105 -3.02391 0
    endloop
  endfacet
  facet normal 0 0 -1
    outer loop
      vertex -1.90103 -10.7034 0
      vertex -0.398105 -3.02391 0
      vertex -1.00342 -10.8286 0
    endloop
  endfacet
  facet normal -0 0 -1
    outer loop
      vertex -0.398105 -3.02391 0
      vertex -1.90103 -10.7034 0
      vertex -0.789397 -2.94607 0
    endloop
  endfacet
  facet normal 0 0 -1
    outer loop
      vertex -4.01831 -10.101 0
      vertex -0.789397 -2.94607 0
      vertex -1.90103 -10.7034 0
    endloop
  endfacet
  facet normal -0 0 -1
    outer loop
      vertex -0.789397 -2.94607 0
      vertex -4.01831 -10.101 0
      vertex -1.16718 -2.81783 0
    endloop
  endfacet
  facet normal 0 0 -1
    outer loop
      vertex -4.8474 -9.73489 0
      vertex -1.16718 -2.81783 0
      vertex -4.01831 -10.101 0
    endloop
  endfacet
  facet normal 0 0 -1
    outer loop
      vertex -4.01831 -10.101 0
      vertex -1.90103 -10.7034 0
      vertex -2.09517 -11.7964 0
    endloop
  endfacet
  facet normal 0 0 -1
    outer loop
      vertex -4.42867 -11.1325 0
      vertex -2.09517 -11.7964 0
      vertex -2.15048 -11.9786 0
    endloop
  endfacet
  facet normal -0 0 -1
    outer loop
      vertex -1.16718 -2.81783 0
      vertex -4.8474 -9.73489 0
      vertex -1.525 -2.64138 0
    endloop
  endfacet
  facet normal 0 0 -1
    outer loop
      vertex -4.47755 -11.3165 0
      vertex -2.15048 -11.9786 0
      vertex -2.22472 -12.1573 0
    endloop
  endfacet
  facet normal 0 0 -1
    outer loop
      vertex -4.50851 -11.5076 0
      vertex -2.22472 -12.1573 0
      vertex -2.31178 -12.3335 0
    endloop
  endfacet
  facet normal 0 0 -1
    outer loop
      vertex -4.52722 -11.7032 0
      vertex -2.31178 -12.3335 0
      vertex -2.40961 -12.5074 0
    endloop
  endfacet
  facet normal 0 0 -1
    outer loop
      vertex -5.63918 -9.29388 0
      vertex -1.525 -2.64138 0
      vertex -4.8474 -9.73489 0
    endloop
  endfacet
  facet normal 0 0 -1
    outer loop
      vertex -4.53558 -11.9025 0
      vertex -2.40961 -12.5074 0
      vertex -2.51701 -12.679 0
    endloop
  endfacet
  facet normal 0 0 -1
    outer loop
      vertex -4.53462 -12.105 0
      vertex -2.51701 -12.679 0
      vertex -2.63326 -12.8485 0
    endloop
  endfacet
  facet normal -0 0 -1
    outer loop
      vertex -1.525 -2.64138 0
      vertex -5.63918 -9.29388 0
      vertex -1.85672 -2.41973 0
    endloop
  endfacet
  facet normal 0 0 -1
    outer loop
      vertex -4.52499 -12.3102 0
      vertex -2.63326 -12.8485 0
      vertex -2.75778 -13.0157 0
    endloop
  endfacet
  facet normal 0 0 -1
    outer loop
      vertex -7.39586 -7.96729 0
      vertex -1.85672 -2.41973 0
      vertex -5.63918 -9.29388 0
    endloop
  endfacet
  facet normal 0 0 -1
    outer loop
      vertex -3.58464 -13.3781 0
      vertex -2.75778 -13.0157 0
      vertex -2.89014 -13.1805 0
    endloop
  endfacet
  facet normal -0 0 -1
    outer loop
      vertex -1.85672 -2.41973 0
      vertex -7.39586 -7.96729 0
      vertex -2.15668 -2.15668 0
    endloop
  endfacet
  facet normal 0 0 -1
    outer loop
      vertex -8.03671 -7.32643 0
      vertex -2.15668 -2.15668 0
      vertex -7.39586 -7.96729 0
    endloop
  endfacet
  facet normal 0 0 -1
    outer loop
      vertex -3.58464 -13.3781 0
      vertex -2.89014 -13.1805 0
      vertex -3.03004 -13.343 0
    endloop
  endfacet
  facet normal -0 0 -1
    outer loop
      vertex -2.15668 -2.15668 0
      vertex -8.03671 -7.32643 0
      vertex -2.41973 -1.85672 0
    endloop
  endfacet
  facet normal 0 0 -1
    outer loop
      vertex -3.58464 -13.3781 0
      vertex -3.03004 -13.343 0
      vertex -3.15447 -13.4784 0
    endloop
  endfacet
  facet normal 0 0 -1
    outer loop
      vertex 6.48073 10.3011 0
      vertex 4.31494 11.3795 0
      vertex 4.42075 11.5415 0
    endloop
  endfacet
  facet normal 0 0 -1
    outer loop
      vertex 6.39886 10.1292 0
      vertex 4.2271 11.2106 0
      vertex 4.31494 11.3795 0
    endloop
  endfacet
  facet normal 0 0 -1
    outer loop
      vertex 2.64138 1.525 0
      vertex 5.80594 9.19063 0
      vertex 2.81783 1.16718 0
    endloop
  endfacet
  facet normal 0 0 -1
    outer loop
      vertex 2.41973 1.85672 0
      vertex 5.80594 9.19063 0
      vertex 2.64138 1.525 0
    endloop
  endfacet
  facet normal 0 0 -1
    outer loop
      vertex 2.15668 2.15668 0
      vertex 5.80594 9.19063 0
      vertex 2.41973 1.85672 0
    endloop
  endfacet
  facet normal 0 0 -1
    outer loop
      vertex 1.85672 2.41973 0
      vertex 5.80594 9.19063 0
      vertex 2.15668 2.15668 0
    endloop
  endfacet
  facet normal 0 0 -1
    outer loop
      vertex 1.66176 2.55 0
      vertex 5.80594 9.19063 0
      vertex 1.85672 2.41973 0
    endloop
  endfacet
  facet normal -0 0 -1
    outer loop
      vertex 5.80594 9.19063 0
      vertex 1.66176 2.55 0
      vertex 3.8354 10.1718 0
    endloop
  endfacet
  facet normal -0 0 -1
    outer loop
      vertex 3.8354 10.1718 0
      vertex 1.66176 2.55 0
      vertex 2.97607 10.4598 0
    endloop
  endfacet
  facet normal -0 0 -1
    outer loop
      vertex 2.97607 10.4598 0
      vertex 1.66176 2.55 0
      vertex 2.09384 10.6673 0
    endloop
  endfacet
  facet normal 0 0 -1
    outer loop
      vertex -0.108078 11.9806 0
      vertex 2.09384 10.6673 0
      vertex -0.0980682 10.8705 0
    endloop
  endfacet
  facet normal 0 -0 -1
    outer loop
      vertex -0.0871887 12.1698 0
      vertex 2.09384 10.6673 0
      vertex -0.108078 11.9806 0
    endloop
  endfacet
  facet normal 0 -0 -1
    outer loop
      vertex -0.0470581 12.3591 0
      vertex 2.09384 10.6673 0
      vertex -0.0871887 12.1698 0
    endloop
  endfacet
  facet normal -0 0 -1
    outer loop
      vertex 2.09384 10.6673 0
      vertex 1.66176 2.55 0
      vertex -0.0980682 10.8705 0
    endloop
  endfacet
  facet normal 0 0 -1
    outer loop
      vertex 2.09384 10.6673 0
      vertex -0.0470581 12.3591 0
      vertex 2.06638 13.3345 0
    endloop
  endfacet
  facet normal 0 -0 -1
    outer loop
      vertex 0.0703583 12.7372 0
      vertex 2.06638 13.3345 0
      vertex 0.00614929 12.5483 0
    endloop
  endfacet
  facet normal 0 -0 -1
    outer loop
      vertex 0.144394 12.9256 0
      vertex 2.06638 13.3345 0
      vertex 0.0703583 12.7372 0
    endloop
  endfacet
  facet normal -0 0 -1
    outer loop
      vertex 0.905832 13.8203 0
      vertex 0.526688 13.6726 0
      vertex 0.624771 13.8295 0
    endloop
  endfacet
  facet normal 0 0 -1
    outer loop
      vertex 0.905832 13.8203 0
      vertex 0.419006 13.4872 0
      vertex 0.526688 13.6726 0
    endloop
  endfacet
  facet normal 0 0 -1
    outer loop
      vertex 0.905832 13.8203 0
      vertex 0.319199 13.3008 0
      vertex 0.419006 13.4872 0
    endloop
  endfacet
  facet normal 0 0 -1
    outer loop
      vertex 2.06638 13.3345 0
      vertex 1.80779 13.7315 0
      vertex 1.99461 13.5366 0
    endloop
  endfacet
  facet normal -0 -0 -1
    outer loop
      vertex 1.80779 13.7315 0
      vertex 2.06638 13.3345 0
      vertex 0.905832 13.8203 0
    endloop
  endfacet
  facet normal 0 -0 -1
    outer loop
      vertex 0.227509 13.1136 0
      vertex 2.06638 13.3345 0
      vertex 0.144394 12.9256 0
    endloop
  endfacet
  facet normal 0 -0 -1
    outer loop
      vertex 0.905832 13.8203 0
      vertex 2.06638 13.3345 0
      vertex 0.319199 13.3008 0
    endloop
  endfacet
  facet normal 0 -0 -1
    outer loop
      vertex 0.319199 13.3008 0
      vertex 2.06638 13.3345 0
      vertex 0.227509 13.1136 0
    endloop
  endfacet
  facet normal 0 0 -1
    outer loop
      vertex 1.99461 13.5366 0
      vertex 1.80779 13.7315 0
      vertex 1.92579 13.712 0
    endloop
  endfacet
  facet normal 0 0 -1
    outer loop
      vertex -1.66176 2.55 0
      vertex -0.0980682 10.8705 0
      vertex 1.66176 2.55 0
    endloop
  endfacet
  facet normal 0 0 -1
    outer loop
      vertex -0.0980682 10.8705 0
      vertex -1.66176 2.55 0
      vertex -1.00342 10.8286 0
    endloop
  endfacet
  facet normal 0 0 -1
    outer loop
      vertex -5.63918 9.29388 0
      vertex -1.66176 2.55 0
      vertex -1.85672 2.41973 0
    endloop
  endfacet
  facet normal 0 0 -1
    outer loop
      vertex -1.66176 2.55 0
      vertex -1.90103 10.7034 0
      vertex -1.00342 10.8286 0
    endloop
  endfacet
  facet normal 0 0 -1
    outer loop
      vertex -1.66176 2.55 0
      vertex -4.01831 10.101 0
      vertex -1.90103 10.7034 0
    endloop
  endfacet
  facet normal -0 0 -1
    outer loop
      vertex -1.90103 10.7034 0
      vertex -4.01831 10.101 0
      vertex -2.09517 11.7964 0
    endloop
  endfacet
  facet normal 0 0 -1
    outer loop
      vertex -7.39586 7.96729 0
      vertex -1.85672 2.41973 0
      vertex -2.15668 2.15668 0
    endloop
  endfacet
  facet normal 0 0 -1
    outer loop
      vertex -4.42867 11.1325 0
      vertex -2.09517 11.7964 0
      vertex -4.01831 10.101 0
    endloop
  endfacet
  facet normal -0 0 -1
    outer loop
      vertex -2.09517 11.7964 0
      vertex -4.42867 11.1325 0
      vertex -2.15048 11.9786 0
    endloop
  endfacet
  facet normal 0 0 -1
    outer loop
      vertex -4.47755 11.3165 0
      vertex -2.15048 11.9786 0
      vertex -4.42867 11.1325 0
    endloop
  endfacet
  facet normal 0 0 -1
    outer loop
      vertex -8.03671 7.32643 0
      vertex -2.15668 2.15668 0
      vertex -2.41973 1.85672 0
    endloop
  endfacet
  facet normal -0 0 -1
    outer loop
      vertex -2.15048 11.9786 0
      vertex -4.47755 11.3165 0
      vertex -2.22472 12.1573 0
    endloop
  endfacet
  facet normal 0 0 -1
    outer loop
      vertex -4.50851 11.5076 0
      vertex -2.22472 12.1573 0
      vertex -4.47755 11.3165 0
    endloop
  endfacet
  facet normal 0 0 -1
    outer loop
      vertex -8.61572 6.62918 0
      vertex -2.41973 1.85672 0
      vertex -2.64138 1.525 0
    endloop
  endfacet
  facet normal -0 0 -1
    outer loop
      vertex -2.22472 12.1573 0
      vertex -4.50851 11.5076 0
      vertex -2.31178 12.3335 0
    endloop
  endfacet
  facet normal 0 0 -1
    outer loop
      vertex -9.77455 4.75758 0
      vertex -2.64138 1.525 0
      vertex -2.81783 1.16718 0
    endloop
  endfacet
  facet normal 0 0 -1
    outer loop
      vertex -4.52722 11.7032 0
      vertex -2.31178 12.3335 0
      vertex -4.50851 11.5076 0
    endloop
  endfacet
  facet normal 0 0 -1
    outer loop
      vertex -10.1406 3.9285 0
      vertex -2.81783 1.16718 0
      vertex -2.94607 0.789397 0
    endloop
  endfacet
  facet normal 0 0 -1
    outer loop
      vertex -10.4286 3.06917 0
      vertex -2.94607 0.789397 0
      vertex -3.02391 0.398105 0
    endloop
  endfacet
  facet normal -0 0 -1
    outer loop
      vertex -2.31178 12.3335 0
      vertex -4.52722 11.7032 0
      vertex -2.40961 12.5074 0
    endloop
  endfacet
  facet normal 0 0 -1
    outer loop
      vertex -10.8331 0.905334 0
      vertex -3.02391 0.398105 0
      vertex -3.05 0 0
    endloop
  endfacet
  facet normal 0 0 -1
    outer loop
      vertex -8.61572 -6.62918 0
      vertex -2.41973 -1.85672 0
      vertex -8.03671 -7.32643 0
    endloop
  endfacet
  facet normal -0 0 -1
    outer loop
      vertex -2.41973 -1.85672 0
      vertex -8.61572 -6.62918 0
      vertex -2.64138 -1.525 0
    endloop
  endfacet
  facet normal -0 0 -1
    outer loop
      vertex -2.75778 -13.0157 0
      vertex -3.58464 -13.3781 0
      vertex -4.50714 -12.5179 0
    endloop
  endfacet
  facet normal 0 0 -1
    outer loop
      vertex -4.53558 11.9025 0
      vertex -2.40961 12.5074 0
      vertex -4.52722 11.7032 0
    endloop
  endfacet
  facet normal -0 0 -1
    outer loop
      vertex -2.40961 12.5074 0
      vertex -4.53558 11.9025 0
      vertex -2.51701 12.679 0
    endloop
  endfacet
  facet normal 0 0 -1
    outer loop
      vertex -4.44798 -12.9396 0
      vertex -3.58464 -13.3781 0
      vertex -4.41213 -13.127 0
    endloop
  endfacet
  facet normal 0 0 -1
    outer loop
      vertex -4.4814 -12.7278 0
      vertex -3.58464 -13.3781 0
      vertex -4.44798 -12.9396 0
    endloop
  endfacet
  facet normal 0 0 -1
    outer loop
      vertex -4.50714 -12.5179 0
      vertex -3.58464 -13.3781 0
      vertex -4.4814 -12.7278 0
    endloop
  endfacet
  facet normal 0 0 -1
    outer loop
      vertex -2.75778 -13.0157 0
      vertex -4.50714 -12.5179 0
      vertex -4.52499 -12.3102 0
    endloop
  endfacet
  facet normal 0 0 -1
    outer loop
      vertex -2.63326 -12.8485 0
      vertex -4.52499 -12.3102 0
      vertex -4.53462 -12.105 0
    endloop
  endfacet
  facet normal 0 0 -1
    outer loop
      vertex -2.09517 -11.7964 0
      vertex -4.42867 -11.1325 0
      vertex -4.01831 -10.101 0
    endloop
  endfacet
  facet normal 0 0 -1
    outer loop
      vertex -2.51701 -12.679 0
      vertex -4.53462 -12.105 0
      vertex -4.53558 -11.9025 0
    endloop
  endfacet
  facet normal 0 0 -1
    outer loop
      vertex -2.40961 -12.5074 0
      vertex -4.53558 -11.9025 0
      vertex -4.52722 -11.7032 0
    endloop
  endfacet
  facet normal 0 0 -1
    outer loop
      vertex -2.15048 -11.9786 0
      vertex -4.47755 -11.3165 0
      vertex -4.42867 -11.1325 0
    endloop
  endfacet
  facet normal 0 0 -1
    outer loop
      vertex -2.22472 -12.1573 0
      vertex -4.50851 -11.5076 0
      vertex -4.47755 -11.3165 0
    endloop
  endfacet
  facet normal 0 0 -1
    outer loop
      vertex -2.31178 -12.3335 0
      vertex -4.52722 -11.7032 0
      vertex -4.50851 -11.5076 0
    endloop
  endfacet
  facet normal 0 0 -1
    outer loop
      vertex -3.05 0 0
      vertex -10.875 0 0
      vertex -10.8331 0.905334 0
    endloop
  endfacet
  facet normal 0 0 -1
    outer loop
      vertex -10.8331 -0.905334 0
      vertex -3.02391 -0.398105 0
      vertex -10.4286 -3.06917 0
    endloop
  endfacet
  facet normal 0 0 -1
    outer loop
      vertex -2.81783 1.16718 0
      vertex -10.1406 3.9285 0
      vertex -9.77455 4.75758 0
    endloop
  endfacet
  facet normal -0 0 -1
    outer loop
      vertex -3.02391 -0.398105 0
      vertex -10.8331 -0.905334 0
      vertex -3.05 0 0
    endloop
  endfacet
  facet normal 0 0 -1
    outer loop
      vertex -2.94607 0.789397 0
      vertex -10.4286 3.06917 0
      vertex -10.1406 3.9285 0
    endloop
  endfacet
  facet normal 0 0 -1
    outer loop
      vertex -10.875 0 0
      vertex -3.05 0 0
      vertex -10.8331 -0.905334 0
    endloop
  endfacet
  facet normal 0 0 -1
    outer loop
      vertex -11.4937 -3.3826 0
      vertex -10.8331 -0.905334 0
      vertex -10.4286 -3.06917 0
    endloop
  endfacet
  facet normal 0 0 -1
    outer loop
      vertex -11.9395 -0.997787 0
      vertex -11.4937 -3.3826 0
      vertex -11.6814 -3.41429 0
    endloop
  endfacet
  facet normal 0 0 -1
    outer loop
      vertex -12.126 -1.03606 0
      vertex -11.6814 -3.41429 0
      vertex -11.8745 -3.42751 0
    endloop
  endfacet
  facet normal 0 0 -1
    outer loop
      vertex -11.4937 -3.3826 0
      vertex -11.9395 -0.997787 0
      vertex -10.8331 -0.905334 0
    endloop
  endfacet
  facet normal 0 0 -1
    outer loop
      vertex -12.3108 -1.09348 0
      vertex -11.8745 -3.42751 0
      vertex -12.071 -3.42809 0
    endloop
  endfacet
  facet normal 0 0 -1
    outer loop
      vertex -11.6814 -3.41429 0
      vertex -12.126 -1.03606 0
      vertex -11.9395 -0.997787 0
    endloop
  endfacet
  facet normal 0 0 -1
    outer loop
      vertex -12.4942 -1.16393 0
      vertex -12.071 -3.42809 0
      vertex -12.2702 -3.41801 0
    endloop
  endfacet
  facet normal 0 0 -1
    outer loop
      vertex -11.8745 -3.42751 0
      vertex -12.3108 -1.09348 0
      vertex -12.126 -1.03606 0
    endloop
  endfacet
  facet normal 0 0 -1
    outer loop
      vertex -12.6764 -1.24529 0
      vertex -12.2702 -3.41801 0
      vertex -12.4717 -3.39838 0
    endloop
  endfacet
  facet normal 0 0 -1
    outer loop
      vertex -12.071 -3.42809 0
      vertex -12.4942 -1.16393 0
      vertex -12.3108 -1.09348 0
    endloop
  endfacet
  facet normal 0 0 -1
    outer loop
      vertex -12.8572 -1.33641 0
      vertex -12.4717 -3.39838 0
      vertex -12.6752 -3.36986 0
    endloop
  endfacet
  facet normal 0 0 -1
    outer loop
      vertex -12.2702 -3.41801 0
      vertex -12.6764 -1.24529 0
      vertex -12.4942 -1.16393 0
    endloop
  endfacet
  facet normal 0 0 -1
    outer loop
      vertex -12.4717 -3.39838 0
      vertex -12.8572 -1.33641 0
      vertex -12.6764 -1.24529 0
    endloop
  endfacet
  facet normal 0 0 -1
    outer loop
      vertex -13.0366 -1.43651 0
      vertex -12.6752 -3.36986 0
      vertex -12.8804 -3.3329 0
    endloop
  endfacet
  facet normal 0 0 -1
    outer loop
      vertex -12.6752 -3.36986 0
      vertex -13.0366 -1.43651 0
      vertex -12.8572 -1.33641 0
    endloop
  endfacet
  facet normal 0 0 -1
    outer loop
      vertex -13.5839 -2.702 0
      vertex -12.8804 -3.3329 0
      vertex -13.087 -3.28792 0
    endloop
  endfacet
  facet normal 0 0 -1
    outer loop
      vertex -12.8804 -3.3329 0
      vertex -13.2146 -1.54509 0
      vertex -13.0366 -1.43651 0
    endloop
  endfacet
  facet normal 0 0 -1
    outer loop
      vertex -13.5839 -2.702 0
      vertex -13.087 -3.28792 0
      vertex -13.2948 -3.23509 0
    endloop
  endfacet
  facet normal 0 0 -1
    outer loop
      vertex -12.8804 -3.3329 0
      vertex -13.5839 -2.702 0
      vertex -13.2146 -1.54509 0
    endloop
  endfacet
  facet normal 0 0 -1
    outer loop
      vertex -13.5839 -2.702 0
      vertex -13.2948 -3.23509 0
      vertex -13.4715 -3.18402 0
    endloop
  endfacet
  facet normal 0 0 -1
    outer loop
      vertex -13.2146 -1.54509 0
      vertex -13.5839 -2.702 0
      vertex -13.391 -1.66167 0
    endloop
  endfacet
  facet normal 0 0 -1
    outer loop
      vertex -13.391 -1.66167 0
      vertex -13.5839 -2.702 0
      vertex -13.5657 -1.78598 0
    endloop
  endfacet
  facet normal 0 0 -1
    outer loop
      vertex -13.5657 -1.78598 0
      vertex -13.5839 -2.702 0
      vertex -13.7162 -1.90063 0
    endloop
  endfacet
  facet normal -0 0 -1
    outer loop
      vertex -2.81783 -1.16718 0
      vertex -10.1406 -3.9285 0
      vertex -2.94607 -0.789397 0
    endloop
  endfacet
  facet normal 0 0 -1
    outer loop
      vertex -2.15668 2.15668 0
      vertex -8.03671 7.32643 0
      vertex -7.39586 7.96729 0
    endloop
  endfacet
  facet normal 0 0 -1
    outer loop
      vertex -10.4286 -3.06917 0
      vertex -2.94607 -0.789397 0
      vertex -10.1406 -3.9285 0
    endloop
  endfacet
  facet normal 0 0 -1
    outer loop
      vertex -2.41973 1.85672 0
      vertex -8.61572 6.62918 0
      vertex -8.03671 7.32643 0
    endloop
  endfacet
  facet normal 0 0 -1
    outer loop
      vertex -9.77455 -4.75758 0
      vertex -8.61572 -6.62918 0
      vertex -9.49557 -7.30617 0
    endloop
  endfacet
  facet normal -0 0 -1
    outer loop
      vertex -2.94607 -0.789397 0
      vertex -10.4286 -3.06917 0
      vertex -3.02391 -0.398105 0
    endloop
  endfacet
  facet normal 0 0 -1
    outer loop
      vertex -10.7728 -5.24344 0
      vertex -9.49557 -7.30617 0
      vertex -9.65918 -7.40355 0
    endloop
  endfacet
  facet normal 0 0 -1
    outer loop
      vertex -2.64138 1.525 0
      vertex -9.77455 4.75758 0
      vertex -8.61572 6.62918 0
    endloop
  endfacet
  facet normal -0 0 -1
    outer loop
      vertex -8.61572 6.62918 0
      vertex -9.77455 4.75758 0
      vertex -9.49557 7.30617 0
    endloop
  endfacet
  facet normal 0 0 -1
    outer loop
      vertex -10.9328 -5.3465 0
      vertex -9.65918 -7.40355 0
      vertex -9.83444 -7.4856 0
    endloop
  endfacet
  facet normal 0 0 -1
    outer loop
      vertex -11.0844 -5.4668 0
      vertex -9.83444 -7.4856 0
      vertex -10.0175 -7.55713 0
    endloop
  endfacet
  facet normal 0 0 -1
    outer loop
      vertex -11.23 -5.59875 0
      vertex -10.0175 -7.55713 0
      vertex -10.2069 -7.61972 0
    endloop
  endfacet
  facet normal 0 0 -1
    outer loop
      vertex -11.3705 -5.74043 0
      vertex -10.2069 -7.61972 0
      vertex -10.4019 -7.67421 0
    endloop
  endfacet
  facet normal 0 0 -1
    outer loop
      vertex -11.5062 -5.89072 0
      vertex -10.4019 -7.67421 0
      vertex -10.602 -7.72112 0
    endloop
  endfacet
  facet normal 0 0 -1
    outer loop
      vertex -9.49557 -7.30617 0
      vertex -10.7728 -5.24344 0
      vertex -9.77455 -4.75758 0
    endloop
  endfacet
  facet normal 0 0 -1
    outer loop
      vertex -11.6374 -6.04887 0
      vertex -10.602 -7.72112 0
      vertex -10.8066 -7.76077 0
    endloop
  endfacet
  facet normal 0 0 -1
    outer loop
      vertex -9.65918 -7.40355 0
      vertex -10.9328 -5.3465 0
      vertex -10.7728 -5.24344 0
    endloop
  endfacet
  facet normal 0 0 -1
    outer loop
      vertex -11.9944 -6.925 0
      vertex -10.8066 -7.76077 0
      vertex -11.0155 -7.79346 0
    endloop
  endfacet
  facet normal 0 0 -1
    outer loop
      vertex -9.83444 -7.4856 0
      vertex -11.0844 -5.4668 0
      vertex -10.9328 -5.3465 0
    endloop
  endfacet
  facet normal 0 0 -1
    outer loop
      vertex -11.5158 -7.69464 0
      vertex -11.0155 -7.79346 0
      vertex -11.2284 -7.81927 0
    endloop
  endfacet
  facet normal 0 0 -1
    outer loop
      vertex -10.0175 -7.55713 0
      vertex -11.23 -5.59875 0
      vertex -11.0844 -5.4668 0
    endloop
  endfacet
  facet normal 0 0 -1
    outer loop
      vertex -10.2069 -7.61972 0
      vertex -11.3705 -5.74043 0
      vertex -11.23 -5.59875 0
    endloop
  endfacet
  facet normal 0 0 -1
    outer loop
      vertex -11.5158 -7.69464 0
      vertex -11.2284 -7.81927 0
      vertex -11.4147 -7.83575 0
    endloop
  endfacet
  facet normal 0 0 -1
    outer loop
      vertex -11.9944 -6.925 0
      vertex -11.0155 -7.79346 0
      vertex -11.5158 -7.69464 0
    endloop
  endfacet
  facet normal 0 0 -1
    outer loop
      vertex -10.4019 -7.67421 0
      vertex -11.5062 -5.89072 0
      vertex -11.3705 -5.74043 0
    endloop
  endfacet
  facet normal 0 0 -1
    outer loop
      vertex -10.602 -7.72112 0
      vertex -11.6374 -6.04887 0
      vertex -11.5062 -5.89072 0
    endloop
  endfacet
  facet normal 0 0 -1
    outer loop
      vertex -10.8066 -7.76077 0
      vertex -11.7641 -6.2144 0
      vertex -11.6374 -6.04887 0
    endloop
  endfacet
  facet normal 0 0 -1
    outer loop
      vertex -10.8066 -7.76077 0
      vertex -11.9944 -6.925 0
      vertex -11.7641 -6.2144 0
    endloop
  endfacet
  facet normal 0 0 -1
    outer loop
      vertex -11.7641 -6.2144 0
      vertex -11.9944 -6.925 0
      vertex -11.8864 -6.38684 0
    endloop
  endfacet
  facet normal 0 0 -1
    outer loop
      vertex -11.9944 -6.925 0
      vertex -12.0045 -6.56587 0
      vertex -11.8864 -6.38684 0
    endloop
  endfacet
  facet normal 0 -0 -1
    outer loop
      vertex -12.0045 -6.56587 0
      vertex -11.9944 -6.925 0
      vertex -12.1017 -6.72439 0
    endloop
  endfacet
  facet normal 0 0 -1
    outer loop
      vertex -9.77455 -4.75758 0
      vertex -2.64138 -1.525 0
      vertex -8.61572 -6.62918 0
    endloop
  endfacet
  facet normal 0 0 -1
    outer loop
      vertex -1.66176 2.55 0
      vertex -4.8474 9.73489 0
      vertex -4.01831 10.101 0
    endloop
  endfacet
  facet normal -0 0 -1
    outer loop
      vertex -2.64138 -1.525 0
      vertex -9.77455 -4.75758 0
      vertex -2.81783 -1.16718 0
    endloop
  endfacet
  facet normal 0 0 -1
    outer loop
      vertex -1.66176 2.55 0
      vertex -5.63918 9.29388 0
      vertex -4.8474 9.73489 0
    endloop
  endfacet
  facet normal 0 0 -1
    outer loop
      vertex -7.39586 -7.96729 0
      vertex -5.63918 -9.29388 0
      vertex -6.21506 -10.243 0
    endloop
  endfacet
  facet normal 0 0 -1
    outer loop
      vertex -10.1406 -3.9285 0
      vertex -2.81783 -1.16718 0
      vertex -9.77455 -4.75758 0
    endloop
  endfacet
  facet normal 0 0 -1
    outer loop
      vertex -8.15114 -8.78093 0
      vertex -6.21506 -10.243 0
      vertex -6.33244 -10.3929 0
    endloop
  endfacet
  facet normal 0 0 -1
    outer loop
      vertex -1.85672 2.41973 0
      vertex -7.39586 7.96729 0
      vertex -5.63918 9.29388 0
    endloop
  endfacet
  facet normal 0 0 -1
    outer loop
      vertex -8.2632 -8.93486 0
      vertex -6.33244 -10.3929 0
      vertex -6.46622 -10.5327 0
    endloop
  endfacet
  facet normal -0 0 -1
    outer loop
      vertex -5.63918 9.29388 0
      vertex -7.39586 7.96729 0
      vertex -6.21506 10.243 0
    endloop
  endfacet
  facet normal 0 0 -1
    outer loop
      vertex -8.36108 -9.10181 0
      vertex -6.46622 -10.5327 0
      vertex -6.61105 -10.6655 0
    endloop
  endfacet
  facet normal 0 0 -1
    outer loop
      vertex -8.15114 8.78093 0
      vertex -6.21506 10.243 0
      vertex -7.39586 7.96729 0
    endloop
  endfacet
  facet normal 0 0 -1
    outer loop
      vertex -8.44919 -9.27745 0
      vertex -6.61105 -10.6655 0
      vertex -6.76508 -10.7923 0
    endloop
  endfacet
  facet normal -0 0 -1
    outer loop
      vertex -6.21506 10.243 0
      vertex -8.15114 8.78093 0
      vertex -6.33244 10.3929 0
    endloop
  endfacet
  facet normal 0 0 -1
    outer loop
      vertex -8.52898 -9.4603 0
      vertex -6.76508 -10.7923 0
      vertex -6.92725 -10.9136 0
    endloop
  endfacet
  facet normal 0 0 -1
    outer loop
      vertex -8.2632 8.93486 0
      vertex -6.33244 10.3929 0
      vertex -8.15114 8.78093 0
    endloop
  endfacet
  facet normal 0 0 -1
    outer loop
      vertex -8.60123 -9.64944 0
      vertex -6.92725 -10.9136 0
      vertex -7.09683 -11.0296 0
    endloop
  endfacet
  facet normal -0 0 -1
    outer loop
      vertex -6.33244 10.3929 0
      vertex -8.2632 8.93486 0
      vertex -6.46622 10.5327 0
    endloop
  endfacet
  facet normal 0 0 -1
    outer loop
      vertex -8.6664 -9.84431 0
      vertex -7.09683 -11.0296 0
      vertex -7.27335 -11.1405 0
    endloop
  endfacet
  facet normal 0 0 -1
    outer loop
      vertex -8.36108 9.10181 0
      vertex -6.46622 10.5327 0
      vertex -8.2632 8.93486 0
    endloop
  endfacet
  facet normal -0 0 -1
    outer loop
      vertex -6.46622 10.5327 0
      vertex -8.36108 9.10181 0
      vertex -6.61105 10.6655 0
    endloop
  endfacet
  facet normal 0 0 -1
    outer loop
      vertex -8.43134 -10.9879 0
      vertex -7.27335 -11.1405 0
      vertex -7.45633 -11.2464 0
    endloop
  endfacet
  facet normal 0 0 -1
    outer loop
      vertex -8.43134 -10.9879 0
      vertex -7.45633 -11.2464 0
      vertex -7.64549 -11.3474 0
    endloop
  endfacet
  facet normal 0 0 -1
    outer loop
      vertex -8.43134 -10.9879 0
      vertex -7.64549 -11.3474 0
      vertex -7.8139 -11.4304 0
    endloop
  endfacet
  facet normal 0 0 -1
    outer loop
      vertex -6.21506 -10.243 0
      vertex -8.15114 -8.78093 0
      vertex -7.39586 -7.96729 0
    endloop
  endfacet
  facet normal 0 0 -1
    outer loop
      vertex -6.33244 -10.3929 0
      vertex -8.2632 -8.93486 0
      vertex -8.15114 -8.78093 0
    endloop
  endfacet
  facet normal 0 0 -1
    outer loop
      vertex -6.46622 -10.5327 0
      vertex -8.36108 -9.10181 0
      vertex -8.2632 -8.93486 0
    endloop
  endfacet
  facet normal 0 0 -1
    outer loop
      vertex -7.27335 -11.1405 0
      vertex -8.43134 -10.9879 0
      vertex -8.72478 -10.0444 0
    endloop
  endfacet
  facet normal 0 0 -1
    outer loop
      vertex -6.61105 -10.6655 0
      vertex -8.44919 -9.27745 0
      vertex -8.36108 -9.10181 0
    endloop
  endfacet
  facet normal 0 0 -1
    outer loop
      vertex -6.76508 -10.7923 0
      vertex -8.52898 -9.4603 0
      vertex -8.44919 -9.27745 0
    endloop
  endfacet
  facet normal 0 0 -1
    outer loop
      vertex -6.92725 -10.9136 0
      vertex -8.60123 -9.64944 0
      vertex -8.52898 -9.4603 0
    endloop
  endfacet
  facet normal 0 0 -1
    outer loop
      vertex -7.09683 -11.0296 0
      vertex -8.6664 -9.84431 0
      vertex -8.60123 -9.64944 0
    endloop
  endfacet
  facet normal 0 0 -1
    outer loop
      vertex -7.27335 -11.1405 0
      vertex -8.72478 -10.0444 0
      vertex -8.6664 -9.84431 0
    endloop
  endfacet
  facet normal 0 0 -1
    outer loop
      vertex -8.43134 -10.9879 0
      vertex -8.77658 -10.2494 0
      vertex -8.72478 -10.0444 0
    endloop
  endfacet
  facet normal 0 0 -1
    outer loop
      vertex -8.43134 -10.9879 0
      vertex -8.82195 -10.459 0
      vertex -8.77658 -10.2494 0
    endloop
  endfacet
  facet normal 0 -0 -1
    outer loop
      vertex -8.82195 -10.459 0
      vertex -8.43134 -10.9879 0
      vertex -8.85503 -10.6402 0
    endloop
  endfacet
  facet normal 0 -0 -1
    outer loop
      vertex -4.53462 12.105 0
      vertex -2.51701 12.679 0
      vertex -4.53558 11.9025 0
    endloop
  endfacet
  facet normal 0 -0 -1
    outer loop
      vertex -4.52499 12.3102 0
      vertex -2.63326 12.8485 0
      vertex -4.53462 12.105 0
    endloop
  endfacet
  facet normal -0 0 -1
    outer loop
      vertex -2.63326 12.8485 0
      vertex -4.52499 12.3102 0
      vertex -2.75778 13.0157 0
    endloop
  endfacet
  facet normal 0 0 -1
    outer loop
      vertex -3.58464 13.3781 0
      vertex -4.44798 12.9396 0
      vertex -4.41213 13.127 0
    endloop
  endfacet
  facet normal -0 0 -1
    outer loop
      vertex -2.51701 12.679 0
      vertex -4.53462 12.105 0
      vertex -2.63326 12.8485 0
    endloop
  endfacet
  facet normal 0 0 -1
    outer loop
      vertex -3.58464 13.3781 0
      vertex -4.4814 12.7278 0
      vertex -4.44798 12.9396 0
    endloop
  endfacet
  facet normal 0 0 -1
    outer loop
      vertex -3.58464 13.3781 0
      vertex -4.50714 12.5179 0
      vertex -4.4814 12.7278 0
    endloop
  endfacet
  facet normal 0 -0 -1
    outer loop
      vertex -4.50714 12.5179 0
      vertex -2.75778 13.0157 0
      vertex -4.52499 12.3102 0
    endloop
  endfacet
  facet normal 0 0 -1
    outer loop
      vertex -2.75778 13.0157 0
      vertex -3.58464 13.3781 0
      vertex -2.89014 13.1805 0
    endloop
  endfacet
  facet normal 0 0 -1
    outer loop
      vertex -3.03004 13.343 0
      vertex -3.58464 13.3781 0
      vertex -3.15447 13.4784 0
    endloop
  endfacet
  facet normal 0 0 -1
    outer loop
      vertex -2.89014 13.1805 0
      vertex -3.58464 13.3781 0
      vertex -3.03004 13.343 0
    endloop
  endfacet
  facet normal 0 -0 -1
    outer loop
      vertex -3.58464 13.3781 0
      vertex -2.75778 13.0157 0
      vertex -4.50714 12.5179 0
    endloop
  endfacet
  facet normal 0 0 -1
    outer loop
      vertex -8.44919 9.27745 0
      vertex -6.61105 10.6655 0
      vertex -8.36108 9.10181 0
    endloop
  endfacet
  facet normal -0 0 -1
    outer loop
      vertex -6.61105 10.6655 0
      vertex -8.44919 9.27745 0
      vertex -6.76508 10.7923 0
    endloop
  endfacet
  facet normal 0 0 -1
    outer loop
      vertex -8.52898 9.4603 0
      vertex -6.76508 10.7923 0
      vertex -8.44919 9.27745 0
    endloop
  endfacet
  facet normal -0 0 -1
    outer loop
      vertex -6.76508 10.7923 0
      vertex -8.52898 9.4603 0
      vertex -6.92725 10.9136 0
    endloop
  endfacet
  facet normal 0 0 -1
    outer loop
      vertex -8.60123 9.64944 0
      vertex -6.92725 10.9136 0
      vertex -8.52898 9.4603 0
    endloop
  endfacet
  facet normal -0 0 -1
    outer loop
      vertex -6.92725 10.9136 0
      vertex -8.60123 9.64944 0
      vertex -7.09683 11.0296 0
    endloop
  endfacet
  facet normal 0 0 -1
    outer loop
      vertex -8.6664 9.84431 0
      vertex -7.09683 11.0296 0
      vertex -8.60123 9.64944 0
    endloop
  endfacet
  facet normal -0 0 -1
    outer loop
      vertex -7.09683 11.0296 0
      vertex -8.6664 9.84431 0
      vertex -7.27335 11.1405 0
    endloop
  endfacet
  facet normal 0 0 -1
    outer loop
      vertex -8.72478 10.0444 0
      vertex -7.27335 11.1405 0
      vertex -8.6664 9.84431 0
    endloop
  endfacet
  facet normal 0 -0 -1
    outer loop
      vertex -8.43134 10.9879 0
      vertex -7.27335 11.1405 0
      vertex -8.72478 10.0444 0
    endloop
  endfacet
  facet normal -0 0 -1
    outer loop
      vertex -7.64549 11.3474 0
      vertex -8.43134 10.9879 0
      vertex -7.8139 11.4304 0
    endloop
  endfacet
  facet normal -0 0 -1
    outer loop
      vertex -7.45633 11.2464 0
      vertex -8.43134 10.9879 0
      vertex -7.64549 11.3474 0
    endloop
  endfacet
  facet normal -0 0 -1
    outer loop
      vertex -7.27335 11.1405 0
      vertex -8.43134 10.9879 0
      vertex -7.45633 11.2464 0
    endloop
  endfacet
  facet normal 0 0 -1
    outer loop
      vertex -8.77658 10.2494 0
      vertex -8.43134 10.9879 0
      vertex -8.72478 10.0444 0
    endloop
  endfacet
  facet normal 0 0 -1
    outer loop
      vertex -8.82195 10.459 0
      vertex -8.43134 10.9879 0
      vertex -8.77658 10.2494 0
    endloop
  endfacet
  facet normal 0 0 -1
    outer loop
      vertex -8.43134 10.9879 0
      vertex -8.82195 10.459 0
      vertex -8.85503 10.6402 0
    endloop
  endfacet
  facet normal 0 0 -1
    outer loop
      vertex -10.7728 5.24344 0
      vertex -9.49557 7.30617 0
      vertex -9.77455 4.75758 0
    endloop
  endfacet
  facet normal -0 0 -1
    outer loop
      vertex -9.49557 7.30617 0
      vertex -10.7728 5.24344 0
      vertex -9.65918 7.40355 0
    endloop
  endfacet
  facet normal 0 0 -1
    outer loop
      vertex -10.9328 5.3465 0
      vertex -9.65918 7.40355 0
      vertex -10.7728 5.24344 0
    endloop
  endfacet
  facet normal -0 0 -1
    outer loop
      vertex -9.65918 7.40355 0
      vertex -10.9328 5.3465 0
      vertex -9.83444 7.4856 0
    endloop
  endfacet
  facet normal 0 0 -1
    outer loop
      vertex -11.0844 5.4668 0
      vertex -9.83444 7.4856 0
      vertex -10.9328 5.3465 0
    endloop
  endfacet
  facet normal -0 0 -1
    outer loop
      vertex -9.83444 7.4856 0
      vertex -11.0844 5.4668 0
      vertex -10.0175 7.55713 0
    endloop
  endfacet
  facet normal 0 0 -1
    outer loop
      vertex -11.23 5.59875 0
      vertex -10.0175 7.55713 0
      vertex -11.0844 5.4668 0
    endloop
  endfacet
  facet normal -0 0 -1
    outer loop
      vertex -10.0175 7.55713 0
      vertex -11.23 5.59875 0
      vertex -10.2069 7.61972 0
    endloop
  endfacet
  facet normal 0 0 -1
    outer loop
      vertex -11.3705 5.74043 0
      vertex -10.2069 7.61972 0
      vertex -11.23 5.59875 0
    endloop
  endfacet
  facet normal -0 0 -1
    outer loop
      vertex -10.2069 7.61972 0
      vertex -11.3705 5.74043 0
      vertex -10.4019 7.67421 0
    endloop
  endfacet
  facet normal 0 0 -1
    outer loop
      vertex -11.5062 5.89072 0
      vertex -10.4019 7.67421 0
      vertex -11.3705 5.74043 0
    endloop
  endfacet
  facet normal -0 0 -1
    outer loop
      vertex -10.4019 7.67421 0
      vertex -11.5062 5.89072 0
      vertex -10.602 7.72112 0
    endloop
  endfacet
  facet normal 0 0 -1
    outer loop
      vertex -11.6374 6.04887 0
      vertex -10.602 7.72112 0
      vertex -11.5062 5.89072 0
    endloop
  endfacet
  facet normal -0 0 -1
    outer loop
      vertex -10.602 7.72112 0
      vertex -11.6374 6.04887 0
      vertex -10.8066 7.76077 0
    endloop
  endfacet
  facet normal 0 0 -1
    outer loop
      vertex -11.7641 6.2144 0
      vertex -10.8066 7.76077 0
      vertex -11.6374 6.04887 0
    endloop
  endfacet
  facet normal 0 0 -1
    outer loop
      vertex -11.9944 6.925 0
      vertex -10.8066 7.76077 0
      vertex -11.7641 6.2144 0
    endloop
  endfacet
  facet normal -0 0 -1
    outer loop
      vertex -11.2284 7.81927 0
      vertex -11.5158 7.69464 0
      vertex -11.4147 7.83575 0
    endloop
  endfacet
  facet normal -0 0 -1
    outer loop
      vertex -10.8066 7.76077 0
      vertex -11.9944 6.925 0
      vertex -11.0155 7.79346 0
    endloop
  endfacet
  facet normal -0 0 -1
    outer loop
      vertex -11.0155 7.79346 0
      vertex -11.5158 7.69464 0
      vertex -11.2284 7.81927 0
    endloop
  endfacet
  facet normal 0 0 -1
    outer loop
      vertex -11.9944 6.925 0
      vertex -11.7641 6.2144 0
      vertex -11.8864 6.38684 0
    endloop
  endfacet
  facet normal 0 0 -1
    outer loop
      vertex -11.0155 7.79346 0
      vertex -11.9944 6.925 0
      vertex -11.5158 7.69464 0
    endloop
  endfacet
  facet normal 0 0 -1
    outer loop
      vertex -12.0045 6.56587 0
      vertex -11.9944 6.925 0
      vertex -11.8864 6.38684 0
    endloop
  endfacet
  facet normal 0 0 -1
    outer loop
      vertex -11.9944 6.925 0
      vertex -12.0045 6.56587 0
      vertex -12.1017 6.72439 0
    endloop
  endfacet
  facet normal 0 0 -1
    outer loop
      vertex -3.02391 0.398105 0
      vertex -10.8331 0.905334 0
      vertex -10.4286 3.06917 0
    endloop
  endfacet
  facet normal 0 0 -1
    outer loop
      vertex -10.8331 0.905334 0
      vertex -11.4937 3.3826 0
      vertex -10.4286 3.06917 0
    endloop
  endfacet
  facet normal 0 0 -1
    outer loop
      vertex -11.9395 0.997787 0
      vertex -11.4937 3.3826 0
      vertex -10.8331 0.905334 0
    endloop
  endfacet
  facet normal -0 0 -1
    outer loop
      vertex -11.4937 3.3826 0
      vertex -11.9395 0.997787 0
      vertex -11.6814 3.41429 0
    endloop
  endfacet
  facet normal 0 0 -1
    outer loop
      vertex -12.126 1.03606 0
      vertex -11.6814 3.41429 0
      vertex -11.9395 0.997787 0
    endloop
  endfacet
  facet normal -0 0 -1
    outer loop
      vertex -11.6814 3.41429 0
      vertex -12.126 1.03606 0
      vertex -11.8745 3.42751 0
    endloop
  endfacet
  facet normal 0 0 -1
    outer loop
      vertex -12.3108 1.09348 0
      vertex -11.8745 3.42751 0
      vertex -12.126 1.03606 0
    endloop
  endfacet
  facet normal -0 0 -1
    outer loop
      vertex -11.8745 3.42751 0
      vertex -12.3108 1.09348 0
      vertex -12.071 3.42809 0
    endloop
  endfacet
  facet normal 0 0 -1
    outer loop
      vertex -12.4942 1.16393 0
      vertex -12.071 3.42809 0
      vertex -12.3108 1.09348 0
    endloop
  endfacet
  facet normal 0 0 -1
    outer loop
      vertex -12.071 3.42809 0
      vertex -12.4942 1.16393 0
      vertex -12.2702 3.41801 0
    endloop
  endfacet
  facet normal 0 0 -1
    outer loop
      vertex -12.6764 1.24529 0
      vertex -12.2702 3.41801 0
      vertex -12.4942 1.16393 0
    endloop
  endfacet
  facet normal 0 0 -1
    outer loop
      vertex -12.2702 3.41801 0
      vertex -12.6764 1.24529 0
      vertex -12.4717 3.39838 0
    endloop
  endfacet
  facet normal 0 0 -1
    outer loop
      vertex -12.8572 1.33641 0
      vertex -12.4717 3.39838 0
      vertex -12.6764 1.24529 0
    endloop
  endfacet
  facet normal 0 0 -1
    outer loop
      vertex -12.4717 3.39838 0
      vertex -12.8572 1.33641 0
      vertex -12.6752 3.36986 0
    endloop
  endfacet
  facet normal 0 0 -1
    outer loop
      vertex -13.0366 1.43651 0
      vertex -12.6752 3.36986 0
      vertex -12.8572 1.33641 0
    endloop
  endfacet
  facet normal 0 0 -1
    outer loop
      vertex -12.6752 3.36986 0
      vertex -13.0366 1.43651 0
      vertex -12.8804 3.3329 0
    endloop
  endfacet
  facet normal 0 0 -1
    outer loop
      vertex -13.2146 1.54509 0
      vertex -12.8804 3.3329 0
      vertex -13.0366 1.43651 0
    endloop
  endfacet
  facet normal 0 0 -1
    outer loop
      vertex -13.5839 2.702 0
      vertex -12.8804 3.3329 0
      vertex -13.2146 1.54509 0
    endloop
  endfacet
  facet normal 0 0 -1
    outer loop
      vertex -12.8804 3.3329 0
      vertex -13.5839 2.702 0
      vertex -13.087 3.28792 0
    endloop
  endfacet
  facet normal 0 0 -1
    outer loop
      vertex -13.5839 2.702 0
      vertex -13.2146 1.54509 0
      vertex -13.391 1.66167 0
    endloop
  endfacet
  facet normal 0 0 -1
    outer loop
      vertex -13.087 3.28792 0
      vertex -13.5839 2.702 0
      vertex -13.2948 3.23509 0
    endloop
  endfacet
  facet normal 0 0 -1
    outer loop
      vertex -13.5839 2.702 0
      vertex -13.391 1.66167 0
      vertex -13.5657 1.78598 0
    endloop
  endfacet
  facet normal 0 0 -1
    outer loop
      vertex -13.2948 3.23509 0
      vertex -13.5839 2.702 0
      vertex -13.4715 3.18402 0
    endloop
  endfacet
  facet normal 0 -0 -1
    outer loop
      vertex -13.5839 2.702 0
      vertex -13.5657 1.78598 0
      vertex -13.7162 1.90063 0
    endloop
  endfacet
  facet normal 0 0 -1
    outer loop
      vertex 2.09384 -10.6673 0
      vertex -0.108078 -11.9806 0
      vertex -0.0980682 -10.8705 0
    endloop
  endfacet
  facet normal 0 0 -1
    outer loop
      vertex 2.30766 11.7567 0
      vertex 2.31725 12.14 0
      vertex 2.32191 11.9466 0
    endloop
  endfacet
  facet normal 0 0 -1
    outer loop
      vertex 2.30766 11.7567 0
      vertex 2.2997 12.3358 0
      vertex 2.31725 12.14 0
    endloop
  endfacet
  facet normal 0 0 -1
    outer loop
      vertex 2.30766 11.7567 0
      vertex 2.27129 12.5332 0
      vertex 2.2997 12.3358 0
    endloop
  endfacet
  facet normal 0 0 -1
    outer loop
      vertex 2.30766 11.7567 0
      vertex 2.23314 12.7321 0
      vertex 2.27129 12.5332 0
    endloop
  endfacet
  facet normal 0 0 -1
    outer loop
      vertex 2.30766 11.7567 0
      vertex 2.18596 12.9321 0
      vertex 2.23314 12.7321 0
    endloop
  endfacet
  facet normal 0 0 -1
    outer loop
      vertex 2.09384 10.6673 0
      vertex 2.18596 12.9321 0
      vertex 2.30766 11.7567 0
    endloop
  endfacet
  facet normal -0 0 -1
    outer loop
      vertex 2.18596 12.9321 0
      vertex 2.09384 10.6673 0
      vertex 2.13023 13.133 0
    endloop
  endfacet
  facet normal -0 0 -1
    outer loop
      vertex 2.13023 13.133 0
      vertex 2.09384 10.6673 0
      vertex 2.06638 13.3345 0
    endloop
  endfacet
  facet normal 0 -0 -1
    outer loop
      vertex 0.00614929 12.5483 0
      vertex 2.06638 13.3345 0
      vertex -0.0470581 12.3591 0
    endloop
  endfacet
  facet normal 0 0 1
    outer loop
      vertex -0.0871887 12.1698 8
      vertex 2.32191 11.9466 8
      vertex 2.31725 12.14 8
    endloop
  endfacet
  facet normal 0 0 1
    outer loop
      vertex -0.0470581 12.3591 8
      vertex 2.31725 12.14 8
      vertex 2.2997 12.3358 8
    endloop
  endfacet
  facet normal 0 0 1
    outer loop
      vertex 0.00614929 12.5483 8
      vertex 2.2997 12.3358 8
      vertex 2.27129 12.5332 8
    endloop
  endfacet
  facet normal 0 0 1
    outer loop
      vertex 0.0703583 12.7372 8
      vertex 2.27129 12.5332 8
      vertex 2.23314 12.7321 8
    endloop
  endfacet
  facet normal -0 0 1
    outer loop
      vertex 0.144394 12.9256 8
      vertex 2.23314 12.7321 8
      vertex 2.18596 12.9321 8
    endloop
  endfacet
  facet normal -0 0 1
    outer loop
      vertex 0.227509 13.1136 8
      vertex 2.18596 12.9321 8
      vertex 2.13023 13.133 8
    endloop
  endfacet
  facet normal 0 0 1
    outer loop
      vertex 2.27129 12.5332 8
      vertex 0.0703583 12.7372 8
      vertex 0.00614929 12.5483 8
    endloop
  endfacet
  facet normal 0 0 1
    outer loop
      vertex 0.905832 13.8203 8
      vertex 2.13023 13.133 8
      vertex 2.06638 13.3345 8
    endloop
  endfacet
  facet normal 0 0 1
    outer loop
      vertex 6.12569 12.4217 8
      vertex 6.74989 11.9019 8
      vertex 6.74911 12.0885 8
    endloop
  endfacet
  facet normal 0 0 1
    outer loop
      vertex 6.74989 11.9019 8
      vertex 6.12569 12.4217 8
      vertex 6.74382 11.6876 8
    endloop
  endfacet
  facet normal 0 0 1
    outer loop
      vertex 6.74382 11.6876 8
      vertex 6.12569 12.4217 8
      vertex 6.73056 11.4766 8
    endloop
  endfacet
  facet normal -0 0 1
    outer loop
      vertex 5.10245 12.2873 8
      vertex 6.73056 11.4766 8
      vertex 6.12569 12.4217 8
    endloop
  endfacet
  facet normal 0 0 1
    outer loop
      vertex 6.73056 11.4766 8
      vertex 5.10245 12.2873 8
      vertex 6.70995 11.2691 8
    endloop
  endfacet
  facet normal 0 0 1
    outer loop
      vertex 6.70995 11.2691 8
      vertex 4.94931 12.1458 8
      vertex 6.6817 11.0656 8
    endloop
  endfacet
  facet normal -0 0 1
    outer loop
      vertex 4.80392 12.0006 8
      vertex 6.6817 11.0656 8
      vertex 4.94931 12.1458 8
    endloop
  endfacet
  facet normal 0 0 1
    outer loop
      vertex 6.6817 11.0656 8
      vertex 4.80392 12.0006 8
      vertex 6.64543 10.8664 8
    endloop
  endfacet
  facet normal -0 0 1
    outer loop
      vertex 4.66681 11.8517 8
      vertex 6.64543 10.8664 8
      vertex 4.80392 12.0006 8
    endloop
  endfacet
  facet normal 0 0 1
    outer loop
      vertex 6.64543 10.8664 8
      vertex 4.66681 11.8517 8
      vertex 6.6006 10.672 8
    endloop
  endfacet
  facet normal -0 0 1
    outer loop
      vertex 4.5387 11.6987 8
      vertex 6.6006 10.672 8
      vertex 4.66681 11.8517 8
    endloop
  endfacet
  facet normal -0 0 1
    outer loop
      vertex 5.26285 12.425 8
      vertex 6.12569 12.4217 8
      vertex 5.43024 12.5591 8
    endloop
  endfacet
  facet normal -0 0 1
    outer loop
      vertex 5.43024 12.5591 8
      vertex 6.12569 12.4217 8
      vertex 5.57813 12.6698 8
    endloop
  endfacet
  facet normal 0 0 1
    outer loop
      vertex 10.413 9.13193 8
      vertex 10.5936 8.6599 8
      vertex 10.6593 8.83175 8
    endloop
  endfacet
  facet normal 0 0 1
    outer loop
      vertex 10.5936 8.6599 8
      vertex 10.413 9.13193 8
      vertex 10.5105 8.46222 8
    endloop
  endfacet
  facet normal 0 0 1
    outer loop
      vertex 10.5105 8.46222 8
      vertex 10.413 9.13193 8
      vertex 10.4219 8.27023 8
    endloop
  endfacet
  facet normal 0 0 1
    outer loop
      vertex 9.19658 9.61433 8
      vertex 10.4219 8.27023 8
      vertex 10.413 9.13193 8
    endloop
  endfacet
  facet normal 0 0 1
    outer loop
      vertex 10.4219 8.27023 8
      vertex 9.19658 9.61433 8
      vertex 10.3277 8.08424 8
    endloop
  endfacet
  facet normal -0 0 1
    outer loop
      vertex 9.00269 9.53775 8
      vertex 10.3277 8.08424 8
      vertex 9.19658 9.61433 8
    endloop
  endfacet
  facet normal -0 0 1
    outer loop
      vertex 8.81467 9.45488 8
      vertex 10.2279 7.90468 8
      vertex 9.00269 9.53775 8
    endloop
  endfacet
  facet normal 0 0 1
    outer loop
      vertex 10.2279 7.90468 8
      vertex 8.81467 9.45488 8
      vertex 10.1221 7.73201 8
    endloop
  endfacet
  facet normal -0 0 1
    outer loop
      vertex 9.6004 9.74934 8
      vertex 10.413 9.13193 8
      vertex 9.79342 9.79342 8
    endloop
  endfacet
  facet normal 0 0 1
    outer loop
      vertex 9.6004 9.74934 8
      vertex 9.79342 9.79342 8
      vertex 9.78523 9.8011 8
    endloop
  endfacet
  facet normal -0 0 1
    outer loop
      vertex 9.3959 9.68484 8
      vertex 10.413 9.13193 8
      vertex 9.6004 9.74934 8
    endloop
  endfacet
  facet normal -0 0 1
    outer loop
      vertex 9.19658 9.61433 8
      vertex 10.413 9.13193 8
      vertex 9.3959 9.68484 8
    endloop
  endfacet
  facet normal 0 0 1
    outer loop
      vertex 10.3277 8.08424 8
      vertex 9.00269 9.53775 8
      vertex 10.2279 7.90468 8
    endloop
  endfacet
  facet normal -0 0 1
    outer loop
      vertex 8.63298 9.36549 8
      vertex 10.1221 7.73201 8
      vertex 8.81467 9.45488 8
    endloop
  endfacet
  facet normal 0 0 1
    outer loop
      vertex 10.1221 7.73201 8
      vertex 8.63298 9.36549 8
      vertex 10.0101 7.56694 8
    endloop
  endfacet
  facet normal -0 0 1
    outer loop
      vertex 8.45828 9.26917 8
      vertex 10.0101 7.56694 8
      vertex 8.63298 9.36549 8
    endloop
  endfacet
  facet normal 0 0 1
    outer loop
      vertex 10.0101 7.56694 8
      vertex 8.45828 9.26917 8
      vertex 9.89116 7.41048 8
    endloop
  endfacet
  facet normal -0 0 1
    outer loop
      vertex 8.2915 9.16522 8
      vertex 9.89116 7.41048 8
      vertex 8.45828 9.26917 8
    endloop
  endfacet
  facet normal -0 0 1
    outer loop
      vertex 8.13432 9.05235 8
      vertex 9.76428 7.26437 8
      vertex 8.2915 9.16522 8
    endloop
  endfacet
  facet normal 0 0 1
    outer loop
      vertex 9.89116 7.41048 8
      vertex 8.2915 9.16522 8
      vertex 9.76428 7.26437 8
    endloop
  endfacet
  facet normal 0 0 1
    outer loop
      vertex 13.115 4.45193 8
      vertex 13.0065 4.24826 8
      vertex 13.134 4.38927 8
    endloop
  endfacet
  facet normal 0 0 1
    outer loop
      vertex 12.7957 5.30016 8
      vertex 13.0065 4.24826 8
      vertex 13.115 4.45193 8
    endloop
  endfacet
  facet normal 0 0 1
    outer loop
      vertex 13.0065 4.24826 8
      vertex 12.7957 5.30016 8
      vertex 12.8576 4.09396 8
    endloop
  endfacet
  facet normal 0 0 1
    outer loop
      vertex 12.7957 5.30016 8
      vertex 12.7057 3.94695 8
      vertex 12.8576 4.09396 8
    endloop
  endfacet
  facet normal 0 0 1
    outer loop
      vertex 12.474 5.62292 8
      vertex 12.7957 5.30016 8
      vertex 12.6575 5.60514 8
    endloop
  endfacet
  facet normal 0 0 1
    outer loop
      vertex 12.26 5.63666 8
      vertex 12.7957 5.30016 8
      vertex 12.474 5.62292 8
    endloop
  endfacet
  facet normal 0 0 1
    outer loop
      vertex 12.0486 5.64291 8
      vertex 12.7957 5.30016 8
      vertex 12.26 5.63666 8
    endloop
  endfacet
  facet normal 0 0 1
    outer loop
      vertex 12.7957 5.30016 8
      vertex 12.0486 5.64291 8
      vertex 12.7057 3.94695 8
    endloop
  endfacet
  facet normal 0 0 1
    outer loop
      vertex 12.7057 3.94695 8
      vertex 12.0486 5.64291 8
      vertex 12.5507 3.80753 8
    endloop
  endfacet
  facet normal -0 0 1
    outer loop
      vertex 11.8402 5.64154 8
      vertex 12.5507 3.80753 8
      vertex 12.0486 5.64291 8
    endloop
  endfacet
  facet normal 0 0 1
    outer loop
      vertex 12.5507 3.80753 8
      vertex 11.8402 5.64154 8
      vertex 12.3927 3.67615 8
    endloop
  endfacet
  facet normal -0 0 1
    outer loop
      vertex 11.6349 5.63219 8
      vertex 12.3927 3.67615 8
      vertex 11.8402 5.64154 8
    endloop
  endfacet
  facet normal 0 0 1
    outer loop
      vertex 12.3927 3.67615 8
      vertex 11.6349 5.63219 8
      vertex 12.2317 3.55336 8
    endloop
  endfacet
  facet normal -0 0 1
    outer loop
      vertex 11.4332 5.61446 8
      vertex 12.2317 3.55336 8
      vertex 11.6349 5.63219 8
    endloop
  endfacet
  facet normal 0 0 1
    outer loop
      vertex 12.2317 3.55336 8
      vertex 11.4332 5.61446 8
      vertex 12.0676 3.43991 8
    endloop
  endfacet
  facet normal -0 0 1
    outer loop
      vertex 11.2355 5.58775 8
      vertex 12.0676 3.43991 8
      vertex 11.4332 5.61446 8
    endloop
  endfacet
  facet normal 0 0 1
    outer loop
      vertex 12.0676 3.43991 8
      vertex 11.2355 5.58775 8
      vertex 11.9002 3.33696 8
    endloop
  endfacet
  facet normal -0 0 1
    outer loop
      vertex 11.0425 5.55107 8
      vertex 11.9002 3.33696 8
      vertex 11.2355 5.58775 8
    endloop
  endfacet
  facet normal 0 0 1
    outer loop
      vertex 11.9002 3.33696 8
      vertex 11.0425 5.55107 8
      vertex 11.7291 3.24655 8
    endloop
  endfacet
  facet normal -0 0 1
    outer loop
      vertex 10.8551 5.50261 8
      vertex 11.7291 3.24655 8
      vertex 11.0425 5.55107 8
    endloop
  endfacet
  facet normal 0 0 1
    outer loop
      vertex 11.7291 3.24655 8
      vertex 10.8551 5.50261 8
      vertex 11.5528 3.17467 8
    endloop
  endfacet
  facet normal -0 0 1
    outer loop
      vertex 10.6764 5.43697 8
      vertex 11.5528 3.17467 8
      vertex 10.8551 5.50261 8
    endloop
  endfacet
  facet normal 0 0 1
    outer loop
      vertex 10.6764 5.43697 8
      vertex 10.4823 2.88051 8
      vertex 11.5528 3.17467 8
    endloop
  endfacet
  facet normal 0 0 1
    outer loop
      vertex 10.4823 2.88051 8
      vertex 9.68712 4.93317 8
      vertex 10.4823 -2.88051 8
    endloop
  endfacet
  facet normal -0 0 1
    outer loop
      vertex 9.68712 4.93317 8
      vertex 10.4823 2.88051 8
      vertex 10.6764 5.43697 8
    endloop
  endfacet
  facet normal 0 0 1
    outer loop
      vertex 13.6629 0.737106 8
      vertex 13.85 0 8
      vertex 13.8286 0.653721 8
    endloop
  endfacet
  facet normal 0 0 1
    outer loop
      vertex 13.4683 0.827209 8
      vertex 13.85 0 8
      vertex 13.6629 0.737106 8
    endloop
  endfacet
  facet normal 0 0 1
    outer loop
      vertex 13.85 0 8
      vertex 13.6629 -0.737106 8
      vertex 13.8286 -0.653721 8
    endloop
  endfacet
  facet normal 0 0 1
    outer loop
      vertex 13.2735 0.909393 8
      vertex 13.85 0 8
      vertex 13.4683 0.827209 8
    endloop
  endfacet
  facet normal 0 0 1
    outer loop
      vertex 13.85 0 8
      vertex 13.4683 -0.827209 8
      vertex 13.6629 -0.737106 8
    endloop
  endfacet
  facet normal 0 0 1
    outer loop
      vertex 13.2735 -0.909393 8
      vertex 13.85 0 8
      vertex 13.2735 0.909393 8
    endloop
  endfacet
  facet normal 0 0 1
    outer loop
      vertex 13.85 0 8
      vertex 13.2735 -0.909393 8
      vertex 13.4683 -0.827209 8
    endloop
  endfacet
  facet normal 0 0 1
    outer loop
      vertex 13.0786 0.983414 8
      vertex 13.2735 -0.909393 8
      vertex 13.2735 0.909393 8
    endloop
  endfacet
  facet normal 0 0 1
    outer loop
      vertex 13.0786 0.983414 8
      vertex 13.0786 -0.983414 8
      vertex 13.2735 -0.909393 8
    endloop
  endfacet
  facet normal 0 0 1
    outer loop
      vertex 12.8838 1.04884 8
      vertex 13.0786 -0.983414 8
      vertex 13.0786 0.983414 8
    endloop
  endfacet
  facet normal 0 0 1
    outer loop
      vertex 12.8838 1.04884 8
      vertex 12.8838 -1.04884 8
      vertex 13.0786 -0.983414 8
    endloop
  endfacet
  facet normal 0 0 1
    outer loop
      vertex 12.6893 1.10518 8
      vertex 12.8838 -1.04884 8
      vertex 12.8838 1.04884 8
    endloop
  endfacet
  facet normal 0 0 1
    outer loop
      vertex 12.6893 1.10518 8
      vertex 12.6893 -1.10518 8
      vertex 12.8838 -1.04884 8
    endloop
  endfacet
  facet normal 0 0 1
    outer loop
      vertex 12.4953 1.15169 8
      vertex 12.6893 -1.10518 8
      vertex 12.6893 1.10518 8
    endloop
  endfacet
  facet normal 0 0 1
    outer loop
      vertex 12.4953 1.15169 8
      vertex 12.4953 -1.15169 8
      vertex 12.6893 -1.10518 8
    endloop
  endfacet
  facet normal 0 0 1
    outer loop
      vertex 12.3021 1.18723 8
      vertex 12.4953 -1.15169 8
      vertex 12.4953 1.15169 8
    endloop
  endfacet
  facet normal 0 0 1
    outer loop
      vertex 12.3021 1.18723 8
      vertex 12.3021 -1.18723 8
      vertex 12.4953 -1.15169 8
    endloop
  endfacet
  facet normal 0 0 1
    outer loop
      vertex 12.1099 1.20972 8
      vertex 12.3021 -1.18723 8
      vertex 12.3021 1.18723 8
    endloop
  endfacet
  facet normal 0 0 1
    outer loop
      vertex 12.1099 1.20972 8
      vertex 12.1099 -1.20972 8
      vertex 12.3021 -1.18723 8
    endloop
  endfacet
  facet normal 0 0 1
    outer loop
      vertex 11.9195 1.21306 8
      vertex 12.1099 -1.20972 8
      vertex 12.1099 1.20972 8
    endloop
  endfacet
  facet normal 0 0 1
    outer loop
      vertex 11.9195 1.21306 8
      vertex 11.9195 -1.21306 8
      vertex 12.1099 -1.20972 8
    endloop
  endfacet
  facet normal -0 0 1
    outer loop
      vertex 10.815 1.10066 8
      vertex 11.9195 -1.21306 8
      vertex 11.9195 1.21306 8
    endloop
  endfacet
  facet normal 0 0 1
    outer loop
      vertex 10.815 1.10066 8
      vertex 10.815 -1.10066 8
      vertex 11.9195 -1.21306 8
    endloop
  endfacet
  facet normal 0 0 1
    outer loop
      vertex 10.6898 1.99828 8
      vertex 10.815 -1.10066 8
      vertex 10.815 1.10066 8
    endloop
  endfacet
  facet normal 0 0 1
    outer loop
      vertex 10.6898 1.99828 8
      vertex 10.6898 -1.99828 8
      vertex 10.815 -1.10066 8
    endloop
  endfacet
  facet normal 0 0 1
    outer loop
      vertex 10.4823 2.88051 8
      vertex 10.6898 -1.99828 8
      vertex 10.6898 1.99828 8
    endloop
  endfacet
  facet normal 0 0 1
    outer loop
      vertex 10.6898 -1.99828 8
      vertex 10.4823 2.88051 8
      vertex 10.4823 -2.88051 8
    endloop
  endfacet
  facet normal 0 0 1
    outer loop
      vertex 13.0065 -4.24826 8
      vertex 13.115 -4.45193 8
      vertex 13.134 -4.38927 8
    endloop
  endfacet
  facet normal 0 0 1
    outer loop
      vertex 12.7957 -5.30016 8
      vertex 13.0065 -4.24826 8
      vertex 12.8576 -4.09396 8
    endloop
  endfacet
  facet normal 0 0 1
    outer loop
      vertex 13.0065 -4.24826 8
      vertex 12.7957 -5.30016 8
      vertex 13.115 -4.45193 8
    endloop
  endfacet
  facet normal 0 0 1
    outer loop
      vertex 12.7057 -3.94695 8
      vertex 12.7957 -5.30016 8
      vertex 12.8576 -4.09396 8
    endloop
  endfacet
  facet normal 0 0 1
    outer loop
      vertex 12.0486 -5.64291 8
      vertex 12.7957 -5.30016 8
      vertex 12.7057 -3.94695 8
    endloop
  endfacet
  facet normal 0 0 1
    outer loop
      vertex 12.0486 -5.64291 8
      vertex 12.7057 -3.94695 8
      vertex 12.5507 -3.80753 8
    endloop
  endfacet
  facet normal 0 0 1
    outer loop
      vertex 12.7957 -5.30016 8
      vertex 12.474 -5.62292 8
      vertex 12.6575 -5.60514 8
    endloop
  endfacet
  facet normal 0 0 1
    outer loop
      vertex 11.8402 -5.64154 8
      vertex 12.5507 -3.80753 8
      vertex 12.3927 -3.67615 8
    endloop
  endfacet
  facet normal 0 0 1
    outer loop
      vertex 12.7957 -5.30016 8
      vertex 12.26 -5.63666 8
      vertex 12.474 -5.62292 8
    endloop
  endfacet
  facet normal 0 0 1
    outer loop
      vertex 11.6349 -5.63219 8
      vertex 12.3927 -3.67615 8
      vertex 12.2317 -3.55336 8
    endloop
  endfacet
  facet normal 0 0 1
    outer loop
      vertex 11.4332 -5.61446 8
      vertex 12.2317 -3.55336 8
      vertex 12.0676 -3.43991 8
    endloop
  endfacet
  facet normal 0 0 1
    outer loop
      vertex 12.7957 -5.30016 8
      vertex 12.0486 -5.64291 8
      vertex 12.26 -5.63666 8
    endloop
  endfacet
  facet normal 0 0 1
    outer loop
      vertex 11.2355 -5.58775 8
      vertex 12.0676 -3.43991 8
      vertex 11.9002 -3.33696 8
    endloop
  endfacet
  facet normal 0 0 1
    outer loop
      vertex 12.5507 -3.80753 8
      vertex 11.8402 -5.64154 8
      vertex 12.0486 -5.64291 8
    endloop
  endfacet
  facet normal 0 0 1
    outer loop
      vertex 11.0425 -5.55107 8
      vertex 11.9002 -3.33696 8
      vertex 11.7291 -3.24655 8
    endloop
  endfacet
  facet normal 0 0 1
    outer loop
      vertex 12.3927 -3.67615 8
      vertex 11.6349 -5.63219 8
      vertex 11.8402 -5.64154 8
    endloop
  endfacet
  facet normal 0 0 1
    outer loop
      vertex 10.8551 -5.50261 8
      vertex 11.7291 -3.24655 8
      vertex 11.5528 -3.17467 8
    endloop
  endfacet
  facet normal 0 0 1
    outer loop
      vertex 12.2317 -3.55336 8
      vertex 11.4332 -5.61446 8
      vertex 11.6349 -5.63219 8
    endloop
  endfacet
  facet normal 0 0 1
    outer loop
      vertex 12.0676 -3.43991 8
      vertex 11.2355 -5.58775 8
      vertex 11.4332 -5.61446 8
    endloop
  endfacet
  facet normal 0 0 1
    outer loop
      vertex 11.9002 -3.33696 8
      vertex 11.0425 -5.55107 8
      vertex 11.2355 -5.58775 8
    endloop
  endfacet
  facet normal 0 0 1
    outer loop
      vertex 11.7291 -3.24655 8
      vertex 10.8551 -5.50261 8
      vertex 11.0425 -5.55107 8
    endloop
  endfacet
  facet normal 0 0 1
    outer loop
      vertex 11.5528 -3.17467 8
      vertex 10.6764 -5.43697 8
      vertex 10.8551 -5.50261 8
    endloop
  endfacet
  facet normal 0 0 1
    outer loop
      vertex 10.4823 -2.88051 8
      vertex 10.6764 -5.43697 8
      vertex 11.5528 -3.17467 8
    endloop
  endfacet
  facet normal 0 0 1
    outer loop
      vertex 9.68712 -4.93317 8
      vertex 10.4823 -2.88051 8
      vertex 9.68712 4.93317 8
    endloop
  endfacet
  facet normal 0 0 1
    outer loop
      vertex 10.4823 -2.88051 8
      vertex 9.68712 -4.93317 8
      vertex 10.6764 -5.43697 8
    endloop
  endfacet
  facet normal 0 0 1
    outer loop
      vertex 9.24611 5.72495 8
      vertex 9.68712 -4.93317 8
      vertex 9.68712 4.93317 8
    endloop
  endfacet
  facet normal 0 0 1
    outer loop
      vertex 9.24611 5.72495 8
      vertex 9.24611 -5.72495 8
      vertex 9.68712 -4.93317 8
    endloop
  endfacet
  facet normal 0 0 1
    outer loop
      vertex 8.73392 6.47266 8
      vertex 9.24611 -5.72495 8
      vertex 9.24611 5.72495 8
    endloop
  endfacet
  facet normal 0 0 1
    outer loop
      vertex 9.24611 -5.72495 8
      vertex 8.73392 6.47266 8
      vertex 8.73392 -6.47266 8
    endloop
  endfacet
  facet normal 0 0 1
    outer loop
      vertex 10.413 -9.13193 8
      vertex 10.5936 -8.6599 8
      vertex 10.5105 -8.46222 8
    endloop
  endfacet
  facet normal 0 0 1
    outer loop
      vertex 10.413 -9.13193 8
      vertex 10.5105 -8.46222 8
      vertex 10.4219 -8.27023 8
    endloop
  endfacet
  facet normal 0 0 1
    outer loop
      vertex 10.5936 -8.6599 8
      vertex 10.413 -9.13193 8
      vertex 10.6593 -8.83175 8
    endloop
  endfacet
  facet normal 0 0 1
    outer loop
      vertex 9.19658 -9.61433 8
      vertex 10.4219 -8.27023 8
      vertex 10.3277 -8.08424 8
    endloop
  endfacet
  facet normal 0 0 1
    outer loop
      vertex 9.00269 -9.53775 8
      vertex 10.3277 -8.08424 8
      vertex 10.2279 -7.90468 8
    endloop
  endfacet
  facet normal 0 0 1
    outer loop
      vertex 8.81467 -9.45488 8
      vertex 10.2279 -7.90468 8
      vertex 10.1221 -7.73201 8
    endloop
  endfacet
  facet normal 0 0 1
    outer loop
      vertex 8.63298 -9.36549 8
      vertex 10.1221 -7.73201 8
      vertex 10.0101 -7.56694 8
    endloop
  endfacet
  facet normal 0 0 1
    outer loop
      vertex 8.45828 -9.26917 8
      vertex 10.0101 -7.56694 8
      vertex 9.89116 -7.41048 8
    endloop
  endfacet
  facet normal 0 0 1
    outer loop
      vertex 10.3277 -8.08424 8
      vertex 9.00269 -9.53775 8
      vertex 9.19658 -9.61433 8
    endloop
  endfacet
  facet normal 0 0 1
    outer loop
      vertex 10.413 -9.13193 8
      vertex 9.6004 -9.74934 8
      vertex 9.79342 -9.79342 8
    endloop
  endfacet
  facet normal 0 0 1
    outer loop
      vertex 8.2915 -9.16522 8
      vertex 9.89116 -7.41048 8
      vertex 9.76428 -7.26437 8
    endloop
  endfacet
  facet normal 0 0 1
    outer loop
      vertex 8.13432 -9.05235 8
      vertex 9.76428 -7.26437 8
      vertex 9.62585 -7.13365 8
    endloop
  endfacet
  facet normal 0 0 1
    outer loop
      vertex 9.79342 -9.79342 8
      vertex 9.6004 -9.74934 8
      vertex 9.78523 -9.8011 8
    endloop
  endfacet
  facet normal 0 0 1
    outer loop
      vertex 10.413 -9.13193 8
      vertex 9.3959 -9.68484 8
      vertex 9.6004 -9.74934 8
    endloop
  endfacet
  facet normal 0 0 1
    outer loop
      vertex 10.413 -9.13193 8
      vertex 9.19658 -9.61433 8
      vertex 9.3959 -9.68484 8
    endloop
  endfacet
  facet normal 0 0 1
    outer loop
      vertex 10.4219 -8.27023 8
      vertex 9.19658 -9.61433 8
      vertex 10.413 -9.13193 8
    endloop
  endfacet
  facet normal 0 0 1
    outer loop
      vertex 10.2279 -7.90468 8
      vertex 8.81467 -9.45488 8
      vertex 9.00269 -9.53775 8
    endloop
  endfacet
  facet normal 0 0 1
    outer loop
      vertex 7.99138 -8.92657 8
      vertex 9.62585 -7.13365 8
      vertex 8.73392 -6.47266 8
    endloop
  endfacet
  facet normal 0 0 1
    outer loop
      vertex 10.1221 -7.73201 8
      vertex 8.63298 -9.36549 8
      vertex 8.81467 -9.45488 8
    endloop
  endfacet
  facet normal 0 0 1
    outer loop
      vertex 8.73392 6.47266 8
      vertex 7.2509 8.09944 8
      vertex 8.73392 -6.47266 8
    endloop
  endfacet
  facet normal 0 0 1
    outer loop
      vertex 9.76428 7.26437 8
      vertex 8.13432 9.05235 8
      vertex 9.62585 7.13365 8
    endloop
  endfacet
  facet normal 0 0 1
    outer loop
      vertex 7.2509 -8.09944 8
      vertex 8.73392 -6.47266 8
      vertex 7.2509 8.09944 8
    endloop
  endfacet
  facet normal -0 0 1
    outer loop
      vertex 7.99138 8.92657 8
      vertex 9.62585 7.13365 8
      vertex 8.13432 9.05235 8
    endloop
  endfacet
  facet normal 0 -0 1
    outer loop
      vertex 7.99138 -8.92657 8
      vertex 8.73392 -6.47266 8
      vertex 7.2509 -8.09944 8
    endloop
  endfacet
  facet normal 0 0 1
    outer loop
      vertex 9.62585 7.13365 8
      vertex 7.99138 8.92657 8
      vertex 8.73392 6.47266 8
    endloop
  endfacet
  facet normal 0 0 1
    outer loop
      vertex 9.62585 -7.13365 8
      vertex 7.99138 -8.92657 8
      vertex 8.13432 -9.05235 8
    endloop
  endfacet
  facet normal 0 0 1
    outer loop
      vertex 8.73392 6.47266 8
      vertex 7.99138 8.92657 8
      vertex 7.2509 8.09944 8
    endloop
  endfacet
  facet normal 0 0 1
    outer loop
      vertex 10.0101 -7.56694 8
      vertex 8.45828 -9.26917 8
      vertex 8.63298 -9.36549 8
    endloop
  endfacet
  facet normal 0 0 1
    outer loop
      vertex 9.89116 -7.41048 8
      vertex 8.2915 -9.16522 8
      vertex 8.45828 -9.26917 8
    endloop
  endfacet
  facet normal 0 0 1
    outer loop
      vertex 9.76428 -7.26437 8
      vertex 8.13432 -9.05235 8
      vertex 8.2915 -9.16522 8
    endloop
  endfacet
  facet normal 0 0 1
    outer loop
      vertex 6.55365 8.67844 8
      vertex 7.2509 -8.09944 8
      vertex 7.2509 8.09944 8
    endloop
  endfacet
  facet normal 0 0 1
    outer loop
      vertex 6.55365 8.67844 8
      vertex 6.55365 -8.67844 8
      vertex 7.2509 -8.09944 8
    endloop
  endfacet
  facet normal 0 0 1
    outer loop
      vertex 5.80594 9.19063 8
      vertex 6.55365 -8.67844 8
      vertex 6.55365 8.67844 8
    endloop
  endfacet
  facet normal 0 0 1
    outer loop
      vertex 6.55365 -8.67844 8
      vertex 5.80594 9.19063 8
      vertex 5.80594 -9.19063 8
    endloop
  endfacet
  facet normal 0 0 1
    outer loop
      vertex 6.12569 -12.4217 8
      vertex 6.74989 -11.9019 8
      vertex 6.74382 -11.6876 8
    endloop
  endfacet
  facet normal 0 0 1
    outer loop
      vertex 6.12569 -12.4217 8
      vertex 6.74382 -11.6876 8
      vertex 6.73056 -11.4766 8
    endloop
  endfacet
  facet normal 0 0 1
    outer loop
      vertex 5.10245 -12.2873 8
      vertex 6.73056 -11.4766 8
      vertex 6.70995 -11.2691 8
    endloop
  endfacet
  facet normal 0 0 1
    outer loop
      vertex 4.94931 -12.1458 8
      vertex 6.70995 -11.2691 8
      vertex 6.6817 -11.0656 8
    endloop
  endfacet
  facet normal 0 0 1
    outer loop
      vertex 4.80392 -12.0006 8
      vertex 6.6817 -11.0656 8
      vertex 6.64543 -10.8664 8
    endloop
  endfacet
  facet normal 0 0 1
    outer loop
      vertex 4.66681 -11.8517 8
      vertex 6.64543 -10.8664 8
      vertex 6.6006 -10.672 8
    endloop
  endfacet
  facet normal 0 0 1
    outer loop
      vertex 4.5387 -11.6987 8
      vertex 6.6006 -10.672 8
      vertex 6.54626 -10.4832 8
    endloop
  endfacet
  facet normal 0 0 1
    outer loop
      vertex 4.42075 -11.5415 8
      vertex 6.54626 -10.4832 8
      vertex 6.48073 -10.3011 8
    endloop
  endfacet
  facet normal 0 0 1
    outer loop
      vertex 4.31494 -11.3795 8
      vertex 6.48073 -10.3011 8
      vertex 6.39886 -10.1292 8
    endloop
  endfacet
  facet normal 0 0 1
    outer loop
      vertex 6.74989 -11.9019 8
      vertex 6.12569 -12.4217 8
      vertex 6.74911 -12.0885 8
    endloop
  endfacet
  facet normal 0 0 1
    outer loop
      vertex 4.2271 -11.2106 8
      vertex 6.39886 -10.1292 8
      vertex 5.80594 -9.19063 8
    endloop
  endfacet
  facet normal 0 0 1
    outer loop
      vertex 6.64543 -10.8664 8
      vertex 4.66681 -11.8517 8
      vertex 4.80392 -12.0006 8
    endloop
  endfacet
  facet normal 0 -0 1
    outer loop
      vertex 3.05 0 8
      vertex 5.80594 9.19063 8
      vertex 3.02391 0.398105 8
    endloop
  endfacet
  facet normal 0 0 1
    outer loop
      vertex 5.10245 12.2873 8
      vertex 6.12569 12.4217 8
      vertex 5.26285 12.425 8
    endloop
  endfacet
  facet normal -0 0 1
    outer loop
      vertex 3.02391 -0.398105 8
      vertex 5.80594 -9.19063 8
      vertex 3.05 0 8
    endloop
  endfacet
  facet normal 0 0 1
    outer loop
      vertex 6.70995 11.2691 8
      vertex 5.10245 12.2873 8
      vertex 4.94931 12.1458 8
    endloop
  endfacet
  facet normal -0 0 1
    outer loop
      vertex 2.94607 -0.789397 8
      vertex 5.80594 -9.19063 8
      vertex 3.02391 -0.398105 8
    endloop
  endfacet
  facet normal 0 0 1
    outer loop
      vertex 6.6006 10.672 8
      vertex 4.5387 11.6987 8
      vertex 6.54626 10.4832 8
    endloop
  endfacet
  facet normal -0 0 1
    outer loop
      vertex 2.81783 -1.16718 8
      vertex 5.80594 -9.19063 8
      vertex 2.94607 -0.789397 8
    endloop
  endfacet
  facet normal -0 0 1
    outer loop
      vertex 4.42075 11.5415 8
      vertex 6.54626 10.4832 8
      vertex 4.5387 11.6987 8
    endloop
  endfacet
  facet normal 0 -0 1
    outer loop
      vertex 4.2271 -11.2106 8
      vertex 5.80594 -9.19063 8
      vertex 3.8354 -10.1718 8
    endloop
  endfacet
  facet normal 0 0 1
    outer loop
      vertex 6.54626 10.4832 8
      vertex 4.42075 11.5415 8
      vertex 6.48073 10.3011 8
    endloop
  endfacet
  facet normal 0 0 1
    outer loop
      vertex 6.12569 -12.4217 8
      vertex 5.43024 -12.5591 8
      vertex 5.57813 -12.6698 8
    endloop
  endfacet
  facet normal -0 0 1
    outer loop
      vertex 4.31494 11.3795 8
      vertex 6.48073 10.3011 8
      vertex 4.42075 11.5415 8
    endloop
  endfacet
  facet normal 0 0 1
    outer loop
      vertex 6.12569 -12.4217 8
      vertex 5.26285 -12.425 8
      vertex 5.43024 -12.5591 8
    endloop
  endfacet
  facet normal 0 0 1
    outer loop
      vertex 6.48073 10.3011 8
      vertex 4.31494 11.3795 8
      vertex 6.39886 10.1292 8
    endloop
  endfacet
  facet normal 0 0 1
    outer loop
      vertex 6.12569 -12.4217 8
      vertex 5.10245 -12.2873 8
      vertex 5.26285 -12.425 8
    endloop
  endfacet
  facet normal -0 0 1
    outer loop
      vertex 4.2271 11.2106 8
      vertex 6.39886 10.1292 8
      vertex 4.31494 11.3795 8
    endloop
  endfacet
  facet normal 0 0 1
    outer loop
      vertex 6.73056 -11.4766 8
      vertex 5.10245 -12.2873 8
      vertex 6.12569 -12.4217 8
    endloop
  endfacet
  facet normal 0 0 1
    outer loop
      vertex 6.39886 10.1292 8
      vertex 4.2271 11.2106 8
      vertex 5.80594 9.19063 8
    endloop
  endfacet
  facet normal 0 -0 1
    outer loop
      vertex 5.10245 -12.2873 8
      vertex 6.70995 -11.2691 8
      vertex 4.94931 -12.1458 8
    endloop
  endfacet
  facet normal 0 0 1
    outer loop
      vertex 5.80594 9.19063 8
      vertex 4.2271 11.2106 8
      vertex 3.8354 10.1718 8
    endloop
  endfacet
  facet normal 0 0 1
    outer loop
      vertex 6.6817 -11.0656 8
      vertex 4.80392 -12.0006 8
      vertex 4.94931 -12.1458 8
    endloop
  endfacet
  facet normal 0 0 1
    outer loop
      vertex 1.66176 2.55 8
      vertex 5.80594 9.19063 8
      vertex 3.8354 10.1718 8
    endloop
  endfacet
  facet normal 0 0 1
    outer loop
      vertex 6.6006 -10.672 8
      vertex 4.5387 -11.6987 8
      vertex 4.66681 -11.8517 8
    endloop
  endfacet
  facet normal 0 0 1
    outer loop
      vertex 6.54626 -10.4832 8
      vertex 4.42075 -11.5415 8
      vertex 4.5387 -11.6987 8
    endloop
  endfacet
  facet normal 0 0 1
    outer loop
      vertex 5.80594 9.19063 8
      vertex 3.05 0 8
      vertex 5.80594 -9.19063 8
    endloop
  endfacet
  facet normal 0 0 1
    outer loop
      vertex 1.66176 2.55 8
      vertex 3.8354 10.1718 8
      vertex 2.97607 10.4598 8
    endloop
  endfacet
  facet normal 0 0 1
    outer loop
      vertex 5.80594 9.19063 8
      vertex 2.94607 0.789397 8
      vertex 3.02391 0.398105 8
    endloop
  endfacet
  facet normal 0 0 1
    outer loop
      vertex 5.80594 9.19063 8
      vertex 2.81783 1.16718 8
      vertex 2.94607 0.789397 8
    endloop
  endfacet
  facet normal 0 0 1
    outer loop
      vertex 5.80594 9.19063 8
      vertex 2.64138 1.525 8
      vertex 2.81783 1.16718 8
    endloop
  endfacet
  facet normal 0 0 1
    outer loop
      vertex 5.80594 9.19063 8
      vertex 2.41973 1.85672 8
      vertex 2.64138 1.525 8
    endloop
  endfacet
  facet normal 0 0 1
    outer loop
      vertex 5.80594 9.19063 8
      vertex 2.15668 2.15668 8
      vertex 2.41973 1.85672 8
    endloop
  endfacet
  facet normal 0 0 1
    outer loop
      vertex 1.66176 2.55 8
      vertex 2.97607 10.4598 8
      vertex 2.09384 10.6673 8
    endloop
  endfacet
  facet normal 0 0 1
    outer loop
      vertex 2.32191 11.9466 8
      vertex -0.0871887 12.1698 8
      vertex 2.30766 11.7567 8
    endloop
  endfacet
  facet normal 0 0 1
    outer loop
      vertex 1.80779 13.7315 8
      vertex 2.06638 13.3345 8
      vertex 1.99461 13.5366 8
    endloop
  endfacet
  facet normal 0 0 1
    outer loop
      vertex 1.80779 13.7315 8
      vertex 1.99461 13.5366 8
      vertex 1.92579 13.712 8
    endloop
  endfacet
  facet normal 0 0 1
    outer loop
      vertex 5.80594 9.19063 8
      vertex 1.85672 2.41973 8
      vertex 2.15668 2.15668 8
    endloop
  endfacet
  facet normal 0 0 1
    outer loop
      vertex 2.06638 13.3345 8
      vertex 1.80779 13.7315 8
      vertex 0.905832 13.8203 8
    endloop
  endfacet
  facet normal 0 -0 1
    outer loop
      vertex 1.66176 2.55 8
      vertex 2.09384 10.6673 8
      vertex -0.0980682 10.8705 8
    endloop
  endfacet
  facet normal 0 0 1
    outer loop
      vertex 2.13023 13.133 8
      vertex 0.905832 13.8203 8
      vertex 0.319199 13.3008 8
    endloop
  endfacet
  facet normal 0 0 1
    outer loop
      vertex 0.526688 13.6726 8
      vertex 0.905832 13.8203 8
      vertex 0.624771 13.8295 8
    endloop
  endfacet
  facet normal 0 0 1
    outer loop
      vertex 0.419006 13.4872 8
      vertex 0.905832 13.8203 8
      vertex 0.526688 13.6726 8
    endloop
  endfacet
  facet normal 0 0 1
    outer loop
      vertex 0.319199 13.3008 8
      vertex 0.905832 13.8203 8
      vertex 0.419006 13.4872 8
    endloop
  endfacet
  facet normal 0 0 1
    outer loop
      vertex 2.13023 13.133 8
      vertex 0.319199 13.3008 8
      vertex 0.227509 13.1136 8
    endloop
  endfacet
  facet normal 0 0 1
    outer loop
      vertex 2.18596 12.9321 8
      vertex 0.227509 13.1136 8
      vertex 0.144394 12.9256 8
    endloop
  endfacet
  facet normal 0 0 1
    outer loop
      vertex 2.23314 12.7321 8
      vertex 0.144394 12.9256 8
      vertex 0.0703583 12.7372 8
    endloop
  endfacet
  facet normal 0 0 1
    outer loop
      vertex 2.2997 12.3358 8
      vertex 0.00614929 12.5483 8
      vertex -0.0470581 12.3591 8
    endloop
  endfacet
  facet normal -0 0 1
    outer loop
      vertex -0.0871887 12.1698 8
      vertex 2.31725 12.14 8
      vertex -0.0470581 12.3591 8
    endloop
  endfacet
  facet normal -0 0 1
    outer loop
      vertex -0.108078 11.9806 8
      vertex 2.30766 11.7567 8
      vertex -0.0871887 12.1698 8
    endloop
  endfacet
  facet normal 0 0 1
    outer loop
      vertex 2.30766 11.7567 8
      vertex -0.108078 11.9806 8
      vertex 2.09384 10.6673 8
    endloop
  endfacet
  facet normal 0 0 1
    outer loop
      vertex 5.80594 9.19063 8
      vertex 1.66176 2.55 8
      vertex 1.85672 2.41973 8
    endloop
  endfacet
  facet normal 0 0 1
    outer loop
      vertex -1.66176 2.55 8
      vertex -0.0980682 10.8705 8
      vertex -1.00342 10.8286 8
    endloop
  endfacet
  facet normal 0 0 1
    outer loop
      vertex -0.0980682 10.8705 8
      vertex -1.66176 2.55 8
      vertex 1.66176 2.55 8
    endloop
  endfacet
  facet normal -0 0 1
    outer loop
      vertex -1.90103 10.7034 8
      vertex -1.66176 2.55 8
      vertex -1.00342 10.8286 8
    endloop
  endfacet
  facet normal -0 0 1
    outer loop
      vertex -4.01831 10.101 8
      vertex -1.66176 2.55 8
      vertex -1.90103 10.7034 8
    endloop
  endfacet
  facet normal 0 0 1
    outer loop
      vertex -4.01831 10.101 8
      vertex -1.90103 10.7034 8
      vertex -2.09517 11.7964 8
    endloop
  endfacet
  facet normal 0 0 1
    outer loop
      vertex -4.42867 11.1325 8
      vertex -2.09517 11.7964 8
      vertex -2.15048 11.9786 8
    endloop
  endfacet
  facet normal -0 0 1
    outer loop
      vertex -4.8474 9.73489 8
      vertex -1.66176 2.55 8
      vertex -4.01831 10.101 8
    endloop
  endfacet
  facet normal 0 0 1
    outer loop
      vertex -4.47755 11.3165 8
      vertex -2.15048 11.9786 8
      vertex -2.22472 12.1573 8
    endloop
  endfacet
  facet normal 0 0 1
    outer loop
      vertex -4.50851 11.5076 8
      vertex -2.22472 12.1573 8
      vertex -2.31178 12.3335 8
    endloop
  endfacet
  facet normal 0 0 1
    outer loop
      vertex -4.52722 11.7032 8
      vertex -2.31178 12.3335 8
      vertex -2.40961 12.5074 8
    endloop
  endfacet
  facet normal -0 0 1
    outer loop
      vertex -5.63918 9.29388 8
      vertex -1.66176 2.55 8
      vertex -4.8474 9.73489 8
    endloop
  endfacet
  facet normal 0 0 1
    outer loop
      vertex -4.53558 11.9025 8
      vertex -2.40961 12.5074 8
      vertex -2.51701 12.679 8
    endloop
  endfacet
  facet normal 0 0 1
    outer loop
      vertex -4.53462 12.105 8
      vertex -2.51701 12.679 8
      vertex -2.63326 12.8485 8
    endloop
  endfacet
  facet normal 0 0 1
    outer loop
      vertex -1.66176 2.55 8
      vertex -5.63918 9.29388 8
      vertex -1.85672 2.41973 8
    endloop
  endfacet
  facet normal 0 0 1
    outer loop
      vertex -4.52499 12.3102 8
      vertex -2.63326 12.8485 8
      vertex -2.75778 13.0157 8
    endloop
  endfacet
  facet normal -0 0 1
    outer loop
      vertex -7.39586 7.96729 8
      vertex -1.85672 2.41973 8
      vertex -5.63918 9.29388 8
    endloop
  endfacet
  facet normal 0 0 1
    outer loop
      vertex -3.58464 13.3781 8
      vertex -2.75778 13.0157 8
      vertex -2.89014 13.1805 8
    endloop
  endfacet
  facet normal 0 0 1
    outer loop
      vertex -1.85672 2.41973 8
      vertex -7.39586 7.96729 8
      vertex -2.15668 2.15668 8
    endloop
  endfacet
  facet normal -0 0 1
    outer loop
      vertex -8.03671 7.32643 8
      vertex -2.15668 2.15668 8
      vertex -7.39586 7.96729 8
    endloop
  endfacet
  facet normal 0 0 1
    outer loop
      vertex -3.58464 13.3781 8
      vertex -2.89014 13.1805 8
      vertex -3.03004 13.343 8
    endloop
  endfacet
  facet normal 0 0 1
    outer loop
      vertex -2.15668 2.15668 8
      vertex -8.03671 7.32643 8
      vertex -2.41973 1.85672 8
    endloop
  endfacet
  facet normal -0 0 1
    outer loop
      vertex -3.58464 13.3781 8
      vertex -3.03004 13.343 8
      vertex -3.15447 13.4784 8
    endloop
  endfacet
  facet normal 0 0 1
    outer loop
      vertex 6.48073 -10.3011 8
      vertex 4.31494 -11.3795 8
      vertex 4.42075 -11.5415 8
    endloop
  endfacet
  facet normal 0 0 1
    outer loop
      vertex 6.39886 -10.1292 8
      vertex 4.2271 -11.2106 8
      vertex 4.31494 -11.3795 8
    endloop
  endfacet
  facet normal -0 0 1
    outer loop
      vertex 2.64138 -1.525 8
      vertex 5.80594 -9.19063 8
      vertex 2.81783 -1.16718 8
    endloop
  endfacet
  facet normal -0 0 1
    outer loop
      vertex 2.41973 -1.85672 8
      vertex 5.80594 -9.19063 8
      vertex 2.64138 -1.525 8
    endloop
  endfacet
  facet normal -0 0 1
    outer loop
      vertex 2.15668 -2.15668 8
      vertex 5.80594 -9.19063 8
      vertex 2.41973 -1.85672 8
    endloop
  endfacet
  facet normal -0 0 1
    outer loop
      vertex 1.85672 -2.41973 8
      vertex 5.80594 -9.19063 8
      vertex 2.15668 -2.15668 8
    endloop
  endfacet
  facet normal -0 0 1
    outer loop
      vertex 1.525 -2.64138 8
      vertex 5.80594 -9.19063 8
      vertex 1.85672 -2.41973 8
    endloop
  endfacet
  facet normal 0 0 1
    outer loop
      vertex 5.80594 -9.19063 8
      vertex 1.525 -2.64138 8
      vertex 3.8354 -10.1718 8
    endloop
  endfacet
  facet normal -0 0 1
    outer loop
      vertex 1.16718 -2.81783 8
      vertex 3.8354 -10.1718 8
      vertex 1.525 -2.64138 8
    endloop
  endfacet
  facet normal -0 0 1
    outer loop
      vertex 0.789397 -2.94607 8
      vertex 3.8354 -10.1718 8
      vertex 1.16718 -2.81783 8
    endloop
  endfacet
  facet normal 0 0 1
    outer loop
      vertex -0.108078 -11.9806 8
      vertex 2.09384 -10.6673 8
      vertex -0.0980682 -10.8705 8
    endloop
  endfacet
  facet normal 0 -0 1
    outer loop
      vertex -0.0871887 -12.1698 8
      vertex 2.09384 -10.6673 8
      vertex -0.108078 -11.9806 8
    endloop
  endfacet
  facet normal 0 -0 1
    outer loop
      vertex -0.0470581 -12.3591 8
      vertex 2.09384 -10.6673 8
      vertex -0.0871887 -12.1698 8
    endloop
  endfacet
  facet normal 0 0 1
    outer loop
      vertex 3.8354 -10.1718 8
      vertex 0.789397 -2.94607 8
      vertex 2.97607 -10.4598 8
    endloop
  endfacet
  facet normal 0 0 1
    outer loop
      vertex 2.97607 -10.4598 8
      vertex 0.789397 -2.94607 8
      vertex 2.09384 -10.6673 8
    endloop
  endfacet
  facet normal 0 0 1
    outer loop
      vertex 2.09384 -10.6673 8
      vertex -0.0470581 -12.3591 8
      vertex 2.06638 -13.3345 8
    endloop
  endfacet
  facet normal -0 0 1
    outer loop
      vertex 0.398105 -3.02391 8
      vertex 2.09384 -10.6673 8
      vertex 0.789397 -2.94607 8
    endloop
  endfacet
  facet normal -0 -0 1
    outer loop
      vertex 0.0703583 -12.7372 8
      vertex 2.06638 -13.3345 8
      vertex 0.00614929 -12.5483 8
    endloop
  endfacet
  facet normal -0 -0 1
    outer loop
      vertex 0.144394 -12.9256 8
      vertex 2.06638 -13.3345 8
      vertex 0.0703583 -12.7372 8
    endloop
  endfacet
  facet normal 0 0 1
    outer loop
      vertex 0.905832 -13.8203 8
      vertex 0.526688 -13.6726 8
      vertex 0.624771 -13.8295 8
    endloop
  endfacet
  facet normal 0 0 1
    outer loop
      vertex 2.09384 -10.6673 8
      vertex 0.398105 -3.02391 8
      vertex -0.0980682 -10.8705 8
    endloop
  endfacet
  facet normal 0 0 1
    outer loop
      vertex 0.905832 -13.8203 8
      vertex 0.419006 -13.4872 8
      vertex 0.526688 -13.6726 8
    endloop
  endfacet
  facet normal 0 0 1
    outer loop
      vertex 0.905832 -13.8203 8
      vertex 0.319199 -13.3008 8
      vertex 0.419006 -13.4872 8
    endloop
  endfacet
  facet normal 0 0 1
    outer loop
      vertex 2.06638 -13.3345 8
      vertex 1.80779 -13.7315 8
      vertex 1.99461 -13.5366 8
    endloop
  endfacet
  facet normal 0 -0 1
    outer loop
      vertex 1.80779 -13.7315 8
      vertex 2.06638 -13.3345 8
      vertex 0.905832 -13.8203 8
    endloop
  endfacet
  facet normal -0 -0 1
    outer loop
      vertex 0.227509 -13.1136 8
      vertex 2.06638 -13.3345 8
      vertex 0.144394 -12.9256 8
    endloop
  endfacet
  facet normal 0 0 1
    outer loop
      vertex -0.0980682 -10.8705 8
      vertex 0.398105 -3.02391 8
      vertex 0 -3.05 8
    endloop
  endfacet
  facet normal 0 -0 1
    outer loop
      vertex 0.905832 -13.8203 8
      vertex 2.06638 -13.3345 8
      vertex 0.319199 -13.3008 8
    endloop
  endfacet
  facet normal -0 -0 1
    outer loop
      vertex 0.319199 -13.3008 8
      vertex 2.06638 -13.3345 8
      vertex 0.227509 -13.1136 8
    endloop
  endfacet
  facet normal 0 0 1
    outer loop
      vertex 1.99461 -13.5366 8
      vertex 1.80779 -13.7315 8
      vertex 1.92579 -13.712 8
    endloop
  endfacet
  facet normal 0 0 1
    outer loop
      vertex -1.00342 -10.8286 8
      vertex 0 -3.05 8
      vertex -0.398105 -3.02391 8
    endloop
  endfacet
  facet normal 0 0 1
    outer loop
      vertex -1.90103 -10.7034 8
      vertex -0.398105 -3.02391 8
      vertex -0.789397 -2.94607 8
    endloop
  endfacet
  facet normal 0 0 1
    outer loop
      vertex 0 -3.05 8
      vertex -1.00342 -10.8286 8
      vertex -0.0980682 -10.8705 8
    endloop
  endfacet
  facet normal 0 0 1
    outer loop
      vertex -4.01831 -10.101 8
      vertex -0.789397 -2.94607 8
      vertex -1.16718 -2.81783 8
    endloop
  endfacet
  facet normal 0 0 1
    outer loop
      vertex -4.8474 -9.73489 8
      vertex -1.16718 -2.81783 8
      vertex -1.525 -2.64138 8
    endloop
  endfacet
  facet normal 0 0 1
    outer loop
      vertex -5.63918 -9.29388 8
      vertex -1.525 -2.64138 8
      vertex -1.85672 -2.41973 8
    endloop
  endfacet
  facet normal 0 0 1
    outer loop
      vertex -0.398105 -3.02391 8
      vertex -1.90103 -10.7034 8
      vertex -1.00342 -10.8286 8
    endloop
  endfacet
  facet normal 0 0 1
    outer loop
      vertex -0.789397 -2.94607 8
      vertex -4.01831 -10.101 8
      vertex -1.90103 -10.7034 8
    endloop
  endfacet
  facet normal 0 0 1
    outer loop
      vertex -1.90103 -10.7034 8
      vertex -4.01831 -10.101 8
      vertex -2.09517 -11.7964 8
    endloop
  endfacet
  facet normal 0 0 1
    outer loop
      vertex -7.39586 -7.96729 8
      vertex -1.85672 -2.41973 8
      vertex -2.15668 -2.15668 8
    endloop
  endfacet
  facet normal -0 0 1
    outer loop
      vertex -4.42867 -11.1325 8
      vertex -2.09517 -11.7964 8
      vertex -4.01831 -10.101 8
    endloop
  endfacet
  facet normal 0 0 1
    outer loop
      vertex -2.09517 -11.7964 8
      vertex -4.42867 -11.1325 8
      vertex -2.15048 -11.9786 8
    endloop
  endfacet
  facet normal -0 0 1
    outer loop
      vertex -4.47755 -11.3165 8
      vertex -2.15048 -11.9786 8
      vertex -4.42867 -11.1325 8
    endloop
  endfacet
  facet normal 0 0 1
    outer loop
      vertex -8.03671 -7.32643 8
      vertex -2.15668 -2.15668 8
      vertex -2.41973 -1.85672 8
    endloop
  endfacet
  facet normal 0 0 1
    outer loop
      vertex -2.15048 -11.9786 8
      vertex -4.47755 -11.3165 8
      vertex -2.22472 -12.1573 8
    endloop
  endfacet
  facet normal -0 0 1
    outer loop
      vertex -4.50851 -11.5076 8
      vertex -2.22472 -12.1573 8
      vertex -4.47755 -11.3165 8
    endloop
  endfacet
  facet normal 0 0 1
    outer loop
      vertex -8.61572 -6.62918 8
      vertex -2.41973 -1.85672 8
      vertex -2.64138 -1.525 8
    endloop
  endfacet
  facet normal 0 0 1
    outer loop
      vertex -2.22472 -12.1573 8
      vertex -4.50851 -11.5076 8
      vertex -2.31178 -12.3335 8
    endloop
  endfacet
  facet normal 0 0 1
    outer loop
      vertex -9.77455 -4.75758 8
      vertex -2.64138 -1.525 8
      vertex -2.81783 -1.16718 8
    endloop
  endfacet
  facet normal -0 0 1
    outer loop
      vertex -4.52722 -11.7032 8
      vertex -2.31178 -12.3335 8
      vertex -4.50851 -11.5076 8
    endloop
  endfacet
  facet normal 0 0 1
    outer loop
      vertex -10.1406 -3.9285 8
      vertex -2.81783 -1.16718 8
      vertex -2.94607 -0.789397 8
    endloop
  endfacet
  facet normal 0 0 1
    outer loop
      vertex -10.4286 -3.06917 8
      vertex -2.94607 -0.789397 8
      vertex -3.02391 -0.398105 8
    endloop
  endfacet
  facet normal 0 0 1
    outer loop
      vertex -2.31178 -12.3335 8
      vertex -4.52722 -11.7032 8
      vertex -2.40961 -12.5074 8
    endloop
  endfacet
  facet normal 0 0 1
    outer loop
      vertex -10.8331 -0.905334 8
      vertex -3.02391 -0.398105 8
      vertex -3.05 0 8
    endloop
  endfacet
  facet normal -0 0 1
    outer loop
      vertex -8.61572 6.62918 8
      vertex -2.41973 1.85672 8
      vertex -8.03671 7.32643 8
    endloop
  endfacet
  facet normal 0 0 1
    outer loop
      vertex -2.41973 1.85672 8
      vertex -8.61572 6.62918 8
      vertex -2.64138 1.525 8
    endloop
  endfacet
  facet normal 0 0 1
    outer loop
      vertex -2.75778 13.0157 8
      vertex -3.58464 13.3781 8
      vertex -4.50714 12.5179 8
    endloop
  endfacet
  facet normal -0 0 1
    outer loop
      vertex -4.53558 -11.9025 8
      vertex -2.40961 -12.5074 8
      vertex -4.52722 -11.7032 8
    endloop
  endfacet
  facet normal 0 0 1
    outer loop
      vertex -2.40961 -12.5074 8
      vertex -4.53558 -11.9025 8
      vertex -2.51701 -12.679 8
    endloop
  endfacet
  facet normal 0 0 1
    outer loop
      vertex -4.44798 12.9396 8
      vertex -3.58464 13.3781 8
      vertex -4.41213 13.127 8
    endloop
  endfacet
  facet normal 0 0 1
    outer loop
      vertex -4.4814 12.7278 8
      vertex -3.58464 13.3781 8
      vertex -4.44798 12.9396 8
    endloop
  endfacet
  facet normal 0 0 1
    outer loop
      vertex -4.50714 12.5179 8
      vertex -3.58464 13.3781 8
      vertex -4.4814 12.7278 8
    endloop
  endfacet
  facet normal 0 0 1
    outer loop
      vertex -2.75778 13.0157 8
      vertex -4.50714 12.5179 8
      vertex -4.52499 12.3102 8
    endloop
  endfacet
  facet normal 0 0 1
    outer loop
      vertex -2.63326 12.8485 8
      vertex -4.52499 12.3102 8
      vertex -4.53462 12.105 8
    endloop
  endfacet
  facet normal 0 0 1
    outer loop
      vertex -2.09517 11.7964 8
      vertex -4.42867 11.1325 8
      vertex -4.01831 10.101 8
    endloop
  endfacet
  facet normal 0 0 1
    outer loop
      vertex -2.51701 12.679 8
      vertex -4.53462 12.105 8
      vertex -4.53558 11.9025 8
    endloop
  endfacet
  facet normal 0 0 1
    outer loop
      vertex -2.40961 12.5074 8
      vertex -4.53558 11.9025 8
      vertex -4.52722 11.7032 8
    endloop
  endfacet
  facet normal 0 0 1
    outer loop
      vertex -2.15048 11.9786 8
      vertex -4.47755 11.3165 8
      vertex -4.42867 11.1325 8
    endloop
  endfacet
  facet normal 0 0 1
    outer loop
      vertex -2.22472 12.1573 8
      vertex -4.50851 11.5076 8
      vertex -4.47755 11.3165 8
    endloop
  endfacet
  facet normal 0 0 1
    outer loop
      vertex -2.31178 12.3335 8
      vertex -4.52722 11.7032 8
      vertex -4.50851 11.5076 8
    endloop
  endfacet
  facet normal 0 0 1
    outer loop
      vertex -3.05 0 8
      vertex -10.875 0 8
      vertex -10.8331 -0.905334 8
    endloop
  endfacet
  facet normal -0 0 1
    outer loop
      vertex -10.8331 0.905334 8
      vertex -3.02391 0.398105 8
      vertex -10.4286 3.06917 8
    endloop
  endfacet
  facet normal 0 0 1
    outer loop
      vertex -2.81783 -1.16718 8
      vertex -10.1406 -3.9285 8
      vertex -9.77455 -4.75758 8
    endloop
  endfacet
  facet normal 0 0 1
    outer loop
      vertex -3.02391 0.398105 8
      vertex -10.8331 0.905334 8
      vertex -3.05 0 8
    endloop
  endfacet
  facet normal 0 0 1
    outer loop
      vertex -2.94607 -0.789397 8
      vertex -10.4286 -3.06917 8
      vertex -10.1406 -3.9285 8
    endloop
  endfacet
  facet normal 0 0 1
    outer loop
      vertex -10.875 0 8
      vertex -3.05 0 8
      vertex -10.8331 0.905334 8
    endloop
  endfacet
  facet normal 0 0 1
    outer loop
      vertex -11.4937 3.3826 8
      vertex -10.8331 0.905334 8
      vertex -10.4286 3.06917 8
    endloop
  endfacet
  facet normal 0 0 1
    outer loop
      vertex -11.9395 0.997787 8
      vertex -11.4937 3.3826 8
      vertex -11.6814 3.41429 8
    endloop
  endfacet
  facet normal 0 0 1
    outer loop
      vertex -12.126 1.03606 8
      vertex -11.6814 3.41429 8
      vertex -11.8745 3.42751 8
    endloop
  endfacet
  facet normal 0 0 1
    outer loop
      vertex -11.4937 3.3826 8
      vertex -11.9395 0.997787 8
      vertex -10.8331 0.905334 8
    endloop
  endfacet
  facet normal 0 0 1
    outer loop
      vertex -12.3108 1.09348 8
      vertex -11.8745 3.42751 8
      vertex -12.071 3.42809 8
    endloop
  endfacet
  facet normal 0 0 1
    outer loop
      vertex -11.6814 3.41429 8
      vertex -12.126 1.03606 8
      vertex -11.9395 0.997787 8
    endloop
  endfacet
  facet normal 0 0 1
    outer loop
      vertex -12.4942 1.16393 8
      vertex -12.071 3.42809 8
      vertex -12.2702 3.41801 8
    endloop
  endfacet
  facet normal 0 0 1
    outer loop
      vertex -11.8745 3.42751 8
      vertex -12.3108 1.09348 8
      vertex -12.126 1.03606 8
    endloop
  endfacet
  facet normal 0 0 1
    outer loop
      vertex -12.6764 1.24529 8
      vertex -12.2702 3.41801 8
      vertex -12.4717 3.39838 8
    endloop
  endfacet
  facet normal 0 0 1
    outer loop
      vertex -12.071 3.42809 8
      vertex -12.4942 1.16393 8
      vertex -12.3108 1.09348 8
    endloop
  endfacet
  facet normal 0 0 1
    outer loop
      vertex -12.8572 1.33641 8
      vertex -12.4717 3.39838 8
      vertex -12.6752 3.36986 8
    endloop
  endfacet
  facet normal 0 0 1
    outer loop
      vertex -12.2702 3.41801 8
      vertex -12.6764 1.24529 8
      vertex -12.4942 1.16393 8
    endloop
  endfacet
  facet normal 0 0 1
    outer loop
      vertex -12.4717 3.39838 8
      vertex -12.8572 1.33641 8
      vertex -12.6764 1.24529 8
    endloop
  endfacet
  facet normal 0 0 1
    outer loop
      vertex -13.0366 1.43651 8
      vertex -12.6752 3.36986 8
      vertex -12.8804 3.3329 8
    endloop
  endfacet
  facet normal 0 0 1
    outer loop
      vertex -12.6752 3.36986 8
      vertex -13.0366 1.43651 8
      vertex -12.8572 1.33641 8
    endloop
  endfacet
  facet normal 0 0 1
    outer loop
      vertex -13.5839 2.702 8
      vertex -12.8804 3.3329 8
      vertex -13.087 3.28792 8
    endloop
  endfacet
  facet normal 0 0 1
    outer loop
      vertex -12.8804 3.3329 8
      vertex -13.2146 1.54509 8
      vertex -13.0366 1.43651 8
    endloop
  endfacet
  facet normal 0 0 1
    outer loop
      vertex -13.5839 2.702 8
      vertex -13.087 3.28792 8
      vertex -13.2948 3.23509 8
    endloop
  endfacet
  facet normal 0 0 1
    outer loop
      vertex -12.8804 3.3329 8
      vertex -13.5839 2.702 8
      vertex -13.2146 1.54509 8
    endloop
  endfacet
  facet normal 0 0 1
    outer loop
      vertex -13.5839 2.702 8
      vertex -13.2948 3.23509 8
      vertex -13.4715 3.18402 8
    endloop
  endfacet
  facet normal 0 0 1
    outer loop
      vertex -13.2146 1.54509 8
      vertex -13.5839 2.702 8
      vertex -13.391 1.66167 8
    endloop
  endfacet
  facet normal 0 0 1
    outer loop
      vertex -13.391 1.66167 8
      vertex -13.5839 2.702 8
      vertex -13.5657 1.78598 8
    endloop
  endfacet
  facet normal 0 0 1
    outer loop
      vertex -13.5657 1.78598 8
      vertex -13.5839 2.702 8
      vertex -13.7162 1.90063 8
    endloop
  endfacet
  facet normal 0 0 1
    outer loop
      vertex -2.81783 1.16718 8
      vertex -10.1406 3.9285 8
      vertex -2.94607 0.789397 8
    endloop
  endfacet
  facet normal 0 0 1
    outer loop
      vertex -2.15668 -2.15668 8
      vertex -8.03671 -7.32643 8
      vertex -7.39586 -7.96729 8
    endloop
  endfacet
  facet normal -0 0 1
    outer loop
      vertex -10.4286 3.06917 8
      vertex -2.94607 0.789397 8
      vertex -10.1406 3.9285 8
    endloop
  endfacet
  facet normal 0 0 1
    outer loop
      vertex -2.41973 -1.85672 8
      vertex -8.61572 -6.62918 8
      vertex -8.03671 -7.32643 8
    endloop
  endfacet
  facet normal 0 0 1
    outer loop
      vertex -9.77455 4.75758 8
      vertex -8.61572 6.62918 8
      vertex -9.49557 7.30617 8
    endloop
  endfacet
  facet normal 0 0 1
    outer loop
      vertex -2.94607 0.789397 8
      vertex -10.4286 3.06917 8
      vertex -3.02391 0.398105 8
    endloop
  endfacet
  facet normal 0 0 1
    outer loop
      vertex -10.7728 5.24344 8
      vertex -9.49557 7.30617 8
      vertex -9.65918 7.40355 8
    endloop
  endfacet
  facet normal 0 0 1
    outer loop
      vertex -2.64138 -1.525 8
      vertex -9.77455 -4.75758 8
      vertex -8.61572 -6.62918 8
    endloop
  endfacet
  facet normal 0 0 1
    outer loop
      vertex -8.61572 -6.62918 8
      vertex -9.77455 -4.75758 8
      vertex -9.49557 -7.30617 8
    endloop
  endfacet
  facet normal 0 0 1
    outer loop
      vertex -10.9328 5.3465 8
      vertex -9.65918 7.40355 8
      vertex -9.83444 7.4856 8
    endloop
  endfacet
  facet normal 0 0 1
    outer loop
      vertex -11.0844 5.4668 8
      vertex -9.83444 7.4856 8
      vertex -10.0175 7.55713 8
    endloop
  endfacet
  facet normal 0 0 1
    outer loop
      vertex -11.23 5.59875 8
      vertex -10.0175 7.55713 8
      vertex -10.2069 7.61972 8
    endloop
  endfacet
  facet normal 0 0 1
    outer loop
      vertex -11.3705 5.74043 8
      vertex -10.2069 7.61972 8
      vertex -10.4019 7.67421 8
    endloop
  endfacet
  facet normal 0 0 1
    outer loop
      vertex -11.5062 5.89072 8
      vertex -10.4019 7.67421 8
      vertex -10.602 7.72112 8
    endloop
  endfacet
  facet normal 0 0 1
    outer loop
      vertex -9.49557 7.30617 8
      vertex -10.7728 5.24344 8
      vertex -9.77455 4.75758 8
    endloop
  endfacet
  facet normal 0 0 1
    outer loop
      vertex -11.6374 6.04887 8
      vertex -10.602 7.72112 8
      vertex -10.8066 7.76077 8
    endloop
  endfacet
  facet normal 0 0 1
    outer loop
      vertex -9.65918 7.40355 8
      vertex -10.9328 5.3465 8
      vertex -10.7728 5.24344 8
    endloop
  endfacet
  facet normal 0 0 1
    outer loop
      vertex -11.9944 6.925 8
      vertex -10.8066 7.76077 8
      vertex -11.0155 7.79346 8
    endloop
  endfacet
  facet normal 0 0 1
    outer loop
      vertex -9.83444 7.4856 8
      vertex -11.0844 5.4668 8
      vertex -10.9328 5.3465 8
    endloop
  endfacet
  facet normal 0 0 1
    outer loop
      vertex -11.5158 7.69464 8
      vertex -11.0155 7.79346 8
      vertex -11.2284 7.81927 8
    endloop
  endfacet
  facet normal 0 0 1
    outer loop
      vertex -10.0175 7.55713 8
      vertex -11.23 5.59875 8
      vertex -11.0844 5.4668 8
    endloop
  endfacet
  facet normal 0 0 1
    outer loop
      vertex -10.2069 7.61972 8
      vertex -11.3705 5.74043 8
      vertex -11.23 5.59875 8
    endloop
  endfacet
  facet normal 0 0 1
    outer loop
      vertex -11.5158 7.69464 8
      vertex -11.2284 7.81927 8
      vertex -11.4147 7.83575 8
    endloop
  endfacet
  facet normal 0 0 1
    outer loop
      vertex -11.9944 6.925 8
      vertex -11.0155 7.79346 8
      vertex -11.5158 7.69464 8
    endloop
  endfacet
  facet normal 0 0 1
    outer loop
      vertex -10.4019 7.67421 8
      vertex -11.5062 5.89072 8
      vertex -11.3705 5.74043 8
    endloop
  endfacet
  facet normal 0 0 1
    outer loop
      vertex -10.602 7.72112 8
      vertex -11.6374 6.04887 8
      vertex -11.5062 5.89072 8
    endloop
  endfacet
  facet normal 0 0 1
    outer loop
      vertex -10.8066 7.76077 8
      vertex -11.7641 6.2144 8
      vertex -11.6374 6.04887 8
    endloop
  endfacet
  facet normal 0 0 1
    outer loop
      vertex -10.8066 7.76077 8
      vertex -11.9944 6.925 8
      vertex -11.7641 6.2144 8
    endloop
  endfacet
  facet normal 0 0 1
    outer loop
      vertex -11.7641 6.2144 8
      vertex -11.9944 6.925 8
      vertex -11.8864 6.38684 8
    endloop
  endfacet
  facet normal 0 0 1
    outer loop
      vertex -11.9944 6.925 8
      vertex -12.0045 6.56587 8
      vertex -11.8864 6.38684 8
    endloop
  endfacet
  facet normal 0 -0 1
    outer loop
      vertex -12.0045 6.56587 8
      vertex -11.9944 6.925 8
      vertex -12.1017 6.72439 8
    endloop
  endfacet
  facet normal -0 0 1
    outer loop
      vertex -9.77455 4.75758 8
      vertex -2.64138 1.525 8
      vertex -8.61572 6.62918 8
    endloop
  endfacet
  facet normal 0 0 1
    outer loop
      vertex -1.16718 -2.81783 8
      vertex -4.8474 -9.73489 8
      vertex -4.01831 -10.101 8
    endloop
  endfacet
  facet normal 0 0 1
    outer loop
      vertex -2.64138 1.525 8
      vertex -9.77455 4.75758 8
      vertex -2.81783 1.16718 8
    endloop
  endfacet
  facet normal 0 0 1
    outer loop
      vertex -1.525 -2.64138 8
      vertex -5.63918 -9.29388 8
      vertex -4.8474 -9.73489 8
    endloop
  endfacet
  facet normal 0 0 1
    outer loop
      vertex -7.39586 7.96729 8
      vertex -5.63918 9.29388 8
      vertex -6.21506 10.243 8
    endloop
  endfacet
  facet normal -0 0 1
    outer loop
      vertex -10.1406 3.9285 8
      vertex -2.81783 1.16718 8
      vertex -9.77455 4.75758 8
    endloop
  endfacet
  facet normal 0 0 1
    outer loop
      vertex -8.15114 8.78093 8
      vertex -6.21506 10.243 8
      vertex -6.33244 10.3929 8
    endloop
  endfacet
  facet normal 0 0 1
    outer loop
      vertex -1.85672 -2.41973 8
      vertex -7.39586 -7.96729 8
      vertex -5.63918 -9.29388 8
    endloop
  endfacet
  facet normal 0 0 1
    outer loop
      vertex -8.2632 8.93486 8
      vertex -6.33244 10.3929 8
      vertex -6.46622 10.5327 8
    endloop
  endfacet
  facet normal 0 0 1
    outer loop
      vertex -5.63918 -9.29388 8
      vertex -7.39586 -7.96729 8
      vertex -6.21506 -10.243 8
    endloop
  endfacet
  facet normal 0 0 1
    outer loop
      vertex -8.36108 9.10181 8
      vertex -6.46622 10.5327 8
      vertex -6.61105 10.6655 8
    endloop
  endfacet
  facet normal -0 0 1
    outer loop
      vertex -8.15114 -8.78093 8
      vertex -6.21506 -10.243 8
      vertex -7.39586 -7.96729 8
    endloop
  endfacet
  facet normal 0 0 1
    outer loop
      vertex -8.44919 9.27745 8
      vertex -6.61105 10.6655 8
      vertex -6.76508 10.7923 8
    endloop
  endfacet
  facet normal 0 0 1
    outer loop
      vertex -6.21506 -10.243 8
      vertex -8.15114 -8.78093 8
      vertex -6.33244 -10.3929 8
    endloop
  endfacet
  facet normal 0 0 1
    outer loop
      vertex -8.52898 9.4603 8
      vertex -6.76508 10.7923 8
      vertex -6.92725 10.9136 8
    endloop
  endfacet
  facet normal -0 0 1
    outer loop
      vertex -8.2632 -8.93486 8
      vertex -6.33244 -10.3929 8
      vertex -8.15114 -8.78093 8
    endloop
  endfacet
  facet normal 0 0 1
    outer loop
      vertex -8.60123 9.64944 8
      vertex -6.92725 10.9136 8
      vertex -7.09683 11.0296 8
    endloop
  endfacet
  facet normal 0 0 1
    outer loop
      vertex -6.33244 -10.3929 8
      vertex -8.2632 -8.93486 8
      vertex -6.46622 -10.5327 8
    endloop
  endfacet
  facet normal 0 0 1
    outer loop
      vertex -8.6664 9.84431 8
      vertex -7.09683 11.0296 8
      vertex -7.27335 11.1405 8
    endloop
  endfacet
  facet normal -0 0 1
    outer loop
      vertex -8.36108 -9.10181 8
      vertex -6.46622 -10.5327 8
      vertex -8.2632 -8.93486 8
    endloop
  endfacet
  facet normal 0 0 1
    outer loop
      vertex -6.46622 -10.5327 8
      vertex -8.36108 -9.10181 8
      vertex -6.61105 -10.6655 8
    endloop
  endfacet
  facet normal 0 0 1
    outer loop
      vertex -8.43134 10.9879 8
      vertex -7.27335 11.1405 8
      vertex -7.45633 11.2464 8
    endloop
  endfacet
  facet normal 0 0 1
    outer loop
      vertex -8.43134 10.9879 8
      vertex -7.45633 11.2464 8
      vertex -7.64549 11.3474 8
    endloop
  endfacet
  facet normal 0 0 1
    outer loop
      vertex -8.43134 10.9879 8
      vertex -7.64549 11.3474 8
      vertex -7.8139 11.4304 8
    endloop
  endfacet
  facet normal 0 0 1
    outer loop
      vertex -6.21506 10.243 8
      vertex -8.15114 8.78093 8
      vertex -7.39586 7.96729 8
    endloop
  endfacet
  facet normal 0 0 1
    outer loop
      vertex -6.33244 10.3929 8
      vertex -8.2632 8.93486 8
      vertex -8.15114 8.78093 8
    endloop
  endfacet
  facet normal 0 0 1
    outer loop
      vertex -6.46622 10.5327 8
      vertex -8.36108 9.10181 8
      vertex -8.2632 8.93486 8
    endloop
  endfacet
  facet normal 0 0 1
    outer loop
      vertex -7.27335 11.1405 8
      vertex -8.43134 10.9879 8
      vertex -8.72478 10.0444 8
    endloop
  endfacet
  facet normal 0 0 1
    outer loop
      vertex -6.61105 10.6655 8
      vertex -8.44919 9.27745 8
      vertex -8.36108 9.10181 8
    endloop
  endfacet
  facet normal 0 0 1
    outer loop
      vertex -6.76508 10.7923 8
      vertex -8.52898 9.4603 8
      vertex -8.44919 9.27745 8
    endloop
  endfacet
  facet normal 0 0 1
    outer loop
      vertex -6.92725 10.9136 8
      vertex -8.60123 9.64944 8
      vertex -8.52898 9.4603 8
    endloop
  endfacet
  facet normal 0 0 1
    outer loop
      vertex -7.09683 11.0296 8
      vertex -8.6664 9.84431 8
      vertex -8.60123 9.64944 8
    endloop
  endfacet
  facet normal 0 0 1
    outer loop
      vertex -7.27335 11.1405 8
      vertex -8.72478 10.0444 8
      vertex -8.6664 9.84431 8
    endloop
  endfacet
  facet normal 0 0 1
    outer loop
      vertex -8.43134 10.9879 8
      vertex -8.77658 10.2494 8
      vertex -8.72478 10.0444 8
    endloop
  endfacet
  facet normal 0 0 1
    outer loop
      vertex -8.43134 10.9879 8
      vertex -8.82195 10.459 8
      vertex -8.77658 10.2494 8
    endloop
  endfacet
  facet normal 0 -0 1
    outer loop
      vertex -8.82195 10.459 8
      vertex -8.43134 10.9879 8
      vertex -8.85503 10.6402 8
    endloop
  endfacet
  facet normal -0 -0 1
    outer loop
      vertex -4.53462 -12.105 8
      vertex -2.51701 -12.679 8
      vertex -4.53558 -11.9025 8
    endloop
  endfacet
  facet normal -0 -0 1
    outer loop
      vertex -4.52499 -12.3102 8
      vertex -2.63326 -12.8485 8
      vertex -4.53462 -12.105 8
    endloop
  endfacet
  facet normal 0 0 1
    outer loop
      vertex -2.63326 -12.8485 8
      vertex -4.52499 -12.3102 8
      vertex -2.75778 -13.0157 8
    endloop
  endfacet
  facet normal 0 0 1
    outer loop
      vertex -3.58464 -13.3781 8
      vertex -4.44798 -12.9396 8
      vertex -4.41213 -13.127 8
    endloop
  endfacet
  facet normal 0 0 1
    outer loop
      vertex -2.51701 -12.679 8
      vertex -4.53462 -12.105 8
      vertex -2.63326 -12.8485 8
    endloop
  endfacet
  facet normal 0 0 1
    outer loop
      vertex -3.58464 -13.3781 8
      vertex -4.4814 -12.7278 8
      vertex -4.44798 -12.9396 8
    endloop
  endfacet
  facet normal 0 0 1
    outer loop
      vertex -3.58464 -13.3781 8
      vertex -4.50714 -12.5179 8
      vertex -4.4814 -12.7278 8
    endloop
  endfacet
  facet normal -0 -0 1
    outer loop
      vertex -4.50714 -12.5179 8
      vertex -2.75778 -13.0157 8
      vertex -4.52499 -12.3102 8
    endloop
  endfacet
  facet normal 0 0 1
    outer loop
      vertex -2.75778 -13.0157 8
      vertex -3.58464 -13.3781 8
      vertex -2.89014 -13.1805 8
    endloop
  endfacet
  facet normal 0 0 1
    outer loop
      vertex -3.03004 -13.343 8
      vertex -3.58464 -13.3781 8
      vertex -3.15447 -13.4784 8
    endloop
  endfacet
  facet normal 0 0 1
    outer loop
      vertex -2.89014 -13.1805 8
      vertex -3.58464 -13.3781 8
      vertex -3.03004 -13.343 8
    endloop
  endfacet
  facet normal 0 -0 1
    outer loop
      vertex -3.58464 -13.3781 8
      vertex -2.75778 -13.0157 8
      vertex -4.50714 -12.5179 8
    endloop
  endfacet
  facet normal -0 0 1
    outer loop
      vertex -8.44919 -9.27745 8
      vertex -6.61105 -10.6655 8
      vertex -8.36108 -9.10181 8
    endloop
  endfacet
  facet normal 0 0 1
    outer loop
      vertex -6.61105 -10.6655 8
      vertex -8.44919 -9.27745 8
      vertex -6.76508 -10.7923 8
    endloop
  endfacet
  facet normal -0 0 1
    outer loop
      vertex -8.52898 -9.4603 8
      vertex -6.76508 -10.7923 8
      vertex -8.44919 -9.27745 8
    endloop
  endfacet
  facet normal 0 0 1
    outer loop
      vertex -6.76508 -10.7923 8
      vertex -8.52898 -9.4603 8
      vertex -6.92725 -10.9136 8
    endloop
  endfacet
  facet normal -0 0 1
    outer loop
      vertex -8.60123 -9.64944 8
      vertex -6.92725 -10.9136 8
      vertex -8.52898 -9.4603 8
    endloop
  endfacet
  facet normal 0 0 1
    outer loop
      vertex -6.92725 -10.9136 8
      vertex -8.60123 -9.64944 8
      vertex -7.09683 -11.0296 8
    endloop
  endfacet
  facet normal -0 0 1
    outer loop
      vertex -8.6664 -9.84431 8
      vertex -7.09683 -11.0296 8
      vertex -8.60123 -9.64944 8
    endloop
  endfacet
  facet normal 0 0 1
    outer loop
      vertex -7.09683 -11.0296 8
      vertex -8.6664 -9.84431 8
      vertex -7.27335 -11.1405 8
    endloop
  endfacet
  facet normal -0 0 1
    outer loop
      vertex -8.72478 -10.0444 8
      vertex -7.27335 -11.1405 8
      vertex -8.6664 -9.84431 8
    endloop
  endfacet
  facet normal -0 -0 1
    outer loop
      vertex -8.43134 -10.9879 8
      vertex -7.27335 -11.1405 8
      vertex -8.72478 -10.0444 8
    endloop
  endfacet
  facet normal 0 0 1
    outer loop
      vertex -7.64549 -11.3474 8
      vertex -8.43134 -10.9879 8
      vertex -7.8139 -11.4304 8
    endloop
  endfacet
  facet normal 0 0 1
    outer loop
      vertex -7.45633 -11.2464 8
      vertex -8.43134 -10.9879 8
      vertex -7.64549 -11.3474 8
    endloop
  endfacet
  facet normal 0 0 1
    outer loop
      vertex -7.27335 -11.1405 8
      vertex -8.43134 -10.9879 8
      vertex -7.45633 -11.2464 8
    endloop
  endfacet
  facet normal -0 0 1
    outer loop
      vertex -8.77658 -10.2494 8
      vertex -8.43134 -10.9879 8
      vertex -8.72478 -10.0444 8
    endloop
  endfacet
  facet normal -0 0 1
    outer loop
      vertex -8.82195 -10.459 8
      vertex -8.43134 -10.9879 8
      vertex -8.77658 -10.2494 8
    endloop
  endfacet
  facet normal 0 0 1
    outer loop
      vertex -8.43134 -10.9879 8
      vertex -8.82195 -10.459 8
      vertex -8.85503 -10.6402 8
    endloop
  endfacet
  facet normal -0 0 1
    outer loop
      vertex -10.7728 -5.24344 8
      vertex -9.49557 -7.30617 8
      vertex -9.77455 -4.75758 8
    endloop
  endfacet
  facet normal 0 0 1
    outer loop
      vertex -9.49557 -7.30617 8
      vertex -10.7728 -5.24344 8
      vertex -9.65918 -7.40355 8
    endloop
  endfacet
  facet normal -0 0 1
    outer loop
      vertex -10.9328 -5.3465 8
      vertex -9.65918 -7.40355 8
      vertex -10.7728 -5.24344 8
    endloop
  endfacet
  facet normal 0 0 1
    outer loop
      vertex -9.65918 -7.40355 8
      vertex -10.9328 -5.3465 8
      vertex -9.83444 -7.4856 8
    endloop
  endfacet
  facet normal -0 0 1
    outer loop
      vertex -11.0844 -5.4668 8
      vertex -9.83444 -7.4856 8
      vertex -10.9328 -5.3465 8
    endloop
  endfacet
  facet normal 0 0 1
    outer loop
      vertex -9.83444 -7.4856 8
      vertex -11.0844 -5.4668 8
      vertex -10.0175 -7.55713 8
    endloop
  endfacet
  facet normal -0 0 1
    outer loop
      vertex -11.23 -5.59875 8
      vertex -10.0175 -7.55713 8
      vertex -11.0844 -5.4668 8
    endloop
  endfacet
  facet normal 0 0 1
    outer loop
      vertex -10.0175 -7.55713 8
      vertex -11.23 -5.59875 8
      vertex -10.2069 -7.61972 8
    endloop
  endfacet
  facet normal -0 0 1
    outer loop
      vertex -11.3705 -5.74043 8
      vertex -10.2069 -7.61972 8
      vertex -11.23 -5.59875 8
    endloop
  endfacet
  facet normal 0 0 1
    outer loop
      vertex -10.2069 -7.61972 8
      vertex -11.3705 -5.74043 8
      vertex -10.4019 -7.67421 8
    endloop
  endfacet
  facet normal -0 0 1
    outer loop
      vertex -11.5062 -5.89072 8
      vertex -10.4019 -7.67421 8
      vertex -11.3705 -5.74043 8
    endloop
  endfacet
  facet normal 0 0 1
    outer loop
      vertex -10.4019 -7.67421 8
      vertex -11.5062 -5.89072 8
      vertex -10.602 -7.72112 8
    endloop
  endfacet
  facet normal -0 0 1
    outer loop
      vertex -11.6374 -6.04887 8
      vertex -10.602 -7.72112 8
      vertex -11.5062 -5.89072 8
    endloop
  endfacet
  facet normal 0 0 1
    outer loop
      vertex -10.602 -7.72112 8
      vertex -11.6374 -6.04887 8
      vertex -10.8066 -7.76077 8
    endloop
  endfacet
  facet normal -0 0 1
    outer loop
      vertex -11.7641 -6.2144 8
      vertex -10.8066 -7.76077 8
      vertex -11.6374 -6.04887 8
    endloop
  endfacet
  facet normal -0 0 1
    outer loop
      vertex -11.9944 -6.925 8
      vertex -10.8066 -7.76077 8
      vertex -11.7641 -6.2144 8
    endloop
  endfacet
  facet normal 0 0 1
    outer loop
      vertex -11.2284 -7.81927 8
      vertex -11.5158 -7.69464 8
      vertex -11.4147 -7.83575 8
    endloop
  endfacet
  facet normal 0 0 1
    outer loop
      vertex -10.8066 -7.76077 8
      vertex -11.9944 -6.925 8
      vertex -11.0155 -7.79346 8
    endloop
  endfacet
  facet normal 0 0 1
    outer loop
      vertex -11.0155 -7.79346 8
      vertex -11.5158 -7.69464 8
      vertex -11.2284 -7.81927 8
    endloop
  endfacet
  facet normal 0 0 1
    outer loop
      vertex -11.9944 -6.925 8
      vertex -11.7641 -6.2144 8
      vertex -11.8864 -6.38684 8
    endloop
  endfacet
  facet normal 0 0 1
    outer loop
      vertex -11.0155 -7.79346 8
      vertex -11.9944 -6.925 8
      vertex -11.5158 -7.69464 8
    endloop
  endfacet
  facet normal -0 0 1
    outer loop
      vertex -12.0045 -6.56587 8
      vertex -11.9944 -6.925 8
      vertex -11.8864 -6.38684 8
    endloop
  endfacet
  facet normal 0 0 1
    outer loop
      vertex -11.9944 -6.925 8
      vertex -12.0045 -6.56587 8
      vertex -12.1017 -6.72439 8
    endloop
  endfacet
  facet normal 0 0 1
    outer loop
      vertex -3.02391 -0.398105 8
      vertex -10.8331 -0.905334 8
      vertex -10.4286 -3.06917 8
    endloop
  endfacet
  facet normal 0 0 1
    outer loop
      vertex -10.8331 -0.905334 8
      vertex -11.4937 -3.3826 8
      vertex -10.4286 -3.06917 8
    endloop
  endfacet
  facet normal -0 0 1
    outer loop
      vertex -11.9395 -0.997787 8
      vertex -11.4937 -3.3826 8
      vertex -10.8331 -0.905334 8
    endloop
  endfacet
  facet normal 0 0 1
    outer loop
      vertex -11.4937 -3.3826 8
      vertex -11.9395 -0.997787 8
      vertex -11.6814 -3.41429 8
    endloop
  endfacet
  facet normal -0 0 1
    outer loop
      vertex -12.126 -1.03606 8
      vertex -11.6814 -3.41429 8
      vertex -11.9395 -0.997787 8
    endloop
  endfacet
  facet normal 0 0 1
    outer loop
      vertex -11.6814 -3.41429 8
      vertex -12.126 -1.03606 8
      vertex -11.8745 -3.42751 8
    endloop
  endfacet
  facet normal -0 0 1
    outer loop
      vertex -12.3108 -1.09348 8
      vertex -11.8745 -3.42751 8
      vertex -12.126 -1.03606 8
    endloop
  endfacet
  facet normal 0 0 1
    outer loop
      vertex -11.8745 -3.42751 8
      vertex -12.3108 -1.09348 8
      vertex -12.071 -3.42809 8
    endloop
  endfacet
  facet normal -0 0 1
    outer loop
      vertex -12.4942 -1.16393 8
      vertex -12.071 -3.42809 8
      vertex -12.3108 -1.09348 8
    endloop
  endfacet
  facet normal 0 0 1
    outer loop
      vertex -12.071 -3.42809 8
      vertex -12.4942 -1.16393 8
      vertex -12.2702 -3.41801 8
    endloop
  endfacet
  facet normal -0 0 1
    outer loop
      vertex -12.6764 -1.24529 8
      vertex -12.2702 -3.41801 8
      vertex -12.4942 -1.16393 8
    endloop
  endfacet
  facet normal 0 0 1
    outer loop
      vertex -12.2702 -3.41801 8
      vertex -12.6764 -1.24529 8
      vertex -12.4717 -3.39838 8
    endloop
  endfacet
  facet normal -0 0 1
    outer loop
      vertex -12.8572 -1.33641 8
      vertex -12.4717 -3.39838 8
      vertex -12.6764 -1.24529 8
    endloop
  endfacet
  facet normal 0 0 1
    outer loop
      vertex -12.4717 -3.39838 8
      vertex -12.8572 -1.33641 8
      vertex -12.6752 -3.36986 8
    endloop
  endfacet
  facet normal -0 0 1
    outer loop
      vertex -13.0366 -1.43651 8
      vertex -12.6752 -3.36986 8
      vertex -12.8572 -1.33641 8
    endloop
  endfacet
  facet normal 0 0 1
    outer loop
      vertex -12.6752 -3.36986 8
      vertex -13.0366 -1.43651 8
      vertex -12.8804 -3.3329 8
    endloop
  endfacet
  facet normal -0 0 1
    outer loop
      vertex -13.2146 -1.54509 8
      vertex -12.8804 -3.3329 8
      vertex -13.0366 -1.43651 8
    endloop
  endfacet
  facet normal -0 0 1
    outer loop
      vertex -13.5839 -2.702 8
      vertex -12.8804 -3.3329 8
      vertex -13.2146 -1.54509 8
    endloop
  endfacet
  facet normal 0 0 1
    outer loop
      vertex -12.8804 -3.3329 8
      vertex -13.5839 -2.702 8
      vertex -13.087 -3.28792 8
    endloop
  endfacet
  facet normal 0 0 1
    outer loop
      vertex -13.5839 -2.702 8
      vertex -13.2146 -1.54509 8
      vertex -13.391 -1.66167 8
    endloop
  endfacet
  facet normal 0 0 1
    outer loop
      vertex -13.087 -3.28792 8
      vertex -13.5839 -2.702 8
      vertex -13.2948 -3.23509 8
    endloop
  endfacet
  facet normal 0 0 1
    outer loop
      vertex -13.5839 -2.702 8
      vertex -13.391 -1.66167 8
      vertex -13.5657 -1.78598 8
    endloop
  endfacet
  facet normal 0 0 1
    outer loop
      vertex -13.2948 -3.23509 8
      vertex -13.5839 -2.702 8
      vertex -13.4715 -3.18402 8
    endloop
  endfacet
  facet normal 0 -0 1
    outer loop
      vertex -13.5839 -2.702 8
      vertex -13.5657 -1.78598 8
      vertex -13.7162 -1.90063 8
    endloop
  endfacet
  facet normal 0 0 1
    outer loop
      vertex 2.09384 10.6673 8
      vertex -0.108078 11.9806 8
      vertex -0.0980682 10.8705 8
    endloop
  endfacet
  facet normal 0 0 1
    outer loop
      vertex 2.30766 -11.7567 8
      vertex 2.31725 -12.14 8
      vertex 2.32191 -11.9466 8
    endloop
  endfacet
  facet normal 0 0 1
    outer loop
      vertex 2.30766 -11.7567 8
      vertex 2.2997 -12.3358 8
      vertex 2.31725 -12.14 8
    endloop
  endfacet
  facet normal 0 0 1
    outer loop
      vertex 2.30766 -11.7567 8
      vertex 2.27129 -12.5332 8
      vertex 2.2997 -12.3358 8
    endloop
  endfacet
  facet normal 0 0 1
    outer loop
      vertex 2.30766 -11.7567 8
      vertex 2.23314 -12.7321 8
      vertex 2.27129 -12.5332 8
    endloop
  endfacet
  facet normal 0 0 1
    outer loop
      vertex 2.30766 -11.7567 8
      vertex 2.18596 -12.9321 8
      vertex 2.23314 -12.7321 8
    endloop
  endfacet
  facet normal 0 0 1
    outer loop
      vertex 2.09384 -10.6673 8
      vertex 2.18596 -12.9321 8
      vertex 2.30766 -11.7567 8
    endloop
  endfacet
  facet normal 0 0 1
    outer loop
      vertex 2.18596 -12.9321 8
      vertex 2.09384 -10.6673 8
      vertex 2.13023 -13.133 8
    endloop
  endfacet
  facet normal 0 0 1
    outer loop
      vertex 2.13023 -13.133 8
      vertex 2.09384 -10.6673 8
      vertex 2.06638 -13.3345 8
    endloop
  endfacet
  facet normal -0 -0 1
    outer loop
      vertex 0.00614929 -12.5483 8
      vertex 2.06638 -13.3345 8
      vertex -0.0470581 -12.3591 8
    endloop
  endfacet
  facet normal 0.906743 -0.421685 0
    outer loop
      vertex 1.7341 -14.1441 7.60624
      vertex 1.82832 -13.9415 0.205987
      vertex 1.82832 -13.9415 7.79401
    endloop
  endfacet
  facet normal 0.906743 -0.421685 0
    outer loop
      vertex 1.82832 -13.9415 0.205987
      vertex 1.7341 -14.1441 7.60624
      vertex 1.7341 -14.1441 0.393741
    endloop
  endfacet
  facet normal 0.918975 -0.394317 0
    outer loop
      vertex 1.83377 -13.9288 7.80581
      vertex 1.91521 -13.739 0.0242855
      vertex 1.91521 -13.739 7.97571
    endloop
  endfacet
  facet normal 0.918975 -0.394317 0
    outer loop
      vertex 1.83377 -13.9288 7.80581
      vertex 1.83377 -13.9288 0.194182
      vertex 1.91521 -13.739 0.0242855
    endloop
  endfacet
  facet normal 0.918958 -0.394356 0
    outer loop
      vertex 1.82832 -13.9415 7.79401
      vertex 1.83377 -13.9288 0.194182
      vertex 1.83377 -13.9288 7.80581
    endloop
  endfacet
  facet normal 0.918958 -0.394356 0
    outer loop
      vertex 1.83377 -13.9288 0.194182
      vertex 1.82832 -13.9415 7.79401
      vertex 1.82832 -13.9415 0.205987
    endloop
  endfacet
  facet normal 0.930909 -0.365252 0.000526146
    outer loop
      vertex 1.91521 -13.739 7.97571
      vertex 1.99461 -13.5366 8
      vertex 1.92579 -13.712 8
    endloop
  endfacet
  facet normal 0.93093 -0.365197 0
    outer loop
      vertex 1.99461 -13.5366 8
      vertex 1.91521 -13.739 7.97571
      vertex 1.99461 -13.5366 0
    endloop
  endfacet
  facet normal 0.93093 -0.365197 0
    outer loop
      vertex 1.91521 -13.739 0.0242855
      vertex 1.99461 -13.5366 0
      vertex 1.91521 -13.739 7.97571
    endloop
  endfacet
  facet normal 0.930909 -0.365252 -0.000526244
    outer loop
      vertex 1.99461 -13.5366 0
      vertex 1.91521 -13.739 0.0242855
      vertex 1.92579 -13.712 0
    endloop
  endfacet
  facet normal 0.942344 -0.334646 0
    outer loop
      vertex 1.99461 -13.5366 8
      vertex 2.06638 -13.3345 0
      vertex 2.06638 -13.3345 8
    endloop
  endfacet
  facet normal 0.942344 -0.334646 0
    outer loop
      vertex 2.06638 -13.3345 0
      vertex 1.99461 -13.5366 8
      vertex 1.99461 -13.5366 0
    endloop
  endfacet
  facet normal 0.953285 -0.302071 0
    outer loop
      vertex 2.06638 -13.3345 8
      vertex 2.13023 -13.133 0
      vertex 2.13023 -13.133 8
    endloop
  endfacet
  facet normal 0.953285 -0.302071 0
    outer loop
      vertex 2.13023 -13.133 0
      vertex 2.06638 -13.3345 8
      vertex 2.06638 -13.3345 0
    endloop
  endfacet
  facet normal 0.963611 -0.267307 0
    outer loop
      vertex 2.13023 -13.133 8
      vertex 2.18596 -12.9321 0
      vertex 2.18596 -12.9321 8
    endloop
  endfacet
  facet normal 0.963611 -0.267307 0
    outer loop
      vertex 2.18596 -12.9321 0
      vertex 2.13023 -13.133 8
      vertex 2.13023 -13.133 0
    endloop
  endfacet
  facet normal 0.973286 -0.229598 0
    outer loop
      vertex 2.18596 -12.9321 8
      vertex 2.23314 -12.7321 0
      vertex 2.23314 -12.7321 8
    endloop
  endfacet
  facet normal 0.973286 -0.229598 0
    outer loop
      vertex 2.23314 -12.7321 0
      vertex 2.18596 -12.9321 8
      vertex 2.18596 -12.9321 0
    endloop
  endfacet
  facet normal 0.982098 -0.188371 0
    outer loop
      vertex 2.23314 -12.7321 8
      vertex 2.27129 -12.5332 0
      vertex 2.27129 -12.5332 8
    endloop
  endfacet
  facet normal 0.982098 -0.188371 0
    outer loop
      vertex 2.27129 -12.5332 0
      vertex 2.23314 -12.7321 8
      vertex 2.23314 -12.7321 0
    endloop
  endfacet
  facet normal 0.989802 -0.142453 0
    outer loop
      vertex 2.27129 -12.5332 8
      vertex 2.2997 -12.3358 0
      vertex 2.2997 -12.3358 8
    endloop
  endfacet
  facet normal 0.989802 -0.142453 0
    outer loop
      vertex 2.2997 -12.3358 0
      vertex 2.27129 -12.5332 8
      vertex 2.27129 -12.5332 0
    endloop
  endfacet
  facet normal 0.996007 -0.0892744 0
    outer loop
      vertex 2.2997 -12.3358 8
      vertex 2.31725 -12.14 0
      vertex 2.31725 -12.14 8
    endloop
  endfacet
  facet normal 0.996007 -0.0892744 0
    outer loop
      vertex 2.31725 -12.14 0
      vertex 2.2997 -12.3358 8
      vertex 2.2997 -12.3358 0
    endloop
  endfacet
  facet normal 0.99971 -0.0240881 0
    outer loop
      vertex 2.31725 -12.14 8
      vertex 2.32191 -11.9466 0
      vertex 2.32191 -11.9466 8
    endloop
  endfacet
  facet normal 0.99971 -0.0240881 0
    outer loop
      vertex 2.32191 -11.9466 0
      vertex 2.31725 -12.14 8
      vertex 2.31725 -12.14 0
    endloop
  endfacet
  facet normal 0.997196 0.0748291 0
    outer loop
      vertex 2.32191 -11.9466 8
      vertex 2.30766 -11.7567 0
      vertex 2.30766 -11.7567 8
    endloop
  endfacet
  facet normal 0.997196 0.0748291 0
    outer loop
      vertex 2.30766 -11.7567 0
      vertex 2.32191 -11.9466 8
      vertex 2.32191 -11.9466 0
    endloop
  endfacet
  facet normal 0.981278 0.192598 0
    outer loop
      vertex 2.30766 -11.7567 8
      vertex 2.09384 -10.6673 0
      vertex 2.09384 -10.6673 8
    endloop
  endfacet
  facet normal 0.981278 0.192598 0
    outer loop
      vertex 2.09384 -10.6673 0
      vertex 2.30766 -11.7567 8
      vertex 2.30766 -11.7567 0
    endloop
  endfacet
  facet normal 0.228952 -0.973438 0
    outer loop
      vertex 2.09384 -10.6673 0
      vertex 2.97607 -10.4598 8
      vertex 2.09384 -10.6673 8
    endloop
  endfacet
  facet normal 0.228952 -0.973438 0
    outer loop
      vertex 2.97607 -10.4598 8
      vertex 2.09384 -10.6673 0
      vertex 2.97607 -10.4598 0
    endloop
  endfacet
  facet normal 0.317773 -0.948167 0
    outer loop
      vertex 2.97607 -10.4598 0
      vertex 3.8354 -10.1718 8
      vertex 2.97607 -10.4598 8
    endloop
  endfacet
  facet normal 0.317773 -0.948167 0
    outer loop
      vertex 3.8354 -10.1718 8
      vertex 2.97607 -10.4598 0
      vertex 3.8354 -10.1718 0
    endloop
  endfacet
  facet normal -0.935691 -0.352821 0
    outer loop
      vertex 4.2271 -11.2106 0
      vertex 3.8354 -10.1718 8
      vertex 3.8354 -10.1718 0
    endloop
  endfacet
  facet normal -0.935691 -0.352821 0
    outer loop
      vertex 3.8354 -10.1718 8
      vertex 4.2271 -11.2106 0
      vertex 4.2271 -11.2106 8
    endloop
  endfacet
  facet normal -0.887191 -0.461402 0
    outer loop
      vertex 4.31494 -11.3795 0
      vertex 4.2271 -11.2106 8
      vertex 4.2271 -11.2106 0
    endloop
  endfacet
  facet normal -0.887191 -0.461402 0
    outer loop
      vertex 4.2271 -11.2106 8
      vertex 4.31494 -11.3795 0
      vertex 4.31494 -11.3795 8
    endloop
  endfacet
  facet normal -0.837237 -0.54684 0
    outer loop
      vertex 4.42075 -11.5415 0
      vertex 4.31494 -11.3795 8
      vertex 4.31494 -11.3795 0
    endloop
  endfacet
  facet normal -0.837237 -0.54684 0
    outer loop
      vertex 4.31494 -11.3795 8
      vertex 4.42075 -11.5415 0
      vertex 4.42075 -11.5415 8
    endloop
  endfacet
  facet normal -0.799878 -0.600163 0
    outer loop
      vertex 4.5387 -11.6987 0
      vertex 4.42075 -11.5415 8
      vertex 4.42075 -11.5415 0
    endloop
  endfacet
  facet normal -0.799878 -0.600163 0
    outer loop
      vertex 4.42075 -11.5415 8
      vertex 4.5387 -11.6987 0
      vertex 4.5387 -11.6987 8
    endloop
  endfacet
  facet normal -0.766716 -0.641987 0
    outer loop
      vertex 4.66681 -11.8517 0
      vertex 4.5387 -11.6987 8
      vertex 4.5387 -11.6987 0
    endloop
  endfacet
  facet normal -0.766716 -0.641987 0
    outer loop
      vertex 4.5387 -11.6987 8
      vertex 4.66681 -11.8517 0
      vertex 4.66681 -11.8517 8
    endloop
  endfacet
  facet normal -0.735631 -0.677383 0
    outer loop
      vertex 4.80392 -12.0006 0
      vertex 4.66681 -11.8517 8
      vertex 4.66681 -11.8517 0
    endloop
  endfacet
  facet normal -0.735631 -0.677383 0
    outer loop
      vertex 4.66681 -11.8517 8
      vertex 4.80392 -12.0006 0
      vertex 4.80392 -12.0006 8
    endloop
  endfacet
  facet normal -0.706644 -0.707569 0
    outer loop
      vertex 4.80392 -12.0006 0
      vertex 4.94931 -12.1458 8
      vertex 4.80392 -12.0006 8
    endloop
  endfacet
  facet normal -0.706644 -0.707569 -0
    outer loop
      vertex 4.94931 -12.1458 8
      vertex 4.80392 -12.0006 0
      vertex 4.94931 -12.1458 0
    endloop
  endfacet
  facet normal -0.678643 -0.734469 0
    outer loop
      vertex 4.94931 -12.1458 0
      vertex 5.10245 -12.2873 8
      vertex 4.94931 -12.1458 8
    endloop
  endfacet
  facet normal -0.678643 -0.734469 -0
    outer loop
      vertex 5.10245 -12.2873 8
      vertex 4.94931 -12.1458 0
      vertex 5.10245 -12.2873 0
    endloop
  endfacet
  facet normal -0.651376 -0.758756 0
    outer loop
      vertex 5.10245 -12.2873 0
      vertex 5.26285 -12.425 8
      vertex 5.10245 -12.2873 8
    endloop
  endfacet
  facet normal -0.651376 -0.758756 -0
    outer loop
      vertex 5.26285 -12.425 8
      vertex 5.10245 -12.2873 0
      vertex 5.26285 -12.425 0
    endloop
  endfacet
  facet normal -0.625229 -0.780441 0
    outer loop
      vertex 5.26285 -12.425 0
      vertex 5.43024 -12.5591 8
      vertex 5.26285 -12.425 8
    endloop
  endfacet
  facet normal -0.625229 -0.780441 -0
    outer loop
      vertex 5.43024 -12.5591 8
      vertex 5.26285 -12.425 0
      vertex 5.43024 -12.5591 0
    endloop
  endfacet
  facet normal -0.599246 -0.800565 0.000529123
    outer loop
      vertex 5.43024 -12.5591 8
      vertex 5.60429 -12.6894 7.97205
      vertex 5.57813 -12.6698 8
    endloop
  endfacet
  facet normal -0.599301 -0.800524 0
    outer loop
      vertex 5.43024 -12.5591 8
      vertex 5.60429 -12.6894 0.0279528
      vertex 5.60429 -12.6894 7.97205
    endloop
  endfacet
  facet normal -0.599301 -0.800524 0
    outer loop
      vertex 5.43024 -12.5591 0
      vertex 5.60429 -12.6894 0.0279528
      vertex 5.43024 -12.5591 8
    endloop
  endfacet
  facet normal -0.599246 -0.800565 -0.00052907
    outer loop
      vertex 5.60429 -12.6894 0.0279528
      vertex 5.43024 -12.5591 0
      vertex 5.57813 -12.6698 0
    endloop
  endfacet
  facet normal -0.57316 -0.819444 0
    outer loop
      vertex 5.75205 -12.7929 7.82048
      vertex 5.78479 -12.8158 0.213105
      vertex 5.78479 -12.8158 7.78689
    endloop
  endfacet
  facet normal -0.573715 -0.819055 0
    outer loop
      vertex 5.75205 -12.7929 0.179518
      vertex 5.75205 -12.7929 7.82048
      vertex 5.60429 -12.6894 7.97205
    endloop
  endfacet
  facet normal -0.57316 -0.819444 -0
    outer loop
      vertex 5.75205 -12.7929 7.82048
      vertex 5.75205 -12.7929 0.179518
      vertex 5.78479 -12.8158 0.213105
    endloop
  endfacet
  facet normal -0.573715 -0.819055 0
    outer loop
      vertex 5.75205 -12.7929 0.179518
      vertex 5.60429 -12.6894 7.97205
      vertex 5.60429 -12.6894 0.0279528
    endloop
  endfacet
  facet normal -0.548819 -0.835941 0
    outer loop
      vertex 5.78479 -12.8158 7.78689
      vertex 5.97153 -12.9384 0.39734
      vertex 5.97153 -12.9384 7.60264
    endloop
  endfacet
  facet normal -0.548819 -0.835941 0
    outer loop
      vertex 5.97153 -12.9384 0.39734
      vertex 5.78479 -12.8158 7.78689
      vertex 5.78479 -12.8158 0.213105
    endloop
  endfacet
  facet normal 0.445058 -0.895355 0.016224
    outer loop
      vertex 6.27036 -12.7896 7.61456
      vertex 6.3299 -12.76 7.61479
      vertex 6.29989 -12.7749 7.61574
    endloop
  endfacet
  facet normal 0.445739 -0.895163 0
    outer loop
      vertex 6.27036 -12.7896 0.385425
      vertex 6.27036 -12.7896 7.61456
      vertex 5.97153 -12.9384 7.60264
    endloop
  endfacet
  facet normal 0.445167 -0.895448 0
    outer loop
      vertex 6.27036 -12.7896 7.61456
      vertex 6.27036 -12.7896 0.385425
      vertex 6.3299 -12.76 7.61479
    endloop
  endfacet
  facet normal 0.445823 -0.895121 0
    outer loop
      vertex 6.3299 -12.76 7.61479
      vertex 6.3299 -12.76 0.385192
      vertex 6.72644 -12.5625 7.60231
    endloop
  endfacet
  facet normal 0.445739 -0.895163 0
    outer loop
      vertex 6.27036 -12.7896 0.385425
      vertex 5.97153 -12.9384 7.60264
      vertex 5.97153 -12.9384 0.39734
    endloop
  endfacet
  facet normal 0.445167 -0.895448 0
    outer loop
      vertex 6.3299 -12.76 7.61479
      vertex 6.27036 -12.7896 0.385425
      vertex 6.3299 -12.76 0.385192
    endloop
  endfacet
  facet normal 0.445823 -0.895121 0
    outer loop
      vertex 6.72644 -12.5625 7.60231
      vertex 6.3299 -12.76 0.385192
      vertex 6.72644 -12.5625 0.397677
    endloop
  endfacet
  facet normal 0.445057 -0.895354 -0.0162772
    outer loop
      vertex 6.3299 -12.76 0.385192
      vertex 6.27036 -12.7896 0.385425
      vertex 6.29989 -12.7749 0.384247
    endloop
  endfacet
  facet normal 0.997838 -0.0657168 0
    outer loop
      vertex 6.72644 -12.5625 7.60231
      vertex 6.74112 -12.3396 0.212547
      vertex 6.74112 -12.3396 7.78745
    endloop
  endfacet
  facet normal 0.997838 -0.0657168 0
    outer loop
      vertex 6.74112 -12.3396 0.212547
      vertex 6.72644 -12.5625 7.60231
      vertex 6.72644 -12.5625 0.397677
    endloop
  endfacet
  facet normal 0.999363 -0.0356915 0
    outer loop
      vertex 6.74518 -12.2258 7.88361
      vertex 6.74898 -12.1194 0.0265506
      vertex 6.74898 -12.1194 7.97345
    endloop
  endfacet
  facet normal 0.999363 -0.0356915 0
    outer loop
      vertex 6.74518 -12.2258 7.88361
      vertex 6.74518 -12.2258 0.116389
      vertex 6.74898 -12.1194 0.0265506
    endloop
  endfacet
  facet normal 0.999364 -0.0356539 0
    outer loop
      vertex 6.74112 -12.3396 7.78745
      vertex 6.74518 -12.2258 0.116389
      vertex 6.74518 -12.2258 7.88361
    endloop
  endfacet
  facet normal 0.999364 -0.0356539 0
    outer loop
      vertex 6.74518 -12.2258 0.116389
      vertex 6.74112 -12.3396 7.78745
      vertex 6.74112 -12.3396 0.212547
    endloop
  endfacet
  facet normal 0.999991 -0.00418003 -3.1488e-05
    outer loop
      vertex 6.74898 -12.1194 7.97345
      vertex 6.74989 -11.9019 8
      vertex 6.74911 -12.0885 8
    endloop
  endfacet
  facet normal 0.999991 -0.00418387 0
    outer loop
      vertex 6.74989 -11.9019 8
      vertex 6.74898 -12.1194 7.97345
      vertex 6.74989 -11.9019 0
    endloop
  endfacet
  facet normal 0.999991 -0.00418387 0
    outer loop
      vertex 6.74898 -12.1194 0.0265506
      vertex 6.74989 -11.9019 0
      vertex 6.74898 -12.1194 7.97345
    endloop
  endfacet
  facet normal 0.999991 -0.00418003 3.14873e-05
    outer loop
      vertex 6.74989 -11.9019 0
      vertex 6.74898 -12.1194 0.0265506
      vertex 6.74911 -12.0885 0
    endloop
  endfacet
  facet normal 0.999599 0.0283134 0
    outer loop
      vertex 6.74989 -11.9019 8
      vertex 6.74382 -11.6876 0
      vertex 6.74382 -11.6876 8
    endloop
  endfacet
  facet normal 0.999599 0.0283134 0
    outer loop
      vertex 6.74382 -11.6876 0
      vertex 6.74989 -11.9019 8
      vertex 6.74989 -11.9019 0
    endloop
  endfacet
  facet normal 0.998031 0.0627199 0
    outer loop
      vertex 6.74382 -11.6876 8
      vertex 6.73056 -11.4766 0
      vertex 6.73056 -11.4766 8
    endloop
  endfacet
  facet normal 0.998031 0.0627199 0
    outer loop
      vertex 6.73056 -11.4766 0
      vertex 6.74382 -11.6876 8
      vertex 6.74382 -11.6876 0
    endloop
  endfacet
  facet normal 0.995103 0.0988389 0
    outer loop
      vertex 6.73056 -11.4766 8
      vertex 6.70995 -11.2691 0
      vertex 6.70995 -11.2691 8
    endloop
  endfacet
  facet normal 0.995103 0.0988389 0
    outer loop
      vertex 6.70995 -11.2691 0
      vertex 6.73056 -11.4766 8
      vertex 6.73056 -11.4766 0
    endloop
  endfacet
  facet normal 0.990501 0.137502 0
    outer loop
      vertex 6.70995 -11.2691 8
      vertex 6.6817 -11.0656 0
      vertex 6.6817 -11.0656 8
    endloop
  endfacet
  facet normal 0.990501 0.137502 0
    outer loop
      vertex 6.6817 -11.0656 0
      vertex 6.70995 -11.2691 8
      vertex 6.70995 -11.2691 0
    endloop
  endfacet
  facet normal 0.983825 0.179133 0
    outer loop
      vertex 6.6817 -11.0656 8
      vertex 6.64543 -10.8664 0
      vertex 6.64543 -10.8664 8
    endloop
  endfacet
  facet normal 0.983825 0.179133 0
    outer loop
      vertex 6.64543 -10.8664 0
      vertex 6.6817 -11.0656 8
      vertex 6.6817 -11.0656 0
    endloop
  endfacet
  facet normal 0.974426 0.224709 0
    outer loop
      vertex 6.64543 -10.8664 8
      vertex 6.6006 -10.672 0
      vertex 6.6006 -10.672 8
    endloop
  endfacet
  facet normal 0.974426 0.224709 0
    outer loop
      vertex 6.6006 -10.672 0
      vertex 6.64543 -10.8664 8
      vertex 6.64543 -10.8664 0
    endloop
  endfacet
  facet normal 0.960988 0.276589 0
    outer loop
      vertex 6.6006 -10.672 8
      vertex 6.54626 -10.4832 0
      vertex 6.54626 -10.4832 8
    endloop
  endfacet
  facet normal 0.960988 0.276589 0
    outer loop
      vertex 6.54626 -10.4832 0
      vertex 6.6006 -10.672 8
      vertex 6.6006 -10.672 0
    endloop
  endfacet
  facet normal 0.94093 0.338601 0
    outer loop
      vertex 6.54626 -10.4832 8
      vertex 6.48073 -10.3011 0
      vertex 6.48073 -10.3011 8
    endloop
  endfacet
  facet normal 0.94093 0.338601 0
    outer loop
      vertex 6.48073 -10.3011 0
      vertex 6.54626 -10.4832 8
      vertex 6.54626 -10.4832 0
    endloop
  endfacet
  facet normal 0.902834 0.429989 0
    outer loop
      vertex 6.48073 -10.3011 8
      vertex 6.39886 -10.1292 0
      vertex 6.39886 -10.1292 8
    endloop
  endfacet
  facet normal 0.902834 0.429989 0
    outer loop
      vertex 6.39886 -10.1292 0
      vertex 6.48073 -10.3011 8
      vertex 6.48073 -10.3011 0
    endloop
  endfacet
  facet normal 0.845432 0.534082 0
    outer loop
      vertex 6.39886 -10.1292 8
      vertex 5.80594 -9.19063 0
      vertex 5.80594 -9.19063 8
    endloop
  endfacet
  facet normal 0.845432 0.534082 0
    outer loop
      vertex 5.80594 -9.19063 0
      vertex 6.39886 -10.1292 8
      vertex 6.39886 -10.1292 0
    endloop
  endfacet
  facet normal 0.565134 -0.824999 0
    outer loop
      vertex 5.80594 -9.19063 0
      vertex 6.55365 -8.67844 8
      vertex 5.80594 -9.19063 8
    endloop
  endfacet
  facet normal 0.565134 -0.824999 0
    outer loop
      vertex 6.55365 -8.67844 8
      vertex 5.80594 -9.19063 0
      vertex 6.55365 -8.67844 0
    endloop
  endfacet
  facet normal 0.638854 -0.769328 0
    outer loop
      vertex 6.55365 -8.67844 0
      vertex 7.2509 -8.09944 8
      vertex 6.55365 -8.67844 8
    endloop
  endfacet
  facet normal 0.638854 -0.769328 0
    outer loop
      vertex 7.2509 -8.09944 8
      vertex 6.55365 -8.67844 0
      vertex 7.2509 -8.09944 0
    endloop
  endfacet
  facet normal -0.745055 -0.667003 0
    outer loop
      vertex 7.99138 -8.92657 0
      vertex 7.2509 -8.09944 8
      vertex 7.2509 -8.09944 0
    endloop
  endfacet
  facet normal -0.745055 -0.667003 0
    outer loop
      vertex 7.2509 -8.09944 8
      vertex 7.99138 -8.92657 0
      vertex 7.99138 -8.92657 8
    endloop
  endfacet
  facet normal -0.660607 -0.750732 0
    outer loop
      vertex 7.99138 -8.92657 0
      vertex 8.13432 -9.05235 8
      vertex 7.99138 -8.92657 8
    endloop
  endfacet
  facet normal -0.660607 -0.750732 -0
    outer loop
      vertex 8.13432 -9.05235 8
      vertex 7.99138 -8.92657 0
      vertex 8.13432 -9.05235 0
    endloop
  endfacet
  facet normal -0.583285 -0.812268 0
    outer loop
      vertex 8.13432 -9.05235 0
      vertex 8.2915 -9.16522 8
      vertex 8.13432 -9.05235 8
    endloop
  endfacet
  facet normal -0.583285 -0.812268 -0
    outer loop
      vertex 8.2915 -9.16522 8
      vertex 8.13432 -9.05235 0
      vertex 8.2915 -9.16522 0
    endloop
  endfacet
  facet normal -0.528947 -0.848655 0
    outer loop
      vertex 8.2915 -9.16522 0
      vertex 8.45828 -9.26917 8
      vertex 8.2915 -9.16522 8
    endloop
  endfacet
  facet normal -0.528947 -0.848655 -0
    outer loop
      vertex 8.45828 -9.26917 8
      vertex 8.2915 -9.16522 0
      vertex 8.45828 -9.26917 0
    endloop
  endfacet
  facet normal -0.482823 -0.875718 0
    outer loop
      vertex 8.45828 -9.26917 0
      vertex 8.63298 -9.36549 8
      vertex 8.45828 -9.26917 8
    endloop
  endfacet
  facet normal -0.482823 -0.875718 -0
    outer loop
      vertex 8.63298 -9.36549 8
      vertex 8.45828 -9.26917 0
      vertex 8.63298 -9.36549 0
    endloop
  endfacet
  facet normal -0.441456 -0.897283 0
    outer loop
      vertex 8.63298 -9.36549 0
      vertex 8.81467 -9.45488 8
      vertex 8.63298 -9.36549 8
    endloop
  endfacet
  facet normal -0.441456 -0.897283 -0
    outer loop
      vertex 8.81467 -9.45488 8
      vertex 8.63298 -9.36549 0
      vertex 8.81467 -9.45488 0
    endloop
  endfacet
  facet normal -0.403314 -0.915062 0
    outer loop
      vertex 8.81467 -9.45488 0
      vertex 9.00269 -9.53775 8
      vertex 8.81467 -9.45488 8
    endloop
  endfacet
  facet normal -0.403314 -0.915062 -0
    outer loop
      vertex 9.00269 -9.53775 8
      vertex 8.81467 -9.45488 0
      vertex 9.00269 -9.53775 0
    endloop
  endfacet
  facet normal -0.367351 -0.930082 0
    outer loop
      vertex 9.00269 -9.53775 0
      vertex 9.19658 -9.61433 8
      vertex 9.00269 -9.53775 8
    endloop
  endfacet
  facet normal -0.367351 -0.930082 -0
    outer loop
      vertex 9.19658 -9.61433 8
      vertex 9.00269 -9.53775 0
      vertex 9.19658 -9.61433 0
    endloop
  endfacet
  facet normal -0.3335 -0.94275 0
    outer loop
      vertex 9.19658 -9.61433 0
      vertex 9.3959 -9.68484 8
      vertex 9.19658 -9.61433 8
    endloop
  endfacet
  facet normal -0.3335 -0.94275 -0
    outer loop
      vertex 9.3959 -9.68484 8
      vertex 9.19658 -9.61433 0
      vertex 9.3959 -9.68484 0
    endloop
  endfacet
  facet normal -0.300797 -0.953688 0
    outer loop
      vertex 9.3959 -9.68484 0
      vertex 9.6004 -9.74934 8
      vertex 9.3959 -9.68484 8
    endloop
  endfacet
  facet normal -0.300797 -0.953688 -0
    outer loop
      vertex 9.6004 -9.74934 8
      vertex 9.3959 -9.68484 0
      vertex 9.6004 -9.74934 0
    endloop
  endfacet
  facet normal -0.269667 -0.962954 -0.00010619
    outer loop
      vertex 9.6004 -9.74934 8
      vertex 9.80727 -9.80727 7.9809
      vertex 9.78523 -9.8011 8
    endloop
  endfacet
  facet normal -0.269661 -0.962955 -3.68853e-05
    outer loop
      vertex 9.6004 -9.74934 8
      vertex 9.80977 -9.80797 7.97865
      vertex 9.80727 -9.80727 7.9809
    endloop
  endfacet
  facet normal -0.269657 -0.962956 0
    outer loop
      vertex 9.6004 -9.74934 8
      vertex 9.80977 -9.80797 0.0213522
      vertex 9.80977 -9.80797 7.97865
    endloop
  endfacet
  facet normal -0.269657 -0.962956 0
    outer loop
      vertex 9.6004 -9.74934 0
      vertex 9.80977 -9.80797 0.0213522
      vertex 9.6004 -9.74934 8
    endloop
  endfacet
  facet normal -0.269661 -0.962955 3.69062e-05
    outer loop
      vertex 9.80977 -9.80797 0.0213522
      vertex 9.6004 -9.74934 0
      vertex 9.80727 -9.80727 0.0191033
    endloop
  endfacet
  facet normal -0.269667 -0.962954 0.000106172
    outer loop
      vertex 9.80727 -9.80727 0.0191033
      vertex 9.6004 -9.74934 0
      vertex 9.78523 -9.8011 0
    endloop
  endfacet
  facet normal -0.239172 -0.970977 0
    outer loop
      vertex 9.80977 -9.80797 7.97865
      vertex 10.0238 -9.86069 0.208992
      vertex 10.0238 -9.86069 7.791
    endloop
  endfacet
  facet normal -0.239172 -0.970977 0
    outer loop
      vertex 10.0238 -9.86069 0.208992
      vertex 9.80977 -9.80797 7.97865
      vertex 9.80977 -9.80797 0.0213522
    endloop
  endfacet
  facet normal -0.209705 -0.977765 0
    outer loop
      vertex 10.151 -9.888 7.68212
      vertex 10.2422 -9.90756 0.395873
      vertex 10.2422 -9.90756 7.60411
    endloop
  endfacet
  facet normal -0.209918 -0.977719 0
    outer loop
      vertex 10.151 -9.888 0.317867
      vertex 10.151 -9.888 7.68212
      vertex 10.0238 -9.86069 7.791
    endloop
  endfacet
  facet normal -0.209705 -0.977765 -0
    outer loop
      vertex 10.151 -9.888 7.68212
      vertex 10.151 -9.888 0.317867
      vertex 10.2422 -9.90756 0.395873
    endloop
  endfacet
  facet normal -0.209918 -0.977719 0
    outer loop
      vertex 10.151 -9.888 0.317867
      vertex 10.0238 -9.86069 7.791
      vertex 10.0238 -9.86069 0.208992
    endloop
  endfacet
  facet normal 0.739263 -0.673416 0
    outer loop
      vertex 10.7292 -9.37336 7.6119
      vertex 10.8103 -9.28433 0.394195
      vertex 10.8103 -9.28433 7.60579
    endloop
  endfacet
  facet normal 0.739263 -0.673416 0
    outer loop
      vertex 10.7292 -9.37336 7.6119
      vertex 10.7292 -9.37336 0.388086
      vertex 10.8103 -9.28433 0.394195
    endloop
  endfacet
  facet normal 0.738895 -0.673751 0.00971105
    outer loop
      vertex 10.2422 -9.90756 7.60411
      vertex 10.7292 -9.37336 7.6119
      vertex 10.711 -9.3933 7.61327
    endloop
  endfacet
  facet normal 0.739 -0.673705 0
    outer loop
      vertex 10.7292 -9.37336 7.6119
      vertex 10.2422 -9.90756 7.60411
      vertex 10.7292 -9.37336 0.388086
    endloop
  endfacet
  facet normal 0.739 -0.673705 0
    outer loop
      vertex 10.2422 -9.90756 0.395873
      vertex 10.7292 -9.37336 0.388086
      vertex 10.2422 -9.90756 7.60411
    endloop
  endfacet
  facet normal 0.738895 -0.673751 -0.00972928
    outer loop
      vertex 10.7292 -9.37336 0.388086
      vertex 10.2422 -9.90756 0.395873
      vertex 10.711 -9.3933 0.386719
    endloop
  endfacet
  facet normal 0.954211 0.299136 0
    outer loop
      vertex 10.7801 -9.18793 7.68829
      vertex 10.7435 -9.07118 0.211776
      vertex 10.7435 -9.07118 7.78822
    endloop
  endfacet
  facet normal 0.954211 0.299136 0
    outer loop
      vertex 10.7801 -9.18793 7.68829
      vertex 10.7801 -9.18793 0.311694
      vertex 10.7435 -9.07118 0.211776
    endloop
  endfacet
  facet normal 0.954268 0.298951 0
    outer loop
      vertex 10.8103 -9.28433 7.60579
      vertex 10.7801 -9.18793 0.311694
      vertex 10.7801 -9.18793 7.68829
    endloop
  endfacet
  facet normal 0.954268 0.298951 0
    outer loop
      vertex 10.7801 -9.18793 0.311694
      vertex 10.8103 -9.28433 7.60579
      vertex 10.8103 -9.28433 0.394195
    endloop
  endfacet
  facet normal 0.944812 0.327612 0
    outer loop
      vertex 10.7435 -9.07118 7.78822
      vertex 10.6713 -8.86296 0.0283334
      vertex 10.6713 -8.86296 7.97167
    endloop
  endfacet
  facet normal 0.944812 0.327612 0
    outer loop
      vertex 10.6713 -8.86296 0.0283334
      vertex 10.7435 -9.07118 7.78822
      vertex 10.7435 -9.07118 0.211776
    endloop
  endfacet
  facet normal 0.934063 0.357102 0.00224531
    outer loop
      vertex 10.6713 -8.86296 7.97167
      vertex 10.5936 -8.6599 8
      vertex 10.6593 -8.83175 8
    endloop
  endfacet
  facet normal 0.933961 0.357376 0
    outer loop
      vertex 10.5936 -8.6599 8
      vertex 10.6713 -8.86296 7.97167
      vertex 10.5936 -8.6599 0
    endloop
  endfacet
  facet normal 0.933961 0.357376 -0
    outer loop
      vertex 10.6713 -8.86296 0.0283334
      vertex 10.5936 -8.6599 0
      vertex 10.6713 -8.86296 7.97167
    endloop
  endfacet
  facet normal 0.934063 0.357102 -0.00224505
    outer loop
      vertex 10.5936 -8.6599 0
      vertex 10.6713 -8.86296 0.0283334
      vertex 10.6593 -8.83175 0
    endloop
  endfacet
  facet normal 0.921858 0.387527 0
    outer loop
      vertex 10.5936 -8.6599 8
      vertex 10.5105 -8.46222 0
      vertex 10.5105 -8.46222 8
    endloop
  endfacet
  facet normal 0.921858 0.387527 0
    outer loop
      vertex 10.5105 -8.46222 0
      vertex 10.5936 -8.6599 8
      vertex 10.5936 -8.6599 0
    endloop
  endfacet
  facet normal 0.907979 0.419016 0
    outer loop
      vertex 10.5105 -8.46222 8
      vertex 10.4219 -8.27023 0
      vertex 10.4219 -8.27023 8
    endloop
  endfacet
  facet normal 0.907979 0.419016 0
    outer loop
      vertex 10.4219 -8.27023 0
      vertex 10.5105 -8.46222 8
      vertex 10.5105 -8.46222 0
    endloop
  endfacet
  facet normal 0.892103 0.451831 0
    outer loop
      vertex 10.4219 -8.27023 8
      vertex 10.3277 -8.08424 0
      vertex 10.3277 -8.08424 8
    endloop
  endfacet
  facet normal 0.892103 0.451831 0
    outer loop
      vertex 10.3277 -8.08424 0
      vertex 10.4219 -8.27023 8
      vertex 10.4219 -8.27023 0
    endloop
  endfacet
  facet normal 0.874065 0.485808 0
    outer loop
      vertex 10.3277 -8.08424 8
      vertex 10.2279 -7.90468 0
      vertex 10.2279 -7.90468 8
    endloop
  endfacet
  facet normal 0.874065 0.485808 0
    outer loop
      vertex 10.2279 -7.90468 0
      vertex 10.3277 -8.08424 8
      vertex 10.3277 -8.08424 0
    endloop
  endfacet
  facet normal 0.852667 0.522454 0
    outer loop
      vertex 10.2279 -7.90468 8
      vertex 10.1221 -7.73201 0
      vertex 10.1221 -7.73201 8
    endloop
  endfacet
  facet normal 0.852667 0.522454 0
    outer loop
      vertex 10.1221 -7.73201 0
      vertex 10.2279 -7.90468 8
      vertex 10.2279 -7.90468 0
    endloop
  endfacet
  facet normal 0.827503 0.561461 0
    outer loop
      vertex 10.1221 -7.73201 8
      vertex 10.0101 -7.56694 0
      vertex 10.0101 -7.56694 8
    endloop
  endfacet
  facet normal 0.827503 0.561461 0
    outer loop
      vertex 10.0101 -7.56694 0
      vertex 10.1221 -7.73201 8
      vertex 10.1221 -7.73201 0
    endloop
  endfacet
  facet normal 0.796088 0.605181 0
    outer loop
      vertex 10.0101 -7.56694 8
      vertex 9.89116 -7.41048 0
      vertex 9.89116 -7.41048 8
    endloop
  endfacet
  facet normal 0.796088 0.605181 0
    outer loop
      vertex 9.89116 -7.41048 0
      vertex 10.0101 -7.56694 8
      vertex 10.0101 -7.56694 0
    endloop
  endfacet
  facet normal 0.755046 0.655672 0
    outer loop
      vertex 9.89116 -7.41048 8
      vertex 9.76428 -7.26437 0
      vertex 9.76428 -7.26437 8
    endloop
  endfacet
  facet normal 0.755046 0.655672 0
    outer loop
      vertex 9.76428 -7.26437 0
      vertex 9.89116 -7.41048 8
      vertex 9.89116 -7.41048 0
    endloop
  endfacet
  facet normal 0.68657 0.727064 -0
    outer loop
      vertex 9.76428 -7.26437 0
      vertex 9.62585 -7.13365 8
      vertex 9.76428 -7.26437 8
    endloop
  endfacet
  facet normal 0.68657 0.727064 0
    outer loop
      vertex 9.62585 -7.13365 8
      vertex 9.76428 -7.26437 0
      vertex 9.62585 -7.13365 0
    endloop
  endfacet
  facet normal 0.595403 0.803427 -0
    outer loop
      vertex 9.62585 -7.13365 0
      vertex 8.73392 -6.47266 8
      vertex 9.62585 -7.13365 8
    endloop
  endfacet
  facet normal 0.595403 0.803427 0
    outer loop
      vertex 8.73392 -6.47266 8
      vertex 9.62585 -7.13365 0
      vertex 8.73392 -6.47266 0
    endloop
  endfacet
  facet normal 0.824999 -0.565134 0
    outer loop
      vertex 8.73392 -6.47266 8
      vertex 9.24611 -5.72495 0
      vertex 9.24611 -5.72495 8
    endloop
  endfacet
  facet normal 0.824999 -0.565134 0
    outer loop
      vertex 9.24611 -5.72495 0
      vertex 8.73392 -6.47266 8
      vertex 8.73392 -6.47266 0
    endloop
  endfacet
  facet normal 0.873626 -0.486597 0
    outer loop
      vertex 9.24611 -5.72495 8
      vertex 9.68712 -4.93317 0
      vertex 9.68712 -4.93317 8
    endloop
  endfacet
  facet normal 0.873626 -0.486597 0
    outer loop
      vertex 9.68712 -4.93317 0
      vertex 9.24611 -5.72495 8
      vertex 9.24611 -5.72495 0
    endloop
  endfacet
  facet normal -0.453802 -0.891102 0
    outer loop
      vertex 9.68712 -4.93317 0
      vertex 10.6764 -5.43697 8
      vertex 9.68712 -4.93317 8
    endloop
  endfacet
  facet normal -0.453802 -0.891102 -0
    outer loop
      vertex 10.6764 -5.43697 8
      vertex 9.68712 -4.93317 0
      vertex 10.6764 -5.43697 0
    endloop
  endfacet
  facet normal -0.344795 -0.938678 0
    outer loop
      vertex 10.6764 -5.43697 0
      vertex 10.8551 -5.50261 8
      vertex 10.6764 -5.43697 8
    endloop
  endfacet
  facet normal -0.344795 -0.938678 -0
    outer loop
      vertex 10.8551 -5.50261 8
      vertex 10.6764 -5.43697 0
      vertex 10.8551 -5.50261 0
    endloop
  endfacet
  facet normal -0.250356 -0.968154 0
    outer loop
      vertex 10.8551 -5.50261 0
      vertex 11.0425 -5.55107 8
      vertex 10.8551 -5.50261 8
    endloop
  endfacet
  facet normal -0.250356 -0.968154 -0
    outer loop
      vertex 11.0425 -5.55107 8
      vertex 10.8551 -5.50261 0
      vertex 11.0425 -5.55107 0
    endloop
  endfacet
  facet normal -0.18671 -0.982415 0
    outer loop
      vertex 11.0425 -5.55107 0
      vertex 11.2355 -5.58775 8
      vertex 11.0425 -5.55107 8
    endloop
  endfacet
  facet normal -0.18671 -0.982415 -0
    outer loop
      vertex 11.2355 -5.58775 8
      vertex 11.0425 -5.55107 0
      vertex 11.2355 -5.58775 0
    endloop
  endfacet
  facet normal -0.133887 -0.990997 0
    outer loop
      vertex 11.2355 -5.58775 0
      vertex 11.4332 -5.61446 8
      vertex 11.2355 -5.58775 8
    endloop
  endfacet
  facet normal -0.133887 -0.990997 -0
    outer loop
      vertex 11.4332 -5.61446 8
      vertex 11.2355 -5.58775 0
      vertex 11.4332 -5.61446 0
    endloop
  endfacet
  facet normal -0.0875652 -0.996159 0
    outer loop
      vertex 11.4332 -5.61446 0
      vertex 11.6349 -5.63219 8
      vertex 11.4332 -5.61446 8
    endloop
  endfacet
  facet normal -0.0875652 -0.996159 -0
    outer loop
      vertex 11.6349 -5.63219 8
      vertex 11.4332 -5.61446 0
      vertex 11.6349 -5.63219 0
    endloop
  endfacet
  facet normal -0.0454959 -0.998965 0
    outer loop
      vertex 11.6349 -5.63219 0
      vertex 11.8402 -5.64154 8
      vertex 11.6349 -5.63219 8
    endloop
  endfacet
  facet normal -0.0454959 -0.998965 -0
    outer loop
      vertex 11.8402 -5.64154 8
      vertex 11.6349 -5.63219 0
      vertex 11.8402 -5.64154 0
    endloop
  endfacet
  facet normal -0.00657375 -0.999978 0
    outer loop
      vertex 11.8402 -5.64154 0
      vertex 12.0486 -5.64291 8
      vertex 11.8402 -5.64154 8
    endloop
  endfacet
  facet normal -0.00657375 -0.999978 -0
    outer loop
      vertex 12.0486 -5.64291 8
      vertex 11.8402 -5.64154 0
      vertex 12.0486 -5.64291 0
    endloop
  endfacet
  facet normal 0.0295519 -0.999563 0
    outer loop
      vertex 12.0486 -5.64291 0
      vertex 12.26 -5.63666 8
      vertex 12.0486 -5.64291 8
    endloop
  endfacet
  facet normal 0.0295519 -0.999563 0
    outer loop
      vertex 12.26 -5.63666 8
      vertex 12.0486 -5.64291 0
      vertex 12.26 -5.63666 0
    endloop
  endfacet
  facet normal 0.0640737 -0.997945 0
    outer loop
      vertex 12.26 -5.63666 0
      vertex 12.474 -5.62292 8
      vertex 12.26 -5.63666 8
    endloop
  endfacet
  facet normal 0.0640737 -0.997945 0
    outer loop
      vertex 12.474 -5.62292 8
      vertex 12.26 -5.63666 0
      vertex 12.474 -5.62292 0
    endloop
  endfacet
  facet normal 0.0964421 -0.995339 0.000278203
    outer loop
      vertex 12.474 -5.62292 8
      vertex 12.6904 -5.60196 7.97208
      vertex 12.6575 -5.60514 8
    endloop
  endfacet
  facet normal 0.0964065 -0.995342 0
    outer loop
      vertex 12.474 -5.62292 8
      vertex 12.6904 -5.60196 0.0279213
      vertex 12.6904 -5.60196 7.97208
    endloop
  endfacet
  facet normal 0.0964065 -0.995342 0
    outer loop
      vertex 12.474 -5.62292 0
      vertex 12.6904 -5.60196 0.0279213
      vertex 12.474 -5.62292 8
    endloop
  endfacet
  facet normal 0.0964421 -0.995339 -0.00027819
    outer loop
      vertex 12.6904 -5.60196 0.0279213
      vertex 12.474 -5.62292 0
      vertex 12.6575 -5.60514 0
    endloop
  endfacet
  facet normal 0.127737 -0.991808 0
    outer loop
      vertex 12.7939 -5.58863 0.114597
      vertex 12.7939 -5.58863 7.8854
      vertex 12.6904 -5.60196 7.97208
    endloop
  endfacet
  facet normal 0.127703 -0.991812 0
    outer loop
      vertex 12.7939 -5.58863 7.8854
      vertex 12.7939 -5.58863 0.114597
      vertex 12.909 -5.57381 7.78906
    endloop
  endfacet
  facet normal 0.127703 -0.991812 0
    outer loop
      vertex 12.909 -5.57381 7.78906
      vertex 12.7939 -5.58863 0.114597
      vertex 12.909 -5.57381 0.210936
    endloop
  endfacet
  facet normal 0.127737 -0.991808 0
    outer loop
      vertex 12.7939 -5.58863 0.114597
      vertex 12.6904 -5.60196 7.97208
      vertex 12.6904 -5.60196 0.0279213
    endloop
  endfacet
  facet normal 0.157528 -0.987515 0
    outer loop
      vertex 12.909 -5.57381 7.78906
      vertex 13.1296 -5.53862 0.392894
      vertex 13.1296 -5.53862 7.60709
    endloop
  endfacet
  facet normal 0.157528 -0.987515 0
    outer loop
      vertex 13.1296 -5.53862 0.392894
      vertex 12.909 -5.57381 7.78906
      vertex 12.909 -5.57381 0.210936
    endloop
  endfacet
  facet normal 0.932474 -0.361236 0
    outer loop
      vertex 13.163 -5.4523 7.61213
      vertex 13.4342 -4.75224 0.394903
      vertex 13.4342 -4.75224 7.60508
    endloop
  endfacet
  facet normal 0.932474 -0.361236 0
    outer loop
      vertex 13.163 -5.4523 7.61213
      vertex 13.163 -5.4523 0.387852
      vertex 13.4342 -4.75224 0.394903
    endloop
  endfacet
  facet normal 0.93262 -0.360861 0
    outer loop
      vertex 13.1296 -5.53862 7.60709
      vertex 13.163 -5.4523 0.387852
      vertex 13.163 -5.4523 7.61213
    endloop
  endfacet
  facet normal 0.93262 -0.360861 0
    outer loop
      vertex 13.163 -5.4523 0.387852
      vertex 13.1296 -5.53862 7.60709
      vertex 13.1296 -5.53862 0.392894
    endloop
  endfacet
  facet normal 0.781656 0.62371 0
    outer loop
      vertex 13.3907 -4.69768 7.66361
      vertex 13.2949 -4.57762 0.207594
      vertex 13.2949 -4.57762 7.7924
    endloop
  endfacet
  facet normal 0.781656 0.62371 0
    outer loop
      vertex 13.3907 -4.69768 7.66361
      vertex 13.3907 -4.69768 0.336373
      vertex 13.2949 -4.57762 0.207594
    endloop
  endfacet
  facet normal 0.781902 0.623401 0
    outer loop
      vertex 13.4342 -4.75224 7.60508
      vertex 13.3907 -4.69768 0.336373
      vertex 13.3907 -4.69768 7.66361
    endloop
  endfacet
  facet normal 0.781902 0.623401 0
    outer loop
      vertex 13.3907 -4.69768 0.336373
      vertex 13.4342 -4.75224 7.60508
      vertex 13.4342 -4.75224 0.394903
    endloop
  endfacet
  facet normal 0.762533 0.64695 0
    outer loop
      vertex 13.2179 -4.48688 7.89393
      vertex 13.1523 -4.40956 0.0228869
      vertex 13.1523 -4.40956 7.97711
    endloop
  endfacet
  facet normal 0.762533 0.64695 0
    outer loop
      vertex 13.2179 -4.48688 7.89393
      vertex 13.2179 -4.48688 0.106067
      vertex 13.1523 -4.40956 0.0228869
    endloop
  endfacet
  facet normal 0.762474 0.647019 0
    outer loop
      vertex 13.2949 -4.57762 7.7924
      vertex 13.2179 -4.48688 0.106067
      vertex 13.2179 -4.48688 7.89393
    endloop
  endfacet
  facet normal 0.762474 0.647019 0
    outer loop
      vertex 13.2179 -4.48688 0.106067
      vertex 13.2949 -4.57762 7.7924
      vertex 13.2949 -4.57762 0.207594
    endloop
  endfacet
  facet normal 0.741746 0.67068 -0.000379412
    outer loop
      vertex 13.152 -4.40919 7.97754
      vertex 13.0065 -4.24826 8
      vertex 13.134 -4.38927 8
    endloop
  endfacet
  facet normal 0.735424 0.674277 -0.0671052
    outer loop
      vertex 13.1523 -4.40956 7.97711
      vertex 13.0065 -4.24826 8
      vertex 13.152 -4.40919 7.97754
    endloop
  endfacet
  facet normal 0.741852 0.670564 0
    outer loop
      vertex 13.0065 -4.24826 8
      vertex 13.1523 -4.40956 7.97711
      vertex 13.0065 -4.24826 0
    endloop
  endfacet
  facet normal 0.741746 0.67068 0.000379353
    outer loop
      vertex 13.0065 -4.24826 0
      vertex 13.152 -4.40919 0.0224635
      vertex 13.134 -4.38927 0
    endloop
  endfacet
  facet normal 0.741852 0.670564 -0
    outer loop
      vertex 13.1523 -4.40956 0.0228869
      vertex 13.0065 -4.24826 0
      vertex 13.1523 -4.40956 7.97711
    endloop
  endfacet
  facet normal 0.735281 0.674314 0.0682847
    outer loop
      vertex 13.0065 -4.24826 0
      vertex 13.1523 -4.40956 0.0228869
      vertex 13.152 -4.40919 0.0224635
    endloop
  endfacet
  facet normal 0.719586 0.694403 0
    outer loop
      vertex 13.0065 -4.24826 8
      vertex 12.8576 -4.09396 0
      vertex 12.8576 -4.09396 8
    endloop
  endfacet
  facet normal 0.719586 0.694403 0
    outer loop
      vertex 12.8576 -4.09396 0
      vertex 13.0065 -4.24826 8
      vertex 13.0065 -4.24826 0
    endloop
  endfacet
  facet normal 0.695446 0.718579 -0
    outer loop
      vertex 12.8576 -4.09396 0
      vertex 12.7057 -3.94695 8
      vertex 12.8576 -4.09396 8
    endloop
  endfacet
  facet normal 0.695446 0.718579 0
    outer loop
      vertex 12.7057 -3.94695 8
      vertex 12.8576 -4.09396 0
      vertex 12.7057 -3.94695 0
    endloop
  endfacet
  facet normal 0.668753 0.743485 -0
    outer loop
      vertex 12.7057 -3.94695 0
      vertex 12.5507 -3.80753 8
      vertex 12.7057 -3.94695 8
    endloop
  endfacet
  facet normal 0.668753 0.743485 0
    outer loop
      vertex 12.5507 -3.80753 8
      vertex 12.7057 -3.94695 0
      vertex 12.5507 -3.80753 0
    endloop
  endfacet
  facet normal 0.639361 0.768907 -0
    outer loop
      vertex 12.5507 -3.80753 0
      vertex 12.3927 -3.67615 8
      vertex 12.5507 -3.80753 8
    endloop
  endfacet
  facet normal 0.639361 0.768907 0
    outer loop
      vertex 12.3927 -3.67615 8
      vertex 12.5507 -3.80753 0
      vertex 12.3927 -3.67615 0
    endloop
  endfacet
  facet normal 0.606429 0.795138 -0
    outer loop
      vertex 12.3927 -3.67615 0
      vertex 12.2317 -3.55336 8
      vertex 12.3927 -3.67615 8
    endloop
  endfacet
  facet normal 0.606429 0.795138 0
    outer loop
      vertex 12.2317 -3.55336 8
      vertex 12.3927 -3.67615 0
      vertex 12.2317 -3.55336 0
    endloop
  endfacet
  facet normal 0.568676 0.822562 -0
    outer loop
      vertex 12.2317 -3.55336 0
      vertex 12.0676 -3.43991 8
      vertex 12.2317 -3.55336 8
    endloop
  endfacet
  facet normal 0.568676 0.822562 0
    outer loop
      vertex 12.0676 -3.43991 8
      vertex 12.2317 -3.55336 0
      vertex 12.0676 -3.43991 0
    endloop
  endfacet
  facet normal 0.523856 0.851807 -0
    outer loop
      vertex 12.0676 -3.43991 0
      vertex 11.9002 -3.33696 8
      vertex 12.0676 -3.43991 8
    endloop
  endfacet
  facet normal 0.523856 0.851807 0
    outer loop
      vertex 11.9002 -3.33696 8
      vertex 12.0676 -3.43991 0
      vertex 11.9002 -3.33696 0
    endloop
  endfacet
  facet normal 0.467192 0.884156 -0
    outer loop
      vertex 11.9002 -3.33696 0
      vertex 11.7291 -3.24655 8
      vertex 11.9002 -3.33696 8
    endloop
  endfacet
  facet normal 0.467192 0.884156 0
    outer loop
      vertex 11.7291 -3.24655 8
      vertex 11.9002 -3.33696 0
      vertex 11.7291 -3.24655 0
    endloop
  endfacet
  facet normal 0.37754 0.925993 -0
    outer loop
      vertex 11.7291 -3.24655 0
      vertex 11.5528 -3.17467 8
      vertex 11.7291 -3.24655 8
    endloop
  endfacet
  facet normal 0.37754 0.925993 0
    outer loop
      vertex 11.5528 -3.17467 8
      vertex 11.7291 -3.24655 0
      vertex 11.5528 -3.17467 0
    endloop
  endfacet
  facet normal 0.264966 0.964258 -0
    outer loop
      vertex 11.5528 -3.17467 0
      vertex 10.4823 -2.88051 8
      vertex 11.5528 -3.17467 8
    endloop
  endfacet
  facet normal 0.264966 0.964258 0
    outer loop
      vertex 10.4823 -2.88051 8
      vertex 11.5528 -3.17467 0
      vertex 10.4823 -2.88051 0
    endloop
  endfacet
  facet normal 0.973438 -0.228952 0
    outer loop
      vertex 10.4823 -2.88051 8
      vertex 10.6898 -1.99828 0
      vertex 10.6898 -1.99828 8
    endloop
  endfacet
  facet normal 0.973438 -0.228952 0
    outer loop
      vertex 10.6898 -1.99828 0
      vertex 10.4823 -2.88051 8
      vertex 10.4823 -2.88051 0
    endloop
  endfacet
  facet normal 0.990412 -0.138143 0
    outer loop
      vertex 10.6898 -1.99828 8
      vertex 10.815 -1.10066 0
      vertex 10.815 -1.10066 8
    endloop
  endfacet
  facet normal 0.990412 -0.138143 0
    outer loop
      vertex 10.815 -1.10066 0
      vertex 10.6898 -1.99828 8
      vertex 10.6898 -1.99828 0
    endloop
  endfacet
  facet normal -0.101243 -0.994862 0
    outer loop
      vertex 10.815 -1.10066 0
      vertex 11.9195 -1.21306 8
      vertex 10.815 -1.10066 8
    endloop
  endfacet
  facet normal -0.101243 -0.994862 -0
    outer loop
      vertex 11.9195 -1.21306 8
      vertex 10.815 -1.10066 0
      vertex 11.9195 -1.21306 0
    endloop
  endfacet
  facet normal 0.0175393 -0.999846 0
    outer loop
      vertex 11.9195 -1.21306 0
      vertex 12.1099 -1.20972 8
      vertex 11.9195 -1.21306 8
    endloop
  endfacet
  facet normal 0.0175393 -0.999846 0
    outer loop
      vertex 12.1099 -1.20972 8
      vertex 11.9195 -1.21306 0
      vertex 12.1099 -1.20972 0
    endloop
  endfacet
  facet normal 0.116221 -0.993223 0
    outer loop
      vertex 12.1099 -1.20972 0
      vertex 12.3021 -1.18723 8
      vertex 12.1099 -1.20972 8
    endloop
  endfacet
  facet normal 0.116221 -0.993223 0
    outer loop
      vertex 12.3021 -1.18723 8
      vertex 12.1099 -1.20972 0
      vertex 12.3021 -1.18723 0
    endloop
  endfacet
  facet normal 0.180919 -0.983498 0
    outer loop
      vertex 12.3021 -1.18723 0
      vertex 12.4953 -1.15169 8
      vertex 12.3021 -1.18723 8
    endloop
  endfacet
  facet normal 0.180919 -0.983498 0
    outer loop
      vertex 12.4953 -1.15169 8
      vertex 12.3021 -1.18723 0
      vertex 12.4953 -1.15169 0
    endloop
  endfacet
  facet normal 0.233136 -0.972444 0
    outer loop
      vertex 12.4953 -1.15169 0
      vertex 12.6893 -1.10518 8
      vertex 12.4953 -1.15169 8
    endloop
  endfacet
  facet normal 0.233136 -0.972444 0
    outer loop
      vertex 12.6893 -1.10518 8
      vertex 12.4953 -1.15169 0
      vertex 12.6893 -1.10518 0
    endloop
  endfacet
  facet normal 0.278228 -0.960515 0
    outer loop
      vertex 12.6893 -1.10518 0
      vertex 12.8838 -1.04884 8
      vertex 12.6893 -1.10518 8
    endloop
  endfacet
  facet normal 0.278228 -0.960515 0
    outer loop
      vertex 12.8838 -1.04884 8
      vertex 12.6893 -1.10518 0
      vertex 12.8838 -1.04884 0
    endloop
  endfacet
  facet normal 0.318385 -0.947962 0
    outer loop
      vertex 12.8838 -1.04884 0
      vertex 13.0786 -0.983414 8
      vertex 12.8838 -1.04884 8
    endloop
  endfacet
  facet normal 0.318385 -0.947962 0
    outer loop
      vertex 13.0786 -0.983414 8
      vertex 12.8838 -1.04884 0
      vertex 13.0786 -0.983414 0
    endloop
  endfacet
  facet normal 0.355046 -0.934849 0
    outer loop
      vertex 13.0786 -0.983414 0
      vertex 13.2735 -0.909393 8
      vertex 13.0786 -0.983414 8
    endloop
  endfacet
  facet normal 0.355046 -0.934849 0
    outer loop
      vertex 13.2735 -0.909393 8
      vertex 13.0786 -0.983414 0
      vertex 13.2735 -0.909393 0
    endloop
  endfacet
  facet normal 0.388712 -0.92136 0
    outer loop
      vertex 13.2735 -0.909393 0
      vertex 13.4683 -0.827209 8
      vertex 13.2735 -0.909393 8
    endloop
  endfacet
  facet normal 0.388712 -0.92136 0
    outer loop
      vertex 13.4683 -0.827209 8
      vertex 13.2735 -0.909393 0
      vertex 13.4683 -0.827209 0
    endloop
  endfacet
  facet normal 0.420164 -0.907448 0
    outer loop
      vertex 13.4683 -0.827209 0
      vertex 13.6629 -0.737106 8
      vertex 13.4683 -0.827209 8
    endloop
  endfacet
  facet normal 0.420164 -0.907448 0
    outer loop
      vertex 13.6629 -0.737106 8
      vertex 13.4683 -0.827209 0
      vertex 13.6629 -0.737106 0
    endloop
  endfacet
  facet normal 0.449519 -0.893271 -0.000162633
    outer loop
      vertex 13.6629 -0.737106 8
      vertex 13.8571 -0.639374 7.97264
      vertex 13.8286 -0.653721 8
    endloop
  endfacet
  facet normal 0.449538 -0.893261 0
    outer loop
      vertex 13.6629 -0.737106 8
      vertex 13.8571 -0.639374 0.0273573
      vertex 13.8571 -0.639374 7.97264
    endloop
  endfacet
  facet normal 0.449538 -0.893261 0
    outer loop
      vertex 13.6629 -0.737106 0
      vertex 13.8571 -0.639374 0.0273573
      vertex 13.6629 -0.737106 8
    endloop
  endfacet
  facet normal 0.449519 -0.893271 0.000162649
    outer loop
      vertex 13.8571 -0.639374 0.0273573
      vertex 13.6629 -0.737106 0
      vertex 13.8286 -0.653721 0
    endloop
  endfacet
  facet normal 0.477297 -0.878742 0
    outer loop
      vertex 13.8571 -0.639374 7.97264
      vertex 14.0508 -0.534164 0.212933
      vertex 14.0508 -0.534164 7.78706
    endloop
  endfacet
  facet normal 0.477297 -0.878742 0
    outer loop
      vertex 14.0508 -0.534164 0.212933
      vertex 13.8571 -0.639374 7.97264
      vertex 13.8571 -0.639374 0.0273573
    endloop
  endfacet
  facet normal 0.503628 -0.863921 0
    outer loop
      vertex 14.0642 -0.52636 7.77425
      vertex 14.2438 -0.421661 0.397622
      vertex 14.2438 -0.421661 7.60236
    endloop
  endfacet
  facet normal 0.503261 -0.864134 0
    outer loop
      vertex 14.0642 -0.52636 0.225745
      vertex 14.0642 -0.52636 7.77425
      vertex 14.0508 -0.534164 7.78706
    endloop
  endfacet
  facet normal 0.503628 -0.863921 0
    outer loop
      vertex 14.0642 -0.52636 7.77425
      vertex 14.0642 -0.52636 0.225745
      vertex 14.2438 -0.421661 0.397622
    endloop
  endfacet
  facet normal 0.503261 -0.864134 0
    outer loop
      vertex 14.0642 -0.52636 0.225745
      vertex 14.0508 -0.534164 7.78706
      vertex 14.0508 -0.534164 0.212933
    endloop
  endfacet
  facet normal 1 0 0
    outer loop
      vertex 14.2438 0 7.61583
      vertex 14.2438 0.421661 0.397622
      vertex 14.2438 0.421661 7.60236
    endloop
  endfacet
  facet normal 1 0 0
    outer loop
      vertex 14.2438 0 7.61583
      vertex 14.2438 0 0.384155
      vertex 14.2438 0.421661 0.397622
    endloop
  endfacet
  facet normal 1 -0 0
    outer loop
      vertex 14.2438 -0.421661 7.60236
      vertex 14.2438 0 0.384155
      vertex 14.2438 0 7.61583
    endloop
  endfacet
  facet normal 1 0 0
    outer loop
      vertex 14.2438 0 0.384155
      vertex 14.2438 -0.421661 7.60236
      vertex 14.2438 -0.421661 0.397622
    endloop
  endfacet
  facet normal 0.503628 0.863921 -0
    outer loop
      vertex 14.2438 0.421661 0.397622
      vertex 14.0642 0.52636 7.77425
      vertex 14.2438 0.421661 7.60236
    endloop
  endfacet
  facet normal 0.503628 0.863921 -0
    outer loop
      vertex 14.0642 0.52636 0.225745
      vertex 14.0642 0.52636 7.77425
      vertex 14.2438 0.421661 0.397622
    endloop
  endfacet
  facet normal 0.503261 0.864134 0
    outer loop
      vertex 14.0642 0.52636 7.77425
      vertex 14.0642 0.52636 0.225745
      vertex 14.0508 0.534164 7.78706
    endloop
  endfacet
  facet normal 0.503261 0.864134 0
    outer loop
      vertex 14.0508 0.534164 7.78706
      vertex 14.0642 0.52636 0.225745
      vertex 14.0508 0.534164 0.212933
    endloop
  endfacet
  facet normal 0.477297 0.878742 -0
    outer loop
      vertex 14.0508 0.534164 0.212933
      vertex 13.8571 0.639374 7.97264
      vertex 14.0508 0.534164 7.78706
    endloop
  endfacet
  facet normal 0.477297 0.878742 0
    outer loop
      vertex 13.8571 0.639374 7.97264
      vertex 14.0508 0.534164 0.212933
      vertex 13.8571 0.639374 0.0273573
    endloop
  endfacet
  facet normal 0.449519 0.893271 -0.000162633
    outer loop
      vertex 13.8571 0.639374 7.97264
      vertex 13.6629 0.737106 8
      vertex 13.8286 0.653721 8
    endloop
  endfacet
  facet normal 0.449538 0.893261 -0
    outer loop
      vertex 13.8571 0.639374 0.0273573
      vertex 13.6629 0.737106 8
      vertex 13.8571 0.639374 7.97264
    endloop
  endfacet
  facet normal 0.449519 0.893271 0.000162649
    outer loop
      vertex 13.6629 0.737106 0
      vertex 13.8571 0.639374 0.0273573
      vertex 13.8286 0.653721 0
    endloop
  endfacet
  facet normal 0.449538 0.893261 0
    outer loop
      vertex 13.8571 0.639374 0.0273573
      vertex 13.6629 0.737106 0
      vertex 13.6629 0.737106 8
    endloop
  endfacet
  facet normal 0.420164 0.907448 -0
    outer loop
      vertex 13.6629 0.737106 0
      vertex 13.4683 0.827209 8
      vertex 13.6629 0.737106 8
    endloop
  endfacet
  facet normal 0.420164 0.907448 0
    outer loop
      vertex 13.4683 0.827209 8
      vertex 13.6629 0.737106 0
      vertex 13.4683 0.827209 0
    endloop
  endfacet
  facet normal 0.388712 0.92136 -0
    outer loop
      vertex 13.4683 0.827209 0
      vertex 13.2735 0.909393 8
      vertex 13.4683 0.827209 8
    endloop
  endfacet
  facet normal 0.388712 0.92136 0
    outer loop
      vertex 13.2735 0.909393 8
      vertex 13.4683 0.827209 0
      vertex 13.2735 0.909393 0
    endloop
  endfacet
  facet normal 0.355046 0.934849 -0
    outer loop
      vertex 13.2735 0.909393 0
      vertex 13.0786 0.983414 8
      vertex 13.2735 0.909393 8
    endloop
  endfacet
  facet normal 0.355046 0.934849 0
    outer loop
      vertex 13.0786 0.983414 8
      vertex 13.2735 0.909393 0
      vertex 13.0786 0.983414 0
    endloop
  endfacet
  facet normal 0.318385 0.947962 -0
    outer loop
      vertex 13.0786 0.983414 0
      vertex 12.8838 1.04884 8
      vertex 13.0786 0.983414 8
    endloop
  endfacet
  facet normal 0.318385 0.947962 0
    outer loop
      vertex 12.8838 1.04884 8
      vertex 13.0786 0.983414 0
      vertex 12.8838 1.04884 0
    endloop
  endfacet
  facet normal 0.278228 0.960515 -0
    outer loop
      vertex 12.8838 1.04884 0
      vertex 12.6893 1.10518 8
      vertex 12.8838 1.04884 8
    endloop
  endfacet
  facet normal 0.278228 0.960515 0
    outer loop
      vertex 12.6893 1.10518 8
      vertex 12.8838 1.04884 0
      vertex 12.6893 1.10518 0
    endloop
  endfacet
  facet normal 0.233136 0.972444 -0
    outer loop
      vertex 12.6893 1.10518 0
      vertex 12.4953 1.15169 8
      vertex 12.6893 1.10518 8
    endloop
  endfacet
  facet normal 0.233136 0.972444 0
    outer loop
      vertex 12.4953 1.15169 8
      vertex 12.6893 1.10518 0
      vertex 12.4953 1.15169 0
    endloop
  endfacet
  facet normal 0.180919 0.983498 -0
    outer loop
      vertex 12.4953 1.15169 0
      vertex 12.3021 1.18723 8
      vertex 12.4953 1.15169 8
    endloop
  endfacet
  facet normal 0.180919 0.983498 0
    outer loop
      vertex 12.3021 1.18723 8
      vertex 12.4953 1.15169 0
      vertex 12.3021 1.18723 0
    endloop
  endfacet
  facet normal 0.116221 0.993223 -0
    outer loop
      vertex 12.3021 1.18723 0
      vertex 12.1099 1.20972 8
      vertex 12.3021 1.18723 8
    endloop
  endfacet
  facet normal 0.116221 0.993223 0
    outer loop
      vertex 12.1099 1.20972 8
      vertex 12.3021 1.18723 0
      vertex 12.1099 1.20972 0
    endloop
  endfacet
  facet normal 0.0175393 0.999846 -0
    outer loop
      vertex 12.1099 1.20972 0
      vertex 11.9195 1.21306 8
      vertex 12.1099 1.20972 8
    endloop
  endfacet
  facet normal 0.0175393 0.999846 0
    outer loop
      vertex 11.9195 1.21306 8
      vertex 12.1099 1.20972 0
      vertex 11.9195 1.21306 0
    endloop
  endfacet
  facet normal -0.101243 0.994862 0
    outer loop
      vertex 11.9195 1.21306 0
      vertex 10.815 1.10066 8
      vertex 11.9195 1.21306 8
    endloop
  endfacet
  facet normal -0.101243 0.994862 0
    outer loop
      vertex 10.815 1.10066 8
      vertex 11.9195 1.21306 0
      vertex 10.815 1.10066 0
    endloop
  endfacet
  facet normal 0.990412 0.138143 0
    outer loop
      vertex 10.815 1.10066 8
      vertex 10.6898 1.99828 0
      vertex 10.6898 1.99828 8
    endloop
  endfacet
  facet normal 0.990412 0.138143 0
    outer loop
      vertex 10.6898 1.99828 0
      vertex 10.815 1.10066 8
      vertex 10.815 1.10066 0
    endloop
  endfacet
  facet normal 0.973438 0.228952 0
    outer loop
      vertex 10.6898 1.99828 8
      vertex 10.4823 2.88051 0
      vertex 10.4823 2.88051 8
    endloop
  endfacet
  facet normal 0.973438 0.228952 0
    outer loop
      vertex 10.4823 2.88051 0
      vertex 10.6898 1.99828 8
      vertex 10.6898 1.99828 0
    endloop
  endfacet
  facet normal 0.264966 -0.964258 0
    outer loop
      vertex 10.4823 2.88051 0
      vertex 11.5528 3.17467 8
      vertex 10.4823 2.88051 8
    endloop
  endfacet
  facet normal 0.264966 -0.964258 0
    outer loop
      vertex 11.5528 3.17467 8
      vertex 10.4823 2.88051 0
      vertex 11.5528 3.17467 0
    endloop
  endfacet
  facet normal 0.37754 -0.925993 0
    outer loop
      vertex 11.5528 3.17467 0
      vertex 11.7291 3.24655 8
      vertex 11.5528 3.17467 8
    endloop
  endfacet
  facet normal 0.37754 -0.925993 0
    outer loop
      vertex 11.7291 3.24655 8
      vertex 11.5528 3.17467 0
      vertex 11.7291 3.24655 0
    endloop
  endfacet
  facet normal 0.467192 -0.884156 0
    outer loop
      vertex 11.7291 3.24655 0
      vertex 11.9002 3.33696 8
      vertex 11.7291 3.24655 8
    endloop
  endfacet
  facet normal 0.467192 -0.884156 0
    outer loop
      vertex 11.9002 3.33696 8
      vertex 11.7291 3.24655 0
      vertex 11.9002 3.33696 0
    endloop
  endfacet
  facet normal 0.523856 -0.851807 0
    outer loop
      vertex 11.9002 3.33696 0
      vertex 12.0676 3.43991 8
      vertex 11.9002 3.33696 8
    endloop
  endfacet
  facet normal 0.523856 -0.851807 0
    outer loop
      vertex 12.0676 3.43991 8
      vertex 11.9002 3.33696 0
      vertex 12.0676 3.43991 0
    endloop
  endfacet
  facet normal 0.568676 -0.822562 0
    outer loop
      vertex 12.0676 3.43991 0
      vertex 12.2317 3.55336 8
      vertex 12.0676 3.43991 8
    endloop
  endfacet
  facet normal 0.568676 -0.822562 0
    outer loop
      vertex 12.2317 3.55336 8
      vertex 12.0676 3.43991 0
      vertex 12.2317 3.55336 0
    endloop
  endfacet
  facet normal 0.606429 -0.795138 0
    outer loop
      vertex 12.2317 3.55336 0
      vertex 12.3927 3.67615 8
      vertex 12.2317 3.55336 8
    endloop
  endfacet
  facet normal 0.606429 -0.795138 0
    outer loop
      vertex 12.3927 3.67615 8
      vertex 12.2317 3.55336 0
      vertex 12.3927 3.67615 0
    endloop
  endfacet
  facet normal 0.639361 -0.768907 0
    outer loop
      vertex 12.3927 3.67615 0
      vertex 12.5507 3.80753 8
      vertex 12.3927 3.67615 8
    endloop
  endfacet
  facet normal 0.639361 -0.768907 0
    outer loop
      vertex 12.5507 3.80753 8
      vertex 12.3927 3.67615 0
      vertex 12.5507 3.80753 0
    endloop
  endfacet
  facet normal 0.668753 -0.743485 0
    outer loop
      vertex 12.5507 3.80753 0
      vertex 12.7057 3.94695 8
      vertex 12.5507 3.80753 8
    endloop
  endfacet
  facet normal 0.668753 -0.743485 0
    outer loop
      vertex 12.7057 3.94695 8
      vertex 12.5507 3.80753 0
      vertex 12.7057 3.94695 0
    endloop
  endfacet
  facet normal 0.695446 -0.718579 0
    outer loop
      vertex 12.7057 3.94695 0
      vertex 12.8576 4.09396 8
      vertex 12.7057 3.94695 8
    endloop
  endfacet
  facet normal 0.695446 -0.718579 0
    outer loop
      vertex 12.8576 4.09396 8
      vertex 12.7057 3.94695 0
      vertex 12.8576 4.09396 0
    endloop
  endfacet
  facet normal 0.719586 -0.694403 0
    outer loop
      vertex 12.8576 4.09396 8
      vertex 13.0065 4.24826 0
      vertex 13.0065 4.24826 8
    endloop
  endfacet
  facet normal 0.719586 -0.694403 0
    outer loop
      vertex 13.0065 4.24826 0
      vertex 12.8576 4.09396 8
      vertex 12.8576 4.09396 0
    endloop
  endfacet
  facet normal 0.735424 -0.674277 -0.0671052
    outer loop
      vertex 13.0065 4.24826 8
      vertex 13.1523 4.40956 7.97711
      vertex 13.152 4.40919 7.97754
    endloop
  endfacet
  facet normal 0.741852 -0.670564 0
    outer loop
      vertex 13.1523 4.40956 7.97711
      vertex 13.0065 4.24826 8
      vertex 13.1523 4.40956 0.0228869
    endloop
  endfacet
  facet normal 0.741746 -0.67068 -0.000379412
    outer loop
      vertex 13.0065 4.24826 8
      vertex 13.152 4.40919 7.97754
      vertex 13.134 4.38927 8
    endloop
  endfacet
  facet normal 0.741852 -0.670564 0
    outer loop
      vertex 13.0065 4.24826 0
      vertex 13.1523 4.40956 0.0228869
      vertex 13.0065 4.24826 8
    endloop
  endfacet
  facet normal 0.735281 -0.674314 0.0682847
    outer loop
      vertex 13.1523 4.40956 0.0228869
      vertex 13.0065 4.24826 0
      vertex 13.152 4.40919 0.0224635
    endloop
  endfacet
  facet normal 0.741746 -0.67068 0.000379353
    outer loop
      vertex 13.152 4.40919 0.0224635
      vertex 13.0065 4.24826 0
      vertex 13.134 4.38927 0
    endloop
  endfacet
  facet normal 0.762474 -0.647019 0
    outer loop
      vertex 13.2179 4.48688 7.89393
      vertex 13.2949 4.57762 0.207594
      vertex 13.2949 4.57762 7.7924
    endloop
  endfacet
  facet normal 0.762474 -0.647019 0
    outer loop
      vertex 13.2179 4.48688 7.89393
      vertex 13.2179 4.48688 0.106067
      vertex 13.2949 4.57762 0.207594
    endloop
  endfacet
  facet normal 0.762533 -0.64695 0
    outer loop
      vertex 13.1523 4.40956 7.97711
      vertex 13.2179 4.48688 0.106067
      vertex 13.2179 4.48688 7.89393
    endloop
  endfacet
  facet normal 0.762533 -0.64695 0
    outer loop
      vertex 13.2179 4.48688 0.106067
      vertex 13.1523 4.40956 7.97711
      vertex 13.1523 4.40956 0.0228869
    endloop
  endfacet
  facet normal 0.781902 -0.623401 0
    outer loop
      vertex 13.3907 4.69768 7.66361
      vertex 13.4342 4.75224 0.394903
      vertex 13.4342 4.75224 7.60508
    endloop
  endfacet
  facet normal 0.781902 -0.623401 0
    outer loop
      vertex 13.3907 4.69768 7.66361
      vertex 13.3907 4.69768 0.336373
      vertex 13.4342 4.75224 0.394903
    endloop
  endfacet
  facet normal 0.781656 -0.62371 0
    outer loop
      vertex 13.2949 4.57762 7.7924
      vertex 13.3907 4.69768 0.336373
      vertex 13.3907 4.69768 7.66361
    endloop
  endfacet
  facet normal 0.781656 -0.62371 0
    outer loop
      vertex 13.3907 4.69768 0.336373
      vertex 13.2949 4.57762 7.7924
      vertex 13.2949 4.57762 0.207594
    endloop
  endfacet
  facet normal 0.93262 0.360861 0
    outer loop
      vertex 13.163 5.4523 7.61213
      vertex 13.1296 5.53862 0.392894
      vertex 13.1296 5.53862 7.60709
    endloop
  endfacet
  facet normal 0.93262 0.360861 0
    outer loop
      vertex 13.163 5.4523 7.61213
      vertex 13.163 5.4523 0.387852
      vertex 13.1296 5.53862 0.392894
    endloop
  endfacet
  facet normal 0.932474 0.361236 0
    outer loop
      vertex 13.4342 4.75224 7.60508
      vertex 13.163 5.4523 0.387852
      vertex 13.163 5.4523 7.61213
    endloop
  endfacet
  facet normal 0.932474 0.361236 0
    outer loop
      vertex 13.163 5.4523 0.387852
      vertex 13.4342 4.75224 7.60508
      vertex 13.4342 4.75224 0.394903
    endloop
  endfacet
  facet normal 0.157528 0.987515 -0
    outer loop
      vertex 13.1296 5.53862 0.392894
      vertex 12.909 5.57381 7.78906
      vertex 13.1296 5.53862 7.60709
    endloop
  endfacet
  facet normal 0.157528 0.987515 0
    outer loop
      vertex 12.909 5.57381 7.78906
      vertex 13.1296 5.53862 0.392894
      vertex 12.909 5.57381 0.210936
    endloop
  endfacet
  facet normal 0.127703 0.991812 -0
    outer loop
      vertex 12.7939 5.58863 0.114597
      vertex 12.7939 5.58863 7.8854
      vertex 12.909 5.57381 7.78906
    endloop
  endfacet
  facet normal 0.127703 0.991812 0
    outer loop
      vertex 12.7939 5.58863 0.114597
      vertex 12.909 5.57381 7.78906
      vertex 12.909 5.57381 0.210936
    endloop
  endfacet
  facet normal 0.127737 0.991808 0
    outer loop
      vertex 12.7939 5.58863 7.8854
      vertex 12.7939 5.58863 0.114597
      vertex 12.6904 5.60196 7.97208
    endloop
  endfacet
  facet normal 0.127737 0.991808 0
    outer loop
      vertex 12.6904 5.60196 7.97208
      vertex 12.7939 5.58863 0.114597
      vertex 12.6904 5.60196 0.0279213
    endloop
  endfacet
  facet normal 0.0964421 0.995339 0.000278203
    outer loop
      vertex 12.6904 5.60196 7.97208
      vertex 12.474 5.62292 8
      vertex 12.6575 5.60514 8
    endloop
  endfacet
  facet normal 0.0964065 0.995342 -0
    outer loop
      vertex 12.6904 5.60196 0.0279213
      vertex 12.474 5.62292 8
      vertex 12.6904 5.60196 7.97208
    endloop
  endfacet
  facet normal 0.0964421 0.995339 -0.00027819
    outer loop
      vertex 12.474 5.62292 0
      vertex 12.6904 5.60196 0.0279213
      vertex 12.6575 5.60514 0
    endloop
  endfacet
  facet normal 0.0964065 0.995342 0
    outer loop
      vertex 12.6904 5.60196 0.0279213
      vertex 12.474 5.62292 0
      vertex 12.474 5.62292 8
    endloop
  endfacet
  facet normal 0.0640737 0.997945 -0
    outer loop
      vertex 12.474 5.62292 0
      vertex 12.26 5.63666 8
      vertex 12.474 5.62292 8
    endloop
  endfacet
  facet normal 0.0640737 0.997945 0
    outer loop
      vertex 12.26 5.63666 8
      vertex 12.474 5.62292 0
      vertex 12.26 5.63666 0
    endloop
  endfacet
  facet normal 0.0295519 0.999563 -0
    outer loop
      vertex 12.26 5.63666 0
      vertex 12.0486 5.64291 8
      vertex 12.26 5.63666 8
    endloop
  endfacet
  facet normal 0.0295519 0.999563 0
    outer loop
      vertex 12.0486 5.64291 8
      vertex 12.26 5.63666 0
      vertex 12.0486 5.64291 0
    endloop
  endfacet
  facet normal -0.00657375 0.999978 0
    outer loop
      vertex 12.0486 5.64291 0
      vertex 11.8402 5.64154 8
      vertex 12.0486 5.64291 8
    endloop
  endfacet
  facet normal -0.00657375 0.999978 0
    outer loop
      vertex 11.8402 5.64154 8
      vertex 12.0486 5.64291 0
      vertex 11.8402 5.64154 0
    endloop
  endfacet
  facet normal -0.0454959 0.998965 0
    outer loop
      vertex 11.8402 5.64154 0
      vertex 11.6349 5.63219 8
      vertex 11.8402 5.64154 8
    endloop
  endfacet
  facet normal -0.0454959 0.998965 0
    outer loop
      vertex 11.6349 5.63219 8
      vertex 11.8402 5.64154 0
      vertex 11.6349 5.63219 0
    endloop
  endfacet
  facet normal -0.0875652 0.996159 0
    outer loop
      vertex 11.6349 5.63219 0
      vertex 11.4332 5.61446 8
      vertex 11.6349 5.63219 8
    endloop
  endfacet
  facet normal -0.0875652 0.996159 0
    outer loop
      vertex 11.4332 5.61446 8
      vertex 11.6349 5.63219 0
      vertex 11.4332 5.61446 0
    endloop
  endfacet
  facet normal -0.133887 0.990997 0
    outer loop
      vertex 11.4332 5.61446 0
      vertex 11.2355 5.58775 8
      vertex 11.4332 5.61446 8
    endloop
  endfacet
  facet normal -0.133887 0.990997 0
    outer loop
      vertex 11.2355 5.58775 8
      vertex 11.4332 5.61446 0
      vertex 11.2355 5.58775 0
    endloop
  endfacet
  facet normal -0.18671 0.982415 0
    outer loop
      vertex 11.2355 5.58775 0
      vertex 11.0425 5.55107 8
      vertex 11.2355 5.58775 8
    endloop
  endfacet
  facet normal -0.18671 0.982415 0
    outer loop
      vertex 11.0425 5.55107 8
      vertex 11.2355 5.58775 0
      vertex 11.0425 5.55107 0
    endloop
  endfacet
  facet normal -0.250356 0.968154 0
    outer loop
      vertex 11.0425 5.55107 0
      vertex 10.8551 5.50261 8
      vertex 11.0425 5.55107 8
    endloop
  endfacet
  facet normal -0.250356 0.968154 0
    outer loop
      vertex 10.8551 5.50261 8
      vertex 11.0425 5.55107 0
      vertex 10.8551 5.50261 0
    endloop
  endfacet
  facet normal -0.344795 0.938678 0
    outer loop
      vertex 10.8551 5.50261 0
      vertex 10.6764 5.43697 8
      vertex 10.8551 5.50261 8
    endloop
  endfacet
  facet normal -0.344795 0.938678 0
    outer loop
      vertex 10.6764 5.43697 8
      vertex 10.8551 5.50261 0
      vertex 10.6764 5.43697 0
    endloop
  endfacet
  facet normal -0.453802 0.891102 0
    outer loop
      vertex 10.6764 5.43697 0
      vertex 9.68712 4.93317 8
      vertex 10.6764 5.43697 8
    endloop
  endfacet
  facet normal -0.453802 0.891102 0
    outer loop
      vertex 9.68712 4.93317 8
      vertex 10.6764 5.43697 0
      vertex 9.68712 4.93317 0
    endloop
  endfacet
  facet normal 0.873626 0.486597 0
    outer loop
      vertex 9.68712 4.93317 8
      vertex 9.24611 5.72495 0
      vertex 9.24611 5.72495 8
    endloop
  endfacet
  facet normal 0.873626 0.486597 0
    outer loop
      vertex 9.24611 5.72495 0
      vertex 9.68712 4.93317 8
      vertex 9.68712 4.93317 0
    endloop
  endfacet
  facet normal 0.824999 0.565134 0
    outer loop
      vertex 9.24611 5.72495 8
      vertex 8.73392 6.47266 0
      vertex 8.73392 6.47266 8
    endloop
  endfacet
  facet normal 0.824999 0.565134 0
    outer loop
      vertex 8.73392 6.47266 0
      vertex 9.24611 5.72495 8
      vertex 9.24611 5.72495 0
    endloop
  endfacet
  facet normal 0.595403 -0.803427 0
    outer loop
      vertex 8.73392 6.47266 0
      vertex 9.62585 7.13365 8
      vertex 8.73392 6.47266 8
    endloop
  endfacet
  facet normal 0.595403 -0.803427 0
    outer loop
      vertex 9.62585 7.13365 8
      vertex 8.73392 6.47266 0
      vertex 9.62585 7.13365 0
    endloop
  endfacet
  facet normal 0.68657 -0.727064 0
    outer loop
      vertex 9.62585 7.13365 0
      vertex 9.76428 7.26437 8
      vertex 9.62585 7.13365 8
    endloop
  endfacet
  facet normal 0.68657 -0.727064 0
    outer loop
      vertex 9.76428 7.26437 8
      vertex 9.62585 7.13365 0
      vertex 9.76428 7.26437 0
    endloop
  endfacet
  facet normal 0.755046 -0.655672 0
    outer loop
      vertex 9.76428 7.26437 8
      vertex 9.89116 7.41048 0
      vertex 9.89116 7.41048 8
    endloop
  endfacet
  facet normal 0.755046 -0.655672 0
    outer loop
      vertex 9.89116 7.41048 0
      vertex 9.76428 7.26437 8
      vertex 9.76428 7.26437 0
    endloop
  endfacet
  facet normal 0.796088 -0.605181 0
    outer loop
      vertex 9.89116 7.41048 8
      vertex 10.0101 7.56694 0
      vertex 10.0101 7.56694 8
    endloop
  endfacet
  facet normal 0.796088 -0.605181 0
    outer loop
      vertex 10.0101 7.56694 0
      vertex 9.89116 7.41048 8
      vertex 9.89116 7.41048 0
    endloop
  endfacet
  facet normal 0.827503 -0.561461 0
    outer loop
      vertex 10.0101 7.56694 8
      vertex 10.1221 7.73201 0
      vertex 10.1221 7.73201 8
    endloop
  endfacet
  facet normal 0.827503 -0.561461 0
    outer loop
      vertex 10.1221 7.73201 0
      vertex 10.0101 7.56694 8
      vertex 10.0101 7.56694 0
    endloop
  endfacet
  facet normal 0.852667 -0.522454 0
    outer loop
      vertex 10.1221 7.73201 8
      vertex 10.2279 7.90468 0
      vertex 10.2279 7.90468 8
    endloop
  endfacet
  facet normal 0.852667 -0.522454 0
    outer loop
      vertex 10.2279 7.90468 0
      vertex 10.1221 7.73201 8
      vertex 10.1221 7.73201 0
    endloop
  endfacet
  facet normal 0.874065 -0.485808 0
    outer loop
      vertex 10.2279 7.90468 8
      vertex 10.3277 8.08424 0
      vertex 10.3277 8.08424 8
    endloop
  endfacet
  facet normal 0.874065 -0.485808 0
    outer loop
      vertex 10.3277 8.08424 0
      vertex 10.2279 7.90468 8
      vertex 10.2279 7.90468 0
    endloop
  endfacet
  facet normal 0.892103 -0.451831 0
    outer loop
      vertex 10.3277 8.08424 8
      vertex 10.4219 8.27023 0
      vertex 10.4219 8.27023 8
    endloop
  endfacet
  facet normal 0.892103 -0.451831 0
    outer loop
      vertex 10.4219 8.27023 0
      vertex 10.3277 8.08424 8
      vertex 10.3277 8.08424 0
    endloop
  endfacet
  facet normal 0.907979 -0.419016 0
    outer loop
      vertex 10.4219 8.27023 8
      vertex 10.5105 8.46222 0
      vertex 10.5105 8.46222 8
    endloop
  endfacet
  facet normal 0.907979 -0.419016 0
    outer loop
      vertex 10.5105 8.46222 0
      vertex 10.4219 8.27023 8
      vertex 10.4219 8.27023 0
    endloop
  endfacet
  facet normal 0.921858 -0.387527 0
    outer loop
      vertex 10.5105 8.46222 8
      vertex 10.5936 8.6599 0
      vertex 10.5936 8.6599 8
    endloop
  endfacet
  facet normal 0.921858 -0.387527 0
    outer loop
      vertex 10.5936 8.6599 0
      vertex 10.5105 8.46222 8
      vertex 10.5105 8.46222 0
    endloop
  endfacet
  facet normal 0.934063 -0.357102 0.00224531
    outer loop
      vertex 10.5936 8.6599 8
      vertex 10.6713 8.86296 7.97167
      vertex 10.6593 8.83175 8
    endloop
  endfacet
  facet normal 0.933961 -0.357376 0
    outer loop
      vertex 10.6713 8.86296 7.97167
      vertex 10.5936 8.6599 8
      vertex 10.6713 8.86296 0.0283334
    endloop
  endfacet
  facet normal 0.933961 -0.357376 0
    outer loop
      vertex 10.5936 8.6599 0
      vertex 10.6713 8.86296 0.0283334
      vertex 10.5936 8.6599 8
    endloop
  endfacet
  facet normal 0.934063 -0.357102 -0.00224505
    outer loop
      vertex 10.6713 8.86296 0.0283334
      vertex 10.5936 8.6599 0
      vertex 10.6593 8.83175 0
    endloop
  endfacet
  facet normal 0.944812 -0.327612 0
    outer loop
      vertex 10.6713 8.86296 7.97167
      vertex 10.7435 9.07118 0.211776
      vertex 10.7435 9.07118 7.78822
    endloop
  endfacet
  facet normal 0.944812 -0.327612 0
    outer loop
      vertex 10.7435 9.07118 0.211776
      vertex 10.6713 8.86296 7.97167
      vertex 10.6713 8.86296 0.0283334
    endloop
  endfacet
  facet normal 0.954268 -0.298951 0
    outer loop
      vertex 10.7801 9.18793 7.68829
      vertex 10.8103 9.28433 0.394195
      vertex 10.8103 9.28433 7.60579
    endloop
  endfacet
  facet normal 0.954268 -0.298951 0
    outer loop
      vertex 10.7801 9.18793 7.68829
      vertex 10.7801 9.18793 0.311694
      vertex 10.8103 9.28433 0.394195
    endloop
  endfacet
  facet normal 0.954211 -0.299136 0
    outer loop
      vertex 10.7435 9.07118 7.78822
      vertex 10.7801 9.18793 0.311694
      vertex 10.7801 9.18793 7.68829
    endloop
  endfacet
  facet normal 0.954211 -0.299136 0
    outer loop
      vertex 10.7801 9.18793 0.311694
      vertex 10.7435 9.07118 7.78822
      vertex 10.7435 9.07118 0.211776
    endloop
  endfacet
  facet normal 0.738895 0.673751 0.00971105
    outer loop
      vertex 10.7292 9.37336 7.6119
      vertex 10.2422 9.90756 7.60411
      vertex 10.711 9.3933 7.61327
    endloop
  endfacet
  facet normal 0.739 0.673705 0
    outer loop
      vertex 10.2422 9.90756 7.60411
      vertex 10.7292 9.37336 7.6119
      vertex 10.2422 9.90756 0.395873
    endloop
  endfacet
  facet normal 0.739 0.673705 -0
    outer loop
      vertex 10.7292 9.37336 0.388086
      vertex 10.2422 9.90756 0.395873
      vertex 10.7292 9.37336 7.6119
    endloop
  endfacet
  facet normal 0.738895 0.673751 -0.00972928
    outer loop
      vertex 10.2422 9.90756 0.395873
      vertex 10.7292 9.37336 0.388086
      vertex 10.711 9.3933 0.386719
    endloop
  endfacet
  facet normal 0.739263 0.673416 0
    outer loop
      vertex 10.8103 9.28433 7.60579
      vertex 10.7292 9.37336 0.388086
      vertex 10.7292 9.37336 7.6119
    endloop
  endfacet
  facet normal 0.739263 0.673416 0
    outer loop
      vertex 10.7292 9.37336 0.388086
      vertex 10.8103 9.28433 7.60579
      vertex 10.8103 9.28433 0.394195
    endloop
  endfacet
  facet normal -0.209705 0.977765 0
    outer loop
      vertex 10.2422 9.90756 0.395873
      vertex 10.151 9.888 7.68212
      vertex 10.2422 9.90756 7.60411
    endloop
  endfacet
  facet normal -0.209705 0.977765 0
    outer loop
      vertex 10.151 9.888 0.317867
      vertex 10.151 9.888 7.68212
      vertex 10.2422 9.90756 0.395873
    endloop
  endfacet
  facet normal -0.209918 0.977719 0
    outer loop
      vertex 10.151 9.888 7.68212
      vertex 10.151 9.888 0.317867
      vertex 10.0238 9.86069 7.791
    endloop
  endfacet
  facet normal -0.209918 0.977719 0
    outer loop
      vertex 10.0238 9.86069 7.791
      vertex 10.151 9.888 0.317867
      vertex 10.0238 9.86069 0.208992
    endloop
  endfacet
  facet normal -0.239172 0.970977 0
    outer loop
      vertex 10.0238 9.86069 0.208992
      vertex 9.80977 9.80797 7.97865
      vertex 10.0238 9.86069 7.791
    endloop
  endfacet
  facet normal -0.239172 0.970977 0
    outer loop
      vertex 9.80977 9.80797 7.97865
      vertex 10.0238 9.86069 0.208992
      vertex 9.80977 9.80797 0.0213522
    endloop
  endfacet
  facet normal -0.269667 0.962954 -0.00010619
    outer loop
      vertex 9.80727 9.80727 7.9809
      vertex 9.6004 9.74934 8
      vertex 9.78523 9.8011 8
    endloop
  endfacet
  facet normal -0.269661 0.962955 -3.68853e-05
    outer loop
      vertex 9.80977 9.80797 7.97865
      vertex 9.6004 9.74934 8
      vertex 9.80727 9.80727 7.9809
    endloop
  endfacet
  facet normal -0.269657 0.962956 0
    outer loop
      vertex 9.80977 9.80797 0.0213522
      vertex 9.6004 9.74934 8
      vertex 9.80977 9.80797 7.97865
    endloop
  endfacet
  facet normal -0.269661 0.962955 3.69062e-05
    outer loop
      vertex 9.6004 9.74934 0
      vertex 9.80977 9.80797 0.0213522
      vertex 9.80727 9.80727 0.0191033
    endloop
  endfacet
  facet normal -0.269667 0.962954 0.000106172
    outer loop
      vertex 9.6004 9.74934 0
      vertex 9.80727 9.80727 0.0191033
      vertex 9.78523 9.8011 0
    endloop
  endfacet
  facet normal -0.269657 0.962956 0
    outer loop
      vertex 9.80977 9.80797 0.0213522
      vertex 9.6004 9.74934 0
      vertex 9.6004 9.74934 8
    endloop
  endfacet
  facet normal -0.300797 0.953688 0
    outer loop
      vertex 9.6004 9.74934 0
      vertex 9.3959 9.68484 8
      vertex 9.6004 9.74934 8
    endloop
  endfacet
  facet normal -0.300797 0.953688 0
    outer loop
      vertex 9.3959 9.68484 8
      vertex 9.6004 9.74934 0
      vertex 9.3959 9.68484 0
    endloop
  endfacet
  facet normal -0.3335 0.94275 0
    outer loop
      vertex 9.3959 9.68484 0
      vertex 9.19658 9.61433 8
      vertex 9.3959 9.68484 8
    endloop
  endfacet
  facet normal -0.3335 0.94275 0
    outer loop
      vertex 9.19658 9.61433 8
      vertex 9.3959 9.68484 0
      vertex 9.19658 9.61433 0
    endloop
  endfacet
  facet normal -0.367351 0.930082 0
    outer loop
      vertex 9.19658 9.61433 0
      vertex 9.00269 9.53775 8
      vertex 9.19658 9.61433 8
    endloop
  endfacet
  facet normal -0.367351 0.930082 0
    outer loop
      vertex 9.00269 9.53775 8
      vertex 9.19658 9.61433 0
      vertex 9.00269 9.53775 0
    endloop
  endfacet
  facet normal -0.403314 0.915062 0
    outer loop
      vertex 9.00269 9.53775 0
      vertex 8.81467 9.45488 8
      vertex 9.00269 9.53775 8
    endloop
  endfacet
  facet normal -0.403314 0.915062 0
    outer loop
      vertex 8.81467 9.45488 8
      vertex 9.00269 9.53775 0
      vertex 8.81467 9.45488 0
    endloop
  endfacet
  facet normal -0.441456 0.897283 0
    outer loop
      vertex 8.81467 9.45488 0
      vertex 8.63298 9.36549 8
      vertex 8.81467 9.45488 8
    endloop
  endfacet
  facet normal -0.441456 0.897283 0
    outer loop
      vertex 8.63298 9.36549 8
      vertex 8.81467 9.45488 0
      vertex 8.63298 9.36549 0
    endloop
  endfacet
  facet normal -0.482823 0.875718 0
    outer loop
      vertex 8.63298 9.36549 0
      vertex 8.45828 9.26917 8
      vertex 8.63298 9.36549 8
    endloop
  endfacet
  facet normal -0.482823 0.875718 0
    outer loop
      vertex 8.45828 9.26917 8
      vertex 8.63298 9.36549 0
      vertex 8.45828 9.26917 0
    endloop
  endfacet
  facet normal -0.528947 0.848655 0
    outer loop
      vertex 8.45828 9.26917 0
      vertex 8.2915 9.16522 8
      vertex 8.45828 9.26917 8
    endloop
  endfacet
  facet normal -0.528947 0.848655 0
    outer loop
      vertex 8.2915 9.16522 8
      vertex 8.45828 9.26917 0
      vertex 8.2915 9.16522 0
    endloop
  endfacet
  facet normal -0.583285 0.812268 0
    outer loop
      vertex 8.2915 9.16522 0
      vertex 8.13432 9.05235 8
      vertex 8.2915 9.16522 8
    endloop
  endfacet
  facet normal -0.583285 0.812268 0
    outer loop
      vertex 8.13432 9.05235 8
      vertex 8.2915 9.16522 0
      vertex 8.13432 9.05235 0
    endloop
  endfacet
  facet normal -0.660607 0.750732 0
    outer loop
      vertex 8.13432 9.05235 0
      vertex 7.99138 8.92657 8
      vertex 8.13432 9.05235 8
    endloop
  endfacet
  facet normal -0.660607 0.750732 0
    outer loop
      vertex 7.99138 8.92657 8
      vertex 8.13432 9.05235 0
      vertex 7.99138 8.92657 0
    endloop
  endfacet
  facet normal -0.745055 0.667003 0
    outer loop
      vertex 7.2509 8.09944 0
      vertex 7.99138 8.92657 8
      vertex 7.99138 8.92657 0
    endloop
  endfacet
  facet normal -0.745055 0.667003 0
    outer loop
      vertex 7.99138 8.92657 8
      vertex 7.2509 8.09944 0
      vertex 7.2509 8.09944 8
    endloop
  endfacet
  facet normal 0.638854 0.769328 -0
    outer loop
      vertex 7.2509 8.09944 0
      vertex 6.55365 8.67844 8
      vertex 7.2509 8.09944 8
    endloop
  endfacet
  facet normal 0.638854 0.769328 0
    outer loop
      vertex 6.55365 8.67844 8
      vertex 7.2509 8.09944 0
      vertex 6.55365 8.67844 0
    endloop
  endfacet
  facet normal 0.565134 0.824999 -0
    outer loop
      vertex 6.55365 8.67844 0
      vertex 5.80594 9.19063 8
      vertex 6.55365 8.67844 8
    endloop
  endfacet
  facet normal 0.565134 0.824999 0
    outer loop
      vertex 5.80594 9.19063 8
      vertex 6.55365 8.67844 0
      vertex 5.80594 9.19063 0
    endloop
  endfacet
  facet normal 0.845432 -0.534082 0
    outer loop
      vertex 5.80594 9.19063 8
      vertex 6.39886 10.1292 0
      vertex 6.39886 10.1292 8
    endloop
  endfacet
  facet normal 0.845432 -0.534082 0
    outer loop
      vertex 6.39886 10.1292 0
      vertex 5.80594 9.19063 8
      vertex 5.80594 9.19063 0
    endloop
  endfacet
  facet normal 0.902834 -0.429989 0
    outer loop
      vertex 6.39886 10.1292 8
      vertex 6.48073 10.3011 0
      vertex 6.48073 10.3011 8
    endloop
  endfacet
  facet normal 0.902834 -0.429989 0
    outer loop
      vertex 6.48073 10.3011 0
      vertex 6.39886 10.1292 8
      vertex 6.39886 10.1292 0
    endloop
  endfacet
  facet normal 0.94093 -0.338601 0
    outer loop
      vertex 6.48073 10.3011 8
      vertex 6.54626 10.4832 0
      vertex 6.54626 10.4832 8
    endloop
  endfacet
  facet normal 0.94093 -0.338601 0
    outer loop
      vertex 6.54626 10.4832 0
      vertex 6.48073 10.3011 8
      vertex 6.48073 10.3011 0
    endloop
  endfacet
  facet normal 0.960988 -0.276589 0
    outer loop
      vertex 6.54626 10.4832 8
      vertex 6.6006 10.672 0
      vertex 6.6006 10.672 8
    endloop
  endfacet
  facet normal 0.960988 -0.276589 0
    outer loop
      vertex 6.6006 10.672 0
      vertex 6.54626 10.4832 8
      vertex 6.54626 10.4832 0
    endloop
  endfacet
  facet normal 0.974426 -0.224709 0
    outer loop
      vertex 6.6006 10.672 8
      vertex 6.64543 10.8664 0
      vertex 6.64543 10.8664 8
    endloop
  endfacet
  facet normal 0.974426 -0.224709 0
    outer loop
      vertex 6.64543 10.8664 0
      vertex 6.6006 10.672 8
      vertex 6.6006 10.672 0
    endloop
  endfacet
  facet normal 0.983825 -0.179133 0
    outer loop
      vertex 6.64543 10.8664 8
      vertex 6.6817 11.0656 0
      vertex 6.6817 11.0656 8
    endloop
  endfacet
  facet normal 0.983825 -0.179133 0
    outer loop
      vertex 6.6817 11.0656 0
      vertex 6.64543 10.8664 8
      vertex 6.64543 10.8664 0
    endloop
  endfacet
  facet normal 0.990501 -0.137502 0
    outer loop
      vertex 6.6817 11.0656 8
      vertex 6.70995 11.2691 0
      vertex 6.70995 11.2691 8
    endloop
  endfacet
  facet normal 0.990501 -0.137502 0
    outer loop
      vertex 6.70995 11.2691 0
      vertex 6.6817 11.0656 8
      vertex 6.6817 11.0656 0
    endloop
  endfacet
  facet normal 0.995103 -0.0988389 0
    outer loop
      vertex 6.70995 11.2691 8
      vertex 6.73056 11.4766 0
      vertex 6.73056 11.4766 8
    endloop
  endfacet
  facet normal 0.995103 -0.0988389 0
    outer loop
      vertex 6.73056 11.4766 0
      vertex 6.70995 11.2691 8
      vertex 6.70995 11.2691 0
    endloop
  endfacet
  facet normal 0.998031 -0.0627199 0
    outer loop
      vertex 6.73056 11.4766 8
      vertex 6.74382 11.6876 0
      vertex 6.74382 11.6876 8
    endloop
  endfacet
  facet normal 0.998031 -0.0627199 0
    outer loop
      vertex 6.74382 11.6876 0
      vertex 6.73056 11.4766 8
      vertex 6.73056 11.4766 0
    endloop
  endfacet
  facet normal 0.999599 -0.0283134 0
    outer loop
      vertex 6.74382 11.6876 8
      vertex 6.74989 11.9019 0
      vertex 6.74989 11.9019 8
    endloop
  endfacet
  facet normal 0.999599 -0.0283134 0
    outer loop
      vertex 6.74989 11.9019 0
      vertex 6.74382 11.6876 8
      vertex 6.74382 11.6876 0
    endloop
  endfacet
  facet normal 0.999991 0.00418003 -3.1488e-05
    outer loop
      vertex 6.74989 11.9019 8
      vertex 6.74898 12.1194 7.97345
      vertex 6.74911 12.0885 8
    endloop
  endfacet
  facet normal 0.999991 0.00418387 0
    outer loop
      vertex 6.74898 12.1194 7.97345
      vertex 6.74989 11.9019 8
      vertex 6.74898 12.1194 0.0265506
    endloop
  endfacet
  facet normal 0.999991 0.00418387 -0
    outer loop
      vertex 6.74989 11.9019 0
      vertex 6.74898 12.1194 0.0265506
      vertex 6.74989 11.9019 8
    endloop
  endfacet
  facet normal 0.999991 0.00418003 3.14873e-05
    outer loop
      vertex 6.74898 12.1194 0.0265506
      vertex 6.74989 11.9019 0
      vertex 6.74911 12.0885 0
    endloop
  endfacet
  facet normal 0.999364 0.0356539 0
    outer loop
      vertex 6.74518 12.2258 7.88361
      vertex 6.74112 12.3396 0.212547
      vertex 6.74112 12.3396 7.78745
    endloop
  endfacet
  facet normal 0.999364 0.0356539 0
    outer loop
      vertex 6.74518 12.2258 7.88361
      vertex 6.74518 12.2258 0.116389
      vertex 6.74112 12.3396 0.212547
    endloop
  endfacet
  facet normal 0.999363 0.0356915 0
    outer loop
      vertex 6.74898 12.1194 7.97345
      vertex 6.74518 12.2258 0.116389
      vertex 6.74518 12.2258 7.88361
    endloop
  endfacet
  facet normal 0.999363 0.0356915 0
    outer loop
      vertex 6.74518 12.2258 0.116389
      vertex 6.74898 12.1194 7.97345
      vertex 6.74898 12.1194 0.0265506
    endloop
  endfacet
  facet normal 0.997838 0.0657168 0
    outer loop
      vertex 6.74112 12.3396 7.78745
      vertex 6.72644 12.5625 0.397677
      vertex 6.72644 12.5625 7.60231
    endloop
  endfacet
  facet normal 0.997838 0.0657168 0
    outer loop
      vertex 6.72644 12.5625 0.397677
      vertex 6.74112 12.3396 7.78745
      vertex 6.74112 12.3396 0.212547
    endloop
  endfacet
  facet normal 0.445058 0.895355 0.016224
    outer loop
      vertex 6.3299 12.76 7.61479
      vertex 6.27036 12.7896 7.61456
      vertex 6.29989 12.7749 7.61574
    endloop
  endfacet
  facet normal 0.445167 0.895448 -0
    outer loop
      vertex 6.27036 12.7896 0.385425
      vertex 6.27036 12.7896 7.61456
      vertex 6.3299 12.76 7.61479
    endloop
  endfacet
  facet normal 0.445823 0.895121 -0
    outer loop
      vertex 6.3299 12.76 0.385192
      vertex 6.3299 12.76 7.61479
      vertex 6.72644 12.5625 7.60231
    endloop
  endfacet
  facet normal 0.445823 0.895121 0
    outer loop
      vertex 6.3299 12.76 0.385192
      vertex 6.72644 12.5625 7.60231
      vertex 6.72644 12.5625 0.397677
    endloop
  endfacet
  facet normal 0.445167 0.895448 0
    outer loop
      vertex 6.27036 12.7896 0.385425
      vertex 6.3299 12.76 7.61479
      vertex 6.3299 12.76 0.385192
    endloop
  endfacet
  facet normal 0.445739 0.895163 0
    outer loop
      vertex 5.97153 12.9384 7.60264
      vertex 6.27036 12.7896 0.385425
      vertex 5.97153 12.9384 0.39734
    endloop
  endfacet
  facet normal 0.445739 0.895163 0
    outer loop
      vertex 6.27036 12.7896 7.61456
      vertex 6.27036 12.7896 0.385425
      vertex 5.97153 12.9384 7.60264
    endloop
  endfacet
  facet normal 0.445057 0.895354 -0.0162772
    outer loop
      vertex 6.27036 12.7896 0.385425
      vertex 6.3299 12.76 0.385192
      vertex 6.29989 12.7749 0.384247
    endloop
  endfacet
  facet normal -0.548819 0.835941 0
    outer loop
      vertex 5.97153 12.9384 0.39734
      vertex 5.78479 12.8158 7.78689
      vertex 5.97153 12.9384 7.60264
    endloop
  endfacet
  facet normal -0.548819 0.835941 0
    outer loop
      vertex 5.78479 12.8158 7.78689
      vertex 5.97153 12.9384 0.39734
      vertex 5.78479 12.8158 0.213105
    endloop
  endfacet
  facet normal -0.57316 0.819444 0
    outer loop
      vertex 5.78479 12.8158 0.213105
      vertex 5.75205 12.7929 7.82048
      vertex 5.78479 12.8158 7.78689
    endloop
  endfacet
  facet normal -0.57316 0.819444 0
    outer loop
      vertex 5.75205 12.7929 0.179518
      vertex 5.75205 12.7929 7.82048
      vertex 5.78479 12.8158 0.213105
    endloop
  endfacet
  facet normal -0.573715 0.819055 0
    outer loop
      vertex 5.75205 12.7929 7.82048
      vertex 5.75205 12.7929 0.179518
      vertex 5.60429 12.6894 7.97205
    endloop
  endfacet
  facet normal -0.573715 0.819055 0
    outer loop
      vertex 5.60429 12.6894 7.97205
      vertex 5.75205 12.7929 0.179518
      vertex 5.60429 12.6894 0.0279528
    endloop
  endfacet
  facet normal -0.599246 0.800565 0.000529123
    outer loop
      vertex 5.60429 12.6894 7.97205
      vertex 5.43024 12.5591 8
      vertex 5.57813 12.6698 8
    endloop
  endfacet
  facet normal -0.599301 0.800524 0
    outer loop
      vertex 5.60429 12.6894 0.0279528
      vertex 5.43024 12.5591 8
      vertex 5.60429 12.6894 7.97205
    endloop
  endfacet
  facet normal -0.599246 0.800565 -0.00052907
    outer loop
      vertex 5.43024 12.5591 0
      vertex 5.60429 12.6894 0.0279528
      vertex 5.57813 12.6698 0
    endloop
  endfacet
  facet normal -0.599301 0.800524 0
    outer loop
      vertex 5.60429 12.6894 0.0279528
      vertex 5.43024 12.5591 0
      vertex 5.43024 12.5591 8
    endloop
  endfacet
  facet normal -0.625229 0.780441 0
    outer loop
      vertex 5.43024 12.5591 0
      vertex 5.26285 12.425 8
      vertex 5.43024 12.5591 8
    endloop
  endfacet
  facet normal -0.625229 0.780441 0
    outer loop
      vertex 5.26285 12.425 8
      vertex 5.43024 12.5591 0
      vertex 5.26285 12.425 0
    endloop
  endfacet
  facet normal -0.651376 0.758756 0
    outer loop
      vertex 5.26285 12.425 0
      vertex 5.10245 12.2873 8
      vertex 5.26285 12.425 8
    endloop
  endfacet
  facet normal -0.651376 0.758756 0
    outer loop
      vertex 5.10245 12.2873 8
      vertex 5.26285 12.425 0
      vertex 5.10245 12.2873 0
    endloop
  endfacet
  facet normal -0.678643 0.734469 0
    outer loop
      vertex 5.10245 12.2873 0
      vertex 4.94931 12.1458 8
      vertex 5.10245 12.2873 8
    endloop
  endfacet
  facet normal -0.678643 0.734469 0
    outer loop
      vertex 4.94931 12.1458 8
      vertex 5.10245 12.2873 0
      vertex 4.94931 12.1458 0
    endloop
  endfacet
  facet normal -0.706644 0.707569 0
    outer loop
      vertex 4.94931 12.1458 0
      vertex 4.80392 12.0006 8
      vertex 4.94931 12.1458 8
    endloop
  endfacet
  facet normal -0.706644 0.707569 0
    outer loop
      vertex 4.80392 12.0006 8
      vertex 4.94931 12.1458 0
      vertex 4.80392 12.0006 0
    endloop
  endfacet
  facet normal -0.735631 0.677383 0
    outer loop
      vertex 4.66681 11.8517 0
      vertex 4.80392 12.0006 8
      vertex 4.80392 12.0006 0
    endloop
  endfacet
  facet normal -0.735631 0.677383 0
    outer loop
      vertex 4.80392 12.0006 8
      vertex 4.66681 11.8517 0
      vertex 4.66681 11.8517 8
    endloop
  endfacet
  facet normal -0.766716 0.641987 0
    outer loop
      vertex 4.5387 11.6987 0
      vertex 4.66681 11.8517 8
      vertex 4.66681 11.8517 0
    endloop
  endfacet
  facet normal -0.766716 0.641987 0
    outer loop
      vertex 4.66681 11.8517 8
      vertex 4.5387 11.6987 0
      vertex 4.5387 11.6987 8
    endloop
  endfacet
  facet normal -0.799878 0.600163 0
    outer loop
      vertex 4.42075 11.5415 0
      vertex 4.5387 11.6987 8
      vertex 4.5387 11.6987 0
    endloop
  endfacet
  facet normal -0.799878 0.600163 0
    outer loop
      vertex 4.5387 11.6987 8
      vertex 4.42075 11.5415 0
      vertex 4.42075 11.5415 8
    endloop
  endfacet
  facet normal -0.837237 0.54684 0
    outer loop
      vertex 4.31494 11.3795 0
      vertex 4.42075 11.5415 8
      vertex 4.42075 11.5415 0
    endloop
  endfacet
  facet normal -0.837237 0.54684 0
    outer loop
      vertex 4.42075 11.5415 8
      vertex 4.31494 11.3795 0
      vertex 4.31494 11.3795 8
    endloop
  endfacet
  facet normal -0.887191 0.461402 0
    outer loop
      vertex 4.2271 11.2106 0
      vertex 4.31494 11.3795 8
      vertex 4.31494 11.3795 0
    endloop
  endfacet
  facet normal -0.887191 0.461402 0
    outer loop
      vertex 4.31494 11.3795 8
      vertex 4.2271 11.2106 0
      vertex 4.2271 11.2106 8
    endloop
  endfacet
  facet normal -0.935691 0.352821 0
    outer loop
      vertex 3.8354 10.1718 0
      vertex 4.2271 11.2106 8
      vertex 4.2271 11.2106 0
    endloop
  endfacet
  facet normal -0.935691 0.352821 0
    outer loop
      vertex 4.2271 11.2106 8
      vertex 3.8354 10.1718 0
      vertex 3.8354 10.1718 8
    endloop
  endfacet
  facet normal 0.317773 0.948167 -0
    outer loop
      vertex 3.8354 10.1718 0
      vertex 2.97607 10.4598 8
      vertex 3.8354 10.1718 8
    endloop
  endfacet
  facet normal 0.317773 0.948167 0
    outer loop
      vertex 2.97607 10.4598 8
      vertex 3.8354 10.1718 0
      vertex 2.97607 10.4598 0
    endloop
  endfacet
  facet normal 0.228952 0.973438 -0
    outer loop
      vertex 2.97607 10.4598 0
      vertex 2.09384 10.6673 8
      vertex 2.97607 10.4598 8
    endloop
  endfacet
  facet normal 0.228952 0.973438 0
    outer loop
      vertex 2.09384 10.6673 8
      vertex 2.97607 10.4598 0
      vertex 2.09384 10.6673 0
    endloop
  endfacet
  facet normal 0.981278 -0.192598 0
    outer loop
      vertex 2.09384 10.6673 8
      vertex 2.30766 11.7567 0
      vertex 2.30766 11.7567 8
    endloop
  endfacet
  facet normal 0.981278 -0.192598 0
    outer loop
      vertex 2.30766 11.7567 0
      vertex 2.09384 10.6673 8
      vertex 2.09384 10.6673 0
    endloop
  endfacet
  facet normal 0.997196 -0.0748291 0
    outer loop
      vertex 2.30766 11.7567 8
      vertex 2.32191 11.9466 0
      vertex 2.32191 11.9466 8
    endloop
  endfacet
  facet normal 0.997196 -0.0748291 0
    outer loop
      vertex 2.32191 11.9466 0
      vertex 2.30766 11.7567 8
      vertex 2.30766 11.7567 0
    endloop
  endfacet
  facet normal 0.99971 0.0240881 0
    outer loop
      vertex 2.32191 11.9466 8
      vertex 2.31725 12.14 0
      vertex 2.31725 12.14 8
    endloop
  endfacet
  facet normal 0.99971 0.0240881 0
    outer loop
      vertex 2.31725 12.14 0
      vertex 2.32191 11.9466 8
      vertex 2.32191 11.9466 0
    endloop
  endfacet
  facet normal 0.996007 0.0892744 0
    outer loop
      vertex 2.31725 12.14 8
      vertex 2.2997 12.3358 0
      vertex 2.2997 12.3358 8
    endloop
  endfacet
  facet normal 0.996007 0.0892744 0
    outer loop
      vertex 2.2997 12.3358 0
      vertex 2.31725 12.14 8
      vertex 2.31725 12.14 0
    endloop
  endfacet
  facet normal 0.989802 0.142453 0
    outer loop
      vertex 2.2997 12.3358 8
      vertex 2.27129 12.5332 0
      vertex 2.27129 12.5332 8
    endloop
  endfacet
  facet normal 0.989802 0.142453 0
    outer loop
      vertex 2.27129 12.5332 0
      vertex 2.2997 12.3358 8
      vertex 2.2997 12.3358 0
    endloop
  endfacet
  facet normal 0.982098 0.188371 0
    outer loop
      vertex 2.27129 12.5332 8
      vertex 2.23314 12.7321 0
      vertex 2.23314 12.7321 8
    endloop
  endfacet
  facet normal 0.982098 0.188371 0
    outer loop
      vertex 2.23314 12.7321 0
      vertex 2.27129 12.5332 8
      vertex 2.27129 12.5332 0
    endloop
  endfacet
  facet normal 0.973286 0.229598 0
    outer loop
      vertex 2.23314 12.7321 8
      vertex 2.18596 12.9321 0
      vertex 2.18596 12.9321 8
    endloop
  endfacet
  facet normal 0.973286 0.229598 0
    outer loop
      vertex 2.18596 12.9321 0
      vertex 2.23314 12.7321 8
      vertex 2.23314 12.7321 0
    endloop
  endfacet
  facet normal 0.963611 0.267307 0
    outer loop
      vertex 2.18596 12.9321 8
      vertex 2.13023 13.133 0
      vertex 2.13023 13.133 8
    endloop
  endfacet
  facet normal 0.963611 0.267307 0
    outer loop
      vertex 2.13023 13.133 0
      vertex 2.18596 12.9321 8
      vertex 2.18596 12.9321 0
    endloop
  endfacet
  facet normal 0.953285 0.302071 0
    outer loop
      vertex 2.13023 13.133 8
      vertex 2.06638 13.3345 0
      vertex 2.06638 13.3345 8
    endloop
  endfacet
  facet normal 0.953285 0.302071 0
    outer loop
      vertex 2.06638 13.3345 0
      vertex 2.13023 13.133 8
      vertex 2.13023 13.133 0
    endloop
  endfacet
  facet normal 0.942344 0.334646 0
    outer loop
      vertex 2.06638 13.3345 8
      vertex 1.99461 13.5366 0
      vertex 1.99461 13.5366 8
    endloop
  endfacet
  facet normal 0.942344 0.334646 0
    outer loop
      vertex 1.99461 13.5366 0
      vertex 2.06638 13.3345 8
      vertex 2.06638 13.3345 0
    endloop
  endfacet
  facet normal 0.930909 0.365252 0.000526146
    outer loop
      vertex 1.99461 13.5366 8
      vertex 1.91521 13.739 7.97571
      vertex 1.92579 13.712 8
    endloop
  endfacet
  facet normal 0.93093 0.365197 0
    outer loop
      vertex 1.91521 13.739 7.97571
      vertex 1.99461 13.5366 8
      vertex 1.91521 13.739 0.0242855
    endloop
  endfacet
  facet normal 0.93093 0.365197 -0
    outer loop
      vertex 1.99461 13.5366 0
      vertex 1.91521 13.739 0.0242855
      vertex 1.99461 13.5366 8
    endloop
  endfacet
  facet normal 0.930909 0.365252 -0.000526244
    outer loop
      vertex 1.91521 13.739 0.0242855
      vertex 1.99461 13.5366 0
      vertex 1.92579 13.712 0
    endloop
  endfacet
  facet normal 0.918958 0.394356 0
    outer loop
      vertex 1.83377 13.9288 7.80581
      vertex 1.82832 13.9415 0.205987
      vertex 1.82832 13.9415 7.79401
    endloop
  endfacet
  facet normal 0.918958 0.394356 0
    outer loop
      vertex 1.83377 13.9288 7.80581
      vertex 1.83377 13.9288 0.194182
      vertex 1.82832 13.9415 0.205987
    endloop
  endfacet
  facet normal 0.918975 0.394317 0
    outer loop
      vertex 1.91521 13.739 7.97571
      vertex 1.83377 13.9288 0.194182
      vertex 1.83377 13.9288 7.80581
    endloop
  endfacet
  facet normal 0.918975 0.394317 0
    outer loop
      vertex 1.83377 13.9288 0.194182
      vertex 1.91521 13.739 7.97571
      vertex 1.91521 13.739 0.0242855
    endloop
  endfacet
  facet normal 0.906743 0.421685 0
    outer loop
      vertex 1.82832 13.9415 7.79401
      vertex 1.7341 14.1441 0.393741
      vertex 1.7341 14.1441 7.60624
    endloop
  endfacet
  facet normal 0.906743 0.421685 0
    outer loop
      vertex 1.7341 14.1441 0.393741
      vertex 1.82832 13.9415 7.79401
      vertex 1.82832 13.9415 0.205987
    endloop
  endfacet
  facet normal 0.0911676 0.995577 0.0226897
    outer loop
      vertex 0.955981 14.2162 7.61066
      vertex 0.910397 14.2204 7.60953
      vertex 0.931924 14.2184 7.61079
    endloop
  endfacet
  facet normal 0.090548 0.994872 0.0450651
    outer loop
      vertex 0.955981 14.2162 7.61066
      vertex 0.894379 14.2219 7.6086
      vertex 0.910397 14.2204 7.60953
    endloop
  endfacet
  facet normal 0.0922641 0.995735 -0
    outer loop
      vertex 1.7341 14.1441 0.393741
      vertex 0.955981 14.2162 7.61066
      vertex 1.7341 14.1441 7.60624
    endloop
  endfacet
  facet normal 0.0922641 0.995735 -0
    outer loop
      vertex 0.955981 14.2162 0.389329
      vertex 0.955981 14.2162 7.61066
      vertex 1.7341 14.1441 0.393741
    endloop
  endfacet
  facet normal 0.0921359 0.995746 0
    outer loop
      vertex 0.955981 14.2162 7.61066
      vertex 0.955981 14.2162 0.389329
      vertex 0.894379 14.2219 7.6086
    endloop
  endfacet
  facet normal 0.0921359 0.995746 0
    outer loop
      vertex 0.894379 14.2219 7.6086
      vertex 0.955981 14.2162 0.389329
      vertex 0.894379 14.2219 0.391387
    endloop
  endfacet
  facet normal 0.0905767 0.994902 -0.0443335
    outer loop
      vertex 0.894379 14.2219 0.391387
      vertex 0.955981 14.2162 0.389329
      vertex 0.910397 14.2204 0.390451
    endloop
  endfacet
  facet normal 0.0911738 0.995578 -0.0226033
    outer loop
      vertex 0.910397 14.2204 0.390451
      vertex 0.955981 14.2162 0.389329
      vertex 0.931924 14.2184 0.389192
    endloop
  endfacet
  facet normal -0.814259 0.580502 0
    outer loop
      vertex 0.886323 14.2106 0.380126
      vertex 0.894379 14.2219 7.6086
      vertex 0.894379 14.2219 0.391387
    endloop
  endfacet
  facet normal -0.814259 0.580502 0
    outer loop
      vertex 0.886323 14.2106 0.380126
      vertex 0.886323 14.2106 7.61986
      vertex 0.894379 14.2219 7.6086
    endloop
  endfacet
  facet normal -0.813744 0.581223 0
    outer loop
      vertex 0.764542 14.0401 0.209886
      vertex 0.886323 14.2106 7.61986
      vertex 0.886323 14.2106 0.380126
    endloop
  endfacet
  facet normal -0.813744 0.581223 0
    outer loop
      vertex 0.886323 14.2106 7.61986
      vertex 0.764542 14.0401 0.209886
      vertex 0.764542 14.0401 7.79011
    endloop
  endfacet
  facet normal -0.83089 0.556437 0
    outer loop
      vertex 0.641922 13.857 0.0273196
      vertex 0.764542 14.0401 7.79011
      vertex 0.764542 14.0401 0.209886
    endloop
  endfacet
  facet normal -0.83089 0.556437 0
    outer loop
      vertex 0.764542 14.0401 7.79011
      vertex 0.641922 13.857 0.0273196
      vertex 0.641922 13.857 7.97268
    endloop
  endfacet
  facet normal -0.847948 0.530078 -0.00124441
    outer loop
      vertex 0.526688 13.6726 0
      vertex 0.641922 13.857 0.0273196
      vertex 0.624771 13.8295 0
    endloop
  endfacet
  facet normal -0.848031 0.529946 0
    outer loop
      vertex 0.641922 13.857 0.0273196
      vertex 0.526688 13.6726 0
      vertex 0.641922 13.857 7.97268
    endloop
  endfacet
  facet normal -0.848031 0.529946 0
    outer loop
      vertex 0.526688 13.6726 8
      vertex 0.641922 13.857 7.97268
      vertex 0.526688 13.6726 0
    endloop
  endfacet
  facet normal -0.847948 0.530078 0.00124439
    outer loop
      vertex 0.641922 13.857 7.97268
      vertex 0.526688 13.6726 8
      vertex 0.624771 13.8295 8
    endloop
  endfacet
  facet normal -0.864727 0.502242 0
    outer loop
      vertex 0.419006 13.4872 0
      vertex 0.526688 13.6726 8
      vertex 0.526688 13.6726 0
    endloop
  endfacet
  facet normal -0.864727 0.502242 0
    outer loop
      vertex 0.526688 13.6726 8
      vertex 0.419006 13.4872 0
      vertex 0.419006 13.4872 8
    endloop
  endfacet
  facet normal -0.881579 0.472037 0
    outer loop
      vertex 0.319199 13.3008 0
      vertex 0.419006 13.4872 8
      vertex 0.419006 13.4872 0
    endloop
  endfacet
  facet normal -0.881579 0.472037 0
    outer loop
      vertex 0.419006 13.4872 8
      vertex 0.319199 13.3008 0
      vertex 0.319199 13.3008 8
    endloop
  endfacet
  facet normal -0.898062 0.439868 0
    outer loop
      vertex 0.227509 13.1136 0
      vertex 0.319199 13.3008 8
      vertex 0.319199 13.3008 0
    endloop
  endfacet
  facet normal -0.898062 0.439868 0
    outer loop
      vertex 0.319199 13.3008 8
      vertex 0.227509 13.1136 0
      vertex 0.227509 13.1136 8
    endloop
  endfacet
  facet normal -0.914605 0.404348 0
    outer loop
      vertex 0.144394 12.9256 0
      vertex 0.227509 13.1136 8
      vertex 0.227509 13.1136 0
    endloop
  endfacet
  facet normal -0.914605 0.404348 0
    outer loop
      vertex 0.227509 13.1136 8
      vertex 0.144394 12.9256 0
      vertex 0.144394 12.9256 8
    endloop
  endfacet
  facet normal -0.930715 0.365744 0
    outer loop
      vertex 0.0703583 12.7372 0
      vertex 0.144394 12.9256 8
      vertex 0.144394 12.9256 0
    endloop
  endfacet
  facet normal -0.930715 0.365744 0
    outer loop
      vertex 0.144394 12.9256 8
      vertex 0.0703583 12.7372 0
      vertex 0.0703583 12.7372 8
    endloop
  endfacet
  facet normal -0.946799 0.321826 0
    outer loop
      vertex 0.00614929 12.5483 0
      vertex 0.0703583 12.7372 8
      vertex 0.0703583 12.7372 0
    endloop
  endfacet
  facet normal -0.946799 0.321826 0
    outer loop
      vertex 0.0703583 12.7372 8
      vertex 0.00614929 12.5483 0
      vertex 0.00614929 12.5483 8
    endloop
  endfacet
  facet normal -0.962658 0.270721 0
    outer loop
      vertex -0.0470581 12.3591 0
      vertex 0.00614929 12.5483 8
      vertex 0.00614929 12.5483 0
    endloop
  endfacet
  facet normal -0.962658 0.270721 0
    outer loop
      vertex 0.00614929 12.5483 8
      vertex -0.0470581 12.3591 0
      vertex -0.0470581 12.3591 8
    endloop
  endfacet
  facet normal -0.978259 0.207386 0
    outer loop
      vertex -0.0871887 12.1698 0
      vertex -0.0470581 12.3591 8
      vertex -0.0470581 12.3591 0
    endloop
  endfacet
  facet normal -0.978259 0.207386 0
    outer loop
      vertex -0.0470581 12.3591 8
      vertex -0.0871887 12.1698 0
      vertex -0.0871887 12.1698 8
    endloop
  endfacet
  facet normal -0.99396 0.109742 0
    outer loop
      vertex -0.108078 11.9806 0
      vertex -0.0871887 12.1698 8
      vertex -0.0871887 12.1698 0
    endloop
  endfacet
  facet normal -0.99396 0.109742 0
    outer loop
      vertex -0.0871887 12.1698 8
      vertex -0.108078 11.9806 0
      vertex -0.108078 11.9806 8
    endloop
  endfacet
  facet normal -0.999959 -0.00901666 0
    outer loop
      vertex -0.0980682 10.8705 0
      vertex -0.108078 11.9806 8
      vertex -0.108078 11.9806 0
    endloop
  endfacet
  facet normal -0.999959 -0.00901666 0
    outer loop
      vertex -0.108078 11.9806 8
      vertex -0.0980682 10.8705 0
      vertex -0.0980682 10.8705 8
    endloop
  endfacet
  facet normal -0.0462309 0.998931 0
    outer loop
      vertex -0.0980682 10.8705 0
      vertex -1.00342 10.8286 8
      vertex -0.0980682 10.8705 8
    endloop
  endfacet
  facet normal -0.0462309 0.998931 0
    outer loop
      vertex -1.00342 10.8286 8
      vertex -0.0980682 10.8705 0
      vertex -1.00342 10.8286 0
    endloop
  endfacet
  facet normal -0.138144 0.990412 0
    outer loop
      vertex -1.00342 10.8286 0
      vertex -1.90103 10.7034 8
      vertex -1.00342 10.8286 8
    endloop
  endfacet
  facet normal -0.138144 0.990412 0
    outer loop
      vertex -1.90103 10.7034 8
      vertex -1.00342 10.8286 0
      vertex -1.90103 10.7034 0
    endloop
  endfacet
  facet normal 0.984589 0.174884 0
    outer loop
      vertex -1.90103 10.7034 8
      vertex -2.09517 11.7964 0
      vertex -2.09517 11.7964 8
    endloop
  endfacet
  facet normal 0.984589 0.174884 0
    outer loop
      vertex -2.09517 11.7964 0
      vertex -1.90103 10.7034 8
      vertex -1.90103 10.7034 0
    endloop
  endfacet
  facet normal 0.956882 0.290478 0
    outer loop
      vertex -2.09517 11.7964 8
      vertex -2.15048 11.9786 0
      vertex -2.15048 11.9786 8
    endloop
  endfacet
  facet normal 0.956882 0.290478 0
    outer loop
      vertex -2.15048 11.9786 0
      vertex -2.09517 11.7964 8
      vertex -2.09517 11.7964 0
    endloop
  endfacet
  facet normal 0.923477 0.383654 0
    outer loop
      vertex -2.15048 11.9786 8
      vertex -2.22472 12.1573 0
      vertex -2.22472 12.1573 8
    endloop
  endfacet
  facet normal 0.923477 0.383654 0
    outer loop
      vertex -2.22472 12.1573 0
      vertex -2.15048 11.9786 8
      vertex -2.15048 11.9786 0
    endloop
  endfacet
  facet normal 0.896534 0.442975 0
    outer loop
      vertex -2.22472 12.1573 8
      vertex -2.31178 12.3335 0
      vertex -2.31178 12.3335 8
    endloop
  endfacet
  facet normal 0.896534 0.442975 0
    outer loop
      vertex -2.31178 12.3335 0
      vertex -2.22472 12.1573 8
      vertex -2.22472 12.1573 0
    endloop
  endfacet
  facet normal 0.871551 0.490304 0
    outer loop
      vertex -2.31178 12.3335 8
      vertex -2.40961 12.5074 0
      vertex -2.40961 12.5074 8
    endloop
  endfacet
  facet normal 0.871551 0.490304 0
    outer loop
      vertex -2.40961 12.5074 0
      vertex -2.31178 12.3335 8
      vertex -2.31178 12.3335 0
    endloop
  endfacet
  facet normal 0.847665 0.530532 0
    outer loop
      vertex -2.40961 12.5074 8
      vertex -2.51701 12.679 0
      vertex -2.51701 12.679 8
    endloop
  endfacet
  facet normal 0.847665 0.530532 0
    outer loop
      vertex -2.51701 12.679 0
      vertex -2.40961 12.5074 8
      vertex -2.40961 12.5074 0
    endloop
  endfacet
  facet normal 0.82468 0.565599 0
    outer loop
      vertex -2.51701 12.679 8
      vertex -2.63326 12.8485 0
      vertex -2.63326 12.8485 8
    endloop
  endfacet
  facet normal 0.82468 0.565599 0
    outer loop
      vertex -2.63326 12.8485 0
      vertex -2.51701 12.679 8
      vertex -2.51701 12.679 0
    endloop
  endfacet
  facet normal 0.802022 0.597295 0
    outer loop
      vertex -2.63326 12.8485 8
      vertex -2.75778 13.0157 0
      vertex -2.75778 13.0157 8
    endloop
  endfacet
  facet normal 0.802022 0.597295 0
    outer loop
      vertex -2.75778 13.0157 0
      vertex -2.63326 12.8485 8
      vertex -2.63326 12.8485 0
    endloop
  endfacet
  facet normal 0.779667 0.626194 0
    outer loop
      vertex -2.75778 13.0157 8
      vertex -2.89014 13.1805 0
      vertex -2.89014 13.1805 8
    endloop
  endfacet
  facet normal 0.779667 0.626194 0
    outer loop
      vertex -2.89014 13.1805 0
      vertex -2.75778 13.0157 8
      vertex -2.75778 13.0157 0
    endloop
  endfacet
  facet normal 0.757839 0.652441 0
    outer loop
      vertex -2.89014 13.1805 8
      vertex -3.03004 13.343 0
      vertex -3.03004 13.343 8
    endloop
  endfacet
  facet normal 0.757839 0.652441 0
    outer loop
      vertex -3.03004 13.343 0
      vertex -2.89014 13.1805 8
      vertex -2.89014 13.1805 0
    endloop
  endfacet
  facet normal 0.736305 0.67665 -0.000804267
    outer loop
      vertex -3.03004 13.343 8
      vertex -3.1772 13.5031 7.97146
      vertex -3.15447 13.4784 8
    endloop
  endfacet
  facet normal 0.736233 0.676728 0
    outer loop
      vertex -3.1772 13.5031 7.97146
      vertex -3.03004 13.343 8
      vertex -3.1772 13.5031 0.0285345
    endloop
  endfacet
  facet normal 0.736233 0.676728 -0
    outer loop
      vertex -3.03004 13.343 0
      vertex -3.1772 13.5031 0.0285345
      vertex -3.03004 13.343 8
    endloop
  endfacet
  facet normal 0.736305 0.67665 0.000804422
    outer loop
      vertex -3.1772 13.5031 0.0285345
      vertex -3.03004 13.343 0
      vertex -3.15447 13.4784 0
    endloop
  endfacet
  facet normal 0.714576 0.699558 0
    outer loop
      vertex -3.1772 13.5031 7.97146
      vertex -3.33139 13.6606 0.212404
      vertex -3.33139 13.6606 7.78759
    endloop
  endfacet
  facet normal 0.714576 0.699558 0
    outer loop
      vertex -3.33139 13.6606 0.212404
      vertex -3.1772 13.5031 7.97146
      vertex -3.1772 13.5031 0.0285345
    endloop
  endfacet
  facet normal 0.693046 0.720893 -0
    outer loop
      vertex -3.38912 13.7161 0.277967
      vertex -3.38912 13.7161 7.72202
      vertex -3.33139 13.6606 7.78759
    endloop
  endfacet
  facet normal 0.693011 0.720927 0
    outer loop
      vertex -3.38912 13.7161 7.72202
      vertex -3.49242 13.8154 0.395294
      vertex -3.49242 13.8154 7.60469
    endloop
  endfacet
  facet normal 0.693011 0.720927 0
    outer loop
      vertex -3.38912 13.7161 7.72202
      vertex -3.38912 13.7161 0.277967
      vertex -3.49242 13.8154 0.395294
    endloop
  endfacet
  facet normal 0.693046 0.720893 0
    outer loop
      vertex -3.38912 13.7161 0.277967
      vertex -3.33139 13.6606 7.78759
      vertex -3.33139 13.6606 0.212404
    endloop
  endfacet
  facet normal -0.271872 0.960443 0.060292
    outer loop
      vertex -3.65903 13.768 7.61283
      vertex -3.71678 13.7516 7.61367
      vertex -3.68699 13.76 7.61419
    endloop
  endfacet
  facet normal -0.272958 0.961918 0.0144113
    outer loop
      vertex -3.49242 13.8154 7.60469
      vertex -3.71678 13.7516 7.61367
      vertex -3.65903 13.768 7.61283
    endloop
  endfacet
  facet normal -0.273521 0.961866 0
    outer loop
      vertex -3.71678 13.7516 0.386318
      vertex -3.71678 13.7516 7.61367
      vertex -3.49242 13.8154 7.60469
    endloop
  endfacet
  facet normal -0.273742 0.961803 0
    outer loop
      vertex -3.71678 13.7516 7.61367
      vertex -3.71678 13.7516 0.386318
      vertex -4.30354 13.5846 7.60335
    endloop
  endfacet
  facet normal -0.273521 0.961866 0
    outer loop
      vertex -3.71678 13.7516 0.386318
      vertex -3.49242 13.8154 7.60469
      vertex -3.49242 13.8154 0.395294
    endloop
  endfacet
  facet normal -0.272958 0.961918 -0.0144312
    outer loop
      vertex -3.71678 13.7516 0.386318
      vertex -3.49242 13.8154 0.395294
      vertex -3.65903 13.768 0.387159
    endloop
  endfacet
  facet normal -0.273742 0.961803 0
    outer loop
      vertex -4.30354 13.5846 7.60335
      vertex -3.71678 13.7516 0.386318
      vertex -4.30354 13.5846 0.396631
    endloop
  endfacet
  facet normal -0.27188 0.960458 -0.0600087
    outer loop
      vertex -3.71678 13.7516 0.386318
      vertex -3.65903 13.768 0.387159
      vertex -3.68699 13.76 0.385794
    endloop
  endfacet
  facet normal -0.968768 0.247967 0
    outer loop
      vertex -4.35893 13.3682 0.210177
      vertex -4.30354 13.5846 7.60335
      vertex -4.30354 13.5846 0.396631
    endloop
  endfacet
  facet normal -0.968768 0.247967 0
    outer loop
      vertex -4.30354 13.5846 7.60335
      vertex -4.35893 13.3682 0.210177
      vertex -4.35893 13.3682 7.78981
    endloop
  endfacet
  facet normal -0.975792 0.218699 0
    outer loop
      vertex -4.40696 13.1539 0.0236328
      vertex -4.35893 13.3682 7.78981
      vertex -4.35893 13.3682 0.210177
    endloop
  endfacet
  facet normal -0.975792 0.218699 0
    outer loop
      vertex -4.40696 13.1539 0.0236328
      vertex -4.40696 13.1539 7.97637
      vertex -4.35893 13.3682 7.78981
    endloop
  endfacet
  facet normal -0.97561 0.219512 0
    outer loop
      vertex -4.40714 13.1531 0.0229548
      vertex -4.40696 13.1539 7.97637
      vertex -4.40696 13.1539 0.0236328
    endloop
  endfacet
  facet normal -0.97561 0.219512 0
    outer loop
      vertex -4.40696 13.1539 7.97637
      vertex -4.40714 13.1531 0.0229548
      vertex -4.40714 13.1531 7.97704
    endloop
  endfacet
  facet normal -0.982189 0.187895 -0.000127633
    outer loop
      vertex -4.44798 12.9396 0
      vertex -4.40714 13.1531 0.0229548
      vertex -4.41213 13.127 0
    endloop
  endfacet
  facet normal -0.982192 0.187882 0
    outer loop
      vertex -4.40714 13.1531 0.0229548
      vertex -4.44798 12.9396 0
      vertex -4.40714 13.1531 7.97704
    endloop
  endfacet
  facet normal -0.982192 0.187882 0
    outer loop
      vertex -4.44798 12.9396 8
      vertex -4.40714 13.1531 7.97704
      vertex -4.44798 12.9396 0
    endloop
  endfacet
  facet normal -0.982189 0.187895 0.000127604
    outer loop
      vertex -4.40714 13.1531 7.97704
      vertex -4.44798 12.9396 8
      vertex -4.41213 13.127 8
    endloop
  endfacet
  facet normal -0.987779 0.155862 0
    outer loop
      vertex -4.4814 12.7278 0
      vertex -4.44798 12.9396 8
      vertex -4.44798 12.9396 0
    endloop
  endfacet
  facet normal -0.987779 0.155862 0
    outer loop
      vertex -4.44798 12.9396 8
      vertex -4.4814 12.7278 0
      vertex -4.4814 12.7278 8
    endloop
  endfacet
  facet normal -0.992565 0.121718 0
    outer loop
      vertex -4.50714 12.5179 0
      vertex -4.4814 12.7278 8
      vertex -4.4814 12.7278 0
    endloop
  endfacet
  facet normal -0.992565 0.121718 0
    outer loop
      vertex -4.4814 12.7278 8
      vertex -4.50714 12.5179 0
      vertex -4.50714 12.5179 8
    endloop
  endfacet
  facet normal -0.996327 0.0856256 0
    outer loop
      vertex -4.52499 12.3102 0
      vertex -4.50714 12.5179 8
      vertex -4.50714 12.5179 0
    endloop
  endfacet
  facet normal -0.996327 0.0856256 0
    outer loop
      vertex -4.50714 12.5179 8
      vertex -4.52499 12.3102 0
      vertex -4.52499 12.3102 8
    endloop
  endfacet
  facet normal -0.998901 0.0468782 0
    outer loop
      vertex -4.53462 12.105 0
      vertex -4.52499 12.3102 8
      vertex -4.52499 12.3102 0
    endloop
  endfacet
  facet normal -0.998901 0.0468782 0
    outer loop
      vertex -4.52499 12.3102 8
      vertex -4.53462 12.105 0
      vertex -4.53462 12.105 8
    endloop
  endfacet
  facet normal -0.999989 0.00474069 0
    outer loop
      vertex -4.53558 11.9025 0
      vertex -4.53462 12.105 8
      vertex -4.53462 12.105 0
    endloop
  endfacet
  facet normal -0.999989 0.00474069 0
    outer loop
      vertex -4.53462 12.105 8
      vertex -4.53558 11.9025 0
      vertex -4.53558 11.9025 8
    endloop
  endfacet
  facet normal -0.999121 -0.04191 0
    outer loop
      vertex -4.52722 11.7032 0
      vertex -4.53558 11.9025 8
      vertex -4.53558 11.9025 0
    endloop
  endfacet
  facet normal -0.999121 -0.04191 0
    outer loop
      vertex -4.53558 11.9025 8
      vertex -4.52722 11.7032 0
      vertex -4.52722 11.7032 8
    endloop
  endfacet
  facet normal -0.995456 -0.0952198 0
    outer loop
      vertex -4.50851 11.5076 0
      vertex -4.52722 11.7032 8
      vertex -4.52722 11.7032 0
    endloop
  endfacet
  facet normal -0.995456 -0.0952198 0
    outer loop
      vertex -4.52722 11.7032 8
      vertex -4.50851 11.5076 0
      vertex -4.50851 11.5076 8
    endloop
  endfacet
  facet normal -0.987129 -0.159924 0
    outer loop
      vertex -4.47755 11.3165 0
      vertex -4.50851 11.5076 8
      vertex -4.50851 11.5076 0
    endloop
  endfacet
  facet normal -0.987129 -0.159924 0
    outer loop
      vertex -4.50851 11.5076 8
      vertex -4.47755 11.3165 0
      vertex -4.47755 11.3165 8
    endloop
  endfacet
  facet normal -0.966479 -0.256747 0
    outer loop
      vertex -4.42867 11.1325 0
      vertex -4.47755 11.3165 8
      vertex -4.47755 11.3165 0
    endloop
  endfacet
  facet normal -0.966479 -0.256747 0
    outer loop
      vertex -4.47755 11.3165 8
      vertex -4.42867 11.1325 0
      vertex -4.42867 11.1325 8
    endloop
  endfacet
  facet normal -0.929171 -0.369651 0
    outer loop
      vertex -4.01831 10.101 0
      vertex -4.42867 11.1325 8
      vertex -4.42867 11.1325 0
    endloop
  endfacet
  facet normal -0.929171 -0.369651 0
    outer loop
      vertex -4.42867 11.1325 8
      vertex -4.01831 10.101 0
      vertex -4.01831 10.101 8
    endloop
  endfacet
  facet normal -0.40395 0.914781 0
    outer loop
      vertex -4.01831 10.101 0
      vertex -4.8474 9.73489 8
      vertex -4.01831 10.101 8
    endloop
  endfacet
  facet normal -0.40395 0.914781 0
    outer loop
      vertex -4.8474 9.73489 8
      vertex -4.01831 10.101 0
      vertex -4.8474 9.73489 0
    endloop
  endfacet
  facet normal -0.486597 0.873626 0
    outer loop
      vertex -4.8474 9.73489 0
      vertex -5.63918 9.29388 8
      vertex -4.8474 9.73489 8
    endloop
  endfacet
  facet normal -0.486597 0.873626 0
    outer loop
      vertex -5.63918 9.29388 8
      vertex -4.8474 9.73489 0
      vertex -5.63918 9.29388 0
    endloop
  endfacet
  facet normal 0.854936 0.518734 0
    outer loop
      vertex -5.63918 9.29388 8
      vertex -6.21506 10.243 0
      vertex -6.21506 10.243 8
    endloop
  endfacet
  facet normal 0.854936 0.518734 0
    outer loop
      vertex -6.21506 10.243 0
      vertex -5.63918 9.29388 8
      vertex -5.63918 9.29388 0
    endloop
  endfacet
  facet normal 0.787334 0.616526 0
    outer loop
      vertex -6.21506 10.243 8
      vertex -6.33244 10.3929 0
      vertex -6.33244 10.3929 8
    endloop
  endfacet
  facet normal 0.787334 0.616526 0
    outer loop
      vertex -6.33244 10.3929 0
      vertex -6.21506 10.243 8
      vertex -6.21506 10.243 0
    endloop
  endfacet
  facet normal 0.722491 0.69138 0
    outer loop
      vertex -6.33244 10.3929 8
      vertex -6.46622 10.5327 0
      vertex -6.46622 10.5327 8
    endloop
  endfacet
  facet normal 0.722491 0.69138 0
    outer loop
      vertex -6.46622 10.5327 0
      vertex -6.33244 10.3929 8
      vertex -6.33244 10.3929 0
    endloop
  endfacet
  facet normal 0.675833 0.737055 -0
    outer loop
      vertex -6.46622 10.5327 0
      vertex -6.61105 10.6655 8
      vertex -6.46622 10.5327 8
    endloop
  endfacet
  facet normal 0.675833 0.737055 0
    outer loop
      vertex -6.61105 10.6655 8
      vertex -6.46622 10.5327 0
      vertex -6.61105 10.6655 0
    endloop
  endfacet
  facet normal 0.635563 0.772049 -0
    outer loop
      vertex -6.61105 10.6655 0
      vertex -6.76508 10.7923 8
      vertex -6.61105 10.6655 8
    endloop
  endfacet
  facet normal 0.635563 0.772049 0
    outer loop
      vertex -6.76508 10.7923 8
      vertex -6.61105 10.6655 0
      vertex -6.76508 10.7923 0
    endloop
  endfacet
  facet normal 0.598965 0.800776 -0
    outer loop
      vertex -6.76508 10.7923 0
      vertex -6.92725 10.9136 8
      vertex -6.76508 10.7923 8
    endloop
  endfacet
  facet normal 0.598965 0.800776 0
    outer loop
      vertex -6.92725 10.9136 8
      vertex -6.76508 10.7923 0
      vertex -6.92725 10.9136 0
    endloop
  endfacet
  facet normal 0.56459 0.825372 -0
    outer loop
      vertex -6.92725 10.9136 0
      vertex -7.09683 11.0296 8
      vertex -6.92725 10.9136 8
    endloop
  endfacet
  facet normal 0.56459 0.825372 0
    outer loop
      vertex -7.09683 11.0296 8
      vertex -6.92725 10.9136 0
      vertex -7.09683 11.0296 0
    endloop
  endfacet
  facet normal 0.531981 0.846756 -0
    outer loop
      vertex -7.09683 11.0296 0
      vertex -7.27335 11.1405 8
      vertex -7.09683 11.0296 8
    endloop
  endfacet
  facet normal 0.531981 0.846756 0
    outer loop
      vertex -7.27335 11.1405 8
      vertex -7.09683 11.0296 0
      vertex -7.27335 11.1405 0
    endloop
  endfacet
  facet normal 0.500909 0.8655 -0
    outer loop
      vertex -7.27335 11.1405 0
      vertex -7.45633 11.2464 8
      vertex -7.27335 11.1405 8
    endloop
  endfacet
  facet normal 0.500909 0.8655 0
    outer loop
      vertex -7.45633 11.2464 8
      vertex -7.27335 11.1405 0
      vertex -7.45633 11.2464 0
    endloop
  endfacet
  facet normal 0.471005 0.882131 -0
    outer loop
      vertex -7.45633 11.2464 0
      vertex -7.64549 11.3474 8
      vertex -7.45633 11.2464 8
    endloop
  endfacet
  facet normal 0.471005 0.882131 0
    outer loop
      vertex -7.64549 11.3474 8
      vertex -7.45633 11.2464 0
      vertex -7.64549 11.3474 0
    endloop
  endfacet
  facet normal 0.442072 0.896979 -0.000858313
    outer loop
      vertex -7.64549 11.3474 8
      vertex -7.84053 11.4435 7.97444
      vertex -7.8139 11.4304 8
    endloop
  endfacet
  facet normal 0.441981 0.897024 0
    outer loop
      vertex -7.64549 11.3474 8
      vertex -7.84053 11.4435 0.0255545
      vertex -7.84053 11.4435 7.97444
    endloop
  endfacet
  facet normal 0.441981 0.897024 -0
    outer loop
      vertex -7.64549 11.3474 0
      vertex -7.84053 11.4435 0.0255545
      vertex -7.64549 11.3474 8
    endloop
  endfacet
  facet normal 0.442072 0.896979 0.000858497
    outer loop
      vertex -7.84053 11.4435 0.0255545
      vertex -7.64549 11.3474 0
      vertex -7.8139 11.4304 0
    endloop
  endfacet
  facet normal 0.413752 0.91039 0
    outer loop
      vertex -7.84053 11.4435 7.97444
      vertex -8.0412 11.5347 0.21196
      vertex -8.0412 11.5347 7.78803
    endloop
  endfacet
  facet normal 0.413752 0.91039 0
    outer loop
      vertex -8.0412 11.5347 0.21196
      vertex -7.84053 11.4435 7.97444
      vertex -7.84053 11.4435 0.0255545
    endloop
  endfacet
  facet normal 0.384732 0.923028 -0
    outer loop
      vertex -8.09734 11.5581 0.262516
      vertex -8.09734 11.5581 7.73747
      vertex -8.0412 11.5347 7.78803
    endloop
  endfacet
  facet normal 0.386318 0.922366 0
    outer loop
      vertex -8.09734 11.5581 7.73747
      vertex -8.24728 11.6209 0.397536
      vertex -8.24728 11.6209 7.60245
    endloop
  endfacet
  facet normal 0.386318 0.922366 0
    outer loop
      vertex -8.09734 11.5581 7.73747
      vertex -8.09734 11.5581 0.262516
      vertex -8.24728 11.6209 0.397536
    endloop
  endfacet
  facet normal 0.384732 0.923028 0
    outer loop
      vertex -8.09734 11.5581 0.262516
      vertex -8.0412 11.5347 7.78803
      vertex -8.0412 11.5347 0.21196
    endloop
  endfacet
  facet normal -0.602629 0.798022 0
    outer loop
      vertex -8.24728 11.6209 0.397536
      vertex -8.6713 11.3007 7.61542
      vertex -8.24728 11.6209 7.60245
    endloop
  endfacet
  facet normal -0.602629 0.798022 0
    outer loop
      vertex -8.6713 11.3007 0.384562
      vertex -8.6713 11.3007 7.61542
      vertex -8.24728 11.6209 0.397536
    endloop
  endfacet
  facet normal -0.602607 0.798038 0
    outer loop
      vertex -8.6713 11.3007 7.61542
      vertex -8.6713 11.3007 0.384562
      vertex -8.92027 11.1127 7.60311
    endloop
  endfacet
  facet normal -0.602607 0.798038 0
    outer loop
      vertex -8.92027 11.1127 7.60311
      vertex -8.6713 11.3007 0.384562
      vertex -8.92027 11.1127 0.396872
    endloop
  endfacet
  facet normal -0.992929 -0.118713 0
    outer loop
      vertex -8.89374 10.8908 0.21307
      vertex -8.92027 11.1127 7.60311
      vertex -8.92027 11.1127 0.396872
    endloop
  endfacet
  facet normal -0.992929 -0.118713 0
    outer loop
      vertex -8.92027 11.1127 7.60311
      vertex -8.89374 10.8908 0.21307
      vertex -8.89374 10.8908 7.78692
    endloop
  endfacet
  facet normal -0.98886 -0.148846 0
    outer loop
      vertex -8.88942 10.8621 0.188716
      vertex -8.89374 10.8908 7.78692
      vertex -8.89374 10.8908 0.21307
    endloop
  endfacet
  facet normal -0.98886 -0.148846 0
    outer loop
      vertex -8.88942 10.8621 0.188716
      vertex -8.88942 10.8621 7.81128
      vertex -8.89374 10.8908 7.78692
    endloop
  endfacet
  facet normal -0.988898 -0.148596 0
    outer loop
      vertex -8.86099 10.6729 0.0283349
      vertex -8.88942 10.8621 7.81128
      vertex -8.88942 10.8621 0.188716
    endloop
  endfacet
  facet normal -0.988898 -0.148596 0
    outer loop
      vertex -8.88942 10.8621 7.81128
      vertex -8.86099 10.6729 0.0283349
      vertex -8.86099 10.6729 7.97166
    endloop
  endfacet
  facet normal -0.983741 -0.179592 0.000337987
    outer loop
      vertex -8.82195 10.459 0
      vertex -8.86099 10.6729 0.0283349
      vertex -8.85503 10.6402 0
    endloop
  endfacet
  facet normal -0.983749 -0.179549 0
    outer loop
      vertex -8.86099 10.6729 0.0283349
      vertex -8.82195 10.459 0
      vertex -8.86099 10.6729 7.97166
    endloop
  endfacet
  facet normal -0.983749 -0.179549 -0
    outer loop
      vertex -8.82195 10.459 8
      vertex -8.86099 10.6729 7.97166
      vertex -8.82195 10.459 0
    endloop
  endfacet
  facet normal -0.983741 -0.179592 -0.000337926
    outer loop
      vertex -8.86099 10.6729 7.97166
      vertex -8.82195 10.459 8
      vertex -8.85503 10.6402 8
    endloop
  endfacet
  facet normal -0.977365 -0.21156 0
    outer loop
      vertex -8.77658 10.2494 0
      vertex -8.82195 10.459 8
      vertex -8.82195 10.459 0
    endloop
  endfacet
  facet normal -0.977365 -0.21156 0
    outer loop
      vertex -8.82195 10.459 8
      vertex -8.77658 10.2494 0
      vertex -8.77658 10.2494 8
    endloop
  endfacet
  facet normal -0.969527 -0.244983 0
    outer loop
      vertex -8.72478 10.0444 0
      vertex -8.77658 10.2494 8
      vertex -8.77658 10.2494 0
    endloop
  endfacet
  facet normal -0.969527 -0.244983 0
    outer loop
      vertex -8.77658 10.2494 8
      vertex -8.72478 10.0444 0
      vertex -8.72478 10.0444 8
    endloop
  endfacet
  facet normal -0.959974 -0.28009 0
    outer loop
      vertex -8.6664 9.84431 0
      vertex -8.72478 10.0444 8
      vertex -8.72478 10.0444 0
    endloop
  endfacet
  facet normal -0.959974 -0.28009 0
    outer loop
      vertex -8.72478 10.0444 8
      vertex -8.6664 9.84431 0
      vertex -8.6664 9.84431 8
    endloop
  endfacet
  facet normal -0.948371 -0.317162 0
    outer loop
      vertex -8.60123 9.64944 0
      vertex -8.6664 9.84431 8
      vertex -8.6664 9.84431 0
    endloop
  endfacet
  facet normal -0.948371 -0.317162 0
    outer loop
      vertex -8.6664 9.84431 8
      vertex -8.60123 9.64944 0
      vertex -8.60123 9.64944 8
    endloop
  endfacet
  facet normal -0.934164 -0.356843 0
    outer loop
      vertex -8.52898 9.4603 0
      vertex -8.60123 9.64944 8
      vertex -8.60123 9.64944 0
    endloop
  endfacet
  facet normal -0.934164 -0.356843 0
    outer loop
      vertex -8.60123 9.64944 8
      vertex -8.52898 9.4603 0
      vertex -8.52898 9.4603 8
    endloop
  endfacet
  facet normal -0.916538 -0.399948 0
    outer loop
      vertex -8.44919 9.27745 0
      vertex -8.52898 9.4603 8
      vertex -8.52898 9.4603 0
    endloop
  endfacet
  facet normal -0.916538 -0.399948 0
    outer loop
      vertex -8.52898 9.4603 8
      vertex -8.44919 9.27745 0
      vertex -8.44919 9.27745 8
    endloop
  endfacet
  facet normal -0.893836 -0.448394 0
    outer loop
      vertex -8.36108 9.10181 0
      vertex -8.44919 9.27745 8
      vertex -8.44919 9.27745 0
    endloop
  endfacet
  facet normal -0.893836 -0.448394 0
    outer loop
      vertex -8.44919 9.27745 8
      vertex -8.36108 9.10181 0
      vertex -8.36108 9.10181 8
    endloop
  endfacet
  facet normal -0.862669 -0.505769 0
    outer loop
      vertex -8.2632 8.93486 0
      vertex -8.36108 9.10181 8
      vertex -8.36108 9.10181 0
    endloop
  endfacet
  facet normal -0.862669 -0.505769 0
    outer loop
      vertex -8.36108 9.10181 8
      vertex -8.2632 8.93486 0
      vertex -8.2632 8.93486 8
    endloop
  endfacet
  facet normal -0.808459 -0.588553 0
    outer loop
      vertex -8.15114 8.78093 0
      vertex -8.2632 8.93486 8
      vertex -8.2632 8.93486 0
    endloop
  endfacet
  facet normal -0.808459 -0.588553 0
    outer loop
      vertex -8.2632 8.93486 8
      vertex -8.15114 8.78093 0
      vertex -8.15114 8.78093 8
    endloop
  endfacet
  facet normal -0.732903 -0.680334 0
    outer loop
      vertex -7.39586 7.96729 0
      vertex -8.15114 8.78093 8
      vertex -8.15114 8.78093 0
    endloop
  endfacet
  facet normal -0.732903 -0.680334 0
    outer loop
      vertex -8.15114 8.78093 8
      vertex -7.39586 7.96729 0
      vertex -7.39586 7.96729 8
    endloop
  endfacet
  facet normal -0.707112 0.707101 0
    outer loop
      vertex -8.03671 7.32643 0
      vertex -7.39586 7.96729 8
      vertex -7.39586 7.96729 0
    endloop
  endfacet
  facet normal -0.707112 0.707101 0
    outer loop
      vertex -7.39586 7.96729 8
      vertex -8.03671 7.32643 0
      vertex -8.03671 7.32643 8
    endloop
  endfacet
  facet normal -0.769323 0.63886 0
    outer loop
      vertex -8.61572 6.62918 0
      vertex -8.03671 7.32643 8
      vertex -8.03671 7.32643 0
    endloop
  endfacet
  facet normal -0.769323 0.63886 0
    outer loop
      vertex -8.03671 7.32643 8
      vertex -8.61572 6.62918 0
      vertex -8.61572 6.62918 8
    endloop
  endfacet
  facet normal 0.609814 0.792545 -0
    outer loop
      vertex -8.61572 6.62918 0
      vertex -9.49557 7.30617 8
      vertex -8.61572 6.62918 8
    endloop
  endfacet
  facet normal 0.609814 0.792545 0
    outer loop
      vertex -9.49557 7.30617 8
      vertex -8.61572 6.62918 0
      vertex -9.49557 7.30617 0
    endloop
  endfacet
  facet normal 0.511457 0.859309 -0
    outer loop
      vertex -9.49557 7.30617 0
      vertex -9.65918 7.40355 8
      vertex -9.49557 7.30617 8
    endloop
  endfacet
  facet normal 0.511457 0.859309 0
    outer loop
      vertex -9.65918 7.40355 8
      vertex -9.49557 7.30617 0
      vertex -9.65918 7.40355 0
    endloop
  endfacet
  facet normal 0.423997 0.905664 -0
    outer loop
      vertex -9.65918 7.40355 0
      vertex -9.83444 7.4856 8
      vertex -9.65918 7.40355 8
    endloop
  endfacet
  facet normal 0.423997 0.905664 0
    outer loop
      vertex -9.83444 7.4856 8
      vertex -9.65918 7.40355 0
      vertex -9.83444 7.4856 0
    endloop
  endfacet
  facet normal 0.363948 0.931419 -0
    outer loop
      vertex -9.83444 7.4856 0
      vertex -10.0175 7.55713 8
      vertex -9.83444 7.4856 8
    endloop
  endfacet
  facet normal 0.363948 0.931419 0
    outer loop
      vertex -10.0175 7.55713 8
      vertex -9.83444 7.4856 0
      vertex -10.0175 7.55713 0
    endloop
  endfacet
  facet normal 0.313775 0.949497 -0
    outer loop
      vertex -10.0175 7.55713 0
      vertex -10.2069 7.61972 8
      vertex -10.0175 7.55713 8
    endloop
  endfacet
  facet normal 0.313775 0.949497 0
    outer loop
      vertex -10.2069 7.61972 8
      vertex -10.0175 7.55713 0
      vertex -10.2069 7.61972 0
    endloop
  endfacet
  facet normal 0.269126 0.963105 -0
    outer loop
      vertex -10.2069 7.61972 0
      vertex -10.4019 7.67421 8
      vertex -10.2069 7.61972 8
    endloop
  endfacet
  facet normal 0.269126 0.963105 0
    outer loop
      vertex -10.4019 7.67421 8
      vertex -10.2069 7.61972 0
      vertex -10.4019 7.67421 0
    endloop
  endfacet
  facet normal 0.228245 0.973604 -0
    outer loop
      vertex -10.4019 7.67421 0
      vertex -10.602 7.72112 8
      vertex -10.4019 7.67421 8
    endloop
  endfacet
  facet normal 0.228245 0.973604 0
    outer loop
      vertex -10.602 7.72112 8
      vertex -10.4019 7.67421 0
      vertex -10.602 7.72112 0
    endloop
  endfacet
  facet normal 0.190253 0.981735 -0
    outer loop
      vertex -10.602 7.72112 0
      vertex -10.8066 7.76077 8
      vertex -10.602 7.72112 8
    endloop
  endfacet
  facet normal 0.190253 0.981735 0
    outer loop
      vertex -10.8066 7.76077 8
      vertex -10.602 7.72112 0
      vertex -10.8066 7.76077 0
    endloop
  endfacet
  facet normal 0.154605 0.987976 -0
    outer loop
      vertex -10.8066 7.76077 0
      vertex -11.0155 7.79346 8
      vertex -10.8066 7.76077 8
    endloop
  endfacet
  facet normal 0.154605 0.987976 0
    outer loop
      vertex -11.0155 7.79346 8
      vertex -10.8066 7.76077 0
      vertex -11.0155 7.79346 0
    endloop
  endfacet
  facet normal 0.120349 0.992732 -0
    outer loop
      vertex -11.0155 7.79346 0
      vertex -11.2284 7.81927 8
      vertex -11.0155 7.79346 8
    endloop
  endfacet
  facet normal 0.120349 0.992732 0
    outer loop
      vertex -11.2284 7.81927 8
      vertex -11.0155 7.79346 0
      vertex -11.2284 7.81927 0
    endloop
  endfacet
  facet normal 0.0881154 0.99611 -5.76617e-05
    outer loop
      vertex -11.2284 7.81927 8
      vertex -11.4449 7.83842 7.9745
      vertex -11.4147 7.83575 8
    endloop
  endfacet
  facet normal 0.0881087 0.996111 0
    outer loop
      vertex -11.2284 7.81927 8
      vertex -11.4449 7.83842 0.0254953
      vertex -11.4449 7.83842 7.9745
    endloop
  endfacet
  facet normal 0.0881087 0.996111 -0
    outer loop
      vertex -11.2284 7.81927 0
      vertex -11.4449 7.83842 0.0254953
      vertex -11.2284 7.81927 8
    endloop
  endfacet
  facet normal 0.0881154 0.99611 5.76723e-05
    outer loop
      vertex -11.4449 7.83842 0.0254953
      vertex -11.2284 7.81927 0
      vertex -11.4147 7.83575 0
    endloop
  endfacet
  facet normal 0.056701 0.998391 0
    outer loop
      vertex -11.4449 7.83842 7.9745
      vertex -11.665 7.85092 0.207192
      vertex -11.665 7.85092 7.7928
    endloop
  endfacet
  facet normal 0.056701 0.998391 0
    outer loop
      vertex -11.665 7.85092 0.207192
      vertex -11.4449 7.83842 7.9745
      vertex -11.4449 7.83842 0.0254953
    endloop
  endfacet
  facet normal 0.0238531 0.99971 0.00340601
    outer loop
      vertex -11.665 7.85092 7.7928
      vertex -11.8659 7.85628 7.62652
      vertex -11.7533 7.85327 7.72143
    endloop
  endfacet
  facet normal 0.0266704 0.999644 -0
    outer loop
      vertex -11.8659 7.85628 0.373465
      vertex -11.8659 7.85628 7.62652
      vertex -11.665 7.85092 7.7928
    endloop
  endfacet
  facet normal 0.0263302 0.999653 0
    outer loop
      vertex -11.8659 7.85628 7.62652
      vertex -11.8659 7.85628 0.373465
      vertex -11.8883 7.85687 7.60763
    endloop
  endfacet
  facet normal 0.0263302 0.999653 0
    outer loop
      vertex -11.8883 7.85687 7.60763
      vertex -11.8659 7.85628 0.373465
      vertex -11.8883 7.85687 0.392359
    endloop
  endfacet
  facet normal 0.0267211 0.999643 -1.37227e-06
    outer loop
      vertex -11.665 7.85092 7.7928
      vertex -11.7533 7.85327 0.278558
      vertex -11.8659 7.85628 0.373465
    endloop
  endfacet
  facet normal 0.0266044 0.999646 0
    outer loop
      vertex -11.7533 7.85327 0.278558
      vertex -11.665 7.85092 7.7928
      vertex -11.665 7.85092 0.207192
    endloop
  endfacet
  facet normal -0.850193 0.526472 0
    outer loop
      vertex -12.3323 7.13986 0.390774
      vertex -11.8883 7.85687 7.60763
      vertex -11.8883 7.85687 0.392359
    endloop
  endfacet
  facet normal -0.850193 0.526472 0
    outer loop
      vertex -11.8883 7.85687 7.60763
      vertex -12.3323 7.13986 0.390774
      vertex -12.3323 7.13986 7.60921
    endloop
  endfacet
  facet normal -0.883104 -0.469178 0
    outer loop
      vertex -12.3171 7.11125 0.363422
      vertex -12.3323 7.13986 7.60921
      vertex -12.3323 7.13986 0.390774
    endloop
  endfacet
  facet normal -0.883104 -0.469178 0
    outer loop
      vertex -12.3171 7.11125 0.363422
      vertex -12.3171 7.11125 7.63656
      vertex -12.3323 7.13986 7.60921
    endloop
  endfacet
  facet normal -0.882877 -0.469604 0
    outer loop
      vertex -12.2274 6.94261 0.208648
      vertex -12.3171 7.11125 7.63656
      vertex -12.3171 7.11125 0.363422
    endloop
  endfacet
  facet normal -0.882877 -0.469604 0
    outer loop
      vertex -12.3171 7.11125 7.63656
      vertex -12.2274 6.94261 0.208648
      vertex -12.2274 6.94261 7.79134
    endloop
  endfacet
  facet normal -0.868352 -0.495949 0
    outer loop
      vertex -12.1488 6.80499 0.077679
      vertex -12.2274 6.94261 7.79134
      vertex -12.2274 6.94261 0.208648
    endloop
  endfacet
  facet normal -0.868352 -0.495949 0
    outer loop
      vertex -12.1488 6.80499 0.077679
      vertex -12.1488 6.80499 7.92232
      vertex -12.2274 6.94261 7.79134
    endloop
  endfacet
  facet normal -0.868462 -0.495756 0
    outer loop
      vertex -12.1181 6.75121 0.0264986
      vertex -12.1488 6.80499 7.92232
      vertex -12.1488 6.80499 0.077679
    endloop
  endfacet
  facet normal -0.868462 -0.495756 0
    outer loop
      vertex -12.1488 6.80499 7.92232
      vertex -12.1181 6.75121 0.0264986
      vertex -12.1181 6.75121 7.9735
    endloop
  endfacet
  facet normal -0.852498 -0.522728 0.00145636
    outer loop
      vertex -12.0045 6.56587 0
      vertex -12.1181 6.75121 0.0264986
      vertex -12.1017 6.72439 0
    endloop
  endfacet
  facet normal -0.852592 -0.522577 0
    outer loop
      vertex -12.1181 6.75121 0.0264986
      vertex -12.0045 6.56587 0
      vertex -12.1181 6.75121 7.9735
    endloop
  endfacet
  facet normal -0.852592 -0.522577 -0
    outer loop
      vertex -12.0045 6.56587 8
      vertex -12.1181 6.75121 7.9735
      vertex -12.0045 6.56587 0
    endloop
  endfacet
  facet normal -0.852498 -0.522728 -0.00145628
    outer loop
      vertex -12.1181 6.75121 7.9735
      vertex -12.0045 6.56587 8
      vertex -12.1017 6.72439 8
    endloop
  endfacet
  facet normal -0.834738 -0.550648 0
    outer loop
      vertex -11.8864 6.38684 0
      vertex -12.0045 6.56587 8
      vertex -12.0045 6.56587 0
    endloop
  endfacet
  facet normal -0.834738 -0.550648 0
    outer loop
      vertex -12.0045 6.56587 8
      vertex -11.8864 6.38684 0
      vertex -11.8864 6.38684 8
    endloop
  endfacet
  facet normal -0.815679 -0.578505 0
    outer loop
      vertex -11.7641 6.2144 0
      vertex -11.8864 6.38684 8
      vertex -11.8864 6.38684 0
    endloop
  endfacet
  facet normal -0.815679 -0.578505 0
    outer loop
      vertex -11.8864 6.38684 8
      vertex -11.7641 6.2144 0
      vertex -11.7641 6.2144 8
    endloop
  endfacet
  facet normal -0.794084 -0.607808 0
    outer loop
      vertex -11.6374 6.04887 0
      vertex -11.7641 6.2144 8
      vertex -11.7641 6.2144 0
    endloop
  endfacet
  facet normal -0.794084 -0.607808 0
    outer loop
      vertex -11.7641 6.2144 8
      vertex -11.6374 6.04887 0
      vertex -11.6374 6.04887 8
    endloop
  endfacet
  facet normal -0.769635 -0.638484 0
    outer loop
      vertex -11.5062 5.89072 0
      vertex -11.6374 6.04887 8
      vertex -11.6374 6.04887 0
    endloop
  endfacet
  facet normal -0.769635 -0.638484 0
    outer loop
      vertex -11.6374 6.04887 8
      vertex -11.5062 5.89072 0
      vertex -11.5062 5.89072 8
    endloop
  endfacet
  facet normal -0.742215 -0.670162 0
    outer loop
      vertex -11.3705 5.74043 0
      vertex -11.5062 5.89072 8
      vertex -11.5062 5.89072 0
    endloop
  endfacet
  facet normal -0.742215 -0.670162 0
    outer loop
      vertex -11.5062 5.89072 8
      vertex -11.3705 5.74043 0
      vertex -11.3705 5.74043 8
    endloop
  endfacet
  facet normal -0.710058 -0.704144 0
    outer loop
      vertex -11.23 5.59875 0
      vertex -11.3705 5.74043 8
      vertex -11.3705 5.74043 0
    endloop
  endfacet
  facet normal -0.710058 -0.704144 0
    outer loop
      vertex -11.3705 5.74043 8
      vertex -11.23 5.59875 0
      vertex -11.23 5.59875 8
    endloop
  endfacet
  facet normal -0.671519 -0.740987 0
    outer loop
      vertex -11.23 5.59875 0
      vertex -11.0844 5.4668 8
      vertex -11.23 5.59875 8
    endloop
  endfacet
  facet normal -0.671519 -0.740987 -0
    outer loop
      vertex -11.0844 5.4668 8
      vertex -11.23 5.59875 0
      vertex -11.0844 5.4668 0
    endloop
  endfacet
  facet normal -0.621603 -0.783333 0
    outer loop
      vertex -11.0844 5.4668 0
      vertex -10.9328 5.3465 8
      vertex -11.0844 5.4668 8
    endloop
  endfacet
  facet normal -0.621603 -0.783333 -0
    outer loop
      vertex -10.9328 5.3465 8
      vertex -11.0844 5.4668 0
      vertex -10.9328 5.3465 0
    endloop
  endfacet
  facet normal -0.541512 -0.840693 0
    outer loop
      vertex -10.9328 5.3465 0
      vertex -10.7728 5.24344 8
      vertex -10.9328 5.3465 8
    endloop
  endfacet
  facet normal -0.541512 -0.840693 -0
    outer loop
      vertex -10.7728 5.24344 8
      vertex -10.9328 5.3465 0
      vertex -10.7728 5.24344 0
    endloop
  endfacet
  facet normal -0.437629 -0.899155 0
    outer loop
      vertex -10.7728 5.24344 0
      vertex -9.77455 4.75758 8
      vertex -10.7728 5.24344 8
    endloop
  endfacet
  facet normal -0.437629 -0.899155 -0
    outer loop
      vertex -9.77455 4.75758 8
      vertex -10.7728 5.24344 0
      vertex -9.77455 4.75758 0
    endloop
  endfacet
  facet normal -0.914804 0.403898 0
    outer loop
      vertex -10.1406 3.9285 0
      vertex -9.77455 4.75758 8
      vertex -9.77455 4.75758 0
    endloop
  endfacet
  facet normal -0.914804 0.403898 0
    outer loop
      vertex -9.77455 4.75758 8
      vertex -10.1406 3.9285 0
      vertex -10.1406 3.9285 8
    endloop
  endfacet
  facet normal -0.948167 0.317773 0
    outer loop
      vertex -10.4286 3.06917 0
      vertex -10.1406 3.9285 8
      vertex -10.1406 3.9285 0
    endloop
  endfacet
  facet normal -0.948167 0.317773 0
    outer loop
      vertex -10.1406 3.9285 8
      vertex -10.4286 3.06917 0
      vertex -10.4286 3.06917 8
    endloop
  endfacet
  facet normal 0.282303 0.959325 -0
    outer loop
      vertex -10.4286 3.06917 0
      vertex -11.4937 3.3826 8
      vertex -10.4286 3.06917 8
    endloop
  endfacet
  facet normal 0.282303 0.959325 0
    outer loop
      vertex -11.4937 3.3826 8
      vertex -10.4286 3.06917 0
      vertex -11.4937 3.3826 0
    endloop
  endfacet
  facet normal 0.166477 0.986045 -0
    outer loop
      vertex -11.4937 3.3826 0
      vertex -11.6814 3.41429 8
      vertex -11.4937 3.3826 8
    endloop
  endfacet
  facet normal 0.166477 0.986045 0
    outer loop
      vertex -11.6814 3.41429 8
      vertex -11.4937 3.3826 0
      vertex -11.6814 3.41429 0
    endloop
  endfacet
  facet normal 0.0683021 0.997665 -0
    outer loop
      vertex -11.6814 3.41429 0
      vertex -11.8745 3.42751 8
      vertex -11.6814 3.41429 8
    endloop
  endfacet
  facet normal 0.0683021 0.997665 0
    outer loop
      vertex -11.8745 3.42751 8
      vertex -11.6814 3.41429 0
      vertex -11.8745 3.42751 0
    endloop
  endfacet
  facet normal 0.00295164 0.999996 -0
    outer loop
      vertex -11.8745 3.42751 0
      vertex -12.071 3.42809 8
      vertex -11.8745 3.42751 8
    endloop
  endfacet
  facet normal 0.00295164 0.999996 0
    outer loop
      vertex -12.071 3.42809 8
      vertex -11.8745 3.42751 0
      vertex -12.071 3.42809 0
    endloop
  endfacet
  facet normal -0.0505377 0.998722 0
    outer loop
      vertex -12.071 3.42809 0
      vertex -12.2702 3.41801 8
      vertex -12.071 3.42809 8
    endloop
  endfacet
  facet normal -0.0505377 0.998722 0
    outer loop
      vertex -12.2702 3.41801 8
      vertex -12.071 3.42809 0
      vertex -12.2702 3.41801 0
    endloop
  endfacet
  facet normal -0.0969603 0.995288 0
    outer loop
      vertex -12.2702 3.41801 0
      vertex -12.4717 3.39838 8
      vertex -12.2702 3.41801 8
    endloop
  endfacet
  facet normal -0.0969603 0.995288 0
    outer loop
      vertex -12.4717 3.39838 8
      vertex -12.2702 3.41801 0
      vertex -12.4717 3.39838 0
    endloop
  endfacet
  facet normal -0.138791 0.990322 0
    outer loop
      vertex -12.4717 3.39838 0
      vertex -12.6752 3.36986 8
      vertex -12.4717 3.39838 8
    endloop
  endfacet
  facet normal -0.138791 0.990322 0
    outer loop
      vertex -12.6752 3.36986 8
      vertex -12.4717 3.39838 0
      vertex -12.6752 3.36986 0
    endloop
  endfacet
  facet normal -0.177264 0.984163 0
    outer loop
      vertex -12.6752 3.36986 0
      vertex -12.8804 3.3329 8
      vertex -12.6752 3.36986 8
    endloop
  endfacet
  facet normal -0.177264 0.984163 0
    outer loop
      vertex -12.8804 3.3329 8
      vertex -12.6752 3.36986 0
      vertex -12.8804 3.3329 0
    endloop
  endfacet
  facet normal -0.212732 0.977111 0
    outer loop
      vertex -12.8804 3.3329 0
      vertex -13.087 3.28792 8
      vertex -12.8804 3.3329 8
    endloop
  endfacet
  facet normal -0.212732 0.977111 0
    outer loop
      vertex -13.087 3.28792 8
      vertex -12.8804 3.3329 0
      vertex -13.087 3.28792 0
    endloop
  endfacet
  facet normal -0.246397 0.969169 0
    outer loop
      vertex -13.087 3.28792 0
      vertex -13.2948 3.23509 8
      vertex -13.087 3.28792 8
    endloop
  endfacet
  facet normal -0.246397 0.969169 0
    outer loop
      vertex -13.2948 3.23509 8
      vertex -13.087 3.28792 0
      vertex -13.2948 3.23509 0
    endloop
  endfacet
  facet normal -0.277657 0.96068 -0.00011868
    outer loop
      vertex -13.2948 3.23509 8
      vertex -13.5037 3.17471 7.97146
      vertex -13.4715 3.18402 8
    endloop
  endfacet
  facet normal -0.277672 0.960676 0
    outer loop
      vertex -13.2948 3.23509 8
      vertex -13.5037 3.17471 0.0285344
      vertex -13.5037 3.17471 7.97146
    endloop
  endfacet
  facet normal -0.277672 0.960676 0
    outer loop
      vertex -13.2948 3.23509 0
      vertex -13.5037 3.17471 0.0285344
      vertex -13.2948 3.23509 8
    endloop
  endfacet
  facet normal -0.277657 0.96068 0.000118703
    outer loop
      vertex -13.5037 3.17471 0.0285344
      vertex -13.2948 3.23509 0
      vertex -13.4715 3.18402 0
    endloop
  endfacet
  facet normal -0.30758 0.951522 0
    outer loop
      vertex -13.6648 3.1226 7.82984
      vertex -13.7134 3.10689 0.212845
      vertex -13.7134 3.10689 7.78715
    endloop
  endfacet
  facet normal -0.307764 0.951463 0
    outer loop
      vertex -13.6648 3.1226 0.17015
      vertex -13.6648 3.1226 7.82984
      vertex -13.5037 3.17471 7.97146
    endloop
  endfacet
  facet normal -0.30758 0.951522 0
    outer loop
      vertex -13.6648 3.1226 7.82984
      vertex -13.6648 3.1226 0.17015
      vertex -13.7134 3.10689 0.212845
    endloop
  endfacet
  facet normal -0.307764 0.951463 0
    outer loop
      vertex -13.6648 3.1226 0.17015
      vertex -13.5037 3.17471 7.97146
      vertex -13.5037 3.17471 0.0285344
    endloop
  endfacet
  facet normal -0.336325 0.941746 0
    outer loop
      vertex -13.7134 3.10689 7.78715
      vertex -13.9238 3.03175 0.396189
      vertex -13.9238 3.03175 7.6038
    endloop
  endfacet
  facet normal -0.336325 0.941746 0
    outer loop
      vertex -13.9238 3.03175 0.396189
      vertex -13.7134 3.10689 7.78715
      vertex -13.7134 3.10689 0.212845
    endloop
  endfacet
  facet normal -0.983006 0.183572 0
    outer loop
      vertex -13.971 2.779 0.385078
      vertex -13.9238 3.03175 7.6038
      vertex -13.9238 3.03175 0.396189
    endloop
  endfacet
  facet normal -0.983006 0.183572 0
    outer loop
      vertex -13.971 2.779 0.385078
      vertex -13.971 2.779 7.61491
      vertex -13.9238 3.03175 7.6038
    endloop
  endfacet
  facet normal -0.982977 0.183729 0
    outer loop
      vertex -14.0787 2.20279 0.397188
      vertex -13.971 2.779 7.61491
      vertex -13.971 2.779 0.385078
    endloop
  endfacet
  facet normal -0.982977 0.183729 0
    outer loop
      vertex -13.971 2.779 7.61491
      vertex -14.0787 2.20279 0.397188
      vertex -14.0787 2.20279 7.6028
    endloop
  endfacet
  facet normal -0.653907 -0.756575 0
    outer loop
      vertex -14.0787 2.20279 0.397188
      vertex -13.9731 2.11152 7.71905
      vertex -14.0787 2.20279 7.6028
    endloop
  endfacet
  facet normal -0.653907 -0.756575 0
    outer loop
      vertex -13.9731 2.11152 0.280942
      vertex -13.9731 2.11152 7.71905
      vertex -14.0787 2.20279 0.397188
    endloop
  endfacet
  facet normal -0.653726 -0.756732 -0
    outer loop
      vertex -13.9731 2.11152 7.71905
      vertex -13.9731 2.11152 0.280942
      vertex -13.9097 2.05675 7.78882
    endloop
  endfacet
  facet normal -0.653726 -0.756732 -0
    outer loop
      vertex -13.9097 2.05675 7.78882
      vertex -13.9731 2.11152 0.280942
      vertex -13.9097 2.05675 0.211173
    endloop
  endfacet
  facet normal -0.630569 -0.776133 0
    outer loop
      vertex -13.9097 2.05675 0.211173
      vertex -13.7386 1.91774 7.97565
      vertex -13.9097 2.05675 7.78882
    endloop
  endfacet
  facet normal -0.630569 -0.776133 -0
    outer loop
      vertex -13.7386 1.91774 7.97565
      vertex -13.9097 2.05675 0.211173
      vertex -13.7386 1.91774 0.0243503
    endloop
  endfacet
  facet normal -0.605987 -0.795473 -0.00149666
    outer loop
      vertex -13.7386 1.91774 7.97565
      vertex -13.5657 1.78598 8
      vertex -13.7162 1.90063 8
    endloop
  endfacet
  facet normal -0.606121 -0.795373 0
    outer loop
      vertex -13.7386 1.91774 0.0243503
      vertex -13.5657 1.78598 8
      vertex -13.7386 1.91774 7.97565
    endloop
  endfacet
  facet normal -0.605987 -0.795473 0.00149665
    outer loop
      vertex -13.5657 1.78598 0
      vertex -13.7386 1.91774 0.0243503
      vertex -13.7162 1.90063 0
    endloop
  endfacet
  facet normal -0.606121 -0.795373 0
    outer loop
      vertex -13.7386 1.91774 0.0243503
      vertex -13.5657 1.78598 0
      vertex -13.5657 1.78598 8
    endloop
  endfacet
  facet normal -0.579768 -0.814782 0
    outer loop
      vertex -13.5657 1.78598 0
      vertex -13.391 1.66167 8
      vertex -13.5657 1.78598 8
    endloop
  endfacet
  facet normal -0.579768 -0.814782 -0
    outer loop
      vertex -13.391 1.66167 8
      vertex -13.5657 1.78598 0
      vertex -13.391 1.66167 0
    endloop
  endfacet
  facet normal -0.551356 -0.83427 0
    outer loop
      vertex -13.391 1.66167 0
      vertex -13.2146 1.54509 8
      vertex -13.391 1.66167 8
    endloop
  endfacet
  facet normal -0.551356 -0.83427 -0
    outer loop
      vertex -13.2146 1.54509 8
      vertex -13.391 1.66167 0
      vertex -13.2146 1.54509 0
    endloop
  endfacet
  facet normal -0.520759 -0.853704 0
    outer loop
      vertex -13.2146 1.54509 0
      vertex -13.0366 1.43651 8
      vertex -13.2146 1.54509 8
    endloop
  endfacet
  facet normal -0.520759 -0.853704 -0
    outer loop
      vertex -13.0366 1.43651 8
      vertex -13.2146 1.54509 0
      vertex -13.0366 1.43651 0
    endloop
  endfacet
  facet normal -0.487254 -0.87326 0
    outer loop
      vertex -13.0366 1.43651 0
      vertex -12.8572 1.33641 8
      vertex -13.0366 1.43651 8
    endloop
  endfacet
  facet normal -0.487254 -0.87326 -0
    outer loop
      vertex -12.8572 1.33641 8
      vertex -13.0366 1.43651 0
      vertex -12.8572 1.33641 0
    endloop
  endfacet
  facet normal -0.450056 -0.893 0
    outer loop
      vertex -12.8572 1.33641 0
      vertex -12.6764 1.24529 8
      vertex -12.8572 1.33641 8
    endloop
  endfacet
  facet normal -0.450056 -0.893 -0
    outer loop
      vertex -12.6764 1.24529 8
      vertex -12.8572 1.33641 0
      vertex -12.6764 1.24529 0
    endloop
  endfacet
  facet normal -0.407737 -0.913099 0
    outer loop
      vertex -12.6764 1.24529 0
      vertex -12.4942 1.16393 8
      vertex -12.6764 1.24529 8
    endloop
  endfacet
  facet normal -0.407737 -0.913099 -0
    outer loop
      vertex -12.4942 1.16393 8
      vertex -12.6764 1.24529 0
      vertex -12.4942 1.16393 0
    endloop
  endfacet
  facet normal -0.358587 -0.933496 0
    outer loop
      vertex -12.4942 1.16393 0
      vertex -12.3108 1.09348 8
      vertex -12.4942 1.16393 8
    endloop
  endfacet
  facet normal -0.358587 -0.933496 -0
    outer loop
      vertex -12.3108 1.09348 8
      vertex -12.4942 1.16393 0
      vertex -12.3108 1.09348 0
    endloop
  endfacet
  facet normal -0.296721 -0.954964 0
    outer loop
      vertex -12.3108 1.09348 0
      vertex -12.126 1.03606 8
      vertex -12.3108 1.09348 8
    endloop
  endfacet
  facet normal -0.296721 -0.954964 -0
    outer loop
      vertex -12.126 1.03606 8
      vertex -12.3108 1.09348 0
      vertex -12.126 1.03606 0
    endloop
  endfacet
  facet normal -0.201028 -0.979586 0
    outer loop
      vertex -12.126 1.03606 0
      vertex -11.9395 0.997787 8
      vertex -12.126 1.03606 8
    endloop
  endfacet
  facet normal -0.201028 -0.979586 -0
    outer loop
      vertex -11.9395 0.997787 8
      vertex -12.126 1.03606 0
      vertex -11.9395 0.997787 0
    endloop
  endfacet
  facet normal -0.0832718 -0.996527 0
    outer loop
      vertex -11.9395 0.997787 0
      vertex -10.8331 0.905334 8
      vertex -11.9395 0.997787 8
    endloop
  endfacet
  facet normal -0.0832718 -0.996527 -0
    outer loop
      vertex -10.8331 0.905334 8
      vertex -11.9395 0.997787 0
      vertex -10.8331 0.905334 0
    endloop
  endfacet
  facet normal -0.998931 0.0462318 0
    outer loop
      vertex -10.875 0 0
      vertex -10.8331 0.905334 8
      vertex -10.8331 0.905334 0
    endloop
  endfacet
  facet normal -0.998931 0.0462318 0
    outer loop
      vertex -10.8331 0.905334 8
      vertex -10.875 0 0
      vertex -10.875 0 8
    endloop
  endfacet
  facet normal -0.998931 -0.0462318 0
    outer loop
      vertex -10.8331 -0.905334 0
      vertex -10.875 0 8
      vertex -10.875 0 0
    endloop
  endfacet
  facet normal -0.998931 -0.0462318 0
    outer loop
      vertex -10.875 0 8
      vertex -10.8331 -0.905334 0
      vertex -10.8331 -0.905334 8
    endloop
  endfacet
  facet normal -0.0832718 0.996527 0
    outer loop
      vertex -10.8331 -0.905334 0
      vertex -11.9395 -0.997787 8
      vertex -10.8331 -0.905334 8
    endloop
  endfacet
  facet normal -0.0832718 0.996527 0
    outer loop
      vertex -11.9395 -0.997787 8
      vertex -10.8331 -0.905334 0
      vertex -11.9395 -0.997787 0
    endloop
  endfacet
  facet normal -0.201028 0.979586 0
    outer loop
      vertex -11.9395 -0.997787 0
      vertex -12.126 -1.03606 8
      vertex -11.9395 -0.997787 8
    endloop
  endfacet
  facet normal -0.201028 0.979586 0
    outer loop
      vertex -12.126 -1.03606 8
      vertex -11.9395 -0.997787 0
      vertex -12.126 -1.03606 0
    endloop
  endfacet
  facet normal -0.296721 0.954964 0
    outer loop
      vertex -12.126 -1.03606 0
      vertex -12.3108 -1.09348 8
      vertex -12.126 -1.03606 8
    endloop
  endfacet
  facet normal -0.296721 0.954964 0
    outer loop
      vertex -12.3108 -1.09348 8
      vertex -12.126 -1.03606 0
      vertex -12.3108 -1.09348 0
    endloop
  endfacet
  facet normal -0.358587 0.933496 0
    outer loop
      vertex -12.3108 -1.09348 0
      vertex -12.4942 -1.16393 8
      vertex -12.3108 -1.09348 8
    endloop
  endfacet
  facet normal -0.358587 0.933496 0
    outer loop
      vertex -12.4942 -1.16393 8
      vertex -12.3108 -1.09348 0
      vertex -12.4942 -1.16393 0
    endloop
  endfacet
  facet normal -0.407737 0.913099 0
    outer loop
      vertex -12.4942 -1.16393 0
      vertex -12.6764 -1.24529 8
      vertex -12.4942 -1.16393 8
    endloop
  endfacet
  facet normal -0.407737 0.913099 0
    outer loop
      vertex -12.6764 -1.24529 8
      vertex -12.4942 -1.16393 0
      vertex -12.6764 -1.24529 0
    endloop
  endfacet
  facet normal -0.450056 0.893 0
    outer loop
      vertex -12.6764 -1.24529 0
      vertex -12.8572 -1.33641 8
      vertex -12.6764 -1.24529 8
    endloop
  endfacet
  facet normal -0.450056 0.893 0
    outer loop
      vertex -12.8572 -1.33641 8
      vertex -12.6764 -1.24529 0
      vertex -12.8572 -1.33641 0
    endloop
  endfacet
  facet normal -0.487254 0.87326 0
    outer loop
      vertex -12.8572 -1.33641 0
      vertex -13.0366 -1.43651 8
      vertex -12.8572 -1.33641 8
    endloop
  endfacet
  facet normal -0.487254 0.87326 0
    outer loop
      vertex -13.0366 -1.43651 8
      vertex -12.8572 -1.33641 0
      vertex -13.0366 -1.43651 0
    endloop
  endfacet
  facet normal -0.520759 0.853704 0
    outer loop
      vertex -13.0366 -1.43651 0
      vertex -13.2146 -1.54509 8
      vertex -13.0366 -1.43651 8
    endloop
  endfacet
  facet normal -0.520759 0.853704 0
    outer loop
      vertex -13.2146 -1.54509 8
      vertex -13.0366 -1.43651 0
      vertex -13.2146 -1.54509 0
    endloop
  endfacet
  facet normal -0.551356 0.83427 0
    outer loop
      vertex -13.2146 -1.54509 0
      vertex -13.391 -1.66167 8
      vertex -13.2146 -1.54509 8
    endloop
  endfacet
  facet normal -0.551356 0.83427 0
    outer loop
      vertex -13.391 -1.66167 8
      vertex -13.2146 -1.54509 0
      vertex -13.391 -1.66167 0
    endloop
  endfacet
  facet normal -0.579768 0.814782 0
    outer loop
      vertex -13.391 -1.66167 0
      vertex -13.5657 -1.78598 8
      vertex -13.391 -1.66167 8
    endloop
  endfacet
  facet normal -0.579768 0.814782 0
    outer loop
      vertex -13.5657 -1.78598 8
      vertex -13.391 -1.66167 0
      vertex -13.5657 -1.78598 0
    endloop
  endfacet
  facet normal -0.605987 0.795473 -0.00149666
    outer loop
      vertex -13.5657 -1.78598 8
      vertex -13.7386 -1.91774 7.97565
      vertex -13.7162 -1.90063 8
    endloop
  endfacet
  facet normal -0.606121 0.795373 0
    outer loop
      vertex -13.5657 -1.78598 8
      vertex -13.7386 -1.91774 0.0243503
      vertex -13.7386 -1.91774 7.97565
    endloop
  endfacet
  facet normal -0.606121 0.795373 0
    outer loop
      vertex -13.5657 -1.78598 0
      vertex -13.7386 -1.91774 0.0243503
      vertex -13.5657 -1.78598 8
    endloop
  endfacet
  facet normal -0.605987 0.795473 0.00149665
    outer loop
      vertex -13.7386 -1.91774 0.0243503
      vertex -13.5657 -1.78598 0
      vertex -13.7162 -1.90063 0
    endloop
  endfacet
  facet normal -0.630569 0.776133 0
    outer loop
      vertex -13.7386 -1.91774 7.97565
      vertex -13.9097 -2.05675 0.211173
      vertex -13.9097 -2.05675 7.78882
    endloop
  endfacet
  facet normal -0.630569 0.776133 0
    outer loop
      vertex -13.9097 -2.05675 0.211173
      vertex -13.7386 -1.91774 7.97565
      vertex -13.7386 -1.91774 0.0243503
    endloop
  endfacet
  facet normal -0.653907 0.756575 0
    outer loop
      vertex -13.9731 -2.11152 7.71905
      vertex -14.0787 -2.20279 0.397188
      vertex -14.0787 -2.20279 7.6028
    endloop
  endfacet
  facet normal -0.653726 0.756732 0
    outer loop
      vertex -13.9731 -2.11152 0.280942
      vertex -13.9731 -2.11152 7.71905
      vertex -13.9097 -2.05675 7.78882
    endloop
  endfacet
  facet normal -0.653907 0.756575 0
    outer loop
      vertex -13.9731 -2.11152 7.71905
      vertex -13.9731 -2.11152 0.280942
      vertex -14.0787 -2.20279 0.397188
    endloop
  endfacet
  facet normal -0.653726 0.756732 0
    outer loop
      vertex -13.9731 -2.11152 0.280942
      vertex -13.9097 -2.05675 7.78882
      vertex -13.9097 -2.05675 0.211173
    endloop
  endfacet
  facet normal -0.982977 -0.183729 0
    outer loop
      vertex -13.971 -2.779 0.385078
      vertex -14.0787 -2.20279 7.6028
      vertex -14.0787 -2.20279 0.397188
    endloop
  endfacet
  facet normal -0.982977 -0.183729 0
    outer loop
      vertex -13.971 -2.779 0.385078
      vertex -13.971 -2.779 7.61491
      vertex -14.0787 -2.20279 7.6028
    endloop
  endfacet
  facet normal -0.983006 -0.183572 0
    outer loop
      vertex -13.9238 -3.03175 0.396189
      vertex -13.971 -2.779 7.61491
      vertex -13.971 -2.779 0.385078
    endloop
  endfacet
  facet normal -0.983006 -0.183572 0
    outer loop
      vertex -13.971 -2.779 7.61491
      vertex -13.9238 -3.03175 0.396189
      vertex -13.9238 -3.03175 7.6038
    endloop
  endfacet
  facet normal -0.336325 -0.941746 0
    outer loop
      vertex -13.9238 -3.03175 0.396189
      vertex -13.7134 -3.10689 7.78715
      vertex -13.9238 -3.03175 7.6038
    endloop
  endfacet
  facet normal -0.336325 -0.941746 -0
    outer loop
      vertex -13.7134 -3.10689 7.78715
      vertex -13.9238 -3.03175 0.396189
      vertex -13.7134 -3.10689 0.212845
    endloop
  endfacet
  facet normal -0.30758 -0.951522 0
    outer loop
      vertex -13.7134 -3.10689 0.212845
      vertex -13.6648 -3.1226 7.82984
      vertex -13.7134 -3.10689 7.78715
    endloop
  endfacet
  facet normal -0.30758 -0.951522 0
    outer loop
      vertex -13.6648 -3.1226 0.17015
      vertex -13.6648 -3.1226 7.82984
      vertex -13.7134 -3.10689 0.212845
    endloop
  endfacet
  facet normal -0.307764 -0.951463 -0
    outer loop
      vertex -13.6648 -3.1226 7.82984
      vertex -13.6648 -3.1226 0.17015
      vertex -13.5037 -3.17471 7.97146
    endloop
  endfacet
  facet normal -0.307764 -0.951463 -0
    outer loop
      vertex -13.5037 -3.17471 7.97146
      vertex -13.6648 -3.1226 0.17015
      vertex -13.5037 -3.17471 0.0285344
    endloop
  endfacet
  facet normal -0.277657 -0.96068 -0.00011868
    outer loop
      vertex -13.5037 -3.17471 7.97146
      vertex -13.2948 -3.23509 8
      vertex -13.4715 -3.18402 8
    endloop
  endfacet
  facet normal -0.277672 -0.960676 0
    outer loop
      vertex -13.5037 -3.17471 0.0285344
      vertex -13.2948 -3.23509 8
      vertex -13.5037 -3.17471 7.97146
    endloop
  endfacet
  facet normal -0.277657 -0.96068 0.000118703
    outer loop
      vertex -13.2948 -3.23509 0
      vertex -13.5037 -3.17471 0.0285344
      vertex -13.4715 -3.18402 0
    endloop
  endfacet
  facet normal -0.277672 -0.960676 0
    outer loop
      vertex -13.5037 -3.17471 0.0285344
      vertex -13.2948 -3.23509 0
      vertex -13.2948 -3.23509 8
    endloop
  endfacet
  facet normal -0.246397 -0.969169 0
    outer loop
      vertex -13.2948 -3.23509 0
      vertex -13.087 -3.28792 8
      vertex -13.2948 -3.23509 8
    endloop
  endfacet
  facet normal -0.246397 -0.969169 -0
    outer loop
      vertex -13.087 -3.28792 8
      vertex -13.2948 -3.23509 0
      vertex -13.087 -3.28792 0
    endloop
  endfacet
  facet normal -0.212732 -0.977111 0
    outer loop
      vertex -13.087 -3.28792 0
      vertex -12.8804 -3.3329 8
      vertex -13.087 -3.28792 8
    endloop
  endfacet
  facet normal -0.212732 -0.977111 -0
    outer loop
      vertex -12.8804 -3.3329 8
      vertex -13.087 -3.28792 0
      vertex -12.8804 -3.3329 0
    endloop
  endfacet
  facet normal -0.177264 -0.984163 0
    outer loop
      vertex -12.8804 -3.3329 0
      vertex -12.6752 -3.36986 8
      vertex -12.8804 -3.3329 8
    endloop
  endfacet
  facet normal -0.177264 -0.984163 -0
    outer loop
      vertex -12.6752 -3.36986 8
      vertex -12.8804 -3.3329 0
      vertex -12.6752 -3.36986 0
    endloop
  endfacet
  facet normal -0.138791 -0.990322 0
    outer loop
      vertex -12.6752 -3.36986 0
      vertex -12.4717 -3.39838 8
      vertex -12.6752 -3.36986 8
    endloop
  endfacet
  facet normal -0.138791 -0.990322 -0
    outer loop
      vertex -12.4717 -3.39838 8
      vertex -12.6752 -3.36986 0
      vertex -12.4717 -3.39838 0
    endloop
  endfacet
  facet normal -0.0969603 -0.995288 0
    outer loop
      vertex -12.4717 -3.39838 0
      vertex -12.2702 -3.41801 8
      vertex -12.4717 -3.39838 8
    endloop
  endfacet
  facet normal -0.0969603 -0.995288 -0
    outer loop
      vertex -12.2702 -3.41801 8
      vertex -12.4717 -3.39838 0
      vertex -12.2702 -3.41801 0
    endloop
  endfacet
  facet normal -0.0505377 -0.998722 0
    outer loop
      vertex -12.2702 -3.41801 0
      vertex -12.071 -3.42809 8
      vertex -12.2702 -3.41801 8
    endloop
  endfacet
  facet normal -0.0505377 -0.998722 -0
    outer loop
      vertex -12.071 -3.42809 8
      vertex -12.2702 -3.41801 0
      vertex -12.071 -3.42809 0
    endloop
  endfacet
  facet normal 0.00295164 -0.999996 0
    outer loop
      vertex -12.071 -3.42809 0
      vertex -11.8745 -3.42751 8
      vertex -12.071 -3.42809 8
    endloop
  endfacet
  facet normal 0.00295164 -0.999996 0
    outer loop
      vertex -11.8745 -3.42751 8
      vertex -12.071 -3.42809 0
      vertex -11.8745 -3.42751 0
    endloop
  endfacet
  facet normal 0.0683021 -0.997665 0
    outer loop
      vertex -11.8745 -3.42751 0
      vertex -11.6814 -3.41429 8
      vertex -11.8745 -3.42751 8
    endloop
  endfacet
  facet normal 0.0683021 -0.997665 0
    outer loop
      vertex -11.6814 -3.41429 8
      vertex -11.8745 -3.42751 0
      vertex -11.6814 -3.41429 0
    endloop
  endfacet
  facet normal 0.166477 -0.986045 0
    outer loop
      vertex -11.6814 -3.41429 0
      vertex -11.4937 -3.3826 8
      vertex -11.6814 -3.41429 8
    endloop
  endfacet
  facet normal 0.166477 -0.986045 0
    outer loop
      vertex -11.4937 -3.3826 8
      vertex -11.6814 -3.41429 0
      vertex -11.4937 -3.3826 0
    endloop
  endfacet
  facet normal 0.282303 -0.959325 0
    outer loop
      vertex -11.4937 -3.3826 0
      vertex -10.4286 -3.06917 8
      vertex -11.4937 -3.3826 8
    endloop
  endfacet
  facet normal 0.282303 -0.959325 0
    outer loop
      vertex -10.4286 -3.06917 8
      vertex -11.4937 -3.3826 0
      vertex -10.4286 -3.06917 0
    endloop
  endfacet
  facet normal -0.948167 -0.317773 0
    outer loop
      vertex -10.1406 -3.9285 0
      vertex -10.4286 -3.06917 8
      vertex -10.4286 -3.06917 0
    endloop
  endfacet
  facet normal -0.948167 -0.317773 0
    outer loop
      vertex -10.4286 -3.06917 8
      vertex -10.1406 -3.9285 0
      vertex -10.1406 -3.9285 8
    endloop
  endfacet
  facet normal -0.914804 -0.403898 0
    outer loop
      vertex -9.77455 -4.75758 0
      vertex -10.1406 -3.9285 8
      vertex -10.1406 -3.9285 0
    endloop
  endfacet
  facet normal -0.914804 -0.403898 0
    outer loop
      vertex -10.1406 -3.9285 8
      vertex -9.77455 -4.75758 0
      vertex -9.77455 -4.75758 8
    endloop
  endfacet
  facet normal -0.437629 0.899155 0
    outer loop
      vertex -9.77455 -4.75758 0
      vertex -10.7728 -5.24344 8
      vertex -9.77455 -4.75758 8
    endloop
  endfacet
  facet normal -0.437629 0.899155 0
    outer loop
      vertex -10.7728 -5.24344 8
      vertex -9.77455 -4.75758 0
      vertex -10.7728 -5.24344 0
    endloop
  endfacet
  facet normal -0.541512 0.840693 0
    outer loop
      vertex -10.7728 -5.24344 0
      vertex -10.9328 -5.3465 8
      vertex -10.7728 -5.24344 8
    endloop
  endfacet
  facet normal -0.541512 0.840693 0
    outer loop
      vertex -10.9328 -5.3465 8
      vertex -10.7728 -5.24344 0
      vertex -10.9328 -5.3465 0
    endloop
  endfacet
  facet normal -0.621603 0.783333 0
    outer loop
      vertex -10.9328 -5.3465 0
      vertex -11.0844 -5.4668 8
      vertex -10.9328 -5.3465 8
    endloop
  endfacet
  facet normal -0.621603 0.783333 0
    outer loop
      vertex -11.0844 -5.4668 8
      vertex -10.9328 -5.3465 0
      vertex -11.0844 -5.4668 0
    endloop
  endfacet
  facet normal -0.671519 0.740987 0
    outer loop
      vertex -11.0844 -5.4668 0
      vertex -11.23 -5.59875 8
      vertex -11.0844 -5.4668 8
    endloop
  endfacet
  facet normal -0.671519 0.740987 0
    outer loop
      vertex -11.23 -5.59875 8
      vertex -11.0844 -5.4668 0
      vertex -11.23 -5.59875 0
    endloop
  endfacet
  facet normal -0.710058 0.704144 0
    outer loop
      vertex -11.3705 -5.74043 0
      vertex -11.23 -5.59875 8
      vertex -11.23 -5.59875 0
    endloop
  endfacet
  facet normal -0.710058 0.704144 0
    outer loop
      vertex -11.23 -5.59875 8
      vertex -11.3705 -5.74043 0
      vertex -11.3705 -5.74043 8
    endloop
  endfacet
  facet normal -0.742215 0.670162 0
    outer loop
      vertex -11.5062 -5.89072 0
      vertex -11.3705 -5.74043 8
      vertex -11.3705 -5.74043 0
    endloop
  endfacet
  facet normal -0.742215 0.670162 0
    outer loop
      vertex -11.3705 -5.74043 8
      vertex -11.5062 -5.89072 0
      vertex -11.5062 -5.89072 8
    endloop
  endfacet
  facet normal -0.769635 0.638484 0
    outer loop
      vertex -11.6374 -6.04887 0
      vertex -11.5062 -5.89072 8
      vertex -11.5062 -5.89072 0
    endloop
  endfacet
  facet normal -0.769635 0.638484 0
    outer loop
      vertex -11.5062 -5.89072 8
      vertex -11.6374 -6.04887 0
      vertex -11.6374 -6.04887 8
    endloop
  endfacet
  facet normal -0.794084 0.607808 0
    outer loop
      vertex -11.7641 -6.2144 0
      vertex -11.6374 -6.04887 8
      vertex -11.6374 -6.04887 0
    endloop
  endfacet
  facet normal -0.794084 0.607808 0
    outer loop
      vertex -11.6374 -6.04887 8
      vertex -11.7641 -6.2144 0
      vertex -11.7641 -6.2144 8
    endloop
  endfacet
  facet normal -0.815679 0.578505 0
    outer loop
      vertex -11.8864 -6.38684 0
      vertex -11.7641 -6.2144 8
      vertex -11.7641 -6.2144 0
    endloop
  endfacet
  facet normal -0.815679 0.578505 0
    outer loop
      vertex -11.7641 -6.2144 8
      vertex -11.8864 -6.38684 0
      vertex -11.8864 -6.38684 8
    endloop
  endfacet
  facet normal -0.834738 0.550648 0
    outer loop
      vertex -12.0045 -6.56587 0
      vertex -11.8864 -6.38684 8
      vertex -11.8864 -6.38684 0
    endloop
  endfacet
  facet normal -0.834738 0.550648 0
    outer loop
      vertex -11.8864 -6.38684 8
      vertex -12.0045 -6.56587 0
      vertex -12.0045 -6.56587 8
    endloop
  endfacet
  facet normal -0.852498 0.522728 0.00145636
    outer loop
      vertex -12.1181 -6.75121 0.0264986
      vertex -12.0045 -6.56587 0
      vertex -12.1017 -6.72439 0
    endloop
  endfacet
  facet normal -0.852592 0.522577 0
    outer loop
      vertex -12.0045 -6.56587 0
      vertex -12.1181 -6.75121 0.0264986
      vertex -12.0045 -6.56587 8
    endloop
  endfacet
  facet normal -0.852592 0.522577 0
    outer loop
      vertex -12.1181 -6.75121 7.9735
      vertex -12.0045 -6.56587 8
      vertex -12.1181 -6.75121 0.0264986
    endloop
  endfacet
  facet normal -0.852498 0.522728 -0.00145628
    outer loop
      vertex -12.0045 -6.56587 8
      vertex -12.1181 -6.75121 7.9735
      vertex -12.1017 -6.72439 8
    endloop
  endfacet
  facet normal -0.868462 0.495756 0
    outer loop
      vertex -12.1488 -6.80499 0.077679
      vertex -12.1181 -6.75121 7.9735
      vertex -12.1181 -6.75121 0.0264986
    endloop
  endfacet
  facet normal -0.868462 0.495756 0
    outer loop
      vertex -12.1488 -6.80499 0.077679
      vertex -12.1488 -6.80499 7.92232
      vertex -12.1181 -6.75121 7.9735
    endloop
  endfacet
  facet normal -0.868352 0.495949 0
    outer loop
      vertex -12.2274 -6.94261 0.208648
      vertex -12.1488 -6.80499 7.92232
      vertex -12.1488 -6.80499 0.077679
    endloop
  endfacet
  facet normal -0.868352 0.495949 0
    outer loop
      vertex -12.1488 -6.80499 7.92232
      vertex -12.2274 -6.94261 0.208648
      vertex -12.2274 -6.94261 7.79134
    endloop
  endfacet
  facet normal -0.882877 0.469604 0
    outer loop
      vertex -12.3171 -7.11125 0.363422
      vertex -12.2274 -6.94261 7.79134
      vertex -12.2274 -6.94261 0.208648
    endloop
  endfacet
  facet normal -0.882877 0.469604 0
    outer loop
      vertex -12.3171 -7.11125 0.363422
      vertex -12.3171 -7.11125 7.63656
      vertex -12.2274 -6.94261 7.79134
    endloop
  endfacet
  facet normal -0.883104 0.469178 0
    outer loop
      vertex -12.3323 -7.13986 0.390774
      vertex -12.3171 -7.11125 7.63656
      vertex -12.3171 -7.11125 0.363422
    endloop
  endfacet
  facet normal -0.883104 0.469178 0
    outer loop
      vertex -12.3171 -7.11125 7.63656
      vertex -12.3323 -7.13986 0.390774
      vertex -12.3323 -7.13986 7.60921
    endloop
  endfacet
  facet normal -0.850193 -0.526472 0
    outer loop
      vertex -11.8883 -7.85687 0.392359
      vertex -12.3323 -7.13986 7.60921
      vertex -12.3323 -7.13986 0.390774
    endloop
  endfacet
  facet normal -0.850193 -0.526472 0
    outer loop
      vertex -12.3323 -7.13986 7.60921
      vertex -11.8883 -7.85687 0.392359
      vertex -11.8883 -7.85687 7.60763
    endloop
  endfacet
  facet normal 0.0238531 -0.99971 0.00340601
    outer loop
      vertex -11.8659 -7.85628 7.62652
      vertex -11.665 -7.85092 7.7928
      vertex -11.7533 -7.85327 7.72143
    endloop
  endfacet
  facet normal 0.0263302 -0.999653 0
    outer loop
      vertex -11.8659 -7.85628 0.373465
      vertex -11.8659 -7.85628 7.62652
      vertex -11.8883 -7.85687 7.60763
    endloop
  endfacet
  facet normal 0.0263302 -0.999653 0
    outer loop
      vertex -11.8659 -7.85628 0.373465
      vertex -11.8883 -7.85687 7.60763
      vertex -11.8883 -7.85687 0.392359
    endloop
  endfacet
  facet normal 0.0266704 -0.999644 0
    outer loop
      vertex -11.8659 -7.85628 7.62652
      vertex -11.8659 -7.85628 0.373465
      vertex -11.665 -7.85092 7.7928
    endloop
  endfacet
  facet normal 0.0267211 -0.999643 -1.37227e-06
    outer loop
      vertex -11.7533 -7.85327 0.278558
      vertex -11.665 -7.85092 7.7928
      vertex -11.8659 -7.85628 0.373465
    endloop
  endfacet
  facet normal 0.0266044 -0.999646 0
    outer loop
      vertex -11.665 -7.85092 7.7928
      vertex -11.7533 -7.85327 0.278558
      vertex -11.665 -7.85092 0.207192
    endloop
  endfacet
  facet normal 0.056701 -0.998391 0
    outer loop
      vertex -11.665 -7.85092 0.207192
      vertex -11.4449 -7.83842 7.9745
      vertex -11.665 -7.85092 7.7928
    endloop
  endfacet
  facet normal 0.056701 -0.998391 0
    outer loop
      vertex -11.4449 -7.83842 7.9745
      vertex -11.665 -7.85092 0.207192
      vertex -11.4449 -7.83842 0.0254953
    endloop
  endfacet
  facet normal 0.0881154 -0.99611 -5.76617e-05
    outer loop
      vertex -11.4449 -7.83842 7.9745
      vertex -11.2284 -7.81927 8
      vertex -11.4147 -7.83575 8
    endloop
  endfacet
  facet normal 0.0881087 -0.996111 0
    outer loop
      vertex -11.4449 -7.83842 0.0254953
      vertex -11.2284 -7.81927 8
      vertex -11.4449 -7.83842 7.9745
    endloop
  endfacet
  facet normal 0.0881154 -0.99611 5.76723e-05
    outer loop
      vertex -11.2284 -7.81927 0
      vertex -11.4449 -7.83842 0.0254953
      vertex -11.4147 -7.83575 0
    endloop
  endfacet
  facet normal 0.0881087 -0.996111 0
    outer loop
      vertex -11.4449 -7.83842 0.0254953
      vertex -11.2284 -7.81927 0
      vertex -11.2284 -7.81927 8
    endloop
  endfacet
  facet normal 0.120349 -0.992732 0
    outer loop
      vertex -11.2284 -7.81927 0
      vertex -11.0155 -7.79346 8
      vertex -11.2284 -7.81927 8
    endloop
  endfacet
  facet normal 0.120349 -0.992732 0
    outer loop
      vertex -11.0155 -7.79346 8
      vertex -11.2284 -7.81927 0
      vertex -11.0155 -7.79346 0
    endloop
  endfacet
  facet normal 0.154605 -0.987976 0
    outer loop
      vertex -11.0155 -7.79346 0
      vertex -10.8066 -7.76077 8
      vertex -11.0155 -7.79346 8
    endloop
  endfacet
  facet normal 0.154605 -0.987976 0
    outer loop
      vertex -10.8066 -7.76077 8
      vertex -11.0155 -7.79346 0
      vertex -10.8066 -7.76077 0
    endloop
  endfacet
  facet normal 0.190253 -0.981735 0
    outer loop
      vertex -10.8066 -7.76077 0
      vertex -10.602 -7.72112 8
      vertex -10.8066 -7.76077 8
    endloop
  endfacet
  facet normal 0.190253 -0.981735 0
    outer loop
      vertex -10.602 -7.72112 8
      vertex -10.8066 -7.76077 0
      vertex -10.602 -7.72112 0
    endloop
  endfacet
  facet normal 0.228245 -0.973604 0
    outer loop
      vertex -10.602 -7.72112 0
      vertex -10.4019 -7.67421 8
      vertex -10.602 -7.72112 8
    endloop
  endfacet
  facet normal 0.228245 -0.973604 0
    outer loop
      vertex -10.4019 -7.67421 8
      vertex -10.602 -7.72112 0
      vertex -10.4019 -7.67421 0
    endloop
  endfacet
  facet normal 0.269126 -0.963105 0
    outer loop
      vertex -10.4019 -7.67421 0
      vertex -10.2069 -7.61972 8
      vertex -10.4019 -7.67421 8
    endloop
  endfacet
  facet normal 0.269126 -0.963105 0
    outer loop
      vertex -10.2069 -7.61972 8
      vertex -10.4019 -7.67421 0
      vertex -10.2069 -7.61972 0
    endloop
  endfacet
  facet normal 0.313775 -0.949497 0
    outer loop
      vertex -10.2069 -7.61972 0
      vertex -10.0175 -7.55713 8
      vertex -10.2069 -7.61972 8
    endloop
  endfacet
  facet normal 0.313775 -0.949497 0
    outer loop
      vertex -10.0175 -7.55713 8
      vertex -10.2069 -7.61972 0
      vertex -10.0175 -7.55713 0
    endloop
  endfacet
  facet normal 0.363948 -0.931419 0
    outer loop
      vertex -10.0175 -7.55713 0
      vertex -9.83444 -7.4856 8
      vertex -10.0175 -7.55713 8
    endloop
  endfacet
  facet normal 0.363948 -0.931419 0
    outer loop
      vertex -9.83444 -7.4856 8
      vertex -10.0175 -7.55713 0
      vertex -9.83444 -7.4856 0
    endloop
  endfacet
  facet normal 0.423997 -0.905664 0
    outer loop
      vertex -9.83444 -7.4856 0
      vertex -9.65918 -7.40355 8
      vertex -9.83444 -7.4856 8
    endloop
  endfacet
  facet normal 0.423997 -0.905664 0
    outer loop
      vertex -9.65918 -7.40355 8
      vertex -9.83444 -7.4856 0
      vertex -9.65918 -7.40355 0
    endloop
  endfacet
  facet normal 0.511457 -0.859309 0
    outer loop
      vertex -9.65918 -7.40355 0
      vertex -9.49557 -7.30617 8
      vertex -9.65918 -7.40355 8
    endloop
  endfacet
  facet normal 0.511457 -0.859309 0
    outer loop
      vertex -9.49557 -7.30617 8
      vertex -9.65918 -7.40355 0
      vertex -9.49557 -7.30617 0
    endloop
  endfacet
  facet normal 0.609814 -0.792545 0
    outer loop
      vertex -9.49557 -7.30617 0
      vertex -8.61572 -6.62918 8
      vertex -9.49557 -7.30617 8
    endloop
  endfacet
  facet normal 0.609814 -0.792545 0
    outer loop
      vertex -8.61572 -6.62918 8
      vertex -9.49557 -7.30617 0
      vertex -8.61572 -6.62918 0
    endloop
  endfacet
  facet normal -0.769323 -0.63886 0
    outer loop
      vertex -8.03671 -7.32643 0
      vertex -8.61572 -6.62918 8
      vertex -8.61572 -6.62918 0
    endloop
  endfacet
  facet normal -0.769323 -0.63886 0
    outer loop
      vertex -8.61572 -6.62918 8
      vertex -8.03671 -7.32643 0
      vertex -8.03671 -7.32643 8
    endloop
  endfacet
  facet normal -0.707112 -0.707101 0
    outer loop
      vertex -7.39586 -7.96729 0
      vertex -8.03671 -7.32643 8
      vertex -8.03671 -7.32643 0
    endloop
  endfacet
  facet normal -0.707112 -0.707101 0
    outer loop
      vertex -8.03671 -7.32643 8
      vertex -7.39586 -7.96729 0
      vertex -7.39586 -7.96729 8
    endloop
  endfacet
  facet normal -0.732903 0.680334 0
    outer loop
      vertex -8.15114 -8.78093 0
      vertex -7.39586 -7.96729 8
      vertex -7.39586 -7.96729 0
    endloop
  endfacet
  facet normal -0.732903 0.680334 0
    outer loop
      vertex -7.39586 -7.96729 8
      vertex -8.15114 -8.78093 0
      vertex -8.15114 -8.78093 8
    endloop
  endfacet
  facet normal -0.808459 0.588553 0
    outer loop
      vertex -8.2632 -8.93486 0
      vertex -8.15114 -8.78093 8
      vertex -8.15114 -8.78093 0
    endloop
  endfacet
  facet normal -0.808459 0.588553 0
    outer loop
      vertex -8.15114 -8.78093 8
      vertex -8.2632 -8.93486 0
      vertex -8.2632 -8.93486 8
    endloop
  endfacet
  facet normal -0.862669 0.505769 0
    outer loop
      vertex -8.36108 -9.10181 0
      vertex -8.2632 -8.93486 8
      vertex -8.2632 -8.93486 0
    endloop
  endfacet
  facet normal -0.862669 0.505769 0
    outer loop
      vertex -8.2632 -8.93486 8
      vertex -8.36108 -9.10181 0
      vertex -8.36108 -9.10181 8
    endloop
  endfacet
  facet normal -0.893836 0.448394 0
    outer loop
      vertex -8.44919 -9.27745 0
      vertex -8.36108 -9.10181 8
      vertex -8.36108 -9.10181 0
    endloop
  endfacet
  facet normal -0.893836 0.448394 0
    outer loop
      vertex -8.36108 -9.10181 8
      vertex -8.44919 -9.27745 0
      vertex -8.44919 -9.27745 8
    endloop
  endfacet
  facet normal -0.916538 0.399948 0
    outer loop
      vertex -8.52898 -9.4603 0
      vertex -8.44919 -9.27745 8
      vertex -8.44919 -9.27745 0
    endloop
  endfacet
  facet normal -0.916538 0.399948 0
    outer loop
      vertex -8.44919 -9.27745 8
      vertex -8.52898 -9.4603 0
      vertex -8.52898 -9.4603 8
    endloop
  endfacet
  facet normal -0.934164 0.356843 0
    outer loop
      vertex -8.60123 -9.64944 0
      vertex -8.52898 -9.4603 8
      vertex -8.52898 -9.4603 0
    endloop
  endfacet
  facet normal -0.934164 0.356843 0
    outer loop
      vertex -8.52898 -9.4603 8
      vertex -8.60123 -9.64944 0
      vertex -8.60123 -9.64944 8
    endloop
  endfacet
  facet normal -0.948371 0.317162 0
    outer loop
      vertex -8.6664 -9.84431 0
      vertex -8.60123 -9.64944 8
      vertex -8.60123 -9.64944 0
    endloop
  endfacet
  facet normal -0.948371 0.317162 0
    outer loop
      vertex -8.60123 -9.64944 8
      vertex -8.6664 -9.84431 0
      vertex -8.6664 -9.84431 8
    endloop
  endfacet
  facet normal -0.959974 0.28009 0
    outer loop
      vertex -8.72478 -10.0444 0
      vertex -8.6664 -9.84431 8
      vertex -8.6664 -9.84431 0
    endloop
  endfacet
  facet normal -0.959974 0.28009 0
    outer loop
      vertex -8.6664 -9.84431 8
      vertex -8.72478 -10.0444 0
      vertex -8.72478 -10.0444 8
    endloop
  endfacet
  facet normal -0.969527 0.244983 0
    outer loop
      vertex -8.77658 -10.2494 0
      vertex -8.72478 -10.0444 8
      vertex -8.72478 -10.0444 0
    endloop
  endfacet
  facet normal -0.969527 0.244983 0
    outer loop
      vertex -8.72478 -10.0444 8
      vertex -8.77658 -10.2494 0
      vertex -8.77658 -10.2494 8
    endloop
  endfacet
  facet normal -0.977365 0.21156 0
    outer loop
      vertex -8.82195 -10.459 0
      vertex -8.77658 -10.2494 8
      vertex -8.77658 -10.2494 0
    endloop
  endfacet
  facet normal -0.977365 0.21156 0
    outer loop
      vertex -8.77658 -10.2494 8
      vertex -8.82195 -10.459 0
      vertex -8.82195 -10.459 8
    endloop
  endfacet
  facet normal -0.983741 0.179592 0.000337987
    outer loop
      vertex -8.86099 -10.6729 0.0283349
      vertex -8.82195 -10.459 0
      vertex -8.85503 -10.6402 0
    endloop
  endfacet
  facet normal -0.983749 0.179549 0
    outer loop
      vertex -8.82195 -10.459 0
      vertex -8.86099 -10.6729 0.0283349
      vertex -8.82195 -10.459 8
    endloop
  endfacet
  facet normal -0.983749 0.179549 0
    outer loop
      vertex -8.86099 -10.6729 7.97166
      vertex -8.82195 -10.459 8
      vertex -8.86099 -10.6729 0.0283349
    endloop
  endfacet
  facet normal -0.983741 0.179592 -0.000337926
    outer loop
      vertex -8.82195 -10.459 8
      vertex -8.86099 -10.6729 7.97166
      vertex -8.85503 -10.6402 8
    endloop
  endfacet
  facet normal -0.988898 0.148596 0
    outer loop
      vertex -8.88942 -10.8621 0.188716
      vertex -8.86099 -10.6729 7.97166
      vertex -8.86099 -10.6729 0.0283349
    endloop
  endfacet
  facet normal -0.988898 0.148596 0
    outer loop
      vertex -8.88942 -10.8621 0.188716
      vertex -8.88942 -10.8621 7.81128
      vertex -8.86099 -10.6729 7.97166
    endloop
  endfacet
  facet normal -0.98886 0.148846 0
    outer loop
      vertex -8.89374 -10.8908 0.21307
      vertex -8.88942 -10.8621 7.81128
      vertex -8.88942 -10.8621 0.188716
    endloop
  endfacet
  facet normal -0.98886 0.148846 0
    outer loop
      vertex -8.88942 -10.8621 7.81128
      vertex -8.89374 -10.8908 0.21307
      vertex -8.89374 -10.8908 7.78692
    endloop
  endfacet
  facet normal -0.992929 0.118713 0
    outer loop
      vertex -8.92027 -11.1127 0.396872
      vertex -8.89374 -10.8908 7.78692
      vertex -8.89374 -10.8908 0.21307
    endloop
  endfacet
  facet normal -0.992929 0.118713 0
    outer loop
      vertex -8.89374 -10.8908 7.78692
      vertex -8.92027 -11.1127 0.396872
      vertex -8.92027 -11.1127 7.60311
    endloop
  endfacet
  facet normal -0.602607 -0.798038 0
    outer loop
      vertex -8.6713 -11.3007 0.384562
      vertex -8.6713 -11.3007 7.61542
      vertex -8.92027 -11.1127 7.60311
    endloop
  endfacet
  facet normal -0.602629 -0.798022 0
    outer loop
      vertex -8.6713 -11.3007 7.61542
      vertex -8.24728 -11.6209 0.397536
      vertex -8.24728 -11.6209 7.60245
    endloop
  endfacet
  facet normal -0.602607 -0.798038 0
    outer loop
      vertex -8.6713 -11.3007 0.384562
      vertex -8.92027 -11.1127 7.60311
      vertex -8.92027 -11.1127 0.396872
    endloop
  endfacet
  facet normal -0.602629 -0.798022 -0
    outer loop
      vertex -8.6713 -11.3007 7.61542
      vertex -8.6713 -11.3007 0.384562
      vertex -8.24728 -11.6209 0.397536
    endloop
  endfacet
  facet normal 0.386318 -0.922366 0
    outer loop
      vertex -8.24728 -11.6209 0.397536
      vertex -8.09734 -11.5581 7.73747
      vertex -8.24728 -11.6209 7.60245
    endloop
  endfacet
  facet normal 0.386318 -0.922366 0
    outer loop
      vertex -8.09734 -11.5581 0.262516
      vertex -8.09734 -11.5581 7.73747
      vertex -8.24728 -11.6209 0.397536
    endloop
  endfacet
  facet normal 0.384732 -0.923028 0
    outer loop
      vertex -8.09734 -11.5581 7.73747
      vertex -8.09734 -11.5581 0.262516
      vertex -8.0412 -11.5347 7.78803
    endloop
  endfacet
  facet normal 0.384732 -0.923028 0
    outer loop
      vertex -8.0412 -11.5347 7.78803
      vertex -8.09734 -11.5581 0.262516
      vertex -8.0412 -11.5347 0.21196
    endloop
  endfacet
  facet normal 0.413752 -0.91039 0
    outer loop
      vertex -8.0412 -11.5347 0.21196
      vertex -7.84053 -11.4435 7.97444
      vertex -8.0412 -11.5347 7.78803
    endloop
  endfacet
  facet normal 0.413752 -0.91039 0
    outer loop
      vertex -7.84053 -11.4435 7.97444
      vertex -8.0412 -11.5347 0.21196
      vertex -7.84053 -11.4435 0.0255545
    endloop
  endfacet
  facet normal 0.442072 -0.896979 -0.000858313
    outer loop
      vertex -7.84053 -11.4435 7.97444
      vertex -7.64549 -11.3474 8
      vertex -7.8139 -11.4304 8
    endloop
  endfacet
  facet normal 0.441981 -0.897024 0
    outer loop
      vertex -7.84053 -11.4435 0.0255545
      vertex -7.64549 -11.3474 8
      vertex -7.84053 -11.4435 7.97444
    endloop
  endfacet
  facet normal 0.442072 -0.896979 0.000858497
    outer loop
      vertex -7.64549 -11.3474 0
      vertex -7.84053 -11.4435 0.0255545
      vertex -7.8139 -11.4304 0
    endloop
  endfacet
  facet normal 0.441981 -0.897024 0
    outer loop
      vertex -7.84053 -11.4435 0.0255545
      vertex -7.64549 -11.3474 0
      vertex -7.64549 -11.3474 8
    endloop
  endfacet
  facet normal 0.471005 -0.882131 0
    outer loop
      vertex -7.64549 -11.3474 0
      vertex -7.45633 -11.2464 8
      vertex -7.64549 -11.3474 8
    endloop
  endfacet
  facet normal 0.471005 -0.882131 0
    outer loop
      vertex -7.45633 -11.2464 8
      vertex -7.64549 -11.3474 0
      vertex -7.45633 -11.2464 0
    endloop
  endfacet
  facet normal 0.500909 -0.8655 0
    outer loop
      vertex -7.45633 -11.2464 0
      vertex -7.27335 -11.1405 8
      vertex -7.45633 -11.2464 8
    endloop
  endfacet
  facet normal 0.500909 -0.8655 0
    outer loop
      vertex -7.27335 -11.1405 8
      vertex -7.45633 -11.2464 0
      vertex -7.27335 -11.1405 0
    endloop
  endfacet
  facet normal 0.531981 -0.846756 0
    outer loop
      vertex -7.27335 -11.1405 0
      vertex -7.09683 -11.0296 8
      vertex -7.27335 -11.1405 8
    endloop
  endfacet
  facet normal 0.531981 -0.846756 0
    outer loop
      vertex -7.09683 -11.0296 8
      vertex -7.27335 -11.1405 0
      vertex -7.09683 -11.0296 0
    endloop
  endfacet
  facet normal 0.56459 -0.825372 0
    outer loop
      vertex -7.09683 -11.0296 0
      vertex -6.92725 -10.9136 8
      vertex -7.09683 -11.0296 8
    endloop
  endfacet
  facet normal 0.56459 -0.825372 0
    outer loop
      vertex -6.92725 -10.9136 8
      vertex -7.09683 -11.0296 0
      vertex -6.92725 -10.9136 0
    endloop
  endfacet
  facet normal 0.598965 -0.800776 0
    outer loop
      vertex -6.92725 -10.9136 0
      vertex -6.76508 -10.7923 8
      vertex -6.92725 -10.9136 8
    endloop
  endfacet
  facet normal 0.598965 -0.800776 0
    outer loop
      vertex -6.76508 -10.7923 8
      vertex -6.92725 -10.9136 0
      vertex -6.76508 -10.7923 0
    endloop
  endfacet
  facet normal 0.635563 -0.772049 0
    outer loop
      vertex -6.76508 -10.7923 0
      vertex -6.61105 -10.6655 8
      vertex -6.76508 -10.7923 8
    endloop
  endfacet
  facet normal 0.635563 -0.772049 0
    outer loop
      vertex -6.61105 -10.6655 8
      vertex -6.76508 -10.7923 0
      vertex -6.61105 -10.6655 0
    endloop
  endfacet
  facet normal 0.675833 -0.737055 0
    outer loop
      vertex -6.61105 -10.6655 0
      vertex -6.46622 -10.5327 8
      vertex -6.61105 -10.6655 8
    endloop
  endfacet
  facet normal 0.675833 -0.737055 0
    outer loop
      vertex -6.46622 -10.5327 8
      vertex -6.61105 -10.6655 0
      vertex -6.46622 -10.5327 0
    endloop
  endfacet
  facet normal 0.722491 -0.69138 0
    outer loop
      vertex -6.46622 -10.5327 8
      vertex -6.33244 -10.3929 0
      vertex -6.33244 -10.3929 8
    endloop
  endfacet
  facet normal 0.722491 -0.69138 0
    outer loop
      vertex -6.33244 -10.3929 0
      vertex -6.46622 -10.5327 8
      vertex -6.46622 -10.5327 0
    endloop
  endfacet
  facet normal 0.787334 -0.616526 0
    outer loop
      vertex -6.33244 -10.3929 8
      vertex -6.21506 -10.243 0
      vertex -6.21506 -10.243 8
    endloop
  endfacet
  facet normal 0.787334 -0.616526 0
    outer loop
      vertex -6.21506 -10.243 0
      vertex -6.33244 -10.3929 8
      vertex -6.33244 -10.3929 0
    endloop
  endfacet
  facet normal 0.854936 -0.518734 0
    outer loop
      vertex -6.21506 -10.243 8
      vertex -5.63918 -9.29388 0
      vertex -5.63918 -9.29388 8
    endloop
  endfacet
  facet normal 0.854936 -0.518734 0
    outer loop
      vertex -5.63918 -9.29388 0
      vertex -6.21506 -10.243 8
      vertex -6.21506 -10.243 0
    endloop
  endfacet
  facet normal -0.486597 -0.873626 0
    outer loop
      vertex -5.63918 -9.29388 0
      vertex -4.8474 -9.73489 8
      vertex -5.63918 -9.29388 8
    endloop
  endfacet
  facet normal -0.486597 -0.873626 -0
    outer loop
      vertex -4.8474 -9.73489 8
      vertex -5.63918 -9.29388 0
      vertex -4.8474 -9.73489 0
    endloop
  endfacet
  facet normal -0.40395 -0.914781 0
    outer loop
      vertex -4.8474 -9.73489 0
      vertex -4.01831 -10.101 8
      vertex -4.8474 -9.73489 8
    endloop
  endfacet
  facet normal -0.40395 -0.914781 -0
    outer loop
      vertex -4.01831 -10.101 8
      vertex -4.8474 -9.73489 0
      vertex -4.01831 -10.101 0
    endloop
  endfacet
  facet normal -0.929171 0.369651 0
    outer loop
      vertex -4.42867 -11.1325 0
      vertex -4.01831 -10.101 8
      vertex -4.01831 -10.101 0
    endloop
  endfacet
  facet normal -0.929171 0.369651 0
    outer loop
      vertex -4.01831 -10.101 8
      vertex -4.42867 -11.1325 0
      vertex -4.42867 -11.1325 8
    endloop
  endfacet
  facet normal -0.966479 0.256747 0
    outer loop
      vertex -4.47755 -11.3165 0
      vertex -4.42867 -11.1325 8
      vertex -4.42867 -11.1325 0
    endloop
  endfacet
  facet normal -0.966479 0.256747 0
    outer loop
      vertex -4.42867 -11.1325 8
      vertex -4.47755 -11.3165 0
      vertex -4.47755 -11.3165 8
    endloop
  endfacet
  facet normal -0.987129 0.159924 0
    outer loop
      vertex -4.50851 -11.5076 0
      vertex -4.47755 -11.3165 8
      vertex -4.47755 -11.3165 0
    endloop
  endfacet
  facet normal -0.987129 0.159924 0
    outer loop
      vertex -4.47755 -11.3165 8
      vertex -4.50851 -11.5076 0
      vertex -4.50851 -11.5076 8
    endloop
  endfacet
  facet normal -0.995456 0.0952198 0
    outer loop
      vertex -4.52722 -11.7032 0
      vertex -4.50851 -11.5076 8
      vertex -4.50851 -11.5076 0
    endloop
  endfacet
  facet normal -0.995456 0.0952198 0
    outer loop
      vertex -4.50851 -11.5076 8
      vertex -4.52722 -11.7032 0
      vertex -4.52722 -11.7032 8
    endloop
  endfacet
  facet normal -0.999121 0.04191 0
    outer loop
      vertex -4.53558 -11.9025 0
      vertex -4.52722 -11.7032 8
      vertex -4.52722 -11.7032 0
    endloop
  endfacet
  facet normal -0.999121 0.04191 0
    outer loop
      vertex -4.52722 -11.7032 8
      vertex -4.53558 -11.9025 0
      vertex -4.53558 -11.9025 8
    endloop
  endfacet
  facet normal -0.999989 -0.00474069 0
    outer loop
      vertex -4.53462 -12.105 0
      vertex -4.53558 -11.9025 8
      vertex -4.53558 -11.9025 0
    endloop
  endfacet
  facet normal -0.999989 -0.00474069 0
    outer loop
      vertex -4.53558 -11.9025 8
      vertex -4.53462 -12.105 0
      vertex -4.53462 -12.105 8
    endloop
  endfacet
  facet normal -0.998901 -0.0468782 0
    outer loop
      vertex -4.52499 -12.3102 0
      vertex -4.53462 -12.105 8
      vertex -4.53462 -12.105 0
    endloop
  endfacet
  facet normal -0.998901 -0.0468782 0
    outer loop
      vertex -4.53462 -12.105 8
      vertex -4.52499 -12.3102 0
      vertex -4.52499 -12.3102 8
    endloop
  endfacet
  facet normal -0.996327 -0.0856256 0
    outer loop
      vertex -4.50714 -12.5179 0
      vertex -4.52499 -12.3102 8
      vertex -4.52499 -12.3102 0
    endloop
  endfacet
  facet normal -0.996327 -0.0856256 0
    outer loop
      vertex -4.52499 -12.3102 8
      vertex -4.50714 -12.5179 0
      vertex -4.50714 -12.5179 8
    endloop
  endfacet
  facet normal -0.992565 -0.121718 0
    outer loop
      vertex -4.4814 -12.7278 0
      vertex -4.50714 -12.5179 8
      vertex -4.50714 -12.5179 0
    endloop
  endfacet
  facet normal -0.992565 -0.121718 0
    outer loop
      vertex -4.50714 -12.5179 8
      vertex -4.4814 -12.7278 0
      vertex -4.4814 -12.7278 8
    endloop
  endfacet
  facet normal -0.987779 -0.155862 0
    outer loop
      vertex -4.44798 -12.9396 0
      vertex -4.4814 -12.7278 8
      vertex -4.4814 -12.7278 0
    endloop
  endfacet
  facet normal -0.987779 -0.155862 0
    outer loop
      vertex -4.4814 -12.7278 8
      vertex -4.44798 -12.9396 0
      vertex -4.44798 -12.9396 8
    endloop
  endfacet
  facet normal -0.982189 -0.187895 -0.000127633
    outer loop
      vertex -4.40714 -13.1531 0.0229548
      vertex -4.44798 -12.9396 0
      vertex -4.41213 -13.127 0
    endloop
  endfacet
  facet normal -0.982192 -0.187882 0
    outer loop
      vertex -4.44798 -12.9396 0
      vertex -4.40714 -13.1531 0.0229548
      vertex -4.44798 -12.9396 8
    endloop
  endfacet
  facet normal -0.982192 -0.187882 -0
    outer loop
      vertex -4.40714 -13.1531 7.97704
      vertex -4.44798 -12.9396 8
      vertex -4.40714 -13.1531 0.0229548
    endloop
  endfacet
  facet normal -0.982189 -0.187895 0.000127604
    outer loop
      vertex -4.44798 -12.9396 8
      vertex -4.40714 -13.1531 7.97704
      vertex -4.41213 -13.127 8
    endloop
  endfacet
  facet normal -0.97561 -0.219512 0
    outer loop
      vertex -4.40696 -13.1539 0.0236328
      vertex -4.40714 -13.1531 7.97704
      vertex -4.40714 -13.1531 0.0229548
    endloop
  endfacet
  facet normal -0.97561 -0.219512 0
    outer loop
      vertex -4.40696 -13.1539 0.0236328
      vertex -4.40696 -13.1539 7.97637
      vertex -4.40714 -13.1531 7.97704
    endloop
  endfacet
  facet normal -0.975792 -0.218699 0
    outer loop
      vertex -4.35893 -13.3682 0.210177
      vertex -4.40696 -13.1539 7.97637
      vertex -4.40696 -13.1539 0.0236328
    endloop
  endfacet
  facet normal -0.975792 -0.218699 0
    outer loop
      vertex -4.40696 -13.1539 7.97637
      vertex -4.35893 -13.3682 0.210177
      vertex -4.35893 -13.3682 7.78981
    endloop
  endfacet
  facet normal -0.968768 -0.247967 0
    outer loop
      vertex -4.30354 -13.5846 0.396631
      vertex -4.35893 -13.3682 7.78981
      vertex -4.35893 -13.3682 0.210177
    endloop
  endfacet
  facet normal -0.968768 -0.247967 0
    outer loop
      vertex -4.35893 -13.3682 7.78981
      vertex -4.30354 -13.5846 0.396631
      vertex -4.30354 -13.5846 7.60335
    endloop
  endfacet
  facet normal -0.271872 -0.960443 0.060292
    outer loop
      vertex -3.71678 -13.7516 7.61367
      vertex -3.65903 -13.768 7.61283
      vertex -3.68699 -13.76 7.61419
    endloop
  endfacet
  facet normal -0.272958 -0.961918 0.0144113
    outer loop
      vertex -3.71678 -13.7516 7.61367
      vertex -3.49242 -13.8154 7.60469
      vertex -3.65903 -13.768 7.61283
    endloop
  endfacet
  facet normal -0.273742 -0.961803 0
    outer loop
      vertex -3.71678 -13.7516 0.386318
      vertex -3.71678 -13.7516 7.61367
      vertex -4.30354 -13.5846 7.60335
    endloop
  endfacet
  facet normal -0.273742 -0.961803 0
    outer loop
      vertex -3.71678 -13.7516 0.386318
      vertex -4.30354 -13.5846 7.60335
      vertex -4.30354 -13.5846 0.396631
    endloop
  endfacet
  facet normal -0.273521 -0.961866 -0
    outer loop
      vertex -3.71678 -13.7516 7.61367
      vertex -3.71678 -13.7516 0.386318
      vertex -3.49242 -13.8154 7.60469
    endloop
  endfacet
  facet normal -0.273521 -0.961866 -0
    outer loop
      vertex -3.49242 -13.8154 7.60469
      vertex -3.71678 -13.7516 0.386318
      vertex -3.49242 -13.8154 0.395294
    endloop
  endfacet
  facet normal -0.272958 -0.961918 -0.0144312
    outer loop
      vertex -3.49242 -13.8154 0.395294
      vertex -3.71678 -13.7516 0.386318
      vertex -3.65903 -13.768 0.387159
    endloop
  endfacet
  facet normal -0.27188 -0.960458 -0.0600087
    outer loop
      vertex -3.65903 -13.768 0.387159
      vertex -3.71678 -13.7516 0.386318
      vertex -3.68699 -13.76 0.385794
    endloop
  endfacet
  facet normal 0.693011 -0.720927 0
    outer loop
      vertex -3.49242 -13.8154 0.395294
      vertex -3.38912 -13.7161 7.72202
      vertex -3.49242 -13.8154 7.60469
    endloop
  endfacet
  facet normal 0.693011 -0.720927 0
    outer loop
      vertex -3.38912 -13.7161 0.277967
      vertex -3.38912 -13.7161 7.72202
      vertex -3.49242 -13.8154 0.395294
    endloop
  endfacet
  facet normal 0.693046 -0.720893 0
    outer loop
      vertex -3.38912 -13.7161 7.72202
      vertex -3.38912 -13.7161 0.277967
      vertex -3.33139 -13.6606 7.78759
    endloop
  endfacet
  facet normal 0.693046 -0.720893 0
    outer loop
      vertex -3.33139 -13.6606 7.78759
      vertex -3.38912 -13.7161 0.277967
      vertex -3.33139 -13.6606 0.212404
    endloop
  endfacet
  facet normal 0.714576 -0.699558 0
    outer loop
      vertex -3.33139 -13.6606 7.78759
      vertex -3.1772 -13.5031 0.0285345
      vertex -3.1772 -13.5031 7.97146
    endloop
  endfacet
  facet normal 0.714576 -0.699558 0
    outer loop
      vertex -3.1772 -13.5031 0.0285345
      vertex -3.33139 -13.6606 7.78759
      vertex -3.33139 -13.6606 0.212404
    endloop
  endfacet
  facet normal 0.736305 -0.67665 -0.000804267
    outer loop
      vertex -3.1772 -13.5031 7.97146
      vertex -3.03004 -13.343 8
      vertex -3.15447 -13.4784 8
    endloop
  endfacet
  facet normal 0.736233 -0.676728 0
    outer loop
      vertex -3.03004 -13.343 8
      vertex -3.1772 -13.5031 7.97146
      vertex -3.03004 -13.343 0
    endloop
  endfacet
  facet normal 0.736233 -0.676728 0
    outer loop
      vertex -3.1772 -13.5031 0.0285345
      vertex -3.03004 -13.343 0
      vertex -3.1772 -13.5031 7.97146
    endloop
  endfacet
  facet normal 0.736305 -0.67665 0.000804422
    outer loop
      vertex -3.03004 -13.343 0
      vertex -3.1772 -13.5031 0.0285345
      vertex -3.15447 -13.4784 0
    endloop
  endfacet
  facet normal 0.757839 -0.652441 0
    outer loop
      vertex -3.03004 -13.343 8
      vertex -2.89014 -13.1805 0
      vertex -2.89014 -13.1805 8
    endloop
  endfacet
  facet normal 0.757839 -0.652441 0
    outer loop
      vertex -2.89014 -13.1805 0
      vertex -3.03004 -13.343 8
      vertex -3.03004 -13.343 0
    endloop
  endfacet
  facet normal 0.779667 -0.626194 0
    outer loop
      vertex -2.89014 -13.1805 8
      vertex -2.75778 -13.0157 0
      vertex -2.75778 -13.0157 8
    endloop
  endfacet
  facet normal 0.779667 -0.626194 0
    outer loop
      vertex -2.75778 -13.0157 0
      vertex -2.89014 -13.1805 8
      vertex -2.89014 -13.1805 0
    endloop
  endfacet
  facet normal 0.802022 -0.597295 0
    outer loop
      vertex -2.75778 -13.0157 8
      vertex -2.63326 -12.8485 0
      vertex -2.63326 -12.8485 8
    endloop
  endfacet
  facet normal 0.802022 -0.597295 0
    outer loop
      vertex -2.63326 -12.8485 0
      vertex -2.75778 -13.0157 8
      vertex -2.75778 -13.0157 0
    endloop
  endfacet
  facet normal 0.82468 -0.565599 0
    outer loop
      vertex -2.63326 -12.8485 8
      vertex -2.51701 -12.679 0
      vertex -2.51701 -12.679 8
    endloop
  endfacet
  facet normal 0.82468 -0.565599 0
    outer loop
      vertex -2.51701 -12.679 0
      vertex -2.63326 -12.8485 8
      vertex -2.63326 -12.8485 0
    endloop
  endfacet
  facet normal 0.847665 -0.530532 0
    outer loop
      vertex -2.51701 -12.679 8
      vertex -2.40961 -12.5074 0
      vertex -2.40961 -12.5074 8
    endloop
  endfacet
  facet normal 0.847665 -0.530532 0
    outer loop
      vertex -2.40961 -12.5074 0
      vertex -2.51701 -12.679 8
      vertex -2.51701 -12.679 0
    endloop
  endfacet
  facet normal 0.871551 -0.490304 0
    outer loop
      vertex -2.40961 -12.5074 8
      vertex -2.31178 -12.3335 0
      vertex -2.31178 -12.3335 8
    endloop
  endfacet
  facet normal 0.871551 -0.490304 0
    outer loop
      vertex -2.31178 -12.3335 0
      vertex -2.40961 -12.5074 8
      vertex -2.40961 -12.5074 0
    endloop
  endfacet
  facet normal 0.896534 -0.442975 0
    outer loop
      vertex -2.31178 -12.3335 8
      vertex -2.22472 -12.1573 0
      vertex -2.22472 -12.1573 8
    endloop
  endfacet
  facet normal 0.896534 -0.442975 0
    outer loop
      vertex -2.22472 -12.1573 0
      vertex -2.31178 -12.3335 8
      vertex -2.31178 -12.3335 0
    endloop
  endfacet
  facet normal 0.923477 -0.383654 0
    outer loop
      vertex -2.22472 -12.1573 8
      vertex -2.15048 -11.9786 0
      vertex -2.15048 -11.9786 8
    endloop
  endfacet
  facet normal 0.923477 -0.383654 0
    outer loop
      vertex -2.15048 -11.9786 0
      vertex -2.22472 -12.1573 8
      vertex -2.22472 -12.1573 0
    endloop
  endfacet
  facet normal 0.956882 -0.290478 0
    outer loop
      vertex -2.15048 -11.9786 8
      vertex -2.09517 -11.7964 0
      vertex -2.09517 -11.7964 8
    endloop
  endfacet
  facet normal 0.956882 -0.290478 0
    outer loop
      vertex -2.09517 -11.7964 0
      vertex -2.15048 -11.9786 8
      vertex -2.15048 -11.9786 0
    endloop
  endfacet
  facet normal 0.984589 -0.174884 0
    outer loop
      vertex -2.09517 -11.7964 8
      vertex -1.90103 -10.7034 0
      vertex -1.90103 -10.7034 8
    endloop
  endfacet
  facet normal 0.984589 -0.174884 0
    outer loop
      vertex -1.90103 -10.7034 0
      vertex -2.09517 -11.7964 8
      vertex -2.09517 -11.7964 0
    endloop
  endfacet
  facet normal -0.138144 -0.990412 0
    outer loop
      vertex -1.90103 -10.7034 0
      vertex -1.00342 -10.8286 8
      vertex -1.90103 -10.7034 8
    endloop
  endfacet
  facet normal -0.138144 -0.990412 -0
    outer loop
      vertex -1.00342 -10.8286 8
      vertex -1.90103 -10.7034 0
      vertex -1.00342 -10.8286 0
    endloop
  endfacet
  facet normal -0.0462309 -0.998931 0
    outer loop
      vertex -1.00342 -10.8286 0
      vertex -0.0980682 -10.8705 8
      vertex -1.00342 -10.8286 8
    endloop
  endfacet
  facet normal -0.0462309 -0.998931 -0
    outer loop
      vertex -0.0980682 -10.8705 8
      vertex -1.00342 -10.8286 0
      vertex -0.0980682 -10.8705 0
    endloop
  endfacet
  facet normal -0.999959 0.00901666 0
    outer loop
      vertex -0.108078 -11.9806 0
      vertex -0.0980682 -10.8705 8
      vertex -0.0980682 -10.8705 0
    endloop
  endfacet
  facet normal -0.999959 0.00901666 0
    outer loop
      vertex -0.0980682 -10.8705 8
      vertex -0.108078 -11.9806 0
      vertex -0.108078 -11.9806 8
    endloop
  endfacet
  facet normal -0.99396 -0.109742 0
    outer loop
      vertex -0.0871887 -12.1698 0
      vertex -0.108078 -11.9806 8
      vertex -0.108078 -11.9806 0
    endloop
  endfacet
  facet normal -0.99396 -0.109742 0
    outer loop
      vertex -0.108078 -11.9806 8
      vertex -0.0871887 -12.1698 0
      vertex -0.0871887 -12.1698 8
    endloop
  endfacet
  facet normal -0.978259 -0.207386 0
    outer loop
      vertex -0.0470581 -12.3591 0
      vertex -0.0871887 -12.1698 8
      vertex -0.0871887 -12.1698 0
    endloop
  endfacet
  facet normal -0.978259 -0.207386 0
    outer loop
      vertex -0.0871887 -12.1698 8
      vertex -0.0470581 -12.3591 0
      vertex -0.0470581 -12.3591 8
    endloop
  endfacet
  facet normal -0.962658 -0.270721 0
    outer loop
      vertex 0.00614929 -12.5483 0
      vertex -0.0470581 -12.3591 8
      vertex -0.0470581 -12.3591 0
    endloop
  endfacet
  facet normal -0.962658 -0.270721 0
    outer loop
      vertex -0.0470581 -12.3591 8
      vertex 0.00614929 -12.5483 0
      vertex 0.00614929 -12.5483 8
    endloop
  endfacet
  facet normal -0.946799 -0.321826 0
    outer loop
      vertex 0.0703583 -12.7372 0
      vertex 0.00614929 -12.5483 8
      vertex 0.00614929 -12.5483 0
    endloop
  endfacet
  facet normal -0.946799 -0.321826 0
    outer loop
      vertex 0.00614929 -12.5483 8
      vertex 0.0703583 -12.7372 0
      vertex 0.0703583 -12.7372 8
    endloop
  endfacet
  facet normal -0.930715 -0.365744 0
    outer loop
      vertex 0.144394 -12.9256 0
      vertex 0.0703583 -12.7372 8
      vertex 0.0703583 -12.7372 0
    endloop
  endfacet
  facet normal -0.930715 -0.365744 0
    outer loop
      vertex 0.0703583 -12.7372 8
      vertex 0.144394 -12.9256 0
      vertex 0.144394 -12.9256 8
    endloop
  endfacet
  facet normal -0.914605 -0.404348 0
    outer loop
      vertex 0.227509 -13.1136 0
      vertex 0.144394 -12.9256 8
      vertex 0.144394 -12.9256 0
    endloop
  endfacet
  facet normal -0.914605 -0.404348 0
    outer loop
      vertex 0.144394 -12.9256 8
      vertex 0.227509 -13.1136 0
      vertex 0.227509 -13.1136 8
    endloop
  endfacet
  facet normal -0.898062 -0.439868 0
    outer loop
      vertex 0.319199 -13.3008 0
      vertex 0.227509 -13.1136 8
      vertex 0.227509 -13.1136 0
    endloop
  endfacet
  facet normal -0.898062 -0.439868 0
    outer loop
      vertex 0.227509 -13.1136 8
      vertex 0.319199 -13.3008 0
      vertex 0.319199 -13.3008 8
    endloop
  endfacet
  facet normal -0.881579 -0.472037 0
    outer loop
      vertex 0.419006 -13.4872 0
      vertex 0.319199 -13.3008 8
      vertex 0.319199 -13.3008 0
    endloop
  endfacet
  facet normal -0.881579 -0.472037 0
    outer loop
      vertex 0.319199 -13.3008 8
      vertex 0.419006 -13.4872 0
      vertex 0.419006 -13.4872 8
    endloop
  endfacet
  facet normal -0.864727 -0.502242 0
    outer loop
      vertex 0.526688 -13.6726 0
      vertex 0.419006 -13.4872 8
      vertex 0.419006 -13.4872 0
    endloop
  endfacet
  facet normal -0.864727 -0.502242 0
    outer loop
      vertex 0.419006 -13.4872 8
      vertex 0.526688 -13.6726 0
      vertex 0.526688 -13.6726 8
    endloop
  endfacet
  facet normal -0.847948 -0.530078 -0.00124441
    outer loop
      vertex 0.641922 -13.857 0.0273196
      vertex 0.526688 -13.6726 0
      vertex 0.624771 -13.8295 0
    endloop
  endfacet
  facet normal -0.848031 -0.529946 0
    outer loop
      vertex 0.526688 -13.6726 0
      vertex 0.641922 -13.857 0.0273196
      vertex 0.526688 -13.6726 8
    endloop
  endfacet
  facet normal -0.848031 -0.529946 -0
    outer loop
      vertex 0.641922 -13.857 7.97268
      vertex 0.526688 -13.6726 8
      vertex 0.641922 -13.857 0.0273196
    endloop
  endfacet
  facet normal -0.847948 -0.530078 0.00124439
    outer loop
      vertex 0.526688 -13.6726 8
      vertex 0.641922 -13.857 7.97268
      vertex 0.624771 -13.8295 8
    endloop
  endfacet
  facet normal -0.83089 -0.556437 0
    outer loop
      vertex 0.764542 -14.0401 0.209886
      vertex 0.641922 -13.857 7.97268
      vertex 0.641922 -13.857 0.0273196
    endloop
  endfacet
  facet normal -0.83089 -0.556437 0
    outer loop
      vertex 0.641922 -13.857 7.97268
      vertex 0.764542 -14.0401 0.209886
      vertex 0.764542 -14.0401 7.79011
    endloop
  endfacet
  facet normal -0.813744 -0.581223 0
    outer loop
      vertex 0.886323 -14.2106 0.380126
      vertex 0.764542 -14.0401 7.79011
      vertex 0.764542 -14.0401 0.209886
    endloop
  endfacet
  facet normal -0.813744 -0.581223 0
    outer loop
      vertex 0.886323 -14.2106 0.380126
      vertex 0.886323 -14.2106 7.61986
      vertex 0.764542 -14.0401 7.79011
    endloop
  endfacet
  facet normal -0.814259 -0.580502 0
    outer loop
      vertex 0.894379 -14.2219 0.391387
      vertex 0.886323 -14.2106 7.61986
      vertex 0.886323 -14.2106 0.380126
    endloop
  endfacet
  facet normal -0.814259 -0.580502 0
    outer loop
      vertex 0.886323 -14.2106 7.61986
      vertex 0.894379 -14.2219 0.391387
      vertex 0.894379 -14.2219 7.6086
    endloop
  endfacet
  facet normal 0.0911676 -0.995577 0.0226897
    outer loop
      vertex 0.910397 -14.2204 7.60953
      vertex 0.955981 -14.2162 7.61066
      vertex 0.931924 -14.2184 7.61079
    endloop
  endfacet
  facet normal 0.090548 -0.994872 0.0450651
    outer loop
      vertex 0.894379 -14.2219 7.6086
      vertex 0.955981 -14.2162 7.61066
      vertex 0.910397 -14.2204 7.60953
    endloop
  endfacet
  facet normal 0.0921359 -0.995746 0
    outer loop
      vertex 0.955981 -14.2162 0.389329
      vertex 0.955981 -14.2162 7.61066
      vertex 0.894379 -14.2219 7.6086
    endloop
  endfacet
  facet normal 0.0922641 -0.995735 0
    outer loop
      vertex 0.955981 -14.2162 7.61066
      vertex 1.7341 -14.1441 0.393741
      vertex 1.7341 -14.1441 7.60624
    endloop
  endfacet
  facet normal 0.0921359 -0.995746 0
    outer loop
      vertex 0.955981 -14.2162 0.389329
      vertex 0.894379 -14.2219 7.6086
      vertex 0.894379 -14.2219 0.391387
    endloop
  endfacet
  facet normal 0.0905767 -0.994902 -0.0443335
    outer loop
      vertex 0.955981 -14.2162 0.389329
      vertex 0.894379 -14.2219 0.391387
      vertex 0.910397 -14.2204 0.390451
    endloop
  endfacet
  facet normal 0.0922641 -0.995735 0
    outer loop
      vertex 0.955981 -14.2162 7.61066
      vertex 0.955981 -14.2162 0.389329
      vertex 1.7341 -14.1441 0.393741
    endloop
  endfacet
  facet normal 0.0911738 -0.995578 -0.0226033
    outer loop
      vertex 0.955981 -14.2162 0.389329
      vertex 0.910397 -14.2204 0.390451
      vertex 0.931924 -14.2184 0.389192
    endloop
  endfacet
  facet normal -0.689247 0.113864 -0.715524
    outer loop
      vertex -14.0787 2.20279 0.397188
      vertex -13.5839 2.702 0
      vertex -13.9731 2.11152 0.280942
    endloop
  endfacet
  facet normal -0.689206 0.113781 -0.715576
    outer loop
      vertex -13.5839 2.702 0
      vertex -14.0787 2.20279 0.397188
      vertex -13.971 2.779 0.385078
    endloop
  endfacet
  facet normal 0.698104 0.0228558 -0.715631
    outer loop
      vertex 13.85 0 0
      vertex 14.2438 0.421661 0.397622
      vertex 14.2438 0 0.384155
    endloop
  endfacet
  facet normal 0.698131 0.0228077 -0.715607
    outer loop
      vertex 14.2438 0.421661 0.397622
      vertex 13.85 0 0
      vertex 14.0642 0.52636 0.225745
    endloop
  endfacet
  facet normal -0.690001 0.113914 0.714788
    outer loop
      vertex -13.5839 2.702 8
      vertex -13.7386 1.91774 7.97565
      vertex -13.7162 1.90063 8
    endloop
  endfacet
  facet normal -0.689102 0.113709 0.715688
    outer loop
      vertex -13.5839 2.702 8
      vertex -13.9097 2.05675 7.78882
      vertex -13.7386 1.91774 7.97565
    endloop
  endfacet
  facet normal -0.689191 0.113785 0.71559
    outer loop
      vertex -13.9097 2.05675 7.78882
      vertex -13.5839 2.702 8
      vertex -13.9731 2.11152 7.71905
    endloop
  endfacet
  facet normal -0.406701 0.567756 0.715715
    outer loop
      vertex -8.24728 11.6209 7.60245
      vertex -8.43134 10.9879 8
      vertex -8.09734 11.5581 7.73747
    endloop
  endfacet
  facet normal -0.406848 0.56775 0.715636
    outer loop
      vertex -8.43134 10.9879 8
      vertex -8.24728 11.6209 7.60245
      vertex -8.6713 11.3007 7.61542
    endloop
  endfacet
  facet normal -0.158613 -0.680389 0.715481
    outer loop
      vertex -3.38912 -13.7161 7.72202
      vertex -3.65903 -13.768 7.61283
      vertex -3.49242 -13.8154 7.60469
    endloop
  endfacet
  facet normal 0.509832 0.477509 0.715581
    outer loop
      vertex 10.2422 9.90756 7.60411
      vertex 10.413 9.13193 8
      vertex 10.711 9.3933 7.61327
    endloop
  endfacet
  facet normal 0.509729 0.47752 0.715647
    outer loop
      vertex 10.413 9.13193 8
      vertex 10.2422 9.90756 7.60411
      vertex 10.151 9.888 7.68212
    endloop
  endfacet
  facet normal 0.698154 0.0227954 0.715585
    outer loop
      vertex 13.85 0 8
      vertex 14.2438 0.421661 7.60236
      vertex 14.0642 0.52636 7.77425
    endloop
  endfacet
  facet normal 0.698118 0.0228605 0.715618
    outer loop
      vertex 14.2438 0.421661 7.60236
      vertex 13.85 0 8
      vertex 14.2438 0 7.61583
    endloop
  endfacet
  facet normal 0.0674448 0.695222 0.715623
    outer loop
      vertex 0.905832 13.8203 8
      vertex 0.955981 14.2162 7.61066
      vertex 0.931924 14.2184 7.61079
    endloop
  endfacet
  facet normal 0.0684354 0.695111 0.715638
    outer loop
      vertex 0.955981 14.2162 7.61066
      vertex 0.905832 13.8203 8
      vertex 1.80779 13.7315 8
    endloop
  endfacet
  facet normal -0.158674 -0.680527 0.715336
    outer loop
      vertex -3.58464 -13.3781 8
      vertex -3.1772 -13.5031 7.97146
      vertex -3.15447 -13.4784 8
    endloop
  endfacet
  facet normal -0.158562 -0.680231 0.715642
    outer loop
      vertex -3.1772 -13.5031 7.97146
      vertex -3.58464 -13.3781 8
      vertex -3.33139 -13.6606 7.78759
    endloop
  endfacet
  facet normal -0.158709 -0.680294 0.71555
    outer loop
      vertex -3.33139 -13.6606 7.78759
      vertex -3.58464 -13.3781 8
      vertex -3.38912 -13.7161 7.72202
    endloop
  endfacet
  facet normal -0.158668 -0.680285 0.715568
    outer loop
      vertex -3.58464 -13.3781 8
      vertex -3.65903 -13.768 7.61283
      vertex -3.38912 -13.7161 7.72202
    endloop
  endfacet
  facet normal -0.159773 -0.680051 0.715544
    outer loop
      vertex -3.65903 -13.768 7.61283
      vertex -3.58464 -13.3781 8
      vertex -3.68699 -13.76 7.61419
    endloop
  endfacet
  facet normal -0.158659 0.68046 -0.715403
    outer loop
      vertex -3.58464 13.3781 0
      vertex -3.1772 13.5031 0.0285345
      vertex -3.15447 13.4784 0
    endloop
  endfacet
  facet normal -0.15857 0.680226 -0.715646
    outer loop
      vertex -3.1772 13.5031 0.0285345
      vertex -3.58464 13.3781 0
      vertex -3.33139 13.6606 0.212404
    endloop
  endfacet
  facet normal -0.158677 0.680271 -0.715578
    outer loop
      vertex -3.33139 13.6606 0.212404
      vertex -3.58464 13.3781 0
      vertex -3.38912 13.7161 0.277967
    endloop
  endfacet
  facet normal -0.15868 0.680272 -0.715577
    outer loop
      vertex -3.58464 13.3781 0
      vertex -3.65903 13.768 0.387159
      vertex -3.38912 13.7161 0.277967
    endloop
  endfacet
  facet normal -0.159649 0.680067 -0.715557
    outer loop
      vertex -3.65903 13.768 0.387159
      vertex -3.58464 13.3781 0
      vertex -3.68699 13.76 0.385794
    endloop
  endfacet
  facet normal -0.68005 -0.158771 0.715768
    outer loop
      vertex -13.5839 -2.702 8
      vertex -13.7134 -3.10689 7.78715
      vertex -13.6648 -3.1226 7.82984
    endloop
  endfacet
  facet normal -0.680254 -0.158621 0.715607
    outer loop
      vertex -13.5839 -2.702 8
      vertex -13.9238 -3.03175 7.6038
      vertex -13.7134 -3.10689 7.78715
    endloop
  endfacet
  facet normal -0.680324 -0.158501 0.715568
    outer loop
      vertex -13.9238 -3.03175 7.6038
      vertex -13.5839 -2.702 8
      vertex -13.971 -2.779 7.61491
    endloop
  endfacet
  facet normal 0.636293 0.287989 0.715677
    outer loop
      vertex 12.909 5.57381 7.78906
      vertex 13.163 5.4523 7.61213
      vertex 13.1296 5.53862 7.60709
    endloop
  endfacet
  facet normal 0.636313 0.288153 0.715593
    outer loop
      vertex 12.909 5.57381 7.78906
      vertex 12.7957 5.30016 8
      vertex 13.163 5.4523 7.61213
    endloop
  endfacet
  facet normal 0.636153 0.288287 0.715682
    outer loop
      vertex 12.7957 5.30016 8
      vertex 12.909 5.57381 7.78906
      vertex 12.7939 5.58863 7.8854
    endloop
  endfacet
  facet normal 0.636361 -0.288225 0.715521
    outer loop
      vertex 12.7957 -5.30016 8
      vertex 12.6904 -5.60196 7.97208
      vertex 12.7939 -5.58863 7.8854
    endloop
  endfacet
  facet normal 0.635652 -0.288042 0.716225
    outer loop
      vertex 12.6904 -5.60196 7.97208
      vertex 12.7957 -5.30016 8
      vertex 12.6575 -5.60514 8
    endloop
  endfacet
  facet normal -0.690001 -0.113914 0.714788
    outer loop
      vertex -13.7386 -1.91774 7.97565
      vertex -13.5839 -2.702 8
      vertex -13.7162 -1.90063 8
    endloop
  endfacet
  facet normal -0.689102 -0.113709 0.715688
    outer loop
      vertex -13.9097 -2.05675 7.78882
      vertex -13.5839 -2.702 8
      vertex -13.7386 -1.91774 7.97565
    endloop
  endfacet
  facet normal -0.689191 -0.113785 0.71559
    outer loop
      vertex -13.5839 -2.702 8
      vertex -13.9097 -2.05675 7.78882
      vertex -13.9731 -2.11152 7.71905
    endloop
  endfacet
  facet normal -0.615987 -0.32929 0.715632
    outer loop
      vertex -12.2274 -6.94261 7.79134
      vertex -11.9944 -6.925 8
      vertex -12.1488 -6.80499 7.92232
    endloop
  endfacet
  facet normal -0.616018 -0.329178 0.715657
    outer loop
      vertex -11.9944 -6.925 8
      vertex -12.2274 -6.94261 7.79134
      vertex -12.3171 -7.11125 7.63656
    endloop
  endfacet
  facet normal 0.0684344 0.695101 -0.715648
    outer loop
      vertex 0.905832 13.8203 0
      vertex 0.955981 14.2162 0.389329
      vertex 1.80779 13.7315 0
    endloop
  endfacet
  facet normal 0.0676501 0.695189 -0.715636
    outer loop
      vertex 0.955981 14.2162 0.389329
      vertex 0.905832 13.8203 0
      vertex 0.931924 14.2184 0.389192
    endloop
  endfacet
  facet normal -0.202829 0.668456 -0.715561
    outer loop
      vertex -3.71678 13.7516 0.386318
      vertex -4.35893 13.3682 0.210177
      vertex -4.30354 13.5846 0.396631
    endloop
  endfacet
  facet normal -0.202771 0.668394 -0.715635
    outer loop
      vertex -4.35893 13.3682 0.210177
      vertex -3.71678 13.7516 0.386318
      vertex -4.40696 13.1539 0.0236328
    endloop
  endfacet
  facet normal 0.113818 -0.688746 0.716013
    outer loop
      vertex 1.80779 -13.7315 8
      vertex 1.91521 -13.739 7.97571
      vertex 1.92579 -13.712 8
    endloop
  endfacet
  facet normal 0.113671 -0.689278 0.715524
    outer loop
      vertex 1.91521 -13.739 7.97571
      vertex 1.80779 -13.7315 8
      vertex 1.83377 -13.9288 7.80581
    endloop
  endfacet
  facet normal 0.668563 -0.202724 -0.71549
    outer loop
      vertex 13.152 -4.40919 0.0224635
      vertex 13.115 -4.45193 0
      vertex 13.134 -4.38927 0
    endloop
  endfacet
  facet normal -0.442922 0.539723 0.715905
    outer loop
      vertex -8.43134 10.9879 8
      vertex -8.86099 10.6729 7.97166
      vertex -8.85503 10.6402 8
    endloop
  endfacet
  facet normal -0.443104 0.539999 0.715584
    outer loop
      vertex -8.86099 10.6729 7.97166
      vertex -8.43134 10.9879 8
      vertex -8.88942 10.8621 7.81128
    endloop
  endfacet
  facet normal 0.69807 -0.0228698 -0.715665
    outer loop
      vertex 13.85 0 0
      vertex 14.0508 -0.534164 0.212933
      vertex 13.8571 -0.639374 0.0273573
    endloop
  endfacet
  facet normal 0.697861 -0.0230272 -0.715863
    outer loop
      vertex 14.0508 -0.534164 0.212933
      vertex 13.85 0 0
      vertex 14.0642 -0.52636 0.225745
    endloop
  endfacet
  facet normal 0.69828 -0.0228587 -0.715459
    outer loop
      vertex 13.85 0 0
      vertex 13.8571 -0.639374 0.0273573
      vertex 13.8286 -0.653721 0
    endloop
  endfacet
  facet normal 0.540251 -0.443031 0.715439
    outer loop
      vertex 10.7801 -9.18793 7.68829
      vertex 10.7292 -9.37336 7.6119
      vertex 10.8103 -9.28433 7.60579
    endloop
  endfacet
  facet normal 0.0229644 -0.697832 -0.715893
    outer loop
      vertex 0.886323 -14.2106 0.380126
      vertex 0.931924 -14.2184 0.389192
      vertex 0.910397 -14.2204 0.390451
    endloop
  endfacet
  facet normal 0.0228436 -0.698165 -0.715572
    outer loop
      vertex 0.764542 -14.0401 0.209886
      vertex 0.931924 -14.2184 0.389192
      vertex 0.886323 -14.2106 0.380126
    endloop
  endfacet
  facet normal 0.0229617 -0.698107 -0.715625
    outer loop
      vertex 0.931924 -14.2184 0.389192
      vertex 0.764542 -14.0401 0.209886
      vertex 0.905832 -13.8203 0
    endloop
  endfacet
  facet normal 0.0230033 -0.69812 -0.715611
    outer loop
      vertex 0.641922 -13.857 0.0273196
      vertex 0.905832 -13.8203 0
      vertex 0.764542 -14.0401 0.209886
    endloop
  endfacet
  facet normal 0.0228278 -0.697391 -0.716327
    outer loop
      vertex 0.905832 -13.8203 0
      vertex 0.641922 -13.857 0.0273196
      vertex 0.624771 -13.8295 0
    endloop
  endfacet
  facet normal -0.443088 -0.539925 -0.71565
    outer loop
      vertex -8.92027 -11.1127 0.396872
      vertex -8.43134 -10.9879 0
      vertex -8.6713 -11.3007 0.384562
    endloop
  endfacet
  facet normal -0.443089 -0.540327 -0.715345
    outer loop
      vertex -8.43134 -10.9879 0
      vertex -8.89374 -10.8908 0.21307
      vertex -8.88942 -10.8621 0.188716
    endloop
  endfacet
  facet normal -0.443142 -0.53983 -0.715688
    outer loop
      vertex -8.43134 -10.9879 0
      vertex -8.92027 -11.1127 0.396872
      vertex -8.89374 -10.8908 0.21307
    endloop
  endfacet
  facet normal 0.509926 -0.477528 0.715502
    outer loop
      vertex 10.413 -9.13193 8
      vertex 10.0238 -9.86069 7.791
      vertex 10.151 -9.888 7.68212
    endloop
  endfacet
  facet normal 0.509788 -0.47749 0.715625
    outer loop
      vertex 9.79342 -9.79342 8
      vertex 10.0238 -9.86069 7.791
      vertex 10.413 -9.13193 8
    endloop
  endfacet
  facet normal 0.509972 -0.477153 0.715719
    outer loop
      vertex 10.0238 -9.86069 7.791
      vertex 9.79342 -9.79342 8
      vertex 9.80977 -9.80797 7.97865
    endloop
  endfacet
  facet normal 0.510819 -0.476223 0.715734
    outer loop
      vertex 9.80977 -9.80797 7.97865
      vertex 9.79342 -9.79342 8
      vertex 9.80727 -9.80727 7.9809
    endloop
  endfacet
  facet normal 0.477726 -0.50945 -0.715708
    outer loop
      vertex 9.80727 -9.80727 0.0191033
      vertex 9.78523 -9.8011 0
      vertex 9.79342 -9.79342 0
    endloop
  endfacet
  facet normal 0.668775 0.202246 0.715428
    outer loop
      vertex 13.115 4.45193 8
      vertex 13.1523 4.40956 7.97711
      vertex 13.2179 4.48688 7.89393
    endloop
  endfacet
  facet normal 0.689256 0.236877 0.684701
    outer loop
      vertex 13.1523 4.40956 7.97711
      vertex 13.115 4.45193 8
      vertex 13.152 4.40919 7.97754
    endloop
  endfacet
  facet normal 0.66851 -0.202708 0.715544
    outer loop
      vertex 13.134 -4.38927 8
      vertex 13.115 -4.45193 8
      vertex 13.152 -4.40919 7.97754
    endloop
  endfacet
  facet normal 0.653824 -0.246235 0.71546
    outer loop
      vertex 12.7957 -5.30016 8
      vertex 13.4342 -4.75224 7.60508
      vertex 13.3907 -4.69768 7.66361
    endloop
  endfacet
  facet normal 0.653749 -0.246053 0.715591
    outer loop
      vertex 13.4342 -4.75224 7.60508
      vertex 12.7957 -5.30016 8
      vertex 13.163 -5.4523 7.61213
    endloop
  endfacet
  facet normal 0.02368 0.697133 0.716551
    outer loop
      vertex 0.894379 14.2219 7.6086
      vertex 0.886323 14.2106 7.61986
      vertex 0.910397 14.2204 7.60953
    endloop
  endfacet
  facet normal 0.540251 0.443031 0.715439
    outer loop
      vertex 10.8103 9.28433 7.60579
      vertex 10.7292 9.37336 7.6119
      vertex 10.7801 9.18793 7.68829
    endloop
  endfacet
  facet normal -0.593391 0.368373 0.715674
    outer loop
      vertex -11.8659 7.85628 7.62652
      vertex -11.5158 7.69464 8
      vertex -11.7533 7.85327 7.72143
    endloop
  endfacet
  facet normal -0.593139 0.368843 0.715641
    outer loop
      vertex -11.5158 7.69464 8
      vertex -11.8659 7.85628 7.62652
      vertex -11.9944 6.925 8
    endloop
  endfacet
  facet normal 0.653816 0.246245 -0.715464
    outer loop
      vertex 12.7957 5.30016 0
      vertex 13.4342 4.75224 0.394903
      vertex 13.3907 4.69768 0.336373
    endloop
  endfacet
  facet normal 0.653734 0.246046 -0.715607
    outer loop
      vertex 13.4342 4.75224 0.394903
      vertex 12.7957 5.30016 0
      vertex 13.163 5.4523 0.387852
    endloop
  endfacet
  facet normal 0.0234302 -0.697259 -0.716436
    outer loop
      vertex 0.894379 -14.2219 0.391387
      vertex 0.886323 -14.2106 0.380126
      vertex 0.910397 -14.2204 0.390451
    endloop
  endfacet
  facet normal -0.689217 0.113783 0.715565
    outer loop
      vertex -14.0787 2.20279 7.6028
      vertex -13.5839 2.702 8
      vertex -13.971 2.779 7.61491
    endloop
  endfacet
  facet normal -0.689258 0.113867 0.715512
    outer loop
      vertex -13.5839 2.702 8
      vertex -14.0787 2.20279 7.6028
      vertex -13.9731 2.11152 7.71905
    endloop
  endfacet
  facet normal -0.40705 0.567975 -0.715342
    outer loop
      vertex -8.43134 10.9879 0
      vertex -7.84053 11.4435 0.0255545
      vertex -7.8139 11.4304 0
    endloop
  endfacet
  facet normal -0.406818 0.567694 -0.715697
    outer loop
      vertex -7.84053 11.4435 0.0255545
      vertex -8.43134 10.9879 0
      vertex -8.0412 11.5347 0.21196
    endloop
  endfacet
  facet normal -0.407369 0.567902 -0.715219
    outer loop
      vertex -8.0412 11.5347 0.21196
      vertex -8.43134 10.9879 0
      vertex -8.09734 11.5581 0.262516
    endloop
  endfacet
  facet normal -0.616376 -0.32968 0.715117
    outer loop
      vertex -12.1181 -6.75121 7.9735
      vertex -11.9944 -6.925 8
      vertex -12.1017 -6.72439 8
    endloop
  endfacet
  facet normal -0.616008 -0.329347 0.715587
    outer loop
      vertex -11.9944 -6.925 8
      vertex -12.1181 -6.75121 7.9735
      vertex -12.1488 -6.80499 7.92232
    endloop
  endfacet
  facet normal -0.158628 0.68037 -0.715496
    outer loop
      vertex -3.38912 13.7161 0.277967
      vertex -3.65903 13.768 0.387159
      vertex -3.49242 13.8154 0.395294
    endloop
  endfacet
  facet normal 0.636345 0.288223 -0.715537
    outer loop
      vertex 12.7957 5.30016 0
      vertex 12.6904 5.60196 0.0279213
      vertex 12.7939 5.58863 0.114597
    endloop
  endfacet
  facet normal 0.635668 0.288049 -0.716208
    outer loop
      vertex 12.6904 5.60196 0.0279213
      vertex 12.7957 5.30016 0
      vertex 12.6575 5.60514 0
    endloop
  endfacet
  facet normal -0.20121 0.668938 -0.715567
    outer loop
      vertex -3.58464 13.3781 0
      vertex -3.71678 13.7516 0.386318
      vertex -3.68699 13.76 0.385794
    endloop
  endfacet
  facet normal -0.202805 0.668415 -0.715606
    outer loop
      vertex -3.58464 13.3781 0
      vertex -4.40696 13.1539 0.0236328
      vertex -3.71678 13.7516 0.386318
    endloop
  endfacet
  facet normal -0.200573 0.659275 -0.724656
    outer loop
      vertex -3.58464 13.3781 0
      vertex -4.40714 13.1531 0.0229548
      vertex -4.40696 13.1539 0.0236328
    endloop
  endfacet
  facet normal -0.202784 0.668267 -0.715749
    outer loop
      vertex -4.40714 13.1531 0.0229548
      vertex -3.58464 13.3781 0
      vertex -4.41213 13.127 0
    endloop
  endfacet
  facet normal 0.477684 0.509405 0.715769
    outer loop
      vertex 9.80727 9.80727 7.9809
      vertex 9.78523 9.8011 8
      vertex 9.79342 9.79342 8
    endloop
  endfacet
  facet normal -0.406818 -0.567694 -0.715697
    outer loop
      vertex -8.43134 -10.9879 0
      vertex -7.84053 -11.4435 0.0255545
      vertex -8.0412 -11.5347 0.21196
    endloop
  endfacet
  facet normal -0.407369 -0.567902 -0.715219
    outer loop
      vertex -8.43134 -10.9879 0
      vertex -8.0412 -11.5347 0.21196
      vertex -8.09734 -11.5581 0.262516
    endloop
  endfacet
  facet normal -0.40705 -0.567975 -0.715342
    outer loop
      vertex -7.84053 -11.4435 0.0255545
      vertex -8.43134 -10.9879 0
      vertex -7.8139 -11.4304 0
    endloop
  endfacet
  facet normal 0.509926 0.477528 0.715502
    outer loop
      vertex 10.0238 9.86069 7.791
      vertex 10.413 9.13193 8
      vertex 10.151 9.888 7.68212
    endloop
  endfacet
  facet normal 0.509972 0.477153 0.715719
    outer loop
      vertex 9.79342 9.79342 8
      vertex 10.0238 9.86069 7.791
      vertex 9.80977 9.80797 7.97865
    endloop
  endfacet
  facet normal 0.510819 0.476223 0.715734
    outer loop
      vertex 9.79342 9.79342 8
      vertex 9.80977 9.80797 7.97865
      vertex 9.80727 9.80727 7.9809
    endloop
  endfacet
  facet normal 0.509788 0.47749 0.715625
    outer loop
      vertex 10.0238 9.86069 7.791
      vertex 9.79342 9.79342 8
      vertex 10.413 9.13193 8
    endloop
  endfacet
  facet normal 0.288179 -0.636346 0.715553
    outer loop
      vertex 6.12569 -12.4217 8
      vertex 6.27036 -12.7896 7.61456
      vertex 6.29989 -12.7749 7.61574
    endloop
  endfacet
  facet normal 0.288332 -0.636282 0.715549
    outer loop
      vertex 6.12569 -12.4217 8
      vertex 5.75205 -12.7929 7.82048
      vertex 6.27036 -12.7896 7.61456
    endloop
  endfacet
  facet normal 0.288322 -0.636276 0.715558
    outer loop
      vertex 6.12569 -12.4217 8
      vertex 5.60429 -12.6894 7.97205
      vertex 5.75205 -12.7929 7.82048
    endloop
  endfacet
  facet normal 0.288203 -0.636068 0.71579
    outer loop
      vertex 5.60429 -12.6894 7.97205
      vertex 6.12569 -12.4217 8
      vertex 5.57813 -12.6698 8
    endloop
  endfacet
  facet normal 0.66851 0.202708 0.715544
    outer loop
      vertex 13.152 4.40919 7.97754
      vertex 13.115 4.45193 8
      vertex 13.134 4.38927 8
    endloop
  endfacet
  facet normal -0.20284 -0.668467 0.715547
    outer loop
      vertex -3.71678 -13.7516 7.61367
      vertex -4.35893 -13.3682 7.78981
      vertex -4.30354 -13.5846 7.60335
    endloop
  endfacet
  facet normal -0.202799 -0.668422 0.715601
    outer loop
      vertex -4.35893 -13.3682 7.78981
      vertex -3.71678 -13.7516 7.61367
      vertex -4.40696 -13.1539 7.97637
    endloop
  endfacet
  facet normal 0.32925 -0.616003 -0.715636
    outer loop
      vertex 6.12569 -12.4217 0
      vertex 6.74898 -12.1194 0.0265506
      vertex 6.74518 -12.2258 0.116389
    endloop
  endfacet
  facet normal 0.329255 -0.616041 -0.715601
    outer loop
      vertex 6.12569 -12.4217 0
      vertex 6.74518 -12.2258 0.116389
      vertex 6.3299 -12.76 0.385192
    endloop
  endfacet
  facet normal 0.328587 -0.616421 -0.715581
    outer loop
      vertex 6.12569 -12.4217 0
      vertex 6.3299 -12.76 0.385192
      vertex 6.29989 -12.7749 0.384247
    endloop
  endfacet
  facet normal 0.329316 -0.616153 -0.715476
    outer loop
      vertex 6.74898 -12.1194 0.0265506
      vertex 6.12569 -12.4217 0
      vertex 6.74911 -12.0885 0
    endloop
  endfacet
  facet normal -0.68005 0.158771 0.715768
    outer loop
      vertex -13.7134 3.10689 7.78715
      vertex -13.5839 2.702 8
      vertex -13.6648 3.1226 7.82984
    endloop
  endfacet
  facet normal -0.680254 0.158621 0.715607
    outer loop
      vertex -13.9238 3.03175 7.6038
      vertex -13.5839 2.702 8
      vertex -13.7134 3.10689 7.78715
    endloop
  endfacet
  facet normal -0.680324 0.158501 0.715568
    outer loop
      vertex -13.5839 2.702 8
      vertex -13.9238 3.03175 7.6038
      vertex -13.971 2.779 7.61491
    endloop
  endfacet
  facet normal -0.680088 0.158735 -0.71574
    outer loop
      vertex -13.5839 2.702 0
      vertex -13.7134 3.10689 0.212845
      vertex -13.6648 3.1226 0.17015
    endloop
  endfacet
  facet normal -0.680243 0.158622 -0.715618
    outer loop
      vertex -13.5839 2.702 0
      vertex -13.9238 3.03175 0.396189
      vertex -13.7134 3.10689 0.212845
    endloop
  endfacet
  facet normal -0.680312 0.158503 -0.715578
    outer loop
      vertex -13.9238 3.03175 0.396189
      vertex -13.5839 2.702 0
      vertex -13.971 2.779 0.385078
    endloop
  endfacet
  facet normal 0.0229591 0.698019 0.715711
    outer loop
      vertex 0.886323 14.2106 7.61986
      vertex 0.931924 14.2184 7.61079
      vertex 0.910397 14.2204 7.60953
    endloop
  endfacet
  facet normal 0.022907 0.698162 0.715573
    outer loop
      vertex 0.764542 14.0401 7.79011
      vertex 0.931924 14.2184 7.61079
      vertex 0.886323 14.2106 7.61986
    endloop
  endfacet
  facet normal 0.0229885 0.698122 0.715609
    outer loop
      vertex 0.931924 14.2184 7.61079
      vertex 0.764542 14.0401 7.79011
      vertex 0.905832 13.8203 8
    endloop
  endfacet
  facet normal 0.0230039 0.698127 0.715604
    outer loop
      vertex 0.641922 13.857 7.97268
      vertex 0.905832 13.8203 8
      vertex 0.764542 14.0401 7.79011
    endloop
  endfacet
  facet normal 0.0228279 0.697396 0.716322
    outer loop
      vertex 0.905832 13.8203 8
      vertex 0.641922 13.857 7.97268
      vertex 0.624771 13.8295 8
    endloop
  endfacet
  facet normal -0.615987 0.32929 0.715632
    outer loop
      vertex -11.9944 6.925 8
      vertex -12.2274 6.94261 7.79134
      vertex -12.1488 6.80499 7.92232
    endloop
  endfacet
  facet normal -0.616018 0.329178 0.715657
    outer loop
      vertex -12.2274 6.94261 7.79134
      vertex -11.9944 6.925 8
      vertex -12.3171 7.11125 7.63656
    endloop
  endfacet
  facet normal -0.406701 -0.567756 0.715715
    outer loop
      vertex -8.43134 -10.9879 8
      vertex -8.24728 -11.6209 7.60245
      vertex -8.09734 -11.5581 7.73747
    endloop
  endfacet
  facet normal -0.406848 -0.56775 0.715636
    outer loop
      vertex -8.24728 -11.6209 7.60245
      vertex -8.43134 -10.9879 8
      vertex -8.6713 -11.3007 7.61542
    endloop
  endfacet
  facet normal -0.568032 0.406974 0.715341
    outer loop
      vertex -11.4449 7.83842 7.9745
      vertex -11.5158 7.69464 8
      vertex -11.4147 7.83575 8
    endloop
  endfacet
  facet normal -0.567699 0.406867 0.715665
    outer loop
      vertex -11.665 7.85092 7.7928
      vertex -11.5158 7.69464 8
      vertex -11.4449 7.83842 7.9745
    endloop
  endfacet
  facet normal -0.567627 0.40695 0.715676
    outer loop
      vertex -11.5158 7.69464 8
      vertex -11.665 7.85092 7.7928
      vertex -11.7533 7.85327 7.72143
    endloop
  endfacet
  facet normal -0.158613 0.680389 0.715481
    outer loop
      vertex -3.49242 13.8154 7.60469
      vertex -3.65903 13.768 7.61283
      vertex -3.38912 13.7161 7.72202
    endloop
  endfacet
  facet normal -0.40682 0.567705 0.715687
    outer loop
      vertex -8.43134 10.9879 8
      vertex -7.84053 11.4435 7.97444
      vertex -8.0412 11.5347 7.78803
    endloop
  endfacet
  facet normal -0.407389 0.56792 0.715193
    outer loop
      vertex -8.43134 10.9879 8
      vertex -8.0412 11.5347 7.78803
      vertex -8.09734 11.5581 7.73747
    endloop
  endfacet
  facet normal -0.407095 0.568038 0.715267
    outer loop
      vertex -7.84053 11.4435 7.97444
      vertex -8.43134 10.9879 8
      vertex -7.8139 11.4304 8
    endloop
  endfacet
  facet normal 0.113671 0.689278 0.715524
    outer loop
      vertex 1.80779 13.7315 8
      vertex 1.91521 13.739 7.97571
      vertex 1.83377 13.9288 7.80581
    endloop
  endfacet
  facet normal 0.113818 0.688746 0.716013
    outer loop
      vertex 1.91521 13.739 7.97571
      vertex 1.80779 13.7315 8
      vertex 1.92579 13.712 8
    endloop
  endfacet
  facet normal -0.593391 -0.368373 0.715674
    outer loop
      vertex -11.5158 -7.69464 8
      vertex -11.8659 -7.85628 7.62652
      vertex -11.7533 -7.85327 7.72143
    endloop
  endfacet
  facet normal -0.593139 -0.368843 0.715641
    outer loop
      vertex -11.8659 -7.85628 7.62652
      vertex -11.5158 -7.69464 8
      vertex -11.9944 -6.925 8
    endloop
  endfacet
  facet normal -0.593538 -0.368778 0.715343
    outer loop
      vertex -11.9944 -6.925 8
      vertex -11.8883 -7.85687 7.60763
      vertex -11.8659 -7.85628 7.62652
    endloop
  endfacet
  facet normal -0.59297 -0.369097 0.71565
    outer loop
      vertex -12.3323 -7.13986 7.60921
      vertex -11.9944 -6.925 8
      vertex -12.3171 -7.11125 7.63656
    endloop
  endfacet
  facet normal -0.593119 -0.368859 0.715648
    outer loop
      vertex -11.9944 -6.925 8
      vertex -12.3323 -7.13986 7.60921
      vertex -11.8883 -7.85687 7.60763
    endloop
  endfacet
  facet normal -0.20284 0.668467 0.715547
    outer loop
      vertex -4.35893 13.3682 7.78981
      vertex -3.71678 13.7516 7.61367
      vertex -4.30354 13.5846 7.60335
    endloop
  endfacet
  facet normal -0.202799 0.668422 0.715601
    outer loop
      vertex -3.71678 13.7516 7.61367
      vertex -4.35893 13.3682 7.78981
      vertex -4.40696 13.1539 7.97637
    endloop
  endfacet
  facet normal 0.509829 0.477498 -0.715591
    outer loop
      vertex 10.413 9.13193 0
      vertex 10.2422 9.90756 0.395873
      vertex 10.711 9.3933 0.386719
    endloop
  endfacet
  facet normal 0.509715 0.47751 -0.715664
    outer loop
      vertex 10.2422 9.90756 0.395873
      vertex 10.413 9.13193 0
      vertex 10.151 9.888 0.317867
    endloop
  endfacet
  facet normal -0.442922 -0.539723 0.715905
    outer loop
      vertex -8.86099 -10.6729 7.97166
      vertex -8.43134 -10.9879 8
      vertex -8.85503 -10.6402 8
    endloop
  endfacet
  facet normal -0.443104 -0.539999 0.715584
    outer loop
      vertex -8.43134 -10.9879 8
      vertex -8.86099 -10.6729 7.97166
      vertex -8.88942 -10.8621 7.81128
    endloop
  endfacet
  facet normal -0.20121 -0.668938 -0.715567
    outer loop
      vertex -3.71678 -13.7516 0.386318
      vertex -3.58464 -13.3781 0
      vertex -3.68699 -13.76 0.385794
    endloop
  endfacet
  facet normal -0.202805 -0.668415 -0.715606
    outer loop
      vertex -4.40696 -13.1539 0.0236328
      vertex -3.58464 -13.3781 0
      vertex -3.71678 -13.7516 0.386318
    endloop
  endfacet
  facet normal -0.200573 -0.659275 -0.724656
    outer loop
      vertex -4.40714 -13.1531 0.0229548
      vertex -3.58464 -13.3781 0
      vertex -4.40696 -13.1539 0.0236328
    endloop
  endfacet
  facet normal -0.202784 -0.668267 -0.715749
    outer loop
      vertex -3.58464 -13.3781 0
      vertex -4.40714 -13.1531 0.0229548
      vertex -4.41213 -13.127 0
    endloop
  endfacet
  facet normal 0.668563 0.202724 -0.71549
    outer loop
      vertex 13.134 4.38927 0
      vertex 13.115 4.45193 0
      vertex 13.152 4.40919 0.0224635
    endloop
  endfacet
  facet normal 0.636293 -0.287989 0.715677
    outer loop
      vertex 13.163 -5.4523 7.61213
      vertex 12.909 -5.57381 7.78906
      vertex 13.1296 -5.53862 7.60709
    endloop
  endfacet
  facet normal 0.636313 -0.288153 0.715593
    outer loop
      vertex 12.7957 -5.30016 8
      vertex 12.909 -5.57381 7.78906
      vertex 13.163 -5.4523 7.61213
    endloop
  endfacet
  facet normal 0.636153 -0.288287 0.715682
    outer loop
      vertex 12.909 -5.57381 7.78906
      vertex 12.7957 -5.30016 8
      vertex 12.7939 -5.58863 7.8854
    endloop
  endfacet
  facet normal -0.201125 0.668978 0.715554
    outer loop
      vertex -3.71678 13.7516 7.61367
      vertex -3.58464 13.3781 8
      vertex -3.68699 13.76 7.61419
    endloop
  endfacet
  facet normal -0.202805 0.668426 0.715595
    outer loop
      vertex -4.40696 13.1539 7.97637
      vertex -3.58464 13.3781 8
      vertex -3.71678 13.7516 7.61367
    endloop
  endfacet
  facet normal -0.199562 0.655155 0.728661
    outer loop
      vertex -4.40714 13.1531 7.97704
      vertex -3.58464 13.3781 8
      vertex -4.40696 13.1539 7.97637
    endloop
  endfacet
  facet normal -0.202808 0.668345 0.71567
    outer loop
      vertex -3.58464 13.3781 8
      vertex -4.40714 13.1531 7.97704
      vertex -4.41213 13.127 8
    endloop
  endfacet
  facet normal -0.443089 0.540327 -0.715345
    outer loop
      vertex -8.89374 10.8908 0.21307
      vertex -8.43134 10.9879 0
      vertex -8.88942 10.8621 0.188716
    endloop
  endfacet
  facet normal -0.443142 0.53983 -0.715688
    outer loop
      vertex -8.92027 11.1127 0.396872
      vertex -8.43134 10.9879 0
      vertex -8.89374 10.8908 0.21307
    endloop
  endfacet
  facet normal -0.443088 0.539925 -0.71565
    outer loop
      vertex -8.43134 10.9879 0
      vertex -8.92027 11.1127 0.396872
      vertex -8.6713 11.3007 0.384562
    endloop
  endfacet
  facet normal -0.689258 -0.113867 0.715512
    outer loop
      vertex -14.0787 -2.20279 7.6028
      vertex -13.5839 -2.702 8
      vertex -13.9731 -2.11152 7.71905
    endloop
  endfacet
  facet normal -0.689217 -0.113783 0.715565
    outer loop
      vertex -13.5839 -2.702 8
      vertex -14.0787 -2.20279 7.6028
      vertex -13.971 -2.779 7.61491
    endloop
  endfacet
  facet normal 0.329607 -0.61619 0.71531
    outer loop
      vertex 6.3299 -12.76 7.61479
      vertex 6.74112 -12.3396 7.78745
      vertex 6.74518 -12.2258 7.88361
    endloop
  endfacet
  facet normal 0.329342 -0.616036 0.715565
    outer loop
      vertex 6.74112 -12.3396 7.78745
      vertex 6.3299 -12.76 7.61479
      vertex 6.72644 -12.5625 7.60231
    endloop
  endfacet
  facet normal -0.680186 -0.158609 0.715674
    outer loop
      vertex -13.5839 -2.702 8
      vertex -13.5037 -3.17471 7.97146
      vertex -13.4715 -3.18402 8
    endloop
  endfacet
  facet normal -0.680326 -0.158625 0.715538
    outer loop
      vertex -13.5037 -3.17471 7.97146
      vertex -13.5839 -2.702 8
      vertex -13.6648 -3.1226 7.82984
    endloop
  endfacet
  facet normal 0.653749 0.246053 0.715591
    outer loop
      vertex 12.7957 5.30016 8
      vertex 13.4342 4.75224 7.60508
      vertex 13.163 5.4523 7.61213
    endloop
  endfacet
  facet normal 0.653824 0.246235 0.71546
    outer loop
      vertex 13.4342 4.75224 7.60508
      vertex 12.7957 5.30016 8
      vertex 13.3907 4.69768 7.66361
    endloop
  endfacet
  facet normal -0.680186 0.158609 0.715674
    outer loop
      vertex -13.5037 3.17471 7.97146
      vertex -13.5839 2.702 8
      vertex -13.4715 3.18402 8
    endloop
  endfacet
  facet normal -0.680326 0.158625 0.715538
    outer loop
      vertex -13.5839 2.702 8
      vertex -13.5037 3.17471 7.97146
      vertex -13.6648 3.1226 7.82984
    endloop
  endfacet
  facet normal -0.616376 0.32968 0.715117
    outer loop
      vertex -11.9944 6.925 8
      vertex -12.1181 6.75121 7.9735
      vertex -12.1017 6.72439 8
    endloop
  endfacet
  facet normal -0.616008 0.329347 0.715587
    outer loop
      vertex -12.1181 6.75121 7.9735
      vertex -11.9944 6.925 8
      vertex -12.1488 6.80499 7.92232
    endloop
  endfacet
  facet normal -0.568032 -0.406974 0.715341
    outer loop
      vertex -11.5158 -7.69464 8
      vertex -11.4449 -7.83842 7.9745
      vertex -11.4147 -7.83575 8
    endloop
  endfacet
  facet normal -0.567699 -0.406867 0.715665
    outer loop
      vertex -11.5158 -7.69464 8
      vertex -11.665 -7.85092 7.7928
      vertex -11.4449 -7.83842 7.9745
    endloop
  endfacet
  facet normal -0.567627 -0.40695 0.715676
    outer loop
      vertex -11.665 -7.85092 7.7928
      vertex -11.5158 -7.69464 8
      vertex -11.7533 -7.85327 7.72143
    endloop
  endfacet
  facet normal -0.443091 -0.540417 0.715276
    outer loop
      vertex -8.89374 -10.8908 7.78692
      vertex -8.43134 -10.9879 8
      vertex -8.88942 -10.8621 7.81128
    endloop
  endfacet
  facet normal -0.443153 -0.539841 0.715672
    outer loop
      vertex -8.92027 -11.1127 7.60311
      vertex -8.43134 -10.9879 8
      vertex -8.89374 -10.8908 7.78692
    endloop
  endfacet
  facet normal -0.443097 -0.539939 0.715634
    outer loop
      vertex -8.43134 -10.9879 8
      vertex -8.92027 -11.1127 7.60311
      vertex -8.6713 -11.3007 7.61542
    endloop
  endfacet
  facet normal -0.442881 0.539673 -0.715968
    outer loop
      vertex -8.86099 10.6729 0.0283349
      vertex -8.43134 10.9879 0
      vertex -8.85503 10.6402 0
    endloop
  endfacet
  facet normal -0.443098 0.540004 -0.715583
    outer loop
      vertex -8.43134 10.9879 0
      vertex -8.86099 10.6729 0.0283349
      vertex -8.88942 10.8621 0.188716
    endloop
  endfacet
  facet normal 0.686448 0.232045 -0.689162
    outer loop
      vertex 13.115 4.45193 0
      vertex 13.1523 4.40956 0.0228869
      vertex 13.152 4.40919 0.0224635
    endloop
  endfacet
  facet normal 0.668755 0.202275 -0.715438
    outer loop
      vertex 13.1523 4.40956 0.0228869
      vertex 13.115 4.45193 0
      vertex 13.2179 4.48688 0.106067
    endloop
  endfacet
  facet normal 0.697818 -0.0230692 0.715904
    outer loop
      vertex 13.85 0 8
      vertex 14.0508 -0.534164 7.78706
      vertex 14.0642 -0.52636 7.77425
    endloop
  endfacet
  facet normal 0.698079 -0.0228723 0.715656
    outer loop
      vertex 14.0508 -0.534164 7.78706
      vertex 13.85 0 8
      vertex 13.8571 -0.639374 7.97264
    endloop
  endfacet
  facet normal 0.698316 -0.0228598 0.715425
    outer loop
      vertex 13.8571 -0.639374 7.97264
      vertex 13.85 0 8
      vertex 13.8286 -0.653721 8
    endloop
  endfacet
  facet normal 0.689256 -0.236877 0.684701
    outer loop
      vertex 13.115 -4.45193 8
      vertex 13.1523 -4.40956 7.97711
      vertex 13.152 -4.40919 7.97754
    endloop
  endfacet
  facet normal 0.668775 -0.202246 0.715428
    outer loop
      vertex 13.1523 -4.40956 7.97711
      vertex 13.115 -4.45193 8
      vertex 13.2179 -4.48688 7.89393
    endloop
  endfacet
  facet normal -0.158562 0.680231 0.715642
    outer loop
      vertex -3.58464 13.3781 8
      vertex -3.1772 13.5031 7.97146
      vertex -3.33139 13.6606 7.78759
    endloop
  endfacet
  facet normal -0.158709 0.680294 0.71555
    outer loop
      vertex -3.58464 13.3781 8
      vertex -3.33139 13.6606 7.78759
      vertex -3.38912 13.7161 7.72202
    endloop
  endfacet
  facet normal -0.158674 0.680527 0.715336
    outer loop
      vertex -3.1772 13.5031 7.97146
      vertex -3.58464 13.3781 8
      vertex -3.15447 13.4784 8
    endloop
  endfacet
  facet normal -0.158668 0.680285 0.715568
    outer loop
      vertex -3.65903 13.768 7.61283
      vertex -3.58464 13.3781 8
      vertex -3.38912 13.7161 7.72202
    endloop
  endfacet
  facet normal -0.159773 0.680051 0.715544
    outer loop
      vertex -3.58464 13.3781 8
      vertex -3.65903 13.768 7.61283
      vertex -3.68699 13.76 7.61419
    endloop
  endfacet
  facet normal -0.158628 -0.68037 -0.715496
    outer loop
      vertex -3.49242 -13.8154 0.395294
      vertex -3.65903 -13.768 0.387159
      vertex -3.38912 -13.7161 0.277967
    endloop
  endfacet
  facet normal -0.407095 -0.568038 0.715267
    outer loop
      vertex -8.43134 -10.9879 8
      vertex -7.84053 -11.4435 7.97444
      vertex -7.8139 -11.4304 8
    endloop
  endfacet
  facet normal -0.40682 -0.567705 0.715687
    outer loop
      vertex -7.84053 -11.4435 7.97444
      vertex -8.43134 -10.9879 8
      vertex -8.0412 -11.5347 7.78803
    endloop
  endfacet
  facet normal -0.407389 -0.56792 0.715193
    outer loop
      vertex -8.0412 -11.5347 7.78803
      vertex -8.43134 -10.9879 8
      vertex -8.09734 -11.5581 7.73747
    endloop
  endfacet
  facet normal 0.539978 -0.443184 0.71555
    outer loop
      vertex 10.413 -9.13193 8
      vertex 10.7801 -9.18793 7.68829
      vertex 10.7435 -9.07118 7.78822
    endloop
  endfacet
  facet normal 0.540039 -0.443037 0.715595
    outer loop
      vertex 10.7801 -9.18793 7.68829
      vertex 10.413 -9.13193 8
      vertex 10.7292 -9.37336 7.6119
    endloop
  endfacet
  facet normal 0.539977 -0.443189 0.715547
    outer loop
      vertex 10.413 -9.13193 8
      vertex 10.7435 -9.07118 7.78822
      vertex 10.6713 -8.86296 7.97167
    endloop
  endfacet
  facet normal 0.539518 -0.442679 0.716209
    outer loop
      vertex 10.413 -9.13193 8
      vertex 10.6713 -8.86296 7.97167
      vertex 10.6593 -8.83175 8
    endloop
  endfacet
  facet normal 0.539712 -0.44345 0.715586
    outer loop
      vertex 10.7292 -9.37336 7.6119
      vertex 10.413 -9.13193 8
      vertex 10.711 -9.3933 7.61327
    endloop
  endfacet
  facet normal -0.406709 -0.567745 -0.715719
    outer loop
      vertex -8.24728 -11.6209 0.397536
      vertex -8.43134 -10.9879 0
      vertex -8.09734 -11.5581 0.262516
    endloop
  endfacet
  facet normal -0.406833 -0.56774 -0.715652
    outer loop
      vertex -8.43134 -10.9879 0
      vertex -8.24728 -11.6209 0.397536
      vertex -8.6713 -11.3007 0.384562
    endloop
  endfacet
  facet normal -0.15857 -0.680226 -0.715646
    outer loop
      vertex -3.58464 -13.3781 0
      vertex -3.1772 -13.5031 0.0285345
      vertex -3.33139 -13.6606 0.212404
    endloop
  endfacet
  facet normal -0.158677 -0.680271 -0.715578
    outer loop
      vertex -3.58464 -13.3781 0
      vertex -3.33139 -13.6606 0.212404
      vertex -3.38912 -13.7161 0.277967
    endloop
  endfacet
  facet normal -0.158659 -0.68046 -0.715403
    outer loop
      vertex -3.1772 -13.5031 0.0285345
      vertex -3.58464 -13.3781 0
      vertex -3.15447 -13.4784 0
    endloop
  endfacet
  facet normal -0.15868 -0.680272 -0.715577
    outer loop
      vertex -3.65903 -13.768 0.387159
      vertex -3.58464 -13.3781 0
      vertex -3.38912 -13.7161 0.277967
    endloop
  endfacet
  facet normal -0.159649 -0.680067 -0.715557
    outer loop
      vertex -3.58464 -13.3781 0
      vertex -3.65903 -13.768 0.387159
      vertex -3.68699 -13.76 0.385794
    endloop
  endfacet
  facet normal 0.069754 -0.695063 -0.715557
    outer loop
      vertex 1.82832 -13.9415 0.205987
      vertex 1.80779 -13.7315 0
      vertex 1.83377 -13.9288 0.194182
    endloop
  endfacet
  facet normal 0.0688684 -0.695151 -0.715557
    outer loop
      vertex 1.7341 -14.1441 0.393741
      vertex 1.80779 -13.7315 0
      vertex 1.82832 -13.9415 0.205987
    endloop
  endfacet
  facet normal 0.0684681 -0.695133 -0.715613
    outer loop
      vertex 1.80779 -13.7315 0
      vertex 1.7341 -14.1441 0.393741
      vertex 0.955981 -14.2162 0.389329
    endloop
  endfacet
  facet normal 0.329621 0.61618 -0.715312
    outer loop
      vertex 6.3299 12.76 0.385192
      vertex 6.74112 12.3396 0.212547
      vertex 6.74518 12.2258 0.116389
    endloop
  endfacet
  facet normal 0.329342 0.616017 -0.715581
    outer loop
      vertex 6.74112 12.3396 0.212547
      vertex 6.3299 12.76 0.385192
      vertex 6.72644 12.5625 0.397677
    endloop
  endfacet
  facet normal -0.616359 -0.329671 -0.715135
    outer loop
      vertex -11.9944 -6.925 0
      vertex -12.1181 -6.75121 0.0264986
      vertex -12.1017 -6.72439 0
    endloop
  endfacet
  facet normal -0.616007 -0.329352 -0.715586
    outer loop
      vertex -12.1181 -6.75121 0.0264986
      vertex -11.9944 -6.925 0
      vertex -12.1488 -6.80499 0.077679
    endloop
  endfacet
  facet normal 0.288288 0.636282 0.715566
    outer loop
      vertex 5.78479 12.8158 7.78689
      vertex 6.27036 12.7896 7.61456
      vertex 5.97153 12.9384 7.60264
    endloop
  endfacet
  facet normal 0.288145 0.636909 0.715066
    outer loop
      vertex 6.27036 12.7896 7.61456
      vertex 5.78479 12.8158 7.78689
      vertex 5.75205 12.7929 7.82048
    endloop
  endfacet
  facet normal 0.113807 0.688681 -0.716077
    outer loop
      vertex 1.80779 13.7315 0
      vertex 1.91521 13.739 0.0242855
      vertex 1.92579 13.712 0
    endloop
  endfacet
  facet normal 0.113645 0.689267 -0.715539
    outer loop
      vertex 1.91521 13.739 0.0242855
      vertex 1.80779 13.7315 0
      vertex 1.83377 13.9288 0.194182
    endloop
  endfacet
  facet normal 0.668755 -0.202275 -0.715438
    outer loop
      vertex 13.115 -4.45193 0
      vertex 13.1523 -4.40956 0.0228869
      vertex 13.2179 -4.48688 0.106067
    endloop
  endfacet
  facet normal 0.686448 -0.232045 -0.689162
    outer loop
      vertex 13.1523 -4.40956 0.0228869
      vertex 13.115 -4.45193 0
      vertex 13.152 -4.40919 0.0224635
    endloop
  endfacet
  facet normal 0.654117 0.245446 -0.715463
    outer loop
      vertex 13.115 4.45193 0
      vertex 13.2949 4.57762 0.207594
      vertex 13.2179 4.48688 0.106067
    endloop
  endfacet
  facet normal 0.653769 0.246099 -0.715557
    outer loop
      vertex 12.7957 5.30016 0
      vertex 13.2949 4.57762 0.207594
      vertex 13.115 4.45193 0
    endloop
  endfacet
  facet normal 0.653694 0.24602 -0.715652
    outer loop
      vertex 13.2949 4.57762 0.207594
      vertex 12.7957 5.30016 0
      vertex 13.3907 4.69768 0.336373
    endloop
  endfacet
  facet normal -0.443097 0.539939 0.715634
    outer loop
      vertex -8.92027 11.1127 7.60311
      vertex -8.43134 10.9879 8
      vertex -8.6713 11.3007 7.61542
    endloop
  endfacet
  facet normal -0.443091 0.540417 0.715276
    outer loop
      vertex -8.43134 10.9879 8
      vertex -8.89374 10.8908 7.78692
      vertex -8.88942 10.8621 7.81128
    endloop
  endfacet
  facet normal -0.443153 0.539841 0.715672
    outer loop
      vertex -8.43134 10.9879 8
      vertex -8.92027 11.1127 7.60311
      vertex -8.89374 10.8908 7.78692
    endloop
  endfacet
  facet normal 0.509832 -0.477509 0.715581
    outer loop
      vertex 10.413 -9.13193 8
      vertex 10.2422 -9.90756 7.60411
      vertex 10.711 -9.3933 7.61327
    endloop
  endfacet
  facet normal 0.509729 -0.47752 0.715647
    outer loop
      vertex 10.2422 -9.90756 7.60411
      vertex 10.413 -9.13193 8
      vertex 10.151 -9.888 7.68212
    endloop
  endfacet
  facet normal 0.540039 0.443037 0.715595
    outer loop
      vertex 10.413 9.13193 8
      vertex 10.7801 9.18793 7.68829
      vertex 10.7292 9.37336 7.6119
    endloop
  endfacet
  facet normal 0.539712 0.44345 0.715586
    outer loop
      vertex 10.413 9.13193 8
      vertex 10.7292 9.37336 7.6119
      vertex 10.711 9.3933 7.61327
    endloop
  endfacet
  facet normal 0.539978 0.443184 0.71555
    outer loop
      vertex 10.7801 9.18793 7.68829
      vertex 10.413 9.13193 8
      vertex 10.7435 9.07118 7.78822
    endloop
  endfacet
  facet normal 0.539977 0.443189 0.715547
    outer loop
      vertex 10.7435 9.07118 7.78822
      vertex 10.413 9.13193 8
      vertex 10.6713 8.86296 7.97167
    endloop
  endfacet
  facet normal 0.539518 0.442679 0.716209
    outer loop
      vertex 10.6713 8.86296 7.97167
      vertex 10.413 9.13193 8
      vertex 10.6593 8.83175 8
    endloop
  endfacet
  facet normal 0.113645 -0.689267 -0.715539
    outer loop
      vertex 1.80779 -13.7315 0
      vertex 1.91521 -13.739 0.0242855
      vertex 1.83377 -13.9288 0.194182
    endloop
  endfacet
  facet normal 0.113807 -0.688681 -0.716077
    outer loop
      vertex 1.91521 -13.739 0.0242855
      vertex 1.80779 -13.7315 0
      vertex 1.92579 -13.712 0
    endloop
  endfacet
  facet normal -0.593538 0.368778 0.715343
    outer loop
      vertex -11.8883 7.85687 7.60763
      vertex -11.9944 6.925 8
      vertex -11.8659 7.85628 7.62652
    endloop
  endfacet
  facet normal -0.593119 0.368859 0.715648
    outer loop
      vertex -12.3323 7.13986 7.60921
      vertex -11.9944 6.925 8
      vertex -11.8883 7.85687 7.60763
    endloop
  endfacet
  facet normal -0.59297 0.369097 0.71565
    outer loop
      vertex -11.9944 6.925 8
      vertex -12.3323 7.13986 7.60921
      vertex -12.3171 7.11125 7.63656
    endloop
  endfacet
  facet normal 0.654126 -0.245451 0.715453
    outer loop
      vertex 13.115 -4.45193 8
      vertex 13.2949 -4.57762 7.7924
      vertex 13.2179 -4.48688 7.89393
    endloop
  endfacet
  facet normal 0.653779 -0.246103 0.715546
    outer loop
      vertex 12.7957 -5.30016 8
      vertex 13.2949 -4.57762 7.7924
      vertex 13.115 -4.45193 8
    endloop
  endfacet
  facet normal 0.653717 -0.246037 0.715625
    outer loop
      vertex 13.2949 -4.57762 7.7924
      vertex 12.7957 -5.30016 8
      vertex 13.3907 -4.69768 7.66361
    endloop
  endfacet
  facet normal 0.477726 0.50945 -0.715708
    outer loop
      vertex 9.79342 9.79342 0
      vertex 9.78523 9.8011 0
      vertex 9.80727 9.80727 0.0191033
    endloop
  endfacet
  facet normal 0.0234302 0.697259 -0.716436
    outer loop
      vertex 0.910397 14.2204 0.390451
      vertex 0.886323 14.2106 0.380126
      vertex 0.894379 14.2219 0.391387
    endloop
  endfacet
  facet normal 0.0703075 0.695014 0.715551
    outer loop
      vertex 1.82832 13.9415 7.79401
      vertex 1.80779 13.7315 8
      vertex 1.83377 13.9288 7.80581
    endloop
  endfacet
  facet normal 0.0687856 0.695164 0.715552
    outer loop
      vertex 1.7341 14.1441 7.60624
      vertex 1.80779 13.7315 8
      vertex 1.82832 13.9415 7.79401
    endloop
  endfacet
  facet normal 0.068477 0.69515 0.715596
    outer loop
      vertex 1.80779 13.7315 8
      vertex 1.7341 14.1441 7.60624
      vertex 0.955981 14.2162 7.61066
    endloop
  endfacet
  facet normal 0.698118 -0.0228605 0.715618
    outer loop
      vertex 13.85 0 8
      vertex 14.2438 -0.421661 7.60236
      vertex 14.2438 0 7.61583
    endloop
  endfacet
  facet normal 0.698154 -0.0227954 0.715585
    outer loop
      vertex 14.2438 -0.421661 7.60236
      vertex 13.85 0 8
      vertex 14.0642 -0.52636 7.77425
    endloop
  endfacet
  facet normal -0.680118 0.158594 -0.715743
    outer loop
      vertex -13.5839 2.702 0
      vertex -13.5037 3.17471 0.0285344
      vertex -13.4715 3.18402 0
    endloop
  endfacet
  facet normal -0.680314 0.158615 -0.715551
    outer loop
      vertex -13.5037 3.17471 0.0285344
      vertex -13.5839 2.702 0
      vertex -13.6648 3.1226 0.17015
    endloop
  endfacet
  facet normal 0.0229617 0.698107 -0.715625
    outer loop
      vertex 0.764542 14.0401 0.209886
      vertex 0.931924 14.2184 0.389192
      vertex 0.905832 13.8203 0
    endloop
  endfacet
  facet normal 0.0229644 0.697832 -0.715893
    outer loop
      vertex 0.931924 14.2184 0.389192
      vertex 0.886323 14.2106 0.380126
      vertex 0.910397 14.2204 0.390451
    endloop
  endfacet
  facet normal 0.0228436 0.698165 -0.715572
    outer loop
      vertex 0.931924 14.2184 0.389192
      vertex 0.764542 14.0401 0.209886
      vertex 0.886323 14.2106 0.380126
    endloop
  endfacet
  facet normal 0.0230033 0.69812 -0.715611
    outer loop
      vertex 0.905832 13.8203 0
      vertex 0.641922 13.857 0.0273196
      vertex 0.764542 14.0401 0.209886
    endloop
  endfacet
  facet normal 0.0228278 0.697391 -0.716327
    outer loop
      vertex 0.641922 13.857 0.0273196
      vertex 0.905832 13.8203 0
      vertex 0.624771 13.8295 0
    endloop
  endfacet
  facet normal 0.698079 0.0228723 0.715656
    outer loop
      vertex 13.85 0 8
      vertex 14.0508 0.534164 7.78706
      vertex 13.8571 0.639374 7.97264
    endloop
  endfacet
  facet normal 0.697818 0.0230692 0.715904
    outer loop
      vertex 14.0508 0.534164 7.78706
      vertex 13.85 0 8
      vertex 14.0642 0.52636 7.77425
    endloop
  endfacet
  facet normal 0.698316 0.0228598 0.715425
    outer loop
      vertex 13.85 0 8
      vertex 13.8571 0.639374 7.97264
      vertex 13.8286 0.653721 8
    endloop
  endfacet
  facet normal -0.680118 -0.158594 -0.715743
    outer loop
      vertex -13.5037 -3.17471 0.0285344
      vertex -13.5839 -2.702 0
      vertex -13.4715 -3.18402 0
    endloop
  endfacet
  facet normal -0.680314 -0.158615 -0.715551
    outer loop
      vertex -13.5839 -2.702 0
      vertex -13.5037 -3.17471 0.0285344
      vertex -13.6648 -3.1226 0.17015
    endloop
  endfacet
  facet normal -0.689206 -0.113781 -0.715576
    outer loop
      vertex -14.0787 -2.20279 0.397188
      vertex -13.5839 -2.702 0
      vertex -13.971 -2.779 0.385078
    endloop
  endfacet
  facet normal -0.689247 -0.113864 -0.715524
    outer loop
      vertex -13.5839 -2.702 0
      vertex -14.0787 -2.20279 0.397188
      vertex -13.9731 -2.11152 0.280942
    endloop
  endfacet
  facet normal -0.680088 -0.158735 -0.71574
    outer loop
      vertex -13.7134 -3.10689 0.212845
      vertex -13.5839 -2.702 0
      vertex -13.6648 -3.1226 0.17015
    endloop
  endfacet
  facet normal -0.680243 -0.158622 -0.715618
    outer loop
      vertex -13.9238 -3.03175 0.396189
      vertex -13.5839 -2.702 0
      vertex -13.7134 -3.10689 0.212845
    endloop
  endfacet
  facet normal -0.680312 -0.158503 -0.715578
    outer loop
      vertex -13.5839 -2.702 0
      vertex -13.9238 -3.03175 0.396189
      vertex -13.971 -2.779 0.385078
    endloop
  endfacet
  facet normal 0.697861 0.0230272 -0.715863
    outer loop
      vertex 13.85 0 0
      vertex 14.0508 0.534164 0.212933
      vertex 14.0642 0.52636 0.225745
    endloop
  endfacet
  facet normal 0.69807 0.0228698 -0.715665
    outer loop
      vertex 14.0508 0.534164 0.212933
      vertex 13.85 0 0
      vertex 13.8571 0.639374 0.0273573
    endloop
  endfacet
  facet normal 0.69828 0.0228587 -0.715459
    outer loop
      vertex 13.8571 0.639374 0.0273573
      vertex 13.85 0 0
      vertex 13.8286 0.653721 0
    endloop
  endfacet
  facet normal -0.567978 0.406935 -0.715405
    outer loop
      vertex -11.5158 7.69464 0
      vertex -11.4449 7.83842 0.0254953
      vertex -11.4147 7.83575 0
    endloop
  endfacet
  facet normal -0.567699 0.406846 -0.715677
    outer loop
      vertex -11.5158 7.69464 0
      vertex -11.665 7.85092 0.207192
      vertex -11.4449 7.83842 0.0254953
    endloop
  endfacet
  facet normal -0.567606 0.406952 -0.715691
    outer loop
      vertex -11.665 7.85092 0.207192
      vertex -11.5158 7.69464 0
      vertex -11.7533 7.85327 0.278558
    endloop
  endfacet
  facet normal 0.02368 -0.697133 0.716551
    outer loop
      vertex 0.910397 -14.2204 7.60953
      vertex 0.886323 -14.2106 7.61986
      vertex 0.894379 -14.2219 7.6086
    endloop
  endfacet
  facet normal -0.690005 0.113915 -0.714784
    outer loop
      vertex -13.7386 1.91774 0.0243503
      vertex -13.5839 2.702 0
      vertex -13.7162 1.90063 0
    endloop
  endfacet
  facet normal -0.689089 0.113705 -0.715701
    outer loop
      vertex -13.9097 2.05675 0.211173
      vertex -13.5839 2.702 0
      vertex -13.7386 1.91774 0.0243503
    endloop
  endfacet
  facet normal -0.689184 0.113788 -0.715596
    outer loop
      vertex -13.5839 2.702 0
      vertex -13.9097 2.05675 0.211173
      vertex -13.9731 2.11152 0.280942
    endloop
  endfacet
  facet normal 0.329342 0.616036 0.715565
    outer loop
      vertex 6.3299 12.76 7.61479
      vertex 6.74112 12.3396 7.78745
      vertex 6.72644 12.5625 7.60231
    endloop
  endfacet
  facet normal 0.329607 0.61619 0.71531
    outer loop
      vertex 6.74112 12.3396 7.78745
      vertex 6.3299 12.76 7.61479
      vertex 6.74518 12.2258 7.88361
    endloop
  endfacet
  facet normal 0.288283 0.636249 -0.715597
    outer loop
      vertex 6.27036 12.7896 0.385425
      vertex 5.78479 12.8158 0.213105
      vertex 5.97153 12.9384 0.39734
    endloop
  endfacet
  facet normal 0.28814 0.636872 -0.715101
    outer loop
      vertex 5.78479 12.8158 0.213105
      vertex 6.27036 12.7896 0.385425
      vertex 5.75205 12.7929 0.179518
    endloop
  endfacet
  facet normal -0.593619 0.368756 -0.715287
    outer loop
      vertex -11.9944 6.925 0
      vertex -11.8883 7.85687 0.392359
      vertex -11.8659 7.85628 0.373465
    endloop
  endfacet
  facet normal -0.592883 0.369208 -0.715664
    outer loop
      vertex -12.3323 7.13986 0.390774
      vertex -11.9944 6.925 0
      vertex -12.3171 7.11125 0.363422
    endloop
  endfacet
  facet normal -0.593105 0.368855 -0.715662
    outer loop
      vertex -11.9944 6.925 0
      vertex -12.3323 7.13986 0.390774
      vertex -11.8883 7.85687 0.392359
    endloop
  endfacet
  facet normal 0.069754 0.695063 -0.715557
    outer loop
      vertex 1.80779 13.7315 0
      vertex 1.82832 13.9415 0.205987
      vertex 1.83377 13.9288 0.194182
    endloop
  endfacet
  facet normal 0.0688684 0.695151 -0.715557
    outer loop
      vertex 1.80779 13.7315 0
      vertex 1.7341 14.1441 0.393741
      vertex 1.82832 13.9415 0.205987
    endloop
  endfacet
  facet normal 0.0684681 0.695133 -0.715613
    outer loop
      vertex 1.7341 14.1441 0.393741
      vertex 1.80779 13.7315 0
      vertex 0.955981 14.2162 0.389329
    endloop
  endfacet
  facet normal 0.698131 -0.0228077 -0.715607
    outer loop
      vertex 13.85 0 0
      vertex 14.2438 -0.421661 0.397622
      vertex 14.0642 -0.52636 0.225745
    endloop
  endfacet
  facet normal 0.698104 -0.0228558 -0.715631
    outer loop
      vertex 14.2438 -0.421661 0.397622
      vertex 13.85 0 0
      vertex 14.2438 0 0.384155
    endloop
  endfacet
  facet normal -0.406709 0.567745 -0.715719
    outer loop
      vertex -8.43134 10.9879 0
      vertex -8.24728 11.6209 0.397536
      vertex -8.09734 11.5581 0.262516
    endloop
  endfacet
  facet normal -0.406833 0.56774 -0.715652
    outer loop
      vertex -8.24728 11.6209 0.397536
      vertex -8.43134 10.9879 0
      vertex -8.6713 11.3007 0.384562
    endloop
  endfacet
  facet normal 0.329312 -0.616146 0.715484
    outer loop
      vertex 6.12569 -12.4217 8
      vertex 6.74898 -12.1194 7.97345
      vertex 6.74911 -12.0885 8
    endloop
  endfacet
  facet normal 0.329252 -0.616009 0.71563
    outer loop
      vertex 6.74898 -12.1194 7.97345
      vertex 6.12569 -12.4217 8
      vertex 6.74518 -12.2258 7.88361
    endloop
  endfacet
  facet normal 0.329259 -0.616058 0.715585
    outer loop
      vertex 6.74518 -12.2258 7.88361
      vertex 6.12569 -12.4217 8
      vertex 6.3299 -12.76 7.61479
    endloop
  endfacet
  facet normal 0.328687 -0.616383 0.715567
    outer loop
      vertex 6.3299 -12.76 7.61479
      vertex 6.12569 -12.4217 8
      vertex 6.29989 -12.7749 7.61574
    endloop
  endfacet
  facet normal 0.540249 -0.443037 -0.715437
    outer loop
      vertex 10.8103 -9.28433 0.394195
      vertex 10.7292 -9.37336 0.388086
      vertex 10.7801 -9.18793 0.311694
    endloop
  endfacet
  facet normal 0.477684 -0.509405 0.715769
    outer loop
      vertex 9.79342 -9.79342 8
      vertex 9.78523 -9.8011 8
      vertex 9.80727 -9.80727 7.9809
    endloop
  endfacet
  facet normal 0.288213 0.636317 -0.715565
    outer loop
      vertex 6.12569 12.4217 0
      vertex 6.27036 12.7896 0.385425
      vertex 6.29989 12.7749 0.384247
    endloop
  endfacet
  facet normal 0.28832 0.636272 -0.715563
    outer loop
      vertex 6.12569 12.4217 0
      vertex 5.75205 12.7929 0.179518
      vertex 6.27036 12.7896 0.385425
    endloop
  endfacet
  facet normal 0.288314 0.636269 -0.715568
    outer loop
      vertex 6.12569 12.4217 0
      vertex 5.60429 12.6894 0.0279528
      vertex 5.75205 12.7929 0.179518
    endloop
  endfacet
  facet normal 0.288218 0.636101 -0.715755
    outer loop
      vertex 5.60429 12.6894 0.0279528
      vertex 6.12569 12.4217 0
      vertex 5.57813 12.6698 0
    endloop
  endfacet
  facet normal 0.329252 0.616009 0.71563
    outer loop
      vertex 6.12569 12.4217 8
      vertex 6.74898 12.1194 7.97345
      vertex 6.74518 12.2258 7.88361
    endloop
  endfacet
  facet normal 0.329259 0.616058 0.715585
    outer loop
      vertex 6.12569 12.4217 8
      vertex 6.74518 12.2258 7.88361
      vertex 6.3299 12.76 7.61479
    endloop
  endfacet
  facet normal 0.328687 0.616383 0.715567
    outer loop
      vertex 6.12569 12.4217 8
      vertex 6.3299 12.76 7.61479
      vertex 6.29989 12.7749 7.61574
    endloop
  endfacet
  facet normal 0.329312 0.616146 0.715484
    outer loop
      vertex 6.74898 12.1194 7.97345
      vertex 6.12569 12.4217 8
      vertex 6.74911 12.0885 8
    endloop
  endfacet
  facet normal 0.288288 -0.636282 0.715566
    outer loop
      vertex 6.27036 -12.7896 7.61456
      vertex 5.78479 -12.8158 7.78689
      vertex 5.97153 -12.9384 7.60264
    endloop
  endfacet
  facet normal 0.288145 -0.636909 0.715066
    outer loop
      vertex 5.78479 -12.8158 7.78689
      vertex 6.27036 -12.7896 7.61456
      vertex 5.75205 -12.7929 7.82048
    endloop
  endfacet
  facet normal 0.540249 0.443037 -0.715437
    outer loop
      vertex 10.7801 9.18793 0.311694
      vertex 10.7292 9.37336 0.388086
      vertex 10.8103 9.28433 0.394195
    endloop
  endfacet
  facet normal 0.653717 0.246037 0.715625
    outer loop
      vertex 12.7957 5.30016 8
      vertex 13.2949 4.57762 7.7924
      vertex 13.3907 4.69768 7.66361
    endloop
  endfacet
  facet normal 0.654126 0.245451 0.715453
    outer loop
      vertex 13.2949 4.57762 7.7924
      vertex 13.115 4.45193 8
      vertex 13.2179 4.48688 7.89393
    endloop
  endfacet
  facet normal 0.653779 0.246103 0.715546
    outer loop
      vertex 13.2949 4.57762 7.7924
      vertex 12.7957 5.30016 8
      vertex 13.115 4.45193 8
    endloop
  endfacet
  facet normal -0.593385 0.368354 -0.715689
    outer loop
      vertex -11.5158 7.69464 0
      vertex -11.8659 7.85628 0.373465
      vertex -11.7533 7.85327 0.278558
    endloop
  endfacet
  facet normal -0.593126 0.368835 -0.715655
    outer loop
      vertex -11.8659 7.85628 0.373465
      vertex -11.5158 7.69464 0
      vertex -11.9944 6.925 0
    endloop
  endfacet
  facet normal -0.615973 0.329263 -0.715655
    outer loop
      vertex -12.2274 6.94261 0.208648
      vertex -11.9944 6.925 0
      vertex -12.1488 6.80499 0.077679
    endloop
  endfacet
  facet normal -0.615996 0.32918 -0.715674
    outer loop
      vertex -11.9944 6.925 0
      vertex -12.2274 6.94261 0.208648
      vertex -12.3171 7.11125 0.363422
    endloop
  endfacet
  facet normal 0.0684354 -0.695111 0.715638
    outer loop
      vertex 0.905832 -13.8203 8
      vertex 0.955981 -14.2162 7.61066
      vertex 1.80779 -13.7315 8
    endloop
  endfacet
  facet normal 0.0674448 -0.695222 0.715623
    outer loop
      vertex 0.955981 -14.2162 7.61066
      vertex 0.905832 -13.8203 8
      vertex 0.931924 -14.2184 7.61079
    endloop
  endfacet
  facet normal 0.0703075 -0.695014 0.715551
    outer loop
      vertex 1.80779 -13.7315 8
      vertex 1.82832 -13.9415 7.79401
      vertex 1.83377 -13.9288 7.80581
    endloop
  endfacet
  facet normal 0.0687856 -0.695164 0.715552
    outer loop
      vertex 1.80779 -13.7315 8
      vertex 1.7341 -14.1441 7.60624
      vertex 1.82832 -13.9415 7.79401
    endloop
  endfacet
  facet normal 0.068477 -0.69515 0.715596
    outer loop
      vertex 1.7341 -14.1441 7.60624
      vertex 1.80779 -13.7315 8
      vertex 0.955981 -14.2162 7.61066
    endloop
  endfacet
  facet normal 0.288179 0.636346 0.715553
    outer loop
      vertex 6.27036 12.7896 7.61456
      vertex 6.12569 12.4217 8
      vertex 6.29989 12.7749 7.61574
    endloop
  endfacet
  facet normal 0.288332 0.636282 0.715549
    outer loop
      vertex 5.75205 12.7929 7.82048
      vertex 6.12569 12.4217 8
      vertex 6.27036 12.7896 7.61456
    endloop
  endfacet
  facet normal 0.288322 0.636276 0.715558
    outer loop
      vertex 5.60429 12.6894 7.97205
      vertex 6.12569 12.4217 8
      vertex 5.75205 12.7929 7.82048
    endloop
  endfacet
  facet normal 0.288203 0.636068 0.71579
    outer loop
      vertex 6.12569 12.4217 8
      vertex 5.60429 12.6894 7.97205
      vertex 5.57813 12.6698 8
    endloop
  endfacet
  facet normal -0.202829 -0.668456 -0.715561
    outer loop
      vertex -4.35893 -13.3682 0.210177
      vertex -3.71678 -13.7516 0.386318
      vertex -4.30354 -13.5846 0.396631
    endloop
  endfacet
  facet normal -0.202771 -0.668394 -0.715635
    outer loop
      vertex -3.71678 -13.7516 0.386318
      vertex -4.35893 -13.3682 0.210177
      vertex -4.40696 -13.1539 0.0236328
    endloop
  endfacet
  facet normal 0.329316 0.616153 -0.715476
    outer loop
      vertex 6.12569 12.4217 0
      vertex 6.74898 12.1194 0.0265506
      vertex 6.74911 12.0885 0
    endloop
  endfacet
  facet normal 0.32925 0.616003 -0.715636
    outer loop
      vertex 6.74898 12.1194 0.0265506
      vertex 6.12569 12.4217 0
      vertex 6.74518 12.2258 0.116389
    endloop
  endfacet
  facet normal 0.329255 0.616041 -0.715601
    outer loop
      vertex 6.74518 12.2258 0.116389
      vertex 6.12569 12.4217 0
      vertex 6.3299 12.76 0.385192
    endloop
  endfacet
  facet normal 0.328587 0.616421 -0.715581
    outer loop
      vertex 6.3299 12.76 0.385192
      vertex 6.12569 12.4217 0
      vertex 6.29989 12.7749 0.384247
    endloop
  endfacet
  facet normal 0.0676501 -0.695189 -0.715636
    outer loop
      vertex 0.905832 -13.8203 0
      vertex 0.955981 -14.2162 0.389329
      vertex 0.931924 -14.2184 0.389192
    endloop
  endfacet
  facet normal 0.0684344 -0.695101 -0.715648
    outer loop
      vertex 0.955981 -14.2162 0.389329
      vertex 0.905832 -13.8203 0
      vertex 1.80779 -13.7315 0
    endloop
  endfacet
  facet normal 0.509913 0.477518 -0.715518
    outer loop
      vertex 10.413 9.13193 0
      vertex 10.0238 9.86069 0.208992
      vertex 10.151 9.888 0.317867
    endloop
  endfacet
  facet normal 0.509778 0.47748 -0.715639
    outer loop
      vertex 9.79342 9.79342 0
      vertex 10.0238 9.86069 0.208992
      vertex 10.413 9.13193 0
    endloop
  endfacet
  facet normal 0.50986 0.47733 -0.715681
    outer loop
      vertex 10.0238 9.86069 0.208992
      vertex 9.79342 9.79342 0
      vertex 9.80977 9.80797 0.0213522
    endloop
  endfacet
  facet normal 0.510282 0.476867 -0.715689
    outer loop
      vertex 9.80977 9.80797 0.0213522
      vertex 9.79342 9.79342 0
      vertex 9.80727 9.80727 0.0191033
    endloop
  endfacet
  facet normal 0.636269 0.287997 -0.715695
    outer loop
      vertex 13.163 5.4523 0.387852
      vertex 12.909 5.57381 0.210936
      vertex 13.1296 5.53862 0.392894
    endloop
  endfacet
  facet normal 0.63629 0.288164 -0.715609
    outer loop
      vertex 12.7957 5.30016 0
      vertex 12.909 5.57381 0.210936
      vertex 13.163 5.4523 0.387852
    endloop
  endfacet
  facet normal 0.63615 0.288282 -0.715686
    outer loop
      vertex 12.909 5.57381 0.210936
      vertex 12.7957 5.30016 0
      vertex 12.7939 5.58863 0.114597
    endloop
  endfacet
  facet normal 0.540017 -0.443043 -0.715608
    outer loop
      vertex 10.413 -9.13193 0
      vertex 10.7801 -9.18793 0.311694
      vertex 10.7292 -9.37336 0.388086
    endloop
  endfacet
  facet normal 0.539653 -0.443504 -0.715597
    outer loop
      vertex 10.413 -9.13193 0
      vertex 10.7292 -9.37336 0.388086
      vertex 10.711 -9.3933 0.386719
    endloop
  endfacet
  facet normal 0.539979 -0.443135 -0.715579
    outer loop
      vertex 10.7801 -9.18793 0.311694
      vertex 10.413 -9.13193 0
      vertex 10.7435 -9.07118 0.211776
    endloop
  endfacet
  facet normal 0.539973 -0.443175 -0.715559
    outer loop
      vertex 10.7435 -9.07118 0.211776
      vertex 10.413 -9.13193 0
      vertex 10.6713 -8.86296 0.0283334
    endloop
  endfacet
  facet normal 0.539551 -0.442706 -0.716168
    outer loop
      vertex 10.6713 -8.86296 0.0283334
      vertex 10.413 -9.13193 0
      vertex 10.6593 -8.83175 0
    endloop
  endfacet
  facet normal 0.329342 -0.616017 -0.715581
    outer loop
      vertex 6.3299 -12.76 0.385192
      vertex 6.74112 -12.3396 0.212547
      vertex 6.72644 -12.5625 0.397677
    endloop
  endfacet
  facet normal 0.329621 -0.61618 -0.715312
    outer loop
      vertex 6.74112 -12.3396 0.212547
      vertex 6.3299 -12.76 0.385192
      vertex 6.74518 -12.2258 0.116389
    endloop
  endfacet
  facet normal 0.636361 0.288225 0.715521
    outer loop
      vertex 12.6904 5.60196 7.97208
      vertex 12.7957 5.30016 8
      vertex 12.7939 5.58863 7.8854
    endloop
  endfacet
  facet normal 0.635652 0.288042 0.716225
    outer loop
      vertex 12.7957 5.30016 8
      vertex 12.6904 5.60196 7.97208
      vertex 12.6575 5.60514 8
    endloop
  endfacet
  facet normal -0.201125 -0.668978 0.715554
    outer loop
      vertex -3.58464 -13.3781 8
      vertex -3.71678 -13.7516 7.61367
      vertex -3.68699 -13.76 7.61419
    endloop
  endfacet
  facet normal -0.202805 -0.668426 0.715595
    outer loop
      vertex -3.58464 -13.3781 8
      vertex -4.40696 -13.1539 7.97637
      vertex -3.71678 -13.7516 7.61367
    endloop
  endfacet
  facet normal -0.199562 -0.655155 0.728661
    outer loop
      vertex -3.58464 -13.3781 8
      vertex -4.40714 -13.1531 7.97704
      vertex -4.40696 -13.1539 7.97637
    endloop
  endfacet
  facet normal -0.202808 -0.668345 0.71567
    outer loop
      vertex -4.40714 -13.1531 7.97704
      vertex -3.58464 -13.3781 8
      vertex -4.41213 -13.127 8
    endloop
  endfacet
  facet normal -0.615973 -0.329263 -0.715655
    outer loop
      vertex -11.9944 -6.925 0
      vertex -12.2274 -6.94261 0.208648
      vertex -12.1488 -6.80499 0.077679
    endloop
  endfacet
  facet normal -0.615996 -0.32918 -0.715674
    outer loop
      vertex -12.2274 -6.94261 0.208648
      vertex -11.9944 -6.925 0
      vertex -12.3171 -7.11125 0.363422
    endloop
  endfacet
  facet normal -0.593619 -0.368756 -0.715287
    outer loop
      vertex -11.8883 -7.85687 0.392359
      vertex -11.9944 -6.925 0
      vertex -11.8659 -7.85628 0.373465
    endloop
  endfacet
  facet normal -0.593105 -0.368855 -0.715662
    outer loop
      vertex -12.3323 -7.13986 0.390774
      vertex -11.9944 -6.925 0
      vertex -11.8883 -7.85687 0.392359
    endloop
  endfacet
  facet normal -0.592883 -0.369208 -0.715664
    outer loop
      vertex -11.9944 -6.925 0
      vertex -12.3323 -7.13986 0.390774
      vertex -12.3171 -7.11125 0.363422
    endloop
  endfacet
  facet normal 0.509829 -0.477498 -0.715591
    outer loop
      vertex 10.2422 -9.90756 0.395873
      vertex 10.413 -9.13193 0
      vertex 10.711 -9.3933 0.386719
    endloop
  endfacet
  facet normal 0.509715 -0.47751 -0.715664
    outer loop
      vertex 10.413 -9.13193 0
      vertex 10.2422 -9.90756 0.395873
      vertex 10.151 -9.888 0.317867
    endloop
  endfacet
  facet normal 0.509913 -0.477518 -0.715518
    outer loop
      vertex 10.0238 -9.86069 0.208992
      vertex 10.413 -9.13193 0
      vertex 10.151 -9.888 0.317867
    endloop
  endfacet
  facet normal 0.50986 -0.47733 -0.715681
    outer loop
      vertex 9.79342 -9.79342 0
      vertex 10.0238 -9.86069 0.208992
      vertex 9.80977 -9.80797 0.0213522
    endloop
  endfacet
  facet normal 0.510282 -0.476867 -0.715689
    outer loop
      vertex 9.79342 -9.79342 0
      vertex 9.80977 -9.80797 0.0213522
      vertex 9.80727 -9.80727 0.0191033
    endloop
  endfacet
  facet normal 0.509778 -0.47748 -0.715639
    outer loop
      vertex 10.0238 -9.86069 0.208992
      vertex 9.79342 -9.79342 0
      vertex 10.413 -9.13193 0
    endloop
  endfacet
  facet normal 0.288283 -0.636249 -0.715597
    outer loop
      vertex 5.78479 -12.8158 0.213105
      vertex 6.27036 -12.7896 0.385425
      vertex 5.97153 -12.9384 0.39734
    endloop
  endfacet
  facet normal 0.28814 -0.636872 -0.715101
    outer loop
      vertex 6.27036 -12.7896 0.385425
      vertex 5.78479 -12.8158 0.213105
      vertex 5.75205 -12.7929 0.179518
    endloop
  endfacet
  facet normal -0.690005 -0.113915 -0.714784
    outer loop
      vertex -13.5839 -2.702 0
      vertex -13.7386 -1.91774 0.0243503
      vertex -13.7162 -1.90063 0
    endloop
  endfacet
  facet normal -0.689089 -0.113705 -0.715701
    outer loop
      vertex -13.5839 -2.702 0
      vertex -13.9097 -2.05675 0.211173
      vertex -13.7386 -1.91774 0.0243503
    endloop
  endfacet
  facet normal -0.689184 -0.113788 -0.715596
    outer loop
      vertex -13.9097 -2.05675 0.211173
      vertex -13.5839 -2.702 0
      vertex -13.9731 -2.11152 0.280942
    endloop
  endfacet
  facet normal -0.616359 0.329671 -0.715135
    outer loop
      vertex -12.1181 6.75121 0.0264986
      vertex -11.9944 6.925 0
      vertex -12.1017 6.72439 0
    endloop
  endfacet
  facet normal -0.616007 0.329352 -0.715586
    outer loop
      vertex -11.9944 6.925 0
      vertex -12.1181 6.75121 0.0264986
      vertex -12.1488 6.80499 0.077679
    endloop
  endfacet
  facet normal 0.0229885 -0.698122 0.715609
    outer loop
      vertex 0.764542 -14.0401 7.79011
      vertex 0.931924 -14.2184 7.61079
      vertex 0.905832 -13.8203 8
    endloop
  endfacet
  facet normal 0.0229591 -0.698019 0.715711
    outer loop
      vertex 0.931924 -14.2184 7.61079
      vertex 0.886323 -14.2106 7.61986
      vertex 0.910397 -14.2204 7.60953
    endloop
  endfacet
  facet normal 0.022907 -0.698162 0.715573
    outer loop
      vertex 0.931924 -14.2184 7.61079
      vertex 0.764542 -14.0401 7.79011
      vertex 0.886323 -14.2106 7.61986
    endloop
  endfacet
  facet normal 0.0230039 -0.698127 0.715604
    outer loop
      vertex 0.905832 -13.8203 8
      vertex 0.641922 -13.857 7.97268
      vertex 0.764542 -14.0401 7.79011
    endloop
  endfacet
  facet normal 0.0228279 -0.697396 0.716322
    outer loop
      vertex 0.641922 -13.857 7.97268
      vertex 0.905832 -13.8203 8
      vertex 0.624771 -13.8295 8
    endloop
  endfacet
  facet normal 0.288213 -0.636317 -0.715565
    outer loop
      vertex 6.27036 -12.7896 0.385425
      vertex 6.12569 -12.4217 0
      vertex 6.29989 -12.7749 0.384247
    endloop
  endfacet
  facet normal 0.28832 -0.636272 -0.715563
    outer loop
      vertex 5.75205 -12.7929 0.179518
      vertex 6.12569 -12.4217 0
      vertex 6.27036 -12.7896 0.385425
    endloop
  endfacet
  facet normal 0.288314 -0.636269 -0.715568
    outer loop
      vertex 5.60429 -12.6894 0.0279528
      vertex 6.12569 -12.4217 0
      vertex 5.75205 -12.7929 0.179518
    endloop
  endfacet
  facet normal 0.288218 -0.636101 -0.715755
    outer loop
      vertex 6.12569 -12.4217 0
      vertex 5.60429 -12.6894 0.0279528
      vertex 5.57813 -12.6698 0
    endloop
  endfacet
  facet normal -0.442881 -0.539673 -0.715968
    outer loop
      vertex -8.43134 -10.9879 0
      vertex -8.86099 -10.6729 0.0283349
      vertex -8.85503 -10.6402 0
    endloop
  endfacet
  facet normal -0.443098 -0.540004 -0.715583
    outer loop
      vertex -8.86099 -10.6729 0.0283349
      vertex -8.43134 -10.9879 0
      vertex -8.88942 -10.8621 0.188716
    endloop
  endfacet
  facet normal 0.653734 -0.246046 -0.715607
    outer loop
      vertex 12.7957 -5.30016 0
      vertex 13.4342 -4.75224 0.394903
      vertex 13.163 -5.4523 0.387852
    endloop
  endfacet
  facet normal 0.653816 -0.246245 -0.715464
    outer loop
      vertex 13.4342 -4.75224 0.394903
      vertex 12.7957 -5.30016 0
      vertex 13.3907 -4.69768 0.336373
    endloop
  endfacet
  facet normal 0.653694 -0.24602 -0.715652
    outer loop
      vertex 12.7957 -5.30016 0
      vertex 13.2949 -4.57762 0.207594
      vertex 13.3907 -4.69768 0.336373
    endloop
  endfacet
  facet normal 0.654117 -0.245446 -0.715463
    outer loop
      vertex 13.2949 -4.57762 0.207594
      vertex 13.115 -4.45193 0
      vertex 13.2179 -4.48688 0.106067
    endloop
  endfacet
  facet normal 0.653769 -0.246099 -0.715557
    outer loop
      vertex 13.2949 -4.57762 0.207594
      vertex 12.7957 -5.30016 0
      vertex 13.115 -4.45193 0
    endloop
  endfacet
  facet normal 0.636269 -0.287997 -0.715695
    outer loop
      vertex 12.909 -5.57381 0.210936
      vertex 13.163 -5.4523 0.387852
      vertex 13.1296 -5.53862 0.392894
    endloop
  endfacet
  facet normal 0.63629 -0.288164 -0.715609
    outer loop
      vertex 12.909 -5.57381 0.210936
      vertex 12.7957 -5.30016 0
      vertex 13.163 -5.4523 0.387852
    endloop
  endfacet
  facet normal 0.63615 -0.288282 -0.715686
    outer loop
      vertex 12.7957 -5.30016 0
      vertex 12.909 -5.57381 0.210936
      vertex 12.7939 -5.58863 0.114597
    endloop
  endfacet
  facet normal 0.539979 0.443135 -0.715579
    outer loop
      vertex 10.413 9.13193 0
      vertex 10.7801 9.18793 0.311694
      vertex 10.7435 9.07118 0.211776
    endloop
  endfacet
  facet normal 0.540017 0.443043 -0.715608
    outer loop
      vertex 10.7801 9.18793 0.311694
      vertex 10.413 9.13193 0
      vertex 10.7292 9.37336 0.388086
    endloop
  endfacet
  facet normal 0.539973 0.443175 -0.715559
    outer loop
      vertex 10.413 9.13193 0
      vertex 10.7435 9.07118 0.211776
      vertex 10.6713 8.86296 0.0283334
    endloop
  endfacet
  facet normal 0.539551 0.442706 -0.716168
    outer loop
      vertex 10.413 9.13193 0
      vertex 10.6713 8.86296 0.0283334
      vertex 10.6593 8.83175 0
    endloop
  endfacet
  facet normal 0.539653 0.443504 -0.715597
    outer loop
      vertex 10.7292 9.37336 0.388086
      vertex 10.413 9.13193 0
      vertex 10.711 9.3933 0.386719
    endloop
  endfacet
  facet normal -0.567978 -0.406935 -0.715405
    outer loop
      vertex -11.4449 -7.83842 0.0254953
      vertex -11.5158 -7.69464 0
      vertex -11.4147 -7.83575 0
    endloop
  endfacet
  facet normal -0.567699 -0.406846 -0.715677
    outer loop
      vertex -11.665 -7.85092 0.207192
      vertex -11.5158 -7.69464 0
      vertex -11.4449 -7.83842 0.0254953
    endloop
  endfacet
  facet normal -0.567606 -0.406952 -0.715691
    outer loop
      vertex -11.5158 -7.69464 0
      vertex -11.665 -7.85092 0.207192
      vertex -11.7533 -7.85327 0.278558
    endloop
  endfacet
  facet normal -0.593385 -0.368354 -0.715689
    outer loop
      vertex -11.8659 -7.85628 0.373465
      vertex -11.5158 -7.69464 0
      vertex -11.7533 -7.85327 0.278558
    endloop
  endfacet
  facet normal -0.593126 -0.368835 -0.715655
    outer loop
      vertex -11.5158 -7.69464 0
      vertex -11.8659 -7.85628 0.373465
      vertex -11.9944 -6.925 0
    endloop
  endfacet
  facet normal 0.636345 -0.288223 -0.715537
    outer loop
      vertex 12.6904 -5.60196 0.0279213
      vertex 12.7957 -5.30016 0
      vertex 12.7939 -5.58863 0.114597
    endloop
  endfacet
  facet normal 0.635668 -0.288049 -0.716208
    outer loop
      vertex 12.7957 -5.30016 0
      vertex 12.6904 -5.60196 0.0279213
      vertex 12.6575 -5.60514 0
    endloop
  endfacet
  facet normal -0.980782 -0.195108 0
    outer loop
      vertex 3.02391 0.398105 0
      vertex 2.94607 0.789397 8
      vertex 2.94607 0.789397 0
    endloop
  endfacet
  facet normal -0.980782 -0.195108 0
    outer loop
      vertex 2.94607 0.789397 8
      vertex 3.02391 0.398105 0
      vertex 3.02391 0.398105 8
    endloop
  endfacet
  facet normal -0.997859 -0.0653952 0
    outer loop
      vertex 3.05 0 0
      vertex 3.02391 0.398105 8
      vertex 3.02391 0.398105 0
    endloop
  endfacet
  facet normal -0.997859 -0.0653952 0
    outer loop
      vertex 3.02391 0.398105 8
      vertex 3.05 0 0
      vertex 3.05 0 8
    endloop
  endfacet
  facet normal -0.659335 -0.75185 0
    outer loop
      vertex 1.85672 2.41973 0
      vertex 2.15668 2.15668 8
      vertex 1.85672 2.41973 8
    endloop
  endfacet
  facet normal -0.659335 -0.75185 -0
    outer loop
      vertex 2.15668 2.15668 8
      vertex 1.85672 2.41973 0
      vertex 2.15668 2.15668 0
    endloop
  endfacet
  facet normal -0.442274 0.89688 0
    outer loop
      vertex 1.525 -2.64138 0
      vertex 1.16718 -2.81783 8
      vertex 1.525 -2.64138 8
    endloop
  endfacet
  facet normal -0.442274 0.89688 0
    outer loop
      vertex 1.16718 -2.81783 8
      vertex 1.525 -2.64138 0
      vertex 1.16718 -2.81783 0
    endloop
  endfacet
  facet normal 0.980782 -0.195108 0
    outer loop
      vertex -3.02391 0.398105 8
      vertex -2.94607 0.789397 0
      vertex -2.94607 0.789397 8
    endloop
  endfacet
  facet normal 0.980782 -0.195108 0
    outer loop
      vertex -2.94607 0.789397 0
      vertex -3.02391 0.398105 8
      vertex -3.02391 0.398105 0
    endloop
  endfacet
  facet normal -0.195108 0.980782 0
    outer loop
      vertex 0.789397 -2.94607 0
      vertex 0.398105 -3.02391 8
      vertex 0.789397 -2.94607 8
    endloop
  endfacet
  facet normal -0.195108 0.980782 0
    outer loop
      vertex 0.398105 -3.02391 8
      vertex 0.789397 -2.94607 0
      vertex 0.398105 -3.02391 0
    endloop
  endfacet
  facet normal 0.0653952 0.997859 -0
    outer loop
      vertex 0 -3.05 0
      vertex -0.398105 -3.02391 8
      vertex 0 -3.05 8
    endloop
  endfacet
  facet normal 0.0653952 0.997859 0
    outer loop
      vertex -0.398105 -3.02391 8
      vertex 0 -3.05 0
      vertex -0.398105 -3.02391 0
    endloop
  endfacet
  facet normal 0.555573 0.831468 -0
    outer loop
      vertex -1.525 -2.64138 0
      vertex -1.85672 -2.41973 8
      vertex -1.525 -2.64138 8
    endloop
  endfacet
  facet normal 0.555573 0.831468 0
    outer loop
      vertex -1.85672 -2.41973 8
      vertex -1.525 -2.64138 0
      vertex -1.85672 -2.41973 0
    endloop
  endfacet
  facet normal -0.997859 0.0653952 0
    outer loop
      vertex 3.02391 -0.398105 0
      vertex 3.05 0 8
      vertex 3.05 0 0
    endloop
  endfacet
  facet normal -0.997859 0.0653952 0
    outer loop
      vertex 3.05 0 8
      vertex 3.02391 -0.398105 0
      vertex 3.02391 -0.398105 8
    endloop
  endfacet
  facet normal 0.997859 -0.0653952 0
    outer loop
      vertex -3.05 0 8
      vertex -3.02391 0.398105 0
      vertex -3.02391 0.398105 8
    endloop
  endfacet
  facet normal 0.997859 -0.0653952 0
    outer loop
      vertex -3.02391 0.398105 0
      vertex -3.05 0 8
      vertex -3.05 0 0
    endloop
  endfacet
  facet normal -0.831468 -0.555573 0
    outer loop
      vertex 2.64138 1.525 0
      vertex 2.41973 1.85672 8
      vertex 2.41973 1.85672 0
    endloop
  endfacet
  facet normal -0.831468 -0.555573 0
    outer loop
      vertex 2.41973 1.85672 8
      vertex 2.64138 1.525 0
      vertex 2.64138 1.525 8
    endloop
  endfacet
  facet normal -0.89688 -0.442274 0
    outer loop
      vertex 2.81783 1.16718 0
      vertex 2.64138 1.525 8
      vertex 2.64138 1.525 0
    endloop
  endfacet
  facet normal -0.89688 -0.442274 0
    outer loop
      vertex 2.64138 1.525 8
      vertex 2.81783 1.16718 0
      vertex 2.81783 1.16718 8
    endloop
  endfacet
  facet normal 0.94693 0.321439 0
    outer loop
      vertex -2.81783 -1.16718 8
      vertex -2.94607 -0.789397 0
      vertex -2.94607 -0.789397 8
    endloop
  endfacet
  facet normal 0.94693 0.321439 0
    outer loop
      vertex -2.94607 -0.789397 0
      vertex -2.81783 -1.16718 8
      vertex -2.81783 -1.16718 0
    endloop
  endfacet
  facet normal -0.75185 0.659335 0
    outer loop
      vertex 2.15668 -2.15668 0
      vertex 2.41973 -1.85672 8
      vertex 2.41973 -1.85672 0
    endloop
  endfacet
  facet normal -0.75185 0.659335 0
    outer loop
      vertex 2.41973 -1.85672 8
      vertex 2.15668 -2.15668 0
      vertex 2.15668 -2.15668 8
    endloop
  endfacet
  facet normal -0.980782 0.195108 0
    outer loop
      vertex 2.94607 -0.789397 0
      vertex 3.02391 -0.398105 8
      vertex 3.02391 -0.398105 0
    endloop
  endfacet
  facet normal -0.980782 0.195108 0
    outer loop
      vertex 3.02391 -0.398105 8
      vertex 2.94607 -0.789397 0
      vertex 2.94607 -0.789397 8
    endloop
  endfacet
  facet normal 0.89688 0.442274 0
    outer loop
      vertex -2.64138 -1.525 8
      vertex -2.81783 -1.16718 0
      vertex -2.81783 -1.16718 8
    endloop
  endfacet
  facet normal 0.89688 0.442274 0
    outer loop
      vertex -2.81783 -1.16718 0
      vertex -2.64138 -1.525 8
      vertex -2.64138 -1.525 0
    endloop
  endfacet
  facet normal 0.659335 -0.75185 0
    outer loop
      vertex -2.15668 2.15668 0
      vertex -1.85672 2.41973 8
      vertex -2.15668 2.15668 8
    endloop
  endfacet
  facet normal 0.659335 -0.75185 0
    outer loop
      vertex -1.85672 2.41973 8
      vertex -2.15668 2.15668 0
      vertex -1.85672 2.41973 0
    endloop
  endfacet
  facet normal 0.555576 -0.831466 0
    outer loop
      vertex -1.85672 2.41973 0
      vertex -1.66176 2.55 8
      vertex -1.85672 2.41973 8
    endloop
  endfacet
  facet normal 0.555576 -0.831466 0
    outer loop
      vertex -1.66176 2.55 8
      vertex -1.85672 2.41973 0
      vertex -1.66176 2.55 0
    endloop
  endfacet
  facet normal 0.75185 0.659335 0
    outer loop
      vertex -2.15668 -2.15668 8
      vertex -2.41973 -1.85672 0
      vertex -2.41973 -1.85672 8
    endloop
  endfacet
  facet normal 0.75185 0.659335 0
    outer loop
      vertex -2.41973 -1.85672 0
      vertex -2.15668 -2.15668 8
      vertex -2.15668 -2.15668 0
    endloop
  endfacet
  facet normal -0.659335 0.75185 0
    outer loop
      vertex 2.15668 -2.15668 0
      vertex 1.85672 -2.41973 8
      vertex 2.15668 -2.15668 8
    endloop
  endfacet
  facet normal -0.659335 0.75185 0
    outer loop
      vertex 1.85672 -2.41973 8
      vertex 2.15668 -2.15668 0
      vertex 1.85672 -2.41973 0
    endloop
  endfacet
  facet normal -0.0653952 0.997859 0
    outer loop
      vertex 0.398105 -3.02391 0
      vertex 0 -3.05 8
      vertex 0.398105 -3.02391 8
    endloop
  endfacet
  facet normal -0.0653952 0.997859 0
    outer loop
      vertex 0 -3.05 8
      vertex 0.398105 -3.02391 0
      vertex 0 -3.05 0
    endloop
  endfacet
  facet normal -0.555576 -0.831466 0
    outer loop
      vertex 1.66176 2.55 0
      vertex 1.85672 2.41973 8
      vertex 1.66176 2.55 8
    endloop
  endfacet
  facet normal -0.555576 -0.831466 -0
    outer loop
      vertex 1.85672 2.41973 8
      vertex 1.66176 2.55 0
      vertex 1.85672 2.41973 0
    endloop
  endfacet
  facet normal 0.442274 0.89688 -0
    outer loop
      vertex -1.16718 -2.81783 0
      vertex -1.525 -2.64138 8
      vertex -1.16718 -2.81783 8
    endloop
  endfacet
  facet normal 0.442274 0.89688 0
    outer loop
      vertex -1.525 -2.64138 8
      vertex -1.16718 -2.81783 0
      vertex -1.525 -2.64138 0
    endloop
  endfacet
  facet normal -0.555573 0.831468 0
    outer loop
      vertex 1.85672 -2.41973 0
      vertex 1.525 -2.64138 8
      vertex 1.85672 -2.41973 8
    endloop
  endfacet
  facet normal -0.555573 0.831468 0
    outer loop
      vertex 1.525 -2.64138 8
      vertex 1.85672 -2.41973 0
      vertex 1.525 -2.64138 0
    endloop
  endfacet
  facet normal -0.321439 0.94693 0
    outer loop
      vertex 1.16718 -2.81783 0
      vertex 0.789397 -2.94607 8
      vertex 1.16718 -2.81783 8
    endloop
  endfacet
  facet normal -0.321439 0.94693 0
    outer loop
      vertex 0.789397 -2.94607 8
      vertex 1.16718 -2.81783 0
      vertex 0.789397 -2.94607 0
    endloop
  endfacet
  facet normal 0.980782 0.195108 0
    outer loop
      vertex -2.94607 -0.789397 8
      vertex -3.02391 -0.398105 0
      vertex -3.02391 -0.398105 8
    endloop
  endfacet
  facet normal 0.980782 0.195108 0
    outer loop
      vertex -3.02391 -0.398105 0
      vertex -2.94607 -0.789397 8
      vertex -2.94607 -0.789397 0
    endloop
  endfacet
  facet normal 0.89688 -0.442274 0
    outer loop
      vertex -2.81783 1.16718 8
      vertex -2.64138 1.525 0
      vertex -2.64138 1.525 8
    endloop
  endfacet
  facet normal 0.89688 -0.442274 0
    outer loop
      vertex -2.64138 1.525 0
      vertex -2.81783 1.16718 8
      vertex -2.81783 1.16718 0
    endloop
  endfacet
  facet normal 0.831468 -0.555573 0
    outer loop
      vertex -2.64138 1.525 8
      vertex -2.41973 1.85672 0
      vertex -2.41973 1.85672 8
    endloop
  endfacet
  facet normal 0.831468 -0.555573 0
    outer loop
      vertex -2.41973 1.85672 0
      vertex -2.64138 1.525 8
      vertex -2.64138 1.525 0
    endloop
  endfacet
  facet normal -0.831468 0.555573 0
    outer loop
      vertex 2.41973 -1.85672 0
      vertex 2.64138 -1.525 8
      vertex 2.64138 -1.525 0
    endloop
  endfacet
  facet normal -0.831468 0.555573 0
    outer loop
      vertex 2.64138 -1.525 8
      vertex 2.41973 -1.85672 0
      vertex 2.41973 -1.85672 8
    endloop
  endfacet
  facet normal -0.94693 0.321439 0
    outer loop
      vertex 2.81783 -1.16718 0
      vertex 2.94607 -0.789397 8
      vertex 2.94607 -0.789397 0
    endloop
  endfacet
  facet normal -0.94693 0.321439 0
    outer loop
      vertex 2.94607 -0.789397 8
      vertex 2.81783 -1.16718 0
      vertex 2.81783 -1.16718 8
    endloop
  endfacet
  facet normal 0.997859 0.0653952 0
    outer loop
      vertex -3.02391 -0.398105 8
      vertex -3.05 0 0
      vertex -3.05 0 8
    endloop
  endfacet
  facet normal 0.997859 0.0653952 0
    outer loop
      vertex -3.05 0 0
      vertex -3.02391 -0.398105 8
      vertex -3.02391 -0.398105 0
    endloop
  endfacet
  facet normal 0.195108 0.980782 -0
    outer loop
      vertex -0.398105 -3.02391 0
      vertex -0.789397 -2.94607 8
      vertex -0.398105 -3.02391 8
    endloop
  endfacet
  facet normal 0.195108 0.980782 0
    outer loop
      vertex -0.789397 -2.94607 8
      vertex -0.398105 -3.02391 0
      vertex -0.789397 -2.94607 0
    endloop
  endfacet
  facet normal -0.75185 -0.659335 0
    outer loop
      vertex 2.41973 1.85672 0
      vertex 2.15668 2.15668 8
      vertex 2.15668 2.15668 0
    endloop
  endfacet
  facet normal -0.75185 -0.659335 0
    outer loop
      vertex 2.15668 2.15668 8
      vertex 2.41973 1.85672 0
      vertex 2.41973 1.85672 8
    endloop
  endfacet
  facet normal -0.94693 -0.321439 0
    outer loop
      vertex 2.94607 0.789397 0
      vertex 2.81783 1.16718 8
      vertex 2.81783 1.16718 0
    endloop
  endfacet
  facet normal -0.94693 -0.321439 0
    outer loop
      vertex 2.81783 1.16718 8
      vertex 2.94607 0.789397 0
      vertex 2.94607 0.789397 8
    endloop
  endfacet
  facet normal 0.94693 -0.321439 0
    outer loop
      vertex -2.94607 0.789397 8
      vertex -2.81783 1.16718 0
      vertex -2.81783 1.16718 8
    endloop
  endfacet
  facet normal 0.94693 -0.321439 0
    outer loop
      vertex -2.81783 1.16718 0
      vertex -2.94607 0.789397 8
      vertex -2.94607 0.789397 0
    endloop
  endfacet
  facet normal 0.831468 0.555573 0
    outer loop
      vertex -2.41973 -1.85672 8
      vertex -2.64138 -1.525 0
      vertex -2.64138 -1.525 8
    endloop
  endfacet
  facet normal 0.831468 0.555573 0
    outer loop
      vertex -2.64138 -1.525 0
      vertex -2.41973 -1.85672 8
      vertex -2.41973 -1.85672 0
    endloop
  endfacet
  facet normal 0.321439 0.94693 -0
    outer loop
      vertex -0.789397 -2.94607 0
      vertex -1.16718 -2.81783 8
      vertex -0.789397 -2.94607 8
    endloop
  endfacet
  facet normal 0.321439 0.94693 0
    outer loop
      vertex -1.16718 -2.81783 8
      vertex -0.789397 -2.94607 0
      vertex -1.16718 -2.81783 0
    endloop
  endfacet
  facet normal -0.89688 0.442274 0
    outer loop
      vertex 2.64138 -1.525 0
      vertex 2.81783 -1.16718 8
      vertex 2.81783 -1.16718 0
    endloop
  endfacet
  facet normal -0.89688 0.442274 0
    outer loop
      vertex 2.81783 -1.16718 8
      vertex 2.64138 -1.525 0
      vertex 2.64138 -1.525 8
    endloop
  endfacet
  facet normal 0.659335 0.75185 -0
    outer loop
      vertex -1.85672 -2.41973 0
      vertex -2.15668 -2.15668 8
      vertex -1.85672 -2.41973 8
    endloop
  endfacet
  facet normal 0.659335 0.75185 0
    outer loop
      vertex -2.15668 -2.15668 8
      vertex -1.85672 -2.41973 0
      vertex -2.15668 -2.15668 0
    endloop
  endfacet
  facet normal 0.75185 -0.659335 0
    outer loop
      vertex -2.41973 1.85672 8
      vertex -2.15668 2.15668 0
      vertex -2.15668 2.15668 8
    endloop
  endfacet
  facet normal 0.75185 -0.659335 0
    outer loop
      vertex -2.15668 2.15668 0
      vertex -2.41973 1.85672 8
      vertex -2.41973 1.85672 0
    endloop
  endfacet
  facet normal 0 -1 0
    outer loop
      vertex -1.66176 2.55 0
      vertex 1.66176 2.55 8
      vertex -1.66176 2.55 8
    endloop
  endfacet
  facet normal 0 -1 -0
    outer loop
      vertex 1.66176 2.55 8
      vertex -1.66176 2.55 0
      vertex 1.66176 2.55 0
    endloop
  endfacet
endsolid OpenSCAD_Model
