solid OpenSCAD_Model
  facet normal -0.890902 -0.454196 0
    outer loop
      vertex 19.3753 0.999234 3
      vertex 19.4101 0.930974 5.2
      vertex 19.3753 0.999234 5.21699
    endloop
  endfacet
  facet normal -0.890953 -0.454096 3.87706e-06
    outer loop
      vertex 19.3753 0.999234 3
      vertex 19.563 0.630979 5.2
      vertex 19.4101 0.930974 5.2
    endloop
  endfacet
  facet normal -0.890981 -0.45404 1.57124e-05
    outer loop
      vertex 19.6168 0.525329 3
      vertex 19.563 0.630979 5.2
      vertex 19.3753 0.999234 3
    endloop
  endfacet
  facet normal -0.891114 -0.45378 0
    outer loop
      vertex 19.563 0.630979 5.2
      vertex 19.6168 0.525329 3
      vertex 19.6168 0.525329 5.21132
    endloop
  endfacet
  facet normal -0.98782 -0.155598 0
    outer loop
      vertex 19.6168 0.525329 3
      vertex 19.623 0.485968 5.2
      vertex 19.6168 0.525329 5.21132
    endloop
  endfacet
  facet normal -0.987689 -0.156427 -1.52081e-05
    outer loop
      vertex 19.7 0 3
      vertex 19.623 0.485968 5.2
      vertex 19.6168 0.525329 3
    endloop
  endfacet
  facet normal -0.987679 -0.156494 0
    outer loop
      vertex 19.623 0.485968 5.2
      vertex 19.7 0 3
      vertex 19.7 0 5.2
    endloop
  endfacet
  facet normal -0.707154 -0.70706 2.57441e-05
    outer loop
      vertex 19.0749 1.2997 5.2
      vertex 18.9992 1.37533 3
      vertex 19.2997 1.07487 5.2
    endloop
  endfacet
  facet normal -0.70678 -0.707434 0
    outer loop
      vertex 18.9992 1.37533 3
      vertex 19.0749 1.2997 5.2
      vertex 18.9992 1.37533 5.21699
    endloop
  endfacet
  facet normal -0.707103 -0.707111 1.18293e-05
    outer loop
      vertex 19.3753 0.999234 3
      vertex 19.2997 1.07487 5.2
      vertex 18.9992 1.37533 3
    endloop
  endfacet
  facet normal -0.707275 -0.706938 0
    outer loop
      vertex 19.2997 1.07487 5.2
      vertex 19.3753 0.999234 3
      vertex 19.3753 0.999234 5.21699
    endloop
  endfacet
  facet normal -0.156569 0.987667 0
    outer loop
      vertex 18.5253 -1.6168 3
      vertex 18.486 -1.62303 5.2
      vertex 18.5253 -1.6168 5.21132
    endloop
  endfacet
  facet normal -0.156436 0.987688 2.44345e-06
    outer loop
      vertex 18 -1.7 3
      vertex 18.486 -1.62303 5.2
      vertex 18.5253 -1.6168 3
    endloop
  endfacet
  facet normal -0.156425 0.98769 0
    outer loop
      vertex 18.486 -1.62303 5.2
      vertex 18 -1.7 3
      vertex 18 -1.7 5.2
    endloop
  endfacet
  facet normal 0.453972 -0.891016 1.30007e-05
    outer loop
      vertex 17.069 1.41011 5.2
      vertex 17.0008 1.37533 3
      vertex 17.369 1.56296 5.2
    endloop
  endfacet
  facet normal 0.454305 -0.890846 0
    outer loop
      vertex 17.0008 1.37533 3
      vertex 17.069 1.41011 5.2
      vertex 17.0008 1.37533 5.21699
    endloop
  endfacet
  facet normal 0.453999 -0.891002 7.35223e-06
    outer loop
      vertex 17.4747 1.6168 3
      vertex 17.369 1.56296 5.2
      vertex 17.0008 1.37533 3
    endloop
  endfacet
  facet normal 0.453878 -0.891064 0
    outer loop
      vertex 17.369 1.56296 5.2
      vertex 17.4747 1.6168 3
      vertex 17.4747 1.6168 5.21132
    endloop
  endfacet
  facet normal -0.453972 0.891016 1.30007e-05
    outer loop
      vertex 18.931 -1.41011 5.2
      vertex 18.9992 -1.37533 3
      vertex 18.631 -1.56296 5.2
    endloop
  endfacet
  facet normal -0.454305 0.890846 0
    outer loop
      vertex 18.9992 -1.37533 3
      vertex 18.931 -1.41011 5.2
      vertex 18.9992 -1.37533 5.21699
    endloop
  endfacet
  facet normal -0.453999 0.891002 7.35223e-06
    outer loop
      vertex 18.5253 -1.6168 3
      vertex 18.631 -1.56296 5.2
      vertex 18.9992 -1.37533 3
    endloop
  endfacet
  facet normal -0.453878 0.891064 0
    outer loop
      vertex 18.631 -1.56296 5.2
      vertex 18.5253 -1.6168 3
      vertex 18.5253 -1.6168 5.21132
    endloop
  endfacet
  facet normal -0.707154 0.70706 8.32757e-06
    outer loop
      vertex 19.2997 -1.07487 5.2
      vertex 19.3753 -0.999234 3
      vertex 19.0749 -1.2997 5.2
    endloop
  endfacet
  facet normal -0.707275 0.706938 0
    outer loop
      vertex 19.3753 -0.999234 3
      vertex 19.2997 -1.07487 5.2
      vertex 19.3753 -0.999234 5.21699
    endloop
  endfacet
  facet normal -0.707103 0.707111 2.22402e-05
    outer loop
      vertex 18.9992 -1.37533 3
      vertex 19.0749 -1.2997 5.2
      vertex 19.3753 -0.999234 3
    endloop
  endfacet
  facet normal -0.70678 0.707434 0
    outer loop
      vertex 19.0749 -1.2997 5.2
      vertex 18.9992 -1.37533 3
      vertex 18.9992 -1.37533 5.21699
    endloop
  endfacet
  facet normal 0.156425 0.98769 0
    outer loop
      vertex 18 -1.7 5.2
      vertex 18 -1.7 3
      vertex 17.514 -1.62303 5.2
    endloop
  endfacet
  facet normal 0.156436 0.987688 2.44345e-06
    outer loop
      vertex 17.4747 -1.6168 3
      vertex 17.514 -1.62303 5.2
      vertex 18 -1.7 3
    endloop
  endfacet
  facet normal 0.156569 0.987667 0
    outer loop
      vertex 17.514 -1.62303 5.2
      vertex 17.4747 -1.6168 3
      vertex 17.4747 -1.6168 5.21132
    endloop
  endfacet
  facet normal 0.890902 -0.454196 0
    outer loop
      vertex 16.5899 0.930974 5.2
      vertex 16.6247 0.999234 3
      vertex 16.6247 0.999234 5.21699
    endloop
  endfacet
  facet normal 0.890953 -0.454096 3.87706e-06
    outer loop
      vertex 16.437 0.630979 5.2
      vertex 16.6247 0.999234 3
      vertex 16.5899 0.930974 5.2
    endloop
  endfacet
  facet normal 0.891114 -0.45378 0
    outer loop
      vertex 16.3832 0.525329 3
      vertex 16.437 0.630979 5.2
      vertex 16.3832 0.525329 5.21132
    endloop
  endfacet
  facet normal 0.890981 -0.45404 1.57124e-05
    outer loop
      vertex 16.437 0.630979 5.2
      vertex 16.3832 0.525329 3
      vertex 16.6247 0.999234 3
    endloop
  endfacet
  facet normal -0.987679 0.156494 0
    outer loop
      vertex 19.7 0 3
      vertex 19.623 -0.485968 5.2
      vertex 19.7 0 5.2
    endloop
  endfacet
  facet normal -0.987689 0.156427 -1.52081e-05
    outer loop
      vertex 19.6168 -0.525329 3
      vertex 19.623 -0.485968 5.2
      vertex 19.7 0 3
    endloop
  endfacet
  facet normal -0.98782 0.155598 0
    outer loop
      vertex 19.623 -0.485968 5.2
      vertex 19.6168 -0.525329 3
      vertex 19.6168 -0.525329 5.21132
    endloop
  endfacet
  facet normal 0.98782 -0.155598 0
    outer loop
      vertex 16.377 0.485968 5.2
      vertex 16.3832 0.525329 3
      vertex 16.3832 0.525329 5.21132
    endloop
  endfacet
  facet normal 0.987679 -0.156494 0
    outer loop
      vertex 16.3 0 3
      vertex 16.377 0.485968 5.2
      vertex 16.3 0 5.2
    endloop
  endfacet
  facet normal 0.987689 -0.156427 -1.52081e-05
    outer loop
      vertex 16.377 0.485968 5.2
      vertex 16.3 0 3
      vertex 16.3832 0.525329 3
    endloop
  endfacet
  facet normal -0.891114 0.45378 0
    outer loop
      vertex 19.6168 -0.525329 3
      vertex 19.563 -0.630979 5.2
      vertex 19.6168 -0.525329 5.21132
    endloop
  endfacet
  facet normal -0.890981 0.45404 1.57124e-05
    outer loop
      vertex 19.3753 -0.999234 3
      vertex 19.563 -0.630979 5.2
      vertex 19.6168 -0.525329 3
    endloop
  endfacet
  facet normal -0.890953 0.454096 3.87706e-06
    outer loop
      vertex 19.563 -0.630979 5.2
      vertex 19.3753 -0.999234 3
      vertex 19.4101 -0.930974 5.2
    endloop
  endfacet
  facet normal -0.890902 0.454196 0
    outer loop
      vertex 19.4101 -0.930974 5.2
      vertex 19.3753 -0.999234 3
      vertex 19.3753 -0.999234 5.21699
    endloop
  endfacet
  facet normal -0.156425 -0.98769 -0
    outer loop
      vertex 18 1.7 5.2
      vertex 18 1.7 3
      vertex 18.486 1.62303 5.2
    endloop
  endfacet
  facet normal -0.156436 -0.987688 2.44345e-06
    outer loop
      vertex 18.5253 1.6168 3
      vertex 18.486 1.62303 5.2
      vertex 18 1.7 3
    endloop
  endfacet
  facet normal -0.156569 -0.987667 0
    outer loop
      vertex 18.486 1.62303 5.2
      vertex 18.5253 1.6168 3
      vertex 18.5253 1.6168 5.21132
    endloop
  endfacet
  facet normal -0.453999 -0.891002 7.35223e-06
    outer loop
      vertex 18.9992 1.37533 3
      vertex 18.631 1.56296 5.2
      vertex 18.5253 1.6168 3
    endloop
  endfacet
  facet normal -0.453878 -0.891064 0
    outer loop
      vertex 18.5253 1.6168 3
      vertex 18.631 1.56296 5.2
      vertex 18.5253 1.6168 5.21132
    endloop
  endfacet
  facet normal -0.453972 -0.891016 1.30007e-05
    outer loop
      vertex 18.631 1.56296 5.2
      vertex 18.9992 1.37533 3
      vertex 18.931 1.41011 5.2
    endloop
  endfacet
  facet normal -0.454305 -0.890846 0
    outer loop
      vertex 18.931 1.41011 5.2
      vertex 18.9992 1.37533 3
      vertex 18.9992 1.37533 5.21699
    endloop
  endfacet
  facet normal 0.891114 0.45378 0
    outer loop
      vertex 16.437 -0.630979 5.2
      vertex 16.3832 -0.525329 3
      vertex 16.3832 -0.525329 5.21132
    endloop
  endfacet
  facet normal 0.890953 0.454096 3.87706e-06
    outer loop
      vertex 16.6247 -0.999234 3
      vertex 16.437 -0.630979 5.2
      vertex 16.5899 -0.930974 5.2
    endloop
  endfacet
  facet normal 0.890902 0.454196 -0
    outer loop
      vertex 16.6247 -0.999234 3
      vertex 16.5899 -0.930974 5.2
      vertex 16.6247 -0.999234 5.21699
    endloop
  endfacet
  facet normal 0.890981 0.45404 1.57124e-05
    outer loop
      vertex 16.437 -0.630979 5.2
      vertex 16.6247 -0.999234 3
      vertex 16.3832 -0.525329 3
    endloop
  endfacet
  facet normal 0.156569 -0.987667 0
    outer loop
      vertex 17.4747 1.6168 3
      vertex 17.514 1.62303 5.2
      vertex 17.4747 1.6168 5.21132
    endloop
  endfacet
  facet normal 0.156436 -0.987688 2.44345e-06
    outer loop
      vertex 18 1.7 3
      vertex 17.514 1.62303 5.2
      vertex 17.4747 1.6168 3
    endloop
  endfacet
  facet normal 0.156425 -0.98769 0
    outer loop
      vertex 17.514 1.62303 5.2
      vertex 18 1.7 3
      vertex 18 1.7 5.2
    endloop
  endfacet
  facet normal 0.707154 0.70706 2.57441e-05
    outer loop
      vertex 16.9251 -1.2997 5.2
      vertex 17.0008 -1.37533 3
      vertex 16.7003 -1.07487 5.2
    endloop
  endfacet
  facet normal 0.70678 0.707434 -0
    outer loop
      vertex 17.0008 -1.37533 3
      vertex 16.9251 -1.2997 5.2
      vertex 17.0008 -1.37533 5.21699
    endloop
  endfacet
  facet normal 0.707103 0.707111 1.18293e-05
    outer loop
      vertex 16.6247 -0.999234 3
      vertex 16.7003 -1.07487 5.2
      vertex 17.0008 -1.37533 3
    endloop
  endfacet
  facet normal 0.707275 0.706938 0
    outer loop
      vertex 16.7003 -1.07487 5.2
      vertex 16.6247 -0.999234 3
      vertex 16.6247 -0.999234 5.21699
    endloop
  endfacet
  facet normal 0.707154 -0.70706 8.32757e-06
    outer loop
      vertex 16.7003 1.07487 5.2
      vertex 16.6247 0.999234 3
      vertex 16.9251 1.2997 5.2
    endloop
  endfacet
  facet normal 0.707275 -0.706938 0
    outer loop
      vertex 16.6247 0.999234 3
      vertex 16.7003 1.07487 5.2
      vertex 16.6247 0.999234 5.21699
    endloop
  endfacet
  facet normal 0.707103 -0.707111 2.22402e-05
    outer loop
      vertex 17.0008 1.37533 3
      vertex 16.9251 1.2997 5.2
      vertex 16.6247 0.999234 3
    endloop
  endfacet
  facet normal 0.70678 -0.707434 0
    outer loop
      vertex 16.9251 1.2997 5.2
      vertex 17.0008 1.37533 3
      vertex 17.0008 1.37533 5.21699
    endloop
  endfacet
  facet normal 0.987679 0.156494 0
    outer loop
      vertex 16.377 -0.485968 5.2
      vertex 16.3 0 3
      vertex 16.3 0 5.2
    endloop
  endfacet
  facet normal 0.98782 0.155598 -0
    outer loop
      vertex 16.3832 -0.525329 3
      vertex 16.377 -0.485968 5.2
      vertex 16.3832 -0.525329 5.21132
    endloop
  endfacet
  facet normal 0.987689 0.156427 -1.52081e-05
    outer loop
      vertex 16.377 -0.485968 5.2
      vertex 16.3832 -0.525329 3
      vertex 16.3 0 3
    endloop
  endfacet
  facet normal 0.453999 0.891002 7.35223e-06
    outer loop
      vertex 17.0008 -1.37533 3
      vertex 17.369 -1.56296 5.2
      vertex 17.4747 -1.6168 3
    endloop
  endfacet
  facet normal 0.453878 0.891064 -0
    outer loop
      vertex 17.4747 -1.6168 3
      vertex 17.369 -1.56296 5.2
      vertex 17.4747 -1.6168 5.21132
    endloop
  endfacet
  facet normal 0.453972 0.891016 1.30007e-05
    outer loop
      vertex 17.369 -1.56296 5.2
      vertex 17.0008 -1.37533 3
      vertex 17.069 -1.41011 5.2
    endloop
  endfacet
  facet normal 0.454305 0.890846 0
    outer loop
      vertex 17.069 -1.41011 5.2
      vertex 17.0008 -1.37533 3
      vertex 17.0008 -1.37533 5.21699
    endloop
  endfacet
  facet normal -0.470419 0.612961 0.634811
    outer loop
      vertex 19.0749 -1.2997 5.2
      vertex 19.4219 -2.06904 6.2
      vertex 19.2021 -1.20208 5.2
    endloop
  endfacet
  facet normal -0.470105 0.613158 0.634853
    outer loop
      vertex 18.9992 -1.37533 5.21699
      vertex 19.4219 -2.06904 6.2
      vertex 19.0749 -1.2997 5.2
    endloop
  endfacet
  facet normal -0.470646 0.612779 0.634818
    outer loop
      vertex 18.931 -1.41011 5.2
      vertex 19.4219 -2.06904 6.2
      vertex 18.9992 -1.37533 5.21699
    endloop
  endfacet
  facet normal -0.470253 0.613077 0.634822
    outer loop
      vertex 18.85 -1.47224 5.2
      vertex 19.4219 -2.06904 6.2
      vertex 18.931 -1.41011 5.2
    endloop
  endfacet
  facet normal -0.47047 0.612895 0.634837
    outer loop
      vertex 19.4219 -2.06904 6.2
      vertex 18.85 -1.47224 5.2
      vertex 19.2644 -2.18994 6.2
    endloop
  endfacet
  facet normal 0.295663 -0.713837 0.634839
    outer loop
      vertex 17.56 1.64207 5.2
      vertex 17.3455 2.44256 6.2
      vertex 16.9191 2.26595 6.2
    endloop
  endfacet
  facet normal -0.766053 -0.100783 0.634828
    outer loop
      vertex 20.5287 0 6.2
      vertex 20.4685 0.45758 6.2
      vertex 19.7 0 5.2
    endloop
  endfacet
  facet normal -0.766049 -0.100764 0.634835
    outer loop
      vertex 19.6421 0.439992 5.2
      vertex 20.4685 0.45758 6.2
      vertex 20.4426 0.654483 6.2
    endloop
  endfacet
  facet normal -0.766045 -0.100806 0.634833
    outer loop
      vertex 20.4685 0.45758 6.2
      vertex 19.6421 0.439992 5.2
      vertex 19.7 0 5.2
    endloop
  endfacet
  facet normal -0.295663 0.713837 0.634839
    outer loop
      vertex 18.6545 -2.44256 6.2
      vertex 19.0809 -2.26595 6.2
      vertex 18.44 -1.64207 5.2
    endloop
  endfacet
  facet normal 0.100855 0.766033 0.63484
    outer loop
      vertex 17.56 -1.64207 5.2
      vertex 17.5424 -2.46849 6.2
      vertex 18 -1.7 5.2
    endloop
  endfacet
  facet normal 0.10088 0.766031 0.634839
    outer loop
      vertex 17.5424 -2.46849 6.2
      vertex 17.56 -1.64207 5.2
      vertex 17.3455 -2.44256 6.2
    endloop
  endfacet
  facet normal 0.295626 0.713855 0.634835
    outer loop
      vertex 17.369 -1.56296 5.2
      vertex 16.9191 -2.26595 6.2
      vertex 17.4747 -1.6168 5.21132
    endloop
  endfacet
  facet normal 0.295714 0.713805 0.634851
    outer loop
      vertex 17.56 -1.64207 5.2
      vertex 17.4747 -1.6168 5.21132
      vertex 16.9191 -2.26595 6.2
    endloop
  endfacet
  facet normal 0.295844 0.714749 0.633727
    outer loop
      vertex 17.4747 -1.6168 5.21132
      vertex 17.56 -1.64207 5.2
      vertex 17.514 -1.62303 5.2
    endloop
  endfacet
  facet normal 0.295697 0.71382 0.634842
    outer loop
      vertex 17.15 -1.47224 5.2
      vertex 16.9191 -2.26595 6.2
      vertex 17.369 -1.56296 5.2
    endloop
  endfacet
  facet normal 0.295683 0.713825 0.634843
    outer loop
      vertex 16.9191 -2.26595 6.2
      vertex 17.15 -1.47224 5.2
      vertex 16.7356 -2.18994 6.2
    endloop
  endfacet
  facet normal 0.10088 -0.766031 0.634839
    outer loop
      vertex 17.56 1.64207 5.2
      vertex 17.5424 2.46849 6.2
      vertex 17.3455 2.44256 6.2
    endloop
  endfacet
  facet normal 0.100855 -0.766033 0.63484
    outer loop
      vertex 17.5424 2.46849 6.2
      vertex 17.56 1.64207 5.2
      vertex 18 1.7 5.2
    endloop
  endfacet
  facet normal -0.470322 0.613012 0.634834
    outer loop
      vertex 19.4219 -2.06904 6.2
      vertex 19.7881 -1.78808 6.2
      vertex 19.2021 -1.20208 5.2
    endloop
  endfacet
  facet normal 0.613016 -0.470328 0.634825
    outer loop
      vertex 15.931 1.42193 6.2
      vertex 16.7003 1.07487 5.2
      vertex 16.7979 1.20208 5.2
    endloop
  endfacet
  facet normal 0.612903 -0.470476 0.634825
    outer loop
      vertex 15.931 1.42193 6.2
      vertex 16.5899 0.930974 5.2
      vertex 16.6247 0.999234 5.21699
    endloop
  endfacet
  facet normal 0.613096 -0.4702 0.634842
    outer loop
      vertex 16.7003 1.07487 5.2
      vertex 15.931 1.42193 6.2
      vertex 16.6247 0.999234 5.21699
    endloop
  endfacet
  facet normal 0.613113 -0.470199 0.634827
    outer loop
      vertex 16.5899 0.930974 5.2
      vertex 15.931 1.42193 6.2
      vertex 16.5278 0.849999 5.2
    endloop
  endfacet
  facet normal 0.612996 -0.470338 0.634837
    outer loop
      vertex 16.5278 0.849999 5.2
      vertex 15.931 1.42193 6.2
      vertex 15.8101 1.26436 6.2
    endloop
  endfacet
  facet normal -0.766045 0.100806 0.634833
    outer loop
      vertex 19.6421 -0.439992 5.2
      vertex 20.4685 -0.45758 6.2
      vertex 19.7 0 5.2
    endloop
  endfacet
  facet normal -0.766049 0.100764 0.634835
    outer loop
      vertex 20.4685 -0.45758 6.2
      vertex 19.6421 -0.439992 5.2
      vertex 20.4426 -0.654483 6.2
    endloop
  endfacet
  facet normal -0.613031 0.4703 0.634832
    outer loop
      vertex 19.7881 -1.78808 6.2
      vertex 20.069 -1.42193 6.2
      vertex 19.2021 -1.20208 5.2
    endloop
  endfacet
  facet normal 0.295663 0.713837 0.634839
    outer loop
      vertex 17.3455 -2.44256 6.2
      vertex 17.56 -1.64207 5.2
      vertex 16.9191 -2.26595 6.2
    endloop
  endfacet
  facet normal 0.711234 0.295471 0.637843
    outer loop
      vertex 16.3579 -0.439992 5.2
      vertex 16.3832 -0.525329 5.21132
      vertex 16.377 -0.485968 5.2
    endloop
  endfacet
  facet normal 0.713933 0.29554 0.634788
    outer loop
      vertex 15.7341 -1.08088 6.2
      vertex 16.437 -0.630979 5.2
      vertex 16.3832 -0.525329 5.21132
    endloop
  endfacet
  facet normal 0.713769 0.295824 0.63484
    outer loop
      vertex 15.7341 -1.08088 6.2
      vertex 16.3832 -0.525329 5.21132
      vertex 16.3579 -0.439992 5.2
    endloop
  endfacet
  facet normal 0.713752 0.295903 0.634823
    outer loop
      vertex 16.437 -0.630979 5.2
      vertex 15.7341 -1.08088 6.2
      vertex 16.5278 -0.849999 5.2
    endloop
  endfacet
  facet normal 0.713833 0.29568 0.634836
    outer loop
      vertex 16.5278 -0.849999 5.2
      vertex 15.7341 -1.08088 6.2
      vertex 15.8101 -1.26436 6.2
    endloop
  endfacet
  facet normal 0.713788 0.295795 0.634832
    outer loop
      vertex 15.7341 -1.08088 6.2
      vertex 16.3579 -0.439992 5.2
      vertex 15.5574 -0.654483 6.2
    endloop
  endfacet
  facet normal -0.613031 -0.4703 0.634832
    outer loop
      vertex 20.069 1.42193 6.2
      vertex 19.7881 1.78808 6.2
      vertex 19.2021 1.20208 5.2
    endloop
  endfacet
  facet normal 0.295683 -0.713825 0.634843
    outer loop
      vertex 17.15 1.47224 5.2
      vertex 16.9191 2.26595 6.2
      vertex 16.7356 2.18994 6.2
    endloop
  endfacet
  facet normal 0.295697 -0.71382 0.634842
    outer loop
      vertex 16.9191 2.26595 6.2
      vertex 17.15 1.47224 5.2
      vertex 17.369 1.56296 5.2
    endloop
  endfacet
  facet normal 0.295626 -0.713855 0.634835
    outer loop
      vertex 16.9191 2.26595 6.2
      vertex 17.369 1.56296 5.2
      vertex 17.4747 1.6168 5.21132
    endloop
  endfacet
  facet normal 0.295844 -0.714749 0.633727
    outer loop
      vertex 17.56 1.64207 5.2
      vertex 17.4747 1.6168 5.21132
      vertex 17.514 1.62303 5.2
    endloop
  endfacet
  facet normal 0.295714 -0.713805 0.634851
    outer loop
      vertex 17.4747 1.6168 5.21132
      vertex 17.56 1.64207 5.2
      vertex 16.9191 2.26595 6.2
    endloop
  endfacet
  facet normal -0.100844 0.766037 0.634837
    outer loop
      vertex 18.4576 -2.46849 6.2
      vertex 18 -1.7 5.2
      vertex 18 -2.52873 6.2
    endloop
  endfacet
  facet normal 0.713833 -0.29568 0.634836
    outer loop
      vertex 15.7341 1.08088 6.2
      vertex 16.5278 0.849999 5.2
      vertex 15.8101 1.26436 6.2
    endloop
  endfacet
  facet normal 0.713752 -0.295903 0.634823
    outer loop
      vertex 15.7341 1.08088 6.2
      vertex 16.437 0.630979 5.2
      vertex 16.5278 0.849999 5.2
    endloop
  endfacet
  facet normal 0.713933 -0.29554 0.634788
    outer loop
      vertex 15.7341 1.08088 6.2
      vertex 16.3832 0.525329 5.21132
      vertex 16.437 0.630979 5.2
    endloop
  endfacet
  facet normal 0.713769 -0.295824 0.63484
    outer loop
      vertex 16.3579 0.439992 5.2
      vertex 16.3832 0.525329 5.21132
      vertex 15.7341 1.08088 6.2
    endloop
  endfacet
  facet normal 0.711234 -0.295471 0.637843
    outer loop
      vertex 16.3832 0.525329 5.21132
      vertex 16.3579 0.439992 5.2
      vertex 16.377 0.485968 5.2
    endloop
  endfacet
  facet normal -0.713788 0.295795 0.634832
    outer loop
      vertex 20.2659 -1.08088 6.2
      vertex 20.4426 -0.654483 6.2
      vertex 19.6421 -0.439992 5.2
    endloop
  endfacet
  facet normal -0.766053 0.100783 0.634828
    outer loop
      vertex 20.4685 -0.45758 6.2
      vertex 20.5287 0 6.2
      vertex 19.7 0 5.2
    endloop
  endfacet
  facet normal 0.470322 -0.613012 0.634834
    outer loop
      vertex 16.7979 1.20208 5.2
      vertex 16.5781 2.06904 6.2
      vertex 16.2119 1.78808 6.2
    endloop
  endfacet
  facet normal -0.612996 0.470338 0.634837
    outer loop
      vertex 19.4722 -0.849999 5.2
      vertex 20.069 -1.42193 6.2
      vertex 20.1899 -1.26436 6.2
    endloop
  endfacet
  facet normal -0.613113 0.470199 0.634827
    outer loop
      vertex 19.4101 -0.930974 5.2
      vertex 20.069 -1.42193 6.2
      vertex 19.4722 -0.849999 5.2
    endloop
  endfacet
  facet normal -0.612903 0.470476 0.634825
    outer loop
      vertex 19.3753 -0.999234 5.21699
      vertex 20.069 -1.42193 6.2
      vertex 19.4101 -0.930974 5.2
    endloop
  endfacet
  facet normal -0.613096 0.4702 0.634842
    outer loop
      vertex 19.2997 -1.07487 5.2
      vertex 20.069 -1.42193 6.2
      vertex 19.3753 -0.999234 5.21699
    endloop
  endfacet
  facet normal -0.613016 0.470328 0.634825
    outer loop
      vertex 20.069 -1.42193 6.2
      vertex 19.2997 -1.07487 5.2
      vertex 19.2021 -1.20208 5.2
    endloop
  endfacet
  facet normal 0.100844 0.766037 0.634837
    outer loop
      vertex 18 -2.52873 6.2
      vertex 18 -1.7 5.2
      vertex 17.5424 -2.46849 6.2
    endloop
  endfacet
  facet normal -0.295663 -0.713837 0.634839
    outer loop
      vertex 19.0809 2.26595 6.2
      vertex 18.6545 2.44256 6.2
      vertex 18.44 1.64207 5.2
    endloop
  endfacet
  facet normal -0.711234 0.295471 0.637843
    outer loop
      vertex 19.6168 -0.525329 5.21132
      vertex 19.6421 -0.439992 5.2
      vertex 19.623 -0.485968 5.2
    endloop
  endfacet
  facet normal -0.713752 0.295903 0.634823
    outer loop
      vertex 20.2659 -1.08088 6.2
      vertex 19.563 -0.630979 5.2
      vertex 19.4722 -0.849999 5.2
    endloop
  endfacet
  facet normal -0.713769 0.295824 0.63484
    outer loop
      vertex 19.6168 -0.525329 5.21132
      vertex 20.2659 -1.08088 6.2
      vertex 19.6421 -0.439992 5.2
    endloop
  endfacet
  facet normal -0.713933 0.29554 0.634788
    outer loop
      vertex 19.563 -0.630979 5.2
      vertex 20.2659 -1.08088 6.2
      vertex 19.6168 -0.525329 5.21132
    endloop
  endfacet
  facet normal -0.713833 0.29568 0.634836
    outer loop
      vertex 20.2659 -1.08088 6.2
      vertex 19.4722 -0.849999 5.2
      vertex 20.1899 -1.26436 6.2
    endloop
  endfacet
  facet normal 0.613096 0.4702 0.634842
    outer loop
      vertex 15.931 -1.42193 6.2
      vertex 16.7003 -1.07487 5.2
      vertex 16.6247 -0.999234 5.21699
    endloop
  endfacet
  facet normal 0.613113 0.470199 0.634827
    outer loop
      vertex 15.931 -1.42193 6.2
      vertex 16.5899 -0.930974 5.2
      vertex 16.5278 -0.849999 5.2
    endloop
  endfacet
  facet normal 0.613016 0.470328 0.634825
    outer loop
      vertex 16.7003 -1.07487 5.2
      vertex 15.931 -1.42193 6.2
      vertex 16.7979 -1.20208 5.2
    endloop
  endfacet
  facet normal 0.612903 0.470476 0.634825
    outer loop
      vertex 16.5899 -0.930974 5.2
      vertex 15.931 -1.42193 6.2
      vertex 16.6247 -0.999234 5.21699
    endloop
  endfacet
  facet normal 0.612996 0.470338 0.634837
    outer loop
      vertex 15.931 -1.42193 6.2
      vertex 16.5278 -0.849999 5.2
      vertex 15.8101 -1.26436 6.2
    endloop
  endfacet
  facet normal 0 -0 1
    outer loop
      vertex 19.2021 -1.20208 5.2
      vertex 19.2997 -1.07487 5.2
      vertex 19.0749 -1.2997 5.2
    endloop
  endfacet
  facet normal 0 0 1
    outer loop
      vertex 16.5899 0.930974 5.2
      vertex 16.5278 0.849999 5.2
      vertex 16.437 0.630979 5.2
    endloop
  endfacet
  facet normal 0 0 1
    outer loop
      vertex 18 1.7 5.2
      vertex 17.56 1.64207 5.2
      vertex 17.514 1.62303 5.2
    endloop
  endfacet
  facet normal -0 -0 1
    outer loop
      vertex 17.56 -1.64207 5.2
      vertex 18 -1.7 5.2
      vertex 17.514 -1.62303 5.2
    endloop
  endfacet
  facet normal 0 0 1
    outer loop
      vertex 18.486 1.62303 5.2
      vertex 18.44 1.64207 5.2
      vertex 18 1.7 5.2
    endloop
  endfacet
  facet normal -0 -0 1
    outer loop
      vertex 17.15 -1.47224 5.2
      vertex 17.369 -1.56296 5.2
      vertex 17.069 -1.41011 5.2
    endloop
  endfacet
  facet normal 0 -0 1
    outer loop
      vertex 19.6421 -0.439992 5.2
      vertex 19.7 0 5.2
      vertex 19.623 -0.485968 5.2
    endloop
  endfacet
  facet normal 0 0 1
    outer loop
      vertex 19.7 0 5.2
      vertex 19.6421 0.439992 5.2
      vertex 19.623 0.485968 5.2
    endloop
  endfacet
  facet normal -0 -0 1
    outer loop
      vertex 16.5278 -0.849999 5.2
      vertex 16.5899 -0.930974 5.2
      vertex 16.437 -0.630979 5.2
    endloop
  endfacet
  facet normal 0 0 1
    outer loop
      vertex 17.369 1.56296 5.2
      vertex 17.15 1.47224 5.2
      vertex 17.069 1.41011 5.2
    endloop
  endfacet
  facet normal 0 0 1
    outer loop
      vertex 16.377 0.485968 5.2
      vertex 16.3579 0.439992 5.2
      vertex 16.3 0 5.2
    endloop
  endfacet
  facet normal -0 -0 1
    outer loop
      vertex 16.3579 -0.439992 5.2
      vertex 16.377 -0.485968 5.2
      vertex 16.3 0 5.2
    endloop
  endfacet
  facet normal 0 -0 1
    outer loop
      vertex 19.4722 -0.849999 5.2
      vertex 19.563 -0.630979 5.2
      vertex 19.4101 -0.930974 5.2
    endloop
  endfacet
  facet normal 0 -0 1
    outer loop
      vertex 18.44 -1.64207 5.2
      vertex 18.486 -1.62303 5.2
      vertex 18 -1.7 5.2
    endloop
  endfacet
  facet normal -0 -0 1
    outer loop
      vertex 16.7979 -1.20208 5.2
      vertex 16.9251 -1.2997 5.2
      vertex 16.7003 -1.07487 5.2
    endloop
  endfacet
  facet normal 0 0 1
    outer loop
      vertex 18.931 1.41011 5.2
      vertex 18.85 1.47224 5.2
      vertex 18.631 1.56296 5.2
    endloop
  endfacet
  facet normal 0 0 1
    outer loop
      vertex 16.9251 1.2997 5.2
      vertex 16.7979 1.20208 5.2
      vertex 16.7003 1.07487 5.2
    endloop
  endfacet
  facet normal 0 -0 1
    outer loop
      vertex 18.85 -1.47224 5.2
      vertex 18.931 -1.41011 5.2
      vertex 18.631 -1.56296 5.2
    endloop
  endfacet
  facet normal 0 0 1
    outer loop
      vertex 19.2997 1.07487 5.2
      vertex 19.2021 1.20208 5.2
      vertex 19.0749 1.2997 5.2
    endloop
  endfacet
  facet normal 0 0 1
    outer loop
      vertex 19.563 0.630979 5.2
      vertex 19.4722 0.849999 5.2
      vertex 19.4101 0.930974 5.2
    endloop
  endfacet
  facet normal -0.295683 0.713825 0.634843
    outer loop
      vertex 18.85 -1.47224 5.2
      vertex 19.0809 -2.26595 6.2
      vertex 19.2644 -2.18994 6.2
    endloop
  endfacet
  facet normal -0.295697 0.71382 0.634842
    outer loop
      vertex 19.0809 -2.26595 6.2
      vertex 18.85 -1.47224 5.2
      vertex 18.631 -1.56296 5.2
    endloop
  endfacet
  facet normal -0.295626 0.713855 0.634835
    outer loop
      vertex 19.0809 -2.26595 6.2
      vertex 18.631 -1.56296 5.2
      vertex 18.5253 -1.6168 5.21132
    endloop
  endfacet
  facet normal -0.295844 0.714749 0.633727
    outer loop
      vertex 18.44 -1.64207 5.2
      vertex 18.5253 -1.6168 5.21132
      vertex 18.486 -1.62303 5.2
    endloop
  endfacet
  facet normal -0.295714 0.713805 0.634851
    outer loop
      vertex 18.5253 -1.6168 5.21132
      vertex 18.44 -1.64207 5.2
      vertex 19.0809 -2.26595 6.2
    endloop
  endfacet
  facet normal 0.766053 -0.100783 0.634828
    outer loop
      vertex 16.3 0 5.2
      vertex 15.5315 0.45758 6.2
      vertex 15.4713 0 6.2
    endloop
  endfacet
  facet normal -0.10088 0.766031 0.634839
    outer loop
      vertex 18.44 -1.64207 5.2
      vertex 18.4576 -2.46849 6.2
      vertex 18.6545 -2.44256 6.2
    endloop
  endfacet
  facet normal -0.100855 0.766033 0.63484
    outer loop
      vertex 18.4576 -2.46849 6.2
      vertex 18.44 -1.64207 5.2
      vertex 18 -1.7 5.2
    endloop
  endfacet
  facet normal 0.613031 0.4703 0.634832
    outer loop
      vertex 16.2119 -1.78808 6.2
      vertex 16.7979 -1.20208 5.2
      vertex 15.931 -1.42193 6.2
    endloop
  endfacet
  facet normal 0.470322 0.613012 0.634834
    outer loop
      vertex 16.5781 -2.06904 6.2
      vertex 16.7979 -1.20208 5.2
      vertex 16.2119 -1.78808 6.2
    endloop
  endfacet
  facet normal -0.47047 -0.612895 0.634837
    outer loop
      vertex 18.85 1.47224 5.2
      vertex 19.4219 2.06904 6.2
      vertex 19.2644 2.18994 6.2
    endloop
  endfacet
  facet normal -0.470419 -0.612961 0.634811
    outer loop
      vertex 19.4219 2.06904 6.2
      vertex 19.0749 1.2997 5.2
      vertex 19.2021 1.20208 5.2
    endloop
  endfacet
  facet normal -0.470105 -0.613158 0.634853
    outer loop
      vertex 19.4219 2.06904 6.2
      vertex 18.9992 1.37533 5.21699
      vertex 19.0749 1.2997 5.2
    endloop
  endfacet
  facet normal -0.470646 -0.612779 0.634818
    outer loop
      vertex 19.4219 2.06904 6.2
      vertex 18.931 1.41011 5.2
      vertex 18.9992 1.37533 5.21699
    endloop
  endfacet
  facet normal -0.470253 -0.613077 0.634822
    outer loop
      vertex 19.4219 2.06904 6.2
      vertex 18.85 1.47224 5.2
      vertex 18.931 1.41011 5.2
    endloop
  endfacet
  facet normal 0.470646 0.612779 0.634818
    outer loop
      vertex 16.5781 -2.06904 6.2
      vertex 17.069 -1.41011 5.2
      vertex 17.0008 -1.37533 5.21699
    endloop
  endfacet
  facet normal 0.470419 0.612961 0.634811
    outer loop
      vertex 16.5781 -2.06904 6.2
      vertex 16.9251 -1.2997 5.2
      vertex 16.7979 -1.20208 5.2
    endloop
  endfacet
  facet normal 0.470253 0.613077 0.634822
    outer loop
      vertex 17.069 -1.41011 5.2
      vertex 16.5781 -2.06904 6.2
      vertex 17.15 -1.47224 5.2
    endloop
  endfacet
  facet normal 0.470105 0.613158 0.634853
    outer loop
      vertex 16.9251 -1.2997 5.2
      vertex 16.5781 -2.06904 6.2
      vertex 17.0008 -1.37533 5.21699
    endloop
  endfacet
  facet normal 0.47047 0.612895 0.634837
    outer loop
      vertex 17.15 -1.47224 5.2
      vertex 16.5781 -2.06904 6.2
      vertex 16.7356 -2.18994 6.2
    endloop
  endfacet
  facet normal -0.295626 -0.713855 0.634835
    outer loop
      vertex 18.631 1.56296 5.2
      vertex 19.0809 2.26595 6.2
      vertex 18.5253 1.6168 5.21132
    endloop
  endfacet
  facet normal -0.295714 -0.713805 0.634851
    outer loop
      vertex 18.44 1.64207 5.2
      vertex 18.5253 1.6168 5.21132
      vertex 19.0809 2.26595 6.2
    endloop
  endfacet
  facet normal -0.295844 -0.714749 0.633727
    outer loop
      vertex 18.5253 1.6168 5.21132
      vertex 18.44 1.64207 5.2
      vertex 18.486 1.62303 5.2
    endloop
  endfacet
  facet normal -0.295697 -0.71382 0.634842
    outer loop
      vertex 18.85 1.47224 5.2
      vertex 19.0809 2.26595 6.2
      vertex 18.631 1.56296 5.2
    endloop
  endfacet
  facet normal -0.295683 -0.713825 0.634843
    outer loop
      vertex 19.0809 2.26595 6.2
      vertex 18.85 1.47224 5.2
      vertex 19.2644 2.18994 6.2
    endloop
  endfacet
  facet normal 0.713788 -0.295795 0.634832
    outer loop
      vertex 16.3579 0.439992 5.2
      vertex 15.7341 1.08088 6.2
      vertex 15.5574 0.654483 6.2
    endloop
  endfacet
  facet normal -0.470322 -0.613012 0.634834
    outer loop
      vertex 19.7881 1.78808 6.2
      vertex 19.4219 2.06904 6.2
      vertex 19.2021 1.20208 5.2
    endloop
  endfacet
  facet normal 0.766049 -0.100764 0.634835
    outer loop
      vertex 15.5315 0.45758 6.2
      vertex 16.3579 0.439992 5.2
      vertex 15.5574 0.654483 6.2
    endloop
  endfacet
  facet normal 0.766045 -0.100806 0.634833
    outer loop
      vertex 16.3579 0.439992 5.2
      vertex 15.5315 0.45758 6.2
      vertex 16.3 0 5.2
    endloop
  endfacet
  facet normal -0.713788 -0.295795 0.634832
    outer loop
      vertex 20.4426 0.654483 6.2
      vertex 20.2659 1.08088 6.2
      vertex 19.6421 0.439992 5.2
    endloop
  endfacet
  facet normal -0.100844 -0.766037 0.634837
    outer loop
      vertex 18.4576 2.46849 6.2
      vertex 18 2.52873 6.2
      vertex 18 1.7 5.2
    endloop
  endfacet
  facet normal 0.766045 0.100806 0.634833
    outer loop
      vertex 15.5315 -0.45758 6.2
      vertex 16.3579 -0.439992 5.2
      vertex 16.3 0 5.2
    endloop
  endfacet
  facet normal 0.766049 0.100764 0.634835
    outer loop
      vertex 16.3579 -0.439992 5.2
      vertex 15.5315 -0.45758 6.2
      vertex 15.5574 -0.654483 6.2
    endloop
  endfacet
  facet normal 0.613031 -0.4703 0.634832
    outer loop
      vertex 16.7979 1.20208 5.2
      vertex 16.2119 1.78808 6.2
      vertex 15.931 1.42193 6.2
    endloop
  endfacet
  facet normal 0.470253 -0.613077 0.634822
    outer loop
      vertex 16.5781 2.06904 6.2
      vertex 17.069 1.41011 5.2
      vertex 17.15 1.47224 5.2
    endloop
  endfacet
  facet normal 0.470105 -0.613158 0.634853
    outer loop
      vertex 16.5781 2.06904 6.2
      vertex 16.9251 1.2997 5.2
      vertex 17.0008 1.37533 5.21699
    endloop
  endfacet
  facet normal 0.47047 -0.612895 0.634837
    outer loop
      vertex 16.5781 2.06904 6.2
      vertex 17.15 1.47224 5.2
      vertex 16.7356 2.18994 6.2
    endloop
  endfacet
  facet normal 0.470646 -0.612779 0.634818
    outer loop
      vertex 17.069 1.41011 5.2
      vertex 16.5781 2.06904 6.2
      vertex 17.0008 1.37533 5.21699
    endloop
  endfacet
  facet normal 0.470419 -0.612961 0.634811
    outer loop
      vertex 16.9251 1.2997 5.2
      vertex 16.5781 2.06904 6.2
      vertex 16.7979 1.20208 5.2
    endloop
  endfacet
  facet normal 0.100844 -0.766037 0.634837
    outer loop
      vertex 18 1.7 5.2
      vertex 18 2.52873 6.2
      vertex 17.5424 2.46849 6.2
    endloop
  endfacet
  facet normal 0.766053 0.100783 0.634828
    outer loop
      vertex 15.5315 -0.45758 6.2
      vertex 16.3 0 5.2
      vertex 15.4713 0 6.2
    endloop
  endfacet
  facet normal -0.100855 -0.766033 0.63484
    outer loop
      vertex 18.44 1.64207 5.2
      vertex 18.4576 2.46849 6.2
      vertex 18 1.7 5.2
    endloop
  endfacet
  facet normal -0.10088 -0.766031 0.634839
    outer loop
      vertex 18.4576 2.46849 6.2
      vertex 18.44 1.64207 5.2
      vertex 18.6545 2.44256 6.2
    endloop
  endfacet
  facet normal -0.612996 -0.470338 0.634837
    outer loop
      vertex 20.069 1.42193 6.2
      vertex 19.4722 0.849999 5.2
      vertex 20.1899 1.26436 6.2
    endloop
  endfacet
  facet normal -0.613113 -0.470199 0.634827
    outer loop
      vertex 20.069 1.42193 6.2
      vertex 19.4101 0.930974 5.2
      vertex 19.4722 0.849999 5.2
    endloop
  endfacet
  facet normal -0.612903 -0.470476 0.634825
    outer loop
      vertex 20.069 1.42193 6.2
      vertex 19.3753 0.999234 5.21699
      vertex 19.4101 0.930974 5.2
    endloop
  endfacet
  facet normal -0.613096 -0.4702 0.634842
    outer loop
      vertex 20.069 1.42193 6.2
      vertex 19.2997 1.07487 5.2
      vertex 19.3753 0.999234 5.21699
    endloop
  endfacet
  facet normal -0.613016 -0.470328 0.634825
    outer loop
      vertex 19.2997 1.07487 5.2
      vertex 20.069 1.42193 6.2
      vertex 19.2021 1.20208 5.2
    endloop
  endfacet
  facet normal -0.713833 -0.29568 0.634836
    outer loop
      vertex 19.4722 0.849999 5.2
      vertex 20.2659 1.08088 6.2
      vertex 20.1899 1.26436 6.2
    endloop
  endfacet
  facet normal -0.713752 -0.295903 0.634823
    outer loop
      vertex 19.563 0.630979 5.2
      vertex 20.2659 1.08088 6.2
      vertex 19.4722 0.849999 5.2
    endloop
  endfacet
  facet normal -0.713933 -0.29554 0.634788
    outer loop
      vertex 19.6168 0.525329 5.21132
      vertex 20.2659 1.08088 6.2
      vertex 19.563 0.630979 5.2
    endloop
  endfacet
  facet normal -0.711234 -0.295471 0.637843
    outer loop
      vertex 19.6421 0.439992 5.2
      vertex 19.6168 0.525329 5.21132
      vertex 19.623 0.485968 5.2
    endloop
  endfacet
  facet normal -0.713769 -0.295824 0.63484
    outer loop
      vertex 19.6168 0.525329 5.21132
      vertex 19.6421 0.439992 5.2
      vertex 20.2659 1.08088 6.2
    endloop
  endfacet
  facet normal 0 0 -1
    outer loop
      vertex 25.2 0 -3.8147e-07
      vertex 105 0 -3.8147e-07
      vertex 104.936 -3.66445 -3.8147e-07
    endloop
  endfacet
  facet normal 0 0 -1
    outer loop
      vertex 25.146 -1.64816 -3.8147e-07
      vertex 104.936 -3.66445 -3.8147e-07
      vertex 104.744 -7.32443 -3.8147e-07
    endloop
  endfacet
  facet normal 0 0 -1
    outer loop
      vertex 105 0 -3.8147e-07
      vertex 25.2 0 -3.8147e-07
      vertex 104.936 3.66445 -3.8147e-07
    endloop
  endfacet
  facet normal 0 0 -1
    outer loop
      vertex 25.146 -1.64816 -3.8147e-07
      vertex 104.744 -7.32443 -3.8147e-07
      vertex 104.425 -10.9755 -3.8147e-07
    endloop
  endfacet
  facet normal 0 0 -1
    outer loop
      vertex 25.146 1.64816 -3.8147e-07
      vertex 104.936 3.66445 -3.8147e-07
      vertex 25.2 0 -3.8147e-07
    endloop
  endfacet
  facet normal 0 0 -1
    outer loop
      vertex 24.9844 -3.28926 -3.8147e-07
      vertex 104.425 -10.9755 -3.8147e-07
      vertex 103.978 -14.6132 -3.8147e-07
    endloop
  endfacet
  facet normal -0 0 -1
    outer loop
      vertex 104.936 3.66445 -3.8147e-07
      vertex 25.146 1.64816 -3.8147e-07
      vertex 104.744 7.32443 -3.8147e-07
    endloop
  endfacet
  facet normal 0 0 -1
    outer loop
      vertex 24.9844 -3.28926 -3.8147e-07
      vertex 103.978 -14.6132 -3.8147e-07
      vertex 103.405 -18.2331 -3.8147e-07
    endloop
  endfacet
  facet normal -0 0 -1
    outer loop
      vertex 104.744 7.32443 -3.8147e-07
      vertex 25.146 1.64816 -3.8147e-07
      vertex 104.425 10.9755 -3.8147e-07
    endloop
  endfacet
  facet normal 0 0 -1
    outer loop
      vertex 24.7158 -4.91628 -3.8147e-07
      vertex 103.405 -18.2331 -3.8147e-07
      vertex 102.705 -21.8307 -3.8147e-07
    endloop
  endfacet
  facet normal 0 0 -1
    outer loop
      vertex 24.9844 3.28926 -3.8147e-07
      vertex 104.425 10.9755 -3.8147e-07
      vertex 25.146 1.64816 -3.8147e-07
    endloop
  endfacet
  facet normal 0 0 -1
    outer loop
      vertex 24.7158 -4.91628 -3.8147e-07
      vertex 102.705 -21.8307 -3.8147e-07
      vertex 101.881 -25.4018 -3.8147e-07
    endloop
  endfacet
  facet normal -0 0 -1
    outer loop
      vertex 104.425 10.9755 -3.8147e-07
      vertex 24.9844 3.28926 -3.8147e-07
      vertex 103.978 14.6132 -3.8147e-07
    endloop
  endfacet
  facet normal 0 0 -1
    outer loop
      vertex 24.3413 -6.52224 -3.8147e-07
      vertex 101.881 -25.4018 -3.8147e-07
      vertex 100.932 -28.9419 -3.8147e-07
    endloop
  endfacet
  facet normal -0 0 -1
    outer loop
      vertex 103.978 14.6132 -3.8147e-07
      vertex 24.9844 3.28926 -3.8147e-07
      vertex 103.405 18.2331 -3.8147e-07
    endloop
  endfacet
  facet normal 0 0 -1
    outer loop
      vertex 24.3413 -6.52224 -3.8147e-07
      vertex 100.932 -28.9419 -3.8147e-07
      vertex 99.8609 -32.4468 -3.8147e-07
    endloop
  endfacet
  facet normal 0 0 -1
    outer loop
      vertex 24.7158 4.91628 -3.8147e-07
      vertex 103.405 18.2331 -3.8147e-07
      vertex 24.9844 3.28926 -3.8147e-07
    endloop
  endfacet
  facet normal 0 0 -1
    outer loop
      vertex 23.8626 -8.10027 -3.8147e-07
      vertex 99.8609 -32.4468 -3.8147e-07
      vertex 98.6677 -35.9121 -3.8147e-07
    endloop
  endfacet
  facet normal -0 0 -1
    outer loop
      vertex 103.405 18.2331 -3.8147e-07
      vertex 24.7158 4.91628 -3.8147e-07
      vertex 102.705 21.8307 -3.8147e-07
    endloop
  endfacet
  facet normal 0 0 -1
    outer loop
      vertex 23.2818 -9.64362 -3.8147e-07
      vertex 98.6677 -35.9121 -3.8147e-07
      vertex 97.3543 -39.3337 -3.8147e-07
    endloop
  endfacet
  facet normal -0 0 -1
    outer loop
      vertex 102.705 21.8307 -3.8147e-07
      vertex 24.7158 4.91628 -3.8147e-07
      vertex 101.881 25.4018 -3.8147e-07
    endloop
  endfacet
  facet normal 0 0 -1
    outer loop
      vertex 23.2818 -9.64362 -3.8147e-07
      vertex 97.3543 -39.3337 -3.8147e-07
      vertex 95.9223 -42.7073 -3.8147e-07
    endloop
  endfacet
  facet normal 0 0 -1
    outer loop
      vertex 24.3413 6.52224 -3.8147e-07
      vertex 101.881 25.4018 -3.8147e-07
      vertex 24.7158 4.91628 -3.8147e-07
    endloop
  endfacet
  facet normal 0 0 -1
    outer loop
      vertex 22.6012 -11.1457 -3.8147e-07
      vertex 95.9223 -42.7073 -3.8147e-07
      vertex 94.3734 -46.029 -3.8147e-07
    endloop
  endfacet
  facet normal -0 0 -1
    outer loop
      vertex 101.881 25.4018 -3.8147e-07
      vertex 24.3413 6.52224 -3.8147e-07
      vertex 100.932 28.9419 -3.8147e-07
    endloop
  endfacet
  facet normal 0 0 -1
    outer loop
      vertex 22.6012 -11.1457 -3.8147e-07
      vertex 94.3734 -46.029 -3.8147e-07
      vertex 92.7095 -49.2945 -3.8147e-07
    endloop
  endfacet
  facet normal -0 0 -1
    outer loop
      vertex 100.932 28.9419 -3.8147e-07
      vertex 24.3413 6.52224 -3.8147e-07
      vertex 99.8609 32.4468 -3.8147e-07
    endloop
  endfacet
  facet normal 0 0 -1
    outer loop
      vertex 21.8238 -12.6 -3.8147e-07
      vertex 92.7095 -49.2945 -3.8147e-07
      vertex 90.9327 -52.5 -3.8147e-07
    endloop
  endfacet
  facet normal 0 0 -1
    outer loop
      vertex 23.8626 8.10027 -3.8147e-07
      vertex 99.8609 32.4468 -3.8147e-07
      vertex 24.3413 6.52224 -3.8147e-07
    endloop
  endfacet
  facet normal 0 0 -1
    outer loop
      vertex 21.8238 -12.6 -3.8147e-07
      vertex 90.9327 -52.5 -3.8147e-07
      vertex 89.0451 -55.6415 -3.8147e-07
    endloop
  endfacet
  facet normal -0 0 -1
    outer loop
      vertex 99.8609 32.4468 -3.8147e-07
      vertex 23.8626 8.10027 -3.8147e-07
      vertex 98.6677 35.9121 -3.8147e-07
    endloop
  endfacet
  facet normal 0 0 -1
    outer loop
      vertex 20.953 -14.0004 -3.8147e-07
      vertex 89.0451 -55.6415 -3.8147e-07
      vertex 87.0489 -58.7153 -3.8147e-07
    endloop
  endfacet
  facet normal 0 0 -1
    outer loop
      vertex 23.2818 9.64362 -3.8147e-07
      vertex 98.6677 35.9121 -3.8147e-07
      vertex 23.8626 8.10027 -3.8147e-07
    endloop
  endfacet
  facet normal 0 0 -1
    outer loop
      vertex 20.953 -14.0004 -3.8147e-07
      vertex 87.0489 -58.7153 -3.8147e-07
      vertex 84.9468 -61.7175 -3.8147e-07
    endloop
  endfacet
  facet normal -0 0 -1
    outer loop
      vertex 98.6677 35.9121 -3.8147e-07
      vertex 23.2818 9.64362 -3.8147e-07
      vertex 97.3543 39.3337 -3.8147e-07
    endloop
  endfacet
  facet normal 0 0 -1
    outer loop
      vertex 19.9925 -15.3408 -3.8147e-07
      vertex 84.9468 -61.7175 -3.8147e-07
      vertex 82.7411 -64.6445 -3.8147e-07
    endloop
  endfacet
  facet normal -0 0 -1
    outer loop
      vertex 97.3543 39.3337 -3.8147e-07
      vertex 23.2818 9.64362 -3.8147e-07
      vertex 95.9223 42.7073 -3.8147e-07
    endloop
  endfacet
  facet normal 0 0 -1
    outer loop
      vertex 19.9925 -15.3408 -3.8147e-07
      vertex 82.7411 -64.6445 -3.8147e-07
      vertex 80.4347 -67.4927 -3.8147e-07
    endloop
  endfacet
  facet normal 0 0 -1
    outer loop
      vertex 22.6012 11.1457 -3.8147e-07
      vertex 95.9223 42.7073 -3.8147e-07
      vertex 23.2818 9.64362 -3.8147e-07
    endloop
  endfacet
  facet normal 0 0 -1
    outer loop
      vertex 18.9464 -16.6155 -3.8147e-07
      vertex 80.4347 -67.4927 -3.8147e-07
      vertex 78.0302 -70.2587 -3.8147e-07
    endloop
  endfacet
  facet normal -0 0 -1
    outer loop
      vertex 95.9223 42.7073 -3.8147e-07
      vertex 22.6012 11.1457 -3.8147e-07
      vertex 94.3734 46.029 -3.8147e-07
    endloop
  endfacet
  facet normal 0 0 -1
    outer loop
      vertex 18.9464 -16.6155 -3.8147e-07
      vertex 78.0302 -70.2587 -3.8147e-07
      vertex 75.5307 -72.9391 -3.8147e-07
    endloop
  endfacet
  facet normal -0 0 -1
    outer loop
      vertex 94.3734 46.029 -3.8147e-07
      vertex 22.6012 11.1457 -3.8147e-07
      vertex 92.7095 49.2945 -3.8147e-07
    endloop
  endfacet
  facet normal 0 0 -1
    outer loop
      vertex 17.8191 -17.8191 -3.8147e-07
      vertex 75.5307 -72.9391 -3.8147e-07
      vertex 72.9391 -75.5307 -3.8147e-07
    endloop
  endfacet
  facet normal 0 0 -1
    outer loop
      vertex 21.8238 12.6 -3.8147e-07
      vertex 92.7095 49.2945 -3.8147e-07
      vertex 22.6012 11.1457 -3.8147e-07
    endloop
  endfacet
  facet normal 0 0 -1
    outer loop
      vertex 17.8191 -17.8191 -3.8147e-07
      vertex 72.9391 -75.5307 -3.8147e-07
      vertex 70.2587 -78.0302 -3.8147e-07
    endloop
  endfacet
  facet normal -0 0 -1
    outer loop
      vertex 92.7095 49.2945 -3.8147e-07
      vertex 21.8238 12.6 -3.8147e-07
      vertex 90.9327 52.5 -3.8147e-07
    endloop
  endfacet
  facet normal 0 0 -1
    outer loop
      vertex 16.6155 -18.9464 -3.8147e-07
      vertex 70.2587 -78.0302 -3.8147e-07
      vertex 67.4927 -80.4347 -3.8147e-07
    endloop
  endfacet
  facet normal -0 0 -1
    outer loop
      vertex 90.9327 52.5 -3.8147e-07
      vertex 21.8238 12.6 -3.8147e-07
      vertex 89.0451 55.6415 -3.8147e-07
    endloop
  endfacet
  facet normal 0 0 -1
    outer loop
      vertex 15.3408 -19.9925 -3.8147e-07
      vertex 67.4927 -80.4347 -3.8147e-07
      vertex 64.6445 -82.7411 -3.8147e-07
    endloop
  endfacet
  facet normal 0 0 -1
    outer loop
      vertex 20.953 14.0004 -3.8147e-07
      vertex 89.0451 55.6415 -3.8147e-07
      vertex 21.8238 12.6 -3.8147e-07
    endloop
  endfacet
  facet normal 0 0 -1
    outer loop
      vertex 15.3408 -19.9925 -3.8147e-07
      vertex 64.6445 -82.7411 -3.8147e-07
      vertex 61.7175 -84.9468 -3.8147e-07
    endloop
  endfacet
  facet normal -0 0 -1
    outer loop
      vertex 89.0451 55.6415 -3.8147e-07
      vertex 20.953 14.0004 -3.8147e-07
      vertex 87.0489 58.7153 -3.8147e-07
    endloop
  endfacet
  facet normal 0 0 -1
    outer loop
      vertex 14.0004 -20.953 -3.8147e-07
      vertex 61.7175 -84.9468 -3.8147e-07
      vertex 58.7153 -87.0489 -3.8147e-07
    endloop
  endfacet
  facet normal -0 0 -1
    outer loop
      vertex 87.0489 58.7153 -3.8147e-07
      vertex 20.953 14.0004 -3.8147e-07
      vertex 84.9468 61.7175 -3.8147e-07
    endloop
  endfacet
  facet normal 0 0 -1
    outer loop
      vertex 14.0004 -20.953 -3.8147e-07
      vertex 58.7153 -87.0489 -3.8147e-07
      vertex 55.6415 -89.0451 -3.8147e-07
    endloop
  endfacet
  facet normal 0 0 -1
    outer loop
      vertex 19.9925 15.3408 -3.8147e-07
      vertex 84.9468 61.7175 -3.8147e-07
      vertex 20.953 14.0004 -3.8147e-07
    endloop
  endfacet
  facet normal 0 0 -1
    outer loop
      vertex 12.6 -21.8238 -3.8147e-07
      vertex 55.6415 -89.0451 -3.8147e-07
      vertex 52.5 -90.9327 -3.8147e-07
    endloop
  endfacet
  facet normal -0 0 -1
    outer loop
      vertex 84.9468 61.7175 -3.8147e-07
      vertex 19.9925 15.3408 -3.8147e-07
      vertex 82.7411 64.6445 -3.8147e-07
    endloop
  endfacet
  facet normal 0 0 -1
    outer loop
      vertex 12.6 -21.8238 -3.8147e-07
      vertex 52.5 -90.9327 -3.8147e-07
      vertex 49.2945 -92.7095 -3.8147e-07
    endloop
  endfacet
  facet normal -0 0 -1
    outer loop
      vertex 82.7411 64.6445 -3.8147e-07
      vertex 19.9925 15.3408 -3.8147e-07
      vertex 80.4347 67.4927 -3.8147e-07
    endloop
  endfacet
  facet normal 0 0 -1
    outer loop
      vertex 11.1457 -22.6012 -3.8147e-07
      vertex 49.2945 -92.7095 -3.8147e-07
      vertex 46.029 -94.3734 -3.8147e-07
    endloop
  endfacet
  facet normal 0 0 -1
    outer loop
      vertex 18.9464 16.6155 -3.8147e-07
      vertex 80.4347 67.4927 -3.8147e-07
      vertex 19.9925 15.3408 -3.8147e-07
    endloop
  endfacet
  facet normal 0 0 -1
    outer loop
      vertex 11.1457 -22.6012 -3.8147e-07
      vertex 46.029 -94.3734 -3.8147e-07
      vertex 42.7073 -95.9223 -3.8147e-07
    endloop
  endfacet
  facet normal -0 0 -1
    outer loop
      vertex 80.4347 67.4927 -3.8147e-07
      vertex 18.9464 16.6155 -3.8147e-07
      vertex 78.0302 70.2587 -3.8147e-07
    endloop
  endfacet
  facet normal 0 0 -1
    outer loop
      vertex 9.64362 -23.2818 -3.8147e-07
      vertex 42.7073 -95.9223 -3.8147e-07
      vertex 39.3337 -97.3543 -3.8147e-07
    endloop
  endfacet
  facet normal -0 0 -1
    outer loop
      vertex 78.0302 70.2587 -3.8147e-07
      vertex 18.9464 16.6155 -3.8147e-07
      vertex 75.5307 72.9391 -3.8147e-07
    endloop
  endfacet
  facet normal 0 0 -1
    outer loop
      vertex 9.64362 -23.2818 -3.8147e-07
      vertex 39.3337 -97.3543 -3.8147e-07
      vertex 35.9121 -98.6677 -3.8147e-07
    endloop
  endfacet
  facet normal 0 0 -1
    outer loop
      vertex 17.8191 17.8191 -3.8147e-07
      vertex 75.5307 72.9391 -3.8147e-07
      vertex 18.9464 16.6155 -3.8147e-07
    endloop
  endfacet
  facet normal 0 0 -1
    outer loop
      vertex 8.10027 -23.8626 -3.8147e-07
      vertex 35.9121 -98.6677 -3.8147e-07
      vertex 32.4468 -99.8609 -3.8147e-07
    endloop
  endfacet
  facet normal -0 0 -1
    outer loop
      vertex 75.5307 72.9391 -3.8147e-07
      vertex 17.8191 17.8191 -3.8147e-07
      vertex 72.9391 75.5307 -3.8147e-07
    endloop
  endfacet
  facet normal 0 0 -1
    outer loop
      vertex 8.10027 -23.8626 -3.8147e-07
      vertex 32.4468 -99.8609 -3.8147e-07
      vertex 28.9419 -100.932 -3.8147e-07
    endloop
  endfacet
  facet normal -0 0 -1
    outer loop
      vertex 72.9391 75.5307 -3.8147e-07
      vertex 17.8191 17.8191 -3.8147e-07
      vertex 70.2587 78.0302 -3.8147e-07
    endloop
  endfacet
  facet normal 0 0 -1
    outer loop
      vertex 6.52224 -24.3413 -3.8147e-07
      vertex 28.9419 -100.932 -3.8147e-07
      vertex 25.4018 -101.881 -3.8147e-07
    endloop
  endfacet
  facet normal 0 0 -1
    outer loop
      vertex 16.6155 18.9464 -3.8147e-07
      vertex 70.2587 78.0302 -3.8147e-07
      vertex 17.8191 17.8191 -3.8147e-07
    endloop
  endfacet
  facet normal -0 0 -1
    outer loop
      vertex 70.2587 78.0302 -3.8147e-07
      vertex 16.6155 18.9464 -3.8147e-07
      vertex 67.4927 80.4347 -3.8147e-07
    endloop
  endfacet
  facet normal 0 0 -1
    outer loop
      vertex 104.936 -3.66445 -3.8147e-07
      vertex 25.146 -1.64816 -3.8147e-07
      vertex 25.2 0 -3.8147e-07
    endloop
  endfacet
  facet normal 0 0 -1
    outer loop
      vertex 104.425 -10.9755 -3.8147e-07
      vertex 24.9844 -3.28926 -3.8147e-07
      vertex 25.146 -1.64816 -3.8147e-07
    endloop
  endfacet
  facet normal 0 0 -1
    outer loop
      vertex 103.405 -18.2331 -3.8147e-07
      vertex 24.7158 -4.91628 -3.8147e-07
      vertex 24.9844 -3.28926 -3.8147e-07
    endloop
  endfacet
  facet normal 0 0 -1
    outer loop
      vertex 101.881 -25.4018 -3.8147e-07
      vertex 24.3413 -6.52224 -3.8147e-07
      vertex 24.7158 -4.91628 -3.8147e-07
    endloop
  endfacet
  facet normal 0 0 -1
    outer loop
      vertex 99.8609 -32.4468 -3.8147e-07
      vertex 23.8626 -8.10027 -3.8147e-07
      vertex 24.3413 -6.52224 -3.8147e-07
    endloop
  endfacet
  facet normal 0 0 -1
    outer loop
      vertex 98.6677 -35.9121 -3.8147e-07
      vertex 23.2818 -9.64362 -3.8147e-07
      vertex 23.8626 -8.10027 -3.8147e-07
    endloop
  endfacet
  facet normal 0 0 -1
    outer loop
      vertex 95.9223 -42.7073 -3.8147e-07
      vertex 22.6012 -11.1457 -3.8147e-07
      vertex 23.2818 -9.64362 -3.8147e-07
    endloop
  endfacet
  facet normal 0 0 -1
    outer loop
      vertex 6.52224 -24.3413 -3.8147e-07
      vertex 25.4018 -101.881 -3.8147e-07
      vertex 21.8307 -102.705 -3.8147e-07
    endloop
  endfacet
  facet normal 0 0 -1
    outer loop
      vertex 92.7095 -49.2945 -3.8147e-07
      vertex 21.8238 -12.6 -3.8147e-07
      vertex 22.6012 -11.1457 -3.8147e-07
    endloop
  endfacet
  facet normal 0 0 -1
    outer loop
      vertex 89.0451 -55.6415 -3.8147e-07
      vertex 20.953 -14.0004 -3.8147e-07
      vertex 21.8238 -12.6 -3.8147e-07
    endloop
  endfacet
  facet normal 0 0 -1
    outer loop
      vertex 84.9468 -61.7175 -3.8147e-07
      vertex 19.9925 -15.3408 -3.8147e-07
      vertex 20.953 -14.0004 -3.8147e-07
    endloop
  endfacet
  facet normal 0 0 -1
    outer loop
      vertex 80.4347 -67.4927 -3.8147e-07
      vertex 18.9464 -16.6155 -3.8147e-07
      vertex 19.9925 -15.3408 -3.8147e-07
    endloop
  endfacet
  facet normal 0 0 -1
    outer loop
      vertex 4.91628 -24.7158 -3.8147e-07
      vertex 21.8307 -102.705 -3.8147e-07
      vertex 18.2331 -103.405 -3.8147e-07
    endloop
  endfacet
  facet normal 0 0 -1
    outer loop
      vertex 75.5307 -72.9391 -3.8147e-07
      vertex 17.8191 -17.8191 -3.8147e-07
      vertex 18.9464 -16.6155 -3.8147e-07
    endloop
  endfacet
  facet normal 0 0 -1
    outer loop
      vertex 70.2587 -78.0302 -3.8147e-07
      vertex 16.6155 -18.9464 -3.8147e-07
      vertex 17.8191 -17.8191 -3.8147e-07
    endloop
  endfacet
  facet normal 0 0 -1
    outer loop
      vertex 67.4927 -80.4347 -3.8147e-07
      vertex 15.3408 -19.9925 -3.8147e-07
      vertex 16.6155 -18.9464 -3.8147e-07
    endloop
  endfacet
  facet normal 0 0 -1
    outer loop
      vertex 3.28926 -24.9844 -3.8147e-07
      vertex 18.2331 -103.405 -3.8147e-07
      vertex 14.6132 -103.978 -3.8147e-07
    endloop
  endfacet
  facet normal 0 0 -1
    outer loop
      vertex 61.7175 -84.9468 -3.8147e-07
      vertex 14.0004 -20.953 -3.8147e-07
      vertex 15.3408 -19.9925 -3.8147e-07
    endloop
  endfacet
  facet normal 0 0 -1
    outer loop
      vertex 55.6415 -89.0451 -3.8147e-07
      vertex 12.6 -21.8238 -3.8147e-07
      vertex 14.0004 -20.953 -3.8147e-07
    endloop
  endfacet
  facet normal 0 0 -1
    outer loop
      vertex 49.2945 -92.7095 -3.8147e-07
      vertex 11.1457 -22.6012 -3.8147e-07
      vertex 12.6 -21.8238 -3.8147e-07
    endloop
  endfacet
  facet normal 0 0 -1
    outer loop
      vertex 3.28926 -24.9844 -3.8147e-07
      vertex 14.6132 -103.978 -3.8147e-07
      vertex 10.9755 -104.425 -3.8147e-07
    endloop
  endfacet
  facet normal 0 0 -1
    outer loop
      vertex 42.7073 -95.9223 -3.8147e-07
      vertex 9.64362 -23.2818 -3.8147e-07
      vertex 11.1457 -22.6012 -3.8147e-07
    endloop
  endfacet
  facet normal 0 0 -1
    outer loop
      vertex 35.9121 -98.6677 -3.8147e-07
      vertex 8.10027 -23.8626 -3.8147e-07
      vertex 9.64362 -23.2818 -3.8147e-07
    endloop
  endfacet
  facet normal 0 0 -1
    outer loop
      vertex 1.64816 -25.146 -3.8147e-07
      vertex 10.9755 -104.425 -3.8147e-07
      vertex 7.32443 -104.744 -3.8147e-07
    endloop
  endfacet
  facet normal 0 0 -1
    outer loop
      vertex 28.9419 -100.932 -3.8147e-07
      vertex 6.52224 -24.3413 -3.8147e-07
      vertex 8.10027 -23.8626 -3.8147e-07
    endloop
  endfacet
  facet normal 0 0 -1
    outer loop
      vertex 21.8307 -102.705 -3.8147e-07
      vertex 4.91628 -24.7158 -3.8147e-07
      vertex 6.52224 -24.3413 -3.8147e-07
    endloop
  endfacet
  facet normal 0 0 -1
    outer loop
      vertex 1.64816 -25.146 -3.8147e-07
      vertex 7.32443 -104.744 -3.8147e-07
      vertex 3.66445 -104.936 -3.8147e-07
    endloop
  endfacet
  facet normal 0 0 -1
    outer loop
      vertex 18.2331 -103.405 -3.8147e-07
      vertex 3.28926 -24.9844 -3.8147e-07
      vertex 4.91628 -24.7158 -3.8147e-07
    endloop
  endfacet
  facet normal 0 0 -1
    outer loop
      vertex 10.9755 -104.425 -3.8147e-07
      vertex 1.64816 -25.146 -3.8147e-07
      vertex 3.28926 -24.9844 -3.8147e-07
    endloop
  endfacet
  facet normal 0 0 -1
    outer loop
      vertex 0.15 -25.1951 -3.8147e-07
      vertex 3.66445 -104.936 -3.8147e-07
      vertex 0.15 -104.997 -3.8147e-07
    endloop
  endfacet
  facet normal 0 0 -1
    outer loop
      vertex 3.66445 -104.936 -3.8147e-07
      vertex 0.15 -25.1951 -3.8147e-07
      vertex 1.64816 -25.146 -3.8147e-07
    endloop
  endfacet
  facet normal 0 0 -1
    outer loop
      vertex 15.3408 19.9925 -3.8147e-07
      vertex 67.4927 80.4347 -3.8147e-07
      vertex 16.6155 18.9464 -3.8147e-07
    endloop
  endfacet
  facet normal -0 0 -1
    outer loop
      vertex 67.4927 80.4347 -3.8147e-07
      vertex 15.3408 19.9925 -3.8147e-07
      vertex 64.6445 82.7411 -3.8147e-07
    endloop
  endfacet
  facet normal -0 0 -1
    outer loop
      vertex 64.6445 82.7411 -3.8147e-07
      vertex 15.3408 19.9925 -3.8147e-07
      vertex 61.7175 84.9468 -3.8147e-07
    endloop
  endfacet
  facet normal 0 0 -1
    outer loop
      vertex 14.0004 20.953 -3.8147e-07
      vertex 61.7175 84.9468 -3.8147e-07
      vertex 15.3408 19.9925 -3.8147e-07
    endloop
  endfacet
  facet normal -0 0 -1
    outer loop
      vertex 61.7175 84.9468 -3.8147e-07
      vertex 14.0004 20.953 -3.8147e-07
      vertex 58.7153 87.0489 -3.8147e-07
    endloop
  endfacet
  facet normal -0 0 -1
    outer loop
      vertex 58.7153 87.0489 -3.8147e-07
      vertex 14.0004 20.953 -3.8147e-07
      vertex 55.6415 89.0451 -3.8147e-07
    endloop
  endfacet
  facet normal 0 0 -1
    outer loop
      vertex 12.6 21.8238 -3.8147e-07
      vertex 55.6415 89.0451 -3.8147e-07
      vertex 14.0004 20.953 -3.8147e-07
    endloop
  endfacet
  facet normal -0 0 -1
    outer loop
      vertex 55.6415 89.0451 -3.8147e-07
      vertex 12.6 21.8238 -3.8147e-07
      vertex 52.5 90.9327 -3.8147e-07
    endloop
  endfacet
  facet normal -0 0 -1
    outer loop
      vertex 52.5 90.9327 -3.8147e-07
      vertex 12.6 21.8238 -3.8147e-07
      vertex 49.2945 92.7095 -3.8147e-07
    endloop
  endfacet
  facet normal 0 0 -1
    outer loop
      vertex 11.1457 22.6012 -3.8147e-07
      vertex 49.2945 92.7095 -3.8147e-07
      vertex 12.6 21.8238 -3.8147e-07
    endloop
  endfacet
  facet normal -0 0 -1
    outer loop
      vertex 49.2945 92.7095 -3.8147e-07
      vertex 11.1457 22.6012 -3.8147e-07
      vertex 46.029 94.3734 -3.8147e-07
    endloop
  endfacet
  facet normal -0 0 -1
    outer loop
      vertex 46.029 94.3734 -3.8147e-07
      vertex 11.1457 22.6012 -3.8147e-07
      vertex 42.7073 95.9223 -3.8147e-07
    endloop
  endfacet
  facet normal 0 0 -1
    outer loop
      vertex 9.64362 23.2818 -3.8147e-07
      vertex 42.7073 95.9223 -3.8147e-07
      vertex 11.1457 22.6012 -3.8147e-07
    endloop
  endfacet
  facet normal -0 0 -1
    outer loop
      vertex 42.7073 95.9223 -3.8147e-07
      vertex 9.64362 23.2818 -3.8147e-07
      vertex 39.3337 97.3543 -3.8147e-07
    endloop
  endfacet
  facet normal -0 0 -1
    outer loop
      vertex 39.3337 97.3543 -3.8147e-07
      vertex 9.64362 23.2818 -3.8147e-07
      vertex 35.9121 98.6677 -3.8147e-07
    endloop
  endfacet
  facet normal 0 0 -1
    outer loop
      vertex 8.10027 23.8626 -3.8147e-07
      vertex 35.9121 98.6677 -3.8147e-07
      vertex 9.64362 23.2818 -3.8147e-07
    endloop
  endfacet
  facet normal -0 0 -1
    outer loop
      vertex 35.9121 98.6677 -3.8147e-07
      vertex 8.10027 23.8626 -3.8147e-07
      vertex 32.4468 99.8609 -3.8147e-07
    endloop
  endfacet
  facet normal -0 0 -1
    outer loop
      vertex 32.4468 99.8609 -3.8147e-07
      vertex 8.10027 23.8626 -3.8147e-07
      vertex 28.9419 100.932 -3.8147e-07
    endloop
  endfacet
  facet normal 0 0 -1
    outer loop
      vertex 6.52224 24.3413 -3.8147e-07
      vertex 28.9419 100.932 -3.8147e-07
      vertex 8.10027 23.8626 -3.8147e-07
    endloop
  endfacet
  facet normal -0 0 -1
    outer loop
      vertex 28.9419 100.932 -3.8147e-07
      vertex 6.52224 24.3413 -3.8147e-07
      vertex 25.4018 101.881 -3.8147e-07
    endloop
  endfacet
  facet normal -0 0 -1
    outer loop
      vertex 25.4018 101.881 -3.8147e-07
      vertex 6.52224 24.3413 -3.8147e-07
      vertex 21.8307 102.705 -3.8147e-07
    endloop
  endfacet
  facet normal 0 0 -1
    outer loop
      vertex 4.91628 24.7158 -3.8147e-07
      vertex 21.8307 102.705 -3.8147e-07
      vertex 6.52224 24.3413 -3.8147e-07
    endloop
  endfacet
  facet normal -0 0 -1
    outer loop
      vertex 21.8307 102.705 -3.8147e-07
      vertex 4.91628 24.7158 -3.8147e-07
      vertex 18.2331 103.405 -3.8147e-07
    endloop
  endfacet
  facet normal 0 0 -1
    outer loop
      vertex 3.28926 24.9844 -3.8147e-07
      vertex 18.2331 103.405 -3.8147e-07
      vertex 4.91628 24.7158 -3.8147e-07
    endloop
  endfacet
  facet normal -0 0 -1
    outer loop
      vertex 18.2331 103.405 -3.8147e-07
      vertex 3.28926 24.9844 -3.8147e-07
      vertex 14.6132 103.978 -3.8147e-07
    endloop
  endfacet
  facet normal -0 0 -1
    outer loop
      vertex 14.6132 103.978 -3.8147e-07
      vertex 3.28926 24.9844 -3.8147e-07
      vertex 10.9755 104.425 -3.8147e-07
    endloop
  endfacet
  facet normal 0 0 -1
    outer loop
      vertex 1.64816 25.146 -3.8147e-07
      vertex 10.9755 104.425 -3.8147e-07
      vertex 3.28926 24.9844 -3.8147e-07
    endloop
  endfacet
  facet normal -0 0 -1
    outer loop
      vertex 10.9755 104.425 -3.8147e-07
      vertex 1.64816 25.146 -3.8147e-07
      vertex 7.32443 104.744 -3.8147e-07
    endloop
  endfacet
  facet normal -0 0 -1
    outer loop
      vertex 7.32443 104.744 -3.8147e-07
      vertex 1.64816 25.146 -3.8147e-07
      vertex 3.66445 104.936 -3.8147e-07
    endloop
  endfacet
  facet normal 0 0 -1
    outer loop
      vertex 0.15 25.1951 -3.8147e-07
      vertex 3.66445 104.936 -3.8147e-07
      vertex 1.64816 25.146 -3.8147e-07
    endloop
  endfacet
  facet normal -0 0 -1
    outer loop
      vertex 3.66445 104.936 -3.8147e-07
      vertex 0.15 25.1951 -3.8147e-07
      vertex 0.15 104.997 -3.8147e-07
    endloop
  endfacet
  facet normal 0.0123383 0.706623 0.707483
    outer loop
      vertex 3.64351 104.336 8.5
      vertex 0.15 104.973 7.9247
      vertex 0.15 104.397 8.5
    endloop
  endfacet
  facet normal 0.0124143 0.706842 0.707263
    outer loop
      vertex 3.66445 104.936 7.89999
      vertex 0.15 104.973 7.9247
      vertex 3.64351 104.336 8.5
    endloop
  endfacet
  facet normal 0.0124498 0.717282 0.696672
    outer loop
      vertex 0.15 104.973 7.9247
      vertex 3.66445 104.936 7.89999
      vertex 0.15 104.997 7.89999
    endloop
  endfacet
  facet normal -0.0174796 -0.999847 0
    outer loop
      vertex 0.15 100.997 7
      vertex 3.52485 100.938 8.5
      vertex 0.15 100.997 8.5
    endloop
  endfacet
  facet normal -0.0174796 -0.999847 -0
    outer loop
      vertex 3.52485 100.938 8.5
      vertex 0.15 100.997 7
      vertex 3.52485 100.938 7
    endloop
  endfacet
  facet normal 0.0173543 0.999849 -0
    outer loop
      vertex 3.66445 104.936 -3.8147e-07
      vertex 0.15 104.997 7.89999
      vertex 3.66445 104.936 7.89999
    endloop
  endfacet
  facet normal 0.0173543 0.999849 0
    outer loop
      vertex 0.15 104.997 7.89999
      vertex 3.66445 104.936 -3.8147e-07
      vertex 0.15 104.997 -3.8147e-07
    endloop
  endfacet
  facet normal 0.0368606 0.705989 0.707263
    outer loop
      vertex 7.28257 104.146 8.5
      vertex 3.66445 104.936 7.89999
      vertex 3.64351 104.336 8.5
    endloop
  endfacet
  facet normal 0.0370631 0.706511 0.70673
    outer loop
      vertex 7.28257 104.146 8.5
      vertex 7.32443 104.744 7.89999
      vertex 3.66445 104.936 7.89999
    endloop
  endfacet
  facet normal -0.0521933 -0.998637 0
    outer loop
      vertex 3.52485 100.938 7
      vertex 7.0454 100.754 8.5
      vertex 3.52485 100.938 8.5
    endloop
  endfacet
  facet normal -0.0521933 -0.998637 -0
    outer loop
      vertex 7.0454 100.754 8.5
      vertex 3.52485 100.938 7
      vertex 7.0454 100.754 7
    endloop
  endfacet
  facet normal 0.0523873 0.998627 -0
    outer loop
      vertex 7.32443 104.744 -3.8147e-07
      vertex 3.66445 104.936 7.89999
      vertex 7.32443 104.744 7.89999
    endloop
  endfacet
  facet normal 0.0523873 0.998627 0
    outer loop
      vertex 3.66445 104.936 7.89999
      vertex 7.32443 104.744 -3.8147e-07
      vertex 3.66445 104.936 -3.8147e-07
    endloop
  endfacet
  facet normal 0.0617375 0.704784 0.70673
    outer loop
      vertex 10.9128 103.828 8.5
      vertex 7.32443 104.744 7.89999
      vertex 7.28257 104.146 8.5
    endloop
  endfacet
  facet normal 0.0615373 0.704317 0.707214
    outer loop
      vertex 10.9128 103.828 8.5
      vertex 10.9755 104.425 7.89999
      vertex 7.32443 104.744 7.89999
    endloop
  endfacet
  facet normal -0.0870825 -0.996201 0
    outer loop
      vertex 7.0454 100.754 7
      vertex 10.5574 100.447 8.5
      vertex 7.0454 100.754 8.5
    endloop
  endfacet
  facet normal -0.0870825 -0.996201 -0
    outer loop
      vertex 10.5574 100.447 8.5
      vertex 7.0454 100.754 7
      vertex 10.5574 100.447 7
    endloop
  endfacet
  facet normal 0.0870401 0.996205 -0
    outer loop
      vertex 10.9755 104.425 -3.8147e-07
      vertex 7.32443 104.744 7.89999
      vertex 10.9755 104.425 7.89999
    endloop
  endfacet
  facet normal 0.0870401 0.996205 0
    outer loop
      vertex 7.32443 104.744 7.89999
      vertex 10.9755 104.425 -3.8147e-07
      vertex 7.32443 104.744 -3.8147e-07
    endloop
  endfacet
  facet normal 0.0861426 0.701732 0.707214
    outer loop
      vertex 14.5297 103.384 8.5
      vertex 10.9755 104.425 7.89999
      vertex 10.9128 103.828 8.5
    endloop
  endfacet
  facet normal 0.0862592 0.70198 0.706953
    outer loop
      vertex 14.5297 103.384 8.5
      vertex 14.6132 103.978 7.89999
      vertex 10.9755 104.425 7.89999
    endloop
  endfacet
  facet normal -0.121971 -0.992534 0
    outer loop
      vertex 10.5574 100.447 7
      vertex 14.0565 100.017 8.5
      vertex 10.5574 100.447 8.5
    endloop
  endfacet
  facet normal -0.121971 -0.992534 -0
    outer loop
      vertex 14.0565 100.017 8.5
      vertex 10.5574 100.447 7
      vertex 14.0565 100.017 7
    endloop
  endfacet
  facet normal 0.121963 0.992535 -0
    outer loop
      vertex 14.6132 103.978 -3.8147e-07
      vertex 10.9755 104.425 7.89999
      vertex 14.6132 103.978 7.89999
    endloop
  endfacet
  facet normal 0.121963 0.992535 0
    outer loop
      vertex 10.9755 104.425 7.89999
      vertex 14.6132 103.978 -3.8147e-07
      vertex 10.9755 104.425 -3.8147e-07
    endloop
  endfacet
  facet normal 0.110629 0.698555 0.706953
    outer loop
      vertex 18.1289 102.814 8.5
      vertex 14.6132 103.978 7.89999
      vertex 14.5297 103.384 8.5
    endloop
  endfacet
  facet normal 0.110551 0.698403 0.707115
    outer loop
      vertex 18.1289 102.814 8.5
      vertex 18.2331 103.405 7.89999
      vertex 14.6132 103.978 7.89999
    endloop
  endfacet
  facet normal -0.156408 -0.987692 0
    outer loop
      vertex 14.0565 100.017 7
      vertex 17.5385 99.4656 8.5
      vertex 14.0565 100.017 8.5
    endloop
  endfacet
  facet normal -0.156408 -0.987692 -0
    outer loop
      vertex 17.5385 99.4656 8.5
      vertex 14.0565 100.017 7
      vertex 17.5385 99.4656 7
    endloop
  endfacet
  facet normal 0.156345 0.987702 -0
    outer loop
      vertex 18.2331 103.405 -3.8147e-07
      vertex 14.6132 103.978 7.89999
      vertex 18.2331 103.405 7.89999
    endloop
  endfacet
  facet normal 0.156345 0.987702 0
    outer loop
      vertex 14.6132 103.978 7.89999
      vertex 18.2331 103.405 -3.8147e-07
      vertex 14.6132 103.978 -3.8147e-07
    endloop
  endfacet
  facet normal 0.134861 0.694118 0.707116
    outer loop
      vertex 21.706 102.119 8.5
      vertex 18.2331 103.405 7.89999
      vertex 18.1289 102.814 8.5
    endloop
  endfacet
  facet normal 0.135162 0.694657 0.706528
    outer loop
      vertex 21.706 102.119 8.5
      vertex 21.8307 102.705 7.89999
      vertex 18.2331 103.405 7.89999
    endloop
  endfacet
  facet normal -0.190817 -0.981626 0
    outer loop
      vertex 17.5385 99.4656 7
      vertex 20.9991 98.7929 8.5
      vertex 17.5385 99.4656 8.5
    endloop
  endfacet
  facet normal -0.190817 -0.981626 -0
    outer loop
      vertex 20.9991 98.7929 8.5
      vertex 17.5385 99.4656 7
      vertex 20.9991 98.7929 7
    endloop
  endfacet
  facet normal 0.190992 0.981592 -0
    outer loop
      vertex 21.8307 102.705 -3.8147e-07
      vertex 18.2331 103.405 7.89999
      vertex 21.8307 102.705 7.89999
    endloop
  endfacet
  facet normal 0.190992 0.981592 0
    outer loop
      vertex 18.2331 103.405 7.89999
      vertex 21.8307 102.705 -3.8147e-07
      vertex 18.2331 103.405 -3.8147e-07
    endloop
  endfacet
  facet normal 0.159246 0.689534 0.706529
    outer loop
      vertex 25.2566 101.299 8.5
      vertex 21.8307 102.705 7.89999
      vertex 21.706 102.119 8.5
    endloop
  endfacet
  facet normal 0.159016 0.689155 0.706951
    outer loop
      vertex 25.2566 101.299 8.5
      vertex 25.4018 101.881 7.89999
      vertex 21.8307 102.705 7.89999
    endloop
  endfacet
  facet normal -0.224942 -0.974372 0
    outer loop
      vertex 20.9991 98.7929 7
      vertex 24.4341 97.9999 8.5
      vertex 20.9991 98.7929 8.5
    endloop
  endfacet
  facet normal -0.224942 -0.974372 -0
    outer loop
      vertex 24.4341 97.9999 8.5
      vertex 20.9991 98.7929 7
      vertex 24.4341 97.9999 7
    endloop
  endfacet
  facet normal 0.224834 0.974397 -0
    outer loop
      vertex 25.4018 101.881 -3.8147e-07
      vertex 21.8307 102.705 7.89999
      vertex 25.4018 101.881 7.89999
    endloop
  endfacet
  facet normal 0.224834 0.974397 0
    outer loop
      vertex 21.8307 102.705 7.89999
      vertex 25.4018 101.881 -3.8147e-07
      vertex 21.8307 102.705 -3.8147e-07
    endloop
  endfacet
  facet normal 0.183024 0.683168 0.706953
    outer loop
      vertex 28.7765 100.356 8.5
      vertex 25.4018 101.881 7.89999
      vertex 25.2566 101.299 8.5
    endloop
  endfacet
  facet normal 0.183217 0.683463 0.706619
    outer loop
      vertex 28.7765 100.356 8.5
      vertex 28.9419 100.932 7.89999
      vertex 25.4018 101.881 7.89999
    endloop
  endfacet
  facet normal -0.258833 -0.965922 0
    outer loop
      vertex 24.4341 97.9999 7
      vertex 27.8394 97.0874 8.5
      vertex 24.4341 97.9999 8.5
    endloop
  endfacet
  facet normal -0.258833 -0.965922 -0
    outer loop
      vertex 27.8394 97.0874 8.5
      vertex 24.4341 97.9999 7
      vertex 27.8394 97.0874 7
    endloop
  endfacet
  facet normal 0.258929 0.965896 -0
    outer loop
      vertex 28.9419 100.932 -3.8147e-07
      vertex 25.4018 101.881 7.89999
      vertex 28.9419 100.932 7.89999
    endloop
  endfacet
  facet normal 0.258929 0.965896 0
    outer loop
      vertex 25.4018 101.881 7.89999
      vertex 28.9419 100.932 -3.8147e-07
      vertex 25.4018 101.881 -3.8147e-07
    endloop
  endfacet
  facet normal 0.206925 0.676658 0.706623
    outer loop
      vertex 32.2614 99.2903 8.5
      vertex 28.9419 100.932 7.89999
      vertex 28.7765 100.356 8.5
    endloop
  endfacet
  facet normal 0.206681 0.676312 0.707025
    outer loop
      vertex 32.2614 99.2903 8.5
      vertex 32.4468 99.8609 7.89999
      vertex 28.9419 100.932 7.89999
    endloop
  endfacet
  facet normal -0.292369 -0.956306 0
    outer loop
      vertex 27.8394 97.0874 7
      vertex 31.2107 96.0567 8.5
      vertex 27.8394 97.0874 8.5
    endloop
  endfacet
  facet normal -0.292369 -0.956306 -0
    outer loop
      vertex 31.2107 96.0567 8.5
      vertex 27.8394 97.0874 7
      vertex 31.2107 96.0567 7
    endloop
  endfacet
  facet normal 0.292258 0.956339 -0
    outer loop
      vertex 32.4468 99.8609 -3.8147e-07
      vertex 28.9419 100.932 7.89999
      vertex 32.4468 99.8609 7.89999
    endloop
  endfacet
  facet normal 0.292258 0.956339 0
    outer loop
      vertex 28.9419 100.932 7.89999
      vertex 32.4468 99.8609 -3.8147e-07
      vertex 28.9419 100.932 -3.8147e-07
    endloop
  endfacet
  facet normal 0.230241 0.668658 0.707026
    outer loop
      vertex 35.7069 98.1039 8.5
      vertex 32.4468 99.8609 7.89999
      vertex 32.2614 99.2903 8.5
    endloop
  endfacet
  facet normal 0.230235 0.668649 0.707036
    outer loop
      vertex 35.7069 98.1039 8.5
      vertex 35.9121 98.6677 7.89999
      vertex 32.4468 99.8609 7.89999
    endloop
  endfacet
  facet normal -0.325556 -0.945523 0
    outer loop
      vertex 31.2107 96.0567 7
      vertex 34.544 94.909 8.5
      vertex 31.2107 96.0567 8.5
    endloop
  endfacet
  facet normal -0.325556 -0.945523 -0
    outer loop
      vertex 34.544 94.909 8.5
      vertex 31.2107 96.0567 7
      vertex 34.544 94.909 7
    endloop
  endfacet
  facet normal 0.325569 0.945518 -0
    outer loop
      vertex 35.9121 98.6677 -3.8147e-07
      vertex 32.4468 99.8609 7.89999
      vertex 35.9121 98.6677 7.89999
    endloop
  endfacet
  facet normal 0.325569 0.945518 0
    outer loop
      vertex 32.4468 99.8609 7.89999
      vertex 35.9121 98.6677 -3.8147e-07
      vertex 32.4468 99.8609 -3.8147e-07
    endloop
  endfacet
  facet normal 0.253429 0.660208 0.707036
    outer loop
      vertex 39.1089 96.798 8.5
      vertex 35.9121 98.6677 7.89999
      vertex 35.7069 98.1039 8.5
    endloop
  endfacet
  facet normal 0.25342 0.660197 0.707049
    outer loop
      vertex 39.1089 96.798 8.5
      vertex 39.3337 97.3543 7.89999
      vertex 35.9121 98.6677 7.89999
    endloop
  endfacet
  facet normal -0.358365 -0.933582 0
    outer loop
      vertex 34.544 94.909 7
      vertex 37.8353 93.6456 8.5
      vertex 34.544 94.909 8.5
    endloop
  endfacet
  facet normal -0.358365 -0.933582 -0
    outer loop
      vertex 37.8353 93.6456 8.5
      vertex 34.544 94.909 7
      vertex 37.8353 93.6456 7
    endloop
  endfacet
  facet normal 0.358361 0.933583 -0
    outer loop
      vertex 39.3337 97.3543 -3.8147e-07
      vertex 35.9121 98.6677 7.89999
      vertex 39.3337 97.3543 7.89999
    endloop
  endfacet
  facet normal 0.358361 0.933583 0
    outer loop
      vertex 35.9121 98.6677 7.89999
      vertex 39.3337 97.3543 -3.8147e-07
      vertex 35.9121 98.6677 -3.8147e-07
    endloop
  endfacet
  facet normal 0.276318 0.650945 0.70705
    outer loop
      vertex 42.4633 95.3741 8.5
      vertex 39.3337 97.3543 7.89999
      vertex 39.1089 96.798 8.5
    endloop
  endfacet
  facet normal 0.276299 0.650923 0.707077
    outer loop
      vertex 42.4633 95.3741 8.5
      vertex 42.7073 95.9223 7.89999
      vertex 39.3337 97.3543 7.89999
    endloop
  endfacet
  facet normal -0.39074 -0.920501 0
    outer loop
      vertex 37.8353 93.6456 7
      vertex 41.0804 92.2681 8.5
      vertex 37.8353 93.6456 8.5
    endloop
  endfacet
  facet normal -0.39074 -0.920501 -0
    outer loop
      vertex 41.0804 92.2681 8.5
      vertex 37.8353 93.6456 7
      vertex 41.0804 92.2681 7
    endloop
  endfacet
  facet normal 0.390729 0.920506 -0
    outer loop
      vertex 42.7073 95.9223 -3.8147e-07
      vertex 39.3337 97.3543 7.89999
      vertex 42.7073 95.9223 7.89999
    endloop
  endfacet
  facet normal 0.390729 0.920506 0
    outer loop
      vertex 39.3337 97.3543 7.89999
      vertex 42.7073 95.9223 -3.8147e-07
      vertex 39.3337 97.3543 -3.8147e-07
    endloop
  endfacet
  facet normal 0.298845 0.640887 0.707075
    outer loop
      vertex 45.7659 93.8341 8.5
      vertex 42.7073 95.9223 7.89999
      vertex 42.4633 95.3741 8.5
    endloop
  endfacet
  facet normal 0.298843 0.640884 0.707079
    outer loop
      vertex 45.7659 93.8341 8.5
      vertex 46.029 94.3734 7.89999
      vertex 42.7073 95.9223 7.89999
    endloop
  endfacet
  facet normal -0.422618 -0.906308 0
    outer loop
      vertex 41.0804 92.2681 7
      vertex 44.2755 90.7782 8.5
      vertex 41.0804 92.2681 8.5
    endloop
  endfacet
  facet normal -0.422618 -0.906308 -0
    outer loop
      vertex 44.2755 90.7782 8.5
      vertex 41.0804 92.2681 7
      vertex 44.2755 90.7782 7
    endloop
  endfacet
  facet normal 0.422611 0.906311 -0
    outer loop
      vertex 46.029 94.3734 -3.8147e-07
      vertex 42.7073 95.9223 7.89999
      vertex 46.029 94.3734 7.89999
    endloop
  endfacet
  facet normal 0.422611 0.906311 0
    outer loop
      vertex 42.7073 95.9223 7.89999
      vertex 46.029 94.3734 -3.8147e-07
      vertex 42.7073 95.9223 -3.8147e-07
    endloop
  endfacet
  facet normal 0.321035 0.630059 0.70708
    outer loop
      vertex 49.0128 92.1797 8.5
      vertex 46.029 94.3734 7.89999
      vertex 45.7659 93.8341 8.5
    endloop
  endfacet
  facet normal 0.321044 0.630068 0.707068
    outer loop
      vertex 49.0128 92.1797 8.5
      vertex 49.2945 92.7095 7.89999
      vertex 46.029 94.3734 7.89999
    endloop
  endfacet
  facet normal -0.453997 -0.891003 0
    outer loop
      vertex 44.2755 90.7782 7
      vertex 47.4166 89.1777 8.5
      vertex 44.2755 90.7782 8.5
    endloop
  endfacet
  facet normal -0.453997 -0.891003 -0
    outer loop
      vertex 47.4166 89.1777 8.5
      vertex 44.2755 90.7782 7
      vertex 47.4166 89.1777 7
    endloop
  endfacet
  facet normal 0.454 0.891002 -0
    outer loop
      vertex 49.2945 92.7095 -3.8147e-07
      vertex 46.029 94.3734 7.89999
      vertex 49.2945 92.7095 7.89999
    endloop
  endfacet
  facet normal 0.454 0.891002 0
    outer loop
      vertex 46.029 94.3734 7.89999
      vertex 49.2945 92.7095 -3.8147e-07
      vertex 46.029 94.3734 -3.8147e-07
    endloop
  endfacet
  facet normal 0.342832 0.618483 0.707068
    outer loop
      vertex 52.2 90.413 8.5
      vertex 49.2945 92.7095 7.89999
      vertex 49.0128 92.1797 8.5
    endloop
  endfacet
  facet normal 0.342814 0.618467 0.707091
    outer loop
      vertex 52.2 90.413 8.5
      vertex 52.5 90.9327 7.89999
      vertex 49.2945 92.7095 7.89999
    endloop
  endfacet
  facet normal -0.484797 -0.874627 0
    outer loop
      vertex 47.4166 89.1777 7
      vertex 50.5 87.4686 8.5
      vertex 47.4166 89.1777 8.5
    endloop
  endfacet
  facet normal -0.484797 -0.874627 -0
    outer loop
      vertex 50.5 87.4686 8.5
      vertex 47.4166 89.1777 7
      vertex 50.5 87.4686 7
    endloop
  endfacet
  facet normal 0.484802 0.874624 -0
    outer loop
      vertex 52.5 90.9327 -3.8147e-07
      vertex 49.2945 92.7095 7.89999
      vertex 52.5 90.9327 7.89999
    endloop
  endfacet
  facet normal 0.484802 0.874624 0
    outer loop
      vertex 49.2945 92.7095 7.89999
      vertex 52.5 90.9327 -3.8147e-07
      vertex 49.2945 92.7095 -3.8147e-07
    endloop
  endfacet
  facet normal 0.364189 0.606127 0.70709
    outer loop
      vertex 55.3236 88.5362 8.5
      vertex 52.5 90.9327 7.89999
      vertex 52.2 90.413 8.5
    endloop
  endfacet
  facet normal 0.364207 0.606143 0.707067
    outer loop
      vertex 55.3236 88.5362 8.5
      vertex 55.6415 89.0451 7.89999
      vertex 52.5 90.9327 7.89999
    endloop
  endfacet
  facet normal -0.515042 -0.857165 0
    outer loop
      vertex 50.5 87.4686 7
      vertex 53.5218 85.6529 8.5
      vertex 50.5 87.4686 8.5
    endloop
  endfacet
  facet normal -0.515042 -0.857165 -0
    outer loop
      vertex 53.5218 85.6529 8.5
      vertex 50.5 87.4686 7
      vertex 53.5218 85.6529 7
    endloop
  endfacet
  facet normal 0.515037 0.857168 -0
    outer loop
      vertex 55.6415 89.0451 -3.8147e-07
      vertex 52.5 90.9327 7.89999
      vertex 55.6415 89.0451 7.89999
    endloop
  endfacet
  facet normal 0.515037 0.857168 0
    outer loop
      vertex 52.5 90.9327 7.89999
      vertex 55.6415 89.0451 -3.8147e-07
      vertex 52.5 90.9327 -3.8147e-07
    endloop
  endfacet
  facet normal 0.385147 0.59306 0.707066
    outer loop
      vertex 58.3797 86.5515 8.5
      vertex 55.6415 89.0451 7.89999
      vertex 55.3236 88.5362 8.5
    endloop
  endfacet
  facet normal 0.385149 0.593062 0.707063
    outer loop
      vertex 58.3797 86.5515 8.5
      vertex 58.7153 87.0489 7.89999
      vertex 55.6415 89.0451 7.89999
    endloop
  endfacet
  facet normal -0.544638 -0.838671 0
    outer loop
      vertex 53.5218 85.6529 7
      vertex 56.4785 83.7328 8.5
      vertex 53.5218 85.6529 8.5
    endloop
  endfacet
  facet normal -0.544638 -0.838671 -0
    outer loop
      vertex 56.4785 83.7328 8.5
      vertex 53.5218 85.6529 7
      vertex 56.4785 83.7328 7
    endloop
  endfacet
  facet normal 0.544649 0.838664 -0
    outer loop
      vertex 58.7153 87.0489 -3.8147e-07
      vertex 55.6415 89.0451 7.89999
      vertex 58.7153 87.0489 7.89999
    endloop
  endfacet
  facet normal 0.544649 0.838664 0
    outer loop
      vertex 55.6415 89.0451 7.89999
      vertex 58.7153 87.0489 -3.8147e-07
      vertex 55.6415 89.0451 -3.8147e-07
    endloop
  endfacet
  facet normal 0.405592 0.579271 0.707065
    outer loop
      vertex 61.3648 84.4614 8.5
      vertex 58.7153 87.0489 7.89999
      vertex 58.3797 86.5515 8.5
    endloop
  endfacet
  facet normal 0.405603 0.579279 0.707052
    outer loop
      vertex 61.3648 84.4614 8.5
      vertex 61.7175 84.9468 7.89999
      vertex 58.7153 87.0489 7.89999
    endloop
  endfacet
  facet normal -0.573584 -0.819147 0
    outer loop
      vertex 56.4785 83.7328 7
      vertex 59.3663 81.7107 8.5
      vertex 56.4785 83.7328 8.5
    endloop
  endfacet
  facet normal -0.573584 -0.819147 -0
    outer loop
      vertex 59.3663 81.7107 8.5
      vertex 56.4785 83.7328 7
      vertex 59.3663 81.7107 7
    endloop
  endfacet
  facet normal 0.573565 0.81916 -0
    outer loop
      vertex 61.7175 84.9468 -3.8147e-07
      vertex 58.7153 87.0489 7.89999
      vertex 61.7175 84.9468 7.89999
    endloop
  endfacet
  facet normal 0.573565 0.81916 0
    outer loop
      vertex 58.7153 87.0489 7.89999
      vertex 61.7175 84.9468 -3.8147e-07
      vertex 58.7153 87.0489 -3.8147e-07
    endloop
  endfacet
  facet normal 0.425584 0.564761 0.707052
    outer loop
      vertex 64.2751 82.2683 8.5
      vertex 61.7175 84.9468 7.89999
      vertex 61.3648 84.4614 8.5
    endloop
  endfacet
  facet normal 0.42559 0.564765 0.707045
    outer loop
      vertex 64.2751 82.2683 8.5
      vertex 64.6445 82.7411 7.89999
      vertex 61.7175 84.9468 7.89999
    endloop
  endfacet
  facet normal -0.601809 -0.79864 0
    outer loop
      vertex 59.3663 81.7107 7
      vertex 62.1818 79.5891 8.5
      vertex 59.3663 81.7107 8.5
    endloop
  endfacet
  facet normal -0.601809 -0.79864 -0
    outer loop
      vertex 62.1818 79.5891 8.5
      vertex 59.3663 81.7107 7
      vertex 62.1818 79.5891 7
    endloop
  endfacet
  facet normal 0.601823 0.798629 -0
    outer loop
      vertex 64.6445 82.7411 -3.8147e-07
      vertex 61.7175 84.9468 7.89999
      vertex 64.6445 82.7411 7.89999
    endloop
  endfacet
  facet normal 0.601823 0.798629 0
    outer loop
      vertex 61.7175 84.9468 7.89999
      vertex 64.6445 82.7411 -3.8147e-07
      vertex 61.7175 84.9468 -3.8147e-07
    endloop
  endfacet
  facet normal 0.445044 0.549566 0.707045
    outer loop
      vertex 67.107 79.975 8.5
      vertex 64.6445 82.7411 7.89999
      vertex 64.2751 82.2683 8.5
    endloop
  endfacet
  facet normal 0.445004 0.54954 0.707091
    outer loop
      vertex 67.107 79.975 8.5
      vertex 67.4927 80.4347 7.89999
      vertex 64.6445 82.7411 7.89999
    endloop
  endfacet
  facet normal -0.629326 -0.777141 0
    outer loop
      vertex 62.1818 79.5891 7
      vertex 64.9215 77.3705 8.5
      vertex 62.1818 79.5891 8.5
    endloop
  endfacet
  facet normal -0.629326 -0.777141 -0
    outer loop
      vertex 64.9215 77.3705 8.5
      vertex 62.1818 79.5891 7
      vertex 64.9215 77.3705 7
    endloop
  endfacet
  facet normal 0.629316 0.77715 -0
    outer loop
      vertex 67.4927 80.4347 -3.8147e-07
      vertex 64.6445 82.7411 7.89999
      vertex 67.4927 80.4347 7.89999
    endloop
  endfacet
  facet normal 0.629316 0.77715 0
    outer loop
      vertex 64.6445 82.7411 7.89999
      vertex 67.4927 80.4347 -3.8147e-07
      vertex 64.6445 82.7411 -3.8147e-07
    endloop
  endfacet
  facet normal 0.463913 0.533674 0.70709
    outer loop
      vertex 69.8572 77.5843 8.5
      vertex 67.4927 80.4347 7.89999
      vertex 67.107 79.975 8.5
    endloop
  endfacet
  facet normal 0.463939 0.53369 0.707061
    outer loop
      vertex 69.8572 77.5843 8.5
      vertex 70.2587 78.0302 7.89999
      vertex 67.4927 80.4347 7.89999
    endloop
  endfacet
  facet normal -0.656057 -0.754711 0
    outer loop
      vertex 64.9215 77.3705 7
      vertex 67.5822 75.0576 8.5
      vertex 64.9215 77.3705 8.5
    endloop
  endfacet
  facet normal -0.656057 -0.754711 -0
    outer loop
      vertex 67.5822 75.0576 8.5
      vertex 64.9215 77.3705 7
      vertex 67.5822 75.0576 7
    endloop
  endfacet
  facet normal 0.656067 0.754702 -0
    outer loop
      vertex 70.2587 78.0302 -3.8147e-07
      vertex 67.4927 80.4347 7.89999
      vertex 70.2587 78.0302 7.89999
    endloop
  endfacet
  facet normal 0.656067 0.754702 0
    outer loop
      vertex 67.4927 80.4347 7.89999
      vertex 70.2587 78.0302 -3.8147e-07
      vertex 67.4927 80.4347 -3.8147e-07
    endloop
  endfacet
  facet normal 0.482272 0.517183 0.707061
    outer loop
      vertex 72.5223 75.0991 8.5
      vertex 70.2587 78.0302 7.89999
      vertex 69.8572 77.5843 8.5
    endloop
  endfacet
  facet normal 0.482285 0.51719 0.707047
    outer loop
      vertex 72.5223 75.0991 8.5
      vertex 72.9391 75.5307 7.89999
      vertex 70.2587 78.0302 7.89999
    endloop
  endfacet
  facet normal -0.681998 -0.731354 0
    outer loop
      vertex 67.5822 75.0576 7
      vertex 70.1605 72.6533 8.5
      vertex 67.5822 75.0576 8.5
    endloop
  endfacet
  facet normal -0.681998 -0.731354 -0
    outer loop
      vertex 70.1605 72.6533 8.5
      vertex 67.5822 75.0576 7
      vertex 70.1605 72.6533 7
    endloop
  endfacet
  facet normal 0.681996 0.731356 -0
    outer loop
      vertex 72.9391 75.5307 -3.8147e-07
      vertex 70.2587 78.0302 7.89999
      vertex 72.9391 75.5307 7.89999
    endloop
  endfacet
  facet normal 0.681996 0.731356 0
    outer loop
      vertex 70.2587 78.0302 7.89999
      vertex 72.9391 75.5307 -3.8147e-07
      vertex 70.2587 78.0302 -3.8147e-07
    endloop
  endfacet
  facet normal 0.500042 0.500042 0.707047
    outer loop
      vertex 72.9391 75.5307 7.89999
      vertex 75.0991 72.5223 8.5
      vertex 75.5307 72.9391 7.89999
    endloop
  endfacet
  facet normal 0.500042 0.500042 0.707047
    outer loop
      vertex 75.0991 72.5223 8.5
      vertex 72.9391 75.5307 7.89999
      vertex 72.5223 75.0991 8.5
    endloop
  endfacet
  facet normal -0.707107 -0.707107 0
    outer loop
      vertex 72.6533 70.1605 7
      vertex 70.1605 72.6533 8.5
      vertex 70.1605 72.6533 7
    endloop
  endfacet
  facet normal -0.707107 -0.707107 0
    outer loop
      vertex 70.1605 72.6533 8.5
      vertex 72.6533 70.1605 7
      vertex 72.6533 70.1605 8.5
    endloop
  endfacet
  facet normal 0.707107 0.707107 0
    outer loop
      vertex 75.5307 72.9391 7.89999
      vertex 72.9391 75.5307 -3.8147e-07
      vertex 72.9391 75.5307 7.89999
    endloop
  endfacet
  facet normal 0.707107 0.707107 0
    outer loop
      vertex 72.9391 75.5307 -3.8147e-07
      vertex 75.5307 72.9391 7.89999
      vertex 75.5307 72.9391 -3.8147e-07
    endloop
  endfacet
  facet normal 0.517193 0.482281 0.707047
    outer loop
      vertex 77.5843 69.8572 8.5
      vertex 75.5307 72.9391 7.89999
      vertex 75.0991 72.5223 8.5
    endloop
  endfacet
  facet normal 0.51718 0.482275 0.707061
    outer loop
      vertex 77.5843 69.8572 8.5
      vertex 78.0302 70.2587 7.89999
      vertex 75.5307 72.9391 7.89999
    endloop
  endfacet
  facet normal -0.731354 -0.681998 0
    outer loop
      vertex 75.0576 67.5822 7
      vertex 72.6533 70.1605 8.5
      vertex 72.6533 70.1605 7
    endloop
  endfacet
  facet normal -0.731354 -0.681998 0
    outer loop
      vertex 72.6533 70.1605 8.5
      vertex 75.0576 67.5822 7
      vertex 75.0576 67.5822 8.5
    endloop
  endfacet
  facet normal 0.731356 0.681996 0
    outer loop
      vertex 78.0302 70.2587 7.89999
      vertex 75.5307 72.9391 -3.8147e-07
      vertex 75.5307 72.9391 7.89999
    endloop
  endfacet
  facet normal 0.731356 0.681996 0
    outer loop
      vertex 75.5307 72.9391 -3.8147e-07
      vertex 78.0302 70.2587 7.89999
      vertex 78.0302 70.2587 -3.8147e-07
    endloop
  endfacet
  facet normal 0.533696 0.463932 0.707061
    outer loop
      vertex 79.975 67.107 8.5
      vertex 78.0302 70.2587 7.89999
      vertex 77.5843 69.8572 8.5
    endloop
  endfacet
  facet normal 0.533668 0.46392 0.70709
    outer loop
      vertex 79.975 67.107 8.5
      vertex 80.4347 67.4927 7.89999
      vertex 78.0302 70.2587 7.89999
    endloop
  endfacet
  facet normal -0.754711 -0.656057 0
    outer loop
      vertex 77.3705 64.9215 7
      vertex 75.0576 67.5822 8.5
      vertex 75.0576 67.5822 7
    endloop
  endfacet
  facet normal -0.754711 -0.656057 0
    outer loop
      vertex 75.0576 67.5822 8.5
      vertex 77.3705 64.9215 7
      vertex 77.3705 64.9215 8.5
    endloop
  endfacet
  facet normal 0.754702 0.656067 0
    outer loop
      vertex 80.4347 67.4927 7.89999
      vertex 78.0302 70.2587 -3.8147e-07
      vertex 78.0302 70.2587 7.89999
    endloop
  endfacet
  facet normal 0.754702 0.656067 0
    outer loop
      vertex 78.0302 70.2587 -3.8147e-07
      vertex 80.4347 67.4927 7.89999
      vertex 80.4347 67.4927 -3.8147e-07
    endloop
  endfacet
  facet normal 0.549531 0.445015 0.707091
    outer loop
      vertex 82.2683 64.2751 8.5
      vertex 80.4347 67.4927 7.89999
      vertex 79.975 67.107 8.5
    endloop
  endfacet
  facet normal 0.549576 0.445032 0.707045
    outer loop
      vertex 82.2683 64.2751 8.5
      vertex 82.7411 64.6445 7.89999
      vertex 80.4347 67.4927 7.89999
    endloop
  endfacet
  facet normal -0.777141 -0.629326 0
    outer loop
      vertex 79.5891 62.1818 7
      vertex 77.3705 64.9215 8.5
      vertex 77.3705 64.9215 7
    endloop
  endfacet
  facet normal -0.777141 -0.629326 0
    outer loop
      vertex 77.3705 64.9215 8.5
      vertex 79.5891 62.1818 7
      vertex 79.5891 62.1818 8.5
    endloop
  endfacet
  facet normal 0.77715 0.629316 0
    outer loop
      vertex 82.7411 64.6445 7.89999
      vertex 80.4347 67.4927 -3.8147e-07
      vertex 80.4347 67.4927 7.89999
    endloop
  endfacet
  facet normal 0.77715 0.629316 0
    outer loop
      vertex 80.4347 67.4927 -3.8147e-07
      vertex 82.7411 64.6445 7.89999
      vertex 82.7411 64.6445 -3.8147e-07
    endloop
  endfacet
  facet normal 0.564767 0.425588 0.707045
    outer loop
      vertex 84.4614 61.3648 8.5
      vertex 82.7411 64.6445 7.89999
      vertex 82.2683 64.2751 8.5
    endloop
  endfacet
  facet normal 0.56476 0.425586 0.707052
    outer loop
      vertex 84.4614 61.3648 8.5
      vertex 84.9468 61.7175 7.89999
      vertex 82.7411 64.6445 7.89999
    endloop
  endfacet
  facet normal -0.79864 -0.601809 0
    outer loop
      vertex 81.7107 59.3663 7
      vertex 79.5891 62.1818 8.5
      vertex 79.5891 62.1818 7
    endloop
  endfacet
  facet normal -0.79864 -0.601809 0
    outer loop
      vertex 79.5891 62.1818 8.5
      vertex 81.7107 59.3663 7
      vertex 81.7107 59.3663 8.5
    endloop
  endfacet
  facet normal 0.798629 0.601823 0
    outer loop
      vertex 84.9468 61.7175 7.89999
      vertex 82.7411 64.6445 -3.8147e-07
      vertex 82.7411 64.6445 7.89999
    endloop
  endfacet
  facet normal 0.798629 0.601823 0
    outer loop
      vertex 82.7411 64.6445 -3.8147e-07
      vertex 84.9468 61.7175 7.89999
      vertex 84.9468 61.7175 -3.8147e-07
    endloop
  endfacet
  facet normal 0.579281 0.4056 0.707052
    outer loop
      vertex 86.5515 58.3797 8.5
      vertex 84.9468 61.7175 7.89999
      vertex 84.4614 61.3648 8.5
    endloop
  endfacet
  facet normal 0.579268 0.405596 0.707065
    outer loop
      vertex 86.5515 58.3797 8.5
      vertex 87.0489 58.7153 7.89999
      vertex 84.9468 61.7175 7.89999
    endloop
  endfacet
  facet normal -0.819147 -0.573584 0
    outer loop
      vertex 83.7328 56.4785 7
      vertex 81.7107 59.3663 8.5
      vertex 81.7107 59.3663 7
    endloop
  endfacet
  facet normal -0.819147 -0.573584 0
    outer loop
      vertex 81.7107 59.3663 8.5
      vertex 83.7328 56.4785 7
      vertex 83.7328 56.4785 8.5
    endloop
  endfacet
  facet normal 0.81916 0.573565 0
    outer loop
      vertex 87.0489 58.7153 7.89999
      vertex 84.9468 61.7175 -3.8147e-07
      vertex 84.9468 61.7175 7.89999
    endloop
  endfacet
  facet normal 0.81916 0.573565 0
    outer loop
      vertex 84.9468 61.7175 -3.8147e-07
      vertex 87.0489 58.7153 7.89999
      vertex 87.0489 58.7153 -3.8147e-07
    endloop
  endfacet
  facet normal 0.593062 0.385148 0.707063
    outer loop
      vertex 88.5362 55.3236 8.5
      vertex 87.0489 58.7153 7.89999
      vertex 86.5515 58.3797 8.5
    endloop
  endfacet
  facet normal 0.59306 0.385147 0.707066
    outer loop
      vertex 88.5362 55.3236 8.5
      vertex 89.0451 55.6415 7.89999
      vertex 87.0489 58.7153 7.89999
    endloop
  endfacet
  facet normal -0.838671 -0.544638 0
    outer loop
      vertex 85.6529 53.5218 7
      vertex 83.7328 56.4785 8.5
      vertex 83.7328 56.4785 7
    endloop
  endfacet
  facet normal -0.838671 -0.544638 0
    outer loop
      vertex 83.7328 56.4785 8.5
      vertex 85.6529 53.5218 7
      vertex 85.6529 53.5218 8.5
    endloop
  endfacet
  facet normal 0.838664 0.544649 0
    outer loop
      vertex 89.0451 55.6415 7.89999
      vertex 87.0489 58.7153 -3.8147e-07
      vertex 87.0489 58.7153 7.89999
    endloop
  endfacet
  facet normal 0.838664 0.544649 0
    outer loop
      vertex 87.0489 58.7153 -3.8147e-07
      vertex 89.0451 55.6415 7.89999
      vertex 89.0451 55.6415 -3.8147e-07
    endloop
  endfacet
  facet normal 0.606147 0.3642 0.707067
    outer loop
      vertex 90.413 52.2 8.5
      vertex 89.0451 55.6415 7.89999
      vertex 88.5362 55.3236 8.5
    endloop
  endfacet
  facet normal 0.606124 0.364195 0.70709
    outer loop
      vertex 90.413 52.2 8.5
      vertex 90.9327 52.5 7.89999
      vertex 89.0451 55.6415 7.89999
    endloop
  endfacet
  facet normal -0.857165 -0.515042 0
    outer loop
      vertex 87.4686 50.5 7
      vertex 85.6529 53.5218 8.5
      vertex 85.6529 53.5218 7
    endloop
  endfacet
  facet normal -0.857165 -0.515042 0
    outer loop
      vertex 85.6529 53.5218 8.5
      vertex 87.4686 50.5 7
      vertex 87.4686 50.5 8.5
    endloop
  endfacet
  facet normal 0.857168 0.515037 0
    outer loop
      vertex 90.9327 52.5 7.89999
      vertex 89.0451 55.6415 -3.8147e-07
      vertex 89.0451 55.6415 7.89999
    endloop
  endfacet
  facet normal 0.857168 0.515037 0
    outer loop
      vertex 89.0451 55.6415 -3.8147e-07
      vertex 90.9327 52.5 7.89999
      vertex 90.9327 52.5 -3.8147e-07
    endloop
  endfacet
  facet normal 0.618463 0.342821 0.707091
    outer loop
      vertex 92.1797 49.0128 8.5
      vertex 90.9327 52.5 7.89999
      vertex 90.413 52.2 8.5
    endloop
  endfacet
  facet normal 0.618486 0.342825 0.707068
    outer loop
      vertex 92.1797 49.0128 8.5
      vertex 92.7095 49.2945 7.89999
      vertex 90.9327 52.5 7.89999
    endloop
  endfacet
  facet normal -0.874627 -0.484797 0
    outer loop
      vertex 89.1777 47.4166 7
      vertex 87.4686 50.5 8.5
      vertex 87.4686 50.5 7
    endloop
  endfacet
  facet normal -0.874627 -0.484797 0
    outer loop
      vertex 87.4686 50.5 8.5
      vertex 89.1777 47.4166 7
      vertex 89.1777 47.4166 8.5
    endloop
  endfacet
  facet normal 0.874624 0.484802 0
    outer loop
      vertex 92.7095 49.2945 7.89999
      vertex 90.9327 52.5 -3.8147e-07
      vertex 90.9327 52.5 7.89999
    endloop
  endfacet
  facet normal 0.874624 0.484802 0
    outer loop
      vertex 90.9327 52.5 -3.8147e-07
      vertex 92.7095 49.2945 7.89999
      vertex 92.7095 49.2945 -3.8147e-07
    endloop
  endfacet
  facet normal 0.630069 0.321041 0.707068
    outer loop
      vertex 93.8341 45.7659 8.5
      vertex 92.7095 49.2945 7.89999
      vertex 92.1797 49.0128 8.5
    endloop
  endfacet
  facet normal 0.630057 0.321039 0.70708
    outer loop
      vertex 93.8341 45.7659 8.5
      vertex 94.3734 46.029 7.89999
      vertex 92.7095 49.2945 7.89999
    endloop
  endfacet
  facet normal -0.891003 -0.453997 0
    outer loop
      vertex 90.7782 44.2755 7
      vertex 89.1777 47.4166 8.5
      vertex 89.1777 47.4166 7
    endloop
  endfacet
  facet normal -0.891003 -0.453997 0
    outer loop
      vertex 89.1777 47.4166 8.5
      vertex 90.7782 44.2755 7
      vertex 90.7782 44.2755 8.5
    endloop
  endfacet
  facet normal 0.891002 0.454 0
    outer loop
      vertex 94.3734 46.029 7.89999
      vertex 92.7095 49.2945 -3.8147e-07
      vertex 92.7095 49.2945 7.89999
    endloop
  endfacet
  facet normal 0.891002 0.454 0
    outer loop
      vertex 92.7095 49.2945 -3.8147e-07
      vertex 94.3734 46.029 7.89999
      vertex 94.3734 46.029 -3.8147e-07
    endloop
  endfacet
  facet normal 0.640884 0.298844 0.707079
    outer loop
      vertex 95.3741 42.4633 8.5
      vertex 94.3734 46.029 7.89999
      vertex 93.8341 45.7659 8.5
    endloop
  endfacet
  facet normal 0.640887 0.298844 0.707075
    outer loop
      vertex 95.3741 42.4633 8.5
      vertex 95.9223 42.7073 7.89999
      vertex 94.3734 46.029 7.89999
    endloop
  endfacet
  facet normal -0.906308 -0.422618 0
    outer loop
      vertex 92.2681 41.0804 7
      vertex 90.7782 44.2755 8.5
      vertex 90.7782 44.2755 7
    endloop
  endfacet
  facet normal -0.906308 -0.422618 0
    outer loop
      vertex 90.7782 44.2755 8.5
      vertex 92.2681 41.0804 7
      vertex 92.2681 41.0804 8.5
    endloop
  endfacet
  facet normal 0.906311 0.422611 0
    outer loop
      vertex 95.9223 42.7073 7.89999
      vertex 94.3734 46.029 -3.8147e-07
      vertex 94.3734 46.029 7.89999
    endloop
  endfacet
  facet normal 0.906311 0.422611 0
    outer loop
      vertex 94.3734 46.029 -3.8147e-07
      vertex 95.9223 42.7073 7.89999
      vertex 95.9223 42.7073 -3.8147e-07
    endloop
  endfacet
  facet normal 0.65092 0.276307 0.707077
    outer loop
      vertex 96.798 39.1089 8.5
      vertex 95.9223 42.7073 7.89999
      vertex 95.3741 42.4633 8.5
    endloop
  endfacet
  facet normal 0.650948 0.27631 0.70705
    outer loop
      vertex 96.798 39.1089 8.5
      vertex 97.3543 39.3337 7.89999
      vertex 95.9223 42.7073 7.89999
    endloop
  endfacet
  facet normal -0.920501 -0.39074 0
    outer loop
      vertex 93.6456 37.8353 7
      vertex 92.2681 41.0804 8.5
      vertex 92.2681 41.0804 7
    endloop
  endfacet
  facet normal -0.920501 -0.39074 0
    outer loop
      vertex 92.2681 41.0804 8.5
      vertex 93.6456 37.8353 7
      vertex 93.6456 37.8353 8.5
    endloop
  endfacet
  facet normal 0.920506 0.390729 0
    outer loop
      vertex 97.3543 39.3337 7.89999
      vertex 95.9223 42.7073 -3.8147e-07
      vertex 95.9223 42.7073 7.89999
    endloop
  endfacet
  facet normal 0.920506 0.390729 0
    outer loop
      vertex 95.9223 42.7073 -3.8147e-07
      vertex 97.3543 39.3337 7.89999
      vertex 97.3543 39.3337 -3.8147e-07
    endloop
  endfacet
  facet normal 0.660195 0.253424 0.707049
    outer loop
      vertex 98.1039 35.7069 8.5
      vertex 97.3543 39.3337 7.89999
      vertex 96.798 39.1089 8.5
    endloop
  endfacet
  facet normal 0.660209 0.253425 0.707036
    outer loop
      vertex 98.1039 35.7069 8.5
      vertex 98.6677 35.9121 7.89999
      vertex 97.3543 39.3337 7.89999
    endloop
  endfacet
  facet normal -0.933582 -0.358365 0
    outer loop
      vertex 94.909 34.544 7
      vertex 93.6456 37.8353 8.5
      vertex 93.6456 37.8353 7
    endloop
  endfacet
  facet normal -0.933582 -0.358365 0
    outer loop
      vertex 93.6456 37.8353 8.5
      vertex 94.909 34.544 7
      vertex 94.909 34.544 8.5
    endloop
  endfacet
  facet normal 0.933583 0.358361 0
    outer loop
      vertex 98.6677 35.9121 7.89999
      vertex 97.3543 39.3337 -3.8147e-07
      vertex 97.3543 39.3337 7.89999
    endloop
  endfacet
  facet normal 0.933583 0.358361 0
    outer loop
      vertex 97.3543 39.3337 -3.8147e-07
      vertex 98.6677 35.9121 7.89999
      vertex 98.6677 35.9121 -3.8147e-07
    endloop
  endfacet
  facet normal 0.668648 0.230238 0.707036
    outer loop
      vertex 99.2903 32.2614 8.5
      vertex 98.6677 35.9121 7.89999
      vertex 98.1039 35.7069 8.5
    endloop
  endfacet
  facet normal 0.668659 0.230238 0.707026
    outer loop
      vertex 99.2903 32.2614 8.5
      vertex 99.8609 32.4468 7.89999
      vertex 98.6677 35.9121 7.89999
    endloop
  endfacet
  facet normal -0.945523 -0.325556 0
    outer loop
      vertex 96.0567 31.2107 7
      vertex 94.909 34.544 8.5
      vertex 94.909 34.544 7
    endloop
  endfacet
  facet normal -0.945523 -0.325556 0
    outer loop
      vertex 94.909 34.544 8.5
      vertex 96.0567 31.2107 7
      vertex 96.0567 31.2107 8.5
    endloop
  endfacet
  facet normal 0.945518 0.325569 0
    outer loop
      vertex 99.8609 32.4468 7.89999
      vertex 98.6677 35.9121 -3.8147e-07
      vertex 98.6677 35.9121 7.89999
    endloop
  endfacet
  facet normal 0.945518 0.325569 0
    outer loop
      vertex 98.6677 35.9121 -3.8147e-07
      vertex 99.8609 32.4468 7.89999
      vertex 99.8609 32.4468 -3.8147e-07
    endloop
  endfacet
  facet normal 0.676272 0.206807 0.707027
    outer loop
      vertex 100.356 28.7765 8.5
      vertex 99.8609 32.4468 7.89999
      vertex 99.2903 32.2614 8.5
    endloop
  endfacet
  facet normal 0.676696 0.206799 0.706624
    outer loop
      vertex 100.356 28.7765 8.5
      vertex 100.932 28.9419 7.89999
      vertex 99.8609 32.4468 7.89999
    endloop
  endfacet
  facet normal -0.956306 -0.292369 0
    outer loop
      vertex 97.0874 27.8394 7
      vertex 96.0567 31.2107 8.5
      vertex 96.0567 31.2107 7
    endloop
  endfacet
  facet normal -0.956306 -0.292369 0
    outer loop
      vertex 96.0567 31.2107 8.5
      vertex 97.0874 27.8394 7
      vertex 97.0874 27.8394 8.5
    endloop
  endfacet
  facet normal 0.956339 0.292258 0
    outer loop
      vertex 100.932 28.9419 7.89999
      vertex 99.8609 32.4468 -3.8147e-07
      vertex 99.8609 32.4468 7.89999
    endloop
  endfacet
  facet normal 0.956339 0.292258 0
    outer loop
      vertex 99.8609 32.4468 -3.8147e-07
      vertex 100.932 28.9419 7.89999
      vertex 100.932 28.9419 -3.8147e-07
    endloop
  endfacet
  facet normal 0.683492 0.183111 0.706618
    outer loop
      vertex 101.299 25.2566 8.5
      vertex 100.932 28.9419 7.89999
      vertex 100.356 28.7765 8.5
    endloop
  endfacet
  facet normal 0.683141 0.183131 0.706952
    outer loop
      vertex 101.299 25.2566 8.5
      vertex 101.881 25.4018 7.89999
      vertex 100.932 28.9419 7.89999
    endloop
  endfacet
  facet normal -0.965922 -0.258833 0
    outer loop
      vertex 97.9999 24.4341 7
      vertex 97.0874 27.8394 8.5
      vertex 97.0874 27.8394 7
    endloop
  endfacet
  facet normal -0.965922 -0.258833 0
    outer loop
      vertex 97.0874 27.8394 8.5
      vertex 97.9999 24.4341 7
      vertex 97.9999 24.4341 8.5
    endloop
  endfacet
  facet normal 0.965896 0.258929 0
    outer loop
      vertex 101.881 25.4018 7.89999
      vertex 100.932 28.9419 -3.8147e-07
      vertex 100.932 28.9419 7.89999
    endloop
  endfacet
  facet normal 0.965896 0.258929 0
    outer loop
      vertex 100.932 28.9419 -3.8147e-07
      vertex 101.881 25.4018 7.89999
      vertex 101.881 25.4018 -3.8147e-07
    endloop
  endfacet
  facet normal 0.689123 0.159151 0.706952
    outer loop
      vertex 102.119 21.706 8.5
      vertex 101.881 25.4018 7.89999
      vertex 101.299 25.2566 8.5
    endloop
  endfacet
  facet normal 0.689564 0.159111 0.706531
    outer loop
      vertex 102.119 21.706 8.5
      vertex 102.705 21.8307 7.89999
      vertex 101.881 25.4018 7.89999
    endloop
  endfacet
  facet normal -0.974372 -0.224942 0
    outer loop
      vertex 98.7929 20.9991 7
      vertex 97.9999 24.4341 8.5
      vertex 97.9999 24.4341 7
    endloop
  endfacet
  facet normal -0.974372 -0.224942 0
    outer loop
      vertex 97.9999 24.4341 8.5
      vertex 98.7929 20.9991 7
      vertex 98.7929 20.9991 8.5
    endloop
  endfacet
  facet normal 0.974397 0.224834 0
    outer loop
      vertex 102.705 21.8307 7.89999
      vertex 101.881 25.4018 -3.8147e-07
      vertex 101.881 25.4018 7.89999
    endloop
  endfacet
  facet normal 0.974397 0.224834 0
    outer loop
      vertex 101.881 25.4018 -3.8147e-07
      vertex 102.705 21.8307 7.89999
      vertex 102.705 21.8307 -3.8147e-07
    endloop
  endfacet
  facet normal 0.694696 0.134973 0.706527
    outer loop
      vertex 102.814 18.1289 8.5
      vertex 102.705 21.8307 7.89999
      vertex 102.119 21.706 8.5
    endloop
  endfacet
  facet normal 0.694083 0.135051 0.707114
    outer loop
      vertex 102.814 18.1289 8.5
      vertex 103.405 18.2331 7.89999
      vertex 102.705 21.8307 7.89999
    endloop
  endfacet
  facet normal -0.981626 -0.190817 0
    outer loop
      vertex 99.4656 17.5385 7
      vertex 98.7929 20.9991 8.5
      vertex 98.7929 20.9991 7
    endloop
  endfacet
  facet normal -0.981626 -0.190817 0
    outer loop
      vertex 98.7929 20.9991 8.5
      vertex 99.4656 17.5385 7
      vertex 99.4656 17.5385 8.5
    endloop
  endfacet
  facet normal 0.981592 0.190992 0
    outer loop
      vertex 103.405 18.2331 7.89999
      vertex 102.705 21.8307 -3.8147e-07
      vertex 102.705 21.8307 7.89999
    endloop
  endfacet
  facet normal 0.981592 0.190992 0
    outer loop
      vertex 102.705 21.8307 -3.8147e-07
      vertex 103.405 18.2331 7.89999
      vertex 103.405 18.2331 -3.8147e-07
    endloop
  endfacet
  facet normal 0.698395 0.110604 0.707115
    outer loop
      vertex 103.384 14.5297 8.5
      vertex 103.405 18.2331 7.89999
      vertex 102.814 18.1289 8.5
    endloop
  endfacet
  facet normal 0.698562 0.110577 0.706954
    outer loop
      vertex 103.978 14.6132 7.89999
      vertex 103.405 18.2331 7.89999
      vertex 103.384 14.5297 8.5
    endloop
  endfacet
  facet normal -0.987692 -0.156408 0
    outer loop
      vertex 100.017 14.0565 7
      vertex 99.4656 17.5385 8.5
      vertex 99.4656 17.5385 7
    endloop
  endfacet
  facet normal -0.987692 -0.156408 0
    outer loop
      vertex 99.4656 17.5385 8.5
      vertex 100.017 14.0565 7
      vertex 100.017 14.0565 8.5
    endloop
  endfacet
  facet normal 0.987702 0.156345 0
    outer loop
      vertex 103.978 14.6132 7.89999
      vertex 103.405 18.2331 -3.8147e-07
      vertex 103.405 18.2331 7.89999
    endloop
  endfacet
  facet normal 0.987702 0.156345 0
    outer loop
      vertex 103.405 18.2331 -3.8147e-07
      vertex 103.978 14.6132 7.89999
      vertex 103.978 14.6132 -3.8147e-07
    endloop
  endfacet
  facet normal 0.701992 0.0861744 0.706952
    outer loop
      vertex 103.828 10.9128 8.5
      vertex 103.978 14.6132 7.89999
      vertex 103.384 14.5297 8.5
    endloop
  endfacet
  facet normal 0.701723 0.0862276 0.707213
    outer loop
      vertex 104.425 10.9755 7.89999
      vertex 103.978 14.6132 7.89999
      vertex 103.828 10.9128 8.5
    endloop
  endfacet
  facet normal -0.992534 -0.121971 0
    outer loop
      vertex 100.447 10.5574 7
      vertex 100.017 14.0565 8.5
      vertex 100.017 14.0565 7
    endloop
  endfacet
  facet normal -0.992534 -0.121971 0
    outer loop
      vertex 100.017 14.0565 8.5
      vertex 100.447 10.5574 7
      vertex 100.447 10.5574 8.5
    endloop
  endfacet
  facet normal 0.992535 0.121963 0
    outer loop
      vertex 104.425 10.9755 7.89999
      vertex 103.978 14.6132 -3.8147e-07
      vertex 103.978 14.6132 7.89999
    endloop
  endfacet
  facet normal 0.992535 0.121963 0
    outer loop
      vertex 103.978 14.6132 -3.8147e-07
      vertex 104.425 10.9755 7.89999
      vertex 104.425 10.9755 -3.8147e-07
    endloop
  endfacet
  facet normal 0.704301 0.0616952 0.707215
    outer loop
      vertex 104.146 7.28257 8.5
      vertex 104.425 10.9755 7.89999
      vertex 103.828 10.9128 8.5
    endloop
  endfacet
  facet normal 0.704797 0.0615792 0.706732
    outer loop
      vertex 104.744 7.32443 7.89999
      vertex 104.425 10.9755 7.89999
      vertex 104.146 7.28257 8.5
    endloop
  endfacet
  facet normal -0.996201 -0.0870825 0
    outer loop
      vertex 100.754 7.0454 7
      vertex 100.447 10.5574 8.5
      vertex 100.447 10.5574 7
    endloop
  endfacet
  facet normal -0.996201 -0.0870825 0
    outer loop
      vertex 100.447 10.5574 8.5
      vertex 100.754 7.0454 7
      vertex 100.754 7.0454 8.5
    endloop
  endfacet
  facet normal 0.996205 0.0870401 0
    outer loop
      vertex 104.744 7.32443 7.89999
      vertex 104.425 10.9755 -3.8147e-07
      vertex 104.425 10.9755 7.89999
    endloop
  endfacet
  facet normal 0.996205 0.0870401 0
    outer loop
      vertex 104.425 10.9755 -3.8147e-07
      vertex 104.744 7.32443 7.89999
      vertex 104.744 7.32443 -3.8147e-07
    endloop
  endfacet
  facet normal 0.706522 0.0368884 0.706729
    outer loop
      vertex 104.336 3.64351 8.5
      vertex 104.744 7.32443 7.89999
      vertex 104.146 7.28257 8.5
    endloop
  endfacet
  facet normal 0.705981 0.0370353 0.707262
    outer loop
      vertex 104.936 3.66445 7.89999
      vertex 104.744 7.32443 7.89999
      vertex 104.336 3.64351 8.5
    endloop
  endfacet
  facet normal -0.998637 -0.0521933 0
    outer loop
      vertex 100.938 3.52485 7
      vertex 100.754 7.0454 8.5
      vertex 100.754 7.0454 7
    endloop
  endfacet
  facet normal -0.998637 -0.0521933 0
    outer loop
      vertex 100.754 7.0454 8.5
      vertex 100.938 3.52485 7
      vertex 100.938 3.52485 8.5
    endloop
  endfacet
  facet normal 0.998627 0.0523873 0
    outer loop
      vertex 104.936 3.66445 7.89999
      vertex 104.744 7.32443 -3.8147e-07
      vertex 104.744 7.32443 7.89999
    endloop
  endfacet
  facet normal 0.998627 0.0523873 0
    outer loop
      vertex 104.744 7.32443 -3.8147e-07
      vertex 104.936 3.66445 7.89999
      vertex 104.936 3.66445 -3.8147e-07
    endloop
  endfacet
  facet normal 0.706841 0.012416 0.707263
    outer loop
      vertex 104.4 0 8.5
      vertex 104.936 3.66445 7.89999
      vertex 104.336 3.64351 8.5
    endloop
  endfacet
  facet normal 0.707059 0.0123489 0.707047
    outer loop
      vertex 105 0 7.89999
      vertex 104.936 3.66445 7.89999
      vertex 104.4 0 8.5
    endloop
  endfacet
  facet normal -0.999845 -0.0175867 0
    outer loop
      vertex 101 0 7
      vertex 100.938 3.52485 8.5
      vertex 100.938 3.52485 7
    endloop
  endfacet
  facet normal -0.999845 -0.0175867 0
    outer loop
      vertex 100.938 3.52485 8.5
      vertex 101 0 7
      vertex 101 0 8.5
    endloop
  endfacet
  facet normal 0.999848 0.0174624 0
    outer loop
      vertex 105 0 7.89999
      vertex 104.936 3.66445 -3.8147e-07
      vertex 104.936 3.66445 7.89999
    endloop
  endfacet
  facet normal 0.999848 0.0174624 0
    outer loop
      vertex 104.936 3.66445 -3.8147e-07
      vertex 105 0 7.89999
      vertex 105 0 -3.8147e-07
    endloop
  endfacet
  facet normal 0.707058 -0.0124198 0.707046
    outer loop
      vertex 105 0 7.89999
      vertex 104.4 0 8.5
      vertex 104.336 -3.64351 8.5
    endloop
  endfacet
  facet normal 0.706843 -0.0123451 0.707262
    outer loop
      vertex 104.936 -3.66445 7.89999
      vertex 105 0 7.89999
      vertex 104.336 -3.64351 8.5
    endloop
  endfacet
  facet normal -0.999845 0.0175867 0
    outer loop
      vertex 100.938 -3.52485 7
      vertex 101 0 8.5
      vertex 101 0 7
    endloop
  endfacet
  facet normal -0.999845 0.0175867 0
    outer loop
      vertex 101 0 8.5
      vertex 100.938 -3.52485 7
      vertex 100.938 -3.52485 8.5
    endloop
  endfacet
  facet normal 0.999848 -0.0174624 0
    outer loop
      vertex 104.936 -3.66445 7.89999
      vertex 105 0 -3.8147e-07
      vertex 105 0 7.89999
    endloop
  endfacet
  facet normal 0.999848 -0.0174624 0
    outer loop
      vertex 105 0 -3.8147e-07
      vertex 104.936 -3.66445 7.89999
      vertex 104.936 -3.66445 -3.8147e-07
    endloop
  endfacet
  facet normal 0.705989 -0.0368606 0.707263
    outer loop
      vertex 104.936 -3.66445 7.89999
      vertex 104.336 -3.64351 8.5
      vertex 104.146 -7.28257 8.5
    endloop
  endfacet
  facet normal 0.706511 -0.0370631 0.70673
    outer loop
      vertex 104.744 -7.32443 7.89999
      vertex 104.936 -3.66445 7.89999
      vertex 104.146 -7.28257 8.5
    endloop
  endfacet
  facet normal -0.998637 0.0521933 0
    outer loop
      vertex 100.754 -7.0454 7
      vertex 100.938 -3.52485 8.5
      vertex 100.938 -3.52485 7
    endloop
  endfacet
  facet normal -0.998637 0.0521933 0
    outer loop
      vertex 100.938 -3.52485 8.5
      vertex 100.754 -7.0454 7
      vertex 100.754 -7.0454 8.5
    endloop
  endfacet
  facet normal 0.998627 -0.0523873 0
    outer loop
      vertex 104.744 -7.32443 7.89999
      vertex 104.936 -3.66445 -3.8147e-07
      vertex 104.936 -3.66445 7.89999
    endloop
  endfacet
  facet normal 0.998627 -0.0523873 0
    outer loop
      vertex 104.936 -3.66445 -3.8147e-07
      vertex 104.744 -7.32443 7.89999
      vertex 104.744 -7.32443 -3.8147e-07
    endloop
  endfacet
  facet normal 0.704784 -0.0617375 0.70673
    outer loop
      vertex 104.744 -7.32443 7.89999
      vertex 104.146 -7.28257 8.5
      vertex 103.828 -10.9128 8.5
    endloop
  endfacet
  facet normal 0.704317 -0.0615373 0.707214
    outer loop
      vertex 104.425 -10.9755 7.89999
      vertex 104.744 -7.32443 7.89999
      vertex 103.828 -10.9128 8.5
    endloop
  endfacet
  facet normal -0.996201 0.0870825 0
    outer loop
      vertex 100.447 -10.5574 7
      vertex 100.754 -7.0454 8.5
      vertex 100.754 -7.0454 7
    endloop
  endfacet
  facet normal -0.996201 0.0870825 0
    outer loop
      vertex 100.754 -7.0454 8.5
      vertex 100.447 -10.5574 7
      vertex 100.447 -10.5574 8.5
    endloop
  endfacet
  facet normal 0.996205 -0.0870401 0
    outer loop
      vertex 104.425 -10.9755 7.89999
      vertex 104.744 -7.32443 -3.8147e-07
      vertex 104.744 -7.32443 7.89999
    endloop
  endfacet
  facet normal 0.996205 -0.0870401 0
    outer loop
      vertex 104.744 -7.32443 -3.8147e-07
      vertex 104.425 -10.9755 7.89999
      vertex 104.425 -10.9755 -3.8147e-07
    endloop
  endfacet
  facet normal 0.701732 -0.0861426 0.707214
    outer loop
      vertex 104.425 -10.9755 7.89999
      vertex 103.828 -10.9128 8.5
      vertex 103.384 -14.5297 8.5
    endloop
  endfacet
  facet normal 0.70198 -0.0862592 0.706953
    outer loop
      vertex 103.978 -14.6132 7.89999
      vertex 104.425 -10.9755 7.89999
      vertex 103.384 -14.5297 8.5
    endloop
  endfacet
  facet normal -0.992534 0.121971 0
    outer loop
      vertex 100.017 -14.0565 7
      vertex 100.447 -10.5574 8.5
      vertex 100.447 -10.5574 7
    endloop
  endfacet
  facet normal -0.992534 0.121971 0
    outer loop
      vertex 100.447 -10.5574 8.5
      vertex 100.017 -14.0565 7
      vertex 100.017 -14.0565 8.5
    endloop
  endfacet
  facet normal 0.992535 -0.121963 0
    outer loop
      vertex 103.978 -14.6132 7.89999
      vertex 104.425 -10.9755 -3.8147e-07
      vertex 104.425 -10.9755 7.89999
    endloop
  endfacet
  facet normal 0.992535 -0.121963 0
    outer loop
      vertex 104.425 -10.9755 -3.8147e-07
      vertex 103.978 -14.6132 7.89999
      vertex 103.978 -14.6132 -3.8147e-07
    endloop
  endfacet
  facet normal 0.698555 -0.110629 0.706953
    outer loop
      vertex 103.978 -14.6132 7.89999
      vertex 103.384 -14.5297 8.5
      vertex 102.814 -18.1289 8.5
    endloop
  endfacet
  facet normal 0.698403 -0.110551 0.707115
    outer loop
      vertex 103.405 -18.2331 7.89999
      vertex 103.978 -14.6132 7.89999
      vertex 102.814 -18.1289 8.5
    endloop
  endfacet
  facet normal -0.987692 0.156408 0
    outer loop
      vertex 99.4656 -17.5385 7
      vertex 100.017 -14.0565 8.5
      vertex 100.017 -14.0565 7
    endloop
  endfacet
  facet normal -0.987692 0.156408 0
    outer loop
      vertex 100.017 -14.0565 8.5
      vertex 99.4656 -17.5385 7
      vertex 99.4656 -17.5385 8.5
    endloop
  endfacet
  facet normal 0.987702 -0.156345 0
    outer loop
      vertex 103.405 -18.2331 7.89999
      vertex 103.978 -14.6132 -3.8147e-07
      vertex 103.978 -14.6132 7.89999
    endloop
  endfacet
  facet normal 0.987702 -0.156345 0
    outer loop
      vertex 103.978 -14.6132 -3.8147e-07
      vertex 103.405 -18.2331 7.89999
      vertex 103.405 -18.2331 -3.8147e-07
    endloop
  endfacet
  facet normal 0.694118 -0.134861 0.707116
    outer loop
      vertex 103.405 -18.2331 7.89999
      vertex 102.814 -18.1289 8.5
      vertex 102.119 -21.706 8.5
    endloop
  endfacet
  facet normal 0.694657 -0.135162 0.706528
    outer loop
      vertex 102.705 -21.8307 7.89999
      vertex 103.405 -18.2331 7.89999
      vertex 102.119 -21.706 8.5
    endloop
  endfacet
  facet normal -0.981626 0.190817 0
    outer loop
      vertex 98.7929 -20.9991 7
      vertex 99.4656 -17.5385 8.5
      vertex 99.4656 -17.5385 7
    endloop
  endfacet
  facet normal -0.981626 0.190817 0
    outer loop
      vertex 99.4656 -17.5385 8.5
      vertex 98.7929 -20.9991 7
      vertex 98.7929 -20.9991 8.5
    endloop
  endfacet
  facet normal 0.981592 -0.190992 0
    outer loop
      vertex 102.705 -21.8307 7.89999
      vertex 103.405 -18.2331 -3.8147e-07
      vertex 103.405 -18.2331 7.89999
    endloop
  endfacet
  facet normal 0.981592 -0.190992 0
    outer loop
      vertex 103.405 -18.2331 -3.8147e-07
      vertex 102.705 -21.8307 7.89999
      vertex 102.705 -21.8307 -3.8147e-07
    endloop
  endfacet
  facet normal 0.689534 -0.159246 0.706529
    outer loop
      vertex 102.705 -21.8307 7.89999
      vertex 102.119 -21.706 8.5
      vertex 101.299 -25.2566 8.5
    endloop
  endfacet
  facet normal 0.689155 -0.159016 0.706951
    outer loop
      vertex 101.881 -25.4018 7.89999
      vertex 102.705 -21.8307 7.89999
      vertex 101.299 -25.2566 8.5
    endloop
  endfacet
  facet normal -0.974372 0.224942 0
    outer loop
      vertex 97.9999 -24.4341 7
      vertex 98.7929 -20.9991 8.5
      vertex 98.7929 -20.9991 7
    endloop
  endfacet
  facet normal -0.974372 0.224942 0
    outer loop
      vertex 98.7929 -20.9991 8.5
      vertex 97.9999 -24.4341 7
      vertex 97.9999 -24.4341 8.5
    endloop
  endfacet
  facet normal 0.974397 -0.224834 0
    outer loop
      vertex 101.881 -25.4018 7.89999
      vertex 102.705 -21.8307 -3.8147e-07
      vertex 102.705 -21.8307 7.89999
    endloop
  endfacet
  facet normal 0.974397 -0.224834 0
    outer loop
      vertex 102.705 -21.8307 -3.8147e-07
      vertex 101.881 -25.4018 7.89999
      vertex 101.881 -25.4018 -3.8147e-07
    endloop
  endfacet
  facet normal 0.683168 -0.183024 0.706953
    outer loop
      vertex 101.881 -25.4018 7.89999
      vertex 101.299 -25.2566 8.5
      vertex 100.356 -28.7765 8.5
    endloop
  endfacet
  facet normal 0.683463 -0.183217 0.706619
    outer loop
      vertex 100.932 -28.9419 7.89999
      vertex 101.881 -25.4018 7.89999
      vertex 100.356 -28.7765 8.5
    endloop
  endfacet
  facet normal -0.965922 0.258833 0
    outer loop
      vertex 97.0874 -27.8394 7
      vertex 97.9999 -24.4341 8.5
      vertex 97.9999 -24.4341 7
    endloop
  endfacet
  facet normal -0.965922 0.258833 0
    outer loop
      vertex 97.9999 -24.4341 8.5
      vertex 97.0874 -27.8394 7
      vertex 97.0874 -27.8394 8.5
    endloop
  endfacet
  facet normal 0.965896 -0.258929 0
    outer loop
      vertex 100.932 -28.9419 7.89999
      vertex 101.881 -25.4018 -3.8147e-07
      vertex 101.881 -25.4018 7.89999
    endloop
  endfacet
  facet normal 0.965896 -0.258929 0
    outer loop
      vertex 101.881 -25.4018 -3.8147e-07
      vertex 100.932 -28.9419 7.89999
      vertex 100.932 -28.9419 -3.8147e-07
    endloop
  endfacet
  facet normal 0.676658 -0.206925 0.706623
    outer loop
      vertex 100.932 -28.9419 7.89999
      vertex 100.356 -28.7765 8.5
      vertex 99.2903 -32.2614 8.5
    endloop
  endfacet
  facet normal 0.676312 -0.206681 0.707025
    outer loop
      vertex 99.8609 -32.4468 7.89999
      vertex 100.932 -28.9419 7.89999
      vertex 99.2903 -32.2614 8.5
    endloop
  endfacet
  facet normal -0.956306 0.292369 0
    outer loop
      vertex 96.0567 -31.2107 7
      vertex 97.0874 -27.8394 8.5
      vertex 97.0874 -27.8394 7
    endloop
  endfacet
  facet normal -0.956306 0.292369 0
    outer loop
      vertex 97.0874 -27.8394 8.5
      vertex 96.0567 -31.2107 7
      vertex 96.0567 -31.2107 8.5
    endloop
  endfacet
  facet normal 0.956339 -0.292258 0
    outer loop
      vertex 99.8609 -32.4468 7.89999
      vertex 100.932 -28.9419 -3.8147e-07
      vertex 100.932 -28.9419 7.89999
    endloop
  endfacet
  facet normal 0.956339 -0.292258 0
    outer loop
      vertex 100.932 -28.9419 -3.8147e-07
      vertex 99.8609 -32.4468 7.89999
      vertex 99.8609 -32.4468 -3.8147e-07
    endloop
  endfacet
  facet normal 0.668658 -0.230241 0.707026
    outer loop
      vertex 99.8609 -32.4468 7.89999
      vertex 99.2903 -32.2614 8.5
      vertex 98.1039 -35.7069 8.5
    endloop
  endfacet
  facet normal 0.668649 -0.230235 0.707036
    outer loop
      vertex 98.6677 -35.9121 7.89999
      vertex 99.8609 -32.4468 7.89999
      vertex 98.1039 -35.7069 8.5
    endloop
  endfacet
  facet normal -0.945523 0.325556 0
    outer loop
      vertex 94.909 -34.544 7
      vertex 96.0567 -31.2107 8.5
      vertex 96.0567 -31.2107 7
    endloop
  endfacet
  facet normal -0.945523 0.325556 0
    outer loop
      vertex 96.0567 -31.2107 8.5
      vertex 94.909 -34.544 7
      vertex 94.909 -34.544 8.5
    endloop
  endfacet
  facet normal 0.945518 -0.325569 0
    outer loop
      vertex 98.6677 -35.9121 7.89999
      vertex 99.8609 -32.4468 -3.8147e-07
      vertex 99.8609 -32.4468 7.89999
    endloop
  endfacet
  facet normal 0.945518 -0.325569 0
    outer loop
      vertex 99.8609 -32.4468 -3.8147e-07
      vertex 98.6677 -35.9121 7.89999
      vertex 98.6677 -35.9121 -3.8147e-07
    endloop
  endfacet
  facet normal 0.660208 -0.253429 0.707036
    outer loop
      vertex 98.6677 -35.9121 7.89999
      vertex 98.1039 -35.7069 8.5
      vertex 96.798 -39.1089 8.5
    endloop
  endfacet
  facet normal 0.660197 -0.25342 0.707049
    outer loop
      vertex 97.3543 -39.3337 7.89999
      vertex 98.6677 -35.9121 7.89999
      vertex 96.798 -39.1089 8.5
    endloop
  endfacet
  facet normal -0.933582 0.358365 0
    outer loop
      vertex 93.6456 -37.8353 7
      vertex 94.909 -34.544 8.5
      vertex 94.909 -34.544 7
    endloop
  endfacet
  facet normal -0.933582 0.358365 0
    outer loop
      vertex 94.909 -34.544 8.5
      vertex 93.6456 -37.8353 7
      vertex 93.6456 -37.8353 8.5
    endloop
  endfacet
  facet normal 0.933583 -0.358361 0
    outer loop
      vertex 97.3543 -39.3337 7.89999
      vertex 98.6677 -35.9121 -3.8147e-07
      vertex 98.6677 -35.9121 7.89999
    endloop
  endfacet
  facet normal 0.933583 -0.358361 0
    outer loop
      vertex 98.6677 -35.9121 -3.8147e-07
      vertex 97.3543 -39.3337 7.89999
      vertex 97.3543 -39.3337 -3.8147e-07
    endloop
  endfacet
  facet normal 0.650945 -0.276318 0.70705
    outer loop
      vertex 97.3543 -39.3337 7.89999
      vertex 96.798 -39.1089 8.5
      vertex 95.3741 -42.4633 8.5
    endloop
  endfacet
  facet normal 0.650923 -0.276299 0.707077
    outer loop
      vertex 95.9223 -42.7073 7.89999
      vertex 97.3543 -39.3337 7.89999
      vertex 95.3741 -42.4633 8.5
    endloop
  endfacet
  facet normal -0.920501 0.39074 0
    outer loop
      vertex 92.2681 -41.0804 7
      vertex 93.6456 -37.8353 8.5
      vertex 93.6456 -37.8353 7
    endloop
  endfacet
  facet normal -0.920501 0.39074 0
    outer loop
      vertex 93.6456 -37.8353 8.5
      vertex 92.2681 -41.0804 7
      vertex 92.2681 -41.0804 8.5
    endloop
  endfacet
  facet normal 0.920506 -0.390729 0
    outer loop
      vertex 95.9223 -42.7073 7.89999
      vertex 97.3543 -39.3337 -3.8147e-07
      vertex 97.3543 -39.3337 7.89999
    endloop
  endfacet
  facet normal 0.920506 -0.390729 0
    outer loop
      vertex 97.3543 -39.3337 -3.8147e-07
      vertex 95.9223 -42.7073 7.89999
      vertex 95.9223 -42.7073 -3.8147e-07
    endloop
  endfacet
  facet normal 0.640887 -0.298845 0.707075
    outer loop
      vertex 95.9223 -42.7073 7.89999
      vertex 95.3741 -42.4633 8.5
      vertex 93.8341 -45.7659 8.5
    endloop
  endfacet
  facet normal 0.640884 -0.298843 0.707079
    outer loop
      vertex 94.3734 -46.029 7.89999
      vertex 95.9223 -42.7073 7.89999
      vertex 93.8341 -45.7659 8.5
    endloop
  endfacet
  facet normal -0.906308 0.422618 0
    outer loop
      vertex 90.7782 -44.2755 7
      vertex 92.2681 -41.0804 8.5
      vertex 92.2681 -41.0804 7
    endloop
  endfacet
  facet normal -0.906308 0.422618 0
    outer loop
      vertex 92.2681 -41.0804 8.5
      vertex 90.7782 -44.2755 7
      vertex 90.7782 -44.2755 8.5
    endloop
  endfacet
  facet normal 0.906311 -0.422611 0
    outer loop
      vertex 94.3734 -46.029 7.89999
      vertex 95.9223 -42.7073 -3.8147e-07
      vertex 95.9223 -42.7073 7.89999
    endloop
  endfacet
  facet normal 0.906311 -0.422611 0
    outer loop
      vertex 95.9223 -42.7073 -3.8147e-07
      vertex 94.3734 -46.029 7.89999
      vertex 94.3734 -46.029 -3.8147e-07
    endloop
  endfacet
  facet normal 0.630059 -0.321035 0.70708
    outer loop
      vertex 94.3734 -46.029 7.89999
      vertex 93.8341 -45.7659 8.5
      vertex 92.1797 -49.0128 8.5
    endloop
  endfacet
  facet normal 0.630068 -0.321044 0.707068
    outer loop
      vertex 92.7095 -49.2945 7.89999
      vertex 94.3734 -46.029 7.89999
      vertex 92.1797 -49.0128 8.5
    endloop
  endfacet
  facet normal -0.891003 0.453997 0
    outer loop
      vertex 89.1777 -47.4166 7
      vertex 90.7782 -44.2755 8.5
      vertex 90.7782 -44.2755 7
    endloop
  endfacet
  facet normal -0.891003 0.453997 0
    outer loop
      vertex 90.7782 -44.2755 8.5
      vertex 89.1777 -47.4166 7
      vertex 89.1777 -47.4166 8.5
    endloop
  endfacet
  facet normal 0.891002 -0.454 0
    outer loop
      vertex 92.7095 -49.2945 7.89999
      vertex 94.3734 -46.029 -3.8147e-07
      vertex 94.3734 -46.029 7.89999
    endloop
  endfacet
  facet normal 0.891002 -0.454 0
    outer loop
      vertex 94.3734 -46.029 -3.8147e-07
      vertex 92.7095 -49.2945 7.89999
      vertex 92.7095 -49.2945 -3.8147e-07
    endloop
  endfacet
  facet normal 0.618483 -0.342832 0.707068
    outer loop
      vertex 92.7095 -49.2945 7.89999
      vertex 92.1797 -49.0128 8.5
      vertex 90.413 -52.2 8.5
    endloop
  endfacet
  facet normal 0.618467 -0.342814 0.707091
    outer loop
      vertex 90.9327 -52.5 7.89999
      vertex 92.7095 -49.2945 7.89999
      vertex 90.413 -52.2 8.5
    endloop
  endfacet
  facet normal -0.874627 0.484797 0
    outer loop
      vertex 87.4686 -50.5 7
      vertex 89.1777 -47.4166 8.5
      vertex 89.1777 -47.4166 7
    endloop
  endfacet
  facet normal -0.874627 0.484797 0
    outer loop
      vertex 89.1777 -47.4166 8.5
      vertex 87.4686 -50.5 7
      vertex 87.4686 -50.5 8.5
    endloop
  endfacet
  facet normal 0.874624 -0.484802 0
    outer loop
      vertex 90.9327 -52.5 7.89999
      vertex 92.7095 -49.2945 -3.8147e-07
      vertex 92.7095 -49.2945 7.89999
    endloop
  endfacet
  facet normal 0.874624 -0.484802 0
    outer loop
      vertex 92.7095 -49.2945 -3.8147e-07
      vertex 90.9327 -52.5 7.89999
      vertex 90.9327 -52.5 -3.8147e-07
    endloop
  endfacet
  facet normal 0.606127 -0.364189 0.70709
    outer loop
      vertex 90.9327 -52.5 7.89999
      vertex 90.413 -52.2 8.5
      vertex 88.5362 -55.3236 8.5
    endloop
  endfacet
  facet normal 0.606143 -0.364207 0.707067
    outer loop
      vertex 89.0451 -55.6415 7.89999
      vertex 90.9327 -52.5 7.89999
      vertex 88.5362 -55.3236 8.5
    endloop
  endfacet
  facet normal -0.857165 0.515042 0
    outer loop
      vertex 85.6529 -53.5218 7
      vertex 87.4686 -50.5 8.5
      vertex 87.4686 -50.5 7
    endloop
  endfacet
  facet normal -0.857165 0.515042 0
    outer loop
      vertex 87.4686 -50.5 8.5
      vertex 85.6529 -53.5218 7
      vertex 85.6529 -53.5218 8.5
    endloop
  endfacet
  facet normal 0.857168 -0.515037 0
    outer loop
      vertex 89.0451 -55.6415 7.89999
      vertex 90.9327 -52.5 -3.8147e-07
      vertex 90.9327 -52.5 7.89999
    endloop
  endfacet
  facet normal 0.857168 -0.515037 0
    outer loop
      vertex 90.9327 -52.5 -3.8147e-07
      vertex 89.0451 -55.6415 7.89999
      vertex 89.0451 -55.6415 -3.8147e-07
    endloop
  endfacet
  facet normal 0.59306 -0.385147 0.707066
    outer loop
      vertex 89.0451 -55.6415 7.89999
      vertex 88.5362 -55.3236 8.5
      vertex 86.5515 -58.3797 8.5
    endloop
  endfacet
  facet normal 0.593062 -0.385149 0.707063
    outer loop
      vertex 87.0489 -58.7153 7.89999
      vertex 89.0451 -55.6415 7.89999
      vertex 86.5515 -58.3797 8.5
    endloop
  endfacet
  facet normal -0.838671 0.544638 0
    outer loop
      vertex 83.7328 -56.4785 7
      vertex 85.6529 -53.5218 8.5
      vertex 85.6529 -53.5218 7
    endloop
  endfacet
  facet normal -0.838671 0.544638 0
    outer loop
      vertex 85.6529 -53.5218 8.5
      vertex 83.7328 -56.4785 7
      vertex 83.7328 -56.4785 8.5
    endloop
  endfacet
  facet normal 0.838664 -0.544649 0
    outer loop
      vertex 87.0489 -58.7153 7.89999
      vertex 89.0451 -55.6415 -3.8147e-07
      vertex 89.0451 -55.6415 7.89999
    endloop
  endfacet
  facet normal 0.838664 -0.544649 0
    outer loop
      vertex 89.0451 -55.6415 -3.8147e-07
      vertex 87.0489 -58.7153 7.89999
      vertex 87.0489 -58.7153 -3.8147e-07
    endloop
  endfacet
  facet normal 0.579271 -0.405592 0.707065
    outer loop
      vertex 87.0489 -58.7153 7.89999
      vertex 86.5515 -58.3797 8.5
      vertex 84.4614 -61.3648 8.5
    endloop
  endfacet
  facet normal 0.579279 -0.405603 0.707052
    outer loop
      vertex 84.9468 -61.7175 7.89999
      vertex 87.0489 -58.7153 7.89999
      vertex 84.4614 -61.3648 8.5
    endloop
  endfacet
  facet normal -0.819147 0.573584 0
    outer loop
      vertex 81.7107 -59.3663 7
      vertex 83.7328 -56.4785 8.5
      vertex 83.7328 -56.4785 7
    endloop
  endfacet
  facet normal -0.819147 0.573584 0
    outer loop
      vertex 83.7328 -56.4785 8.5
      vertex 81.7107 -59.3663 7
      vertex 81.7107 -59.3663 8.5
    endloop
  endfacet
  facet normal 0.81916 -0.573565 0
    outer loop
      vertex 84.9468 -61.7175 7.89999
      vertex 87.0489 -58.7153 -3.8147e-07
      vertex 87.0489 -58.7153 7.89999
    endloop
  endfacet
  facet normal 0.81916 -0.573565 0
    outer loop
      vertex 87.0489 -58.7153 -3.8147e-07
      vertex 84.9468 -61.7175 7.89999
      vertex 84.9468 -61.7175 -3.8147e-07
    endloop
  endfacet
  facet normal 0.564761 -0.425584 0.707052
    outer loop
      vertex 84.9468 -61.7175 7.89999
      vertex 84.4614 -61.3648 8.5
      vertex 82.2683 -64.2751 8.5
    endloop
  endfacet
  facet normal 0.564765 -0.42559 0.707045
    outer loop
      vertex 82.7411 -64.6445 7.89999
      vertex 84.9468 -61.7175 7.89999
      vertex 82.2683 -64.2751 8.5
    endloop
  endfacet
  facet normal -0.79864 0.601809 0
    outer loop
      vertex 79.5891 -62.1818 7
      vertex 81.7107 -59.3663 8.5
      vertex 81.7107 -59.3663 7
    endloop
  endfacet
  facet normal -0.79864 0.601809 0
    outer loop
      vertex 81.7107 -59.3663 8.5
      vertex 79.5891 -62.1818 7
      vertex 79.5891 -62.1818 8.5
    endloop
  endfacet
  facet normal 0.798629 -0.601823 0
    outer loop
      vertex 82.7411 -64.6445 7.89999
      vertex 84.9468 -61.7175 -3.8147e-07
      vertex 84.9468 -61.7175 7.89999
    endloop
  endfacet
  facet normal 0.798629 -0.601823 0
    outer loop
      vertex 84.9468 -61.7175 -3.8147e-07
      vertex 82.7411 -64.6445 7.89999
      vertex 82.7411 -64.6445 -3.8147e-07
    endloop
  endfacet
  facet normal 0.549566 -0.445044 0.707045
    outer loop
      vertex 82.7411 -64.6445 7.89999
      vertex 82.2683 -64.2751 8.5
      vertex 79.975 -67.107 8.5
    endloop
  endfacet
  facet normal 0.54954 -0.445004 0.707091
    outer loop
      vertex 80.4347 -67.4927 7.89999
      vertex 82.7411 -64.6445 7.89999
      vertex 79.975 -67.107 8.5
    endloop
  endfacet
  facet normal -0.777141 0.629326 0
    outer loop
      vertex 77.3705 -64.9215 7
      vertex 79.5891 -62.1818 8.5
      vertex 79.5891 -62.1818 7
    endloop
  endfacet
  facet normal -0.777141 0.629326 0
    outer loop
      vertex 79.5891 -62.1818 8.5
      vertex 77.3705 -64.9215 7
      vertex 77.3705 -64.9215 8.5
    endloop
  endfacet
  facet normal 0.77715 -0.629316 0
    outer loop
      vertex 80.4347 -67.4927 7.89999
      vertex 82.7411 -64.6445 -3.8147e-07
      vertex 82.7411 -64.6445 7.89999
    endloop
  endfacet
  facet normal 0.77715 -0.629316 0
    outer loop
      vertex 82.7411 -64.6445 -3.8147e-07
      vertex 80.4347 -67.4927 7.89999
      vertex 80.4347 -67.4927 -3.8147e-07
    endloop
  endfacet
  facet normal 0.533674 -0.463913 0.70709
    outer loop
      vertex 80.4347 -67.4927 7.89999
      vertex 79.975 -67.107 8.5
      vertex 77.5843 -69.8572 8.5
    endloop
  endfacet
  facet normal 0.53369 -0.463939 0.707061
    outer loop
      vertex 78.0302 -70.2587 7.89999
      vertex 80.4347 -67.4927 7.89999
      vertex 77.5843 -69.8572 8.5
    endloop
  endfacet
  facet normal -0.754711 0.656057 0
    outer loop
      vertex 75.0576 -67.5822 7
      vertex 77.3705 -64.9215 8.5
      vertex 77.3705 -64.9215 7
    endloop
  endfacet
  facet normal -0.754711 0.656057 0
    outer loop
      vertex 77.3705 -64.9215 8.5
      vertex 75.0576 -67.5822 7
      vertex 75.0576 -67.5822 8.5
    endloop
  endfacet
  facet normal 0.754702 -0.656067 0
    outer loop
      vertex 78.0302 -70.2587 7.89999
      vertex 80.4347 -67.4927 -3.8147e-07
      vertex 80.4347 -67.4927 7.89999
    endloop
  endfacet
  facet normal 0.754702 -0.656067 0
    outer loop
      vertex 80.4347 -67.4927 -3.8147e-07
      vertex 78.0302 -70.2587 7.89999
      vertex 78.0302 -70.2587 -3.8147e-07
    endloop
  endfacet
  facet normal 0.517183 -0.482272 0.707061
    outer loop
      vertex 78.0302 -70.2587 7.89999
      vertex 77.5843 -69.8572 8.5
      vertex 75.0991 -72.5223 8.5
    endloop
  endfacet
  facet normal 0.51719 -0.482285 0.707047
    outer loop
      vertex 75.5307 -72.9391 7.89999
      vertex 78.0302 -70.2587 7.89999
      vertex 75.0991 -72.5223 8.5
    endloop
  endfacet
  facet normal -0.731354 0.681998 0
    outer loop
      vertex 72.6533 -70.1605 7
      vertex 75.0576 -67.5822 8.5
      vertex 75.0576 -67.5822 7
    endloop
  endfacet
  facet normal -0.731354 0.681998 0
    outer loop
      vertex 75.0576 -67.5822 8.5
      vertex 72.6533 -70.1605 7
      vertex 72.6533 -70.1605 8.5
    endloop
  endfacet
  facet normal 0.731356 -0.681996 0
    outer loop
      vertex 75.5307 -72.9391 7.89999
      vertex 78.0302 -70.2587 -3.8147e-07
      vertex 78.0302 -70.2587 7.89999
    endloop
  endfacet
  facet normal 0.731356 -0.681996 0
    outer loop
      vertex 78.0302 -70.2587 -3.8147e-07
      vertex 75.5307 -72.9391 7.89999
      vertex 75.5307 -72.9391 -3.8147e-07
    endloop
  endfacet
  facet normal 0.500042 -0.500042 0.707047
    outer loop
      vertex 75.0991 -72.5223 8.5
      vertex 72.9391 -75.5307 7.89999
      vertex 75.5307 -72.9391 7.89999
    endloop
  endfacet
  facet normal 0.500042 -0.500042 0.707047
    outer loop
      vertex 72.9391 -75.5307 7.89999
      vertex 75.0991 -72.5223 8.5
      vertex 72.5223 -75.0991 8.5
    endloop
  endfacet
  facet normal -0.707107 0.707107 0
    outer loop
      vertex 70.1605 -72.6533 7
      vertex 72.6533 -70.1605 8.5
      vertex 72.6533 -70.1605 7
    endloop
  endfacet
  facet normal -0.707107 0.707107 0
    outer loop
      vertex 72.6533 -70.1605 8.5
      vertex 70.1605 -72.6533 7
      vertex 70.1605 -72.6533 8.5
    endloop
  endfacet
  facet normal 0.707107 -0.707107 0
    outer loop
      vertex 72.9391 -75.5307 7.89999
      vertex 75.5307 -72.9391 -3.8147e-07
      vertex 75.5307 -72.9391 7.89999
    endloop
  endfacet
  facet normal 0.707107 -0.707107 0
    outer loop
      vertex 75.5307 -72.9391 -3.8147e-07
      vertex 72.9391 -75.5307 7.89999
      vertex 72.9391 -75.5307 -3.8147e-07
    endloop
  endfacet
  facet normal 0.482281 -0.517193 0.707047
    outer loop
      vertex 72.9391 -75.5307 7.89999
      vertex 72.5223 -75.0991 8.5
      vertex 69.8572 -77.5843 8.5
    endloop
  endfacet
  facet normal 0.482275 -0.51718 0.707061
    outer loop
      vertex 70.2587 -78.0302 7.89999
      vertex 72.9391 -75.5307 7.89999
      vertex 69.8572 -77.5843 8.5
    endloop
  endfacet
  facet normal -0.681998 0.731354 0
    outer loop
      vertex 70.1605 -72.6533 7
      vertex 67.5822 -75.0576 8.5
      vertex 70.1605 -72.6533 8.5
    endloop
  endfacet
  facet normal -0.681998 0.731354 0
    outer loop
      vertex 67.5822 -75.0576 8.5
      vertex 70.1605 -72.6533 7
      vertex 67.5822 -75.0576 7
    endloop
  endfacet
  facet normal 0.681996 -0.731356 0
    outer loop
      vertex 70.2587 -78.0302 -3.8147e-07
      vertex 72.9391 -75.5307 7.89999
      vertex 70.2587 -78.0302 7.89999
    endloop
  endfacet
  facet normal 0.681996 -0.731356 0
    outer loop
      vertex 72.9391 -75.5307 7.89999
      vertex 70.2587 -78.0302 -3.8147e-07
      vertex 72.9391 -75.5307 -3.8147e-07
    endloop
  endfacet
  facet normal 0.463932 -0.533696 0.707061
    outer loop
      vertex 70.2587 -78.0302 7.89999
      vertex 69.8572 -77.5843 8.5
      vertex 67.107 -79.975 8.5
    endloop
  endfacet
  facet normal 0.46392 -0.533668 0.70709
    outer loop
      vertex 67.4927 -80.4347 7.89999
      vertex 70.2587 -78.0302 7.89999
      vertex 67.107 -79.975 8.5
    endloop
  endfacet
  facet normal -0.656057 0.754711 0
    outer loop
      vertex 67.5822 -75.0576 7
      vertex 64.9215 -77.3705 8.5
      vertex 67.5822 -75.0576 8.5
    endloop
  endfacet
  facet normal -0.656057 0.754711 0
    outer loop
      vertex 64.9215 -77.3705 8.5
      vertex 67.5822 -75.0576 7
      vertex 64.9215 -77.3705 7
    endloop
  endfacet
  facet normal 0.656067 -0.754702 0
    outer loop
      vertex 67.4927 -80.4347 -3.8147e-07
      vertex 70.2587 -78.0302 7.89999
      vertex 67.4927 -80.4347 7.89999
    endloop
  endfacet
  facet normal 0.656067 -0.754702 0
    outer loop
      vertex 70.2587 -78.0302 7.89999
      vertex 67.4927 -80.4347 -3.8147e-07
      vertex 70.2587 -78.0302 -3.8147e-07
    endloop
  endfacet
  facet normal 0.445015 -0.549531 0.707091
    outer loop
      vertex 67.4927 -80.4347 7.89999
      vertex 67.107 -79.975 8.5
      vertex 64.2751 -82.2683 8.5
    endloop
  endfacet
  facet normal 0.445032 -0.549576 0.707045
    outer loop
      vertex 64.6445 -82.7411 7.89999
      vertex 67.4927 -80.4347 7.89999
      vertex 64.2751 -82.2683 8.5
    endloop
  endfacet
  facet normal -0.629326 0.777141 0
    outer loop
      vertex 64.9215 -77.3705 7
      vertex 62.1818 -79.5891 8.5
      vertex 64.9215 -77.3705 8.5
    endloop
  endfacet
  facet normal -0.629326 0.777141 0
    outer loop
      vertex 62.1818 -79.5891 8.5
      vertex 64.9215 -77.3705 7
      vertex 62.1818 -79.5891 7
    endloop
  endfacet
  facet normal 0.629316 -0.77715 0
    outer loop
      vertex 64.6445 -82.7411 -3.8147e-07
      vertex 67.4927 -80.4347 7.89999
      vertex 64.6445 -82.7411 7.89999
    endloop
  endfacet
  facet normal 0.629316 -0.77715 0
    outer loop
      vertex 67.4927 -80.4347 7.89999
      vertex 64.6445 -82.7411 -3.8147e-07
      vertex 67.4927 -80.4347 -3.8147e-07
    endloop
  endfacet
  facet normal 0.425588 -0.564767 0.707045
    outer loop
      vertex 64.6445 -82.7411 7.89999
      vertex 64.2751 -82.2683 8.5
      vertex 61.3648 -84.4614 8.5
    endloop
  endfacet
  facet normal 0.425586 -0.56476 0.707052
    outer loop
      vertex 61.7175 -84.9468 7.89999
      vertex 64.6445 -82.7411 7.89999
      vertex 61.3648 -84.4614 8.5
    endloop
  endfacet
  facet normal -0.601809 0.79864 0
    outer loop
      vertex 62.1818 -79.5891 7
      vertex 59.3663 -81.7107 8.5
      vertex 62.1818 -79.5891 8.5
    endloop
  endfacet
  facet normal -0.601809 0.79864 0
    outer loop
      vertex 59.3663 -81.7107 8.5
      vertex 62.1818 -79.5891 7
      vertex 59.3663 -81.7107 7
    endloop
  endfacet
  facet normal 0.601823 -0.798629 0
    outer loop
      vertex 61.7175 -84.9468 -3.8147e-07
      vertex 64.6445 -82.7411 7.89999
      vertex 61.7175 -84.9468 7.89999
    endloop
  endfacet
  facet normal 0.601823 -0.798629 0
    outer loop
      vertex 64.6445 -82.7411 7.89999
      vertex 61.7175 -84.9468 -3.8147e-07
      vertex 64.6445 -82.7411 -3.8147e-07
    endloop
  endfacet
  facet normal 0.4056 -0.579281 0.707052
    outer loop
      vertex 61.7175 -84.9468 7.89999
      vertex 61.3648 -84.4614 8.5
      vertex 58.3797 -86.5515 8.5
    endloop
  endfacet
  facet normal 0.405596 -0.579268 0.707065
    outer loop
      vertex 58.7153 -87.0489 7.89999
      vertex 61.7175 -84.9468 7.89999
      vertex 58.3797 -86.5515 8.5
    endloop
  endfacet
  facet normal -0.573584 0.819147 0
    outer loop
      vertex 59.3663 -81.7107 7
      vertex 56.4785 -83.7328 8.5
      vertex 59.3663 -81.7107 8.5
    endloop
  endfacet
  facet normal -0.573584 0.819147 0
    outer loop
      vertex 56.4785 -83.7328 8.5
      vertex 59.3663 -81.7107 7
      vertex 56.4785 -83.7328 7
    endloop
  endfacet
  facet normal 0.573565 -0.81916 0
    outer loop
      vertex 58.7153 -87.0489 -3.8147e-07
      vertex 61.7175 -84.9468 7.89999
      vertex 58.7153 -87.0489 7.89999
    endloop
  endfacet
  facet normal 0.573565 -0.81916 0
    outer loop
      vertex 61.7175 -84.9468 7.89999
      vertex 58.7153 -87.0489 -3.8147e-07
      vertex 61.7175 -84.9468 -3.8147e-07
    endloop
  endfacet
  facet normal 0.385148 -0.593062 0.707063
    outer loop
      vertex 58.7153 -87.0489 7.89999
      vertex 58.3797 -86.5515 8.5
      vertex 55.3236 -88.5362 8.5
    endloop
  endfacet
  facet normal 0.385147 -0.59306 0.707066
    outer loop
      vertex 55.6415 -89.0451 7.89999
      vertex 58.7153 -87.0489 7.89999
      vertex 55.3236 -88.5362 8.5
    endloop
  endfacet
  facet normal -0.544638 0.838671 0
    outer loop
      vertex 56.4785 -83.7328 7
      vertex 53.5218 -85.6529 8.5
      vertex 56.4785 -83.7328 8.5
    endloop
  endfacet
  facet normal -0.544638 0.838671 0
    outer loop
      vertex 53.5218 -85.6529 8.5
      vertex 56.4785 -83.7328 7
      vertex 53.5218 -85.6529 7
    endloop
  endfacet
  facet normal 0.544649 -0.838664 0
    outer loop
      vertex 55.6415 -89.0451 -3.8147e-07
      vertex 58.7153 -87.0489 7.89999
      vertex 55.6415 -89.0451 7.89999
    endloop
  endfacet
  facet normal 0.544649 -0.838664 0
    outer loop
      vertex 58.7153 -87.0489 7.89999
      vertex 55.6415 -89.0451 -3.8147e-07
      vertex 58.7153 -87.0489 -3.8147e-07
    endloop
  endfacet
  facet normal 0.3642 -0.606147 0.707067
    outer loop
      vertex 55.6415 -89.0451 7.89999
      vertex 55.3236 -88.5362 8.5
      vertex 52.2 -90.413 8.5
    endloop
  endfacet
  facet normal 0.364195 -0.606124 0.70709
    outer loop
      vertex 52.5 -90.9327 7.89999
      vertex 55.6415 -89.0451 7.89999
      vertex 52.2 -90.413 8.5
    endloop
  endfacet
  facet normal -0.515042 0.857165 0
    outer loop
      vertex 53.5218 -85.6529 7
      vertex 50.5 -87.4686 8.5
      vertex 53.5218 -85.6529 8.5
    endloop
  endfacet
  facet normal -0.515042 0.857165 0
    outer loop
      vertex 50.5 -87.4686 8.5
      vertex 53.5218 -85.6529 7
      vertex 50.5 -87.4686 7
    endloop
  endfacet
  facet normal 0.515037 -0.857168 0
    outer loop
      vertex 52.5 -90.9327 -3.8147e-07
      vertex 55.6415 -89.0451 7.89999
      vertex 52.5 -90.9327 7.89999
    endloop
  endfacet
  facet normal 0.515037 -0.857168 0
    outer loop
      vertex 55.6415 -89.0451 7.89999
      vertex 52.5 -90.9327 -3.8147e-07
      vertex 55.6415 -89.0451 -3.8147e-07
    endloop
  endfacet
  facet normal 0.342821 -0.618463 0.707091
    outer loop
      vertex 52.5 -90.9327 7.89999
      vertex 52.2 -90.413 8.5
      vertex 49.0128 -92.1797 8.5
    endloop
  endfacet
  facet normal 0.342825 -0.618486 0.707068
    outer loop
      vertex 49.2945 -92.7095 7.89999
      vertex 52.5 -90.9327 7.89999
      vertex 49.0128 -92.1797 8.5
    endloop
  endfacet
  facet normal -0.484797 0.874627 0
    outer loop
      vertex 50.5 -87.4686 7
      vertex 47.4166 -89.1777 8.5
      vertex 50.5 -87.4686 8.5
    endloop
  endfacet
  facet normal -0.484797 0.874627 0
    outer loop
      vertex 47.4166 -89.1777 8.5
      vertex 50.5 -87.4686 7
      vertex 47.4166 -89.1777 7
    endloop
  endfacet
  facet normal 0.484802 -0.874624 0
    outer loop
      vertex 49.2945 -92.7095 -3.8147e-07
      vertex 52.5 -90.9327 7.89999
      vertex 49.2945 -92.7095 7.89999
    endloop
  endfacet
  facet normal 0.484802 -0.874624 0
    outer loop
      vertex 52.5 -90.9327 7.89999
      vertex 49.2945 -92.7095 -3.8147e-07
      vertex 52.5 -90.9327 -3.8147e-07
    endloop
  endfacet
  facet normal 0.321041 -0.630069 0.707068
    outer loop
      vertex 49.2945 -92.7095 7.89999
      vertex 49.0128 -92.1797 8.5
      vertex 45.7659 -93.8341 8.5
    endloop
  endfacet
  facet normal 0.321039 -0.630057 0.70708
    outer loop
      vertex 46.029 -94.3734 7.89999
      vertex 49.2945 -92.7095 7.89999
      vertex 45.7659 -93.8341 8.5
    endloop
  endfacet
  facet normal -0.453997 0.891003 0
    outer loop
      vertex 47.4166 -89.1777 7
      vertex 44.2755 -90.7782 8.5
      vertex 47.4166 -89.1777 8.5
    endloop
  endfacet
  facet normal -0.453997 0.891003 0
    outer loop
      vertex 44.2755 -90.7782 8.5
      vertex 47.4166 -89.1777 7
      vertex 44.2755 -90.7782 7
    endloop
  endfacet
  facet normal 0.454 -0.891002 0
    outer loop
      vertex 46.029 -94.3734 -3.8147e-07
      vertex 49.2945 -92.7095 7.89999
      vertex 46.029 -94.3734 7.89999
    endloop
  endfacet
  facet normal 0.454 -0.891002 0
    outer loop
      vertex 49.2945 -92.7095 7.89999
      vertex 46.029 -94.3734 -3.8147e-07
      vertex 49.2945 -92.7095 -3.8147e-07
    endloop
  endfacet
  facet normal 0.298844 -0.640884 0.707079
    outer loop
      vertex 46.029 -94.3734 7.89999
      vertex 45.7659 -93.8341 8.5
      vertex 42.4633 -95.3741 8.5
    endloop
  endfacet
  facet normal 0.298844 -0.640887 0.707075
    outer loop
      vertex 42.7073 -95.9223 7.89999
      vertex 46.029 -94.3734 7.89999
      vertex 42.4633 -95.3741 8.5
    endloop
  endfacet
  facet normal -0.422618 0.906308 0
    outer loop
      vertex 44.2755 -90.7782 7
      vertex 41.0804 -92.2681 8.5
      vertex 44.2755 -90.7782 8.5
    endloop
  endfacet
  facet normal -0.422618 0.906308 0
    outer loop
      vertex 41.0804 -92.2681 8.5
      vertex 44.2755 -90.7782 7
      vertex 41.0804 -92.2681 7
    endloop
  endfacet
  facet normal 0.422611 -0.906311 0
    outer loop
      vertex 42.7073 -95.9223 -3.8147e-07
      vertex 46.029 -94.3734 7.89999
      vertex 42.7073 -95.9223 7.89999
    endloop
  endfacet
  facet normal 0.422611 -0.906311 0
    outer loop
      vertex 46.029 -94.3734 7.89999
      vertex 42.7073 -95.9223 -3.8147e-07
      vertex 46.029 -94.3734 -3.8147e-07
    endloop
  endfacet
  facet normal 0.276307 -0.65092 0.707077
    outer loop
      vertex 42.7073 -95.9223 7.89999
      vertex 42.4633 -95.3741 8.5
      vertex 39.1089 -96.798 8.5
    endloop
  endfacet
  facet normal 0.27631 -0.650948 0.70705
    outer loop
      vertex 39.3337 -97.3543 7.89999
      vertex 42.7073 -95.9223 7.89999
      vertex 39.1089 -96.798 8.5
    endloop
  endfacet
  facet normal -0.39074 0.920501 0
    outer loop
      vertex 41.0804 -92.2681 7
      vertex 37.8353 -93.6456 8.5
      vertex 41.0804 -92.2681 8.5
    endloop
  endfacet
  facet normal -0.39074 0.920501 0
    outer loop
      vertex 37.8353 -93.6456 8.5
      vertex 41.0804 -92.2681 7
      vertex 37.8353 -93.6456 7
    endloop
  endfacet
  facet normal 0.390729 -0.920506 0
    outer loop
      vertex 39.3337 -97.3543 -3.8147e-07
      vertex 42.7073 -95.9223 7.89999
      vertex 39.3337 -97.3543 7.89999
    endloop
  endfacet
  facet normal 0.390729 -0.920506 0
    outer loop
      vertex 42.7073 -95.9223 7.89999
      vertex 39.3337 -97.3543 -3.8147e-07
      vertex 42.7073 -95.9223 -3.8147e-07
    endloop
  endfacet
  facet normal 0.253424 -0.660195 0.707049
    outer loop
      vertex 39.3337 -97.3543 7.89999
      vertex 39.1089 -96.798 8.5
      vertex 35.7069 -98.1039 8.5
    endloop
  endfacet
  facet normal 0.253425 -0.660209 0.707036
    outer loop
      vertex 35.9121 -98.6677 7.89999
      vertex 39.3337 -97.3543 7.89999
      vertex 35.7069 -98.1039 8.5
    endloop
  endfacet
  facet normal -0.358365 0.933582 0
    outer loop
      vertex 37.8353 -93.6456 7
      vertex 34.544 -94.909 8.5
      vertex 37.8353 -93.6456 8.5
    endloop
  endfacet
  facet normal -0.358365 0.933582 0
    outer loop
      vertex 34.544 -94.909 8.5
      vertex 37.8353 -93.6456 7
      vertex 34.544 -94.909 7
    endloop
  endfacet
  facet normal 0.358361 -0.933583 0
    outer loop
      vertex 35.9121 -98.6677 -3.8147e-07
      vertex 39.3337 -97.3543 7.89999
      vertex 35.9121 -98.6677 7.89999
    endloop
  endfacet
  facet normal 0.358361 -0.933583 0
    outer loop
      vertex 39.3337 -97.3543 7.89999
      vertex 35.9121 -98.6677 -3.8147e-07
      vertex 39.3337 -97.3543 -3.8147e-07
    endloop
  endfacet
  facet normal 0.230238 -0.668648 0.707036
    outer loop
      vertex 35.9121 -98.6677 7.89999
      vertex 35.7069 -98.1039 8.5
      vertex 32.2614 -99.2903 8.5
    endloop
  endfacet
  facet normal 0.230238 -0.668659 0.707026
    outer loop
      vertex 32.4468 -99.8609 7.89999
      vertex 35.9121 -98.6677 7.89999
      vertex 32.2614 -99.2903 8.5
    endloop
  endfacet
  facet normal -0.325556 0.945523 0
    outer loop
      vertex 34.544 -94.909 7
      vertex 31.2107 -96.0567 8.5
      vertex 34.544 -94.909 8.5
    endloop
  endfacet
  facet normal -0.325556 0.945523 0
    outer loop
      vertex 31.2107 -96.0567 8.5
      vertex 34.544 -94.909 7
      vertex 31.2107 -96.0567 7
    endloop
  endfacet
  facet normal 0.325569 -0.945518 0
    outer loop
      vertex 32.4468 -99.8609 -3.8147e-07
      vertex 35.9121 -98.6677 7.89999
      vertex 32.4468 -99.8609 7.89999
    endloop
  endfacet
  facet normal 0.325569 -0.945518 0
    outer loop
      vertex 35.9121 -98.6677 7.89999
      vertex 32.4468 -99.8609 -3.8147e-07
      vertex 35.9121 -98.6677 -3.8147e-07
    endloop
  endfacet
  facet normal 0.206807 -0.676272 0.707027
    outer loop
      vertex 32.4468 -99.8609 7.89999
      vertex 32.2614 -99.2903 8.5
      vertex 28.7765 -100.356 8.5
    endloop
  endfacet
  facet normal 0.206799 -0.676696 0.706624
    outer loop
      vertex 28.9419 -100.932 7.89999
      vertex 32.4468 -99.8609 7.89999
      vertex 28.7765 -100.356 8.5
    endloop
  endfacet
  facet normal -0.292369 0.956306 0
    outer loop
      vertex 31.2107 -96.0567 7
      vertex 27.8394 -97.0874 8.5
      vertex 31.2107 -96.0567 8.5
    endloop
  endfacet
  facet normal -0.292369 0.956306 0
    outer loop
      vertex 27.8394 -97.0874 8.5
      vertex 31.2107 -96.0567 7
      vertex 27.8394 -97.0874 7
    endloop
  endfacet
  facet normal 0.292258 -0.956339 0
    outer loop
      vertex 28.9419 -100.932 -3.8147e-07
      vertex 32.4468 -99.8609 7.89999
      vertex 28.9419 -100.932 7.89999
    endloop
  endfacet
  facet normal 0.292258 -0.956339 0
    outer loop
      vertex 32.4468 -99.8609 7.89999
      vertex 28.9419 -100.932 -3.8147e-07
      vertex 32.4468 -99.8609 -3.8147e-07
    endloop
  endfacet
  facet normal 0.183111 -0.683492 0.706618
    outer loop
      vertex 28.9419 -100.932 7.89999
      vertex 28.7765 -100.356 8.5
      vertex 25.2566 -101.299 8.5
    endloop
  endfacet
  facet normal 0.183131 -0.683141 0.706952
    outer loop
      vertex 25.4018 -101.881 7.89999
      vertex 28.9419 -100.932 7.89999
      vertex 25.2566 -101.299 8.5
    endloop
  endfacet
  facet normal -0.258833 0.965922 0
    outer loop
      vertex 27.8394 -97.0874 7
      vertex 24.4341 -97.9999 8.5
      vertex 27.8394 -97.0874 8.5
    endloop
  endfacet
  facet normal -0.258833 0.965922 0
    outer loop
      vertex 24.4341 -97.9999 8.5
      vertex 27.8394 -97.0874 7
      vertex 24.4341 -97.9999 7
    endloop
  endfacet
  facet normal 0.258929 -0.965896 0
    outer loop
      vertex 25.4018 -101.881 -3.8147e-07
      vertex 28.9419 -100.932 7.89999
      vertex 25.4018 -101.881 7.89999
    endloop
  endfacet
  facet normal 0.258929 -0.965896 0
    outer loop
      vertex 28.9419 -100.932 7.89999
      vertex 25.4018 -101.881 -3.8147e-07
      vertex 28.9419 -100.932 -3.8147e-07
    endloop
  endfacet
  facet normal 0.159151 -0.689123 0.706952
    outer loop
      vertex 25.4018 -101.881 7.89999
      vertex 25.2566 -101.299 8.5
      vertex 21.706 -102.119 8.5
    endloop
  endfacet
  facet normal 0.159111 -0.689564 0.706531
    outer loop
      vertex 21.8307 -102.705 7.89999
      vertex 25.4018 -101.881 7.89999
      vertex 21.706 -102.119 8.5
    endloop
  endfacet
  facet normal -0.224942 0.974372 0
    outer loop
      vertex 24.4341 -97.9999 7
      vertex 20.9991 -98.7929 8.5
      vertex 24.4341 -97.9999 8.5
    endloop
  endfacet
  facet normal -0.224942 0.974372 0
    outer loop
      vertex 20.9991 -98.7929 8.5
      vertex 24.4341 -97.9999 7
      vertex 20.9991 -98.7929 7
    endloop
  endfacet
  facet normal 0.224834 -0.974397 0
    outer loop
      vertex 21.8307 -102.705 -3.8147e-07
      vertex 25.4018 -101.881 7.89999
      vertex 21.8307 -102.705 7.89999
    endloop
  endfacet
  facet normal 0.224834 -0.974397 0
    outer loop
      vertex 25.4018 -101.881 7.89999
      vertex 21.8307 -102.705 -3.8147e-07
      vertex 25.4018 -101.881 -3.8147e-07
    endloop
  endfacet
  facet normal 0.134973 -0.694696 0.706527
    outer loop
      vertex 21.8307 -102.705 7.89999
      vertex 21.706 -102.119 8.5
      vertex 18.1289 -102.814 8.5
    endloop
  endfacet
  facet normal 0.135051 -0.694083 0.707114
    outer loop
      vertex 18.2331 -103.405 7.89999
      vertex 21.8307 -102.705 7.89999
      vertex 18.1289 -102.814 8.5
    endloop
  endfacet
  facet normal -0.190817 0.981626 0
    outer loop
      vertex 20.9991 -98.7929 7
      vertex 17.5385 -99.4656 8.5
      vertex 20.9991 -98.7929 8.5
    endloop
  endfacet
  facet normal -0.190817 0.981626 0
    outer loop
      vertex 17.5385 -99.4656 8.5
      vertex 20.9991 -98.7929 7
      vertex 17.5385 -99.4656 7
    endloop
  endfacet
  facet normal 0.190992 -0.981592 0
    outer loop
      vertex 18.2331 -103.405 -3.8147e-07
      vertex 21.8307 -102.705 7.89999
      vertex 18.2331 -103.405 7.89999
    endloop
  endfacet
  facet normal 0.190992 -0.981592 0
    outer loop
      vertex 21.8307 -102.705 7.89999
      vertex 18.2331 -103.405 -3.8147e-07
      vertex 21.8307 -102.705 -3.8147e-07
    endloop
  endfacet
  facet normal 0.110604 -0.698395 0.707115
    outer loop
      vertex 18.2331 -103.405 7.89999
      vertex 18.1289 -102.814 8.5
      vertex 14.5297 -103.384 8.5
    endloop
  endfacet
  facet normal 0.110577 -0.698562 0.706954
    outer loop
      vertex 14.6132 -103.978 7.89999
      vertex 18.2331 -103.405 7.89999
      vertex 14.5297 -103.384 8.5
    endloop
  endfacet
  facet normal -0.156408 0.987692 0
    outer loop
      vertex 17.5385 -99.4656 7
      vertex 14.0565 -100.017 8.5
      vertex 17.5385 -99.4656 8.5
    endloop
  endfacet
  facet normal -0.156408 0.987692 0
    outer loop
      vertex 14.0565 -100.017 8.5
      vertex 17.5385 -99.4656 7
      vertex 14.0565 -100.017 7
    endloop
  endfacet
  facet normal 0.156345 -0.987702 0
    outer loop
      vertex 14.6132 -103.978 -3.8147e-07
      vertex 18.2331 -103.405 7.89999
      vertex 14.6132 -103.978 7.89999
    endloop
  endfacet
  facet normal 0.156345 -0.987702 0
    outer loop
      vertex 18.2331 -103.405 7.89999
      vertex 14.6132 -103.978 -3.8147e-07
      vertex 18.2331 -103.405 -3.8147e-07
    endloop
  endfacet
  facet normal 0.0861744 -0.701992 0.706952
    outer loop
      vertex 14.6132 -103.978 7.89999
      vertex 14.5297 -103.384 8.5
      vertex 10.9128 -103.828 8.5
    endloop
  endfacet
  facet normal 0.0862276 -0.701723 0.707213
    outer loop
      vertex 10.9755 -104.425 7.89999
      vertex 14.6132 -103.978 7.89999
      vertex 10.9128 -103.828 8.5
    endloop
  endfacet
  facet normal -0.121971 0.992534 0
    outer loop
      vertex 14.0565 -100.017 7
      vertex 10.5574 -100.447 8.5
      vertex 14.0565 -100.017 8.5
    endloop
  endfacet
  facet normal -0.121971 0.992534 0
    outer loop
      vertex 10.5574 -100.447 8.5
      vertex 14.0565 -100.017 7
      vertex 10.5574 -100.447 7
    endloop
  endfacet
  facet normal 0.121963 -0.992535 0
    outer loop
      vertex 10.9755 -104.425 -3.8147e-07
      vertex 14.6132 -103.978 7.89999
      vertex 10.9755 -104.425 7.89999
    endloop
  endfacet
  facet normal 0.121963 -0.992535 0
    outer loop
      vertex 14.6132 -103.978 7.89999
      vertex 10.9755 -104.425 -3.8147e-07
      vertex 14.6132 -103.978 -3.8147e-07
    endloop
  endfacet
  facet normal 0.0616952 -0.704301 0.707215
    outer loop
      vertex 10.9755 -104.425 7.89999
      vertex 10.9128 -103.828 8.5
      vertex 7.28257 -104.146 8.5
    endloop
  endfacet
  facet normal 0.0615792 -0.704797 0.706732
    outer loop
      vertex 7.32443 -104.744 7.89999
      vertex 10.9755 -104.425 7.89999
      vertex 7.28257 -104.146 8.5
    endloop
  endfacet
  facet normal -0.0870825 0.996201 0
    outer loop
      vertex 10.5574 -100.447 7
      vertex 7.0454 -100.754 8.5
      vertex 10.5574 -100.447 8.5
    endloop
  endfacet
  facet normal -0.0870825 0.996201 0
    outer loop
      vertex 7.0454 -100.754 8.5
      vertex 10.5574 -100.447 7
      vertex 7.0454 -100.754 7
    endloop
  endfacet
  facet normal 0.0870401 -0.996205 0
    outer loop
      vertex 7.32443 -104.744 -3.8147e-07
      vertex 10.9755 -104.425 7.89999
      vertex 7.32443 -104.744 7.89999
    endloop
  endfacet
  facet normal 0.0870401 -0.996205 0
    outer loop
      vertex 10.9755 -104.425 7.89999
      vertex 7.32443 -104.744 -3.8147e-07
      vertex 10.9755 -104.425 -3.8147e-07
    endloop
  endfacet
  facet normal 0.0368884 -0.706522 0.706729
    outer loop
      vertex 7.32443 -104.744 7.89999
      vertex 7.28257 -104.146 8.5
      vertex 3.64351 -104.336 8.5
    endloop
  endfacet
  facet normal 0.0370353 -0.705981 0.707262
    outer loop
      vertex 3.66445 -104.936 7.89999
      vertex 7.32443 -104.744 7.89999
      vertex 3.64351 -104.336 8.5
    endloop
  endfacet
  facet normal -0.0521933 0.998637 0
    outer loop
      vertex 7.0454 -100.754 7
      vertex 3.52485 -100.938 8.5
      vertex 7.0454 -100.754 8.5
    endloop
  endfacet
  facet normal -0.0521933 0.998637 0
    outer loop
      vertex 3.52485 -100.938 8.5
      vertex 7.0454 -100.754 7
      vertex 3.52485 -100.938 7
    endloop
  endfacet
  facet normal 0.0523873 -0.998627 0
    outer loop
      vertex 3.66445 -104.936 -3.8147e-07
      vertex 7.32443 -104.744 7.89999
      vertex 3.66445 -104.936 7.89999
    endloop
  endfacet
  facet normal 0.0523873 -0.998627 0
    outer loop
      vertex 7.32443 -104.744 7.89999
      vertex 3.66445 -104.936 -3.8147e-07
      vertex 7.32443 -104.744 -3.8147e-07
    endloop
  endfacet
  facet normal 0.0122357 -0.700749 0.713303
    outer loop
      vertex 0.15 -104.422 8.47544
      vertex 3.64351 -104.336 8.5
      vertex 0.15 -104.397 8.5
    endloop
  endfacet
  facet normal 0.0124282 -0.706841 0.707263
    outer loop
      vertex 3.64351 -104.336 8.5
      vertex 0.15 -104.422 8.47544
      vertex 3.66445 -104.936 7.89999
    endloop
  endfacet
  facet normal 0.0122771 -0.70733 0.706777
    outer loop
      vertex 3.66445 -104.936 7.89999
      vertex 0.15 -104.422 8.47544
      vertex 0.15 -104.997 7.89999
    endloop
  endfacet
  facet normal -0.0174796 0.999847 0
    outer loop
      vertex 3.52485 -100.938 7
      vertex 0.15 -100.997 8.5
      vertex 3.52485 -100.938 8.5
    endloop
  endfacet
  facet normal -0.0174796 0.999847 0
    outer loop
      vertex 0.15 -100.997 8.5
      vertex 3.52485 -100.938 7
      vertex 0.15 -100.997 7
    endloop
  endfacet
  facet normal 0.0173543 -0.999849 0
    outer loop
      vertex 0.15 -104.997 -3.8147e-07
      vertex 3.66445 -104.936 7.89999
      vertex 0.15 -104.997 7.89999
    endloop
  endfacet
  facet normal 0.0173543 -0.999849 0
    outer loop
      vertex 3.66445 -104.936 7.89999
      vertex 0.15 -104.997 -3.8147e-07
      vertex 3.66445 -104.936 -3.8147e-07
    endloop
  endfacet
  facet normal 0 0 1
    outer loop
      vertex 101 0 8.5
      vertex 104.4 0 8.5
      vertex 104.336 3.64351 8.5
    endloop
  endfacet
  facet normal 0 0 1
    outer loop
      vertex 100.938 3.52485 8.5
      vertex 104.336 3.64351 8.5
      vertex 104.146 7.28257 8.5
    endloop
  endfacet
  facet normal 0 0 1
    outer loop
      vertex 104.4 0 8.5
      vertex 101 0 8.5
      vertex 104.336 -3.64351 8.5
    endloop
  endfacet
  facet normal 0 0 1
    outer loop
      vertex 100.754 7.0454 8.5
      vertex 104.146 7.28257 8.5
      vertex 103.828 10.9128 8.5
    endloop
  endfacet
  facet normal -0 0 1
    outer loop
      vertex 100.938 -3.52485 8.5
      vertex 104.336 -3.64351 8.5
      vertex 101 0 8.5
    endloop
  endfacet
  facet normal 0 0 1
    outer loop
      vertex 100.447 10.5574 8.5
      vertex 103.828 10.9128 8.5
      vertex 103.384 14.5297 8.5
    endloop
  endfacet
  facet normal 0 0 1
    outer loop
      vertex 104.336 -3.64351 8.5
      vertex 100.938 -3.52485 8.5
      vertex 104.146 -7.28257 8.5
    endloop
  endfacet
  facet normal 0 0 1
    outer loop
      vertex 100.017 14.0565 8.5
      vertex 103.384 14.5297 8.5
      vertex 102.814 18.1289 8.5
    endloop
  endfacet
  facet normal -0 0 1
    outer loop
      vertex 100.754 -7.0454 8.5
      vertex 104.146 -7.28257 8.5
      vertex 100.938 -3.52485 8.5
    endloop
  endfacet
  facet normal 0 0 1
    outer loop
      vertex 99.4656 17.5385 8.5
      vertex 102.814 18.1289 8.5
      vertex 102.119 21.706 8.5
    endloop
  endfacet
  facet normal 0 0 1
    outer loop
      vertex 104.146 -7.28257 8.5
      vertex 100.754 -7.0454 8.5
      vertex 103.828 -10.9128 8.5
    endloop
  endfacet
  facet normal 0 0 1
    outer loop
      vertex 98.7929 20.9991 8.5
      vertex 102.119 21.706 8.5
      vertex 101.299 25.2566 8.5
    endloop
  endfacet
  facet normal -0 0 1
    outer loop
      vertex 100.447 -10.5574 8.5
      vertex 103.828 -10.9128 8.5
      vertex 100.754 -7.0454 8.5
    endloop
  endfacet
  facet normal 0 0 1
    outer loop
      vertex 103.828 -10.9128 8.5
      vertex 100.447 -10.5574 8.5
      vertex 103.384 -14.5297 8.5
    endloop
  endfacet
  facet normal 0 0 1
    outer loop
      vertex 104.336 3.64351 8.5
      vertex 100.938 3.52485 8.5
      vertex 101 0 8.5
    endloop
  endfacet
  facet normal 0 0 1
    outer loop
      vertex 104.146 7.28257 8.5
      vertex 100.754 7.0454 8.5
      vertex 100.938 3.52485 8.5
    endloop
  endfacet
  facet normal 0 0 1
    outer loop
      vertex 103.828 10.9128 8.5
      vertex 100.447 10.5574 8.5
      vertex 100.754 7.0454 8.5
    endloop
  endfacet
  facet normal 0 0 1
    outer loop
      vertex 97.9999 24.4341 8.5
      vertex 101.299 25.2566 8.5
      vertex 100.356 28.7765 8.5
    endloop
  endfacet
  facet normal 0 0 1
    outer loop
      vertex 103.384 14.5297 8.5
      vertex 100.017 14.0565 8.5
      vertex 100.447 10.5574 8.5
    endloop
  endfacet
  facet normal 0 0 1
    outer loop
      vertex 102.814 18.1289 8.5
      vertex 99.4656 17.5385 8.5
      vertex 100.017 14.0565 8.5
    endloop
  endfacet
  facet normal 0 0 1
    outer loop
      vertex 97.0874 27.8394 8.5
      vertex 100.356 28.7765 8.5
      vertex 99.2903 32.2614 8.5
    endloop
  endfacet
  facet normal 0 0 1
    outer loop
      vertex 102.119 21.706 8.5
      vertex 98.7929 20.9991 8.5
      vertex 99.4656 17.5385 8.5
    endloop
  endfacet
  facet normal 0 0 1
    outer loop
      vertex 96.0567 31.2107 8.5
      vertex 99.2903 32.2614 8.5
      vertex 98.1039 35.7069 8.5
    endloop
  endfacet
  facet normal 0 0 1
    outer loop
      vertex 101.299 25.2566 8.5
      vertex 97.9999 24.4341 8.5
      vertex 98.7929 20.9991 8.5
    endloop
  endfacet
  facet normal 0 0 1
    outer loop
      vertex 100.356 28.7765 8.5
      vertex 97.0874 27.8394 8.5
      vertex 97.9999 24.4341 8.5
    endloop
  endfacet
  facet normal 0 0 1
    outer loop
      vertex 94.909 34.544 8.5
      vertex 98.1039 35.7069 8.5
      vertex 96.798 39.1089 8.5
    endloop
  endfacet
  facet normal 0 0 1
    outer loop
      vertex 99.2903 32.2614 8.5
      vertex 96.0567 31.2107 8.5
      vertex 97.0874 27.8394 8.5
    endloop
  endfacet
  facet normal 0 0 1
    outer loop
      vertex 93.6456 37.8353 8.5
      vertex 96.798 39.1089 8.5
      vertex 95.3741 42.4633 8.5
    endloop
  endfacet
  facet normal 0 0 1
    outer loop
      vertex 98.1039 35.7069 8.5
      vertex 94.909 34.544 8.5
      vertex 96.0567 31.2107 8.5
    endloop
  endfacet
  facet normal 0 0 1
    outer loop
      vertex 92.2681 41.0804 8.5
      vertex 95.3741 42.4633 8.5
      vertex 93.8341 45.7659 8.5
    endloop
  endfacet
  facet normal 0 0 1
    outer loop
      vertex 96.798 39.1089 8.5
      vertex 93.6456 37.8353 8.5
      vertex 94.909 34.544 8.5
    endloop
  endfacet
  facet normal 0 0 1
    outer loop
      vertex 95.3741 42.4633 8.5
      vertex 92.2681 41.0804 8.5
      vertex 93.6456 37.8353 8.5
    endloop
  endfacet
  facet normal 0 0 1
    outer loop
      vertex 90.7782 44.2755 8.5
      vertex 93.8341 45.7659 8.5
      vertex 92.1797 49.0128 8.5
    endloop
  endfacet
  facet normal 0 0 1
    outer loop
      vertex 93.8341 45.7659 8.5
      vertex 90.7782 44.2755 8.5
      vertex 92.2681 41.0804 8.5
    endloop
  endfacet
  facet normal 0 0 1
    outer loop
      vertex 89.1777 47.4166 8.5
      vertex 92.1797 49.0128 8.5
      vertex 90.413 52.2 8.5
    endloop
  endfacet
  facet normal 0 0 1
    outer loop
      vertex 92.1797 49.0128 8.5
      vertex 89.1777 47.4166 8.5
      vertex 90.7782 44.2755 8.5
    endloop
  endfacet
  facet normal 0 0 1
    outer loop
      vertex 87.4686 50.5 8.5
      vertex 90.413 52.2 8.5
      vertex 88.5362 55.3236 8.5
    endloop
  endfacet
  facet normal 0 0 1
    outer loop
      vertex 90.413 52.2 8.5
      vertex 87.4686 50.5 8.5
      vertex 89.1777 47.4166 8.5
    endloop
  endfacet
  facet normal 0 0 1
    outer loop
      vertex 85.6529 53.5218 8.5
      vertex 88.5362 55.3236 8.5
      vertex 86.5515 58.3797 8.5
    endloop
  endfacet
  facet normal 0 0 1
    outer loop
      vertex 88.5362 55.3236 8.5
      vertex 85.6529 53.5218 8.5
      vertex 87.4686 50.5 8.5
    endloop
  endfacet
  facet normal 0 0 1
    outer loop
      vertex 83.7328 56.4785 8.5
      vertex 86.5515 58.3797 8.5
      vertex 84.4614 61.3648 8.5
    endloop
  endfacet
  facet normal 0 0 1
    outer loop
      vertex 86.5515 58.3797 8.5
      vertex 83.7328 56.4785 8.5
      vertex 85.6529 53.5218 8.5
    endloop
  endfacet
  facet normal 0 0 1
    outer loop
      vertex 81.7107 59.3663 8.5
      vertex 84.4614 61.3648 8.5
      vertex 82.2683 64.2751 8.5
    endloop
  endfacet
  facet normal 0 0 1
    outer loop
      vertex 84.4614 61.3648 8.5
      vertex 81.7107 59.3663 8.5
      vertex 83.7328 56.4785 8.5
    endloop
  endfacet
  facet normal 0 0 1
    outer loop
      vertex 79.5891 62.1818 8.5
      vertex 82.2683 64.2751 8.5
      vertex 79.975 67.107 8.5
    endloop
  endfacet
  facet normal 0 0 1
    outer loop
      vertex 82.2683 64.2751 8.5
      vertex 79.5891 62.1818 8.5
      vertex 81.7107 59.3663 8.5
    endloop
  endfacet
  facet normal 0 0 1
    outer loop
      vertex 77.3705 64.9215 8.5
      vertex 79.975 67.107 8.5
      vertex 77.5843 69.8572 8.5
    endloop
  endfacet
  facet normal 0 0 1
    outer loop
      vertex 79.975 67.107 8.5
      vertex 77.3705 64.9215 8.5
      vertex 79.5891 62.1818 8.5
    endloop
  endfacet
  facet normal 0 0 1
    outer loop
      vertex 75.0576 67.5822 8.5
      vertex 77.5843 69.8572 8.5
      vertex 75.0991 72.5223 8.5
    endloop
  endfacet
  facet normal 0 0 1
    outer loop
      vertex 77.5843 69.8572 8.5
      vertex 75.0576 67.5822 8.5
      vertex 77.3705 64.9215 8.5
    endloop
  endfacet
  facet normal 0 0 1
    outer loop
      vertex 75.0991 72.5223 8.5
      vertex 72.6533 70.1605 8.5
      vertex 75.0576 67.5822 8.5
    endloop
  endfacet
  facet normal 0 0 1
    outer loop
      vertex 72.5223 75.0991 8.5
      vertex 72.6533 70.1605 8.5
      vertex 75.0991 72.5223 8.5
    endloop
  endfacet
  facet normal 0 0 1
    outer loop
      vertex 72.5223 75.0991 8.5
      vertex 70.1605 72.6533 8.5
      vertex 72.6533 70.1605 8.5
    endloop
  endfacet
  facet normal 0 0 1
    outer loop
      vertex 69.8572 77.5843 8.5
      vertex 70.1605 72.6533 8.5
      vertex 72.5223 75.0991 8.5
    endloop
  endfacet
  facet normal 0 0 1
    outer loop
      vertex 69.8572 77.5843 8.5
      vertex 67.5822 75.0576 8.5
      vertex 70.1605 72.6533 8.5
    endloop
  endfacet
  facet normal 0 0 1
    outer loop
      vertex 67.107 79.975 8.5
      vertex 67.5822 75.0576 8.5
      vertex 69.8572 77.5843 8.5
    endloop
  endfacet
  facet normal 0 0 1
    outer loop
      vertex 67.107 79.975 8.5
      vertex 64.9215 77.3705 8.5
      vertex 67.5822 75.0576 8.5
    endloop
  endfacet
  facet normal 0 0 1
    outer loop
      vertex 64.2751 82.2683 8.5
      vertex 64.9215 77.3705 8.5
      vertex 67.107 79.975 8.5
    endloop
  endfacet
  facet normal 0 0 1
    outer loop
      vertex 64.2751 82.2683 8.5
      vertex 62.1818 79.5891 8.5
      vertex 64.9215 77.3705 8.5
    endloop
  endfacet
  facet normal 0 0 1
    outer loop
      vertex 61.3648 84.4614 8.5
      vertex 62.1818 79.5891 8.5
      vertex 64.2751 82.2683 8.5
    endloop
  endfacet
  facet normal 0 0 1
    outer loop
      vertex 61.3648 84.4614 8.5
      vertex 59.3663 81.7107 8.5
      vertex 62.1818 79.5891 8.5
    endloop
  endfacet
  facet normal 0 0 1
    outer loop
      vertex 58.3797 86.5515 8.5
      vertex 59.3663 81.7107 8.5
      vertex 61.3648 84.4614 8.5
    endloop
  endfacet
  facet normal 0 0 1
    outer loop
      vertex 58.3797 86.5515 8.5
      vertex 56.4785 83.7328 8.5
      vertex 59.3663 81.7107 8.5
    endloop
  endfacet
  facet normal 0 0 1
    outer loop
      vertex 55.3236 88.5362 8.5
      vertex 56.4785 83.7328 8.5
      vertex 58.3797 86.5515 8.5
    endloop
  endfacet
  facet normal 0 0 1
    outer loop
      vertex 55.3236 88.5362 8.5
      vertex 53.5218 85.6529 8.5
      vertex 56.4785 83.7328 8.5
    endloop
  endfacet
  facet normal 0 0 1
    outer loop
      vertex 52.2 90.413 8.5
      vertex 53.5218 85.6529 8.5
      vertex 55.3236 88.5362 8.5
    endloop
  endfacet
  facet normal 0 0 1
    outer loop
      vertex 52.2 90.413 8.5
      vertex 50.5 87.4686 8.5
      vertex 53.5218 85.6529 8.5
    endloop
  endfacet
  facet normal 0 0 1
    outer loop
      vertex 49.0128 92.1797 8.5
      vertex 50.5 87.4686 8.5
      vertex 52.2 90.413 8.5
    endloop
  endfacet
  facet normal 0 0 1
    outer loop
      vertex 49.0128 92.1797 8.5
      vertex 47.4166 89.1777 8.5
      vertex 50.5 87.4686 8.5
    endloop
  endfacet
  facet normal 0 0 1
    outer loop
      vertex 45.7659 93.8341 8.5
      vertex 47.4166 89.1777 8.5
      vertex 49.0128 92.1797 8.5
    endloop
  endfacet
  facet normal 0 0 1
    outer loop
      vertex 45.7659 93.8341 8.5
      vertex 44.2755 90.7782 8.5
      vertex 47.4166 89.1777 8.5
    endloop
  endfacet
  facet normal 0 0 1
    outer loop
      vertex 42.4633 95.3741 8.5
      vertex 44.2755 90.7782 8.5
      vertex 45.7659 93.8341 8.5
    endloop
  endfacet
  facet normal 0 0 1
    outer loop
      vertex 42.4633 95.3741 8.5
      vertex 41.0804 92.2681 8.5
      vertex 44.2755 90.7782 8.5
    endloop
  endfacet
  facet normal 0 0 1
    outer loop
      vertex 39.1089 96.798 8.5
      vertex 41.0804 92.2681 8.5
      vertex 42.4633 95.3741 8.5
    endloop
  endfacet
  facet normal 0 0 1
    outer loop
      vertex 39.1089 96.798 8.5
      vertex 37.8353 93.6456 8.5
      vertex 41.0804 92.2681 8.5
    endloop
  endfacet
  facet normal 0 0 1
    outer loop
      vertex 35.7069 98.1039 8.5
      vertex 37.8353 93.6456 8.5
      vertex 39.1089 96.798 8.5
    endloop
  endfacet
  facet normal 0 0 1
    outer loop
      vertex 35.7069 98.1039 8.5
      vertex 34.544 94.909 8.5
      vertex 37.8353 93.6456 8.5
    endloop
  endfacet
  facet normal 0 0 1
    outer loop
      vertex 32.2614 99.2903 8.5
      vertex 34.544 94.909 8.5
      vertex 35.7069 98.1039 8.5
    endloop
  endfacet
  facet normal 0 0 1
    outer loop
      vertex 32.2614 99.2903 8.5
      vertex 31.2107 96.0567 8.5
      vertex 34.544 94.909 8.5
    endloop
  endfacet
  facet normal 0 0 1
    outer loop
      vertex 28.7765 100.356 8.5
      vertex 31.2107 96.0567 8.5
      vertex 32.2614 99.2903 8.5
    endloop
  endfacet
  facet normal 0 0 1
    outer loop
      vertex 28.7765 100.356 8.5
      vertex 27.8394 97.0874 8.5
      vertex 31.2107 96.0567 8.5
    endloop
  endfacet
  facet normal 0 0 1
    outer loop
      vertex 25.2566 101.299 8.5
      vertex 27.8394 97.0874 8.5
      vertex 28.7765 100.356 8.5
    endloop
  endfacet
  facet normal 0 0 1
    outer loop
      vertex 25.2566 101.299 8.5
      vertex 24.4341 97.9999 8.5
      vertex 27.8394 97.0874 8.5
    endloop
  endfacet
  facet normal 0 0 1
    outer loop
      vertex 21.706 102.119 8.5
      vertex 24.4341 97.9999 8.5
      vertex 25.2566 101.299 8.5
    endloop
  endfacet
  facet normal 0 0 1
    outer loop
      vertex 21.706 102.119 8.5
      vertex 20.9991 98.7929 8.5
      vertex 24.4341 97.9999 8.5
    endloop
  endfacet
  facet normal 0 0 1
    outer loop
      vertex 18.1289 102.814 8.5
      vertex 20.9991 98.7929 8.5
      vertex 21.706 102.119 8.5
    endloop
  endfacet
  facet normal 0 0 1
    outer loop
      vertex 18.1289 102.814 8.5
      vertex 17.5385 99.4656 8.5
      vertex 20.9991 98.7929 8.5
    endloop
  endfacet
  facet normal 0 0 1
    outer loop
      vertex 14.5297 103.384 8.5
      vertex 17.5385 99.4656 8.5
      vertex 18.1289 102.814 8.5
    endloop
  endfacet
  facet normal 0 0 1
    outer loop
      vertex 14.5297 103.384 8.5
      vertex 14.0565 100.017 8.5
      vertex 17.5385 99.4656 8.5
    endloop
  endfacet
  facet normal 0 0 1
    outer loop
      vertex 10.9128 103.828 8.5
      vertex 14.0565 100.017 8.5
      vertex 14.5297 103.384 8.5
    endloop
  endfacet
  facet normal 0 0 1
    outer loop
      vertex 10.9128 103.828 8.5
      vertex 10.5574 100.447 8.5
      vertex 14.0565 100.017 8.5
    endloop
  endfacet
  facet normal 0 0 1
    outer loop
      vertex 7.28257 104.146 8.5
      vertex 10.5574 100.447 8.5
      vertex 10.9128 103.828 8.5
    endloop
  endfacet
  facet normal 0 0 1
    outer loop
      vertex 7.28257 104.146 8.5
      vertex 7.0454 100.754 8.5
      vertex 10.5574 100.447 8.5
    endloop
  endfacet
  facet normal 0 0 1
    outer loop
      vertex 3.64351 104.336 8.5
      vertex 7.0454 100.754 8.5
      vertex 7.28257 104.146 8.5
    endloop
  endfacet
  facet normal 0 0 1
    outer loop
      vertex 3.64351 104.336 8.5
      vertex 3.52485 100.938 8.5
      vertex 7.0454 100.754 8.5
    endloop
  endfacet
  facet normal 0 0 1
    outer loop
      vertex 0.15 104.397 8.5
      vertex 3.52485 100.938 8.5
      vertex 3.64351 104.336 8.5
    endloop
  endfacet
  facet normal 0 0 1
    outer loop
      vertex 3.52485 100.938 8.5
      vertex 0.15 104.397 8.5
      vertex 0.15 100.997 8.5
    endloop
  endfacet
  facet normal -0 0 1
    outer loop
      vertex 100.017 -14.0565 8.5
      vertex 103.384 -14.5297 8.5
      vertex 100.447 -10.5574 8.5
    endloop
  endfacet
  facet normal 0 0 1
    outer loop
      vertex 103.384 -14.5297 8.5
      vertex 100.017 -14.0565 8.5
      vertex 102.814 -18.1289 8.5
    endloop
  endfacet
  facet normal -0 0 1
    outer loop
      vertex 99.4656 -17.5385 8.5
      vertex 102.814 -18.1289 8.5
      vertex 100.017 -14.0565 8.5
    endloop
  endfacet
  facet normal 0 0 1
    outer loop
      vertex 102.814 -18.1289 8.5
      vertex 99.4656 -17.5385 8.5
      vertex 102.119 -21.706 8.5
    endloop
  endfacet
  facet normal -0 0 1
    outer loop
      vertex 98.7929 -20.9991 8.5
      vertex 102.119 -21.706 8.5
      vertex 99.4656 -17.5385 8.5
    endloop
  endfacet
  facet normal 0 0 1
    outer loop
      vertex 102.119 -21.706 8.5
      vertex 98.7929 -20.9991 8.5
      vertex 101.299 -25.2566 8.5
    endloop
  endfacet
  facet normal -0 0 1
    outer loop
      vertex 97.9999 -24.4341 8.5
      vertex 101.299 -25.2566 8.5
      vertex 98.7929 -20.9991 8.5
    endloop
  endfacet
  facet normal 0 0 1
    outer loop
      vertex 101.299 -25.2566 8.5
      vertex 97.9999 -24.4341 8.5
      vertex 100.356 -28.7765 8.5
    endloop
  endfacet
  facet normal -0 0 1
    outer loop
      vertex 97.0874 -27.8394 8.5
      vertex 100.356 -28.7765 8.5
      vertex 97.9999 -24.4341 8.5
    endloop
  endfacet
  facet normal 0 0 1
    outer loop
      vertex 100.356 -28.7765 8.5
      vertex 97.0874 -27.8394 8.5
      vertex 99.2903 -32.2614 8.5
    endloop
  endfacet
  facet normal -0 0 1
    outer loop
      vertex 96.0567 -31.2107 8.5
      vertex 99.2903 -32.2614 8.5
      vertex 97.0874 -27.8394 8.5
    endloop
  endfacet
  facet normal 0 0 1
    outer loop
      vertex 99.2903 -32.2614 8.5
      vertex 96.0567 -31.2107 8.5
      vertex 98.1039 -35.7069 8.5
    endloop
  endfacet
  facet normal -0 0 1
    outer loop
      vertex 94.909 -34.544 8.5
      vertex 98.1039 -35.7069 8.5
      vertex 96.0567 -31.2107 8.5
    endloop
  endfacet
  facet normal 0 0 1
    outer loop
      vertex 98.1039 -35.7069 8.5
      vertex 94.909 -34.544 8.5
      vertex 96.798 -39.1089 8.5
    endloop
  endfacet
  facet normal -0 0 1
    outer loop
      vertex 93.6456 -37.8353 8.5
      vertex 96.798 -39.1089 8.5
      vertex 94.909 -34.544 8.5
    endloop
  endfacet
  facet normal 0 0 1
    outer loop
      vertex 96.798 -39.1089 8.5
      vertex 93.6456 -37.8353 8.5
      vertex 95.3741 -42.4633 8.5
    endloop
  endfacet
  facet normal -0 0 1
    outer loop
      vertex 92.2681 -41.0804 8.5
      vertex 95.3741 -42.4633 8.5
      vertex 93.6456 -37.8353 8.5
    endloop
  endfacet
  facet normal 0 0 1
    outer loop
      vertex 95.3741 -42.4633 8.5
      vertex 92.2681 -41.0804 8.5
      vertex 93.8341 -45.7659 8.5
    endloop
  endfacet
  facet normal -0 0 1
    outer loop
      vertex 90.7782 -44.2755 8.5
      vertex 93.8341 -45.7659 8.5
      vertex 92.2681 -41.0804 8.5
    endloop
  endfacet
  facet normal 0 0 1
    outer loop
      vertex 93.8341 -45.7659 8.5
      vertex 90.7782 -44.2755 8.5
      vertex 92.1797 -49.0128 8.5
    endloop
  endfacet
  facet normal -0 0 1
    outer loop
      vertex 89.1777 -47.4166 8.5
      vertex 92.1797 -49.0128 8.5
      vertex 90.7782 -44.2755 8.5
    endloop
  endfacet
  facet normal 0 0 1
    outer loop
      vertex 92.1797 -49.0128 8.5
      vertex 89.1777 -47.4166 8.5
      vertex 90.413 -52.2 8.5
    endloop
  endfacet
  facet normal -0 0 1
    outer loop
      vertex 87.4686 -50.5 8.5
      vertex 90.413 -52.2 8.5
      vertex 89.1777 -47.4166 8.5
    endloop
  endfacet
  facet normal 0 0 1
    outer loop
      vertex 90.413 -52.2 8.5
      vertex 87.4686 -50.5 8.5
      vertex 88.5362 -55.3236 8.5
    endloop
  endfacet
  facet normal -0 0 1
    outer loop
      vertex 85.6529 -53.5218 8.5
      vertex 88.5362 -55.3236 8.5
      vertex 87.4686 -50.5 8.5
    endloop
  endfacet
  facet normal 0 0 1
    outer loop
      vertex 88.5362 -55.3236 8.5
      vertex 85.6529 -53.5218 8.5
      vertex 86.5515 -58.3797 8.5
    endloop
  endfacet
  facet normal -0 0 1
    outer loop
      vertex 83.7328 -56.4785 8.5
      vertex 86.5515 -58.3797 8.5
      vertex 85.6529 -53.5218 8.5
    endloop
  endfacet
  facet normal 0 0 1
    outer loop
      vertex 86.5515 -58.3797 8.5
      vertex 83.7328 -56.4785 8.5
      vertex 84.4614 -61.3648 8.5
    endloop
  endfacet
  facet normal -0 0 1
    outer loop
      vertex 81.7107 -59.3663 8.5
      vertex 84.4614 -61.3648 8.5
      vertex 83.7328 -56.4785 8.5
    endloop
  endfacet
  facet normal 0 0 1
    outer loop
      vertex 84.4614 -61.3648 8.5
      vertex 81.7107 -59.3663 8.5
      vertex 82.2683 -64.2751 8.5
    endloop
  endfacet
  facet normal -0 0 1
    outer loop
      vertex 79.5891 -62.1818 8.5
      vertex 82.2683 -64.2751 8.5
      vertex 81.7107 -59.3663 8.5
    endloop
  endfacet
  facet normal 0 0 1
    outer loop
      vertex 82.2683 -64.2751 8.5
      vertex 79.5891 -62.1818 8.5
      vertex 79.975 -67.107 8.5
    endloop
  endfacet
  facet normal -0 0 1
    outer loop
      vertex 77.3705 -64.9215 8.5
      vertex 79.975 -67.107 8.5
      vertex 79.5891 -62.1818 8.5
    endloop
  endfacet
  facet normal 0 0 1
    outer loop
      vertex 79.975 -67.107 8.5
      vertex 77.3705 -64.9215 8.5
      vertex 77.5843 -69.8572 8.5
    endloop
  endfacet
  facet normal -0 0 1
    outer loop
      vertex 75.0576 -67.5822 8.5
      vertex 77.5843 -69.8572 8.5
      vertex 77.3705 -64.9215 8.5
    endloop
  endfacet
  facet normal 0 0 1
    outer loop
      vertex 77.5843 -69.8572 8.5
      vertex 75.0576 -67.5822 8.5
      vertex 75.0991 -72.5223 8.5
    endloop
  endfacet
  facet normal -0 0 1
    outer loop
      vertex 72.6533 -70.1605 8.5
      vertex 75.0991 -72.5223 8.5
      vertex 75.0576 -67.5822 8.5
    endloop
  endfacet
  facet normal 0 0 1
    outer loop
      vertex 72.6533 -70.1605 8.5
      vertex 72.5223 -75.0991 8.5
      vertex 75.0991 -72.5223 8.5
    endloop
  endfacet
  facet normal -0 0 1
    outer loop
      vertex 70.1605 -72.6533 8.5
      vertex 72.5223 -75.0991 8.5
      vertex 72.6533 -70.1605 8.5
    endloop
  endfacet
  facet normal 0 0 1
    outer loop
      vertex 70.1605 -72.6533 8.5
      vertex 69.8572 -77.5843 8.5
      vertex 72.5223 -75.0991 8.5
    endloop
  endfacet
  facet normal -0 0 1
    outer loop
      vertex 67.5822 -75.0576 8.5
      vertex 69.8572 -77.5843 8.5
      vertex 70.1605 -72.6533 8.5
    endloop
  endfacet
  facet normal 0 0 1
    outer loop
      vertex 67.5822 -75.0576 8.5
      vertex 67.107 -79.975 8.5
      vertex 69.8572 -77.5843 8.5
    endloop
  endfacet
  facet normal -0 0 1
    outer loop
      vertex 64.9215 -77.3705 8.5
      vertex 67.107 -79.975 8.5
      vertex 67.5822 -75.0576 8.5
    endloop
  endfacet
  facet normal 0 0 1
    outer loop
      vertex 64.9215 -77.3705 8.5
      vertex 64.2751 -82.2683 8.5
      vertex 67.107 -79.975 8.5
    endloop
  endfacet
  facet normal -0 0 1
    outer loop
      vertex 62.1818 -79.5891 8.5
      vertex 64.2751 -82.2683 8.5
      vertex 64.9215 -77.3705 8.5
    endloop
  endfacet
  facet normal 0 0 1
    outer loop
      vertex 62.1818 -79.5891 8.5
      vertex 61.3648 -84.4614 8.5
      vertex 64.2751 -82.2683 8.5
    endloop
  endfacet
  facet normal -0 0 1
    outer loop
      vertex 59.3663 -81.7107 8.5
      vertex 61.3648 -84.4614 8.5
      vertex 62.1818 -79.5891 8.5
    endloop
  endfacet
  facet normal 0 0 1
    outer loop
      vertex 59.3663 -81.7107 8.5
      vertex 58.3797 -86.5515 8.5
      vertex 61.3648 -84.4614 8.5
    endloop
  endfacet
  facet normal -0 0 1
    outer loop
      vertex 56.4785 -83.7328 8.5
      vertex 58.3797 -86.5515 8.5
      vertex 59.3663 -81.7107 8.5
    endloop
  endfacet
  facet normal 0 0 1
    outer loop
      vertex 56.4785 -83.7328 8.5
      vertex 55.3236 -88.5362 8.5
      vertex 58.3797 -86.5515 8.5
    endloop
  endfacet
  facet normal -0 0 1
    outer loop
      vertex 53.5218 -85.6529 8.5
      vertex 55.3236 -88.5362 8.5
      vertex 56.4785 -83.7328 8.5
    endloop
  endfacet
  facet normal 0 0 1
    outer loop
      vertex 53.5218 -85.6529 8.5
      vertex 52.2 -90.413 8.5
      vertex 55.3236 -88.5362 8.5
    endloop
  endfacet
  facet normal -0 0 1
    outer loop
      vertex 50.5 -87.4686 8.5
      vertex 52.2 -90.413 8.5
      vertex 53.5218 -85.6529 8.5
    endloop
  endfacet
  facet normal 0 0 1
    outer loop
      vertex 50.5 -87.4686 8.5
      vertex 49.0128 -92.1797 8.5
      vertex 52.2 -90.413 8.5
    endloop
  endfacet
  facet normal -0 0 1
    outer loop
      vertex 47.4166 -89.1777 8.5
      vertex 49.0128 -92.1797 8.5
      vertex 50.5 -87.4686 8.5
    endloop
  endfacet
  facet normal 0 0 1
    outer loop
      vertex 47.4166 -89.1777 8.5
      vertex 45.7659 -93.8341 8.5
      vertex 49.0128 -92.1797 8.5
    endloop
  endfacet
  facet normal -0 0 1
    outer loop
      vertex 44.2755 -90.7782 8.5
      vertex 45.7659 -93.8341 8.5
      vertex 47.4166 -89.1777 8.5
    endloop
  endfacet
  facet normal 0 0 1
    outer loop
      vertex 44.2755 -90.7782 8.5
      vertex 42.4633 -95.3741 8.5
      vertex 45.7659 -93.8341 8.5
    endloop
  endfacet
  facet normal -0 0 1
    outer loop
      vertex 41.0804 -92.2681 8.5
      vertex 42.4633 -95.3741 8.5
      vertex 44.2755 -90.7782 8.5
    endloop
  endfacet
  facet normal 0 0 1
    outer loop
      vertex 41.0804 -92.2681 8.5
      vertex 39.1089 -96.798 8.5
      vertex 42.4633 -95.3741 8.5
    endloop
  endfacet
  facet normal -0 0 1
    outer loop
      vertex 37.8353 -93.6456 8.5
      vertex 39.1089 -96.798 8.5
      vertex 41.0804 -92.2681 8.5
    endloop
  endfacet
  facet normal 0 0 1
    outer loop
      vertex 37.8353 -93.6456 8.5
      vertex 35.7069 -98.1039 8.5
      vertex 39.1089 -96.798 8.5
    endloop
  endfacet
  facet normal -0 0 1
    outer loop
      vertex 34.544 -94.909 8.5
      vertex 35.7069 -98.1039 8.5
      vertex 37.8353 -93.6456 8.5
    endloop
  endfacet
  facet normal 0 0 1
    outer loop
      vertex 34.544 -94.909 8.5
      vertex 32.2614 -99.2903 8.5
      vertex 35.7069 -98.1039 8.5
    endloop
  endfacet
  facet normal -0 0 1
    outer loop
      vertex 31.2107 -96.0567 8.5
      vertex 32.2614 -99.2903 8.5
      vertex 34.544 -94.909 8.5
    endloop
  endfacet
  facet normal 0 0 1
    outer loop
      vertex 31.2107 -96.0567 8.5
      vertex 28.7765 -100.356 8.5
      vertex 32.2614 -99.2903 8.5
    endloop
  endfacet
  facet normal -0 0 1
    outer loop
      vertex 27.8394 -97.0874 8.5
      vertex 28.7765 -100.356 8.5
      vertex 31.2107 -96.0567 8.5
    endloop
  endfacet
  facet normal 0 0 1
    outer loop
      vertex 27.8394 -97.0874 8.5
      vertex 25.2566 -101.299 8.5
      vertex 28.7765 -100.356 8.5
    endloop
  endfacet
  facet normal -0 0 1
    outer loop
      vertex 24.4341 -97.9999 8.5
      vertex 25.2566 -101.299 8.5
      vertex 27.8394 -97.0874 8.5
    endloop
  endfacet
  facet normal 0 0 1
    outer loop
      vertex 24.4341 -97.9999 8.5
      vertex 21.706 -102.119 8.5
      vertex 25.2566 -101.299 8.5
    endloop
  endfacet
  facet normal -0 0 1
    outer loop
      vertex 20.9991 -98.7929 8.5
      vertex 21.706 -102.119 8.5
      vertex 24.4341 -97.9999 8.5
    endloop
  endfacet
  facet normal 0 0 1
    outer loop
      vertex 20.9991 -98.7929 8.5
      vertex 18.1289 -102.814 8.5
      vertex 21.706 -102.119 8.5
    endloop
  endfacet
  facet normal -0 0 1
    outer loop
      vertex 17.5385 -99.4656 8.5
      vertex 18.1289 -102.814 8.5
      vertex 20.9991 -98.7929 8.5
    endloop
  endfacet
  facet normal 0 0 1
    outer loop
      vertex 17.5385 -99.4656 8.5
      vertex 14.5297 -103.384 8.5
      vertex 18.1289 -102.814 8.5
    endloop
  endfacet
  facet normal -0 0 1
    outer loop
      vertex 14.0565 -100.017 8.5
      vertex 14.5297 -103.384 8.5
      vertex 17.5385 -99.4656 8.5
    endloop
  endfacet
  facet normal 0 0 1
    outer loop
      vertex 14.0565 -100.017 8.5
      vertex 10.9128 -103.828 8.5
      vertex 14.5297 -103.384 8.5
    endloop
  endfacet
  facet normal -0 0 1
    outer loop
      vertex 10.5574 -100.447 8.5
      vertex 10.9128 -103.828 8.5
      vertex 14.0565 -100.017 8.5
    endloop
  endfacet
  facet normal 0 0 1
    outer loop
      vertex 10.5574 -100.447 8.5
      vertex 7.28257 -104.146 8.5
      vertex 10.9128 -103.828 8.5
    endloop
  endfacet
  facet normal -0 0 1
    outer loop
      vertex 7.0454 -100.754 8.5
      vertex 7.28257 -104.146 8.5
      vertex 10.5574 -100.447 8.5
    endloop
  endfacet
  facet normal 0 0 1
    outer loop
      vertex 7.0454 -100.754 8.5
      vertex 3.64351 -104.336 8.5
      vertex 7.28257 -104.146 8.5
    endloop
  endfacet
  facet normal -0 0 1
    outer loop
      vertex 3.52485 -100.938 8.5
      vertex 3.64351 -104.336 8.5
      vertex 7.0454 -100.754 8.5
    endloop
  endfacet
  facet normal -0 0 1
    outer loop
      vertex 0.15 -100.997 8.5
      vertex 3.64351 -104.336 8.5
      vertex 3.52485 -100.938 8.5
    endloop
  endfacet
  facet normal 0 0 1
    outer loop
      vertex 3.64351 -104.336 8.5
      vertex 0.15 -100.997 8.5
      vertex 0.15 -104.397 8.5
    endloop
  endfacet
  facet normal 0 0 1
    outer loop
      vertex 48.2 0 7
      vertex 101 0 7
      vertex 100.938 3.52485 7
    endloop
  endfacet
  facet normal 0 0 1
    outer loop
      vertex 48.1339 2.52259 7
      vertex 100.938 3.52485 7
      vertex 100.754 7.0454 7
    endloop
  endfacet
  facet normal 0 0 1
    outer loop
      vertex 101 0 7
      vertex 48.2 0 7
      vertex 100.938 -3.52485 7
    endloop
  endfacet
  facet normal 0 0 1
    outer loop
      vertex 47.936 5.03827 7
      vertex 100.754 7.0454 7
      vertex 100.447 10.5574 7
    endloop
  endfacet
  facet normal -0 0 1
    outer loop
      vertex 48.1339 -2.52259 7
      vertex 100.938 -3.52485 7
      vertex 48.2 0 7
    endloop
  endfacet
  facet normal 0 0 1
    outer loop
      vertex 47.936 5.03827 7
      vertex 100.447 10.5574 7
      vertex 100.017 14.0565 7
    endloop
  endfacet
  facet normal 0 0 1
    outer loop
      vertex 100.938 -3.52485 7
      vertex 48.1339 -2.52259 7
      vertex 100.754 -7.0454 7
    endloop
  endfacet
  facet normal 0 0 1
    outer loop
      vertex 47.6066 7.54014 7
      vertex 100.017 14.0565 7
      vertex 99.4656 17.5385 7
    endloop
  endfacet
  facet normal -0 0 1
    outer loop
      vertex 47.936 -5.03827 7
      vertex 100.754 -7.0454 7
      vertex 48.1339 -2.52259 7
    endloop
  endfacet
  facet normal 0 0 1
    outer loop
      vertex 47.1467 10.0213 7
      vertex 99.4656 17.5385 7
      vertex 98.7929 20.9991 7
    endloop
  endfacet
  facet normal 0 0 1
    outer loop
      vertex 100.754 -7.0454 7
      vertex 47.936 -5.03827 7
      vertex 100.447 -10.5574 7
    endloop
  endfacet
  facet normal 0 0 1
    outer loop
      vertex 47.1467 10.0213 7
      vertex 98.7929 20.9991 7
      vertex 97.9999 24.4341 7
    endloop
  endfacet
  facet normal 0 0 1
    outer loop
      vertex 100.447 -10.5574 7
      vertex 47.936 -5.03827 7
      vertex 100.017 -14.0565 7
    endloop
  endfacet
  facet normal 0 0 1
    outer loop
      vertex 46.5576 12.4751 7
      vertex 97.9999 24.4341 7
      vertex 97.0874 27.8394 7
    endloop
  endfacet
  facet normal -0 0 1
    outer loop
      vertex 47.6066 -7.54014 7
      vertex 100.017 -14.0565 7
      vertex 47.936 -5.03827 7
    endloop
  endfacet
  facet normal 0 0 1
    outer loop
      vertex 45.8409 14.8946 7
      vertex 97.0874 27.8394 7
      vertex 96.0567 31.2107 7
    endloop
  endfacet
  facet normal 0 0 1
    outer loop
      vertex 100.017 -14.0565 7
      vertex 47.6066 -7.54014 7
      vertex 99.4656 -17.5385 7
    endloop
  endfacet
  facet normal 0 0 1
    outer loop
      vertex 45.8409 14.8946 7
      vertex 96.0567 31.2107 7
      vertex 94.909 34.544 7
    endloop
  endfacet
  facet normal -0 0 1
    outer loop
      vertex 47.1467 -10.0213 7
      vertex 99.4656 -17.5385 7
      vertex 47.6066 -7.54014 7
    endloop
  endfacet
  facet normal 0 0 1
    outer loop
      vertex 44.9986 17.2733 7
      vertex 94.909 34.544 7
      vertex 93.6456 37.8353 7
    endloop
  endfacet
  facet normal 0 0 1
    outer loop
      vertex 99.4656 -17.5385 7
      vertex 47.1467 -10.0213 7
      vertex 98.7929 -20.9991 7
    endloop
  endfacet
  facet normal 0 0 1
    outer loop
      vertex 44.0329 19.6047 7
      vertex 93.6456 37.8353 7
      vertex 92.2681 41.0804 7
    endloop
  endfacet
  facet normal 0 0 1
    outer loop
      vertex 98.7929 -20.9991 7
      vertex 47.1467 -10.0213 7
      vertex 97.9999 -24.4341 7
    endloop
  endfacet
  facet normal 0 0 1
    outer loop
      vertex 44.0329 19.6047 7
      vertex 92.2681 41.0804 7
      vertex 90.7782 44.2755 7
    endloop
  endfacet
  facet normal -0 0 1
    outer loop
      vertex 46.5576 -12.4751 7
      vertex 97.9999 -24.4341 7
      vertex 47.1467 -10.0213 7
    endloop
  endfacet
  facet normal 0 0 1
    outer loop
      vertex 42.9465 21.8823 7
      vertex 90.7782 44.2755 7
      vertex 89.1777 47.4166 7
    endloop
  endfacet
  facet normal 0 0 1
    outer loop
      vertex 97.9999 -24.4341 7
      vertex 46.5576 -12.4751 7
      vertex 97.0874 -27.8394 7
    endloop
  endfacet
  facet normal 0 0 1
    outer loop
      vertex 41.7424 24.1 7
      vertex 89.1777 47.4166 7
      vertex 87.4686 50.5 7
    endloop
  endfacet
  facet normal -0 0 1
    outer loop
      vertex 45.8409 -14.8946 7
      vertex 97.0874 -27.8394 7
      vertex 46.5576 -12.4751 7
    endloop
  endfacet
  facet normal 0 0 1
    outer loop
      vertex 41.7424 24.1 7
      vertex 87.4686 50.5 7
      vertex 85.6529 53.5218 7
    endloop
  endfacet
  facet normal 0 0 1
    outer loop
      vertex 97.0874 -27.8394 7
      vertex 45.8409 -14.8946 7
      vertex 96.0567 -31.2107 7
    endloop
  endfacet
  facet normal 0 0 1
    outer loop
      vertex 40.4239 26.2516 7
      vertex 85.6529 53.5218 7
      vertex 83.7328 56.4785 7
    endloop
  endfacet
  facet normal 0 0 1
    outer loop
      vertex 96.0567 -31.2107 7
      vertex 45.8409 -14.8946 7
      vertex 94.909 -34.544 7
    endloop
  endfacet
  facet normal 0 0 1
    outer loop
      vertex 38.9946 28.3312 7
      vertex 83.7328 56.4785 7
      vertex 81.7107 59.3663 7
    endloop
  endfacet
  facet normal -0 0 1
    outer loop
      vertex 44.9986 -17.2733 7
      vertex 94.909 -34.544 7
      vertex 45.8409 -14.8946 7
    endloop
  endfacet
  facet normal 0 0 1
    outer loop
      vertex 38.9946 28.3312 7
      vertex 81.7107 59.3663 7
      vertex 79.5891 62.1818 7
    endloop
  endfacet
  facet normal 0 0 1
    outer loop
      vertex 94.909 -34.544 7
      vertex 44.9986 -17.2733 7
      vertex 93.6456 -37.8353 7
    endloop
  endfacet
  facet normal 0 0 1
    outer loop
      vertex 37.4584 30.3332 7
      vertex 79.5891 62.1818 7
      vertex 77.3705 64.9215 7
    endloop
  endfacet
  facet normal -0 0 1
    outer loop
      vertex 44.0329 -19.6047 7
      vertex 93.6456 -37.8353 7
      vertex 44.9986 -17.2733 7
    endloop
  endfacet
  facet normal 0 0 1
    outer loop
      vertex 35.8196 32.2521 7
      vertex 77.3705 64.9215 7
      vertex 75.0576 67.5822 7
    endloop
  endfacet
  facet normal 0 0 1
    outer loop
      vertex 93.6456 -37.8353 7
      vertex 44.0329 -19.6047 7
      vertex 92.2681 -41.0804 7
    endloop
  endfacet
  facet normal 0 0 1
    outer loop
      vertex 35.8196 32.2521 7
      vertex 75.0576 67.5822 7
      vertex 72.6533 70.1605 7
    endloop
  endfacet
  facet normal 0 0 1
    outer loop
      vertex 92.2681 -41.0804 7
      vertex 44.0329 -19.6047 7
      vertex 90.7782 -44.2755 7
    endloop
  endfacet
  facet normal 0 0 1
    outer loop
      vertex 34.0825 34.0825 7
      vertex 72.6533 70.1605 7
      vertex 70.1605 72.6533 7
    endloop
  endfacet
  facet normal -0 0 1
    outer loop
      vertex 42.9465 -21.8823 7
      vertex 90.7782 -44.2755 7
      vertex 44.0329 -19.6047 7
    endloop
  endfacet
  facet normal 0 0 1
    outer loop
      vertex 32.2521 35.8196 7
      vertex 70.1605 72.6533 7
      vertex 67.5822 75.0576 7
    endloop
  endfacet
  facet normal 0 0 1
    outer loop
      vertex 90.7782 -44.2755 7
      vertex 42.9465 -21.8823 7
      vertex 89.1777 -47.4166 7
    endloop
  endfacet
  facet normal 0 0 1
    outer loop
      vertex 32.2521 35.8196 7
      vertex 67.5822 75.0576 7
      vertex 64.9215 77.3705 7
    endloop
  endfacet
  facet normal -0 0 1
    outer loop
      vertex 41.7424 -24.1 7
      vertex 89.1777 -47.4166 7
      vertex 42.9465 -21.8823 7
    endloop
  endfacet
  facet normal 0 0 1
    outer loop
      vertex 30.3332 37.4584 7
      vertex 64.9215 77.3705 7
      vertex 62.1818 79.5891 7
    endloop
  endfacet
  facet normal 0 0 1
    outer loop
      vertex 89.1777 -47.4166 7
      vertex 41.7424 -24.1 7
      vertex 87.4686 -50.5 7
    endloop
  endfacet
  facet normal 0 0 1
    outer loop
      vertex 28.3312 38.9946 7
      vertex 62.1818 79.5891 7
      vertex 59.3663 81.7107 7
    endloop
  endfacet
  facet normal 0 0 1
    outer loop
      vertex 87.4686 -50.5 7
      vertex 41.7424 -24.1 7
      vertex 85.6529 -53.5218 7
    endloop
  endfacet
  facet normal 0 0 1
    outer loop
      vertex 28.3312 38.9946 7
      vertex 59.3663 81.7107 7
      vertex 56.4785 83.7328 7
    endloop
  endfacet
  facet normal -0 0 1
    outer loop
      vertex 40.4239 -26.2516 7
      vertex 85.6529 -53.5218 7
      vertex 41.7424 -24.1 7
    endloop
  endfacet
  facet normal 0 0 1
    outer loop
      vertex 26.2516 40.4239 7
      vertex 56.4785 83.7328 7
      vertex 53.5218 85.6529 7
    endloop
  endfacet
  facet normal 0 0 1
    outer loop
      vertex 85.6529 -53.5218 7
      vertex 40.4239 -26.2516 7
      vertex 83.7328 -56.4785 7
    endloop
  endfacet
  facet normal 0 0 1
    outer loop
      vertex 24.1 41.7424 7
      vertex 53.5218 85.6529 7
      vertex 50.5 87.4686 7
    endloop
  endfacet
  facet normal -0 0 1
    outer loop
      vertex 38.9946 -28.3312 7
      vertex 83.7328 -56.4785 7
      vertex 40.4239 -26.2516 7
    endloop
  endfacet
  facet normal 0 0 1
    outer loop
      vertex 83.7328 -56.4785 7
      vertex 38.9946 -28.3312 7
      vertex 81.7107 -59.3663 7
    endloop
  endfacet
  facet normal 0 0 1
    outer loop
      vertex 100.938 3.52485 7
      vertex 48.1339 2.52259 7
      vertex 48.2 0 7
    endloop
  endfacet
  facet normal 0 0 1
    outer loop
      vertex 100.754 7.0454 7
      vertex 47.936 5.03827 7
      vertex 48.1339 2.52259 7
    endloop
  endfacet
  facet normal 0 0 1
    outer loop
      vertex 100.017 14.0565 7
      vertex 47.6066 7.54014 7
      vertex 47.936 5.03827 7
    endloop
  endfacet
  facet normal 0 0 1
    outer loop
      vertex 24.1 41.7424 7
      vertex 50.5 87.4686 7
      vertex 47.4166 89.1777 7
    endloop
  endfacet
  facet normal 0 0 1
    outer loop
      vertex 99.4656 17.5385 7
      vertex 47.1467 10.0213 7
      vertex 47.6066 7.54014 7
    endloop
  endfacet
  facet normal 0 0 1
    outer loop
      vertex 97.9999 24.4341 7
      vertex 46.5576 12.4751 7
      vertex 47.1467 10.0213 7
    endloop
  endfacet
  facet normal 0 0 1
    outer loop
      vertex 97.0874 27.8394 7
      vertex 45.8409 14.8946 7
      vertex 46.5576 12.4751 7
    endloop
  endfacet
  facet normal 0 0 1
    outer loop
      vertex 94.909 34.544 7
      vertex 44.9986 17.2733 7
      vertex 45.8409 14.8946 7
    endloop
  endfacet
  facet normal 0 0 1
    outer loop
      vertex 21.8823 42.9465 7
      vertex 47.4166 89.1777 7
      vertex 44.2755 90.7782 7
    endloop
  endfacet
  facet normal 0 0 1
    outer loop
      vertex 93.6456 37.8353 7
      vertex 44.0329 19.6047 7
      vertex 44.9986 17.2733 7
    endloop
  endfacet
  facet normal 0 0 1
    outer loop
      vertex 90.7782 44.2755 7
      vertex 42.9465 21.8823 7
      vertex 44.0329 19.6047 7
    endloop
  endfacet
  facet normal 0 0 1
    outer loop
      vertex 89.1777 47.4166 7
      vertex 41.7424 24.1 7
      vertex 42.9465 21.8823 7
    endloop
  endfacet
  facet normal 0 0 1
    outer loop
      vertex 19.6047 44.0329 7
      vertex 44.2755 90.7782 7
      vertex 41.0804 92.2681 7
    endloop
  endfacet
  facet normal 0 0 1
    outer loop
      vertex 85.6529 53.5218 7
      vertex 40.4239 26.2516 7
      vertex 41.7424 24.1 7
    endloop
  endfacet
  facet normal 0 0 1
    outer loop
      vertex 83.7328 56.4785 7
      vertex 38.9946 28.3312 7
      vertex 40.4239 26.2516 7
    endloop
  endfacet
  facet normal 0 0 1
    outer loop
      vertex 19.6047 44.0329 7
      vertex 41.0804 92.2681 7
      vertex 37.8353 93.6456 7
    endloop
  endfacet
  facet normal 0 0 1
    outer loop
      vertex 79.5891 62.1818 7
      vertex 37.4584 30.3332 7
      vertex 38.9946 28.3312 7
    endloop
  endfacet
  facet normal 0 0 1
    outer loop
      vertex 77.3705 64.9215 7
      vertex 35.8196 32.2521 7
      vertex 37.4584 30.3332 7
    endloop
  endfacet
  facet normal 0 0 1
    outer loop
      vertex 17.2733 44.9986 7
      vertex 37.8353 93.6456 7
      vertex 34.544 94.909 7
    endloop
  endfacet
  facet normal 0 0 1
    outer loop
      vertex 72.6533 70.1605 7
      vertex 34.0825 34.0825 7
      vertex 35.8196 32.2521 7
    endloop
  endfacet
  facet normal 0 0 1
    outer loop
      vertex 70.1605 72.6533 7
      vertex 32.2521 35.8196 7
      vertex 34.0825 34.0825 7
    endloop
  endfacet
  facet normal 0 0 1
    outer loop
      vertex 14.8946 45.8409 7
      vertex 34.544 94.909 7
      vertex 31.2107 96.0567 7
    endloop
  endfacet
  facet normal 0 0 1
    outer loop
      vertex 64.9215 77.3705 7
      vertex 30.3332 37.4584 7
      vertex 32.2521 35.8196 7
    endloop
  endfacet
  facet normal 0 0 1
    outer loop
      vertex 62.1818 79.5891 7
      vertex 28.3312 38.9946 7
      vertex 30.3332 37.4584 7
    endloop
  endfacet
  facet normal 0 0 1
    outer loop
      vertex 14.8946 45.8409 7
      vertex 31.2107 96.0567 7
      vertex 27.8394 97.0874 7
    endloop
  endfacet
  facet normal 0 0 1
    outer loop
      vertex 56.4785 83.7328 7
      vertex 26.2516 40.4239 7
      vertex 28.3312 38.9946 7
    endloop
  endfacet
  facet normal 0 0 1
    outer loop
      vertex 12.4751 46.5576 7
      vertex 27.8394 97.0874 7
      vertex 24.4341 97.9999 7
    endloop
  endfacet
  facet normal 0 0 1
    outer loop
      vertex 53.5218 85.6529 7
      vertex 24.1 41.7424 7
      vertex 26.2516 40.4239 7
    endloop
  endfacet
  facet normal 0 0 1
    outer loop
      vertex 47.4166 89.1777 7
      vertex 21.8823 42.9465 7
      vertex 24.1 41.7424 7
    endloop
  endfacet
  facet normal 0 0 1
    outer loop
      vertex 10.0213 47.1467 7
      vertex 24.4341 97.9999 7
      vertex 20.9991 98.7929 7
    endloop
  endfacet
  facet normal 0 0 1
    outer loop
      vertex 44.2755 90.7782 7
      vertex 19.6047 44.0329 7
      vertex 21.8823 42.9465 7
    endloop
  endfacet
  facet normal 0 0 1
    outer loop
      vertex 10.0213 47.1467 7
      vertex 20.9991 98.7929 7
      vertex 17.5385 99.4656 7
    endloop
  endfacet
  facet normal 0 0 1
    outer loop
      vertex 37.8353 93.6456 7
      vertex 17.2733 44.9986 7
      vertex 19.6047 44.0329 7
    endloop
  endfacet
  facet normal 0 0 1
    outer loop
      vertex 34.544 94.909 7
      vertex 14.8946 45.8409 7
      vertex 17.2733 44.9986 7
    endloop
  endfacet
  facet normal 0 0 1
    outer loop
      vertex 7.54014 47.6066 7
      vertex 17.5385 99.4656 7
      vertex 14.0565 100.017 7
    endloop
  endfacet
  facet normal 0 0 1
    outer loop
      vertex 27.8394 97.0874 7
      vertex 12.4751 46.5576 7
      vertex 14.8946 45.8409 7
    endloop
  endfacet
  facet normal 0 0 1
    outer loop
      vertex 5.03827 47.936 7
      vertex 14.0565 100.017 7
      vertex 10.5574 100.447 7
    endloop
  endfacet
  facet normal 0 0 1
    outer loop
      vertex 24.4341 97.9999 7
      vertex 10.0213 47.1467 7
      vertex 12.4751 46.5576 7
    endloop
  endfacet
  facet normal 0 0 1
    outer loop
      vertex 17.5385 99.4656 7
      vertex 7.54014 47.6066 7
      vertex 10.0213 47.1467 7
    endloop
  endfacet
  facet normal 0 0 1
    outer loop
      vertex 5.03827 47.936 7
      vertex 10.5574 100.447 7
      vertex 7.0454 100.754 7
    endloop
  endfacet
  facet normal 0 0 1
    outer loop
      vertex 14.0565 100.017 7
      vertex 5.03827 47.936 7
      vertex 7.54014 47.6066 7
    endloop
  endfacet
  facet normal 0 0 1
    outer loop
      vertex 2.52259 48.1339 7
      vertex 7.0454 100.754 7
      vertex 3.52485 100.938 7
    endloop
  endfacet
  facet normal 0 0 1
    outer loop
      vertex 7.0454 100.754 7
      vertex 2.52259 48.1339 7
      vertex 5.03827 47.936 7
    endloop
  endfacet
  facet normal 0 0 1
    outer loop
      vertex 0.15 48.1961 7
      vertex 3.52485 100.938 7
      vertex 0.15 100.997 7
    endloop
  endfacet
  facet normal 0 0 1
    outer loop
      vertex 3.52485 100.938 7
      vertex 0.15 48.1961 7
      vertex 2.52259 48.1339 7
    endloop
  endfacet
  facet normal 0 0 1
    outer loop
      vertex 81.7107 -59.3663 7
      vertex 38.9946 -28.3312 7
      vertex 79.5891 -62.1818 7
    endloop
  endfacet
  facet normal -0 0 1
    outer loop
      vertex 37.4584 -30.3332 7
      vertex 79.5891 -62.1818 7
      vertex 38.9946 -28.3312 7
    endloop
  endfacet
  facet normal 0 0 1
    outer loop
      vertex 79.5891 -62.1818 7
      vertex 37.4584 -30.3332 7
      vertex 77.3705 -64.9215 7
    endloop
  endfacet
  facet normal -0 0 1
    outer loop
      vertex 35.8196 -32.2521 7
      vertex 77.3705 -64.9215 7
      vertex 37.4584 -30.3332 7
    endloop
  endfacet
  facet normal 0 0 1
    outer loop
      vertex 77.3705 -64.9215 7
      vertex 35.8196 -32.2521 7
      vertex 75.0576 -67.5822 7
    endloop
  endfacet
  facet normal 0 0 1
    outer loop
      vertex 75.0576 -67.5822 7
      vertex 35.8196 -32.2521 7
      vertex 72.6533 -70.1605 7
    endloop
  endfacet
  facet normal -0 0 1
    outer loop
      vertex 34.0825 -34.0825 7
      vertex 72.6533 -70.1605 7
      vertex 35.8196 -32.2521 7
    endloop
  endfacet
  facet normal 0 0 1
    outer loop
      vertex 72.6533 -70.1605 7
      vertex 34.0825 -34.0825 7
      vertex 70.1605 -72.6533 7
    endloop
  endfacet
  facet normal -0 0 1
    outer loop
      vertex 32.2521 -35.8196 7
      vertex 70.1605 -72.6533 7
      vertex 34.0825 -34.0825 7
    endloop
  endfacet
  facet normal 0 0 1
    outer loop
      vertex 70.1605 -72.6533 7
      vertex 32.2521 -35.8196 7
      vertex 67.5822 -75.0576 7
    endloop
  endfacet
  facet normal 0 0 1
    outer loop
      vertex 67.5822 -75.0576 7
      vertex 32.2521 -35.8196 7
      vertex 64.9215 -77.3705 7
    endloop
  endfacet
  facet normal -0 0 1
    outer loop
      vertex 30.3332 -37.4584 7
      vertex 64.9215 -77.3705 7
      vertex 32.2521 -35.8196 7
    endloop
  endfacet
  facet normal 0 0 1
    outer loop
      vertex 64.9215 -77.3705 7
      vertex 30.3332 -37.4584 7
      vertex 62.1818 -79.5891 7
    endloop
  endfacet
  facet normal -0 0 1
    outer loop
      vertex 28.3312 -38.9946 7
      vertex 62.1818 -79.5891 7
      vertex 30.3332 -37.4584 7
    endloop
  endfacet
  facet normal 0 0 1
    outer loop
      vertex 62.1818 -79.5891 7
      vertex 28.3312 -38.9946 7
      vertex 59.3663 -81.7107 7
    endloop
  endfacet
  facet normal 0 0 1
    outer loop
      vertex 59.3663 -81.7107 7
      vertex 28.3312 -38.9946 7
      vertex 56.4785 -83.7328 7
    endloop
  endfacet
  facet normal -0 0 1
    outer loop
      vertex 26.2516 -40.4239 7
      vertex 56.4785 -83.7328 7
      vertex 28.3312 -38.9946 7
    endloop
  endfacet
  facet normal 0 0 1
    outer loop
      vertex 56.4785 -83.7328 7
      vertex 26.2516 -40.4239 7
      vertex 53.5218 -85.6529 7
    endloop
  endfacet
  facet normal -0 0 1
    outer loop
      vertex 24.1 -41.7424 7
      vertex 53.5218 -85.6529 7
      vertex 26.2516 -40.4239 7
    endloop
  endfacet
  facet normal 0 0 1
    outer loop
      vertex 53.5218 -85.6529 7
      vertex 24.1 -41.7424 7
      vertex 50.5 -87.4686 7
    endloop
  endfacet
  facet normal 0 0 1
    outer loop
      vertex 50.5 -87.4686 7
      vertex 24.1 -41.7424 7
      vertex 47.4166 -89.1777 7
    endloop
  endfacet
  facet normal -0 0 1
    outer loop
      vertex 21.8823 -42.9465 7
      vertex 47.4166 -89.1777 7
      vertex 24.1 -41.7424 7
    endloop
  endfacet
  facet normal 0 0 1
    outer loop
      vertex 47.4166 -89.1777 7
      vertex 21.8823 -42.9465 7
      vertex 44.2755 -90.7782 7
    endloop
  endfacet
  facet normal -0 0 1
    outer loop
      vertex 19.6047 -44.0329 7
      vertex 44.2755 -90.7782 7
      vertex 21.8823 -42.9465 7
    endloop
  endfacet
  facet normal 0 0 1
    outer loop
      vertex 44.2755 -90.7782 7
      vertex 19.6047 -44.0329 7
      vertex 41.0804 -92.2681 7
    endloop
  endfacet
  facet normal 0 0 1
    outer loop
      vertex 41.0804 -92.2681 7
      vertex 19.6047 -44.0329 7
      vertex 37.8353 -93.6456 7
    endloop
  endfacet
  facet normal -0 0 1
    outer loop
      vertex 17.2733 -44.9986 7
      vertex 37.8353 -93.6456 7
      vertex 19.6047 -44.0329 7
    endloop
  endfacet
  facet normal 0 0 1
    outer loop
      vertex 37.8353 -93.6456 7
      vertex 17.2733 -44.9986 7
      vertex 34.544 -94.909 7
    endloop
  endfacet
  facet normal -0 0 1
    outer loop
      vertex 14.8946 -45.8409 7
      vertex 34.544 -94.909 7
      vertex 17.2733 -44.9986 7
    endloop
  endfacet
  facet normal 0 0 1
    outer loop
      vertex 34.544 -94.909 7
      vertex 14.8946 -45.8409 7
      vertex 31.2107 -96.0567 7
    endloop
  endfacet
  facet normal 0 0 1
    outer loop
      vertex 31.2107 -96.0567 7
      vertex 14.8946 -45.8409 7
      vertex 27.8394 -97.0874 7
    endloop
  endfacet
  facet normal -0 0 1
    outer loop
      vertex 12.4751 -46.5576 7
      vertex 27.8394 -97.0874 7
      vertex 14.8946 -45.8409 7
    endloop
  endfacet
  facet normal 0 0 1
    outer loop
      vertex 27.8394 -97.0874 7
      vertex 12.4751 -46.5576 7
      vertex 24.4341 -97.9999 7
    endloop
  endfacet
  facet normal -0 0 1
    outer loop
      vertex 10.0213 -47.1467 7
      vertex 24.4341 -97.9999 7
      vertex 12.4751 -46.5576 7
    endloop
  endfacet
  facet normal 0 0 1
    outer loop
      vertex 24.4341 -97.9999 7
      vertex 10.0213 -47.1467 7
      vertex 20.9991 -98.7929 7
    endloop
  endfacet
  facet normal 0 0 1
    outer loop
      vertex 20.9991 -98.7929 7
      vertex 10.0213 -47.1467 7
      vertex 17.5385 -99.4656 7
    endloop
  endfacet
  facet normal -0 0 1
    outer loop
      vertex 7.54014 -47.6066 7
      vertex 17.5385 -99.4656 7
      vertex 10.0213 -47.1467 7
    endloop
  endfacet
  facet normal 0 0 1
    outer loop
      vertex 17.5385 -99.4656 7
      vertex 7.54014 -47.6066 7
      vertex 14.0565 -100.017 7
    endloop
  endfacet
  facet normal -0 0 1
    outer loop
      vertex 5.03827 -47.936 7
      vertex 14.0565 -100.017 7
      vertex 7.54014 -47.6066 7
    endloop
  endfacet
  facet normal 0 0 1
    outer loop
      vertex 14.0565 -100.017 7
      vertex 5.03827 -47.936 7
      vertex 10.5574 -100.447 7
    endloop
  endfacet
  facet normal 0 0 1
    outer loop
      vertex 10.5574 -100.447 7
      vertex 5.03827 -47.936 7
      vertex 7.0454 -100.754 7
    endloop
  endfacet
  facet normal -0 0 1
    outer loop
      vertex 2.52259 -48.1339 7
      vertex 7.0454 -100.754 7
      vertex 5.03827 -47.936 7
    endloop
  endfacet
  facet normal 0 0 1
    outer loop
      vertex 7.0454 -100.754 7
      vertex 2.52259 -48.1339 7
      vertex 3.52485 -100.938 7
    endloop
  endfacet
  facet normal -0 0 1
    outer loop
      vertex 0.15 -48.1961 7
      vertex 3.52485 -100.938 7
      vertex 2.52259 -48.1339 7
    endloop
  endfacet
  facet normal 0 0 1
    outer loop
      vertex 3.52485 -100.938 7
      vertex 0.15 -48.1961 7
      vertex 0.15 -100.997 7
    endloop
  endfacet
  facet normal 0 1 -0
    outer loop
      vertex 6.46632 -11.2 3
      vertex 0.15 -11.2 6.2
      vertex 6.46632 -11.2 6.2
    endloop
  endfacet
  facet normal 0 1 0
    outer loop
      vertex 0.15 -11.2 6.2
      vertex 6.46632 -11.2 3
      vertex 0.15 -11.2 3
    endloop
  endfacet
  facet normal -0.866027 0.499998 0
    outer loop
      vertex 6.46632 -11.2 3
      vertex 12.9326 0 6.2
      vertex 12.9326 0 3
    endloop
  endfacet
  facet normal -0.866027 0.499998 0
    outer loop
      vertex 12.9326 0 6.2
      vertex 6.46632 -11.2 3
      vertex 6.46632 -11.2 6.2
    endloop
  endfacet
  facet normal 0 -1 0
    outer loop
      vertex 0.15 11.2 3
      vertex 6.46632 11.2 6.2
      vertex 0.15 11.2 6.2
    endloop
  endfacet
  facet normal 0 -1 -0
    outer loop
      vertex 6.46632 11.2 6.2
      vertex 0.15 11.2 3
      vertex 6.46632 11.2 3
    endloop
  endfacet
  facet normal -0.866027 -0.499998 0
    outer loop
      vertex 12.9326 0 3
      vertex 6.46632 11.2 6.2
      vertex 6.46632 11.2 3
    endloop
  endfacet
  facet normal -0.866027 -0.499998 0
    outer loop
      vertex 6.46632 11.2 6.2
      vertex 12.9326 0 3
      vertex 12.9326 0 6.2
    endloop
  endfacet
  facet normal -0.995187 -0.0979966 0
    outer loop
      vertex 25.146 1.64816 -3.8147e-07
      vertex 24.9844 3.28926 3
      vertex 24.9844 3.28926 -3.8147e-07
    endloop
  endfacet
  facet normal -0.995187 -0.0979966 0
    outer loop
      vertex 24.9844 3.28926 3
      vertex 25.146 1.64816 -3.8147e-07
      vertex 25.146 1.64816 3
    endloop
  endfacet
  facet normal -0.999464 -0.0327462 0
    outer loop
      vertex 25.2 0 -3.8147e-07
      vertex 25.146 1.64816 3
      vertex 25.146 1.64816 -3.8147e-07
    endloop
  endfacet
  facet normal -0.999464 -0.0327462 0
    outer loop
      vertex 25.146 1.64816 3
      vertex 25.2 0 -3.8147e-07
      vertex 25.2 0 3
    endloop
  endfacet
  facet normal -0.986645 -0.162882 0
    outer loop
      vertex 24.9844 3.28926 -3.8147e-07
      vertex 24.7158 4.91628 3
      vertex 24.7158 4.91628 -3.8147e-07
    endloop
  endfacet
  facet normal -0.986645 -0.162882 0
    outer loop
      vertex 24.7158 4.91628 3
      vertex 24.9844 3.28926 -3.8147e-07
      vertex 24.9844 3.28926 3
    endloop
  endfacet
  facet normal -0.973871 -0.227101 0
    outer loop
      vertex 24.7158 4.91628 -3.8147e-07
      vertex 24.3413 6.52224 3
      vertex 24.3413 6.52224 -3.8147e-07
    endloop
  endfacet
  facet normal -0.973871 -0.227101 0
    outer loop
      vertex 24.3413 6.52224 3
      vertex 24.7158 4.91628 -3.8147e-07
      vertex 24.7158 4.91628 3
    endloop
  endfacet
  facet normal -0.0327559 0.999463 0
    outer loop
      vertex 1.64816 -25.146 -3.8147e-07
      vertex 0.15 -25.1951 3
      vertex 1.64816 -25.146 3
    endloop
  endfacet
  facet normal -0.0327559 0.999463 0
    outer loop
      vertex 0.15 -25.1951 3
      vertex 1.64816 -25.146 -3.8147e-07
      vertex 0.15 -25.1951 -3.8147e-07
    endloop
  endfacet
  facet normal -0.582471 -0.812852 0
    outer loop
      vertex 14.0004 20.953 -3.8147e-07
      vertex 15.3408 19.9925 3
      vertex 14.0004 20.953 3
    endloop
  endfacet
  facet normal -0.582471 -0.812852 -0
    outer loop
      vertex 15.3408 19.9925 3
      vertex 14.0004 20.953 -3.8147e-07
      vertex 15.3408 19.9925 -3.8147e-07
    endloop
  endfacet
  facet normal -0.162882 -0.986645 0
    outer loop
      vertex 3.28926 24.9844 -3.8147e-07
      vertex 4.91628 24.7158 3
      vertex 3.28926 24.9844 3
    endloop
  endfacet
  facet normal -0.162882 -0.986645 -0
    outer loop
      vertex 4.91628 24.7158 3
      vertex 3.28926 24.9844 -3.8147e-07
      vertex 4.91628 24.7158 -3.8147e-07
    endloop
  endfacet
  facet normal -0.849209 -0.528057 0
    outer loop
      vertex 21.8238 12.6 -3.8147e-07
      vertex 20.953 14.0004 3
      vertex 20.953 14.0004 -3.8147e-07
    endloop
  endfacet
  facet normal -0.849209 -0.528057 0
    outer loop
      vertex 20.953 14.0004 3
      vertex 21.8238 12.6 -3.8147e-07
      vertex 21.8238 12.6 3
    endloop
  endfacet
  facet normal -0.773016 0.634386 0
    outer loop
      vertex 18.9464 -16.6155 -3.8147e-07
      vertex 19.9925 -15.3408 3
      vertex 19.9925 -15.3408 -3.8147e-07
    endloop
  endfacet
  facet normal -0.773016 0.634386 0
    outer loop
      vertex 19.9925 -15.3408 3
      vertex 18.9464 -16.6155 -3.8147e-07
      vertex 18.9464 -16.6155 3
    endloop
  endfacet
  facet normal -0.528057 -0.849209 0
    outer loop
      vertex 12.6 21.8238 -3.8147e-07
      vertex 14.0004 20.953 3
      vertex 12.6 21.8238 3
    endloop
  endfacet
  facet normal -0.528057 -0.849209 -0
    outer loop
      vertex 14.0004 20.953 3
      vertex 12.6 21.8238 -3.8147e-07
      vertex 14.0004 20.953 -3.8147e-07
    endloop
  endfacet
  facet normal -0.881906 -0.471425 0
    outer loop
      vertex 22.6012 11.1457 -3.8147e-07
      vertex 21.8238 12.6 3
      vertex 21.8238 12.6 -3.8147e-07
    endloop
  endfacet
  facet normal -0.881906 -0.471425 0
    outer loop
      vertex 21.8238 12.6 3
      vertex 22.6012 11.1457 -3.8147e-07
      vertex 22.6012 11.1457 3
    endloop
  endfacet
  facet normal -0.999464 0.0327462 0
    outer loop
      vertex 25.146 -1.64816 -3.8147e-07
      vertex 25.2 0 3
      vertex 25.2 0 -3.8147e-07
    endloop
  endfacet
  facet normal -0.999464 0.0327462 0
    outer loop
      vertex 25.2 0 3
      vertex 25.146 -1.64816 -3.8147e-07
      vertex 25.146 -1.64816 3
    endloop
  endfacet
  facet normal -0.881906 0.471425 0
    outer loop
      vertex 21.8238 -12.6 -3.8147e-07
      vertex 22.6012 -11.1457 3
      vertex 22.6012 -11.1457 -3.8147e-07
    endloop
  endfacet
  facet normal -0.881906 0.471425 0
    outer loop
      vertex 22.6012 -11.1457 3
      vertex 21.8238 -12.6 -3.8147e-07
      vertex 21.8238 -12.6 3
    endloop
  endfacet
  facet normal -0.812852 0.582471 0
    outer loop
      vertex 19.9925 -15.3408 -3.8147e-07
      vertex 20.953 -14.0004 3
      vertex 20.953 -14.0004 -3.8147e-07
    endloop
  endfacet
  facet normal -0.812852 0.582471 0
    outer loop
      vertex 20.953 -14.0004 3
      vertex 19.9925 -15.3408 -3.8147e-07
      vertex 19.9925 -15.3408 3
    endloop
  endfacet
  facet normal -0.29029 0.956939 0
    outer loop
      vertex 8.10027 -23.8626 -3.8147e-07
      vertex 6.52224 -24.3413 3
      vertex 8.10027 -23.8626 3
    endloop
  endfacet
  facet normal -0.29029 0.956939 0
    outer loop
      vertex 6.52224 -24.3413 3
      vertex 8.10027 -23.8626 -3.8147e-07
      vertex 6.52224 -24.3413 -3.8147e-07
    endloop
  endfacet
  facet normal -0.528057 0.849209 0
    outer loop
      vertex 14.0004 -20.953 -3.8147e-07
      vertex 12.6 -21.8238 3
      vertex 14.0004 -20.953 3
    endloop
  endfacet
  facet normal -0.528057 0.849209 0
    outer loop
      vertex 12.6 -21.8238 3
      vertex 14.0004 -20.953 -3.8147e-07
      vertex 12.6 -21.8238 -3.8147e-07
    endloop
  endfacet
  facet normal -0.91086 -0.412715 0
    outer loop
      vertex 23.2818 9.64362 -3.8147e-07
      vertex 22.6012 11.1457 3
      vertex 22.6012 11.1457 -3.8147e-07
    endloop
  endfacet
  facet normal -0.91086 -0.412715 0
    outer loop
      vertex 22.6012 11.1457 3
      vertex 23.2818 9.64362 -3.8147e-07
      vertex 23.2818 9.64362 3
    endloop
  endfacet
  facet normal -0.935921 -0.35221 0
    outer loop
      vertex 23.8626 8.10027 -3.8147e-07
      vertex 23.2818 9.64362 3
      vertex 23.2818 9.64362 -3.8147e-07
    endloop
  endfacet
  facet normal -0.935921 -0.35221 0
    outer loop
      vertex 23.2818 9.64362 3
      vertex 23.8626 8.10027 -3.8147e-07
      vertex 23.8626 8.10027 3
    endloop
  endfacet
  facet normal -0.956939 -0.29029 0
    outer loop
      vertex 24.3413 6.52224 -3.8147e-07
      vertex 23.8626 8.10027 3
      vertex 23.8626 8.10027 -3.8147e-07
    endloop
  endfacet
  facet normal -0.956939 -0.29029 0
    outer loop
      vertex 23.8626 8.10027 3
      vertex 24.3413 6.52224 -3.8147e-07
      vertex 24.3413 6.52224 3
    endloop
  endfacet
  facet normal -0.227101 0.973871 0
    outer loop
      vertex 6.52224 -24.3413 -3.8147e-07
      vertex 4.91628 -24.7158 3
      vertex 6.52224 -24.3413 3
    endloop
  endfacet
  facet normal -0.227101 0.973871 0
    outer loop
      vertex 4.91628 -24.7158 3
      vertex 6.52224 -24.3413 -3.8147e-07
      vertex 4.91628 -24.7158 -3.8147e-07
    endloop
  endfacet
  facet normal -0.812852 -0.582471 0
    outer loop
      vertex 20.953 14.0004 -3.8147e-07
      vertex 19.9925 15.3408 3
      vertex 19.9925 15.3408 -3.8147e-07
    endloop
  endfacet
  facet normal -0.812852 -0.582471 0
    outer loop
      vertex 19.9925 15.3408 3
      vertex 20.953 14.0004 -3.8147e-07
      vertex 20.953 14.0004 3
    endloop
  endfacet
  facet normal -0.35221 -0.935921 0
    outer loop
      vertex 8.10027 23.8626 -3.8147e-07
      vertex 9.64362 23.2818 3
      vertex 8.10027 23.8626 3
    endloop
  endfacet
  facet normal -0.35221 -0.935921 -0
    outer loop
      vertex 9.64362 23.2818 3
      vertex 8.10027 23.8626 -3.8147e-07
      vertex 9.64362 23.2818 -3.8147e-07
    endloop
  endfacet
  facet normal -0.471425 -0.881906 0
    outer loop
      vertex 11.1457 22.6012 -3.8147e-07
      vertex 12.6 21.8238 3
      vertex 11.1457 22.6012 3
    endloop
  endfacet
  facet normal -0.471425 -0.881906 -0
    outer loop
      vertex 12.6 21.8238 3
      vertex 11.1457 22.6012 -3.8147e-07
      vertex 12.6 21.8238 -3.8147e-07
    endloop
  endfacet
  facet normal -0.471425 0.881906 0
    outer loop
      vertex 12.6 -21.8238 -3.8147e-07
      vertex 11.1457 -22.6012 3
      vertex 12.6 -21.8238 3
    endloop
  endfacet
  facet normal -0.471425 0.881906 0
    outer loop
      vertex 11.1457 -22.6012 3
      vertex 12.6 -21.8238 -3.8147e-07
      vertex 11.1457 -22.6012 -3.8147e-07
    endloop
  endfacet
  facet normal -0.634386 -0.773016 0
    outer loop
      vertex 15.3408 19.9925 -3.8147e-07
      vertex 16.6155 18.9464 3
      vertex 15.3408 19.9925 3
    endloop
  endfacet
  facet normal -0.634386 -0.773016 -0
    outer loop
      vertex 16.6155 18.9464 3
      vertex 15.3408 19.9925 -3.8147e-07
      vertex 16.6155 18.9464 -3.8147e-07
    endloop
  endfacet
  facet normal -0.683594 -0.729862 0
    outer loop
      vertex 16.6155 18.9464 -3.8147e-07
      vertex 17.8191 17.8191 3
      vertex 16.6155 18.9464 3
    endloop
  endfacet
  facet normal -0.683594 -0.729862 -0
    outer loop
      vertex 17.8191 17.8191 3
      vertex 16.6155 18.9464 -3.8147e-07
      vertex 17.8191 17.8191 -3.8147e-07
    endloop
  endfacet
  facet normal -0.849209 0.528057 0
    outer loop
      vertex 20.953 -14.0004 -3.8147e-07
      vertex 21.8238 -12.6 3
      vertex 21.8238 -12.6 -3.8147e-07
    endloop
  endfacet
  facet normal -0.849209 0.528057 0
    outer loop
      vertex 21.8238 -12.6 3
      vertex 20.953 -14.0004 -3.8147e-07
      vertex 20.953 -14.0004 3
    endloop
  endfacet
  facet normal -0.91086 0.412715 0
    outer loop
      vertex 22.6012 -11.1457 -3.8147e-07
      vertex 23.2818 -9.64362 3
      vertex 23.2818 -9.64362 -3.8147e-07
    endloop
  endfacet
  facet normal -0.91086 0.412715 0
    outer loop
      vertex 23.2818 -9.64362 3
      vertex 22.6012 -11.1457 -3.8147e-07
      vertex 22.6012 -11.1457 3
    endloop
  endfacet
  facet normal -0.412715 0.91086 0
    outer loop
      vertex 11.1457 -22.6012 -3.8147e-07
      vertex 9.64362 -23.2818 3
      vertex 11.1457 -22.6012 3
    endloop
  endfacet
  facet normal -0.412715 0.91086 0
    outer loop
      vertex 9.64362 -23.2818 3
      vertex 11.1457 -22.6012 -3.8147e-07
      vertex 9.64362 -23.2818 -3.8147e-07
    endloop
  endfacet
  facet normal -0.634386 0.773016 0
    outer loop
      vertex 16.6155 -18.9464 -3.8147e-07
      vertex 15.3408 -19.9925 3
      vertex 16.6155 -18.9464 3
    endloop
  endfacet
  facet normal -0.634386 0.773016 0
    outer loop
      vertex 15.3408 -19.9925 3
      vertex 16.6155 -18.9464 -3.8147e-07
      vertex 15.3408 -19.9925 -3.8147e-07
    endloop
  endfacet
  facet normal -0.935921 0.35221 0
    outer loop
      vertex 23.2818 -9.64362 -3.8147e-07
      vertex 23.8626 -8.10027 3
      vertex 23.8626 -8.10027 -3.8147e-07
    endloop
  endfacet
  facet normal -0.935921 0.35221 0
    outer loop
      vertex 23.8626 -8.10027 3
      vertex 23.2818 -9.64362 -3.8147e-07
      vertex 23.2818 -9.64362 3
    endloop
  endfacet
  facet normal -0.956939 0.29029 0
    outer loop
      vertex 23.8626 -8.10027 -3.8147e-07
      vertex 24.3413 -6.52224 3
      vertex 24.3413 -6.52224 -3.8147e-07
    endloop
  endfacet
  facet normal -0.956939 0.29029 0
    outer loop
      vertex 24.3413 -6.52224 3
      vertex 23.8626 -8.10027 -3.8147e-07
      vertex 23.8626 -8.10027 3
    endloop
  endfacet
  facet normal -0.973871 0.227101 0
    outer loop
      vertex 24.3413 -6.52224 -3.8147e-07
      vertex 24.7158 -4.91628 3
      vertex 24.7158 -4.91628 -3.8147e-07
    endloop
  endfacet
  facet normal -0.973871 0.227101 0
    outer loop
      vertex 24.7158 -4.91628 3
      vertex 24.3413 -6.52224 -3.8147e-07
      vertex 24.3413 -6.52224 3
    endloop
  endfacet
  facet normal -0.0979966 0.995187 0
    outer loop
      vertex 3.28926 -24.9844 -3.8147e-07
      vertex 1.64816 -25.146 3
      vertex 3.28926 -24.9844 3
    endloop
  endfacet
  facet normal -0.0979966 0.995187 0
    outer loop
      vertex 1.64816 -25.146 3
      vertex 3.28926 -24.9844 -3.8147e-07
      vertex 1.64816 -25.146 -3.8147e-07
    endloop
  endfacet
  facet normal -0.35221 0.935921 0
    outer loop
      vertex 9.64362 -23.2818 -3.8147e-07
      vertex 8.10027 -23.8626 3
      vertex 9.64362 -23.2818 3
    endloop
  endfacet
  facet normal -0.35221 0.935921 0
    outer loop
      vertex 8.10027 -23.8626 3
      vertex 9.64362 -23.2818 -3.8147e-07
      vertex 8.10027 -23.8626 -3.8147e-07
    endloop
  endfacet
  facet normal -0.773016 -0.634386 0
    outer loop
      vertex 19.9925 15.3408 -3.8147e-07
      vertex 18.9464 16.6155 3
      vertex 18.9464 16.6155 -3.8147e-07
    endloop
  endfacet
  facet normal -0.773016 -0.634386 0
    outer loop
      vertex 18.9464 16.6155 3
      vertex 19.9925 15.3408 -3.8147e-07
      vertex 19.9925 15.3408 3
    endloop
  endfacet
  facet normal -0.683594 0.729862 0
    outer loop
      vertex 17.8191 -17.8191 -3.8147e-07
      vertex 16.6155 -18.9464 3
      vertex 17.8191 -17.8191 3
    endloop
  endfacet
  facet normal -0.683594 0.729862 0
    outer loop
      vertex 16.6155 -18.9464 3
      vertex 17.8191 -17.8191 -3.8147e-07
      vertex 16.6155 -18.9464 -3.8147e-07
    endloop
  endfacet
  facet normal -0.0979966 -0.995187 0
    outer loop
      vertex 1.64816 25.146 -3.8147e-07
      vertex 3.28926 24.9844 3
      vertex 1.64816 25.146 3
    endloop
  endfacet
  facet normal -0.0979966 -0.995187 -0
    outer loop
      vertex 3.28926 24.9844 3
      vertex 1.64816 25.146 -3.8147e-07
      vertex 3.28926 24.9844 -3.8147e-07
    endloop
  endfacet
  facet normal -0.986645 0.162882 0
    outer loop
      vertex 24.7158 -4.91628 -3.8147e-07
      vertex 24.9844 -3.28926 3
      vertex 24.9844 -3.28926 -3.8147e-07
    endloop
  endfacet
  facet normal -0.986645 0.162882 0
    outer loop
      vertex 24.9844 -3.28926 3
      vertex 24.7158 -4.91628 -3.8147e-07
      vertex 24.7158 -4.91628 3
    endloop
  endfacet
  facet normal -0.162882 0.986645 0
    outer loop
      vertex 4.91628 -24.7158 -3.8147e-07
      vertex 3.28926 -24.9844 3
      vertex 4.91628 -24.7158 3
    endloop
  endfacet
  facet normal -0.162882 0.986645 0
    outer loop
      vertex 3.28926 -24.9844 3
      vertex 4.91628 -24.7158 -3.8147e-07
      vertex 3.28926 -24.9844 -3.8147e-07
    endloop
  endfacet
  facet normal -0.729862 0.683594 0
    outer loop
      vertex 17.8191 -17.8191 -3.8147e-07
      vertex 18.9464 -16.6155 3
      vertex 18.9464 -16.6155 -3.8147e-07
    endloop
  endfacet
  facet normal -0.729862 0.683594 0
    outer loop
      vertex 18.9464 -16.6155 3
      vertex 17.8191 -17.8191 -3.8147e-07
      vertex 17.8191 -17.8191 3
    endloop
  endfacet
  facet normal -0.227101 -0.973871 0
    outer loop
      vertex 4.91628 24.7158 -3.8147e-07
      vertex 6.52224 24.3413 3
      vertex 4.91628 24.7158 3
    endloop
  endfacet
  facet normal -0.227101 -0.973871 -0
    outer loop
      vertex 6.52224 24.3413 3
      vertex 4.91628 24.7158 -3.8147e-07
      vertex 6.52224 24.3413 -3.8147e-07
    endloop
  endfacet
  facet normal -0.995187 0.0979966 0
    outer loop
      vertex 24.9844 -3.28926 -3.8147e-07
      vertex 25.146 -1.64816 3
      vertex 25.146 -1.64816 -3.8147e-07
    endloop
  endfacet
  facet normal -0.995187 0.0979966 0
    outer loop
      vertex 25.146 -1.64816 3
      vertex 24.9844 -3.28926 -3.8147e-07
      vertex 24.9844 -3.28926 3
    endloop
  endfacet
  facet normal -0.729862 -0.683594 0
    outer loop
      vertex 18.9464 16.6155 -3.8147e-07
      vertex 17.8191 17.8191 3
      vertex 17.8191 17.8191 -3.8147e-07
    endloop
  endfacet
  facet normal -0.729862 -0.683594 0
    outer loop
      vertex 17.8191 17.8191 3
      vertex 18.9464 16.6155 -3.8147e-07
      vertex 18.9464 16.6155 3
    endloop
  endfacet
  facet normal -0.29029 -0.956939 0
    outer loop
      vertex 6.52224 24.3413 -3.8147e-07
      vertex 8.10027 23.8626 3
      vertex 6.52224 24.3413 3
    endloop
  endfacet
  facet normal -0.29029 -0.956939 -0
    outer loop
      vertex 8.10027 23.8626 3
      vertex 6.52224 24.3413 -3.8147e-07
      vertex 8.10027 23.8626 -3.8147e-07
    endloop
  endfacet
  facet normal -0 0 -1
    outer loop
      vertex 15.3408 19.9925 3
      vertex 6.46632 11.2 3
      vertex 14.0004 20.953 3
    endloop
  endfacet
  facet normal -0 0 -1
    outer loop
      vertex 14.0004 20.953 3
      vertex 6.46632 11.2 3
      vertex 12.6 21.8238 3
    endloop
  endfacet
  facet normal -0 0 -1
    outer loop
      vertex 12.6 21.8238 3
      vertex 6.46632 11.2 3
      vertex 11.1457 22.6012 3
    endloop
  endfacet
  facet normal -0 0 -1
    outer loop
      vertex 11.1457 22.6012 3
      vertex 6.46632 11.2 3
      vertex 9.64362 23.2818 3
    endloop
  endfacet
  facet normal -0 0 -1
    outer loop
      vertex 9.64362 23.2818 3
      vertex 6.46632 11.2 3
      vertex 8.10027 23.8626 3
    endloop
  endfacet
  facet normal -0 0 -1
    outer loop
      vertex 8.10027 23.8626 3
      vertex 6.46632 11.2 3
      vertex 6.52224 24.3413 3
    endloop
  endfacet
  facet normal 0 0 -1
    outer loop
      vertex 6.46632 11.2 3
      vertex 4.91628 24.7158 3
      vertex 6.52224 24.3413 3
    endloop
  endfacet
  facet normal 0 0 -1
    outer loop
      vertex 0.15 11.2 3
      vertex 4.91628 24.7158 3
      vertex 6.46632 11.2 3
    endloop
  endfacet
  facet normal -0 0 -1
    outer loop
      vertex 4.91628 24.7158 3
      vertex 0.15 11.2 3
      vertex 3.28926 24.9844 3
    endloop
  endfacet
  facet normal -0 0 -1
    outer loop
      vertex 3.28926 24.9844 3
      vertex 0.15 11.2 3
      vertex 1.64816 25.146 3
    endloop
  endfacet
  facet normal -0 0 -1
    outer loop
      vertex 1.64816 25.146 3
      vertex 0.15 11.2 3
      vertex 0.15 25.1951 3
    endloop
  endfacet
  facet normal 0 0 -1
    outer loop
      vertex 19.6168 -0.525329 3
      vertex 25.2 0 3
      vertex 25.146 -1.64816 3
    endloop
  endfacet
  facet normal 0 0 -1
    outer loop
      vertex 19.3753 -0.999234 3
      vertex 25.146 -1.64816 3
      vertex 24.9844 -3.28926 3
    endloop
  endfacet
  facet normal 0 0 -1
    outer loop
      vertex 19.6168 0.525329 3
      vertex 25.2 0 3
      vertex 19.7 0 3
    endloop
  endfacet
  facet normal 0 0 -1
    outer loop
      vertex 19.3753 -0.999234 3
      vertex 24.9844 -3.28926 3
      vertex 24.7158 -4.91628 3
    endloop
  endfacet
  facet normal 0 0 -1
    outer loop
      vertex 25.2 0 3
      vertex 19.6168 0.525329 3
      vertex 25.146 1.64816 3
    endloop
  endfacet
  facet normal 0 0 -1
    outer loop
      vertex 18.9992 -1.37533 3
      vertex 24.7158 -4.91628 3
      vertex 24.3413 -6.52224 3
    endloop
  endfacet
  facet normal 0 0 -1
    outer loop
      vertex 19.3753 0.999234 3
      vertex 25.146 1.64816 3
      vertex 19.6168 0.525329 3
    endloop
  endfacet
  facet normal 0 0 -1
    outer loop
      vertex 18.5253 -1.6168 3
      vertex 24.3413 -6.52224 3
      vertex 23.8626 -8.10027 3
    endloop
  endfacet
  facet normal -0 0 -1
    outer loop
      vertex 25.146 1.64816 3
      vertex 19.3753 0.999234 3
      vertex 24.9844 3.28926 3
    endloop
  endfacet
  facet normal 0 0 -1
    outer loop
      vertex 18 -1.7 3
      vertex 23.8626 -8.10027 3
      vertex 23.2818 -9.64362 3
    endloop
  endfacet
  facet normal -0 0 -1
    outer loop
      vertex 24.9844 3.28926 3
      vertex 19.3753 0.999234 3
      vertex 24.7158 4.91628 3
    endloop
  endfacet
  facet normal 0 0 -1
    outer loop
      vertex 18 -1.7 3
      vertex 23.2818 -9.64362 3
      vertex 22.6012 -11.1457 3
    endloop
  endfacet
  facet normal 0 0 -1
    outer loop
      vertex 18.9992 1.37533 3
      vertex 24.7158 4.91628 3
      vertex 19.3753 0.999234 3
    endloop
  endfacet
  facet normal 0 0 -1
    outer loop
      vertex 17.4747 -1.6168 3
      vertex 22.6012 -11.1457 3
      vertex 21.8238 -12.6 3
    endloop
  endfacet
  facet normal -0 0 -1
    outer loop
      vertex 24.7158 4.91628 3
      vertex 18.9992 1.37533 3
      vertex 24.3413 6.52224 3
    endloop
  endfacet
  facet normal 0 0 -1
    outer loop
      vertex 17.4747 -1.6168 3
      vertex 21.8238 -12.6 3
      vertex 20.953 -14.0004 3
    endloop
  endfacet
  facet normal 0 0 -1
    outer loop
      vertex 18.5253 1.6168 3
      vertex 24.3413 6.52224 3
      vertex 18.9992 1.37533 3
    endloop
  endfacet
  facet normal 0 0 -1
    outer loop
      vertex 6.46632 -11.2 3
      vertex 20.953 -14.0004 3
      vertex 19.9925 -15.3408 3
    endloop
  endfacet
  facet normal -0 0 -1
    outer loop
      vertex 24.3413 6.52224 3
      vertex 18.5253 1.6168 3
      vertex 23.8626 8.10027 3
    endloop
  endfacet
  facet normal 0 0 -1
    outer loop
      vertex 18 1.7 3
      vertex 23.8626 8.10027 3
      vertex 18.5253 1.6168 3
    endloop
  endfacet
  facet normal -0 0 -1
    outer loop
      vertex 25.2 0 3
      vertex 19.6168 -0.525329 3
      vertex 19.7 0 3
    endloop
  endfacet
  facet normal 0 0 -1
    outer loop
      vertex 25.146 -1.64816 3
      vertex 19.3753 -0.999234 3
      vertex 19.6168 -0.525329 3
    endloop
  endfacet
  facet normal 0 0 -1
    outer loop
      vertex 24.7158 -4.91628 3
      vertex 18.9992 -1.37533 3
      vertex 19.3753 -0.999234 3
    endloop
  endfacet
  facet normal 0 0 -1
    outer loop
      vertex 6.46632 -11.2 3
      vertex 19.9925 -15.3408 3
      vertex 18.9464 -16.6155 3
    endloop
  endfacet
  facet normal 0 0 -1
    outer loop
      vertex 24.3413 -6.52224 3
      vertex 18.5253 -1.6168 3
      vertex 18.9992 -1.37533 3
    endloop
  endfacet
  facet normal 0 0 -1
    outer loop
      vertex 23.8626 -8.10027 3
      vertex 18 -1.7 3
      vertex 18.5253 -1.6168 3
    endloop
  endfacet
  facet normal 0 0 -1
    outer loop
      vertex 6.46632 -11.2 3
      vertex 18.9464 -16.6155 3
      vertex 17.8191 -17.8191 3
    endloop
  endfacet
  facet normal 0 0 -1
    outer loop
      vertex 22.6012 -11.1457 3
      vertex 17.4747 -1.6168 3
      vertex 18 -1.7 3
    endloop
  endfacet
  facet normal 0 0 -1
    outer loop
      vertex 20.953 -14.0004 3
      vertex 6.46632 -11.2 3
      vertex 17.4747 -1.6168 3
    endloop
  endfacet
  facet normal -0 0 -1
    outer loop
      vertex 17.4747 -1.6168 3
      vertex 6.46632 -11.2 3
      vertex 17.0008 -1.37533 3
    endloop
  endfacet
  facet normal 0 0 -1
    outer loop
      vertex 6.46632 -11.2 3
      vertex 17.8191 -17.8191 3
      vertex 16.6155 -18.9464 3
    endloop
  endfacet
  facet normal 0 -0 -1
    outer loop
      vertex 12.9326 0 3
      vertex 17.0008 -1.37533 3
      vertex 6.46632 -11.2 3
    endloop
  endfacet
  facet normal 0 0 -1
    outer loop
      vertex 17.0008 -1.37533 3
      vertex 12.9326 0 3
      vertex 16.6247 -0.999234 3
    endloop
  endfacet
  facet normal 0 0 -1
    outer loop
      vertex 6.46632 -11.2 3
      vertex 16.6155 -18.9464 3
      vertex 15.3408 -19.9925 3
    endloop
  endfacet
  facet normal -0 0 -1
    outer loop
      vertex 23.8626 8.10027 3
      vertex 18 1.7 3
      vertex 23.2818 9.64362 3
    endloop
  endfacet
  facet normal -0 0 -1
    outer loop
      vertex 23.2818 9.64362 3
      vertex 18 1.7 3
      vertex 22.6012 11.1457 3
    endloop
  endfacet
  facet normal 0 0 -1
    outer loop
      vertex 17.4747 1.6168 3
      vertex 22.6012 11.1457 3
      vertex 18 1.7 3
    endloop
  endfacet
  facet normal -0 0 -1
    outer loop
      vertex 22.6012 11.1457 3
      vertex 17.4747 1.6168 3
      vertex 21.8238 12.6 3
    endloop
  endfacet
  facet normal -0 0 -1
    outer loop
      vertex 21.8238 12.6 3
      vertex 17.4747 1.6168 3
      vertex 20.953 14.0004 3
    endloop
  endfacet
  facet normal 0 0 -1
    outer loop
      vertex 6.46632 11.2 3
      vertex 20.953 14.0004 3
      vertex 17.4747 1.6168 3
    endloop
  endfacet
  facet normal 0 0 -1
    outer loop
      vertex 6.46632 11.2 3
      vertex 17.4747 1.6168 3
      vertex 17.0008 1.37533 3
    endloop
  endfacet
  facet normal -0 0 -1
    outer loop
      vertex 20.953 14.0004 3
      vertex 6.46632 11.2 3
      vertex 19.9925 15.3408 3
    endloop
  endfacet
  facet normal 0 0 -1
    outer loop
      vertex 6.46632 11.2 3
      vertex 17.0008 1.37533 3
      vertex 12.9326 0 3
    endloop
  endfacet
  facet normal 0 0 -1
    outer loop
      vertex 12.9326 0 3
      vertex 17.0008 1.37533 3
      vertex 16.6247 0.999234 3
    endloop
  endfacet
  facet normal -0 0 -1
    outer loop
      vertex 19.9925 15.3408 3
      vertex 6.46632 11.2 3
      vertex 18.9464 16.6155 3
    endloop
  endfacet
  facet normal 0 0 -1
    outer loop
      vertex 12.9326 0 3
      vertex 16.6247 0.999234 3
      vertex 16.3832 0.525329 3
    endloop
  endfacet
  facet normal 0 0 -1
    outer loop
      vertex 12.9326 0 3
      vertex 16.3832 0.525329 3
      vertex 16.3 0 3
    endloop
  endfacet
  facet normal 0 0 -1
    outer loop
      vertex 16.6247 -0.999234 3
      vertex 12.9326 0 3
      vertex 16.3832 -0.525329 3
    endloop
  endfacet
  facet normal -0 0 -1
    outer loop
      vertex 18.9464 16.6155 3
      vertex 6.46632 11.2 3
      vertex 17.8191 17.8191 3
    endloop
  endfacet
  facet normal 0 0 -1
    outer loop
      vertex 6.46632 -11.2 3
      vertex 15.3408 -19.9925 3
      vertex 14.0004 -20.953 3
    endloop
  endfacet
  facet normal -0 0 -1
    outer loop
      vertex 17.8191 17.8191 3
      vertex 6.46632 11.2 3
      vertex 16.6155 18.9464 3
    endloop
  endfacet
  facet normal -0 0 -1
    outer loop
      vertex 16.6155 18.9464 3
      vertex 6.46632 11.2 3
      vertex 15.3408 19.9925 3
    endloop
  endfacet
  facet normal 0 0 -1
    outer loop
      vertex 6.46632 -11.2 3
      vertex 14.0004 -20.953 3
      vertex 12.6 -21.8238 3
    endloop
  endfacet
  facet normal 0 0 -1
    outer loop
      vertex 6.46632 -11.2 3
      vertex 12.6 -21.8238 3
      vertex 11.1457 -22.6012 3
    endloop
  endfacet
  facet normal 0 0 -1
    outer loop
      vertex 6.46632 -11.2 3
      vertex 11.1457 -22.6012 3
      vertex 9.64362 -23.2818 3
    endloop
  endfacet
  facet normal 0 0 -1
    outer loop
      vertex 6.46632 -11.2 3
      vertex 9.64362 -23.2818 3
      vertex 8.10027 -23.8626 3
    endloop
  endfacet
  facet normal 0 0 -1
    outer loop
      vertex 6.46632 -11.2 3
      vertex 8.10027 -23.8626 3
      vertex 6.52224 -24.3413 3
    endloop
  endfacet
  facet normal 0 0 -1
    outer loop
      vertex 16.3832 -0.525329 3
      vertex 12.9326 0 3
      vertex 16.3 0 3
    endloop
  endfacet
  facet normal 0 0 -1
    outer loop
      vertex 4.91628 -24.7158 3
      vertex 6.46632 -11.2 3
      vertex 6.52224 -24.3413 3
    endloop
  endfacet
  facet normal 0 0 -1
    outer loop
      vertex 0.15 -11.2 3
      vertex 4.91628 -24.7158 3
      vertex 3.28926 -24.9844 3
    endloop
  endfacet
  facet normal 0 0 -1
    outer loop
      vertex 0.15 -11.2 3
      vertex 3.28926 -24.9844 3
      vertex 1.64816 -25.146 3
    endloop
  endfacet
  facet normal 0 0 -1
    outer loop
      vertex 0.15 -11.2 3
      vertex 1.64816 -25.146 3
      vertex 0.15 -25.1951 3
    endloop
  endfacet
  facet normal 0 0 -1
    outer loop
      vertex 4.91628 -24.7158 3
      vertex 0.15 -11.2 3
      vertex 6.46632 -11.2 3
    endloop
  endfacet
  facet normal -0.412715 -0.91086 0
    outer loop
      vertex 9.64362 23.2818 -3.8147e-07
      vertex 11.1457 22.6012 3
      vertex 9.64362 23.2818 3
    endloop
  endfacet
  facet normal -0.412715 -0.91086 -0
    outer loop
      vertex 11.1457 22.6012 3
      vertex 9.64362 23.2818 -3.8147e-07
      vertex 11.1457 22.6012 -3.8147e-07
    endloop
  endfacet
  facet normal -0.0327559 -0.999463 0
    outer loop
      vertex 0.15 25.1951 -3.8147e-07
      vertex 1.64816 25.146 3
      vertex 0.15 25.1951 3
    endloop
  endfacet
  facet normal -0.0327559 -0.999463 -0
    outer loop
      vertex 1.64816 25.146 3
      vertex 0.15 25.1951 -3.8147e-07
      vertex 1.64816 25.146 -3.8147e-07
    endloop
  endfacet
  facet normal -0.582471 0.812852 0
    outer loop
      vertex 15.3408 -19.9925 -3.8147e-07
      vertex 14.0004 -20.953 3
      vertex 15.3408 -19.9925 3
    endloop
  endfacet
  facet normal -0.582471 0.812852 0
    outer loop
      vertex 14.0004 -20.953 3
      vertex 15.3408 -19.9925 -3.8147e-07
      vertex 14.0004 -20.953 -3.8147e-07
    endloop
  endfacet
  facet normal -0.99692 -0.0784243 0
    outer loop
      vertex 48.1339 2.52259 6.2
      vertex 47.936 5.03827 7
      vertex 47.936 5.03827 6.2
    endloop
  endfacet
  facet normal -0.99692 -0.0784243 0
    outer loop
      vertex 47.936 5.03827 7
      vertex 48.1339 2.52259 6.2
      vertex 48.1339 2.52259 7
    endloop
  endfacet
  facet normal -0.999657 -0.0261942 0
    outer loop
      vertex 48.2 0 6.2
      vertex 48.1339 2.52259 7
      vertex 48.1339 2.52259 6.2
    endloop
  endfacet
  facet normal -0.999657 -0.0261942 0
    outer loop
      vertex 48.1339 2.52259 7
      vertex 48.2 0 6.2
      vertex 48.2 0 7
    endloop
  endfacet
  facet normal -0.991444 -0.130535 0
    outer loop
      vertex 47.936 5.03827 6.2
      vertex 47.6066 7.54014 7
      vertex 47.6066 7.54014 6.2
    endloop
  endfacet
  facet normal -0.991444 -0.130535 0
    outer loop
      vertex 47.6066 7.54014 7
      vertex 47.936 5.03827 6.2
      vertex 47.936 5.03827 7
    endloop
  endfacet
  facet normal 0 0 1
    outer loop
      vertex 16.7356 -2.18994 6.2
      vertex 12.4751 -46.5576 6.2
      vertex 14.8946 -45.8409 6.2
    endloop
  endfacet
  facet normal 0 0 1
    outer loop
      vertex 16.7356 -2.18994 6.2
      vertex 6.46632 -11.2 6.2
      vertex 12.4751 -46.5576 6.2
    endloop
  endfacet
  facet normal 0 0 1
    outer loop
      vertex 12.4751 -46.5576 6.2
      vertex 6.46632 -11.2 6.2
      vertex 10.0213 -47.1467 6.2
    endloop
  endfacet
  facet normal 0 0 1
    outer loop
      vertex 10.0213 -47.1467 6.2
      vertex 6.46632 -11.2 6.2
      vertex 7.54014 -47.6066 6.2
    endloop
  endfacet
  facet normal 0 0 1
    outer loop
      vertex 6.46632 -11.2 6.2
      vertex 5.03827 -47.936 6.2
      vertex 7.54014 -47.6066 6.2
    endloop
  endfacet
  facet normal -0 0 1
    outer loop
      vertex 0.15 -11.2 6.2
      vertex 5.03827 -47.936 6.2
      vertex 6.46632 -11.2 6.2
    endloop
  endfacet
  facet normal 0 0 1
    outer loop
      vertex 5.03827 -47.936 6.2
      vertex 0.15 -11.2 6.2
      vertex 2.52259 -48.1339 6.2
    endloop
  endfacet
  facet normal 0 0 1
    outer loop
      vertex 2.52259 -48.1339 6.2
      vertex 0.15 -11.2 6.2
      vertex 0.15 -48.1961 6.2
    endloop
  endfacet
  facet normal 0 0 1
    outer loop
      vertex 20.5287 0 6.2
      vertex 48.2 0 6.2
      vertex 48.1339 2.52259 6.2
    endloop
  endfacet
  facet normal 0 0 1
    outer loop
      vertex 20.4426 0.654483 6.2
      vertex 48.1339 2.52259 6.2
      vertex 47.936 5.03827 6.2
    endloop
  endfacet
  facet normal 0 0 1
    outer loop
      vertex 48.2 0 6.2
      vertex 20.5287 0 6.2
      vertex 48.1339 -2.52259 6.2
    endloop
  endfacet
  facet normal 0 0 1
    outer loop
      vertex 20.4426 0.654483 6.2
      vertex 47.936 5.03827 6.2
      vertex 47.6066 7.54014 6.2
    endloop
  endfacet
  facet normal -0 0 1
    outer loop
      vertex 20.4685 -0.45758 6.2
      vertex 48.1339 -2.52259 6.2
      vertex 20.5287 0 6.2
    endloop
  endfacet
  facet normal 0 0 1
    outer loop
      vertex 20.4426 0.654483 6.2
      vertex 47.6066 7.54014 6.2
      vertex 47.1467 10.0213 6.2
    endloop
  endfacet
  facet normal -0 0 1
    outer loop
      vertex 20.4426 -0.654483 6.2
      vertex 48.1339 -2.52259 6.2
      vertex 20.4685 -0.45758 6.2
    endloop
  endfacet
  facet normal 0 0 1
    outer loop
      vertex 20.1899 1.26436 6.2
      vertex 47.1467 10.0213 6.2
      vertex 46.5576 12.4751 6.2
    endloop
  endfacet
  facet normal 0 0 1
    outer loop
      vertex 48.1339 -2.52259 6.2
      vertex 20.4426 -0.654483 6.2
      vertex 47.936 -5.03827 6.2
    endloop
  endfacet
  facet normal 0 0 1
    outer loop
      vertex 20.1899 1.26436 6.2
      vertex 46.5576 12.4751 6.2
      vertex 45.8409 14.8946 6.2
    endloop
  endfacet
  facet normal 0 0 1
    outer loop
      vertex 47.936 -5.03827 6.2
      vertex 20.4426 -0.654483 6.2
      vertex 47.6066 -7.54014 6.2
    endloop
  endfacet
  facet normal 0 0 1
    outer loop
      vertex 19.7881 1.78808 6.2
      vertex 45.8409 14.8946 6.2
      vertex 44.9986 17.2733 6.2
    endloop
  endfacet
  facet normal 0 0 1
    outer loop
      vertex 47.6066 -7.54014 6.2
      vertex 20.4426 -0.654483 6.2
      vertex 47.1467 -10.0213 6.2
    endloop
  endfacet
  facet normal 0 0 1
    outer loop
      vertex 19.7881 1.78808 6.2
      vertex 44.9986 17.2733 6.2
      vertex 44.0329 19.6047 6.2
    endloop
  endfacet
  facet normal -0 0 1
    outer loop
      vertex 20.2659 -1.08088 6.2
      vertex 47.1467 -10.0213 6.2
      vertex 20.4426 -0.654483 6.2
    endloop
  endfacet
  facet normal 0 0 1
    outer loop
      vertex 19.7881 1.78808 6.2
      vertex 44.0329 19.6047 6.2
      vertex 42.9465 21.8823 6.2
    endloop
  endfacet
  facet normal -0 0 1
    outer loop
      vertex 20.1899 -1.26436 6.2
      vertex 47.1467 -10.0213 6.2
      vertex 20.2659 -1.08088 6.2
    endloop
  endfacet
  facet normal 0 0 1
    outer loop
      vertex 19.2644 2.18994 6.2
      vertex 42.9465 21.8823 6.2
      vertex 41.7424 24.1 6.2
    endloop
  endfacet
  facet normal 0 0 1
    outer loop
      vertex 47.1467 -10.0213 6.2
      vertex 20.1899 -1.26436 6.2
      vertex 46.5576 -12.4751 6.2
    endloop
  endfacet
  facet normal 0 0 1
    outer loop
      vertex 19.2644 2.18994 6.2
      vertex 41.7424 24.1 6.2
      vertex 40.4239 26.2516 6.2
    endloop
  endfacet
  facet normal 0 0 1
    outer loop
      vertex 46.5576 -12.4751 6.2
      vertex 20.1899 -1.26436 6.2
      vertex 45.8409 -14.8946 6.2
    endloop
  endfacet
  facet normal 0 0 1
    outer loop
      vertex 19.2644 2.18994 6.2
      vertex 40.4239 26.2516 6.2
      vertex 38.9946 28.3312 6.2
    endloop
  endfacet
  facet normal -0 0 1
    outer loop
      vertex 20.069 -1.42193 6.2
      vertex 45.8409 -14.8946 6.2
      vertex 20.1899 -1.26436 6.2
    endloop
  endfacet
  facet normal 0 0 1
    outer loop
      vertex 18.6545 2.44256 6.2
      vertex 38.9946 28.3312 6.2
      vertex 37.4584 30.3332 6.2
    endloop
  endfacet
  facet normal -0 0 1
    outer loop
      vertex 19.7881 -1.78808 6.2
      vertex 45.8409 -14.8946 6.2
      vertex 20.069 -1.42193 6.2
    endloop
  endfacet
  facet normal 0 0 1
    outer loop
      vertex 18.6545 2.44256 6.2
      vertex 37.4584 30.3332 6.2
      vertex 35.8196 32.2521 6.2
    endloop
  endfacet
  facet normal 0 0 1
    outer loop
      vertex 45.8409 -14.8946 6.2
      vertex 19.7881 -1.78808 6.2
      vertex 44.9986 -17.2733 6.2
    endloop
  endfacet
  facet normal 0 0 1
    outer loop
      vertex 6.46632 11.2 6.2
      vertex 35.8196 32.2521 6.2
      vertex 34.0825 34.0825 6.2
    endloop
  endfacet
  facet normal 0 0 1
    outer loop
      vertex 44.9986 -17.2733 6.2
      vertex 19.7881 -1.78808 6.2
      vertex 44.0329 -19.6047 6.2
    endloop
  endfacet
  facet normal 0 0 1
    outer loop
      vertex 6.46632 11.2 6.2
      vertex 34.0825 34.0825 6.2
      vertex 32.2521 35.8196 6.2
    endloop
  endfacet
  facet normal 0 0 1
    outer loop
      vertex 44.0329 -19.6047 6.2
      vertex 19.7881 -1.78808 6.2
      vertex 42.9465 -21.8823 6.2
    endloop
  endfacet
  facet normal 0 0 1
    outer loop
      vertex 6.46632 11.2 6.2
      vertex 32.2521 35.8196 6.2
      vertex 30.3332 37.4584 6.2
    endloop
  endfacet
  facet normal -0 0 1
    outer loop
      vertex 19.4219 -2.06904 6.2
      vertex 42.9465 -21.8823 6.2
      vertex 19.7881 -1.78808 6.2
    endloop
  endfacet
  facet normal 0 0 1
    outer loop
      vertex 6.46632 11.2 6.2
      vertex 30.3332 37.4584 6.2
      vertex 28.3312 38.9946 6.2
    endloop
  endfacet
  facet normal -0 0 1
    outer loop
      vertex 19.2644 -2.18994 6.2
      vertex 42.9465 -21.8823 6.2
      vertex 19.4219 -2.06904 6.2
    endloop
  endfacet
  facet normal 0 0 1
    outer loop
      vertex 6.46632 11.2 6.2
      vertex 28.3312 38.9946 6.2
      vertex 26.2516 40.4239 6.2
    endloop
  endfacet
  facet normal 0 0 1
    outer loop
      vertex 42.9465 -21.8823 6.2
      vertex 19.2644 -2.18994 6.2
      vertex 41.7424 -24.1 6.2
    endloop
  endfacet
  facet normal 0 0 1
    outer loop
      vertex 6.46632 11.2 6.2
      vertex 26.2516 40.4239 6.2
      vertex 24.1 41.7424 6.2
    endloop
  endfacet
  facet normal 0 0 1
    outer loop
      vertex 41.7424 -24.1 6.2
      vertex 19.2644 -2.18994 6.2
      vertex 40.4239 -26.2516 6.2
    endloop
  endfacet
  facet normal 0 0 1
    outer loop
      vertex 6.46632 11.2 6.2
      vertex 24.1 41.7424 6.2
      vertex 21.8823 42.9465 6.2
    endloop
  endfacet
  facet normal 0 0 1
    outer loop
      vertex 40.4239 -26.2516 6.2
      vertex 19.2644 -2.18994 6.2
      vertex 38.9946 -28.3312 6.2
    endloop
  endfacet
  facet normal -0 0 1
    outer loop
      vertex 19.0809 -2.26595 6.2
      vertex 38.9946 -28.3312 6.2
      vertex 19.2644 -2.18994 6.2
    endloop
  endfacet
  facet normal 0 0 1
    outer loop
      vertex 48.1339 2.52259 6.2
      vertex 20.4685 0.45758 6.2
      vertex 20.5287 0 6.2
    endloop
  endfacet
  facet normal 0 0 1
    outer loop
      vertex 48.1339 2.52259 6.2
      vertex 20.4426 0.654483 6.2
      vertex 20.4685 0.45758 6.2
    endloop
  endfacet
  facet normal 0 0 1
    outer loop
      vertex 47.1467 10.0213 6.2
      vertex 20.2659 1.08088 6.2
      vertex 20.4426 0.654483 6.2
    endloop
  endfacet
  facet normal 0 0 1
    outer loop
      vertex 47.1467 10.0213 6.2
      vertex 20.1899 1.26436 6.2
      vertex 20.2659 1.08088 6.2
    endloop
  endfacet
  facet normal 0 0 1
    outer loop
      vertex 45.8409 14.8946 6.2
      vertex 20.069 1.42193 6.2
      vertex 20.1899 1.26436 6.2
    endloop
  endfacet
  facet normal 0 0 1
    outer loop
      vertex 45.8409 14.8946 6.2
      vertex 19.7881 1.78808 6.2
      vertex 20.069 1.42193 6.2
    endloop
  endfacet
  facet normal 0 0 1
    outer loop
      vertex 6.46632 11.2 6.2
      vertex 21.8823 42.9465 6.2
      vertex 19.6047 44.0329 6.2
    endloop
  endfacet
  facet normal 0 0 1
    outer loop
      vertex 42.9465 21.8823 6.2
      vertex 19.4219 2.06904 6.2
      vertex 19.7881 1.78808 6.2
    endloop
  endfacet
  facet normal 0 0 1
    outer loop
      vertex 42.9465 21.8823 6.2
      vertex 19.2644 2.18994 6.2
      vertex 19.4219 2.06904 6.2
    endloop
  endfacet
  facet normal 0 0 1
    outer loop
      vertex 38.9946 28.3312 6.2
      vertex 19.0809 2.26595 6.2
      vertex 19.2644 2.18994 6.2
    endloop
  endfacet
  facet normal 0 0 1
    outer loop
      vertex 38.9946 28.3312 6.2
      vertex 18.6545 2.44256 6.2
      vertex 19.0809 2.26595 6.2
    endloop
  endfacet
  facet normal 0 0 1
    outer loop
      vertex 35.8196 32.2521 6.2
      vertex 6.46632 11.2 6.2
      vertex 18.6545 2.44256 6.2
    endloop
  endfacet
  facet normal 0 0 1
    outer loop
      vertex 18.6545 2.44256 6.2
      vertex 6.46632 11.2 6.2
      vertex 18.4576 2.46849 6.2
    endloop
  endfacet
  facet normal 0 0 1
    outer loop
      vertex 18.4576 2.46849 6.2
      vertex 6.46632 11.2 6.2
      vertex 18 2.52873 6.2
    endloop
  endfacet
  facet normal 0 0 1
    outer loop
      vertex 18 2.52873 6.2
      vertex 6.46632 11.2 6.2
      vertex 17.5424 2.46849 6.2
    endloop
  endfacet
  facet normal 0 0 1
    outer loop
      vertex 6.46632 11.2 6.2
      vertex 19.6047 44.0329 6.2
      vertex 17.2733 44.9986 6.2
    endloop
  endfacet
  facet normal 0 0 1
    outer loop
      vertex 17.5424 2.46849 6.2
      vertex 6.46632 11.2 6.2
      vertex 17.3455 2.44256 6.2
    endloop
  endfacet
  facet normal 0 0 1
    outer loop
      vertex 17.3455 2.44256 6.2
      vertex 6.46632 11.2 6.2
      vertex 16.9191 2.26595 6.2
    endloop
  endfacet
  facet normal 0 0 1
    outer loop
      vertex 16.9191 2.26595 6.2
      vertex 6.46632 11.2 6.2
      vertex 16.7356 2.18994 6.2
    endloop
  endfacet
  facet normal 0 0 1
    outer loop
      vertex 16.7356 2.18994 6.2
      vertex 6.46632 11.2 6.2
      vertex 16.5781 2.06904 6.2
    endloop
  endfacet
  facet normal 0 0 1
    outer loop
      vertex 16.5781 2.06904 6.2
      vertex 6.46632 11.2 6.2
      vertex 16.2119 1.78808 6.2
    endloop
  endfacet
  facet normal 0 -0 1
    outer loop
      vertex 12.9326 0 6.2
      vertex 16.2119 1.78808 6.2
      vertex 6.46632 11.2 6.2
    endloop
  endfacet
  facet normal 0 0 1
    outer loop
      vertex 16.2119 1.78808 6.2
      vertex 12.9326 0 6.2
      vertex 15.931 1.42193 6.2
    endloop
  endfacet
  facet normal 0 0 1
    outer loop
      vertex 15.931 1.42193 6.2
      vertex 12.9326 0 6.2
      vertex 15.8101 1.26436 6.2
    endloop
  endfacet
  facet normal 0 0 1
    outer loop
      vertex 15.8101 1.26436 6.2
      vertex 12.9326 0 6.2
      vertex 15.7341 1.08088 6.2
    endloop
  endfacet
  facet normal 0 0 1
    outer loop
      vertex 15.7341 1.08088 6.2
      vertex 12.9326 0 6.2
      vertex 15.5574 0.654483 6.2
    endloop
  endfacet
  facet normal 0 0 1
    outer loop
      vertex 6.46632 11.2 6.2
      vertex 17.2733 44.9986 6.2
      vertex 14.8946 45.8409 6.2
    endloop
  endfacet
  facet normal -0 0 1
    outer loop
      vertex 18.6545 -2.44256 6.2
      vertex 38.9946 -28.3312 6.2
      vertex 19.0809 -2.26595 6.2
    endloop
  endfacet
  facet normal 0 0 1
    outer loop
      vertex 38.9946 -28.3312 6.2
      vertex 18.6545 -2.44256 6.2
      vertex 37.4584 -30.3332 6.2
    endloop
  endfacet
  facet normal 0 0 1
    outer loop
      vertex 37.4584 -30.3332 6.2
      vertex 18.6545 -2.44256 6.2
      vertex 35.8196 -32.2521 6.2
    endloop
  endfacet
  facet normal 0 0 1
    outer loop
      vertex 35.8196 -32.2521 6.2
      vertex 18.6545 -2.44256 6.2
      vertex 34.0825 -34.0825 6.2
    endloop
  endfacet
  facet normal -0 0 1
    outer loop
      vertex 18.4576 -2.46849 6.2
      vertex 34.0825 -34.0825 6.2
      vertex 18.6545 -2.44256 6.2
    endloop
  endfacet
  facet normal -0 0 1
    outer loop
      vertex 18 -2.52873 6.2
      vertex 34.0825 -34.0825 6.2
      vertex 18.4576 -2.46849 6.2
    endloop
  endfacet
  facet normal 0 0 1
    outer loop
      vertex 34.0825 -34.0825 6.2
      vertex 18 -2.52873 6.2
      vertex 32.2521 -35.8196 6.2
    endloop
  endfacet
  facet normal 0 0 1
    outer loop
      vertex 32.2521 -35.8196 6.2
      vertex 18 -2.52873 6.2
      vertex 30.3332 -37.4584 6.2
    endloop
  endfacet
  facet normal 0 0 1
    outer loop
      vertex 30.3332 -37.4584 6.2
      vertex 18 -2.52873 6.2
      vertex 28.3312 -38.9946 6.2
    endloop
  endfacet
  facet normal 0 0 1
    outer loop
      vertex 28.3312 -38.9946 6.2
      vertex 18 -2.52873 6.2
      vertex 26.2516 -40.4239 6.2
    endloop
  endfacet
  facet normal 0 0 1
    outer loop
      vertex 17.5424 -2.46849 6.2
      vertex 26.2516 -40.4239 6.2
      vertex 18 -2.52873 6.2
    endloop
  endfacet
  facet normal 0 0 1
    outer loop
      vertex 17.3455 -2.44256 6.2
      vertex 26.2516 -40.4239 6.2
      vertex 17.5424 -2.46849 6.2
    endloop
  endfacet
  facet normal 0 0 1
    outer loop
      vertex 26.2516 -40.4239 6.2
      vertex 17.3455 -2.44256 6.2
      vertex 24.1 -41.7424 6.2
    endloop
  endfacet
  facet normal 0 0 1
    outer loop
      vertex 24.1 -41.7424 6.2
      vertex 17.3455 -2.44256 6.2
      vertex 21.8823 -42.9465 6.2
    endloop
  endfacet
  facet normal 0 0 1
    outer loop
      vertex 21.8823 -42.9465 6.2
      vertex 17.3455 -2.44256 6.2
      vertex 19.6047 -44.0329 6.2
    endloop
  endfacet
  facet normal 0 0 1
    outer loop
      vertex 17.3455 -2.44256 6.2
      vertex 17.2733 -44.9986 6.2
      vertex 19.6047 -44.0329 6.2
    endloop
  endfacet
  facet normal 0 0 1
    outer loop
      vertex 16.9191 -2.26595 6.2
      vertex 17.2733 -44.9986 6.2
      vertex 17.3455 -2.44256 6.2
    endloop
  endfacet
  facet normal 0 0 1
    outer loop
      vertex 14.8946 -45.8409 6.2
      vertex 16.9191 -2.26595 6.2
      vertex 16.7356 -2.18994 6.2
    endloop
  endfacet
  facet normal 0 0 1
    outer loop
      vertex 16.2119 -1.78808 6.2
      vertex 6.46632 -11.2 6.2
      vertex 16.5781 -2.06904 6.2
    endloop
  endfacet
  facet normal 0 0 1
    outer loop
      vertex 6.46632 -11.2 6.2
      vertex 16.2119 -1.78808 6.2
      vertex 12.9326 0 6.2
    endloop
  endfacet
  facet normal 0 0 1
    outer loop
      vertex 12.9326 0 6.2
      vertex 16.2119 -1.78808 6.2
      vertex 15.931 -1.42193 6.2
    endloop
  endfacet
  facet normal 0 0 1
    outer loop
      vertex 12.9326 0 6.2
      vertex 15.931 -1.42193 6.2
      vertex 15.8101 -1.26436 6.2
    endloop
  endfacet
  facet normal 0 0 1
    outer loop
      vertex 12.9326 0 6.2
      vertex 15.8101 -1.26436 6.2
      vertex 15.7341 -1.08088 6.2
    endloop
  endfacet
  facet normal 0 0 1
    outer loop
      vertex 12.9326 0 6.2
      vertex 15.7341 -1.08088 6.2
      vertex 15.5574 -0.654483 6.2
    endloop
  endfacet
  facet normal 0 0 1
    outer loop
      vertex 12.9326 0 6.2
      vertex 15.5574 -0.654483 6.2
      vertex 15.5315 -0.45758 6.2
    endloop
  endfacet
  facet normal -0 0 1
    outer loop
      vertex 12.9326 0 6.2
      vertex 15.5315 -0.45758 6.2
      vertex 15.4713 0 6.2
    endloop
  endfacet
  facet normal 0 0 1
    outer loop
      vertex 16.5781 -2.06904 6.2
      vertex 6.46632 -11.2 6.2
      vertex 16.7356 -2.18994 6.2
    endloop
  endfacet
  facet normal 0 0 1
    outer loop
      vertex 15.5574 0.654483 6.2
      vertex 12.9326 0 6.2
      vertex 15.5315 0.45758 6.2
    endloop
  endfacet
  facet normal 0 0 1
    outer loop
      vertex 16.9191 -2.26595 6.2
      vertex 14.8946 -45.8409 6.2
      vertex 17.2733 -44.9986 6.2
    endloop
  endfacet
  facet normal 0 0 1
    outer loop
      vertex 6.46632 11.2 6.2
      vertex 14.8946 45.8409 6.2
      vertex 12.4751 46.5576 6.2
    endloop
  endfacet
  facet normal 0 0 1
    outer loop
      vertex 6.46632 11.2 6.2
      vertex 12.4751 46.5576 6.2
      vertex 10.0213 47.1467 6.2
    endloop
  endfacet
  facet normal 0 0 1
    outer loop
      vertex 6.46632 11.2 6.2
      vertex 10.0213 47.1467 6.2
      vertex 7.54014 47.6066 6.2
    endloop
  endfacet
  facet normal 0 0 1
    outer loop
      vertex 15.5315 0.45758 6.2
      vertex 12.9326 0 6.2
      vertex 15.4713 0 6.2
    endloop
  endfacet
  facet normal 0 0 1
    outer loop
      vertex 5.03827 47.936 6.2
      vertex 6.46632 11.2 6.2
      vertex 7.54014 47.6066 6.2
    endloop
  endfacet
  facet normal 0 0 1
    outer loop
      vertex 0.15 11.2 6.2
      vertex 5.03827 47.936 6.2
      vertex 2.52259 48.1339 6.2
    endloop
  endfacet
  facet normal 0 0 1
    outer loop
      vertex 0.15 11.2 6.2
      vertex 2.52259 48.1339 6.2
      vertex 0.15 48.1961 6.2
    endloop
  endfacet
  facet normal 0 0 1
    outer loop
      vertex 5.03827 47.936 6.2
      vertex 0.15 11.2 6.2
      vertex 6.46632 11.2 6.2
    endloop
  endfacet
  facet normal -0.608764 0.793351 0
    outer loop
      vertex 30.3332 -37.4584 6.2
      vertex 28.3312 -38.9946 7
      vertex 30.3332 -37.4584 7
    endloop
  endfacet
  facet normal -0.608764 0.793351 0
    outer loop
      vertex 28.3312 -38.9946 7
      vertex 30.3332 -37.4584 6.2
      vertex 28.3312 -38.9946 6.2
    endloop
  endfacet
  facet normal -0.477155 -0.878819 0
    outer loop
      vertex 21.8823 42.9465 6.2
      vertex 24.1 41.7424 7
      vertex 21.8823 42.9465 7
    endloop
  endfacet
  facet normal -0.477155 -0.878819 -0
    outer loop
      vertex 24.1 41.7424 7
      vertex 21.8823 42.9465 6.2
      vertex 24.1 41.7424 6.2
    endloop
  endfacet
  facet normal -0.942647 0.333792 0
    outer loop
      vertex 44.9986 -17.2733 6.2
      vertex 45.8409 -14.8946 7
      vertex 45.8409 -14.8946 6.2
    endloop
  endfacet
  facet normal -0.942647 0.333792 0
    outer loop
      vertex 45.8409 -14.8946 7
      vertex 44.9986 -17.2733 6.2
      vertex 44.9986 -17.2733 7
    endloop
  endfacet
  facet normal -0.878819 -0.477155 0
    outer loop
      vertex 42.9465 21.8823 6.2
      vertex 41.7424 24.1 7
      vertex 41.7424 24.1 6.2
    endloop
  endfacet
  facet normal -0.878819 -0.477155 0
    outer loop
      vertex 41.7424 24.1 7
      vertex 42.9465 21.8823 6.2
      vertex 42.9465 21.8823 7
    endloop
  endfacet
  facet normal -0.430524 0.902579 0
    outer loop
      vertex 21.8823 -42.9465 6.2
      vertex 19.6047 -44.0329 7
      vertex 21.8823 -42.9465 7
    endloop
  endfacet
  facet normal -0.430524 0.902579 0
    outer loop
      vertex 19.6047 -44.0329 7
      vertex 21.8823 -42.9465 6.2
      vertex 19.6047 -44.0329 6.2
    endloop
  endfacet
  facet normal -0.522498 -0.852641 0
    outer loop
      vertex 24.1 41.7424 6.2
      vertex 26.2516 40.4239 7
      vertex 24.1 41.7424 7
    endloop
  endfacet
  facet normal -0.522498 -0.852641 -0
    outer loop
      vertex 26.2516 40.4239 7
      vertex 24.1 41.7424 6.2
      vertex 26.2516 40.4239 6.2
    endloop
  endfacet
  facet normal -0.0262071 0.999657 0
    outer loop
      vertex 2.52259 -48.1339 6.2
      vertex 0.15 -48.1961 7
      vertex 2.52259 -48.1339 7
    endloop
  endfacet
  facet normal -0.0262071 0.999657 0
    outer loop
      vertex 0.15 -48.1961 7
      vertex 2.52259 -48.1339 6.2
      vertex 0.15 -48.1961 6.2
    endloop
  endfacet
  facet normal -0.522498 0.852641 0
    outer loop
      vertex 26.2516 -40.4239 6.2
      vertex 24.1 -41.7424 7
      vertex 26.2516 -40.4239 7
    endloop
  endfacet
  facet normal -0.522498 0.852641 0
    outer loop
      vertex 24.1 -41.7424 7
      vertex 26.2516 -40.4239 6.2
      vertex 24.1 -41.7424 6.2
    endloop
  endfacet
  facet normal -0.182252 0.983252 0
    outer loop
      vertex 10.0213 -47.1467 6.2
      vertex 7.54014 -47.6066 7
      vertex 10.0213 -47.1467 7
    endloop
  endfacet
  facet normal -0.182252 0.983252 0
    outer loop
      vertex 7.54014 -47.6066 7
      vertex 10.0213 -47.1467 6.2
      vertex 7.54014 -47.6066 6.2
    endloop
  endfacet
  facet normal -0.983252 -0.182252 0
    outer loop
      vertex 47.6066 7.54014 6.2
      vertex 47.1467 10.0213 7
      vertex 47.1467 10.0213 6.2
    endloop
  endfacet
  facet normal -0.983252 -0.182252 0
    outer loop
      vertex 47.1467 10.0213 7
      vertex 47.6066 7.54014 6.2
      vertex 47.6066 7.54014 7
    endloop
  endfacet
  facet normal -0.999657 0.0261942 0
    outer loop
      vertex 48.1339 -2.52259 6.2
      vertex 48.2 0 7
      vertex 48.2 0 6.2
    endloop
  endfacet
  facet normal -0.999657 0.0261942 0
    outer loop
      vertex 48.2 0 7
      vertex 48.1339 -2.52259 6.2
      vertex 48.1339 -2.52259 7
    endloop
  endfacet
  facet normal -0.958818 0.28402 0
    outer loop
      vertex 45.8409 -14.8946 6.2
      vertex 46.5576 -12.4751 7
      vertex 46.5576 -12.4751 6.2
    endloop
  endfacet
  facet normal -0.958818 0.28402 0
    outer loop
      vertex 46.5576 -12.4751 7
      vertex 45.8409 -14.8946 6.2
      vertex 45.8409 -14.8946 7
    endloop
  endfacet
  facet normal -0.566414 -0.824121 0
    outer loop
      vertex 26.2516 40.4239 6.2
      vertex 28.3312 38.9946 7
      vertex 26.2516 40.4239 7
    endloop
  endfacet
  facet normal -0.566414 -0.824121 -0
    outer loop
      vertex 28.3312 38.9946 7
      vertex 26.2516 40.4239 6.2
      vertex 28.3312 38.9946 6.2
    endloop
  endfacet
  facet normal -0.233443 0.97237 0
    outer loop
      vertex 12.4751 -46.5576 6.2
      vertex 10.0213 -47.1467 7
      vertex 12.4751 -46.5576 7
    endloop
  endfacet
  facet normal -0.233443 0.97237 0
    outer loop
      vertex 10.0213 -47.1467 7
      vertex 12.4751 -46.5576 6.2
      vertex 10.0213 -47.1467 6.2
    endloop
  endfacet
  facet normal -0.382684 -0.923879 0
    outer loop
      vertex 17.2733 44.9986 6.2
      vertex 19.6047 44.0329 7
      vertex 17.2733 44.9986 7
    endloop
  endfacet
  facet normal -0.382684 -0.923879 -0
    outer loop
      vertex 19.6047 44.0329 7
      vertex 17.2733 44.9986 6.2
      vertex 19.6047 44.0329 6.2
    endloop
  endfacet
  facet normal -0.28402 0.958818 0
    outer loop
      vertex 14.8946 -45.8409 6.2
      vertex 12.4751 -46.5576 7
      vertex 14.8946 -45.8409 7
    endloop
  endfacet
  facet normal -0.28402 0.958818 0
    outer loop
      vertex 12.4751 -46.5576 7
      vertex 14.8946 -45.8409 6.2
      vertex 12.4751 -46.5576 6.2
    endloop
  endfacet
  facet normal -0.923879 -0.382684 0
    outer loop
      vertex 44.9986 17.2733 6.2
      vertex 44.0329 19.6047 7
      vertex 44.0329 19.6047 6.2
    endloop
  endfacet
  facet normal -0.923879 -0.382684 0
    outer loop
      vertex 44.0329 19.6047 7
      vertex 44.9986 17.2733 6.2
      vertex 44.9986 17.2733 7
    endloop
  endfacet
  facet normal -0.99692 0.0784243 0
    outer loop
      vertex 47.936 -5.03827 6.2
      vertex 48.1339 -2.52259 7
      vertex 48.1339 -2.52259 6.2
    endloop
  endfacet
  facet normal -0.99692 0.0784243 0
    outer loop
      vertex 48.1339 -2.52259 7
      vertex 47.936 -5.03827 6.2
      vertex 47.936 -5.03827 7
    endloop
  endfacet
  facet normal -0.902579 0.430524 0
    outer loop
      vertex 42.9465 -21.8823 6.2
      vertex 44.0329 -19.6047 7
      vertex 44.0329 -19.6047 6.2
    endloop
  endfacet
  facet normal -0.902579 0.430524 0
    outer loop
      vertex 44.0329 -19.6047 7
      vertex 42.9465 -21.8823 6.2
      vertex 42.9465 -21.8823 7
    endloop
  endfacet
  facet normal -0.991444 0.130535 0
    outer loop
      vertex 47.6066 -7.54014 6.2
      vertex 47.936 -5.03827 7
      vertex 47.936 -5.03827 6.2
    endloop
  endfacet
  facet normal -0.991444 0.130535 0
    outer loop
      vertex 47.936 -5.03827 7
      vertex 47.6066 -7.54014 6.2
      vertex 47.6066 -7.54014 7
    endloop
  endfacet
  facet normal -0.649426 0.760425 0
    outer loop
      vertex 32.2521 -35.8196 6.2
      vertex 30.3332 -37.4584 7
      vertex 32.2521 -35.8196 7
    endloop
  endfacet
  facet normal -0.649426 0.760425 0
    outer loop
      vertex 30.3332 -37.4584 7
      vertex 32.2521 -35.8196 6.2
      vertex 30.3332 -37.4584 6.2
    endloop
  endfacet
  facet normal -0.97237 0.233443 0
    outer loop
      vertex 46.5576 -12.4751 6.2
      vertex 47.1467 -10.0213 7
      vertex 47.1467 -10.0213 6.2
    endloop
  endfacet
  facet normal -0.97237 0.233443 0
    outer loop
      vertex 47.1467 -10.0213 7
      vertex 46.5576 -12.4751 6.2
      vertex 46.5576 -12.4751 7
    endloop
  endfacet
  facet normal -0.608764 -0.793351 0
    outer loop
      vertex 28.3312 38.9946 6.2
      vertex 30.3332 37.4584 7
      vertex 28.3312 38.9946 7
    endloop
  endfacet
  facet normal -0.608764 -0.793351 -0
    outer loop
      vertex 30.3332 37.4584 7
      vertex 28.3312 38.9946 6.2
      vertex 30.3332 37.4584 6.2
    endloop
  endfacet
  facet normal -0.382684 0.923879 0
    outer loop
      vertex 19.6047 -44.0329 6.2
      vertex 17.2733 -44.9986 7
      vertex 19.6047 -44.0329 7
    endloop
  endfacet
  facet normal -0.382684 0.923879 0
    outer loop
      vertex 17.2733 -44.9986 7
      vertex 19.6047 -44.0329 6.2
      vertex 17.2733 -44.9986 6.2
    endloop
  endfacet
  facet normal -0.878819 0.477155 0
    outer loop
      vertex 41.7424 -24.1 6.2
      vertex 42.9465 -21.8823 7
      vertex 42.9465 -21.8823 6.2
    endloop
  endfacet
  facet normal -0.878819 0.477155 0
    outer loop
      vertex 42.9465 -21.8823 7
      vertex 41.7424 -24.1 6.2
      vertex 41.7424 -24.1 7
    endloop
  endfacet
  facet normal -0.97237 -0.233443 0
    outer loop
      vertex 47.1467 10.0213 6.2
      vertex 46.5576 12.4751 7
      vertex 46.5576 12.4751 6.2
    endloop
  endfacet
  facet normal -0.97237 -0.233443 0
    outer loop
      vertex 46.5576 12.4751 7
      vertex 47.1467 10.0213 6.2
      vertex 47.1467 10.0213 7
    endloop
  endfacet
  facet normal -0.477155 0.878819 0
    outer loop
      vertex 24.1 -41.7424 6.2
      vertex 21.8823 -42.9465 7
      vertex 24.1 -41.7424 7
    endloop
  endfacet
  facet normal -0.477155 0.878819 0
    outer loop
      vertex 21.8823 -42.9465 7
      vertex 24.1 -41.7424 6.2
      vertex 21.8823 -42.9465 6.2
    endloop
  endfacet
  facet normal -0.725352 -0.688379 0
    outer loop
      vertex 35.8196 32.2521 6.2
      vertex 34.0825 34.0825 7
      vertex 34.0825 34.0825 6.2
    endloop
  endfacet
  facet normal -0.725352 -0.688379 0
    outer loop
      vertex 34.0825 34.0825 7
      vertex 35.8196 32.2521 6.2
      vertex 35.8196 32.2521 7
    endloop
  endfacet
  facet normal -0.983252 0.182252 0
    outer loop
      vertex 47.1467 -10.0213 6.2
      vertex 47.6066 -7.54014 7
      vertex 47.6066 -7.54014 6.2
    endloop
  endfacet
  facet normal -0.983252 0.182252 0
    outer loop
      vertex 47.6066 -7.54014 7
      vertex 47.1467 -10.0213 6.2
      vertex 47.1467 -10.0213 7
    endloop
  endfacet
  facet normal -0.0784243 0.99692 0
    outer loop
      vertex 5.03827 -47.936 6.2
      vertex 2.52259 -48.1339 7
      vertex 5.03827 -47.936 7
    endloop
  endfacet
  facet normal -0.0784243 0.99692 0
    outer loop
      vertex 2.52259 -48.1339 7
      vertex 5.03827 -47.936 6.2
      vertex 2.52259 -48.1339 6.2
    endloop
  endfacet
  facet normal -0.130535 0.991444 0
    outer loop
      vertex 7.54014 -47.6066 6.2
      vertex 5.03827 -47.936 7
      vertex 7.54014 -47.6066 7
    endloop
  endfacet
  facet normal -0.130535 0.991444 0
    outer loop
      vertex 5.03827 -47.936 7
      vertex 7.54014 -47.6066 6.2
      vertex 5.03827 -47.936 6.2
    endloop
  endfacet
  facet normal -0.852641 -0.522498 0
    outer loop
      vertex 41.7424 24.1 6.2
      vertex 40.4239 26.2516 7
      vertex 40.4239 26.2516 6.2
    endloop
  endfacet
  facet normal -0.852641 -0.522498 0
    outer loop
      vertex 40.4239 26.2516 7
      vertex 41.7424 24.1 6.2
      vertex 41.7424 24.1 7
    endloop
  endfacet
  facet normal -0.942647 -0.333792 0
    outer loop
      vertex 45.8409 14.8946 6.2
      vertex 44.9986 17.2733 7
      vertex 44.9986 17.2733 6.2
    endloop
  endfacet
  facet normal -0.942647 -0.333792 0
    outer loop
      vertex 44.9986 17.2733 7
      vertex 45.8409 14.8946 6.2
      vertex 45.8409 14.8946 7
    endloop
  endfacet
  facet normal -0.0784243 -0.99692 0
    outer loop
      vertex 2.52259 48.1339 6.2
      vertex 5.03827 47.936 7
      vertex 2.52259 48.1339 7
    endloop
  endfacet
  facet normal -0.0784243 -0.99692 -0
    outer loop
      vertex 5.03827 47.936 7
      vertex 2.52259 48.1339 6.2
      vertex 5.03827 47.936 6.2
    endloop
  endfacet
  facet normal -0.430524 -0.902579 0
    outer loop
      vertex 19.6047 44.0329 6.2
      vertex 21.8823 42.9465 7
      vertex 19.6047 44.0329 7
    endloop
  endfacet
  facet normal -0.430524 -0.902579 -0
    outer loop
      vertex 21.8823 42.9465 7
      vertex 19.6047 44.0329 6.2
      vertex 21.8823 42.9465 6.2
    endloop
  endfacet
  facet normal -0.793351 -0.608764 0
    outer loop
      vertex 38.9946 28.3312 6.2
      vertex 37.4584 30.3332 7
      vertex 37.4584 30.3332 6.2
    endloop
  endfacet
  facet normal -0.793351 -0.608764 0
    outer loop
      vertex 37.4584 30.3332 7
      vertex 38.9946 28.3312 6.2
      vertex 38.9946 28.3312 7
    endloop
  endfacet
  facet normal -0.0262071 -0.999657 0
    outer loop
      vertex 0.15 48.1961 6.2
      vertex 2.52259 48.1339 7
      vertex 0.15 48.1961 7
    endloop
  endfacet
  facet normal -0.0262071 -0.999657 -0
    outer loop
      vertex 2.52259 48.1339 7
      vertex 0.15 48.1961 6.2
      vertex 2.52259 48.1339 6.2
    endloop
  endfacet
  facet normal -0.824121 -0.566414 0
    outer loop
      vertex 40.4239 26.2516 6.2
      vertex 38.9946 28.3312 7
      vertex 38.9946 28.3312 6.2
    endloop
  endfacet
  facet normal -0.824121 -0.566414 0
    outer loop
      vertex 38.9946 28.3312 7
      vertex 40.4239 26.2516 6.2
      vertex 40.4239 26.2516 7
    endloop
  endfacet
  facet normal -0.760425 -0.649426 0
    outer loop
      vertex 37.4584 30.3332 6.2
      vertex 35.8196 32.2521 7
      vertex 35.8196 32.2521 6.2
    endloop
  endfacet
  facet normal -0.760425 -0.649426 0
    outer loop
      vertex 35.8196 32.2521 7
      vertex 37.4584 30.3332 6.2
      vertex 37.4584 30.3332 7
    endloop
  endfacet
  facet normal -0.725352 0.688379 0
    outer loop
      vertex 34.0825 -34.0825 6.2
      vertex 35.8196 -32.2521 7
      vertex 35.8196 -32.2521 6.2
    endloop
  endfacet
  facet normal -0.725352 0.688379 0
    outer loop
      vertex 35.8196 -32.2521 7
      vertex 34.0825 -34.0825 6.2
      vertex 34.0825 -34.0825 7
    endloop
  endfacet
  facet normal -0.852641 0.522498 0
    outer loop
      vertex 40.4239 -26.2516 6.2
      vertex 41.7424 -24.1 7
      vertex 41.7424 -24.1 6.2
    endloop
  endfacet
  facet normal -0.852641 0.522498 0
    outer loop
      vertex 41.7424 -24.1 7
      vertex 40.4239 -26.2516 6.2
      vertex 40.4239 -26.2516 7
    endloop
  endfacet
  facet normal -0.824121 0.566414 0
    outer loop
      vertex 38.9946 -28.3312 6.2
      vertex 40.4239 -26.2516 7
      vertex 40.4239 -26.2516 6.2
    endloop
  endfacet
  facet normal -0.824121 0.566414 0
    outer loop
      vertex 40.4239 -26.2516 7
      vertex 38.9946 -28.3312 6.2
      vertex 38.9946 -28.3312 7
    endloop
  endfacet
  facet normal -0.958818 -0.28402 0
    outer loop
      vertex 46.5576 12.4751 6.2
      vertex 45.8409 14.8946 7
      vertex 45.8409 14.8946 6.2
    endloop
  endfacet
  facet normal -0.958818 -0.28402 0
    outer loop
      vertex 45.8409 14.8946 7
      vertex 46.5576 12.4751 6.2
      vertex 46.5576 12.4751 7
    endloop
  endfacet
  facet normal -0.649426 -0.760425 0
    outer loop
      vertex 30.3332 37.4584 6.2
      vertex 32.2521 35.8196 7
      vertex 30.3332 37.4584 7
    endloop
  endfacet
  facet normal -0.649426 -0.760425 -0
    outer loop
      vertex 32.2521 35.8196 7
      vertex 30.3332 37.4584 6.2
      vertex 32.2521 35.8196 6.2
    endloop
  endfacet
  facet normal -0.333792 0.942647 0
    outer loop
      vertex 17.2733 -44.9986 6.2
      vertex 14.8946 -45.8409 7
      vertex 17.2733 -44.9986 7
    endloop
  endfacet
  facet normal -0.333792 0.942647 0
    outer loop
      vertex 14.8946 -45.8409 7
      vertex 17.2733 -44.9986 6.2
      vertex 14.8946 -45.8409 6.2
    endloop
  endfacet
  facet normal -0.688379 -0.725352 0
    outer loop
      vertex 32.2521 35.8196 6.2
      vertex 34.0825 34.0825 7
      vertex 32.2521 35.8196 7
    endloop
  endfacet
  facet normal -0.688379 -0.725352 -0
    outer loop
      vertex 34.0825 34.0825 7
      vertex 32.2521 35.8196 6.2
      vertex 34.0825 34.0825 6.2
    endloop
  endfacet
  facet normal -0.760425 0.649426 0
    outer loop
      vertex 35.8196 -32.2521 6.2
      vertex 37.4584 -30.3332 7
      vertex 37.4584 -30.3332 6.2
    endloop
  endfacet
  facet normal -0.760425 0.649426 0
    outer loop
      vertex 37.4584 -30.3332 7
      vertex 35.8196 -32.2521 6.2
      vertex 35.8196 -32.2521 7
    endloop
  endfacet
  facet normal -0.688379 0.725352 0
    outer loop
      vertex 34.0825 -34.0825 6.2
      vertex 32.2521 -35.8196 7
      vertex 34.0825 -34.0825 7
    endloop
  endfacet
  facet normal -0.688379 0.725352 0
    outer loop
      vertex 32.2521 -35.8196 7
      vertex 34.0825 -34.0825 6.2
      vertex 32.2521 -35.8196 6.2
    endloop
  endfacet
  facet normal -0.902579 -0.430524 0
    outer loop
      vertex 44.0329 19.6047 6.2
      vertex 42.9465 21.8823 7
      vertex 42.9465 21.8823 6.2
    endloop
  endfacet
  facet normal -0.902579 -0.430524 0
    outer loop
      vertex 42.9465 21.8823 7
      vertex 44.0329 19.6047 6.2
      vertex 44.0329 19.6047 7
    endloop
  endfacet
  facet normal -0.333792 -0.942647 0
    outer loop
      vertex 14.8946 45.8409 6.2
      vertex 17.2733 44.9986 7
      vertex 14.8946 45.8409 7
    endloop
  endfacet
  facet normal -0.333792 -0.942647 -0
    outer loop
      vertex 17.2733 44.9986 7
      vertex 14.8946 45.8409 6.2
      vertex 17.2733 44.9986 6.2
    endloop
  endfacet
  facet normal -0.130535 -0.991444 0
    outer loop
      vertex 5.03827 47.936 6.2
      vertex 7.54014 47.6066 7
      vertex 5.03827 47.936 7
    endloop
  endfacet
  facet normal -0.130535 -0.991444 -0
    outer loop
      vertex 7.54014 47.6066 7
      vertex 5.03827 47.936 6.2
      vertex 7.54014 47.6066 6.2
    endloop
  endfacet
  facet normal -0.923879 0.382684 0
    outer loop
      vertex 44.0329 -19.6047 6.2
      vertex 44.9986 -17.2733 7
      vertex 44.9986 -17.2733 6.2
    endloop
  endfacet
  facet normal -0.923879 0.382684 0
    outer loop
      vertex 44.9986 -17.2733 7
      vertex 44.0329 -19.6047 6.2
      vertex 44.0329 -19.6047 7
    endloop
  endfacet
  facet normal -0.28402 -0.958818 0
    outer loop
      vertex 12.4751 46.5576 6.2
      vertex 14.8946 45.8409 7
      vertex 12.4751 46.5576 7
    endloop
  endfacet
  facet normal -0.28402 -0.958818 -0
    outer loop
      vertex 14.8946 45.8409 7
      vertex 12.4751 46.5576 6.2
      vertex 14.8946 45.8409 6.2
    endloop
  endfacet
  facet normal -0.566414 0.824121 0
    outer loop
      vertex 28.3312 -38.9946 6.2
      vertex 26.2516 -40.4239 7
      vertex 28.3312 -38.9946 7
    endloop
  endfacet
  facet normal -0.566414 0.824121 0
    outer loop
      vertex 26.2516 -40.4239 7
      vertex 28.3312 -38.9946 6.2
      vertex 26.2516 -40.4239 6.2
    endloop
  endfacet
  facet normal -0.182252 -0.983252 0
    outer loop
      vertex 7.54014 47.6066 6.2
      vertex 10.0213 47.1467 7
      vertex 7.54014 47.6066 7
    endloop
  endfacet
  facet normal -0.182252 -0.983252 -0
    outer loop
      vertex 10.0213 47.1467 7
      vertex 7.54014 47.6066 6.2
      vertex 10.0213 47.1467 6.2
    endloop
  endfacet
  facet normal -0.793351 0.608764 0
    outer loop
      vertex 37.4584 -30.3332 6.2
      vertex 38.9946 -28.3312 7
      vertex 38.9946 -28.3312 6.2
    endloop
  endfacet
  facet normal -0.793351 0.608764 0
    outer loop
      vertex 38.9946 -28.3312 7
      vertex 37.4584 -30.3332 6.2
      vertex 37.4584 -30.3332 7
    endloop
  endfacet
  facet normal -0.233443 -0.97237 0
    outer loop
      vertex 10.0213 47.1467 6.2
      vertex 12.4751 46.5576 7
      vertex 10.0213 47.1467 7
    endloop
  endfacet
  facet normal -0.233443 -0.97237 -0
    outer loop
      vertex 12.4751 46.5576 7
      vertex 10.0213 47.1467 6.2
      vertex 12.4751 46.5576 6.2
    endloop
  endfacet
  facet normal -1 0 0
    outer loop
      vertex 0.15 -38.4783 3.00557
      vertex 0.15 -25.1951 3
      vertex 0.15 -25.1951 -3.8147e-07
    endloop
  endfacet
  facet normal -1 0 0
    outer loop
      vertex 0.15 -25.1951 3
      vertex 0.15 -38.4783 3.00557
      vertex 0.15 -38.4 3.5
    endloop
  endfacet
  facet normal -1 0 0
    outer loop
      vertex 0.15 -25.1951 -3.8147e-07
      vertex 0.15 -38.7056 2.55954
      vertex 0.15 -38.4783 3.00557
    endloop
  endfacet
  facet normal -1 0 0
    outer loop
      vertex 0.15 -25.1951 -3.8147e-07
      vertex 0.15 -39.0595 2.20557
      vertex 0.15 -38.7056 2.55954
    endloop
  endfacet
  facet normal -1 0 0
    outer loop
      vertex 0.15 -25.1951 -3.8147e-07
      vertex 0.15 -39.5056 1.97831
      vertex 0.15 -39.0595 2.20557
    endloop
  endfacet
  facet normal -1 0 0
    outer loop
      vertex 0.15 -25.1951 -3.8147e-07
      vertex 0.15 -40 1.9
      vertex 0.15 -39.5056 1.97831
    endloop
  endfacet
  facet normal -1 0 0
    outer loop
      vertex 0.15 -41.5217 3.00557
      vertex 0.15 -48.1961 6.2
      vertex 0.15 -41.6 3.5
    endloop
  endfacet
  facet normal -1 0 0
    outer loop
      vertex 0.15 -41.2944 2.55954
      vertex 0.15 -48.1961 6.2
      vertex 0.15 -41.5217 3.00557
    endloop
  endfacet
  facet normal -1 0 0
    outer loop
      vertex 0.15 -40.9405 2.20557
      vertex 0.15 -48.1961 6.2
      vertex 0.15 -41.2944 2.55954
    endloop
  endfacet
  facet normal -1 -0 0
    outer loop
      vertex 0.15 -48.1961 6.2
      vertex 0.15 -83.4 3.5
      vertex 0.15 -48.1961 7
    endloop
  endfacet
  facet normal -1 0 0
    outer loop
      vertex 0.15 -84.0595 2.20557
      vertex 0.15 -48.1961 6.2
      vertex 0.15 -40.9405 2.20557
    endloop
  endfacet
  facet normal -1 0 0
    outer loop
      vertex 0.15 -84.0595 2.20557
      vertex 0.15 -40.9405 2.20557
      vertex 0.15 -40.4944 1.97831
    endloop
  endfacet
  facet normal -1 0 0
    outer loop
      vertex 0.15 -84.5056 1.97831
      vertex 0.15 -40.4944 1.97831
      vertex 0.15 -40 1.9
    endloop
  endfacet
  facet normal -1 0 0
    outer loop
      vertex 0.15 -85 1.9
      vertex 0.15 -40 1.9
      vertex 0.15 -25.1951 -3.8147e-07
    endloop
  endfacet
  facet normal -1 0 0
    outer loop
      vertex 0.15 -48.1961 6.2
      vertex 0.15 -83.4783 3.00557
      vertex 0.15 -83.4 3.5
    endloop
  endfacet
  facet normal -1 0 0
    outer loop
      vertex 0.15 -48.1961 6.2
      vertex 0.15 -83.7056 2.55954
      vertex 0.15 -83.4783 3.00557
    endloop
  endfacet
  facet normal -1 0 0
    outer loop
      vertex 0.15 -48.1961 6.2
      vertex 0.15 -84.0595 2.20557
      vertex 0.15 -83.7056 2.55954
    endloop
  endfacet
  facet normal -1 0 0
    outer loop
      vertex 0.15 -40.4944 1.97831
      vertex 0.15 -84.5056 1.97831
      vertex 0.15 -84.0595 2.20557
    endloop
  endfacet
  facet normal -1 0 0
    outer loop
      vertex 0.15 -40 1.9
      vertex 0.15 -85 1.9
      vertex 0.15 -84.5056 1.97831
    endloop
  endfacet
  facet normal -1 0 0
    outer loop
      vertex 0.15 -86.5217 3.00557
      vertex 0.15 -100.997 7
      vertex 0.15 -86.6 3.5
    endloop
  endfacet
  facet normal -1 0 0
    outer loop
      vertex 0.15 -104.997 -3.8147e-07
      vertex 0.15 -86.5217 3.00557
      vertex 0.15 -86.2944 2.55954
    endloop
  endfacet
  facet normal -1 0 0
    outer loop
      vertex 0.15 -104.997 -3.8147e-07
      vertex 0.15 -86.2944 2.55954
      vertex 0.15 -85.9405 2.20557
    endloop
  endfacet
  facet normal -1 0 0
    outer loop
      vertex 0.15 -104.997 -3.8147e-07
      vertex 0.15 -85.9405 2.20557
      vertex 0.15 -85.4944 1.97831
    endloop
  endfacet
  facet normal -1 0 0
    outer loop
      vertex 0.15 -100.997 7
      vertex 0.15 -104.397 8.5
      vertex 0.15 -100.997 8.5
    endloop
  endfacet
  facet normal -1 0 0
    outer loop
      vertex 0.15 -100.997 7
      vertex 0.15 -104.422 8.47544
      vertex 0.15 -104.397 8.5
    endloop
  endfacet
  facet normal -1 0 0
    outer loop
      vertex 0.15 -104.997 -3.8147e-07
      vertex 0.15 -85 1.9
      vertex 0.15 -25.1951 -3.8147e-07
    endloop
  endfacet
  facet normal -1 0 0
    outer loop
      vertex 0.15 -104.997 -3.8147e-07
      vertex 0.15 -85.4944 1.97831
      vertex 0.15 -85 1.9
    endloop
  endfacet
  facet normal -1 -0 0
    outer loop
      vertex 0.15 -86.5217 3.00557
      vertex 0.15 -104.997 -3.8147e-07
      vertex 0.15 -100.997 7
    endloop
  endfacet
  facet normal -1 0 0
    outer loop
      vertex 0.15 -104.997 7.89999
      vertex 0.15 -100.997 7
      vertex 0.15 -104.997 -3.8147e-07
    endloop
  endfacet
  facet normal -1 0 0
    outer loop
      vertex 0.15 -100.997 7
      vertex 0.15 -104.997 7.89999
      vertex 0.15 -104.422 8.47544
    endloop
  endfacet
  facet normal -1 0 0
    outer loop
      vertex 0.15 -25.1951 3
      vertex 0.15 -11.2 6.2
      vertex 0.15 -11.2 3
    endloop
  endfacet
  facet normal -1 0 0
    outer loop
      vertex 0.15 -38.4783 3.99443
      vertex 0.15 -25.1951 3
      vertex 0.15 -38.4 3.5
    endloop
  endfacet
  facet normal -1 0 0
    outer loop
      vertex 0.15 -38.7056 4.44046
      vertex 0.15 -25.1951 3
      vertex 0.15 -38.4783 3.99443
    endloop
  endfacet
  facet normal -1 0 0
    outer loop
      vertex 0.15 -39.0595 4.79443
      vertex 0.15 -25.1951 3
      vertex 0.15 -38.7056 4.44046
    endloop
  endfacet
  facet normal -1 0 0
    outer loop
      vertex 0.15 -39.5056 5.02169
      vertex 0.15 -25.1951 3
      vertex 0.15 -39.0595 4.79443
    endloop
  endfacet
  facet normal -1 0 0
    outer loop
      vertex 0.15 -25.1951 3
      vertex 0.15 -39.5056 5.02169
      vertex 0.15 -11.2 6.2
    endloop
  endfacet
  facet normal -1 0 0
    outer loop
      vertex 0.15 -40 5.1
      vertex 0.15 -11.2 6.2
      vertex 0.15 -39.5056 5.02169
    endloop
  endfacet
  facet normal -1 0 0
    outer loop
      vertex 0.15 -40 5.1
      vertex 0.15 -48.1961 6.2
      vertex 0.15 -11.2 6.2
    endloop
  endfacet
  facet normal -1 0 0
    outer loop
      vertex 0.15 -40.4944 5.02169
      vertex 0.15 -48.1961 6.2
      vertex 0.15 -40 5.1
    endloop
  endfacet
  facet normal -1 0 0
    outer loop
      vertex 0.15 -40.9405 4.79443
      vertex 0.15 -48.1961 6.2
      vertex 0.15 -40.4944 5.02169
    endloop
  endfacet
  facet normal -1 0 0
    outer loop
      vertex 0.15 -41.2944 4.44046
      vertex 0.15 -48.1961 6.2
      vertex 0.15 -40.9405 4.79443
    endloop
  endfacet
  facet normal -1 0 0
    outer loop
      vertex 0.15 -41.5217 3.99443
      vertex 0.15 -48.1961 6.2
      vertex 0.15 -41.2944 4.44046
    endloop
  endfacet
  facet normal -1 0 0
    outer loop
      vertex 0.15 -48.1961 6.2
      vertex 0.15 -41.5217 3.99443
      vertex 0.15 -41.6 3.5
    endloop
  endfacet
  facet normal -1 0 0
    outer loop
      vertex 0.15 -83.4783 3.99443
      vertex 0.15 -48.1961 7
      vertex 0.15 -83.4 3.5
    endloop
  endfacet
  facet normal -1 0 0
    outer loop
      vertex 0.15 -83.7056 4.44046
      vertex 0.15 -48.1961 7
      vertex 0.15 -83.4783 3.99443
    endloop
  endfacet
  facet normal -1 0 0
    outer loop
      vertex 0.15 -84.0595 4.79443
      vertex 0.15 -48.1961 7
      vertex 0.15 -83.7056 4.44046
    endloop
  endfacet
  facet normal -1 0 0
    outer loop
      vertex 0.15 -84.5056 5.02169
      vertex 0.15 -48.1961 7
      vertex 0.15 -84.0595 4.79443
    endloop
  endfacet
  facet normal -1 0 0
    outer loop
      vertex 0.15 -85 5.1
      vertex 0.15 -48.1961 7
      vertex 0.15 -84.5056 5.02169
    endloop
  endfacet
  facet normal -1 0 0
    outer loop
      vertex 0.15 -85 5.1
      vertex 0.15 -100.997 7
      vertex 0.15 -48.1961 7
    endloop
  endfacet
  facet normal -1 0 0
    outer loop
      vertex 0.15 -85.4944 5.02169
      vertex 0.15 -100.997 7
      vertex 0.15 -85 5.1
    endloop
  endfacet
  facet normal -1 0 0
    outer loop
      vertex 0.15 -85.9405 4.79443
      vertex 0.15 -100.997 7
      vertex 0.15 -85.4944 5.02169
    endloop
  endfacet
  facet normal -1 0 0
    outer loop
      vertex 0.15 -86.2944 4.44046
      vertex 0.15 -100.997 7
      vertex 0.15 -85.9405 4.79443
    endloop
  endfacet
  facet normal -1 0 0
    outer loop
      vertex 0.15 -86.5217 3.99443
      vertex 0.15 -100.997 7
      vertex 0.15 -86.2944 4.44046
    endloop
  endfacet
  facet normal -1 0 0
    outer loop
      vertex 0.15 -100.997 7
      vertex 0.15 -86.5217 3.99443
      vertex 0.15 -86.6 3.5
    endloop
  endfacet
  facet normal -1 0 0
    outer loop
      vertex 0.15 100.997 7
      vertex 0.15 104.997 7.89999
      vertex 0.15 104.997 -3.8147e-07
    endloop
  endfacet
  facet normal -1 -0 0
    outer loop
      vertex 0.15 104.997 7.89999
      vertex 0.15 100.997 7
      vertex 0.15 104.973 7.9247
    endloop
  endfacet
  facet normal -1 -0 0
    outer loop
      vertex 0.15 104.973 7.9247
      vertex 0.15 100.997 7
      vertex 0.15 104.397 8.5
    endloop
  endfacet
  facet normal -1 0 0
    outer loop
      vertex 0.15 86.5217 3.00557
      vertex 0.15 100.997 7
      vertex 0.15 104.997 -3.8147e-07
    endloop
  endfacet
  facet normal -1 0 0
    outer loop
      vertex 0.15 100.997 7
      vertex 0.15 86.5217 3.00557
      vertex 0.15 86.6 3.5
    endloop
  endfacet
  facet normal -1 0 0
    outer loop
      vertex 0.15 104.997 -3.8147e-07
      vertex 0.15 86.2944 2.55954
      vertex 0.15 86.5217 3.00557
    endloop
  endfacet
  facet normal -1 0 0
    outer loop
      vertex 0.15 104.997 -3.8147e-07
      vertex 0.15 85.9405 2.20557
      vertex 0.15 86.2944 2.55954
    endloop
  endfacet
  facet normal -1 0 0
    outer loop
      vertex 0.15 104.997 -3.8147e-07
      vertex 0.15 85.4944 1.97831
      vertex 0.15 85.9405 2.20557
    endloop
  endfacet
  facet normal -1 0 0
    outer loop
      vertex 0.15 104.997 -3.8147e-07
      vertex 0.15 85 1.9
      vertex 0.15 85.4944 1.97831
    endloop
  endfacet
  facet normal -1 0 0
    outer loop
      vertex 0.15 83.4783 3.00557
      vertex 0.15 48.1961 6.2
      vertex 0.15 83.4 3.5
    endloop
  endfacet
  facet normal -1 0 0
    outer loop
      vertex 0.15 83.7056 2.55954
      vertex 0.15 48.1961 6.2
      vertex 0.15 83.4783 3.00557
    endloop
  endfacet
  facet normal -1 0 0
    outer loop
      vertex 0.15 84.0595 2.20557
      vertex 0.15 48.1961 6.2
      vertex 0.15 83.7056 2.55954
    endloop
  endfacet
  facet normal -1 0 0
    outer loop
      vertex 0.15 40.9405 2.20557
      vertex 0.15 84.0595 2.20557
      vertex 0.15 84.5056 1.97831
    endloop
  endfacet
  facet normal -1 0 0
    outer loop
      vertex 0.15 40.4944 1.97831
      vertex 0.15 84.5056 1.97831
      vertex 0.15 85 1.9
    endloop
  endfacet
  facet normal -1 0 0
    outer loop
      vertex 0.15 84.0595 2.20557
      vertex 0.15 40.9405 2.20557
      vertex 0.15 48.1961 6.2
    endloop
  endfacet
  facet normal -1 0 0
    outer loop
      vertex 0.15 25.1951 -3.8147e-07
      vertex 0.15 85 1.9
      vertex 0.15 104.997 -3.8147e-07
    endloop
  endfacet
  facet normal -1 0 0
    outer loop
      vertex 0.15 48.1961 6.2
      vertex 0.15 41.5217 3.00557
      vertex 0.15 41.6 3.5
    endloop
  endfacet
  facet normal -1 0 0
    outer loop
      vertex 0.15 48.1961 6.2
      vertex 0.15 41.2944 2.55954
      vertex 0.15 41.5217 3.00557
    endloop
  endfacet
  facet normal -1 0 0
    outer loop
      vertex 0.15 48.1961 6.2
      vertex 0.15 40.9405 2.20557
      vertex 0.15 41.2944 2.55954
    endloop
  endfacet
  facet normal -1 0 0
    outer loop
      vertex 0.15 84.5056 1.97831
      vertex 0.15 40.4944 1.97831
      vertex 0.15 40.9405 2.20557
    endloop
  endfacet
  facet normal -1 0 0
    outer loop
      vertex 0.15 85 1.9
      vertex 0.15 40 1.9
      vertex 0.15 40.4944 1.97831
    endloop
  endfacet
  facet normal -1 0 0
    outer loop
      vertex 0.15 25.1951 3
      vertex 0.15 38.4783 3.00557
      vertex 0.15 25.1951 -3.8147e-07
    endloop
  endfacet
  facet normal -1 -0 0
    outer loop
      vertex 0.15 38.7056 2.55954
      vertex 0.15 25.1951 -3.8147e-07
      vertex 0.15 38.4783 3.00557
    endloop
  endfacet
  facet normal -1 -0 0
    outer loop
      vertex 0.15 39.0595 2.20557
      vertex 0.15 25.1951 -3.8147e-07
      vertex 0.15 38.7056 2.55954
    endloop
  endfacet
  facet normal -1 -0 0
    outer loop
      vertex 0.15 39.5056 1.97831
      vertex 0.15 25.1951 -3.8147e-07
      vertex 0.15 39.0595 2.20557
    endloop
  endfacet
  facet normal -1 -0 0
    outer loop
      vertex 0.15 40 1.9
      vertex 0.15 25.1951 -3.8147e-07
      vertex 0.15 39.5056 1.97831
    endloop
  endfacet
  facet normal -1 -0 0
    outer loop
      vertex 0.15 85 1.9
      vertex 0.15 25.1951 -3.8147e-07
      vertex 0.15 40 1.9
    endloop
  endfacet
  facet normal -1 -0 0
    outer loop
      vertex 0.15 104.397 8.5
      vertex 0.15 100.997 7
      vertex 0.15 100.997 8.5
    endloop
  endfacet
  facet normal -1 0 0
    outer loop
      vertex 0.15 86.5217 3.99443
      vertex 0.15 100.997 7
      vertex 0.15 86.6 3.5
    endloop
  endfacet
  facet normal -1 0 0
    outer loop
      vertex 0.15 86.2944 4.44046
      vertex 0.15 100.997 7
      vertex 0.15 86.5217 3.99443
    endloop
  endfacet
  facet normal -1 0 0
    outer loop
      vertex 0.15 85.9405 4.79443
      vertex 0.15 100.997 7
      vertex 0.15 86.2944 4.44046
    endloop
  endfacet
  facet normal -1 0 0
    outer loop
      vertex 0.15 85.4944 5.02169
      vertex 0.15 100.997 7
      vertex 0.15 85.9405 4.79443
    endloop
  endfacet
  facet normal -1 0 0
    outer loop
      vertex 0.15 85 5.1
      vertex 0.15 100.997 7
      vertex 0.15 85.4944 5.02169
    endloop
  endfacet
  facet normal -1 0 0
    outer loop
      vertex 0.15 48.1961 6.2
      vertex 0.15 83.4783 3.99443
      vertex 0.15 83.4 3.5
    endloop
  endfacet
  facet normal -1 0 0
    outer loop
      vertex 0.15 48.1961 7
      vertex 0.15 83.4783 3.99443
      vertex 0.15 48.1961 6.2
    endloop
  endfacet
  facet normal -1 0 0
    outer loop
      vertex 0.15 83.4783 3.99443
      vertex 0.15 48.1961 7
      vertex 0.15 83.7056 4.44046
    endloop
  endfacet
  facet normal -1 0 0
    outer loop
      vertex 0.15 83.7056 4.44046
      vertex 0.15 48.1961 7
      vertex 0.15 84.0595 4.79443
    endloop
  endfacet
  facet normal -1 0 0
    outer loop
      vertex 0.15 84.0595 4.79443
      vertex 0.15 48.1961 7
      vertex 0.15 84.5056 5.02169
    endloop
  endfacet
  facet normal -1 0 0
    outer loop
      vertex 0.15 84.5056 5.02169
      vertex 0.15 48.1961 7
      vertex 0.15 85 5.1
    endloop
  endfacet
  facet normal -1 0 0
    outer loop
      vertex 0.15 85 5.1
      vertex 0.15 48.1961 7
      vertex 0.15 100.997 7
    endloop
  endfacet
  facet normal -1 0 0
    outer loop
      vertex 0.15 41.5217 3.99443
      vertex 0.15 48.1961 6.2
      vertex 0.15 41.6 3.5
    endloop
  endfacet
  facet normal -1 0 0
    outer loop
      vertex 0.15 41.2944 4.44046
      vertex 0.15 48.1961 6.2
      vertex 0.15 41.5217 3.99443
    endloop
  endfacet
  facet normal -1 0 0
    outer loop
      vertex 0.15 40.9405 4.79443
      vertex 0.15 48.1961 6.2
      vertex 0.15 41.2944 4.44046
    endloop
  endfacet
  facet normal -1 0 0
    outer loop
      vertex 0.15 40.4944 5.02169
      vertex 0.15 48.1961 6.2
      vertex 0.15 40.9405 4.79443
    endloop
  endfacet
  facet normal -1 0 0
    outer loop
      vertex 0.15 40 5.1
      vertex 0.15 48.1961 6.2
      vertex 0.15 40.4944 5.02169
    endloop
  endfacet
  facet normal -1 -0 0
    outer loop
      vertex 0.15 38.4783 3.00557
      vertex 0.15 25.1951 3
      vertex 0.15 38.4 3.5
    endloop
  endfacet
  facet normal -1 -0 0
    outer loop
      vertex 0.15 38.4 3.5
      vertex 0.15 25.1951 3
      vertex 0.15 38.4783 3.99443
    endloop
  endfacet
  facet normal -1 -0 0
    outer loop
      vertex 0.15 38.4783 3.99443
      vertex 0.15 25.1951 3
      vertex 0.15 38.7056 4.44046
    endloop
  endfacet
  facet normal -1 -0 0
    outer loop
      vertex 0.15 38.7056 4.44046
      vertex 0.15 25.1951 3
      vertex 0.15 39.0595 4.79443
    endloop
  endfacet
  facet normal -1 -0 0
    outer loop
      vertex 0.15 39.0595 4.79443
      vertex 0.15 25.1951 3
      vertex 0.15 39.5056 5.02169
    endloop
  endfacet
  facet normal -1 0 0
    outer loop
      vertex 0.15 11.2 6.2
      vertex 0.15 39.5056 5.02169
      vertex 0.15 25.1951 3
    endloop
  endfacet
  facet normal -1 0 0
    outer loop
      vertex 0.15 11.2 6.2
      vertex 0.15 25.1951 3
      vertex 0.15 11.2 3
    endloop
  endfacet
  facet normal -1 0 0
    outer loop
      vertex 0.15 39.5056 5.02169
      vertex 0.15 11.2 6.2
      vertex 0.15 40 5.1
    endloop
  endfacet
  facet normal -1 0 0
    outer loop
      vertex 0.15 40 5.1
      vertex 0.15 11.2 6.2
      vertex 0.15 48.1961 6.2
    endloop
  endfacet
  facet normal -0 0.453928 0.891038
    outer loop
      vertex 0.15 -85.4944 1.97831
      vertex 12 -85.9405 2.20557
      vertex 12 -85.4944 1.97831
    endloop
  endfacet
  facet normal 0 0.453928 0.891038
    outer loop
      vertex 12 -85.9405 2.20557
      vertex 0.15 -85.4944 1.97831
      vertex 0.15 -85.9405 2.20557
    endloop
  endfacet
  facet normal 0 -0.156444 -0.987687
    outer loop
      vertex 0.15 -85 5.1
      vertex 12 -84.5056 5.02169
      vertex 12 -85 5.1
    endloop
  endfacet
  facet normal -0 -0.156444 -0.987687
    outer loop
      vertex 12 -84.5056 5.02169
      vertex 0.15 -85 5.1
      vertex 0.15 -84.5056 5.02169
    endloop
  endfacet
  facet normal 0 0.707177 -0.707037
    outer loop
      vertex 12 -86.2944 4.44046
      vertex 0.15 -85.9405 4.79443
      vertex 12 -85.9405 4.79443
    endloop
  endfacet
  facet normal 0 0.707177 -0.707037
    outer loop
      vertex 0.15 -85.9405 4.79443
      vertex 12 -86.2944 4.44046
      vertex 0.15 -86.2944 4.44046
    endloop
  endfacet
  facet normal 0 -0.707177 -0.707037
    outer loop
      vertex 0.15 -83.7056 4.44046
      vertex 12 -84.0595 4.79443
      vertex 0.15 -84.0595 4.79443
    endloop
  endfacet
  facet normal 0 -0.707177 -0.707037
    outer loop
      vertex 12 -84.0595 4.79443
      vertex 0.15 -83.7056 4.44046
      vertex 12 -83.7056 4.44046
    endloop
  endfacet
  facet normal 0 0.156444 -0.987687
    outer loop
      vertex 0.15 -85.4944 5.02169
      vertex 12 -85 5.1
      vertex 12 -85.4944 5.02169
    endloop
  endfacet
  facet normal 0 0.156444 -0.987687
    outer loop
      vertex 12 -85 5.1
      vertex 0.15 -85.4944 5.02169
      vertex 0.15 -85 5.1
    endloop
  endfacet
  facet normal 0 -0.156444 0.987687
    outer loop
      vertex 0.15 -84.5056 1.97831
      vertex 12 -85 1.9
      vertex 12 -84.5056 1.97831
    endloop
  endfacet
  facet normal 0 -0.156444 0.987687
    outer loop
      vertex 12 -85 1.9
      vertex 0.15 -84.5056 1.97831
      vertex 0.15 -85 1.9
    endloop
  endfacet
  facet normal 0 -0.987691 -0.156415
    outer loop
      vertex 0.15 -83.4 3.5
      vertex 12 -83.4783 3.99443
      vertex 0.15 -83.4783 3.99443
    endloop
  endfacet
  facet normal 0 -0.987691 -0.156415
    outer loop
      vertex 12 -83.4783 3.99443
      vertex 0.15 -83.4 3.5
      vertex 12 -83.4 3.5
    endloop
  endfacet
  facet normal 0 -0.987691 0.156415
    outer loop
      vertex 0.15 -83.4783 3.00557
      vertex 12 -83.4 3.5
      vertex 0.15 -83.4 3.5
    endloop
  endfacet
  facet normal 0 -0.987691 0.156415
    outer loop
      vertex 12 -83.4 3.5
      vertex 0.15 -83.4783 3.00557
      vertex 12 -83.4783 3.00557
    endloop
  endfacet
  facet normal -0 0.156444 0.987687
    outer loop
      vertex 0.15 -85 1.9
      vertex 12 -85.4944 1.97831
      vertex 12 -85 1.9
    endloop
  endfacet
  facet normal 0 0.156444 0.987687
    outer loop
      vertex 12 -85.4944 1.97831
      vertex 0.15 -85 1.9
      vertex 0.15 -85.4944 1.97831
    endloop
  endfacet
  facet normal 0 0.890977 -0.454048
    outer loop
      vertex 12 -86.5217 3.99443
      vertex 0.15 -86.2944 4.44046
      vertex 12 -86.2944 4.44046
    endloop
  endfacet
  facet normal 0 0.890977 -0.454048
    outer loop
      vertex 0.15 -86.2944 4.44046
      vertex 12 -86.5217 3.99443
      vertex 0.15 -86.5217 3.99443
    endloop
  endfacet
  facet normal 0 0.890977 0.454048
    outer loop
      vertex 12 -86.2944 2.55954
      vertex 0.15 -86.5217 3.00557
      vertex 12 -86.5217 3.00557
    endloop
  endfacet
  facet normal 0 0.890977 0.454048
    outer loop
      vertex 0.15 -86.5217 3.00557
      vertex 12 -86.2944 2.55954
      vertex 0.15 -86.2944 2.55954
    endloop
  endfacet
  facet normal -1 0 0
    outer loop
      vertex 12 -83.4783 3.00557
      vertex 12 -83.4783 3.99443
      vertex 12 -83.4 3.5
    endloop
  endfacet
  facet normal -1 0 0
    outer loop
      vertex 12 -83.7056 2.55954
      vertex 12 -83.4783 3.99443
      vertex 12 -83.4783 3.00557
    endloop
  endfacet
  facet normal -1 0 0
    outer loop
      vertex 12 -83.7056 2.55954
      vertex 12 -83.7056 4.44046
      vertex 12 -83.4783 3.99443
    endloop
  endfacet
  facet normal -1 0 0
    outer loop
      vertex 12 -84.0595 2.20557
      vertex 12 -83.7056 4.44046
      vertex 12 -83.7056 2.55954
    endloop
  endfacet
  facet normal -1 0 0
    outer loop
      vertex 12 -84.0595 2.20557
      vertex 12 -84.0595 4.79443
      vertex 12 -83.7056 4.44046
    endloop
  endfacet
  facet normal -1 0 0
    outer loop
      vertex 12 -84.5056 1.97831
      vertex 12 -84.0595 4.79443
      vertex 12 -84.0595 2.20557
    endloop
  endfacet
  facet normal -1 0 0
    outer loop
      vertex 12 -84.5056 1.97831
      vertex 12 -84.5056 5.02169
      vertex 12 -84.0595 4.79443
    endloop
  endfacet
  facet normal -1 0 0
    outer loop
      vertex 12 -85 1.9
      vertex 12 -84.5056 5.02169
      vertex 12 -84.5056 1.97831
    endloop
  endfacet
  facet normal -1 0 0
    outer loop
      vertex 12 -85 1.9
      vertex 12 -85 5.1
      vertex 12 -84.5056 5.02169
    endloop
  endfacet
  facet normal -1 0 0
    outer loop
      vertex 12 -85.4944 1.97831
      vertex 12 -85 5.1
      vertex 12 -85 1.9
    endloop
  endfacet
  facet normal -1 0 0
    outer loop
      vertex 12 -85.4944 1.97831
      vertex 12 -85.4944 5.02169
      vertex 12 -85 5.1
    endloop
  endfacet
  facet normal -1 0 0
    outer loop
      vertex 12 -85.9405 2.20557
      vertex 12 -85.4944 5.02169
      vertex 12 -85.4944 1.97831
    endloop
  endfacet
  facet normal -1 0 0
    outer loop
      vertex 12 -85.9405 2.20557
      vertex 12 -85.9405 4.79443
      vertex 12 -85.4944 5.02169
    endloop
  endfacet
  facet normal -1 0 0
    outer loop
      vertex 12 -86.2944 2.55954
      vertex 12 -85.9405 4.79443
      vertex 12 -85.9405 2.20557
    endloop
  endfacet
  facet normal -1 0 0
    outer loop
      vertex 12 -86.2944 2.55954
      vertex 12 -86.2944 4.44046
      vertex 12 -85.9405 4.79443
    endloop
  endfacet
  facet normal -1 0 0
    outer loop
      vertex 12 -86.5217 3.00557
      vertex 12 -86.2944 4.44046
      vertex 12 -86.2944 2.55954
    endloop
  endfacet
  facet normal -1 0 0
    outer loop
      vertex 12 -86.5217 3.00557
      vertex 12 -86.5217 3.99443
      vertex 12 -86.2944 4.44046
    endloop
  endfacet
  facet normal -1 0 -0
    outer loop
      vertex 12 -86.5217 3.99443
      vertex 12 -86.5217 3.00557
      vertex 12 -86.6 3.5
    endloop
  endfacet
  facet normal 0 0.707177 0.707037
    outer loop
      vertex 12 -85.9405 2.20557
      vertex 0.15 -86.2944 2.55954
      vertex 12 -86.2944 2.55954
    endloop
  endfacet
  facet normal 0 0.707177 0.707037
    outer loop
      vertex 0.15 -86.2944 2.55954
      vertex 12 -85.9405 2.20557
      vertex 0.15 -85.9405 2.20557
    endloop
  endfacet
  facet normal 0 -0.453928 0.891038
    outer loop
      vertex 0.15 -84.0595 2.20557
      vertex 12 -84.5056 1.97831
      vertex 12 -84.0595 2.20557
    endloop
  endfacet
  facet normal 0 -0.453928 0.891038
    outer loop
      vertex 12 -84.5056 1.97831
      vertex 0.15 -84.0595 2.20557
      vertex 0.15 -84.5056 1.97831
    endloop
  endfacet
  facet normal 0 -0.890977 -0.454048
    outer loop
      vertex 0.15 -83.4783 3.99443
      vertex 12 -83.7056 4.44046
      vertex 0.15 -83.7056 4.44046
    endloop
  endfacet
  facet normal 0 -0.890977 -0.454048
    outer loop
      vertex 12 -83.7056 4.44046
      vertex 0.15 -83.4783 3.99443
      vertex 12 -83.4783 3.99443
    endloop
  endfacet
  facet normal 0 -0.453928 -0.891038
    outer loop
      vertex 0.15 -84.5056 5.02169
      vertex 12 -84.0595 4.79443
      vertex 12 -84.5056 5.02169
    endloop
  endfacet
  facet normal -0 -0.453928 -0.891038
    outer loop
      vertex 12 -84.0595 4.79443
      vertex 0.15 -84.5056 5.02169
      vertex 0.15 -84.0595 4.79443
    endloop
  endfacet
  facet normal 0 0.987691 -0.156415
    outer loop
      vertex 12 -86.6 3.5
      vertex 0.15 -86.5217 3.99443
      vertex 12 -86.5217 3.99443
    endloop
  endfacet
  facet normal 0 0.987691 -0.156415
    outer loop
      vertex 0.15 -86.5217 3.99443
      vertex 12 -86.6 3.5
      vertex 0.15 -86.6 3.5
    endloop
  endfacet
  facet normal 0 -0.890977 0.454048
    outer loop
      vertex 0.15 -83.7056 2.55954
      vertex 12 -83.4783 3.00557
      vertex 0.15 -83.4783 3.00557
    endloop
  endfacet
  facet normal 0 -0.890977 0.454048
    outer loop
      vertex 12 -83.4783 3.00557
      vertex 0.15 -83.7056 2.55954
      vertex 12 -83.7056 2.55954
    endloop
  endfacet
  facet normal 0 0.987691 0.156415
    outer loop
      vertex 12 -86.5217 3.00557
      vertex 0.15 -86.6 3.5
      vertex 12 -86.6 3.5
    endloop
  endfacet
  facet normal 0 0.987691 0.156415
    outer loop
      vertex 0.15 -86.6 3.5
      vertex 12 -86.5217 3.00557
      vertex 0.15 -86.5217 3.00557
    endloop
  endfacet
  facet normal 0 -0.707177 0.707037
    outer loop
      vertex 0.15 -84.0595 2.20557
      vertex 12 -83.7056 2.55954
      vertex 0.15 -83.7056 2.55954
    endloop
  endfacet
  facet normal 0 -0.707177 0.707037
    outer loop
      vertex 12 -83.7056 2.55954
      vertex 0.15 -84.0595 2.20557
      vertex 12 -84.0595 2.20557
    endloop
  endfacet
  facet normal 0 0.453928 -0.891038
    outer loop
      vertex 0.15 -85.9405 4.79443
      vertex 12 -85.4944 5.02169
      vertex 12 -85.9405 4.79443
    endloop
  endfacet
  facet normal 0 0.453928 -0.891038
    outer loop
      vertex 12 -85.4944 5.02169
      vertex 0.15 -85.9405 4.79443
      vertex 0.15 -85.4944 5.02169
    endloop
  endfacet
  facet normal -0 0.453928 0.891038
    outer loop
      vertex 0.15 -40.4944 1.97831
      vertex 12 -40.9405 2.20557
      vertex 12 -40.4944 1.97831
    endloop
  endfacet
  facet normal 0 0.453928 0.891038
    outer loop
      vertex 12 -40.9405 2.20557
      vertex 0.15 -40.4944 1.97831
      vertex 0.15 -40.9405 2.20557
    endloop
  endfacet
  facet normal 0 -0.156444 -0.987687
    outer loop
      vertex 0.15 -40 5.1
      vertex 12 -39.5056 5.02169
      vertex 12 -40 5.1
    endloop
  endfacet
  facet normal -0 -0.156444 -0.987687
    outer loop
      vertex 12 -39.5056 5.02169
      vertex 0.15 -40 5.1
      vertex 0.15 -39.5056 5.02169
    endloop
  endfacet
  facet normal 0 0.707177 -0.707037
    outer loop
      vertex 12 -41.2944 4.44046
      vertex 0.15 -40.9405 4.79443
      vertex 12 -40.9405 4.79443
    endloop
  endfacet
  facet normal 0 0.707177 -0.707037
    outer loop
      vertex 0.15 -40.9405 4.79443
      vertex 12 -41.2944 4.44046
      vertex 0.15 -41.2944 4.44046
    endloop
  endfacet
  facet normal 0 -0.707177 -0.707037
    outer loop
      vertex 0.15 -38.7056 4.44046
      vertex 12 -39.0595 4.79443
      vertex 0.15 -39.0595 4.79443
    endloop
  endfacet
  facet normal 0 -0.707177 -0.707037
    outer loop
      vertex 12 -39.0595 4.79443
      vertex 0.15 -38.7056 4.44046
      vertex 12 -38.7056 4.44046
    endloop
  endfacet
  facet normal 0 0.156444 -0.987687
    outer loop
      vertex 0.15 -40.4944 5.02169
      vertex 12 -40 5.1
      vertex 12 -40.4944 5.02169
    endloop
  endfacet
  facet normal 0 0.156444 -0.987687
    outer loop
      vertex 12 -40 5.1
      vertex 0.15 -40.4944 5.02169
      vertex 0.15 -40 5.1
    endloop
  endfacet
  facet normal 0 -0.156444 0.987687
    outer loop
      vertex 0.15 -39.5056 1.97831
      vertex 12 -40 1.9
      vertex 12 -39.5056 1.97831
    endloop
  endfacet
  facet normal 0 -0.156444 0.987687
    outer loop
      vertex 12 -40 1.9
      vertex 0.15 -39.5056 1.97831
      vertex 0.15 -40 1.9
    endloop
  endfacet
  facet normal 0 -0.987691 -0.156415
    outer loop
      vertex 0.15 -38.4 3.5
      vertex 12 -38.4783 3.99443
      vertex 0.15 -38.4783 3.99443
    endloop
  endfacet
  facet normal 0 -0.987691 -0.156415
    outer loop
      vertex 12 -38.4783 3.99443
      vertex 0.15 -38.4 3.5
      vertex 12 -38.4 3.5
    endloop
  endfacet
  facet normal 0 -0.987691 0.156415
    outer loop
      vertex 0.15 -38.4783 3.00557
      vertex 12 -38.4 3.5
      vertex 0.15 -38.4 3.5
    endloop
  endfacet
  facet normal 0 -0.987691 0.156415
    outer loop
      vertex 12 -38.4 3.5
      vertex 0.15 -38.4783 3.00557
      vertex 12 -38.4783 3.00557
    endloop
  endfacet
  facet normal -0 0.156444 0.987687
    outer loop
      vertex 0.15 -40 1.9
      vertex 12 -40.4944 1.97831
      vertex 12 -40 1.9
    endloop
  endfacet
  facet normal 0 0.156444 0.987687
    outer loop
      vertex 12 -40.4944 1.97831
      vertex 0.15 -40 1.9
      vertex 0.15 -40.4944 1.97831
    endloop
  endfacet
  facet normal 0 0.890977 -0.454048
    outer loop
      vertex 12 -41.5217 3.99443
      vertex 0.15 -41.2944 4.44046
      vertex 12 -41.2944 4.44046
    endloop
  endfacet
  facet normal 0 0.890977 -0.454048
    outer loop
      vertex 0.15 -41.2944 4.44046
      vertex 12 -41.5217 3.99443
      vertex 0.15 -41.5217 3.99443
    endloop
  endfacet
  facet normal 0 0.890977 0.454048
    outer loop
      vertex 12 -41.2944 2.55954
      vertex 0.15 -41.5217 3.00557
      vertex 12 -41.5217 3.00557
    endloop
  endfacet
  facet normal 0 0.890977 0.454048
    outer loop
      vertex 0.15 -41.5217 3.00557
      vertex 12 -41.2944 2.55954
      vertex 0.15 -41.2944 2.55954
    endloop
  endfacet
  facet normal -1 0 0
    outer loop
      vertex 12 -38.4783 3.00557
      vertex 12 -38.4783 3.99443
      vertex 12 -38.4 3.5
    endloop
  endfacet
  facet normal -1 0 0
    outer loop
      vertex 12 -38.7056 2.55954
      vertex 12 -38.4783 3.99443
      vertex 12 -38.4783 3.00557
    endloop
  endfacet
  facet normal -1 0 0
    outer loop
      vertex 12 -38.7056 2.55954
      vertex 12 -38.7056 4.44046
      vertex 12 -38.4783 3.99443
    endloop
  endfacet
  facet normal -1 0 0
    outer loop
      vertex 12 -39.0595 2.20557
      vertex 12 -38.7056 4.44046
      vertex 12 -38.7056 2.55954
    endloop
  endfacet
  facet normal -1 0 0
    outer loop
      vertex 12 -39.0595 2.20557
      vertex 12 -39.0595 4.79443
      vertex 12 -38.7056 4.44046
    endloop
  endfacet
  facet normal -1 0 0
    outer loop
      vertex 12 -39.5056 1.97831
      vertex 12 -39.0595 4.79443
      vertex 12 -39.0595 2.20557
    endloop
  endfacet
  facet normal -1 0 0
    outer loop
      vertex 12 -39.5056 1.97831
      vertex 12 -39.5056 5.02169
      vertex 12 -39.0595 4.79443
    endloop
  endfacet
  facet normal -1 0 0
    outer loop
      vertex 12 -40 1.9
      vertex 12 -39.5056 5.02169
      vertex 12 -39.5056 1.97831
    endloop
  endfacet
  facet normal -1 0 0
    outer loop
      vertex 12 -40 1.9
      vertex 12 -40 5.1
      vertex 12 -39.5056 5.02169
    endloop
  endfacet
  facet normal -1 0 0
    outer loop
      vertex 12 -40.4944 1.97831
      vertex 12 -40 5.1
      vertex 12 -40 1.9
    endloop
  endfacet
  facet normal -1 0 0
    outer loop
      vertex 12 -40.4944 1.97831
      vertex 12 -40.4944 5.02169
      vertex 12 -40 5.1
    endloop
  endfacet
  facet normal -1 0 0
    outer loop
      vertex 12 -40.9405 2.20557
      vertex 12 -40.4944 5.02169
      vertex 12 -40.4944 1.97831
    endloop
  endfacet
  facet normal -1 0 0
    outer loop
      vertex 12 -40.9405 2.20557
      vertex 12 -40.9405 4.79443
      vertex 12 -40.4944 5.02169
    endloop
  endfacet
  facet normal -1 0 0
    outer loop
      vertex 12 -41.2944 2.55954
      vertex 12 -40.9405 4.79443
      vertex 12 -40.9405 2.20557
    endloop
  endfacet
  facet normal -1 0 0
    outer loop
      vertex 12 -41.2944 2.55954
      vertex 12 -41.2944 4.44046
      vertex 12 -40.9405 4.79443
    endloop
  endfacet
  facet normal -1 0 0
    outer loop
      vertex 12 -41.5217 3.00557
      vertex 12 -41.2944 4.44046
      vertex 12 -41.2944 2.55954
    endloop
  endfacet
  facet normal -1 0 0
    outer loop
      vertex 12 -41.5217 3.00557
      vertex 12 -41.5217 3.99443
      vertex 12 -41.2944 4.44046
    endloop
  endfacet
  facet normal -1 0 -0
    outer loop
      vertex 12 -41.5217 3.99443
      vertex 12 -41.5217 3.00557
      vertex 12 -41.6 3.5
    endloop
  endfacet
  facet normal 0 0.707177 0.707037
    outer loop
      vertex 12 -40.9405 2.20557
      vertex 0.15 -41.2944 2.55954
      vertex 12 -41.2944 2.55954
    endloop
  endfacet
  facet normal 0 0.707177 0.707037
    outer loop
      vertex 0.15 -41.2944 2.55954
      vertex 12 -40.9405 2.20557
      vertex 0.15 -40.9405 2.20557
    endloop
  endfacet
  facet normal 0 -0.453928 0.891038
    outer loop
      vertex 0.15 -39.0595 2.20557
      vertex 12 -39.5056 1.97831
      vertex 12 -39.0595 2.20557
    endloop
  endfacet
  facet normal 0 -0.453928 0.891038
    outer loop
      vertex 12 -39.5056 1.97831
      vertex 0.15 -39.0595 2.20557
      vertex 0.15 -39.5056 1.97831
    endloop
  endfacet
  facet normal 0 -0.890977 -0.454048
    outer loop
      vertex 0.15 -38.4783 3.99443
      vertex 12 -38.7056 4.44046
      vertex 0.15 -38.7056 4.44046
    endloop
  endfacet
  facet normal 0 -0.890977 -0.454048
    outer loop
      vertex 12 -38.7056 4.44046
      vertex 0.15 -38.4783 3.99443
      vertex 12 -38.4783 3.99443
    endloop
  endfacet
  facet normal 0 -0.453928 -0.891038
    outer loop
      vertex 0.15 -39.5056 5.02169
      vertex 12 -39.0595 4.79443
      vertex 12 -39.5056 5.02169
    endloop
  endfacet
  facet normal -0 -0.453928 -0.891038
    outer loop
      vertex 12 -39.0595 4.79443
      vertex 0.15 -39.5056 5.02169
      vertex 0.15 -39.0595 4.79443
    endloop
  endfacet
  facet normal 0 0.987691 -0.156415
    outer loop
      vertex 12 -41.6 3.5
      vertex 0.15 -41.5217 3.99443
      vertex 12 -41.5217 3.99443
    endloop
  endfacet
  facet normal 0 0.987691 -0.156415
    outer loop
      vertex 0.15 -41.5217 3.99443
      vertex 12 -41.6 3.5
      vertex 0.15 -41.6 3.5
    endloop
  endfacet
  facet normal 0 -0.890977 0.454048
    outer loop
      vertex 0.15 -38.7056 2.55954
      vertex 12 -38.4783 3.00557
      vertex 0.15 -38.4783 3.00557
    endloop
  endfacet
  facet normal 0 -0.890977 0.454048
    outer loop
      vertex 12 -38.4783 3.00557
      vertex 0.15 -38.7056 2.55954
      vertex 12 -38.7056 2.55954
    endloop
  endfacet
  facet normal 0 0.987691 0.156415
    outer loop
      vertex 12 -41.5217 3.00557
      vertex 0.15 -41.6 3.5
      vertex 12 -41.6 3.5
    endloop
  endfacet
  facet normal 0 0.987691 0.156415
    outer loop
      vertex 0.15 -41.6 3.5
      vertex 12 -41.5217 3.00557
      vertex 0.15 -41.5217 3.00557
    endloop
  endfacet
  facet normal 0 -0.707177 0.707037
    outer loop
      vertex 0.15 -39.0595 2.20557
      vertex 12 -38.7056 2.55954
      vertex 0.15 -38.7056 2.55954
    endloop
  endfacet
  facet normal 0 -0.707177 0.707037
    outer loop
      vertex 12 -38.7056 2.55954
      vertex 0.15 -39.0595 2.20557
      vertex 12 -39.0595 2.20557
    endloop
  endfacet
  facet normal 0 0.453928 -0.891038
    outer loop
      vertex 0.15 -40.9405 4.79443
      vertex 12 -40.4944 5.02169
      vertex 12 -40.9405 4.79443
    endloop
  endfacet
  facet normal 0 0.453928 -0.891038
    outer loop
      vertex 12 -40.4944 5.02169
      vertex 0.15 -40.9405 4.79443
      vertex 0.15 -40.4944 5.02169
    endloop
  endfacet
  facet normal 0 0.987691 0.156415
    outer loop
      vertex 12 38.4783 3.00557
      vertex 0.15 38.4 3.5
      vertex 12 38.4 3.5
    endloop
  endfacet
  facet normal 0 0.987691 0.156415
    outer loop
      vertex 0.15 38.4 3.5
      vertex 12 38.4783 3.00557
      vertex 0.15 38.4783 3.00557
    endloop
  endfacet
  facet normal 0 0.156444 -0.987687
    outer loop
      vertex 0.15 39.5056 5.02169
      vertex 12 40 5.1
      vertex 12 39.5056 5.02169
    endloop
  endfacet
  facet normal 0 0.156444 -0.987687
    outer loop
      vertex 12 40 5.1
      vertex 0.15 39.5056 5.02169
      vertex 0.15 40 5.1
    endloop
  endfacet
  facet normal 0 -0.987691 -0.156415
    outer loop
      vertex 0.15 41.6 3.5
      vertex 12 41.5217 3.99443
      vertex 0.15 41.5217 3.99443
    endloop
  endfacet
  facet normal 0 -0.987691 -0.156415
    outer loop
      vertex 12 41.5217 3.99443
      vertex 0.15 41.6 3.5
      vertex 12 41.6 3.5
    endloop
  endfacet
  facet normal 0 -0.707177 -0.707037
    outer loop
      vertex 0.15 41.2944 4.44046
      vertex 12 40.9405 4.79443
      vertex 0.15 40.9405 4.79443
    endloop
  endfacet
  facet normal 0 -0.707177 -0.707037
    outer loop
      vertex 12 40.9405 4.79443
      vertex 0.15 41.2944 4.44046
      vertex 12 41.2944 4.44046
    endloop
  endfacet
  facet normal 0 -0.156444 0.987687
    outer loop
      vertex 0.15 40.4944 1.97831
      vertex 12 40 1.9
      vertex 12 40.4944 1.97831
    endloop
  endfacet
  facet normal 0 -0.156444 0.987687
    outer loop
      vertex 12 40 1.9
      vertex 0.15 40.4944 1.97831
      vertex 0.15 40 1.9
    endloop
  endfacet
  facet normal 0 -0.890977 0.454048
    outer loop
      vertex 0.15 41.2944 2.55954
      vertex 12 41.5217 3.00557
      vertex 0.15 41.5217 3.00557
    endloop
  endfacet
  facet normal 0 -0.890977 0.454048
    outer loop
      vertex 12 41.5217 3.00557
      vertex 0.15 41.2944 2.55954
      vertex 12 41.2944 2.55954
    endloop
  endfacet
  facet normal -0 0.453928 0.891038
    outer loop
      vertex 0.15 39.5056 1.97831
      vertex 12 39.0595 2.20557
      vertex 12 39.5056 1.97831
    endloop
  endfacet
  facet normal 0 0.453928 0.891038
    outer loop
      vertex 12 39.0595 2.20557
      vertex 0.15 39.5056 1.97831
      vertex 0.15 39.0595 2.20557
    endloop
  endfacet
  facet normal 0 -0.987691 0.156415
    outer loop
      vertex 0.15 41.5217 3.00557
      vertex 12 41.6 3.5
      vertex 0.15 41.6 3.5
    endloop
  endfacet
  facet normal 0 -0.987691 0.156415
    outer loop
      vertex 12 41.6 3.5
      vertex 0.15 41.5217 3.00557
      vertex 12 41.5217 3.00557
    endloop
  endfacet
  facet normal 0 0.890977 -0.454048
    outer loop
      vertex 12 38.4783 3.99443
      vertex 0.15 38.7056 4.44046
      vertex 12 38.7056 4.44046
    endloop
  endfacet
  facet normal 0 0.890977 -0.454048
    outer loop
      vertex 0.15 38.7056 4.44046
      vertex 12 38.4783 3.99443
      vertex 0.15 38.4783 3.99443
    endloop
  endfacet
  facet normal 0 0.890977 0.454048
    outer loop
      vertex 12 38.7056 2.55954
      vertex 0.15 38.4783 3.00557
      vertex 12 38.4783 3.00557
    endloop
  endfacet
  facet normal 0 0.890977 0.454048
    outer loop
      vertex 0.15 38.4783 3.00557
      vertex 12 38.7056 2.55954
      vertex 0.15 38.7056 2.55954
    endloop
  endfacet
  facet normal 0 -0.453928 0.891038
    outer loop
      vertex 0.15 40.9405 2.20557
      vertex 12 40.4944 1.97831
      vertex 12 40.9405 2.20557
    endloop
  endfacet
  facet normal 0 -0.453928 0.891038
    outer loop
      vertex 12 40.4944 1.97831
      vertex 0.15 40.9405 2.20557
      vertex 0.15 40.4944 1.97831
    endloop
  endfacet
  facet normal -1 0 0
    outer loop
      vertex 12 41.5217 3.00557
      vertex 12 41.5217 3.99443
      vertex 12 41.6 3.5
    endloop
  endfacet
  facet normal -1 0 0
    outer loop
      vertex 12 41.2944 2.55954
      vertex 12 41.5217 3.99443
      vertex 12 41.5217 3.00557
    endloop
  endfacet
  facet normal -1 0 0
    outer loop
      vertex 12 41.2944 2.55954
      vertex 12 41.2944 4.44046
      vertex 12 41.5217 3.99443
    endloop
  endfacet
  facet normal -1 0 0
    outer loop
      vertex 12 40.9405 2.20557
      vertex 12 41.2944 4.44046
      vertex 12 41.2944 2.55954
    endloop
  endfacet
  facet normal -1 0 0
    outer loop
      vertex 12 40.9405 2.20557
      vertex 12 40.9405 4.79443
      vertex 12 41.2944 4.44046
    endloop
  endfacet
  facet normal -1 0 0
    outer loop
      vertex 12 40.4944 1.97831
      vertex 12 40.9405 4.79443
      vertex 12 40.9405 2.20557
    endloop
  endfacet
  facet normal -1 0 0
    outer loop
      vertex 12 40.4944 1.97831
      vertex 12 40.4944 5.02169
      vertex 12 40.9405 4.79443
    endloop
  endfacet
  facet normal -1 0 0
    outer loop
      vertex 12 40 1.9
      vertex 12 40.4944 5.02169
      vertex 12 40.4944 1.97831
    endloop
  endfacet
  facet normal -1 0 0
    outer loop
      vertex 12 40 1.9
      vertex 12 40 5.1
      vertex 12 40.4944 5.02169
    endloop
  endfacet
  facet normal -1 0 0
    outer loop
      vertex 12 39.5056 1.97831
      vertex 12 40 5.1
      vertex 12 40 1.9
    endloop
  endfacet
  facet normal -1 0 0
    outer loop
      vertex 12 39.5056 1.97831
      vertex 12 39.5056 5.02169
      vertex 12 40 5.1
    endloop
  endfacet
  facet normal -1 0 0
    outer loop
      vertex 12 39.0595 2.20557
      vertex 12 39.5056 5.02169
      vertex 12 39.5056 1.97831
    endloop
  endfacet
  facet normal -1 0 0
    outer loop
      vertex 12 39.0595 2.20557
      vertex 12 39.0595 4.79443
      vertex 12 39.5056 5.02169
    endloop
  endfacet
  facet normal -1 0 0
    outer loop
      vertex 12 38.7056 2.55954
      vertex 12 39.0595 4.79443
      vertex 12 39.0595 2.20557
    endloop
  endfacet
  facet normal -1 0 0
    outer loop
      vertex 12 38.7056 2.55954
      vertex 12 38.7056 4.44046
      vertex 12 39.0595 4.79443
    endloop
  endfacet
  facet normal -1 0 0
    outer loop
      vertex 12 38.4783 3.00557
      vertex 12 38.7056 4.44046
      vertex 12 38.7056 2.55954
    endloop
  endfacet
  facet normal -1 0 0
    outer loop
      vertex 12 38.4783 3.00557
      vertex 12 38.4783 3.99443
      vertex 12 38.7056 4.44046
    endloop
  endfacet
  facet normal -1 0 -0
    outer loop
      vertex 12 38.4783 3.99443
      vertex 12 38.4783 3.00557
      vertex 12 38.4 3.5
    endloop
  endfacet
  facet normal 0 0.453928 -0.891038
    outer loop
      vertex 0.15 39.0595 4.79443
      vertex 12 39.5056 5.02169
      vertex 12 39.0595 4.79443
    endloop
  endfacet
  facet normal 0 0.453928 -0.891038
    outer loop
      vertex 12 39.5056 5.02169
      vertex 0.15 39.0595 4.79443
      vertex 0.15 39.5056 5.02169
    endloop
  endfacet
  facet normal 0 -0.890977 -0.454048
    outer loop
      vertex 0.15 41.5217 3.99443
      vertex 12 41.2944 4.44046
      vertex 0.15 41.2944 4.44046
    endloop
  endfacet
  facet normal 0 -0.890977 -0.454048
    outer loop
      vertex 12 41.2944 4.44046
      vertex 0.15 41.5217 3.99443
      vertex 12 41.5217 3.99443
    endloop
  endfacet
  facet normal -0 0.156444 0.987687
    outer loop
      vertex 0.15 40 1.9
      vertex 12 39.5056 1.97831
      vertex 12 40 1.9
    endloop
  endfacet
  facet normal 0 0.156444 0.987687
    outer loop
      vertex 12 39.5056 1.97831
      vertex 0.15 40 1.9
      vertex 0.15 39.5056 1.97831
    endloop
  endfacet
  facet normal 0 0.987691 -0.156415
    outer loop
      vertex 12 38.4 3.5
      vertex 0.15 38.4783 3.99443
      vertex 12 38.4783 3.99443
    endloop
  endfacet
  facet normal 0 0.987691 -0.156415
    outer loop
      vertex 0.15 38.4783 3.99443
      vertex 12 38.4 3.5
      vertex 0.15 38.4 3.5
    endloop
  endfacet
  facet normal 0 0.707177 0.707037
    outer loop
      vertex 12 39.0595 2.20557
      vertex 0.15 38.7056 2.55954
      vertex 12 38.7056 2.55954
    endloop
  endfacet
  facet normal 0 0.707177 0.707037
    outer loop
      vertex 0.15 38.7056 2.55954
      vertex 12 39.0595 2.20557
      vertex 0.15 39.0595 2.20557
    endloop
  endfacet
  facet normal 0 0.707177 -0.707037
    outer loop
      vertex 12 38.7056 4.44046
      vertex 0.15 39.0595 4.79443
      vertex 12 39.0595 4.79443
    endloop
  endfacet
  facet normal 0 0.707177 -0.707037
    outer loop
      vertex 0.15 39.0595 4.79443
      vertex 12 38.7056 4.44046
      vertex 0.15 38.7056 4.44046
    endloop
  endfacet
  facet normal 0 -0.156444 -0.987687
    outer loop
      vertex 0.15 40 5.1
      vertex 12 40.4944 5.02169
      vertex 12 40 5.1
    endloop
  endfacet
  facet normal -0 -0.156444 -0.987687
    outer loop
      vertex 12 40.4944 5.02169
      vertex 0.15 40 5.1
      vertex 0.15 40.4944 5.02169
    endloop
  endfacet
  facet normal 0 -0.707177 0.707037
    outer loop
      vertex 0.15 40.9405 2.20557
      vertex 12 41.2944 2.55954
      vertex 0.15 41.2944 2.55954
    endloop
  endfacet
  facet normal 0 -0.707177 0.707037
    outer loop
      vertex 12 41.2944 2.55954
      vertex 0.15 40.9405 2.20557
      vertex 12 40.9405 2.20557
    endloop
  endfacet
  facet normal 0 -0.453928 -0.891038
    outer loop
      vertex 0.15 40.4944 5.02169
      vertex 12 40.9405 4.79443
      vertex 12 40.4944 5.02169
    endloop
  endfacet
  facet normal -0 -0.453928 -0.891038
    outer loop
      vertex 12 40.9405 4.79443
      vertex 0.15 40.4944 5.02169
      vertex 0.15 40.9405 4.79443
    endloop
  endfacet
  facet normal 0 0.987691 0.156415
    outer loop
      vertex 12 83.4783 3.00557
      vertex 0.15 83.4 3.5
      vertex 12 83.4 3.5
    endloop
  endfacet
  facet normal 0 0.987691 0.156415
    outer loop
      vertex 0.15 83.4 3.5
      vertex 12 83.4783 3.00557
      vertex 0.15 83.4783 3.00557
    endloop
  endfacet
  facet normal 0 0.156444 -0.987687
    outer loop
      vertex 0.15 84.5056 5.02169
      vertex 12 85 5.1
      vertex 12 84.5056 5.02169
    endloop
  endfacet
  facet normal 0 0.156444 -0.987687
    outer loop
      vertex 12 85 5.1
      vertex 0.15 84.5056 5.02169
      vertex 0.15 85 5.1
    endloop
  endfacet
  facet normal 0 -0.987691 -0.156415
    outer loop
      vertex 0.15 86.6 3.5
      vertex 12 86.5217 3.99443
      vertex 0.15 86.5217 3.99443
    endloop
  endfacet
  facet normal 0 -0.987691 -0.156415
    outer loop
      vertex 12 86.5217 3.99443
      vertex 0.15 86.6 3.5
      vertex 12 86.6 3.5
    endloop
  endfacet
  facet normal 0 -0.707177 -0.707037
    outer loop
      vertex 0.15 86.2944 4.44046
      vertex 12 85.9405 4.79443
      vertex 0.15 85.9405 4.79443
    endloop
  endfacet
  facet normal 0 -0.707177 -0.707037
    outer loop
      vertex 12 85.9405 4.79443
      vertex 0.15 86.2944 4.44046
      vertex 12 86.2944 4.44046
    endloop
  endfacet
  facet normal 0 -0.156444 0.987687
    outer loop
      vertex 0.15 85.4944 1.97831
      vertex 12 85 1.9
      vertex 12 85.4944 1.97831
    endloop
  endfacet
  facet normal 0 -0.156444 0.987687
    outer loop
      vertex 12 85 1.9
      vertex 0.15 85.4944 1.97831
      vertex 0.15 85 1.9
    endloop
  endfacet
  facet normal -0 0.453928 0.891038
    outer loop
      vertex 0.15 84.5056 1.97831
      vertex 12 84.0595 2.20557
      vertex 12 84.5056 1.97831
    endloop
  endfacet
  facet normal 0 0.453928 0.891038
    outer loop
      vertex 12 84.0595 2.20557
      vertex 0.15 84.5056 1.97831
      vertex 0.15 84.0595 2.20557
    endloop
  endfacet
  facet normal 0 -0.987691 0.156415
    outer loop
      vertex 0.15 86.5217 3.00557
      vertex 12 86.6 3.5
      vertex 0.15 86.6 3.5
    endloop
  endfacet
  facet normal 0 -0.987691 0.156415
    outer loop
      vertex 12 86.6 3.5
      vertex 0.15 86.5217 3.00557
      vertex 12 86.5217 3.00557
    endloop
  endfacet
  facet normal 0 0.890977 -0.454048
    outer loop
      vertex 12 83.4783 3.99443
      vertex 0.15 83.7056 4.44046
      vertex 12 83.7056 4.44046
    endloop
  endfacet
  facet normal 0 0.890977 -0.454048
    outer loop
      vertex 0.15 83.7056 4.44046
      vertex 12 83.4783 3.99443
      vertex 0.15 83.4783 3.99443
    endloop
  endfacet
  facet normal 0 0.890977 0.454048
    outer loop
      vertex 12 83.7056 2.55954
      vertex 0.15 83.4783 3.00557
      vertex 12 83.4783 3.00557
    endloop
  endfacet
  facet normal 0 0.890977 0.454048
    outer loop
      vertex 0.15 83.4783 3.00557
      vertex 12 83.7056 2.55954
      vertex 0.15 83.7056 2.55954
    endloop
  endfacet
  facet normal 0 -0.453928 0.891038
    outer loop
      vertex 0.15 85.9405 2.20557
      vertex 12 85.4944 1.97831
      vertex 12 85.9405 2.20557
    endloop
  endfacet
  facet normal 0 -0.453928 0.891038
    outer loop
      vertex 12 85.4944 1.97831
      vertex 0.15 85.9405 2.20557
      vertex 0.15 85.4944 1.97831
    endloop
  endfacet
  facet normal 0 0.453928 -0.891038
    outer loop
      vertex 0.15 84.0595 4.79443
      vertex 12 84.5056 5.02169
      vertex 12 84.0595 4.79443
    endloop
  endfacet
  facet normal 0 0.453928 -0.891038
    outer loop
      vertex 12 84.5056 5.02169
      vertex 0.15 84.0595 4.79443
      vertex 0.15 84.5056 5.02169
    endloop
  endfacet
  facet normal 0 -0.890977 -0.454048
    outer loop
      vertex 0.15 86.5217 3.99443
      vertex 12 86.2944 4.44046
      vertex 0.15 86.2944 4.44046
    endloop
  endfacet
  facet normal 0 -0.890977 -0.454048
    outer loop
      vertex 12 86.2944 4.44046
      vertex 0.15 86.5217 3.99443
      vertex 12 86.5217 3.99443
    endloop
  endfacet
  facet normal -0 0.156444 0.987687
    outer loop
      vertex 0.15 85 1.9
      vertex 12 84.5056 1.97831
      vertex 12 85 1.9
    endloop
  endfacet
  facet normal 0 0.156444 0.987687
    outer loop
      vertex 12 84.5056 1.97831
      vertex 0.15 85 1.9
      vertex 0.15 84.5056 1.97831
    endloop
  endfacet
  facet normal 0 0.987691 -0.156415
    outer loop
      vertex 12 83.4 3.5
      vertex 0.15 83.4783 3.99443
      vertex 12 83.4783 3.99443
    endloop
  endfacet
  facet normal 0 0.987691 -0.156415
    outer loop
      vertex 0.15 83.4783 3.99443
      vertex 12 83.4 3.5
      vertex 0.15 83.4 3.5
    endloop
  endfacet
  facet normal 0 0.707177 0.707037
    outer loop
      vertex 12 84.0595 2.20557
      vertex 0.15 83.7056 2.55954
      vertex 12 83.7056 2.55954
    endloop
  endfacet
  facet normal 0 0.707177 0.707037
    outer loop
      vertex 0.15 83.7056 2.55954
      vertex 12 84.0595 2.20557
      vertex 0.15 84.0595 2.20557
    endloop
  endfacet
  facet normal 0 0.707177 -0.707037
    outer loop
      vertex 12 83.7056 4.44046
      vertex 0.15 84.0595 4.79443
      vertex 12 84.0595 4.79443
    endloop
  endfacet
  facet normal 0 0.707177 -0.707037
    outer loop
      vertex 0.15 84.0595 4.79443
      vertex 12 83.7056 4.44046
      vertex 0.15 83.7056 4.44046
    endloop
  endfacet
  facet normal 0 -0.890977 0.454048
    outer loop
      vertex 0.15 86.2944 2.55954
      vertex 12 86.5217 3.00557
      vertex 0.15 86.5217 3.00557
    endloop
  endfacet
  facet normal 0 -0.890977 0.454048
    outer loop
      vertex 12 86.5217 3.00557
      vertex 0.15 86.2944 2.55954
      vertex 12 86.2944 2.55954
    endloop
  endfacet
  facet normal 0 -0.156444 -0.987687
    outer loop
      vertex 0.15 85 5.1
      vertex 12 85.4944 5.02169
      vertex 12 85 5.1
    endloop
  endfacet
  facet normal -0 -0.156444 -0.987687
    outer loop
      vertex 12 85.4944 5.02169
      vertex 0.15 85 5.1
      vertex 0.15 85.4944 5.02169
    endloop
  endfacet
  facet normal 0 -0.707177 0.707037
    outer loop
      vertex 0.15 85.9405 2.20557
      vertex 12 86.2944 2.55954
      vertex 0.15 86.2944 2.55954
    endloop
  endfacet
  facet normal 0 -0.707177 0.707037
    outer loop
      vertex 12 86.2944 2.55954
      vertex 0.15 85.9405 2.20557
      vertex 12 85.9405 2.20557
    endloop
  endfacet
  facet normal 0 -0.453928 -0.891038
    outer loop
      vertex 0.15 85.4944 5.02169
      vertex 12 85.9405 4.79443
      vertex 12 85.4944 5.02169
    endloop
  endfacet
  facet normal -0 -0.453928 -0.891038
    outer loop
      vertex 12 85.9405 4.79443
      vertex 0.15 85.4944 5.02169
      vertex 0.15 85.9405 4.79443
    endloop
  endfacet
  facet normal -1 0 0
    outer loop
      vertex 12 86.5217 3.00557
      vertex 12 86.5217 3.99443
      vertex 12 86.6 3.5
    endloop
  endfacet
  facet normal -1 0 0
    outer loop
      vertex 12 86.2944 2.55954
      vertex 12 86.5217 3.99443
      vertex 12 86.5217 3.00557
    endloop
  endfacet
  facet normal -1 0 0
    outer loop
      vertex 12 86.2944 2.55954
      vertex 12 86.2944 4.44046
      vertex 12 86.5217 3.99443
    endloop
  endfacet
  facet normal -1 0 0
    outer loop
      vertex 12 85.9405 2.20557
      vertex 12 86.2944 4.44046
      vertex 12 86.2944 2.55954
    endloop
  endfacet
  facet normal -1 0 0
    outer loop
      vertex 12 85.9405 2.20557
      vertex 12 85.9405 4.79443
      vertex 12 86.2944 4.44046
    endloop
  endfacet
  facet normal -1 0 0
    outer loop
      vertex 12 85.4944 1.97831
      vertex 12 85.9405 4.79443
      vertex 12 85.9405 2.20557
    endloop
  endfacet
  facet normal -1 0 0
    outer loop
      vertex 12 85.4944 1.97831
      vertex 12 85.4944 5.02169
      vertex 12 85.9405 4.79443
    endloop
  endfacet
  facet normal -1 0 0
    outer loop
      vertex 12 85 1.9
      vertex 12 85.4944 5.02169
      vertex 12 85.4944 1.97831
    endloop
  endfacet
  facet normal -1 0 0
    outer loop
      vertex 12 85 1.9
      vertex 12 85 5.1
      vertex 12 85.4944 5.02169
    endloop
  endfacet
  facet normal -1 0 0
    outer loop
      vertex 12 84.5056 1.97831
      vertex 12 85 5.1
      vertex 12 85 1.9
    endloop
  endfacet
  facet normal -1 0 0
    outer loop
      vertex 12 84.5056 1.97831
      vertex 12 84.5056 5.02169
      vertex 12 85 5.1
    endloop
  endfacet
  facet normal -1 0 0
    outer loop
      vertex 12 84.0595 2.20557
      vertex 12 84.5056 5.02169
      vertex 12 84.5056 1.97831
    endloop
  endfacet
  facet normal -1 0 0
    outer loop
      vertex 12 84.0595 2.20557
      vertex 12 84.0595 4.79443
      vertex 12 84.5056 5.02169
    endloop
  endfacet
  facet normal -1 0 0
    outer loop
      vertex 12 83.7056 2.55954
      vertex 12 84.0595 4.79443
      vertex 12 84.0595 2.20557
    endloop
  endfacet
  facet normal -1 0 0
    outer loop
      vertex 12 83.7056 2.55954
      vertex 12 83.7056 4.44046
      vertex 12 84.0595 4.79443
    endloop
  endfacet
  facet normal -1 0 0
    outer loop
      vertex 12 83.4783 3.00557
      vertex 12 83.7056 4.44046
      vertex 12 83.7056 2.55954
    endloop
  endfacet
  facet normal -1 0 0
    outer loop
      vertex 12 83.4783 3.00557
      vertex 12 83.4783 3.99443
      vertex 12 83.7056 4.44046
    endloop
  endfacet
  facet normal -1 0 -0
    outer loop
      vertex 12 83.4783 3.99443
      vertex 12 83.4783 3.00557
      vertex 12 83.4 3.5
    endloop
  endfacet
endsolid OpenSCAD_Model
