solid OpenSCAD_Model
  facet normal -0.890902 -0.454196 0
    outer loop
      vertex 19.3753 0.999234 3
      vertex 19.4101 0.930974 4.2
      vertex 19.3753 0.999234 4.21699
    endloop
  endfacet
  facet normal -0.890953 -0.454096 7.10794e-06
    outer loop
      vertex 19.3753 0.999234 3
      vertex 19.563 0.630979 4.2
      vertex 19.4101 0.930974 4.2
    endloop
  endfacet
  facet normal -0.890981 -0.45404 2.8806e-05
    outer loop
      vertex 19.6168 0.525329 3
      vertex 19.563 0.630979 4.2
      vertex 19.3753 0.999234 3
    endloop
  endfacet
  facet normal -0.891114 -0.45378 0
    outer loop
      vertex 19.563 0.630979 4.2
      vertex 19.6168 0.525329 3
      vertex 19.6168 0.525329 4.21132
    endloop
  endfacet
  facet normal -0.98782 -0.155598 0
    outer loop
      vertex 19.6168 0.525329 3
      vertex 19.623 0.485968 4.2
      vertex 19.6168 0.525329 4.21132
    endloop
  endfacet
  facet normal -0.987689 -0.156427 -2.78815e-05
    outer loop
      vertex 19.7 0 3
      vertex 19.623 0.485968 4.2
      vertex 19.6168 0.525329 3
    endloop
  endfacet
  facet normal -0.987679 -0.156494 0
    outer loop
      vertex 19.623 0.485968 4.2
      vertex 19.7 0 3
      vertex 19.7 0 4.2
    endloop
  endfacet
  facet normal -0.707154 -0.70706 4.71976e-05
    outer loop
      vertex 19.0749 1.2997 4.2
      vertex 18.9992 1.37533 3
      vertex 19.2997 1.07487 4.2
    endloop
  endfacet
  facet normal -0.70678 -0.707434 0
    outer loop
      vertex 18.9992 1.37533 3
      vertex 19.0749 1.2997 4.2
      vertex 18.9992 1.37533 4.21699
    endloop
  endfacet
  facet normal -0.707103 -0.707111 2.16871e-05
    outer loop
      vertex 19.3753 0.999234 3
      vertex 19.2997 1.07487 4.2
      vertex 18.9992 1.37533 3
    endloop
  endfacet
  facet normal -0.707275 -0.706938 0
    outer loop
      vertex 19.2997 1.07487 4.2
      vertex 19.3753 0.999234 3
      vertex 19.3753 0.999234 4.21699
    endloop
  endfacet
  facet normal -0.156569 0.987667 0
    outer loop
      vertex 18.5253 -1.6168 3
      vertex 18.486 -1.62303 4.2
      vertex 18.5253 -1.6168 4.21132
    endloop
  endfacet
  facet normal -0.156436 0.987688 4.47966e-06
    outer loop
      vertex 18 -1.7 3
      vertex 18.486 -1.62303 4.2
      vertex 18.5253 -1.6168 3
    endloop
  endfacet
  facet normal -0.156425 0.98769 0
    outer loop
      vertex 18.486 -1.62303 4.2
      vertex 18 -1.7 3
      vertex 18 -1.7 4.2
    endloop
  endfacet
  facet normal 0.453972 -0.891016 2.38347e-05
    outer loop
      vertex 17.069 1.41011 4.2
      vertex 17.0008 1.37533 3
      vertex 17.369 1.56296 4.2
    endloop
  endfacet
  facet normal 0.454305 -0.890846 0
    outer loop
      vertex 17.0008 1.37533 3
      vertex 17.069 1.41011 4.2
      vertex 17.0008 1.37533 4.21699
    endloop
  endfacet
  facet normal 0.453999 -0.891002 1.34791e-05
    outer loop
      vertex 17.4747 1.6168 3
      vertex 17.369 1.56296 4.2
      vertex 17.0008 1.37533 3
    endloop
  endfacet
  facet normal 0.453878 -0.891064 0
    outer loop
      vertex 17.369 1.56296 4.2
      vertex 17.4747 1.6168 3
      vertex 17.4747 1.6168 4.21132
    endloop
  endfacet
  facet normal -0.453972 0.891016 2.38347e-05
    outer loop
      vertex 18.931 -1.41011 4.2
      vertex 18.9992 -1.37533 3
      vertex 18.631 -1.56296 4.2
    endloop
  endfacet
  facet normal -0.454305 0.890846 0
    outer loop
      vertex 18.9992 -1.37533 3
      vertex 18.931 -1.41011 4.2
      vertex 18.9992 -1.37533 4.21699
    endloop
  endfacet
  facet normal -0.453999 0.891002 1.34791e-05
    outer loop
      vertex 18.5253 -1.6168 3
      vertex 18.631 -1.56296 4.2
      vertex 18.9992 -1.37533 3
    endloop
  endfacet
  facet normal -0.453878 0.891064 0
    outer loop
      vertex 18.631 -1.56296 4.2
      vertex 18.5253 -1.6168 3
      vertex 18.5253 -1.6168 4.21132
    endloop
  endfacet
  facet normal -0.707154 0.70706 1.52672e-05
    outer loop
      vertex 19.2997 -1.07487 4.2
      vertex 19.3753 -0.999234 3
      vertex 19.0749 -1.2997 4.2
    endloop
  endfacet
  facet normal -0.707275 0.706938 0
    outer loop
      vertex 19.3753 -0.999234 3
      vertex 19.2997 -1.07487 4.2
      vertex 19.3753 -0.999234 4.21699
    endloop
  endfacet
  facet normal -0.707103 0.707111 4.07737e-05
    outer loop
      vertex 18.9992 -1.37533 3
      vertex 19.0749 -1.2997 4.2
      vertex 19.3753 -0.999234 3
    endloop
  endfacet
  facet normal -0.70678 0.707434 0
    outer loop
      vertex 19.0749 -1.2997 4.2
      vertex 18.9992 -1.37533 3
      vertex 18.9992 -1.37533 4.21699
    endloop
  endfacet
  facet normal 0.156425 0.98769 0
    outer loop
      vertex 18 -1.7 4.2
      vertex 18 -1.7 3
      vertex 17.514 -1.62303 4.2
    endloop
  endfacet
  facet normal 0.156436 0.987688 4.47966e-06
    outer loop
      vertex 17.4747 -1.6168 3
      vertex 17.514 -1.62303 4.2
      vertex 18 -1.7 3
    endloop
  endfacet
  facet normal 0.156569 0.987667 0
    outer loop
      vertex 17.514 -1.62303 4.2
      vertex 17.4747 -1.6168 3
      vertex 17.4747 -1.6168 4.21132
    endloop
  endfacet
  facet normal 0.890902 -0.454196 0
    outer loop
      vertex 16.5899 0.930974 4.2
      vertex 16.6247 0.999234 3
      vertex 16.6247 0.999234 4.21699
    endloop
  endfacet
  facet normal 0.890953 -0.454096 7.10794e-06
    outer loop
      vertex 16.437 0.630979 4.2
      vertex 16.6247 0.999234 3
      vertex 16.5899 0.930974 4.2
    endloop
  endfacet
  facet normal 0.891114 -0.45378 0
    outer loop
      vertex 16.3832 0.525329 3
      vertex 16.437 0.630979 4.2
      vertex 16.3832 0.525329 4.21132
    endloop
  endfacet
  facet normal 0.890981 -0.45404 2.8806e-05
    outer loop
      vertex 16.437 0.630979 4.2
      vertex 16.3832 0.525329 3
      vertex 16.6247 0.999234 3
    endloop
  endfacet
  facet normal -0.987679 0.156494 0
    outer loop
      vertex 19.7 0 3
      vertex 19.623 -0.485968 4.2
      vertex 19.7 0 4.2
    endloop
  endfacet
  facet normal -0.987689 0.156427 -2.78815e-05
    outer loop
      vertex 19.6168 -0.525329 3
      vertex 19.623 -0.485968 4.2
      vertex 19.7 0 3
    endloop
  endfacet
  facet normal -0.98782 0.155598 0
    outer loop
      vertex 19.623 -0.485968 4.2
      vertex 19.6168 -0.525329 3
      vertex 19.6168 -0.525329 4.21132
    endloop
  endfacet
  facet normal 0.98782 -0.155598 0
    outer loop
      vertex 16.377 0.485968 4.2
      vertex 16.3832 0.525329 3
      vertex 16.3832 0.525329 4.21132
    endloop
  endfacet
  facet normal 0.987679 -0.156494 0
    outer loop
      vertex 16.3 0 3
      vertex 16.377 0.485968 4.2
      vertex 16.3 0 4.2
    endloop
  endfacet
  facet normal 0.987689 -0.156427 -2.78815e-05
    outer loop
      vertex 16.377 0.485968 4.2
      vertex 16.3 0 3
      vertex 16.3832 0.525329 3
    endloop
  endfacet
  facet normal -0.891114 0.45378 0
    outer loop
      vertex 19.6168 -0.525329 3
      vertex 19.563 -0.630979 4.2
      vertex 19.6168 -0.525329 4.21132
    endloop
  endfacet
  facet normal -0.890981 0.45404 2.8806e-05
    outer loop
      vertex 19.3753 -0.999234 3
      vertex 19.563 -0.630979 4.2
      vertex 19.6168 -0.525329 3
    endloop
  endfacet
  facet normal -0.890953 0.454096 7.10794e-06
    outer loop
      vertex 19.563 -0.630979 4.2
      vertex 19.3753 -0.999234 3
      vertex 19.4101 -0.930974 4.2
    endloop
  endfacet
  facet normal -0.890902 0.454196 0
    outer loop
      vertex 19.4101 -0.930974 4.2
      vertex 19.3753 -0.999234 3
      vertex 19.3753 -0.999234 4.21699
    endloop
  endfacet
  facet normal -0.156425 -0.98769 -0
    outer loop
      vertex 18 1.7 4.2
      vertex 18 1.7 3
      vertex 18.486 1.62303 4.2
    endloop
  endfacet
  facet normal -0.156436 -0.987688 4.47966e-06
    outer loop
      vertex 18.5253 1.6168 3
      vertex 18.486 1.62303 4.2
      vertex 18 1.7 3
    endloop
  endfacet
  facet normal -0.156569 -0.987667 0
    outer loop
      vertex 18.486 1.62303 4.2
      vertex 18.5253 1.6168 3
      vertex 18.5253 1.6168 4.21132
    endloop
  endfacet
  facet normal -0.453999 -0.891002 1.34791e-05
    outer loop
      vertex 18.9992 1.37533 3
      vertex 18.631 1.56296 4.2
      vertex 18.5253 1.6168 3
    endloop
  endfacet
  facet normal -0.453878 -0.891064 0
    outer loop
      vertex 18.5253 1.6168 3
      vertex 18.631 1.56296 4.2
      vertex 18.5253 1.6168 4.21132
    endloop
  endfacet
  facet normal -0.453972 -0.891016 2.38347e-05
    outer loop
      vertex 18.631 1.56296 4.2
      vertex 18.9992 1.37533 3
      vertex 18.931 1.41011 4.2
    endloop
  endfacet
  facet normal -0.454305 -0.890846 0
    outer loop
      vertex 18.931 1.41011 4.2
      vertex 18.9992 1.37533 3
      vertex 18.9992 1.37533 4.21699
    endloop
  endfacet
  facet normal 0.891114 0.45378 0
    outer loop
      vertex 16.437 -0.630979 4.2
      vertex 16.3832 -0.525329 3
      vertex 16.3832 -0.525329 4.21132
    endloop
  endfacet
  facet normal 0.890953 0.454096 7.10794e-06
    outer loop
      vertex 16.6247 -0.999234 3
      vertex 16.437 -0.630979 4.2
      vertex 16.5899 -0.930974 4.2
    endloop
  endfacet
  facet normal 0.890902 0.454196 -0
    outer loop
      vertex 16.6247 -0.999234 3
      vertex 16.5899 -0.930974 4.2
      vertex 16.6247 -0.999234 4.21699
    endloop
  endfacet
  facet normal 0.890981 0.45404 2.8806e-05
    outer loop
      vertex 16.437 -0.630979 4.2
      vertex 16.6247 -0.999234 3
      vertex 16.3832 -0.525329 3
    endloop
  endfacet
  facet normal 0.156569 -0.987667 0
    outer loop
      vertex 17.4747 1.6168 3
      vertex 17.514 1.62303 4.2
      vertex 17.4747 1.6168 4.21132
    endloop
  endfacet
  facet normal 0.156436 -0.987688 4.47966e-06
    outer loop
      vertex 18 1.7 3
      vertex 17.514 1.62303 4.2
      vertex 17.4747 1.6168 3
    endloop
  endfacet
  facet normal 0.156425 -0.98769 0
    outer loop
      vertex 17.514 1.62303 4.2
      vertex 18 1.7 3
      vertex 18 1.7 4.2
    endloop
  endfacet
  facet normal 0.707154 0.70706 4.71976e-05
    outer loop
      vertex 16.9251 -1.2997 4.2
      vertex 17.0008 -1.37533 3
      vertex 16.7003 -1.07487 4.2
    endloop
  endfacet
  facet normal 0.70678 0.707434 -0
    outer loop
      vertex 17.0008 -1.37533 3
      vertex 16.9251 -1.2997 4.2
      vertex 17.0008 -1.37533 4.21699
    endloop
  endfacet
  facet normal 0.707103 0.707111 2.16871e-05
    outer loop
      vertex 16.6247 -0.999234 3
      vertex 16.7003 -1.07487 4.2
      vertex 17.0008 -1.37533 3
    endloop
  endfacet
  facet normal 0.707275 0.706938 0
    outer loop
      vertex 16.7003 -1.07487 4.2
      vertex 16.6247 -0.999234 3
      vertex 16.6247 -0.999234 4.21699
    endloop
  endfacet
  facet normal 0.707154 -0.70706 1.52672e-05
    outer loop
      vertex 16.7003 1.07487 4.2
      vertex 16.6247 0.999234 3
      vertex 16.9251 1.2997 4.2
    endloop
  endfacet
  facet normal 0.707275 -0.706938 0
    outer loop
      vertex 16.6247 0.999234 3
      vertex 16.7003 1.07487 4.2
      vertex 16.6247 0.999234 4.21699
    endloop
  endfacet
  facet normal 0.707103 -0.707111 4.07737e-05
    outer loop
      vertex 17.0008 1.37533 3
      vertex 16.9251 1.2997 4.2
      vertex 16.6247 0.999234 3
    endloop
  endfacet
  facet normal 0.70678 -0.707434 0
    outer loop
      vertex 16.9251 1.2997 4.2
      vertex 17.0008 1.37533 3
      vertex 17.0008 1.37533 4.21699
    endloop
  endfacet
  facet normal 0.987679 0.156494 0
    outer loop
      vertex 16.377 -0.485968 4.2
      vertex 16.3 0 3
      vertex 16.3 0 4.2
    endloop
  endfacet
  facet normal 0.98782 0.155598 -0
    outer loop
      vertex 16.3832 -0.525329 3
      vertex 16.377 -0.485968 4.2
      vertex 16.3832 -0.525329 4.21132
    endloop
  endfacet
  facet normal 0.987689 0.156427 -2.78815e-05
    outer loop
      vertex 16.377 -0.485968 4.2
      vertex 16.3832 -0.525329 3
      vertex 16.3 0 3
    endloop
  endfacet
  facet normal 0.453999 0.891002 1.34791e-05
    outer loop
      vertex 17.0008 -1.37533 3
      vertex 17.369 -1.56296 4.2
      vertex 17.4747 -1.6168 3
    endloop
  endfacet
  facet normal 0.453878 0.891064 -0
    outer loop
      vertex 17.4747 -1.6168 3
      vertex 17.369 -1.56296 4.2
      vertex 17.4747 -1.6168 4.21132
    endloop
  endfacet
  facet normal 0.453972 0.891016 2.38347e-05
    outer loop
      vertex 17.369 -1.56296 4.2
      vertex 17.0008 -1.37533 3
      vertex 17.069 -1.41011 4.2
    endloop
  endfacet
  facet normal 0.454305 0.890846 0
    outer loop
      vertex 17.069 -1.41011 4.2
      vertex 17.0008 -1.37533 3
      vertex 17.0008 -1.37533 4.21699
    endloop
  endfacet
  facet normal -0.470414 0.612955 0.634821
    outer loop
      vertex 19.0749 -1.2997 4.2
      vertex 19.5978 -2.76261 6
      vertex 19.2021 -1.20208 4.2
    endloop
  endfacet
  facet normal -0.470086 0.613145 0.63488
    outer loop
      vertex 18.9992 -1.37533 4.21699
      vertex 19.5978 -2.76261 6
      vertex 19.0749 -1.2997 4.2
    endloop
  endfacet
  facet normal -0.470415 0.612942 0.634832
    outer loop
      vertex 18.85 -1.47224 4.2
      vertex 19.5978 -2.76261 6
      vertex 18.9992 -1.37533 4.21699
    endloop
  endfacet
  facet normal -0.470907 0.61393 0.633512
    outer loop
      vertex 18.85 -1.47224 4.2
      vertex 18.9992 -1.37533 4.21699
      vertex 18.931 -1.41011 4.2
    endloop
  endfacet
  facet normal -0.477066 0.608339 0.634296
    outer loop
      vertex 19.5978 -2.76261 6
      vertex 18.85 -1.47224 4.2
      vertex 19.5959 -2.7641 6
    endloop
  endfacet
  facet normal 0.295687 -0.713827 0.634839
    outer loop
      vertex 17.56 1.64207 4.2
      vertex 17.1739 3.08296 6
      vertex 16.4064 2.76504 6
    endloop
  endfacet
  facet normal -0.766041 -0.100819 0.634836
    outer loop
      vertex 21.1917 0 6
      vertex 21.0833 0.823645 6
      vertex 19.7 0 4.2
    endloop
  endfacet
  facet normal -0.767166 -0.0946729 0.634423
    outer loop
      vertex 19.6421 0.439992 4.2
      vertex 21.0833 0.823645 6
      vertex 21.083 0.826076 6
    endloop
  endfacet
  facet normal -0.766045 -0.100806 0.634833
    outer loop
      vertex 21.0833 0.823645 6
      vertex 19.6421 0.439992 4.2
      vertex 19.7 0 4.2
    endloop
  endfacet
  facet normal -0.295687 0.713827 0.634839
    outer loop
      vertex 18.8261 -3.08296 6
      vertex 19.5936 -2.76504 6
      vertex 18.44 -1.64207 4.2
    endloop
  endfacet
  facet normal 0.100856 0.766036 0.634837
    outer loop
      vertex 17.56 -1.64207 4.2
      vertex 17.1764 -3.08328 6
      vertex 18 -1.7 4.2
    endloop
  endfacet
  facet normal 0.0981171 0.76654 0.634657
    outer loop
      vertex 17.1764 -3.08328 6
      vertex 17.56 -1.64207 4.2
      vertex 17.1739 -3.08296 6
    endloop
  endfacet
  facet normal 0.295629 0.713861 0.634828
    outer loop
      vertex 17.369 -1.56296 4.2
      vertex 16.4064 -2.76504 6
      vertex 17.4747 -1.6168 4.21132
    endloop
  endfacet
  facet normal 0.295714 0.713809 0.634846
    outer loop
      vertex 17.56 -1.64207 4.2
      vertex 17.4747 -1.6168 4.21132
      vertex 16.4064 -2.76504 6
    endloop
  endfacet
  facet normal 0.295844 0.714749 0.633727
    outer loop
      vertex 17.4747 -1.6168 4.21132
      vertex 17.56 -1.64207 4.2
      vertex 17.514 -1.62303 4.2
    endloop
  endfacet
  facet normal 0.295698 0.713822 0.634839
    outer loop
      vertex 17.15 -1.47224 4.2
      vertex 16.4064 -2.76504 6
      vertex 17.369 -1.56296 4.2
    endloop
  endfacet
  facet normal 0.29238 0.715399 0.634601
    outer loop
      vertex 16.4064 -2.76504 6
      vertex 17.15 -1.47224 4.2
      vertex 16.4041 -2.7641 6
    endloop
  endfacet
  facet normal 0.0981171 -0.76654 0.634657
    outer loop
      vertex 17.56 1.64207 4.2
      vertex 17.1764 3.08328 6
      vertex 17.1739 3.08296 6
    endloop
  endfacet
  facet normal 0.100856 -0.766036 0.634837
    outer loop
      vertex 17.1764 3.08328 6
      vertex 17.56 1.64207 4.2
      vertex 18 1.7 4.2
    endloop
  endfacet
  facet normal -0.470349 0.612989 0.634836
    outer loop
      vertex 19.5978 -2.76261 6
      vertex 20.2569 -2.25688 6
      vertex 19.2021 -1.20208 4.2
    endloop
  endfacet
  facet normal 0.613007 -0.47032 0.63484
    outer loop
      vertex 15.2374 1.5978 6
      vertex 16.7003 1.07487 4.2
      vertex 16.7979 1.20208 4.2
    endloop
  endfacet
  facet normal 0.613716 -0.470661 0.633902
    outer loop
      vertex 16.6247 0.999234 4.21699
      vertex 16.5278 0.849999 4.2
      vertex 16.5899 0.930974 4.2
    endloop
  endfacet
  facet normal 0.613085 -0.470185 0.634864
    outer loop
      vertex 16.7003 1.07487 4.2
      vertex 15.2374 1.5978 6
      vertex 16.6247 0.999234 4.21699
    endloop
  endfacet
  facet normal 0.613008 -0.470309 0.634846
    outer loop
      vertex 15.2374 1.5978 6
      vertex 16.5278 0.849999 4.2
      vertex 16.6247 0.999234 4.21699
    endloop
  endfacet
  facet normal 0.61136 -0.472701 0.634659
    outer loop
      vertex 16.5278 0.849999 4.2
      vertex 15.2374 1.5978 6
      vertex 15.2359 1.59586 6
    endloop
  endfacet
  facet normal -0.766045 0.100806 0.634833
    outer loop
      vertex 19.6421 -0.439992 4.2
      vertex 21.0833 -0.823645 6
      vertex 19.7 0 4.2
    endloop
  endfacet
  facet normal -0.767166 0.0946729 0.634423
    outer loop
      vertex 21.0833 -0.823645 6
      vertex 19.6421 -0.439992 4.2
      vertex 21.083 -0.826076 6
    endloop
  endfacet
  facet normal -0.612996 0.470341 0.634835
    outer loop
      vertex 20.2569 -2.25688 6
      vertex 20.7626 -1.5978 6
      vertex 19.2021 -1.20208 4.2
    endloop
  endfacet
  facet normal 0.295687 0.713827 0.634839
    outer loop
      vertex 17.1739 -3.08296 6
      vertex 17.56 -1.64207 4.2
      vertex 16.4064 -2.76504 6
    endloop
  endfacet
  facet normal 0.711234 0.295471 0.637843
    outer loop
      vertex 16.3579 -0.439992 4.2
      vertex 16.3832 -0.525329 4.21132
      vertex 16.377 -0.485968 4.2
    endloop
  endfacet
  facet normal 0.713929 0.295537 0.634794
    outer loop
      vertex 15.235 -1.59359 6
      vertex 16.437 -0.630979 4.2
      vertex 16.3832 -0.525329 4.21132
    endloop
  endfacet
  facet normal 0.713757 0.295822 0.634854
    outer loop
      vertex 15.235 -1.59359 6
      vertex 16.3832 -0.525329 4.21132
      vertex 16.3579 -0.439992 4.2
    endloop
  endfacet
  facet normal 0.71373 0.295894 0.634852
    outer loop
      vertex 16.437 -0.630979 4.2
      vertex 15.235 -1.59359 6
      vertex 16.5278 -0.849999 4.2
    endloop
  endfacet
  facet normal 0.718861 0.285011 0.634041
    outer loop
      vertex 16.5278 -0.849999 4.2
      vertex 15.235 -1.59359 6
      vertex 15.2359 -1.59586 6
    endloop
  endfacet
  facet normal 0.713805 0.295747 0.634836
    outer loop
      vertex 15.235 -1.59359 6
      vertex 16.3579 -0.439992 4.2
      vertex 14.917 -0.826076 6
    endloop
  endfacet
  facet normal -0.612996 -0.470341 0.634835
    outer loop
      vertex 20.7626 1.5978 6
      vertex 20.2569 2.25688 6
      vertex 19.2021 1.20208 4.2
    endloop
  endfacet
  facet normal 0.29238 -0.715399 0.634601
    outer loop
      vertex 17.15 1.47224 4.2
      vertex 16.4064 2.76504 6
      vertex 16.4041 2.7641 6
    endloop
  endfacet
  facet normal 0.295698 -0.713822 0.634839
    outer loop
      vertex 16.4064 2.76504 6
      vertex 17.15 1.47224 4.2
      vertex 17.369 1.56296 4.2
    endloop
  endfacet
  facet normal 0.295629 -0.713861 0.634828
    outer loop
      vertex 16.4064 2.76504 6
      vertex 17.369 1.56296 4.2
      vertex 17.4747 1.6168 4.21132
    endloop
  endfacet
  facet normal 0.295844 -0.714749 0.633727
    outer loop
      vertex 17.56 1.64207 4.2
      vertex 17.4747 1.6168 4.21132
      vertex 17.514 1.62303 4.2
    endloop
  endfacet
  facet normal 0.295714 -0.713809 0.634846
    outer loop
      vertex 17.4747 1.6168 4.21132
      vertex 17.56 1.64207 4.2
      vertex 16.4064 2.76504 6
    endloop
  endfacet
  facet normal -0.100852 0.766037 0.634836
    outer loop
      vertex 18.8236 -3.08328 6
      vertex 18 -1.7 4.2
      vertex 18 -3.19171 6
    endloop
  endfacet
  facet normal 0.718861 -0.285011 0.634041
    outer loop
      vertex 15.235 1.59359 6
      vertex 16.5278 0.849999 4.2
      vertex 15.2359 1.59586 6
    endloop
  endfacet
  facet normal 0.71373 -0.295894 0.634852
    outer loop
      vertex 15.235 1.59359 6
      vertex 16.437 0.630979 4.2
      vertex 16.5278 0.849999 4.2
    endloop
  endfacet
  facet normal 0.713929 -0.295537 0.634794
    outer loop
      vertex 15.235 1.59359 6
      vertex 16.3832 0.525329 4.21132
      vertex 16.437 0.630979 4.2
    endloop
  endfacet
  facet normal 0.713757 -0.295822 0.634854
    outer loop
      vertex 16.3579 0.439992 4.2
      vertex 16.3832 0.525329 4.21132
      vertex 15.235 1.59359 6
    endloop
  endfacet
  facet normal 0.711234 -0.295471 0.637843
    outer loop
      vertex 16.3832 0.525329 4.21132
      vertex 16.3579 0.439992 4.2
      vertex 16.377 0.485968 4.2
    endloop
  endfacet
  facet normal -0.713805 0.295747 0.634836
    outer loop
      vertex 20.765 -1.59359 6
      vertex 21.083 -0.826076 6
      vertex 19.6421 -0.439992 4.2
    endloop
  endfacet
  facet normal -0.766041 0.100819 0.634836
    outer loop
      vertex 21.0833 -0.823645 6
      vertex 21.1917 0 6
      vertex 19.7 0 4.2
    endloop
  endfacet
  facet normal 0.470349 -0.612989 0.634836
    outer loop
      vertex 16.7979 1.20208 4.2
      vertex 16.4022 2.76261 6
      vertex 15.7431 2.25688 6
    endloop
  endfacet
  facet normal -0.61136 0.472701 0.634659
    outer loop
      vertex 19.4722 -0.849999 4.2
      vertex 20.7626 -1.5978 6
      vertex 20.7641 -1.59586 6
    endloop
  endfacet
  facet normal -0.613716 0.470661 0.633902
    outer loop
      vertex 19.3753 -0.999234 4.21699
      vertex 19.4722 -0.849999 4.2
      vertex 19.4101 -0.930974 4.2
    endloop
  endfacet
  facet normal -0.613008 0.470309 0.634846
    outer loop
      vertex 19.4722 -0.849999 4.2
      vertex 19.3753 -0.999234 4.21699
      vertex 20.7626 -1.5978 6
    endloop
  endfacet
  facet normal -0.613085 0.470185 0.634864
    outer loop
      vertex 19.2997 -1.07487 4.2
      vertex 20.7626 -1.5978 6
      vertex 19.3753 -0.999234 4.21699
    endloop
  endfacet
  facet normal -0.613007 0.47032 0.63484
    outer loop
      vertex 20.7626 -1.5978 6
      vertex 19.2997 -1.07487 4.2
      vertex 19.2021 -1.20208 4.2
    endloop
  endfacet
  facet normal 0.100852 0.766037 0.634836
    outer loop
      vertex 18 -3.19171 6
      vertex 18 -1.7 4.2
      vertex 17.1764 -3.08328 6
    endloop
  endfacet
  facet normal -0.295687 -0.713827 0.634839
    outer loop
      vertex 19.5936 2.76504 6
      vertex 18.8261 3.08296 6
      vertex 18.44 1.64207 4.2
    endloop
  endfacet
  facet normal -0.711234 0.295471 0.637843
    outer loop
      vertex 19.6168 -0.525329 4.21132
      vertex 19.6421 -0.439992 4.2
      vertex 19.623 -0.485968 4.2
    endloop
  endfacet
  facet normal -0.71373 0.295894 0.634852
    outer loop
      vertex 20.765 -1.59359 6
      vertex 19.563 -0.630979 4.2
      vertex 19.4722 -0.849999 4.2
    endloop
  endfacet
  facet normal -0.713757 0.295822 0.634854
    outer loop
      vertex 19.6168 -0.525329 4.21132
      vertex 20.765 -1.59359 6
      vertex 19.6421 -0.439992 4.2
    endloop
  endfacet
  facet normal -0.713929 0.295537 0.634794
    outer loop
      vertex 19.563 -0.630979 4.2
      vertex 20.765 -1.59359 6
      vertex 19.6168 -0.525329 4.21132
    endloop
  endfacet
  facet normal -0.718861 0.285011 0.634041
    outer loop
      vertex 20.765 -1.59359 6
      vertex 19.4722 -0.849999 4.2
      vertex 20.7641 -1.59586 6
    endloop
  endfacet
  facet normal 0.613085 0.470185 0.634864
    outer loop
      vertex 15.2374 -1.5978 6
      vertex 16.7003 -1.07487 4.2
      vertex 16.6247 -0.999234 4.21699
    endloop
  endfacet
  facet normal 0.613716 0.470661 0.633902
    outer loop
      vertex 16.5278 -0.849999 4.2
      vertex 16.6247 -0.999234 4.21699
      vertex 16.5899 -0.930974 4.2
    endloop
  endfacet
  facet normal 0.613007 0.47032 0.63484
    outer loop
      vertex 16.7003 -1.07487 4.2
      vertex 15.2374 -1.5978 6
      vertex 16.7979 -1.20208 4.2
    endloop
  endfacet
  facet normal 0.613008 0.470309 0.634846
    outer loop
      vertex 16.5278 -0.849999 4.2
      vertex 15.2374 -1.5978 6
      vertex 16.6247 -0.999234 4.21699
    endloop
  endfacet
  facet normal 0.61136 0.472701 0.634659
    outer loop
      vertex 15.2374 -1.5978 6
      vertex 16.5278 -0.849999 4.2
      vertex 15.2359 -1.59586 6
    endloop
  endfacet
  facet normal 0 -0 1
    outer loop
      vertex 19.2021 -1.20208 4.2
      vertex 19.2997 -1.07487 4.2
      vertex 19.0749 -1.2997 4.2
    endloop
  endfacet
  facet normal 0 0 1
    outer loop
      vertex 16.5899 0.930974 4.2
      vertex 16.5278 0.849999 4.2
      vertex 16.437 0.630979 4.2
    endloop
  endfacet
  facet normal 0 0 1
    outer loop
      vertex 18 1.7 4.2
      vertex 17.56 1.64207 4.2
      vertex 17.514 1.62303 4.2
    endloop
  endfacet
  facet normal -0 -0 1
    outer loop
      vertex 17.56 -1.64207 4.2
      vertex 18 -1.7 4.2
      vertex 17.514 -1.62303 4.2
    endloop
  endfacet
  facet normal 0 0 1
    outer loop
      vertex 18.486 1.62303 4.2
      vertex 18.44 1.64207 4.2
      vertex 18 1.7 4.2
    endloop
  endfacet
  facet normal -0 -0 1
    outer loop
      vertex 17.15 -1.47224 4.2
      vertex 17.369 -1.56296 4.2
      vertex 17.069 -1.41011 4.2
    endloop
  endfacet
  facet normal 0 -0 1
    outer loop
      vertex 19.6421 -0.439992 4.2
      vertex 19.7 0 4.2
      vertex 19.623 -0.485968 4.2
    endloop
  endfacet
  facet normal 0 0 1
    outer loop
      vertex 19.7 0 4.2
      vertex 19.6421 0.439992 4.2
      vertex 19.623 0.485968 4.2
    endloop
  endfacet
  facet normal -0 -0 1
    outer loop
      vertex 16.5278 -0.849999 4.2
      vertex 16.5899 -0.930974 4.2
      vertex 16.437 -0.630979 4.2
    endloop
  endfacet
  facet normal 0 0 1
    outer loop
      vertex 17.369 1.56296 4.2
      vertex 17.15 1.47224 4.2
      vertex 17.069 1.41011 4.2
    endloop
  endfacet
  facet normal 0 0 1
    outer loop
      vertex 16.377 0.485968 4.2
      vertex 16.3579 0.439992 4.2
      vertex 16.3 0 4.2
    endloop
  endfacet
  facet normal -0 -0 1
    outer loop
      vertex 16.3579 -0.439992 4.2
      vertex 16.377 -0.485968 4.2
      vertex 16.3 0 4.2
    endloop
  endfacet
  facet normal 0 -0 1
    outer loop
      vertex 19.4722 -0.849999 4.2
      vertex 19.563 -0.630979 4.2
      vertex 19.4101 -0.930974 4.2
    endloop
  endfacet
  facet normal 0 -0 1
    outer loop
      vertex 18.44 -1.64207 4.2
      vertex 18.486 -1.62303 4.2
      vertex 18 -1.7 4.2
    endloop
  endfacet
  facet normal -0 -0 1
    outer loop
      vertex 16.7979 -1.20208 4.2
      vertex 16.9251 -1.2997 4.2
      vertex 16.7003 -1.07487 4.2
    endloop
  endfacet
  facet normal 0 0 1
    outer loop
      vertex 18.931 1.41011 4.2
      vertex 18.85 1.47224 4.2
      vertex 18.631 1.56296 4.2
    endloop
  endfacet
  facet normal 0 0 1
    outer loop
      vertex 16.9251 1.2997 4.2
      vertex 16.7979 1.20208 4.2
      vertex 16.7003 1.07487 4.2
    endloop
  endfacet
  facet normal 0 -0 1
    outer loop
      vertex 18.85 -1.47224 4.2
      vertex 18.931 -1.41011 4.2
      vertex 18.631 -1.56296 4.2
    endloop
  endfacet
  facet normal 0 0 1
    outer loop
      vertex 19.2997 1.07487 4.2
      vertex 19.2021 1.20208 4.2
      vertex 19.0749 1.2997 4.2
    endloop
  endfacet
  facet normal 0 0 1
    outer loop
      vertex 19.563 0.630979 4.2
      vertex 19.4722 0.849999 4.2
      vertex 19.4101 0.930974 4.2
    endloop
  endfacet
  facet normal -0.29238 0.715399 0.634601
    outer loop
      vertex 18.85 -1.47224 4.2
      vertex 19.5936 -2.76504 6
      vertex 19.5959 -2.7641 6
    endloop
  endfacet
  facet normal -0.295698 0.713822 0.634839
    outer loop
      vertex 19.5936 -2.76504 6
      vertex 18.85 -1.47224 4.2
      vertex 18.631 -1.56296 4.2
    endloop
  endfacet
  facet normal -0.295629 0.713861 0.634828
    outer loop
      vertex 19.5936 -2.76504 6
      vertex 18.631 -1.56296 4.2
      vertex 18.5253 -1.6168 4.21132
    endloop
  endfacet
  facet normal -0.295844 0.714749 0.633727
    outer loop
      vertex 18.44 -1.64207 4.2
      vertex 18.5253 -1.6168 4.21132
      vertex 18.486 -1.62303 4.2
    endloop
  endfacet
  facet normal -0.295714 0.713809 0.634846
    outer loop
      vertex 18.5253 -1.6168 4.21132
      vertex 18.44 -1.64207 4.2
      vertex 19.5936 -2.76504 6
    endloop
  endfacet
  facet normal 0.766041 -0.100819 0.634836
    outer loop
      vertex 16.3 0 4.2
      vertex 14.9167 0.823645 6
      vertex 14.8083 0 6
    endloop
  endfacet
  facet normal -0.0981171 0.76654 0.634657
    outer loop
      vertex 18.44 -1.64207 4.2
      vertex 18.8236 -3.08328 6
      vertex 18.8261 -3.08296 6
    endloop
  endfacet
  facet normal -0.100856 0.766036 0.634837
    outer loop
      vertex 18.8236 -3.08328 6
      vertex 18.44 -1.64207 4.2
      vertex 18 -1.7 4.2
    endloop
  endfacet
  facet normal 0.612996 0.470341 0.634835
    outer loop
      vertex 15.7431 -2.25688 6
      vertex 16.7979 -1.20208 4.2
      vertex 15.2374 -1.5978 6
    endloop
  endfacet
  facet normal 0.470349 0.612989 0.634836
    outer loop
      vertex 16.4022 -2.76261 6
      vertex 16.7979 -1.20208 4.2
      vertex 15.7431 -2.25688 6
    endloop
  endfacet
  facet normal -0.477066 -0.608339 0.634296
    outer loop
      vertex 18.85 1.47224 4.2
      vertex 19.5978 2.76261 6
      vertex 19.5959 2.7641 6
    endloop
  endfacet
  facet normal -0.470414 -0.612955 0.634821
    outer loop
      vertex 19.5978 2.76261 6
      vertex 19.0749 1.2997 4.2
      vertex 19.2021 1.20208 4.2
    endloop
  endfacet
  facet normal -0.470086 -0.613145 0.63488
    outer loop
      vertex 19.5978 2.76261 6
      vertex 18.9992 1.37533 4.21699
      vertex 19.0749 1.2997 4.2
    endloop
  endfacet
  facet normal -0.470415 -0.612942 0.634832
    outer loop
      vertex 19.5978 2.76261 6
      vertex 18.85 1.47224 4.2
      vertex 18.9992 1.37533 4.21699
    endloop
  endfacet
  facet normal -0.470907 -0.61393 0.633512
    outer loop
      vertex 18.9992 1.37533 4.21699
      vertex 18.85 1.47224 4.2
      vertex 18.931 1.41011 4.2
    endloop
  endfacet
  facet normal 0.470907 0.61393 0.633512
    outer loop
      vertex 17.0008 -1.37533 4.21699
      vertex 17.15 -1.47224 4.2
      vertex 17.069 -1.41011 4.2
    endloop
  endfacet
  facet normal 0.470414 0.612955 0.634821
    outer loop
      vertex 16.4022 -2.76261 6
      vertex 16.9251 -1.2997 4.2
      vertex 16.7979 -1.20208 4.2
    endloop
  endfacet
  facet normal 0.470415 0.612942 0.634832
    outer loop
      vertex 16.4022 -2.76261 6
      vertex 17.15 -1.47224 4.2
      vertex 17.0008 -1.37533 4.21699
    endloop
  endfacet
  facet normal 0.470086 0.613145 0.63488
    outer loop
      vertex 16.9251 -1.2997 4.2
      vertex 16.4022 -2.76261 6
      vertex 17.0008 -1.37533 4.21699
    endloop
  endfacet
  facet normal 0.477066 0.608339 0.634296
    outer loop
      vertex 17.15 -1.47224 4.2
      vertex 16.4022 -2.76261 6
      vertex 16.4041 -2.7641 6
    endloop
  endfacet
  facet normal -0.295629 -0.713861 0.634828
    outer loop
      vertex 18.631 1.56296 4.2
      vertex 19.5936 2.76504 6
      vertex 18.5253 1.6168 4.21132
    endloop
  endfacet
  facet normal -0.295714 -0.713809 0.634846
    outer loop
      vertex 18.44 1.64207 4.2
      vertex 18.5253 1.6168 4.21132
      vertex 19.5936 2.76504 6
    endloop
  endfacet
  facet normal -0.295844 -0.714749 0.633727
    outer loop
      vertex 18.5253 1.6168 4.21132
      vertex 18.44 1.64207 4.2
      vertex 18.486 1.62303 4.2
    endloop
  endfacet
  facet normal -0.295698 -0.713822 0.634839
    outer loop
      vertex 18.85 1.47224 4.2
      vertex 19.5936 2.76504 6
      vertex 18.631 1.56296 4.2
    endloop
  endfacet
  facet normal -0.29238 -0.715399 0.634601
    outer loop
      vertex 19.5936 2.76504 6
      vertex 18.85 1.47224 4.2
      vertex 19.5959 2.7641 6
    endloop
  endfacet
  facet normal 0.713805 -0.295747 0.634836
    outer loop
      vertex 16.3579 0.439992 4.2
      vertex 15.235 1.59359 6
      vertex 14.917 0.826076 6
    endloop
  endfacet
  facet normal -0.470349 -0.612989 0.634836
    outer loop
      vertex 20.2569 2.25688 6
      vertex 19.5978 2.76261 6
      vertex 19.2021 1.20208 4.2
    endloop
  endfacet
  facet normal 0.767166 -0.0946729 0.634423
    outer loop
      vertex 14.9167 0.823645 6
      vertex 16.3579 0.439992 4.2
      vertex 14.917 0.826076 6
    endloop
  endfacet
  facet normal 0.766045 -0.100806 0.634833
    outer loop
      vertex 16.3579 0.439992 4.2
      vertex 14.9167 0.823645 6
      vertex 16.3 0 4.2
    endloop
  endfacet
  facet normal -0.713805 -0.295747 0.634836
    outer loop
      vertex 21.083 0.826076 6
      vertex 20.765 1.59359 6
      vertex 19.6421 0.439992 4.2
    endloop
  endfacet
  facet normal -0.100852 -0.766037 0.634836
    outer loop
      vertex 18.8236 3.08328 6
      vertex 18 3.19171 6
      vertex 18 1.7 4.2
    endloop
  endfacet
  facet normal 0.766045 0.100806 0.634833
    outer loop
      vertex 14.9167 -0.823645 6
      vertex 16.3579 -0.439992 4.2
      vertex 16.3 0 4.2
    endloop
  endfacet
  facet normal 0.767166 0.0946729 0.634423
    outer loop
      vertex 16.3579 -0.439992 4.2
      vertex 14.9167 -0.823645 6
      vertex 14.917 -0.826076 6
    endloop
  endfacet
  facet normal 0.612996 -0.470341 0.634835
    outer loop
      vertex 16.7979 1.20208 4.2
      vertex 15.7431 2.25688 6
      vertex 15.2374 1.5978 6
    endloop
  endfacet
  facet normal 0.470907 -0.61393 0.633512
    outer loop
      vertex 17.15 1.47224 4.2
      vertex 17.0008 1.37533 4.21699
      vertex 17.069 1.41011 4.2
    endloop
  endfacet
  facet normal 0.470086 -0.613145 0.63488
    outer loop
      vertex 16.4022 2.76261 6
      vertex 16.9251 1.2997 4.2
      vertex 17.0008 1.37533 4.21699
    endloop
  endfacet
  facet normal 0.477066 -0.608339 0.634296
    outer loop
      vertex 16.4022 2.76261 6
      vertex 17.15 1.47224 4.2
      vertex 16.4041 2.7641 6
    endloop
  endfacet
  facet normal 0.470415 -0.612942 0.634832
    outer loop
      vertex 17.15 1.47224 4.2
      vertex 16.4022 2.76261 6
      vertex 17.0008 1.37533 4.21699
    endloop
  endfacet
  facet normal 0.470414 -0.612955 0.634821
    outer loop
      vertex 16.9251 1.2997 4.2
      vertex 16.4022 2.76261 6
      vertex 16.7979 1.20208 4.2
    endloop
  endfacet
  facet normal 0.100852 -0.766037 0.634836
    outer loop
      vertex 18 1.7 4.2
      vertex 18 3.19171 6
      vertex 17.1764 3.08328 6
    endloop
  endfacet
  facet normal 0.766041 0.100819 0.634836
    outer loop
      vertex 14.9167 -0.823645 6
      vertex 16.3 0 4.2
      vertex 14.8083 0 6
    endloop
  endfacet
  facet normal -0.100856 -0.766036 0.634837
    outer loop
      vertex 18.44 1.64207 4.2
      vertex 18.8236 3.08328 6
      vertex 18 1.7 4.2
    endloop
  endfacet
  facet normal -0.0981171 -0.76654 0.634657
    outer loop
      vertex 18.8236 3.08328 6
      vertex 18.44 1.64207 4.2
      vertex 18.8261 3.08296 6
    endloop
  endfacet
  facet normal -0.61136 -0.472701 0.634659
    outer loop
      vertex 20.7626 1.5978 6
      vertex 19.4722 0.849999 4.2
      vertex 20.7641 1.59586 6
    endloop
  endfacet
  facet normal -0.613008 -0.470309 0.634846
    outer loop
      vertex 19.3753 0.999234 4.21699
      vertex 19.4722 0.849999 4.2
      vertex 20.7626 1.5978 6
    endloop
  endfacet
  facet normal -0.613716 -0.470661 0.633902
    outer loop
      vertex 19.4722 0.849999 4.2
      vertex 19.3753 0.999234 4.21699
      vertex 19.4101 0.930974 4.2
    endloop
  endfacet
  facet normal -0.613085 -0.470185 0.634864
    outer loop
      vertex 20.7626 1.5978 6
      vertex 19.2997 1.07487 4.2
      vertex 19.3753 0.999234 4.21699
    endloop
  endfacet
  facet normal -0.613007 -0.47032 0.63484
    outer loop
      vertex 19.2997 1.07487 4.2
      vertex 20.7626 1.5978 6
      vertex 19.2021 1.20208 4.2
    endloop
  endfacet
  facet normal -0.718861 -0.285011 0.634041
    outer loop
      vertex 19.4722 0.849999 4.2
      vertex 20.765 1.59359 6
      vertex 20.7641 1.59586 6
    endloop
  endfacet
  facet normal -0.71373 -0.295894 0.634852
    outer loop
      vertex 19.563 0.630979 4.2
      vertex 20.765 1.59359 6
      vertex 19.4722 0.849999 4.2
    endloop
  endfacet
  facet normal -0.713929 -0.295537 0.634794
    outer loop
      vertex 19.6168 0.525329 4.21132
      vertex 20.765 1.59359 6
      vertex 19.563 0.630979 4.2
    endloop
  endfacet
  facet normal -0.711234 -0.295471 0.637843
    outer loop
      vertex 19.6421 0.439992 4.2
      vertex 19.6168 0.525329 4.21132
      vertex 19.623 0.485968 4.2
    endloop
  endfacet
  facet normal -0.713757 -0.295822 0.634854
    outer loop
      vertex 19.6168 0.525329 4.21132
      vertex 19.6421 0.439992 4.2
      vertex 20.765 1.59359 6
    endloop
  endfacet
  facet normal 0.838732 -0.544544 0
    outer loop
      vertex -10.3279 16.6265 4.2
      vertex -10.2633 16.726 3
      vertex -10.2633 16.726 4.21132
    endloop
  endfacet
  facet normal 0.838573 -0.54479 5.12659e-05
    outer loop
      vertex -10.553 16.2799 3
      vertex -10.3279 16.6265 4.2
      vertex -10.5113 16.3442 4.2
    endloop
  endfacet
  facet normal 0.83901 -0.544117 0
    outer loop
      vertex -10.553 16.2799 3
      vertex -10.5113 16.3442 4.2
      vertex -10.553 16.2799 4.21699
    endloop
  endfacet
  facet normal 0.838671 -0.544638 -1.11077e-05
    outer loop
      vertex -10.3279 16.6265 4.2
      vertex -10.553 16.2799 3
      vertex -10.2633 16.726 3
    endloop
  endfacet
  facet normal 0.630498 -0.776191 0
    outer loop
      vertex -10.2633 16.726 3
      vertex -10.2324 16.7511 4.2
      vertex -10.2633 16.726 4.21132
    endloop
  endfacet
  facet normal 0.629339 -0.777131 4.95148e-05
    outer loop
      vertex -9.85 17.0607 3
      vertex -10.2324 16.7511 4.2
      vertex -10.2633 16.726 3
    endloop
  endfacet
  facet normal 0.629245 -0.777207 0
    outer loop
      vertex -10.2324 16.7511 4.2
      vertex -9.85 17.0607 3
      vertex -9.85 17.0607 4.2
    endloop
  endfacet
  facet normal 0.965877 -0.259001 0
    outer loop
      vertex -10.5807 16.1766 4.2
      vertex -10.553 16.2799 3
      vertex -10.553 16.2799 4.21699
    endloop
  endfacet
  facet normal 0.965916 -0.258857 1.3315e-05
    outer loop
      vertex -10.663 15.8695 4.2
      vertex -10.553 16.2799 3
      vertex -10.5807 16.1766 4.2
    endloop
  endfacet
  facet normal 0.965877 -0.259001 0
    outer loop
      vertex -10.6907 15.7662 3
      vertex -10.663 15.8695 4.2
      vertex -10.6907 15.7662 4.21699
    endloop
  endfacet
  facet normal 0.9659 -0.258915 -7.95986e-06
    outer loop
      vertex -10.663 15.8695 4.2
      vertex -10.6907 15.7662 3
      vertex -10.553 16.2799 3
    endloop
  endfacet
  facet normal -0.777432 -0.628967 0
    outer loop
      vertex -7.86248 16.8518 3
      vertex -7.8374 16.8208 4.2
      vertex -7.86248 16.8518 4.21132
    endloop
  endfacet
  facet normal -0.777113 -0.629362 -1.68534e-05
    outer loop
      vertex -7.52776 16.4385 3
      vertex -7.8374 16.8208 4.2
      vertex -7.86248 16.8518 3
    endloop
  endfacet
  facet normal -0.777087 -0.629394 0
    outer loop
      vertex -7.8374 16.8208 4.2
      vertex -7.52776 16.4385 3
      vertex -7.52776 16.4385 4.2
    endloop
  endfacet
  facet normal 0.544445 0.838796 -6.75606e-05
    outer loop
      vertex -9.7557 14.0772 4.2
      vertex -9.69145 14.0354 3
      vertex -10.0381 14.2605 4.2
    endloop
  endfacet
  facet normal 0.545332 0.83822 -0
    outer loop
      vertex -9.69145 14.0354 3
      vertex -9.7557 14.0772 4.2
      vertex -9.69145 14.0354 4.21699
    endloop
  endfacet
  facet normal 0.544681 0.838643 2.92207e-05
    outer loop
      vertex -10.1375 14.3251 3
      vertex -10.0381 14.2605 4.2
      vertex -9.69145 14.0354 3
    endloop
  endfacet
  facet normal 0.544929 0.838482 0
    outer loop
      vertex -10.0381 14.2605 4.2
      vertex -10.1375 14.3251 3
      vertex -10.1375 14.3251 4.21132
    endloop
  endfacet
  facet normal -0.544681 -0.838643 2.03043e-05
    outer loop
      vertex -8.2443 17.0998 4.2
      vertex -8.30855 17.1415 3
      vertex -7.96192 16.9164 4.2
    endloop
  endfacet
  facet normal -0.544415 -0.838816 0
    outer loop
      vertex -8.30855 17.1415 3
      vertex -8.2443 17.0998 4.2
      vertex -8.30855 17.1415 4.21699
    endloop
  endfacet
  facet normal -0.544664 -0.838654 1.30886e-05
    outer loop
      vertex -7.86248 16.8518 3
      vertex -7.96192 16.9164 4.2
      vertex -8.30855 17.1415 3
    endloop
  endfacet
  facet normal -0.544775 -0.838582 0
    outer loop
      vertex -7.96192 16.9164 4.2
      vertex -7.86248 16.8518 3
      vertex -7.86248 16.8518 4.21132
    endloop
  endfacet
  facet normal -0.258833 -0.965922 6.71587e-05
    outer loop
      vertex -8.71899 17.2515 4.2
      vertex -8.8223 17.2791 3
      vertex -8.41186 17.1692 4.2
    endloop
  endfacet
  facet normal -0.258105 -0.966117 0
    outer loop
      vertex -8.8223 17.2791 3
      vertex -8.71899 17.2515 4.2
      vertex -8.8223 17.2791 4.21699
    endloop
  endfacet
  facet normal -0.258716 -0.965954 2.4159e-05
    outer loop
      vertex -8.30855 17.1415 3
      vertex -8.41186 17.1692 4.2
      vertex -8.8223 17.2791 3
    endloop
  endfacet
  facet normal -0.258978 -0.965883 0
    outer loop
      vertex -8.41186 17.1692 4.2
      vertex -8.30855 17.1415 3
      vertex -8.30855 17.1415 4.21699
    endloop
  endfacet
  facet normal -0.933592 -0.358338 0
    outer loop
      vertex -7.52776 16.4385 3
      vertex -7.35143 15.9791 4.2
      vertex -7.52776 16.4385 4.2
    endloop
  endfacet
  facet normal -0.933591 -0.35834 -1.18438e-06
    outer loop
      vertex -7.33715 15.9419 3
      vertex -7.35143 15.9791 4.2
      vertex -7.52776 16.4385 3
    endloop
  endfacet
  facet normal -0.933578 -0.358374 0
    outer loop
      vertex -7.35143 15.9791 4.2
      vertex -7.33715 15.9419 3
      vertex -7.33715 15.9419 4.21132
    endloop
  endfacet
  facet normal -0.0522677 0.998633 2.08695e-06
    outer loop
      vertex -9.1777 13.8978 3
      vertex -8.76496 13.9194 4.2
      vertex -8.64655 13.9256 3
    endloop
  endfacet
  facet normal -0.0522888 0.998632 0
    outer loop
      vertex -8.64655 13.9256 3
      vertex -8.76496 13.9194 4.2
      vertex -8.64655 13.9256 4.21132
    endloop
  endfacet
  facet normal -0.0522736 0.998633 4.09872e-06
    outer loop
      vertex -8.76496 13.9194 4.2
      vertex -9.1777 13.8978 3
      vertex -9.10119 13.9018 4.2
    endloop
  endfacet
  facet normal -0.0522094 0.998636 0
    outer loop
      vertex -9.10119 13.9018 4.2
      vertex -9.1777 13.8978 3
      vertex -9.1777 13.8978 4.21699
    endloop
  endfacet
  facet normal 0.358318 -0.933599 0
    outer loop
      vertex -9.85 17.0607 4.2
      vertex -9.85 17.0607 3
      vertex -9.39065 17.237 4.2
    endloop
  endfacet
  facet normal 0.358355 -0.933585 -1.62084e-05
    outer loop
      vertex -9.35345 17.2513 3
      vertex -9.39065 17.237 4.2
      vertex -9.85 17.0607 3
    endloop
  endfacet
  facet normal 0.358811 -0.93341 0
    outer loop
      vertex -9.39065 17.237 4.2
      vertex -9.35345 17.2513 3
      vertex -9.35345 17.2513 4.21132
    endloop
  endfacet
  facet normal -0.358318 0.933599 0
    outer loop
      vertex -8.15 14.1162 4.2
      vertex -8.15 14.1162 3
      vertex -8.60935 13.9399 4.2
    endloop
  endfacet
  facet normal -0.358355 0.933585 -1.62084e-05
    outer loop
      vertex -8.64655 13.9256 3
      vertex -8.60935 13.9399 4.2
      vertex -8.15 14.1162 3
    endloop
  endfacet
  facet normal -0.358811 0.93341 0
    outer loop
      vertex -8.60935 13.9399 4.2
      vertex -8.64655 13.9256 3
      vertex -8.64655 13.9256 4.21132
    endloop
  endfacet
  facet normal 0.0522677 -0.998633 2.08695e-06
    outer loop
      vertex -8.8223 17.2791 3
      vertex -9.23504 17.2575 4.2
      vertex -9.35345 17.2513 3
    endloop
  endfacet
  facet normal 0.0522888 -0.998632 0
    outer loop
      vertex -9.35345 17.2513 3
      vertex -9.23504 17.2575 4.2
      vertex -9.35345 17.2513 4.21132
    endloop
  endfacet
  facet normal 0.0522736 -0.998633 4.09872e-06
    outer loop
      vertex -9.23504 17.2575 4.2
      vertex -8.8223 17.2791 3
      vertex -8.89881 17.2751 4.2
    endloop
  endfacet
  facet normal 0.0522094 -0.998636 0
    outer loop
      vertex -8.89881 17.2751 4.2
      vertex -8.8223 17.2791 3
      vertex -8.8223 17.2791 4.21699
    endloop
  endfacet
  facet normal 0.93341 0.358811 0
    outer loop
      vertex -10.6486 15.1978 4.2
      vertex -10.6629 15.235 3
      vertex -10.6629 15.235 4.21132
    endloop
  endfacet
  facet normal 0.933518 0.35853 -0
    outer loop
      vertex -10.4722 14.7385 3
      vertex -10.6486 15.1978 4.2
      vertex -10.4722 14.7385 4.2
    endloop
  endfacet
  facet normal 0.93351 0.358551 -9.2599e-06
    outer loop
      vertex -10.6486 15.1978 4.2
      vertex -10.4722 14.7385 3
      vertex -10.6629 15.235 3
    endloop
  endfacet
  facet normal 0.998639 0.0521483 0
    outer loop
      vertex -10.6867 15.6896 4.2
      vertex -10.6907 15.7662 3
      vertex -10.6907 15.7662 4.21699
    endloop
  endfacet
  facet normal 0.998633 0.0522782 8.31699e-06
    outer loop
      vertex -10.6691 15.3534 4.2
      vertex -10.6907 15.7662 3
      vertex -10.6867 15.6896 4.2
    endloop
  endfacet
  facet normal 0.998632 0.0522932 -0
    outer loop
      vertex -10.6629 15.235 3
      vertex -10.6691 15.3534 4.2
      vertex -10.6629 15.235 4.21132
    endloop
  endfacet
  facet normal 0.998633 0.0522628 3.00793e-06
    outer loop
      vertex -10.6691 15.3534 4.2
      vertex -10.6629 15.235 3
      vertex -10.6907 15.7662 3
    endloop
  endfacet
  facet normal -0.838444 0.544988 0
    outer loop
      vertex -7.44697 14.897 3
      vertex -7.4887 14.8328 4.2
      vertex -7.44697 14.897 4.21699
    endloop
  endfacet
  facet normal -0.838701 0.544592 -3.01891e-05
    outer loop
      vertex -7.44697 14.897 3
      vertex -7.67207 14.5504 4.2
      vertex -7.4887 14.8328 4.2
    endloop
  endfacet
  facet normal -0.838688 0.544612 -2.19683e-05
    outer loop
      vertex -7.73665 14.4509 3
      vertex -7.67207 14.5504 4.2
      vertex -7.44697 14.897 3
    endloop
  endfacet
  facet normal -0.838809 0.544425 0
    outer loop
      vertex -7.67207 14.5504 4.2
      vertex -7.73665 14.4509 3
      vertex -7.73665 14.4509 4.21132
    endloop
  endfacet
  facet normal 0.777207 0.629245 0
    outer loop
      vertex -10.1626 14.3561 4.2
      vertex -10.4722 14.7385 3
      vertex -10.4722 14.7385 4.2
    endloop
  endfacet
  facet normal 0.777186 0.62927 -0
    outer loop
      vertex -10.1375 14.3251 3
      vertex -10.1626 14.3561 4.2
      vertex -10.1375 14.3251 4.21132
    endloop
  endfacet
  facet normal 0.777205 0.629247 1.00268e-06
    outer loop
      vertex -10.1626 14.3561 4.2
      vertex -10.1375 14.3251 3
      vertex -10.4722 14.7385 3
    endloop
  endfacet
  facet normal -0.965963 0.25868 0
    outer loop
      vertex -7.30931 15.4108 3
      vertex -7.337 15.3074 4.2
      vertex -7.30931 15.4108 4.21699
    endloop
  endfacet
  facet normal -0.965924 0.258827 1.35956e-05
    outer loop
      vertex -7.30931 15.4108 3
      vertex -7.41929 15.0003 4.2
      vertex -7.337 15.3074 4.2
    endloop
  endfacet
  facet normal -0.965932 0.258797 2.6727e-06
    outer loop
      vertex -7.44697 14.897 3
      vertex -7.41929 15.0003 4.2
      vertex -7.30931 15.4108 3
    endloop
  endfacet
  facet normal -0.965924 0.258826 0
    outer loop
      vertex -7.41929 15.0003 4.2
      vertex -7.44697 14.897 3
      vertex -7.44697 14.897 4.21699
    endloop
  endfacet
  facet normal 0.25854 0.966001 -4.04138e-05
    outer loop
      vertex -9.28101 13.9255 4.2
      vertex -9.1777 13.8978 3
      vertex -9.58814 14.0077 4.2
    endloop
  endfacet
  facet normal 0.258978 0.965883 -0
    outer loop
      vertex -9.1777 13.8978 3
      vertex -9.28101 13.9255 4.2
      vertex -9.1777 13.8978 4.21699
    endloop
  endfacet
  facet normal 0.258716 0.965954 2.4159e-05
    outer loop
      vertex -9.69145 14.0354 3
      vertex -9.58814 14.0077 4.2
      vertex -9.1777 13.8978 3
    endloop
  endfacet
  facet normal 0.258978 0.965883 0
    outer loop
      vertex -9.58814 14.0077 4.2
      vertex -9.69145 14.0354 3
      vertex -9.69145 14.0354 4.21699
    endloop
  endfacet
  facet normal -0.628121 0.778116 0
    outer loop
      vertex -7.73665 14.4509 3
      vertex -7.76762 14.4259 4.2
      vertex -7.73665 14.4509 4.21132
    endloop
  endfacet
  facet normal -0.629293 0.777168 -4.99953e-05
    outer loop
      vertex -8.15 14.1162 3
      vertex -7.76762 14.4259 4.2
      vertex -7.73665 14.4509 3
    endloop
  endfacet
  facet normal -0.629388 0.777092 0
    outer loop
      vertex -7.76762 14.4259 4.2
      vertex -8.15 14.1162 3
      vertex -8.15 14.1162 4.2
    endloop
  endfacet
  facet normal -0.998627 -0.0523773 0
    outer loop
      vertex -7.33715 15.9419 3
      vertex -7.33094 15.8235 4.2
      vertex -7.33715 15.9419 4.21132
    endloop
  endfacet
  facet normal -0.998629 -0.0523476 2.93797e-06
    outer loop
      vertex -7.30931 15.4108 3
      vertex -7.33094 15.8235 4.2
      vertex -7.33715 15.9419 3
    endloop
  endfacet
  facet normal -0.998629 -0.0523375 -5.74266e-07
    outer loop
      vertex -7.33094 15.8235 4.2
      vertex -7.30931 15.4108 3
      vertex -7.31332 15.4873 4.2
    endloop
  endfacet
  facet normal -0.998629 -0.0523464 0
    outer loop
      vertex -7.31332 15.4873 4.2
      vertex -7.30931 15.4108 3
      vertex -7.30931 15.4108 4.21699
    endloop
  endfacet
  facet normal -0.295739 -0.713804 0.634841
    outer loop
      vertex -8.15 17.0607 4.2
      vertex -7.40641 18.3535 6
      vertex -8.30855 17.1415 4.21699
    endloop
  endfacet
  facet normal -0.295564 -0.713898 0.634816
    outer loop
      vertex -8.56001 17.2305 4.2
      vertex -8.30855 17.1415 4.21699
      vertex -7.40641 18.3535 6
    endloop
  endfacet
  facet normal -0.295889 -0.715104 0.633305
    outer loop
      vertex -8.30855 17.1415 4.21699
      vertex -8.56001 17.2305 4.2
      vertex -8.41186 17.1692 4.2
    endloop
  endfacet
  facet normal -0.296348 -0.714722 0.633522
    outer loop
      vertex -8.15 17.0607 4.2
      vertex -8.30855 17.1415 4.21699
      vertex -8.2443 17.0998 4.2
    endloop
  endfacet
  facet normal -0.285011 -0.718861 0.634041
    outer loop
      vertex -7.40641 18.3535 6
      vertex -8.15 17.0607 4.2
      vertex -7.40414 18.3526 6
    endloop
  endfacet
  facet normal 0.470388 0.612955 0.634839
    outer loop
      vertex -10.5978 12.8258 6
      vertex -10.2021 14.3864 4.2
      vertex -11.2569 13.3316 6
    endloop
  endfacet
  facet normal 0.47043 -0.612917 0.634845
    outer loop
      vertex -9.85 17.0607 4.2
      vertex -10.5959 18.3526 6
      vertex -11.2549 17.8468 6
    endloop
  endfacet
  facet normal 0.470386 -0.612964 0.634832
    outer loop
      vertex -11.2549 17.8468 6
      vertex -10.2021 16.7905 4.2
      vertex -9.85 17.0607 4.2
    endloop
  endfacet
  facet normal 0.46387 -0.618493 0.634264
    outer loop
      vertex -10.2021 16.7905 4.2
      vertex -11.2549 17.8468 6
      vertex -11.2569 17.8453 6
    endloop
  endfacet
  facet normal -0.470397 -0.612948 0.63484
    outer loop
      vertex -6.74312 17.8453 6
      vertex -7.4022 18.3511 6
      vertex -7.79792 16.7905 4.2
    endloop
  endfacet
  facet normal -0.71464 -0.29207 0.635598
    outer loop
      vertex -7.52776 16.4385 4.2
      vertex -5.91704 16.4145 6
      vertex -5.91798 16.4168 6
    endloop
  endfacet
  facet normal -0.713836 -0.295685 0.63483
    outer loop
      vertex -5.91704 16.4145 6
      vertex -7.52776 16.4385 4.2
      vertex -7.35793 16.0285 4.2
    endloop
  endfacet
  facet normal -0.765907 -0.100777 0.635004
    outer loop
      vertex -7.33715 15.9419 4.21132
      vertex -7.35793 16.0285 4.2
      vertex -7.35143 15.9791 4.2
    endloop
  endfacet
  facet normal -0.766036 -0.10083 0.63484
    outer loop
      vertex -7.33715 15.9419 4.21132
      vertex -5.80861 15.5909 6
      vertex -7.35793 16.0285 4.2
    endloop
  endfacet
  facet normal -0.766037 -0.100873 0.634832
    outer loop
      vertex -7.33094 15.8235 4.2
      vertex -5.80861 15.5909 6
      vertex -7.33715 15.9419 4.21132
    endloop
  endfacet
  facet normal -0.766037 -0.100856 0.634835
    outer loop
      vertex -7.3 15.5885 4.2
      vertex -5.80861 15.5909 6
      vertex -7.33094 15.8235 4.2
    endloop
  endfacet
  facet normal -0.765937 -0.102125 0.634753
    outer loop
      vertex -5.80861 15.5909 6
      vertex -7.3 15.5885 4.2
      vertex -5.80829 15.5885 6
    endloop
  endfacet
  facet normal 0.613044 0.470273 0.634838
    outer loop
      vertex -11.2584 13.3335 6
      vertex -10.2021 14.3864 4.2
      vertex -10.4722 14.7385 4.2
    endloop
  endfacet
  facet normal 0.606016 0.478434 0.635488
    outer loop
      vertex -10.2021 14.3864 4.2
      vertex -11.2584 13.3335 6
      vertex -11.2569 13.3316 6
    endloop
  endfacet
  facet normal -0.295667 -0.713833 0.634842
    outer loop
      vertex -7.40641 18.3535 6
      vertex -8.17392 18.6714 6
      vertex -8.56001 17.2305 4.2
    endloop
  endfacet
  facet normal 0.125934 0.76505 0.631537
    outer loop
      vertex -9 12.3967 6
      vertex -9.1777 13.8978 4.21699
      vertex -9.00243 12.3971 6
    endloop
  endfacet
  facet normal 0.10079 0.766023 0.634863
    outer loop
      vertex -9 13.8885 4.2
      vertex -9.1777 13.8978 4.21699
      vertex -9 12.3967 6
    endloop
  endfacet
  facet normal 0.100755 0.766574 0.634202
    outer loop
      vertex -9.1777 13.8978 4.21699
      vertex -9 13.8885 4.2
      vertex -9.10119 13.9018 4.2
    endloop
  endfacet
  facet normal 0.100596 0.765205 0.635879
    outer loop
      vertex -9.43999 13.9464 4.2
      vertex -9.1777 13.8978 4.21699
      vertex -9.28101 13.9255 4.2
    endloop
  endfacet
  facet normal 0.100818 0.766039 0.634839
    outer loop
      vertex -9.1777 13.8978 4.21699
      vertex -9.43999 13.9464 4.2
      vertex -9.00243 12.3971 6
    endloop
  endfacet
  facet normal 0.285188 -0.716139 0.637035
    outer loop
      vertex -9.85 17.0607 4.2
      vertex -9.82608 18.6714 6
      vertex -9.82834 18.6705 6
    endloop
  endfacet
  facet normal 0.295629 -0.713846 0.634844
    outer loop
      vertex -9.82608 18.6714 6
      vertex -9.85 17.0607 4.2
      vertex -9.43999 17.2305 4.2
    endloop
  endfacet
  facet normal -0.100909 -0.766022 0.634845
    outer loop
      vertex -8.56001 17.2305 4.2
      vertex -8.17392 18.6714 6
      vertex -8.99757 18.7799 6
    endloop
  endfacet
  facet normal -0.766037 -0.100852 0.634836
    outer loop
      vertex -5.80861 15.5909 6
      vertex -5.91704 16.4145 6
      vertex -7.35793 16.0285 4.2
    endloop
  endfacet
  facet normal -0.608339 0.477066 0.634296
    outer loop
      vertex -7.52776 14.7385 4.2
      vertex -6.23739 13.9907 6
      vertex -6.2359 13.9926 6
    endloop
  endfacet
  facet normal -0.613017 0.470306 0.634841
    outer loop
      vertex -7.67207 14.5504 4.2
      vertex -6.23739 13.9907 6
      vertex -7.52776 14.7385 4.2
    endloop
  endfacet
  facet normal -0.613104 0.47016 0.634865
    outer loop
      vertex -7.73665 14.4509 4.21132
      vertex -6.23739 13.9907 6
      vertex -7.67207 14.5504 4.2
    endloop
  endfacet
  facet normal -0.611566 0.469126 0.637109
    outer loop
      vertex -7.79792 14.3864 4.2
      vertex -7.73665 14.4509 4.21132
      vertex -7.76762 14.4259 4.2
    endloop
  endfacet
  facet normal -0.612799 0.47071 0.634751
    outer loop
      vertex -7.73665 14.4509 4.21132
      vertex -7.79792 14.3864 4.2
      vertex -6.23739 13.9907 6
    endloop
  endfacet
  facet normal -0.612989 0.470349 0.634836
    outer loop
      vertex -6.74312 13.3316 6
      vertex -6.23739 13.9907 6
      vertex -7.79792 14.3864 4.2
    endloop
  endfacet
  facet normal 0.713809 -0.295754 0.634827
    outer loop
      vertex -10.6421 16.0285 4.2
      vertex -11.765 17.182 6
      vertex -12.083 16.4145 6
    endloop
  endfacet
  facet normal 0.470582 0.612848 0.634799
    outer loop
      vertex -10.5978 12.8258 6
      vertex -10.0381 14.2605 4.2
      vertex -10.1375 14.3251 4.21132
    endloop
  endfacet
  facet normal 0.46988 0.61255 0.635606
    outer loop
      vertex -10.2021 14.3864 4.2
      vertex -10.1375 14.3251 4.21132
      vertex -10.1626 14.3561 4.2
    endloop
  endfacet
  facet normal 0.470281 0.613028 0.634848
    outer loop
      vertex -10.0381 14.2605 4.2
      vertex -10.5978 12.8258 6
      vertex -9.85 14.1162 4.2
    endloop
  endfacet
  facet normal 0.470396 0.612951 0.634837
    outer loop
      vertex -10.5978 12.8258 6
      vertex -10.1375 14.3251 4.21132
      vertex -10.2021 14.3864 4.2
    endloop
  endfacet
  facet normal 0.457898 0.621432 0.635729
    outer loop
      vertex -9.85 14.1162 4.2
      vertex -10.5978 12.8258 6
      vertex -10.5959 12.8244 6
    endloop
  endfacet
  facet normal -0.612994 -0.470353 0.634828
    outer loop
      vertex -6.2359 17.1843 6
      vertex -6.74163 17.8434 6
      vertex -7.52776 16.4385 4.2
    endloop
  endfacet
  facet normal -0.100801 0.766045 0.634835
    outer loop
      vertex -8.76496 13.9194 4.2
      vertex -8.99757 12.3971 6
      vertex -8.64655 13.9256 4.21132
    endloop
  endfacet
  facet normal -0.101087 0.76605 0.634783
    outer loop
      vertex -8.56001 13.9464 4.2
      vertex -8.64655 13.9256 4.21132
      vertex -8.99757 12.3971 6
    endloop
  endfacet
  facet normal -0.100838 0.765436 0.635563
    outer loop
      vertex -8.64655 13.9256 4.21132
      vertex -8.56001 13.9464 4.2
      vertex -8.60935 13.9399 4.2
    endloop
  endfacet
  facet normal -0.10071 0.766046 0.634847
    outer loop
      vertex -9 13.8885 4.2
      vertex -8.99757 12.3971 6
      vertex -8.76496 13.9194 4.2
    endloop
  endfacet
  facet normal -0.125734 0.763833 0.633048
    outer loop
      vertex -8.99757 12.3971 6
      vertex -9 13.8885 4.2
      vertex -9 12.3967 6
    endloop
  endfacet
  facet normal 0.100909 -0.766022 0.634845
    outer loop
      vertex -9.43999 17.2305 4.2
      vertex -9.00243 18.7799 6
      vertex -9.82608 18.6714 6
    endloop
  endfacet
  facet normal 0.295649 -0.713834 0.634848
    outer loop
      vertex -9.85 17.0607 4.2
      vertex -9.82834 18.6705 6
      vertex -10.5959 18.3526 6
    endloop
  endfacet
  facet normal 0.295664 0.713834 0.634842
    outer loop
      vertex -9.82608 12.5055 6
      vertex -9.43999 13.9464 4.2
      vertex -10.5936 12.8234 6
    endloop
  endfacet
  facet normal -0.0945909 -0.766187 0.635618
    outer loop
      vertex -9 18.7802 6
      vertex -8.8223 17.2791 4.21699
      vertex -8.99757 18.7799 6
    endloop
  endfacet
  facet normal -0.101215 -0.76601 0.63481
    outer loop
      vertex -9 17.2885 4.2
      vertex -8.8223 17.2791 4.21699
      vertex -9 18.7802 6
    endloop
  endfacet
  facet normal -0.101286 -0.764858 0.636186
    outer loop
      vertex -8.8223 17.2791 4.21699
      vertex -9 17.2885 4.2
      vertex -8.89881 17.2751 4.2
    endloop
  endfacet
  facet normal -0.101551 -0.768787 0.63139
    outer loop
      vertex -8.56001 17.2305 4.2
      vertex -8.8223 17.2791 4.21699
      vertex -8.71899 17.2515 4.2
    endloop
  endfacet
  facet normal -0.100813 -0.766018 0.634865
    outer loop
      vertex -8.8223 17.2791 4.21699
      vertex -8.56001 17.2305 4.2
      vertex -8.99757 18.7799 6
    endloop
  endfacet
  facet normal -0.713832 -0.295689 0.634832
    outer loop
      vertex -5.91798 16.4168 6
      vertex -6.2359 17.1843 6
      vertex -7.52776 16.4385 4.2
    endloop
  endfacet
  facet normal 0.766037 0.100824 0.63484
    outer loop
      vertex -12.083 14.7624 6
      vertex -10.6421 15.1485 4.2
      vertex -12.1914 15.586 6
    endloop
  endfacet
  facet normal 0.100802 -0.766024 0.634859
    outer loop
      vertex -9.23504 17.2575 4.2
      vertex -9.00243 18.7799 6
      vertex -9.35345 17.2513 4.21132
    endloop
  endfacet
  facet normal 0.101079 -0.766029 0.634809
    outer loop
      vertex -9.43999 17.2305 4.2
      vertex -9.35345 17.2513 4.21132
      vertex -9.00243 18.7799 6
    endloop
  endfacet
  facet normal 0.100838 -0.765436 0.635563
    outer loop
      vertex -9.35345 17.2513 4.21132
      vertex -9.43999 17.2305 4.2
      vertex -9.39065 17.237 4.2
    endloop
  endfacet
  facet normal 0.101032 -0.76602 0.634827
    outer loop
      vertex -9 17.2885 4.2
      vertex -9.00243 18.7799 6
      vertex -9.23504 17.2575 4.2
    endloop
  endfacet
  facet normal 0.0946308 -0.766509 0.635223
    outer loop
      vertex -9.00243 18.7799 6
      vertex -9 17.2885 4.2
      vertex -9 18.7802 6
    endloop
  endfacet
  facet normal -0.71424 0.29572 0.634359
    outer loop
      vertex -7.44697 14.897 4.21699
      vertex -7.35793 15.1485 4.2
      vertex -7.41929 15.0003 4.2
    endloop
  endfacet
  facet normal -0.713302 0.295457 0.635536
    outer loop
      vertex -7.52776 14.7385 4.2
      vertex -7.44697 14.897 4.21699
      vertex -7.4887 14.8328 4.2
    endloop
  endfacet
  facet normal -0.713869 0.29562 0.634823
    outer loop
      vertex -7.44697 14.897 4.21699
      vertex -6.23496 13.9949 6
      vertex -7.35793 15.1485 4.2
    endloop
  endfacet
  facet normal -0.713785 0.295777 0.634845
    outer loop
      vertex -7.52776 14.7385 4.2
      vertex -6.23496 13.9949 6
      vertex -7.44697 14.897 4.21699
    endloop
  endfacet
  facet normal -0.715399 0.29238 0.634601
    outer loop
      vertex -6.23496 13.9949 6
      vertex -7.52776 14.7385 4.2
      vertex -6.2359 13.9926 6
    endloop
  endfacet
  facet normal 0 0 1
    outer loop
      vertex -8.41186 17.1692 4.2
      vertex -8.56001 17.2305 4.2
      vertex -8.71899 17.2515 4.2
    endloop
  endfacet
  facet normal 0 -0 1
    outer loop
      vertex -9 13.8885 4.2
      vertex -8.76496 13.9194 4.2
      vertex -9.10119 13.9018 4.2
    endloop
  endfacet
  facet normal -0 -0 1
    outer loop
      vertex -10.2021 14.3864 4.2
      vertex -10.1626 14.3561 4.2
      vertex -10.4722 14.7385 4.2
    endloop
  endfacet
  facet normal 0 0 1
    outer loop
      vertex -7.35143 15.9791 4.2
      vertex -7.35793 16.0285 4.2
      vertex -7.52776 16.4385 4.2
    endloop
  endfacet
  facet normal -0 -0 1
    outer loop
      vertex -10.6421 15.1485 4.2
      vertex -10.4722 14.7385 4.2
      vertex -10.6486 15.1978 4.2
    endloop
  endfacet
  facet normal 0 -0 1
    outer loop
      vertex -7.31332 15.4873 4.2
      vertex -7.3 15.5885 4.2
      vertex -7.33094 15.8235 4.2
    endloop
  endfacet
  facet normal 0 0 1
    outer loop
      vertex -9.39065 17.237 4.2
      vertex -9.43999 17.2305 4.2
      vertex -9.85 17.0607 4.2
    endloop
  endfacet
  facet normal 0 0 1
    outer loop
      vertex -9.85 17.0607 4.2
      vertex -10.2021 16.7905 4.2
      vertex -10.2324 16.7511 4.2
    endloop
  endfacet
  facet normal 0 -0 1
    outer loop
      vertex -7.52776 14.7385 4.2
      vertex -7.4887 14.8328 4.2
      vertex -7.67207 14.5504 4.2
    endloop
  endfacet
  facet normal -0 -0 1
    outer loop
      vertex -9.85 14.1162 4.2
      vertex -9.7557 14.0772 4.2
      vertex -10.0381 14.2605 4.2
    endloop
  endfacet
  facet normal 0 -0 1
    outer loop
      vertex -8.56001 13.9464 4.2
      vertex -8.15 14.1162 4.2
      vertex -8.60935 13.9399 4.2
    endloop
  endfacet
  facet normal 0 -0 1
    outer loop
      vertex -7.79792 14.3864 4.2
      vertex -7.76762 14.4259 4.2
      vertex -8.15 14.1162 4.2
    endloop
  endfacet
  facet normal 0 0 1
    outer loop
      vertex -8.89881 17.2751 4.2
      vertex -9 17.2885 4.2
      vertex -9.23504 17.2575 4.2
    endloop
  endfacet
  facet normal 0 0 1
    outer loop
      vertex -7.52776 16.4385 4.2
      vertex -7.79792 16.7905 4.2
      vertex -7.8374 16.8208 4.2
    endloop
  endfacet
  facet normal 0 -0 1
    outer loop
      vertex -7.35793 15.1485 4.2
      vertex -7.337 15.3074 4.2
      vertex -7.41929 15.0003 4.2
    endloop
  endfacet
  facet normal 0 0 1
    outer loop
      vertex -10.6691 15.3534 4.2
      vertex -10.6867 15.6896 4.2
      vertex -10.7 15.5885 4.2
    endloop
  endfacet
  facet normal -0 -0 1
    outer loop
      vertex -9.43999 13.9464 4.2
      vertex -9.28101 13.9255 4.2
      vertex -9.58814 14.0077 4.2
    endloop
  endfacet
  facet normal 0 0 1
    outer loop
      vertex -7.96192 16.9164 4.2
      vertex -8.15 17.0607 4.2
      vertex -8.2443 17.0998 4.2
    endloop
  endfacet
  facet normal 0 0 1
    outer loop
      vertex -10.5807 16.1766 4.2
      vertex -10.6421 16.0285 4.2
      vertex -10.663 15.8695 4.2
    endloop
  endfacet
  facet normal 0 0 1
    outer loop
      vertex -10.3279 16.6265 4.2
      vertex -10.4722 16.4385 4.2
      vertex -10.5113 16.3442 4.2
    endloop
  endfacet
  facet normal -0.472701 -0.611361 0.634659
    outer loop
      vertex -8.15 17.0607 4.2
      vertex -7.4022 18.3511 6
      vertex -7.40414 18.3526 6
    endloop
  endfacet
  facet normal -0.470594 -0.612845 0.634794
    outer loop
      vertex -7.4022 18.3511 6
      vertex -7.86248 16.8518 4.21132
      vertex -7.79792 16.7905 4.2
    endloop
  endfacet
  facet normal -0.469975 -0.612364 0.635715
    outer loop
      vertex -7.79792 16.7905 4.2
      vertex -7.86248 16.8518 4.21132
      vertex -7.8374 16.8208 4.2
    endloop
  endfacet
  facet normal -0.470447 -0.612926 0.634824
    outer loop
      vertex -7.4022 18.3511 6
      vertex -7.96192 16.9164 4.2
      vertex -7.86248 16.8518 4.21132
    endloop
  endfacet
  facet normal -0.470314 -0.613005 0.634846
    outer loop
      vertex -7.4022 18.3511 6
      vertex -8.15 17.0607 4.2
      vertex -7.96192 16.9164 4.2
    endloop
  endfacet
  facet normal -0.295748 0.713812 0.634827
    outer loop
      vertex -7.40414 12.8244 6
      vertex -8.15 14.1162 4.2
      vertex -8.17166 12.5064 6
    endloop
  endfacet
  facet normal -0.607664 -0.476536 0.635341
    outer loop
      vertex -7.79792 16.7905 4.2
      vertex -6.74163 17.8434 6
      vertex -6.74312 17.8453 6
    endloop
  endfacet
  facet normal -0.612923 -0.470418 0.634849
    outer loop
      vertex -6.74163 17.8434 6
      vertex -7.79792 16.7905 4.2
      vertex -7.52776 16.4385 4.2
    endloop
  endfacet
  facet normal -0.713827 0.295687 0.634839
    outer loop
      vertex -6.23496 13.9949 6
      vertex -5.91704 14.7624 6
      vertex -7.35793 15.1485 4.2
    endloop
  endfacet
  facet normal -0.766034 0.100851 0.634839
    outer loop
      vertex -5.91704 14.7624 6
      vertex -5.80861 15.586 6
      vertex -7.35793 15.1485 4.2
    endloop
  endfacet
  facet normal 0.76514 -0.100575 0.635961
    outer loop
      vertex -10.6421 16.0285 4.2
      vertex -10.6907 15.7662 4.21699
      vertex -10.663 15.8695 4.2
    endloop
  endfacet
  facet normal 0.76604 -0.100814 0.634838
    outer loop
      vertex -12.1914 15.5909 6
      vertex -10.6907 15.7662 4.21699
      vertex -10.6421 16.0285 4.2
    endloop
  endfacet
  facet normal 0.76604 -0.100789 0.634841
    outer loop
      vertex -10.7 15.5885 4.2
      vertex -10.6907 15.7662 4.21699
      vertex -12.1914 15.5909 6
    endloop
  endfacet
  facet normal 0.766423 -0.0958029 0.635152
    outer loop
      vertex -10.7 15.5885 4.2
      vertex -12.1914 15.5909 6
      vertex -12.1917 15.5885 6
    endloop
  endfacet
  facet normal 0.766111 -0.100784 0.634757
    outer loop
      vertex -10.6907 15.7662 4.21699
      vertex -10.7 15.5885 4.2
      vertex -10.6867 15.6896 4.2
    endloop
  endfacet
  facet normal -0.76625 0.09808 0.635013
    outer loop
      vertex -7.3 15.5885 4.2
      vertex -5.80861 15.586 6
      vertex -5.80829 15.5885 6
    endloop
  endfacet
  facet normal -0.766063 0.10083 0.634808
    outer loop
      vertex -7.30931 15.4108 4.21699
      vertex -7.3 15.5885 4.2
      vertex -7.31332 15.4873 4.2
    endloop
  endfacet
  facet normal -0.766036 0.100831 0.63484
    outer loop
      vertex -7.3 15.5885 4.2
      vertex -7.30931 15.4108 4.21699
      vertex -5.80861 15.586 6
    endloop
  endfacet
  facet normal -0.766246 0.100928 0.634571
    outer loop
      vertex -7.35793 15.1485 4.2
      vertex -7.30931 15.4108 4.21699
      vertex -7.337 15.3074 4.2
    endloop
  endfacet
  facet normal -0.766035 0.100872 0.634834
    outer loop
      vertex -7.30931 15.4108 4.21699
      vertex -7.35793 15.1485 4.2
      vertex -5.80861 15.586 6
    endloop
  endfacet
  facet normal 0.766699 0.0920039 0.63538
    outer loop
      vertex -12.1914 15.586 6
      vertex -10.7 15.5885 4.2
      vertex -12.1917 15.5885 6
    endloop
  endfacet
  facet normal 0.766046 0.100684 0.634851
    outer loop
      vertex -12.1914 15.586 6
      vertex -10.6691 15.3534 4.2
      vertex -10.7 15.5885 4.2
    endloop
  endfacet
  facet normal 0.766044 0.100809 0.634834
    outer loop
      vertex -12.1914 15.586 6
      vertex -10.6629 15.235 4.21132
      vertex -10.6691 15.3534 4.2
    endloop
  endfacet
  facet normal 0.76605 0.101135 0.634775
    outer loop
      vertex -10.6421 15.1485 4.2
      vertex -10.6629 15.235 4.21132
      vertex -12.1914 15.586 6
    endloop
  endfacet
  facet normal 0.76556 0.100936 0.635397
    outer loop
      vertex -10.6629 15.235 4.21132
      vertex -10.6421 15.1485 4.2
      vertex -10.6486 15.1978 4.2
    endloop
  endfacet
  facet normal -0.100818 0.766039 0.634839
    outer loop
      vertex -8.17392 12.5055 6
      vertex -8.56001 13.9464 4.2
      vertex -8.99757 12.3971 6
    endloop
  endfacet
  facet normal 0.76604 -0.100824 0.634836
    outer loop
      vertex -10.6421 16.0285 4.2
      vertex -12.083 16.4145 6
      vertex -12.1914 15.5909 6
    endloop
  endfacet
  facet normal -0.285188 0.716139 0.637035
    outer loop
      vertex -8.15 14.1162 4.2
      vertex -8.17392 12.5055 6
      vertex -8.17166 12.5064 6
    endloop
  endfacet
  facet normal -0.295629 0.713846 0.634844
    outer loop
      vertex -8.17392 12.5055 6
      vertex -8.15 14.1162 4.2
      vertex -8.56001 13.9464 4.2
    endloop
  endfacet
  facet normal 0.612966 -0.470375 0.634838
    outer loop
      vertex -10.2021 16.7905 4.2
      vertex -11.2569 17.8453 6
      vertex -11.7626 17.1863 6
    endloop
  endfacet
  facet normal 0.713825 0.295668 0.63485
    outer loop
      vertex -11.7641 13.9926 6
      vertex -10.4722 14.7385 4.2
      vertex -12.082 14.7601 6
    endloop
  endfacet
  facet normal -0.472521 0.611127 0.635018
    outer loop
      vertex -7.79792 14.3864 4.2
      vertex -6.74506 13.3301 6
      vertex -6.74312 13.3316 6
    endloop
  endfacet
  facet normal -0.470398 0.612945 0.634842
    outer loop
      vertex -6.74506 13.3301 6
      vertex -7.79792 14.3864 4.2
      vertex -8.15 14.1162 4.2
    endloop
  endfacet
  facet normal 0.100818 0.766039 0.634839
    outer loop
      vertex -9.00243 12.3971 6
      vertex -9.43999 13.9464 4.2
      vertex -9.82608 12.5055 6
    endloop
  endfacet
  facet normal 0.295738 0.713803 0.634842
    outer loop
      vertex -9.85 14.1162 4.2
      vertex -10.5936 12.8234 6
      vertex -9.69145 14.0354 4.21699
    endloop
  endfacet
  facet normal 0.295563 0.713897 0.634817
    outer loop
      vertex -9.43999 13.9464 4.2
      vertex -9.69145 14.0354 4.21699
      vertex -10.5936 12.8234 6
    endloop
  endfacet
  facet normal 0.295889 0.715104 0.633305
    outer loop
      vertex -9.69145 14.0354 4.21699
      vertex -9.43999 13.9464 4.2
      vertex -9.58814 14.0077 4.2
    endloop
  endfacet
  facet normal 0.294333 0.711681 0.63787
    outer loop
      vertex -9.85 14.1162 4.2
      vertex -9.69145 14.0354 4.21699
      vertex -9.7557 14.0772 4.2
    endloop
  endfacet
  facet normal 0.307812 0.707967 0.635638
    outer loop
      vertex -10.5936 12.8234 6
      vertex -9.85 14.1162 4.2
      vertex -10.5959 12.8244 6
    endloop
  endfacet
  facet normal 0.612991 0.470322 0.634854
    outer loop
      vertex -11.2584 13.3335 6
      vertex -10.4722 14.7385 4.2
      vertex -11.7641 13.9926 6
    endloop
  endfacet
  facet normal -0.470345 0.613002 0.634826
    outer loop
      vertex -7.40414 12.8244 6
      vertex -6.74506 13.3301 6
      vertex -8.15 14.1162 4.2
    endloop
  endfacet
  facet normal 0.710747 0.309021 0.631937
    outer loop
      vertex -10.4722 14.7385 4.2
      vertex -12.083 14.7624 6
      vertex -12.082 14.7601 6
    endloop
  endfacet
  facet normal 0.713789 0.295787 0.634835
    outer loop
      vertex -12.083 14.7624 6
      vertex -10.4722 14.7385 4.2
      vertex -10.6421 15.1485 4.2
    endloop
  endfacet
  facet normal 0.720327 -0.281867 0.633782
    outer loop
      vertex -11.765 17.182 6
      vertex -10.4722 16.4385 4.2
      vertex -11.7641 17.1843 6
    endloop
  endfacet
  facet normal 0.713845 -0.295668 0.634827
    outer loop
      vertex -10.553 16.2799 4.21699
      vertex -10.4722 16.4385 4.2
      vertex -11.765 17.182 6
    endloop
  endfacet
  facet normal 0.715117 -0.296512 0.633
    outer loop
      vertex -10.4722 16.4385 4.2
      vertex -10.553 16.2799 4.21699
      vertex -10.5113 16.3442 4.2
    endloop
  endfacet
  facet normal 0.713739 -0.295865 0.634854
    outer loop
      vertex -10.6421 16.0285 4.2
      vertex -10.553 16.2799 4.21699
      vertex -11.765 17.182 6
    endloop
  endfacet
  facet normal 0.713457 -0.295788 0.635208
    outer loop
      vertex -10.553 16.2799 4.21699
      vertex -10.6421 16.0285 4.2
      vertex -10.5807 16.1766 4.2
    endloop
  endfacet
  facet normal 0.615342 -0.47322 0.630411
    outer loop
      vertex -10.2021 16.7905 4.2
      vertex -10.2633 16.726 4.21132
      vertex -10.2324 16.7511 4.2
    endloop
  endfacet
  facet normal 0.613037 -0.47024 0.634869
    outer loop
      vertex -11.7626 17.1863 6
      vertex -10.3279 16.6265 4.2
      vertex -10.2633 16.726 4.21132
    endloop
  endfacet
  facet normal 0.613033 -0.470247 0.634868
    outer loop
      vertex -11.7626 17.1863 6
      vertex -10.2633 16.726 4.21132
      vertex -10.2021 16.7905 4.2
    endloop
  endfacet
  facet normal 0.612915 -0.470445 0.634836
    outer loop
      vertex -10.3279 16.6265 4.2
      vertex -11.7626 17.1863 6
      vertex -10.4722 16.4385 4.2
    endloop
  endfacet
  facet normal 0.617772 -0.463329 0.635361
    outer loop
      vertex -10.4722 16.4385 4.2
      vertex -11.7626 17.1863 6
      vertex -11.7641 17.1843 6
    endloop
  endfacet
  facet normal 0.0522736 0.998633 4.09872e-06
    outer loop
      vertex -8.89881 -17.2751 4.2
      vertex -8.8223 -17.2791 3
      vertex -9.23504 -17.2575 4.2
    endloop
  endfacet
  facet normal 0.0522094 0.998636 -0
    outer loop
      vertex -8.8223 -17.2791 3
      vertex -8.89881 -17.2751 4.2
      vertex -8.8223 -17.2791 4.21699
    endloop
  endfacet
  facet normal 0.0522677 0.998633 2.08695e-06
    outer loop
      vertex -9.35345 -17.2513 3
      vertex -9.23504 -17.2575 4.2
      vertex -8.8223 -17.2791 3
    endloop
  endfacet
  facet normal 0.0522888 0.998632 0
    outer loop
      vertex -9.23504 -17.2575 4.2
      vertex -9.35345 -17.2513 3
      vertex -9.35345 -17.2513 4.21132
    endloop
  endfacet
  facet normal 0.358811 0.93341 -0
    outer loop
      vertex -9.35345 -17.2513 3
      vertex -9.39065 -17.237 4.2
      vertex -9.35345 -17.2513 4.21132
    endloop
  endfacet
  facet normal 0.358355 0.933585 -1.62084e-05
    outer loop
      vertex -9.85 -17.0607 3
      vertex -9.39065 -17.237 4.2
      vertex -9.35345 -17.2513 3
    endloop
  endfacet
  facet normal 0.358318 0.933599 0
    outer loop
      vertex -9.39065 -17.237 4.2
      vertex -9.85 -17.0607 3
      vertex -9.85 -17.0607 4.2
    endloop
  endfacet
  facet normal -0.258833 0.965922 1.33348e-05
    outer loop
      vertex -8.41186 -17.1692 4.2
      vertex -8.30855 -17.1415 3
      vertex -8.71899 -17.2515 4.2
    endloop
  endfacet
  facet normal -0.258978 0.965883 0
    outer loop
      vertex -8.30855 -17.1415 3
      vertex -8.41186 -17.1692 4.2
      vertex -8.30855 -17.1415 4.21699
    endloop
  endfacet
  facet normal -0.258716 0.965954 5.63371e-05
    outer loop
      vertex -8.8223 -17.2791 3
      vertex -8.71899 -17.2515 4.2
      vertex -8.30855 -17.1415 3
    endloop
  endfacet
  facet normal -0.258105 0.966117 0
    outer loop
      vertex -8.71899 -17.2515 4.2
      vertex -8.8223 -17.2791 3
      vertex -8.8223 -17.2791 4.21699
    endloop
  endfacet
  facet normal 0.933518 -0.35853 0
    outer loop
      vertex -10.6486 -15.1978 4.2
      vertex -10.4722 -14.7385 3
      vertex -10.4722 -14.7385 4.2
    endloop
  endfacet
  facet normal 0.93341 -0.358811 0
    outer loop
      vertex -10.6629 -15.235 3
      vertex -10.6486 -15.1978 4.2
      vertex -10.6629 -15.235 4.21132
    endloop
  endfacet
  facet normal 0.93351 -0.358551 -9.2599e-06
    outer loop
      vertex -10.6486 -15.1978 4.2
      vertex -10.6629 -15.235 3
      vertex -10.4722 -14.7385 3
    endloop
  endfacet
  facet normal -0.998629 0.0523464 0
    outer loop
      vertex -7.30931 -15.4108 3
      vertex -7.31332 -15.4873 4.2
      vertex -7.30931 -15.4108 4.21699
    endloop
  endfacet
  facet normal -0.998629 0.0523375 -5.74266e-07
    outer loop
      vertex -7.30931 -15.4108 3
      vertex -7.33094 -15.8235 4.2
      vertex -7.31332 -15.4873 4.2
    endloop
  endfacet
  facet normal -0.998629 0.0523476 2.93797e-06
    outer loop
      vertex -7.33715 -15.9419 3
      vertex -7.33094 -15.8235 4.2
      vertex -7.30931 -15.4108 3
    endloop
  endfacet
  facet normal -0.998627 0.0523773 0
    outer loop
      vertex -7.33094 -15.8235 4.2
      vertex -7.33715 -15.9419 3
      vertex -7.33715 -15.9419 4.21132
    endloop
  endfacet
  facet normal 0.998632 -0.0522932 0
    outer loop
      vertex -10.6691 -15.3534 4.2
      vertex -10.6629 -15.235 3
      vertex -10.6629 -15.235 4.21132
    endloop
  endfacet
  facet normal 0.998633 -0.0522782 8.31699e-06
    outer loop
      vertex -10.6907 -15.7662 3
      vertex -10.6691 -15.3534 4.2
      vertex -10.6867 -15.6896 4.2
    endloop
  endfacet
  facet normal 0.998639 -0.0521483 0
    outer loop
      vertex -10.6907 -15.7662 3
      vertex -10.6867 -15.6896 4.2
      vertex -10.6907 -15.7662 4.21699
    endloop
  endfacet
  facet normal 0.998633 -0.0522628 3.00793e-06
    outer loop
      vertex -10.6691 -15.3534 4.2
      vertex -10.6907 -15.7662 3
      vertex -10.6629 -15.235 3
    endloop
  endfacet
  facet normal 0.965877 0.259001 0
    outer loop
      vertex -10.663 -15.8695 4.2
      vertex -10.6907 -15.7662 3
      vertex -10.6907 -15.7662 4.21699
    endloop
  endfacet
  facet normal 0.965916 0.258857 -1.3315e-05
    outer loop
      vertex -10.5807 -16.1766 4.2
      vertex -10.6907 -15.7662 3
      vertex -10.663 -15.8695 4.2
    endloop
  endfacet
  facet normal 0.965877 0.259001 -0
    outer loop
      vertex -10.553 -16.2799 3
      vertex -10.5807 -16.1766 4.2
      vertex -10.553 -16.2799 4.21699
    endloop
  endfacet
  facet normal 0.9659 0.258915 7.95986e-06
    outer loop
      vertex -10.5807 -16.1766 4.2
      vertex -10.553 -16.2799 3
      vertex -10.6907 -15.7662 3
    endloop
  endfacet
  facet normal 0.777186 -0.62927 0
    outer loop
      vertex -10.1626 -14.3561 4.2
      vertex -10.1375 -14.3251 3
      vertex -10.1375 -14.3251 4.21132
    endloop
  endfacet
  facet normal 0.777207 -0.629245 0
    outer loop
      vertex -10.4722 -14.7385 3
      vertex -10.1626 -14.3561 4.2
      vertex -10.4722 -14.7385 4.2
    endloop
  endfacet
  facet normal 0.777205 -0.629247 1.00268e-06
    outer loop
      vertex -10.1626 -14.3561 4.2
      vertex -10.4722 -14.7385 3
      vertex -10.1375 -14.3251 3
    endloop
  endfacet
  facet normal -0.838809 -0.544425 0
    outer loop
      vertex -7.73665 -14.4509 3
      vertex -7.67207 -14.5504 4.2
      vertex -7.73665 -14.4509 4.21132
    endloop
  endfacet
  facet normal -0.838688 -0.544612 -2.19683e-05
    outer loop
      vertex -7.44697 -14.897 3
      vertex -7.67207 -14.5504 4.2
      vertex -7.73665 -14.4509 3
    endloop
  endfacet
  facet normal -0.838701 -0.544592 -3.01891e-05
    outer loop
      vertex -7.67207 -14.5504 4.2
      vertex -7.44697 -14.897 3
      vertex -7.4887 -14.8328 4.2
    endloop
  endfacet
  facet normal -0.838444 -0.544988 0
    outer loop
      vertex -7.4887 -14.8328 4.2
      vertex -7.44697 -14.897 3
      vertex -7.44697 -14.897 4.21699
    endloop
  endfacet
  facet normal 0.629245 0.777207 0
    outer loop
      vertex -9.85 -17.0607 4.2
      vertex -9.85 -17.0607 3
      vertex -10.2324 -16.7511 4.2
    endloop
  endfacet
  facet normal 0.629339 0.777131 4.95148e-05
    outer loop
      vertex -10.2633 -16.726 3
      vertex -10.2324 -16.7511 4.2
      vertex -9.85 -17.0607 3
    endloop
  endfacet
  facet normal 0.630498 0.776191 0
    outer loop
      vertex -10.2324 -16.7511 4.2
      vertex -10.2633 -16.726 3
      vertex -10.2633 -16.726 4.21132
    endloop
  endfacet
  facet normal -0.629388 -0.777092 -0
    outer loop
      vertex -8.15 -14.1162 4.2
      vertex -8.15 -14.1162 3
      vertex -7.76762 -14.4259 4.2
    endloop
  endfacet
  facet normal -0.629293 -0.777168 -4.99953e-05
    outer loop
      vertex -7.73665 -14.4509 3
      vertex -7.76762 -14.4259 4.2
      vertex -8.15 -14.1162 3
    endloop
  endfacet
  facet normal -0.628121 -0.778116 0
    outer loop
      vertex -7.76762 -14.4259 4.2
      vertex -7.73665 -14.4509 3
      vertex -7.73665 -14.4509 4.21132
    endloop
  endfacet
  facet normal 0.83901 0.544117 0
    outer loop
      vertex -10.5113 -16.3442 4.2
      vertex -10.553 -16.2799 3
      vertex -10.553 -16.2799 4.21699
    endloop
  endfacet
  facet normal 0.838573 0.54479 5.12659e-05
    outer loop
      vertex -10.3279 -16.6265 4.2
      vertex -10.553 -16.2799 3
      vertex -10.5113 -16.3442 4.2
    endloop
  endfacet
  facet normal 0.838732 0.544544 -0
    outer loop
      vertex -10.2633 -16.726 3
      vertex -10.3279 -16.6265 4.2
      vertex -10.2633 -16.726 4.21132
    endloop
  endfacet
  facet normal 0.838671 0.544638 -1.11077e-05
    outer loop
      vertex -10.3279 -16.6265 4.2
      vertex -10.2633 -16.726 3
      vertex -10.553 -16.2799 3
    endloop
  endfacet
  facet normal -0.777087 0.629394 0
    outer loop
      vertex -7.52776 -16.4385 3
      vertex -7.8374 -16.8208 4.2
      vertex -7.52776 -16.4385 4.2
    endloop
  endfacet
  facet normal -0.777113 0.629362 -1.68534e-05
    outer loop
      vertex -7.86248 -16.8518 3
      vertex -7.8374 -16.8208 4.2
      vertex -7.52776 -16.4385 3
    endloop
  endfacet
  facet normal -0.777432 0.628967 0
    outer loop
      vertex -7.8374 -16.8208 4.2
      vertex -7.86248 -16.8518 3
      vertex -7.86248 -16.8518 4.21132
    endloop
  endfacet
  facet normal -0.544664 0.838654 1.30886e-05
    outer loop
      vertex -8.30855 -17.1415 3
      vertex -7.96192 -16.9164 4.2
      vertex -7.86248 -16.8518 3
    endloop
  endfacet
  facet normal -0.544775 0.838582 0
    outer loop
      vertex -7.86248 -16.8518 3
      vertex -7.96192 -16.9164 4.2
      vertex -7.86248 -16.8518 4.21132
    endloop
  endfacet
  facet normal -0.544681 0.838643 2.03043e-05
    outer loop
      vertex -7.96192 -16.9164 4.2
      vertex -8.30855 -17.1415 3
      vertex -8.2443 -17.0998 4.2
    endloop
  endfacet
  facet normal -0.544415 0.838816 0
    outer loop
      vertex -8.2443 -17.0998 4.2
      vertex -8.30855 -17.1415 3
      vertex -8.30855 -17.1415 4.21699
    endloop
  endfacet
  facet normal -0.0522736 -0.998633 4.09872e-06
    outer loop
      vertex -9.10119 -13.9018 4.2
      vertex -9.1777 -13.8978 3
      vertex -8.76496 -13.9194 4.2
    endloop
  endfacet
  facet normal -0.0522094 -0.998636 0
    outer loop
      vertex -9.1777 -13.8978 3
      vertex -9.10119 -13.9018 4.2
      vertex -9.1777 -13.8978 4.21699
    endloop
  endfacet
  facet normal -0.0522677 -0.998633 2.08695e-06
    outer loop
      vertex -8.64655 -13.9256 3
      vertex -8.76496 -13.9194 4.2
      vertex -9.1777 -13.8978 3
    endloop
  endfacet
  facet normal -0.0522888 -0.998632 0
    outer loop
      vertex -8.76496 -13.9194 4.2
      vertex -8.64655 -13.9256 3
      vertex -8.64655 -13.9256 4.21132
    endloop
  endfacet
  facet normal -0.933578 0.358374 0
    outer loop
      vertex -7.33715 -15.9419 3
      vertex -7.35143 -15.9791 4.2
      vertex -7.33715 -15.9419 4.21132
    endloop
  endfacet
  facet normal -0.933591 0.35834 -1.18438e-06
    outer loop
      vertex -7.52776 -16.4385 3
      vertex -7.35143 -15.9791 4.2
      vertex -7.33715 -15.9419 3
    endloop
  endfacet
  facet normal -0.933592 0.358338 0
    outer loop
      vertex -7.35143 -15.9791 4.2
      vertex -7.52776 -16.4385 3
      vertex -7.52776 -16.4385 4.2
    endloop
  endfacet
  facet normal 0.25854 -0.966001 4.04138e-05
    outer loop
      vertex -9.58814 -14.0077 4.2
      vertex -9.69145 -14.0354 3
      vertex -9.28101 -13.9255 4.2
    endloop
  endfacet
  facet normal 0.258978 -0.965883 0
    outer loop
      vertex -9.69145 -14.0354 3
      vertex -9.58814 -14.0077 4.2
      vertex -9.69145 -14.0354 4.21699
    endloop
  endfacet
  facet normal 0.258716 -0.965954 -2.4159e-05
    outer loop
      vertex -9.1777 -13.8978 3
      vertex -9.28101 -13.9255 4.2
      vertex -9.69145 -14.0354 3
    endloop
  endfacet
  facet normal 0.258978 -0.965883 0
    outer loop
      vertex -9.28101 -13.9255 4.2
      vertex -9.1777 -13.8978 3
      vertex -9.1777 -13.8978 4.21699
    endloop
  endfacet
  facet normal -0.965924 -0.258826 0
    outer loop
      vertex -7.44697 -14.897 3
      vertex -7.41929 -15.0003 4.2
      vertex -7.44697 -14.897 4.21699
    endloop
  endfacet
  facet normal -0.965924 -0.258827 -7.60116e-08
    outer loop
      vertex -7.44697 -14.897 3
      vertex -7.337 -15.3074 4.2
      vertex -7.41929 -15.0003 4.2
    endloop
  endfacet
  facet normal -0.965932 -0.258797 1.08443e-05
    outer loop
      vertex -7.30931 -15.4108 3
      vertex -7.337 -15.3074 4.2
      vertex -7.44697 -14.897 3
    endloop
  endfacet
  facet normal -0.965963 -0.25868 0
    outer loop
      vertex -7.337 -15.3074 4.2
      vertex -7.30931 -15.4108 3
      vertex -7.30931 -15.4108 4.21699
    endloop
  endfacet
  facet normal -0.358811 -0.93341 0
    outer loop
      vertex -8.64655 -13.9256 3
      vertex -8.60935 -13.9399 4.2
      vertex -8.64655 -13.9256 4.21132
    endloop
  endfacet
  facet normal -0.358355 -0.933585 -1.62084e-05
    outer loop
      vertex -8.15 -14.1162 3
      vertex -8.60935 -13.9399 4.2
      vertex -8.64655 -13.9256 3
    endloop
  endfacet
  facet normal -0.358318 -0.933599 0
    outer loop
      vertex -8.60935 -13.9399 4.2
      vertex -8.15 -14.1162 3
      vertex -8.15 -14.1162 4.2
    endloop
  endfacet
  facet normal 0.544681 -0.838643 2.92207e-05
    outer loop
      vertex -9.69145 -14.0354 3
      vertex -10.0381 -14.2605 4.2
      vertex -10.1375 -14.3251 3
    endloop
  endfacet
  facet normal 0.544929 -0.838482 0
    outer loop
      vertex -10.1375 -14.3251 3
      vertex -10.0381 -14.2605 4.2
      vertex -10.1375 -14.3251 4.21132
    endloop
  endfacet
  facet normal 0.544445 -0.838796 -6.75606e-05
    outer loop
      vertex -10.0381 -14.2605 4.2
      vertex -9.69145 -14.0354 3
      vertex -9.7557 -14.0772 4.2
    endloop
  endfacet
  facet normal 0.545332 -0.83822 0
    outer loop
      vertex -9.7557 -14.0772 4.2
      vertex -9.69145 -14.0354 3
      vertex -9.69145 -14.0354 4.21699
    endloop
  endfacet
  facet normal 0.766423 0.0958029 0.635152
    outer loop
      vertex -12.1914 -15.5909 6
      vertex -10.7 -15.5885 4.2
      vertex -12.1917 -15.5885 6
    endloop
  endfacet
  facet normal 0.76604 0.100789 0.634841
    outer loop
      vertex -10.6907 -15.7662 4.21699
      vertex -10.7 -15.5885 4.2
      vertex -12.1914 -15.5909 6
    endloop
  endfacet
  facet normal 0.766111 0.100784 0.634757
    outer loop
      vertex -10.7 -15.5885 4.2
      vertex -10.6907 -15.7662 4.21699
      vertex -10.6867 -15.6896 4.2
    endloop
  endfacet
  facet normal 0.76604 0.100814 0.634838
    outer loop
      vertex -10.6421 -16.0285 4.2
      vertex -10.6907 -15.7662 4.21699
      vertex -12.1914 -15.5909 6
    endloop
  endfacet
  facet normal 0.76514 0.100575 0.635961
    outer loop
      vertex -10.6907 -15.7662 4.21699
      vertex -10.6421 -16.0285 4.2
      vertex -10.663 -15.8695 4.2
    endloop
  endfacet
  facet normal -0.766037 0.100852 0.634836
    outer loop
      vertex -5.91704 -16.4145 6
      vertex -5.80861 -15.5909 6
      vertex -7.35793 -16.0285 4.2
    endloop
  endfacet
  facet normal 0.295649 0.713834 0.634848
    outer loop
      vertex -9.82834 -18.6705 6
      vertex -9.85 -17.0607 4.2
      vertex -10.5959 -18.3526 6
    endloop
  endfacet
  facet normal 0.295629 0.713846 0.634844
    outer loop
      vertex -9.85 -17.0607 4.2
      vertex -9.82608 -18.6714 6
      vertex -9.43999 -17.2305 4.2
    endloop
  endfacet
  facet normal 0.285188 0.716139 0.637035
    outer loop
      vertex -9.82608 -18.6714 6
      vertex -9.85 -17.0607 4.2
      vertex -9.82834 -18.6705 6
    endloop
  endfacet
  facet normal 0.766037 -0.100824 0.63484
    outer loop
      vertex -10.6421 -15.1485 4.2
      vertex -12.083 -14.7624 6
      vertex -12.1914 -15.586 6
    endloop
  endfacet
  facet normal 0.606016 -0.478434 0.635488
    outer loop
      vertex -11.2584 -13.3335 6
      vertex -10.2021 -14.3864 4.2
      vertex -11.2569 -13.3316 6
    endloop
  endfacet
  facet normal 0.613044 -0.470273 0.634838
    outer loop
      vertex -10.2021 -14.3864 4.2
      vertex -11.2584 -13.3335 6
      vertex -10.4722 -14.7385 4.2
    endloop
  endfacet
  facet normal 0.470281 -0.613028 0.634848
    outer loop
      vertex -10.5978 -12.8258 6
      vertex -10.0381 -14.2605 4.2
      vertex -9.85 -14.1162 4.2
    endloop
  endfacet
  facet normal 0.46988 -0.61255 0.635606
    outer loop
      vertex -10.1375 -14.3251 4.21132
      vertex -10.2021 -14.3864 4.2
      vertex -10.1626 -14.3561 4.2
    endloop
  endfacet
  facet normal 0.457898 -0.621432 0.635729
    outer loop
      vertex -10.5978 -12.8258 6
      vertex -9.85 -14.1162 4.2
      vertex -10.5959 -12.8244 6
    endloop
  endfacet
  facet normal 0.470582 -0.612848 0.634799
    outer loop
      vertex -10.0381 -14.2605 4.2
      vertex -10.5978 -12.8258 6
      vertex -10.1375 -14.3251 4.21132
    endloop
  endfacet
  facet normal 0.470396 -0.612951 0.634837
    outer loop
      vertex -10.1375 -14.3251 4.21132
      vertex -10.5978 -12.8258 6
      vertex -10.2021 -14.3864 4.2
    endloop
  endfacet
  facet normal -0.713836 0.295685 0.63483
    outer loop
      vertex -7.52776 -16.4385 4.2
      vertex -5.91704 -16.4145 6
      vertex -7.35793 -16.0285 4.2
    endloop
  endfacet
  facet normal -0.71464 0.29207 0.635598
    outer loop
      vertex -5.91704 -16.4145 6
      vertex -7.52776 -16.4385 4.2
      vertex -5.91798 -16.4168 6
    endloop
  endfacet
  facet normal 0.76604 0.100824 0.634836
    outer loop
      vertex -12.083 -16.4145 6
      vertex -10.6421 -16.0285 4.2
      vertex -12.1914 -15.5909 6
    endloop
  endfacet
  facet normal -0.715399 -0.29238 0.634601
    outer loop
      vertex -7.52776 -14.7385 4.2
      vertex -6.23496 -13.9949 6
      vertex -6.2359 -13.9926 6
    endloop
  endfacet
  facet normal -0.713302 -0.295457 0.635536
    outer loop
      vertex -7.44697 -14.897 4.21699
      vertex -7.52776 -14.7385 4.2
      vertex -7.4887 -14.8328 4.2
    endloop
  endfacet
  facet normal -0.713785 -0.295777 0.634845
    outer loop
      vertex -7.52776 -14.7385 4.2
      vertex -7.44697 -14.897 4.21699
      vertex -6.23496 -13.9949 6
    endloop
  endfacet
  facet normal -0.71424 -0.29572 0.634359
    outer loop
      vertex -7.35793 -15.1485 4.2
      vertex -7.44697 -14.897 4.21699
      vertex -7.41929 -15.0003 4.2
    endloop
  endfacet
  facet normal -0.713869 -0.29562 0.634823
    outer loop
      vertex -7.44697 -14.897 4.21699
      vertex -7.35793 -15.1485 4.2
      vertex -6.23496 -13.9949 6
    endloop
  endfacet
  facet normal 0.470386 0.612964 0.634832
    outer loop
      vertex -10.2021 -16.7905 4.2
      vertex -11.2549 -17.8468 6
      vertex -9.85 -17.0607 4.2
    endloop
  endfacet
  facet normal 0.46387 0.618493 0.634264
    outer loop
      vertex -11.2549 -17.8468 6
      vertex -10.2021 -16.7905 4.2
      vertex -11.2569 -17.8453 6
    endloop
  endfacet
  facet normal 0.713809 0.295754 0.634827
    outer loop
      vertex -11.765 -17.182 6
      vertex -10.6421 -16.0285 4.2
      vertex -12.083 -16.4145 6
    endloop
  endfacet
  facet normal 0.470388 -0.612955 0.634839
    outer loop
      vertex -10.2021 -14.3864 4.2
      vertex -10.5978 -12.8258 6
      vertex -11.2569 -13.3316 6
    endloop
  endfacet
  facet normal -0.125734 -0.763833 0.633048
    outer loop
      vertex -9 -13.8885 4.2
      vertex -8.99757 -12.3971 6
      vertex -9 -12.3967 6
    endloop
  endfacet
  facet normal -0.10071 -0.766046 0.634847
    outer loop
      vertex -8.99757 -12.3971 6
      vertex -9 -13.8885 4.2
      vertex -8.76496 -13.9194 4.2
    endloop
  endfacet
  facet normal -0.100801 -0.766045 0.634835
    outer loop
      vertex -8.99757 -12.3971 6
      vertex -8.76496 -13.9194 4.2
      vertex -8.64655 -13.9256 4.21132
    endloop
  endfacet
  facet normal -0.100838 -0.765436 0.635563
    outer loop
      vertex -8.56001 -13.9464 4.2
      vertex -8.64655 -13.9256 4.21132
      vertex -8.60935 -13.9399 4.2
    endloop
  endfacet
  facet normal -0.101087 -0.76605 0.634783
    outer loop
      vertex -8.64655 -13.9256 4.21132
      vertex -8.56001 -13.9464 4.2
      vertex -8.99757 -12.3971 6
    endloop
  endfacet
  facet normal -0.100818 -0.766039 0.634839
    outer loop
      vertex -8.56001 -13.9464 4.2
      vertex -8.17392 -12.5055 6
      vertex -8.99757 -12.3971 6
    endloop
  endfacet
  facet normal -0.100909 0.766022 0.634845
    outer loop
      vertex -8.17392 -18.6714 6
      vertex -8.56001 -17.2305 4.2
      vertex -8.99757 -18.7799 6
    endloop
  endfacet
  facet normal -0.765937 0.102125 0.634753
    outer loop
      vertex -7.3 -15.5885 4.2
      vertex -5.80861 -15.5909 6
      vertex -5.80829 -15.5885 6
    endloop
  endfacet
  facet normal -0.766037 0.100856 0.634835
    outer loop
      vertex -7.33094 -15.8235 4.2
      vertex -5.80861 -15.5909 6
      vertex -7.3 -15.5885 4.2
    endloop
  endfacet
  facet normal -0.766037 0.100873 0.634832
    outer loop
      vertex -7.33715 -15.9419 4.21132
      vertex -5.80861 -15.5909 6
      vertex -7.33094 -15.8235 4.2
    endloop
  endfacet
  facet normal -0.765907 0.100777 0.635004
    outer loop
      vertex -7.35793 -16.0285 4.2
      vertex -7.33715 -15.9419 4.21132
      vertex -7.35143 -15.9791 4.2
    endloop
  endfacet
  facet normal -0.766036 0.10083 0.63484
    outer loop
      vertex -7.33715 -15.9419 4.21132
      vertex -7.35793 -16.0285 4.2
      vertex -5.80861 -15.5909 6
    endloop
  endfacet
  facet normal 0.713825 -0.295668 0.63485
    outer loop
      vertex -10.4722 -14.7385 4.2
      vertex -11.7641 -13.9926 6
      vertex -12.082 -14.7601 6
    endloop
  endfacet
  facet normal -0.608339 -0.477066 0.634296
    outer loop
      vertex -6.23739 -13.9907 6
      vertex -7.52776 -14.7385 4.2
      vertex -6.2359 -13.9926 6
    endloop
  endfacet
  facet normal -0.613017 -0.470306 0.634841
    outer loop
      vertex -6.23739 -13.9907 6
      vertex -7.67207 -14.5504 4.2
      vertex -7.52776 -14.7385 4.2
    endloop
  endfacet
  facet normal -0.613104 -0.47016 0.634865
    outer loop
      vertex -6.23739 -13.9907 6
      vertex -7.73665 -14.4509 4.21132
      vertex -7.67207 -14.5504 4.2
    endloop
  endfacet
  facet normal -0.612799 -0.47071 0.634751
    outer loop
      vertex -7.79792 -14.3864 4.2
      vertex -7.73665 -14.4509 4.21132
      vertex -6.23739 -13.9907 6
    endloop
  endfacet
  facet normal -0.611566 -0.469126 0.637109
    outer loop
      vertex -7.73665 -14.4509 4.21132
      vertex -7.79792 -14.3864 4.2
      vertex -7.76762 -14.4259 4.2
    endloop
  endfacet
  facet normal 0.612966 0.470375 0.634838
    outer loop
      vertex -11.2569 -17.8453 6
      vertex -10.2021 -16.7905 4.2
      vertex -11.7626 -17.1863 6
    endloop
  endfacet
  facet normal 0.47043 0.612917 0.634845
    outer loop
      vertex -10.5959 -18.3526 6
      vertex -9.85 -17.0607 4.2
      vertex -11.2549 -17.8468 6
    endloop
  endfacet
  facet normal -0.766034 -0.100851 0.634839
    outer loop
      vertex -5.80861 -15.586 6
      vertex -5.91704 -14.7624 6
      vertex -7.35793 -15.1485 4.2
    endloop
  endfacet
  facet normal 0.713457 0.295788 0.635208
    outer loop
      vertex -10.6421 -16.0285 4.2
      vertex -10.553 -16.2799 4.21699
      vertex -10.5807 -16.1766 4.2
    endloop
  endfacet
  facet normal 0.715117 0.296512 0.633
    outer loop
      vertex -10.553 -16.2799 4.21699
      vertex -10.4722 -16.4385 4.2
      vertex -10.5113 -16.3442 4.2
    endloop
  endfacet
  facet normal 0.713739 0.295865 0.634854
    outer loop
      vertex -11.765 -17.182 6
      vertex -10.553 -16.2799 4.21699
      vertex -10.6421 -16.0285 4.2
    endloop
  endfacet
  facet normal 0.713845 0.295668 0.634827
    outer loop
      vertex -11.765 -17.182 6
      vertex -10.4722 -16.4385 4.2
      vertex -10.553 -16.2799 4.21699
    endloop
  endfacet
  facet normal 0.720327 0.281867 0.633782
    outer loop
      vertex -10.4722 -16.4385 4.2
      vertex -11.765 -17.182 6
      vertex -11.7641 -17.1843 6
    endloop
  endfacet
  facet normal 0.612991 -0.470322 0.634854
    outer loop
      vertex -10.4722 -14.7385 4.2
      vertex -11.2584 -13.3335 6
      vertex -11.7641 -13.9926 6
    endloop
  endfacet
  facet normal -0.470397 0.612948 0.63484
    outer loop
      vertex -7.4022 -18.3511 6
      vertex -6.74312 -17.8453 6
      vertex -7.79792 -16.7905 4.2
    endloop
  endfacet
  facet normal 0.615342 0.47322 0.630411
    outer loop
      vertex -10.2633 -16.726 4.21132
      vertex -10.2021 -16.7905 4.2
      vertex -10.2324 -16.7511 4.2
    endloop
  endfacet
  facet normal 0.612915 0.470445 0.634836
    outer loop
      vertex -11.7626 -17.1863 6
      vertex -10.3279 -16.6265 4.2
      vertex -10.4722 -16.4385 4.2
    endloop
  endfacet
  facet normal 0.613033 0.470247 0.634868
    outer loop
      vertex -10.2633 -16.726 4.21132
      vertex -11.7626 -17.1863 6
      vertex -10.2021 -16.7905 4.2
    endloop
  endfacet
  facet normal 0.613037 0.47024 0.634869
    outer loop
      vertex -10.3279 -16.6265 4.2
      vertex -11.7626 -17.1863 6
      vertex -10.2633 -16.726 4.21132
    endloop
  endfacet
  facet normal 0.617772 0.463329 0.635361
    outer loop
      vertex -11.7626 -17.1863 6
      vertex -10.4722 -16.4385 4.2
      vertex -11.7641 -17.1843 6
    endloop
  endfacet
  facet normal 0.125934 -0.76505 0.631537
    outer loop
      vertex -9.00243 -12.3971 6
      vertex -9.1777 -13.8978 4.21699
      vertex -9 -12.3967 6
    endloop
  endfacet
  facet normal 0.100818 -0.766039 0.634839
    outer loop
      vertex -9.43999 -13.9464 4.2
      vertex -9.1777 -13.8978 4.21699
      vertex -9.00243 -12.3971 6
    endloop
  endfacet
  facet normal 0.100596 -0.765205 0.635879
    outer loop
      vertex -9.1777 -13.8978 4.21699
      vertex -9.43999 -13.9464 4.2
      vertex -9.28101 -13.9255 4.2
    endloop
  endfacet
  facet normal 0.100755 -0.766574 0.634202
    outer loop
      vertex -9 -13.8885 4.2
      vertex -9.1777 -13.8978 4.21699
      vertex -9.10119 -13.9018 4.2
    endloop
  endfacet
  facet normal 0.10079 -0.766023 0.634863
    outer loop
      vertex -9.1777 -13.8978 4.21699
      vertex -9 -13.8885 4.2
      vertex -9 -12.3967 6
    endloop
  endfacet
  facet normal -0 -0 1
    outer loop
      vertex -10.6421 -16.0285 4.2
      vertex -10.5807 -16.1766 4.2
      vertex -10.663 -15.8695 4.2
    endloop
  endfacet
  facet normal 0 0 1
    outer loop
      vertex -7.4887 -14.8328 4.2
      vertex -7.52776 -14.7385 4.2
      vertex -7.67207 -14.5504 4.2
    endloop
  endfacet
  facet normal 0 -0 1
    outer loop
      vertex -7.35793 -16.0285 4.2
      vertex -7.35143 -15.9791 4.2
      vertex -7.52776 -16.4385 4.2
    endloop
  endfacet
  facet normal 0 0 1
    outer loop
      vertex -10.1626 -14.3561 4.2
      vertex -10.2021 -14.3864 4.2
      vertex -10.4722 -14.7385 4.2
    endloop
  endfacet
  facet normal 0 -0 1
    outer loop
      vertex -7.79792 -16.7905 4.2
      vertex -7.52776 -16.4385 4.2
      vertex -7.8374 -16.8208 4.2
    endloop
  endfacet
  facet normal 0 0 1
    outer loop
      vertex -9.7557 -14.0772 4.2
      vertex -9.85 -14.1162 4.2
      vertex -10.0381 -14.2605 4.2
    endloop
  endfacet
  facet normal -0 -0 1
    outer loop
      vertex -10.2021 -16.7905 4.2
      vertex -9.85 -17.0607 4.2
      vertex -10.2324 -16.7511 4.2
    endloop
  endfacet
  facet normal -0 -0 1
    outer loop
      vertex -9.43999 -17.2305 4.2
      vertex -9.39065 -17.237 4.2
      vertex -9.85 -17.0607 4.2
    endloop
  endfacet
  facet normal 0 0 1
    outer loop
      vertex -8.76496 -13.9194 4.2
      vertex -9 -13.8885 4.2
      vertex -9.10119 -13.9018 4.2
    endloop
  endfacet
  facet normal 0 0 1
    outer loop
      vertex -7.3 -15.5885 4.2
      vertex -7.31332 -15.4873 4.2
      vertex -7.33094 -15.8235 4.2
    endloop
  endfacet
  facet normal 0 0 1
    outer loop
      vertex -7.76762 -14.4259 4.2
      vertex -7.79792 -14.3864 4.2
      vertex -8.15 -14.1162 4.2
    endloop
  endfacet
  facet normal 0 0 1
    outer loop
      vertex -8.15 -14.1162 4.2
      vertex -8.56001 -13.9464 4.2
      vertex -8.60935 -13.9399 4.2
    endloop
  endfacet
  facet normal -0 -0 1
    outer loop
      vertex -10.4722 -16.4385 4.2
      vertex -10.3279 -16.6265 4.2
      vertex -10.5113 -16.3442 4.2
    endloop
  endfacet
  facet normal 0 0 1
    outer loop
      vertex -10.4722 -14.7385 4.2
      vertex -10.6421 -15.1485 4.2
      vertex -10.6486 -15.1978 4.2
    endloop
  endfacet
  facet normal 0 0 1
    outer loop
      vertex -9.28101 -13.9255 4.2
      vertex -9.43999 -13.9464 4.2
      vertex -9.58814 -14.0077 4.2
    endloop
  endfacet
  facet normal 0 -0 1
    outer loop
      vertex -8.15 -17.0607 4.2
      vertex -7.96192 -16.9164 4.2
      vertex -8.2443 -17.0998 4.2
    endloop
  endfacet
  facet normal 0 0 1
    outer loop
      vertex -7.337 -15.3074 4.2
      vertex -7.35793 -15.1485 4.2
      vertex -7.41929 -15.0003 4.2
    endloop
  endfacet
  facet normal 0 -0 1
    outer loop
      vertex -10.6867 -15.6896 4.2
      vertex -10.6691 -15.3534 4.2
      vertex -10.7 -15.5885 4.2
    endloop
  endfacet
  facet normal 0 -0 1
    outer loop
      vertex -8.56001 -17.2305 4.2
      vertex -8.41186 -17.1692 4.2
      vertex -8.71899 -17.2515 4.2
    endloop
  endfacet
  facet normal 0 -0 1
    outer loop
      vertex -9 -17.2885 4.2
      vertex -8.89881 -17.2751 4.2
      vertex -9.23504 -17.2575 4.2
    endloop
  endfacet
  facet normal 0.76556 -0.100936 0.635397
    outer loop
      vertex -10.6421 -15.1485 4.2
      vertex -10.6629 -15.235 4.21132
      vertex -10.6486 -15.1978 4.2
    endloop
  endfacet
  facet normal 0.76605 -0.101135 0.634775
    outer loop
      vertex -12.1914 -15.586 6
      vertex -10.6629 -15.235 4.21132
      vertex -10.6421 -15.1485 4.2
    endloop
  endfacet
  facet normal 0.766044 -0.100809 0.634834
    outer loop
      vertex -12.1914 -15.586 6
      vertex -10.6691 -15.3534 4.2
      vertex -10.6629 -15.235 4.21132
    endloop
  endfacet
  facet normal 0.766699 -0.0920039 0.63538
    outer loop
      vertex -10.7 -15.5885 4.2
      vertex -12.1914 -15.586 6
      vertex -12.1917 -15.5885 6
    endloop
  endfacet
  facet normal 0.766046 -0.100684 0.634851
    outer loop
      vertex -12.1914 -15.586 6
      vertex -10.7 -15.5885 4.2
      vertex -10.6691 -15.3534 4.2
    endloop
  endfacet
  facet normal -0.470345 -0.613002 0.634826
    outer loop
      vertex -6.74506 -13.3301 6
      vertex -7.40414 -12.8244 6
      vertex -8.15 -14.1162 4.2
    endloop
  endfacet
  facet normal 0.710747 -0.309021 0.631937
    outer loop
      vertex -12.083 -14.7624 6
      vertex -10.4722 -14.7385 4.2
      vertex -12.082 -14.7601 6
    endloop
  endfacet
  facet normal 0.713789 -0.295787 0.634835
    outer loop
      vertex -10.4722 -14.7385 4.2
      vertex -12.083 -14.7624 6
      vertex -10.6421 -15.1485 4.2
    endloop
  endfacet
  facet normal 0.100818 -0.766039 0.634839
    outer loop
      vertex -9.43999 -13.9464 4.2
      vertex -9.00243 -12.3971 6
      vertex -9.82608 -12.5055 6
    endloop
  endfacet
  facet normal 0.295664 -0.713834 0.634842
    outer loop
      vertex -9.43999 -13.9464 4.2
      vertex -9.82608 -12.5055 6
      vertex -10.5936 -12.8234 6
    endloop
  endfacet
  facet normal -0.285011 0.718861 0.634041
    outer loop
      vertex -8.15 -17.0607 4.2
      vertex -7.40641 -18.3535 6
      vertex -7.40414 -18.3526 6
    endloop
  endfacet
  facet normal -0.295739 0.713804 0.634841
    outer loop
      vertex -7.40641 -18.3535 6
      vertex -8.15 -17.0607 4.2
      vertex -8.30855 -17.1415 4.21699
    endloop
  endfacet
  facet normal -0.296348 0.714722 0.633522
    outer loop
      vertex -8.30855 -17.1415 4.21699
      vertex -8.15 -17.0607 4.2
      vertex -8.2443 -17.0998 4.2
    endloop
  endfacet
  facet normal -0.295889 0.715104 0.633305
    outer loop
      vertex -8.56001 -17.2305 4.2
      vertex -8.30855 -17.1415 4.21699
      vertex -8.41186 -17.1692 4.2
    endloop
  endfacet
  facet normal -0.295564 0.713898 0.634816
    outer loop
      vertex -8.30855 -17.1415 4.21699
      vertex -8.56001 -17.2305 4.2
      vertex -7.40641 -18.3535 6
    endloop
  endfacet
  facet normal 0.307812 -0.707967 0.635638
    outer loop
      vertex -9.85 -14.1162 4.2
      vertex -10.5936 -12.8234 6
      vertex -10.5959 -12.8244 6
    endloop
  endfacet
  facet normal 0.295738 -0.713803 0.634842
    outer loop
      vertex -10.5936 -12.8234 6
      vertex -9.85 -14.1162 4.2
      vertex -9.69145 -14.0354 4.21699
    endloop
  endfacet
  facet normal 0.294333 -0.711681 0.63787
    outer loop
      vertex -9.69145 -14.0354 4.21699
      vertex -9.85 -14.1162 4.2
      vertex -9.7557 -14.0772 4.2
    endloop
  endfacet
  facet normal 0.295889 -0.715104 0.633305
    outer loop
      vertex -9.43999 -13.9464 4.2
      vertex -9.69145 -14.0354 4.21699
      vertex -9.58814 -14.0077 4.2
    endloop
  endfacet
  facet normal 0.295563 -0.713897 0.634817
    outer loop
      vertex -9.69145 -14.0354 4.21699
      vertex -9.43999 -13.9464 4.2
      vertex -10.5936 -12.8234 6
    endloop
  endfacet
  facet normal -0.470594 0.612845 0.634794
    outer loop
      vertex -7.86248 -16.8518 4.21132
      vertex -7.4022 -18.3511 6
      vertex -7.79792 -16.7905 4.2
    endloop
  endfacet
  facet normal -0.469975 0.612364 0.635715
    outer loop
      vertex -7.86248 -16.8518 4.21132
      vertex -7.79792 -16.7905 4.2
      vertex -7.8374 -16.8208 4.2
    endloop
  endfacet
  facet normal -0.470447 0.612926 0.634824
    outer loop
      vertex -7.96192 -16.9164 4.2
      vertex -7.4022 -18.3511 6
      vertex -7.86248 -16.8518 4.21132
    endloop
  endfacet
  facet normal -0.470314 0.613005 0.634846
    outer loop
      vertex -8.15 -17.0607 4.2
      vertex -7.4022 -18.3511 6
      vertex -7.96192 -16.9164 4.2
    endloop
  endfacet
  facet normal -0.472701 0.611361 0.634659
    outer loop
      vertex -7.4022 -18.3511 6
      vertex -8.15 -17.0607 4.2
      vertex -7.40414 -18.3526 6
    endloop
  endfacet
  facet normal -0.612989 -0.470349 0.634836
    outer loop
      vertex -6.23739 -13.9907 6
      vertex -6.74312 -13.3316 6
      vertex -7.79792 -14.3864 4.2
    endloop
  endfacet
  facet normal -0.295667 0.713833 0.634842
    outer loop
      vertex -8.17392 -18.6714 6
      vertex -7.40641 -18.3535 6
      vertex -8.56001 -17.2305 4.2
    endloop
  endfacet
  facet normal -0.472521 -0.611127 0.635018
    outer loop
      vertex -6.74506 -13.3301 6
      vertex -7.79792 -14.3864 4.2
      vertex -6.74312 -13.3316 6
    endloop
  endfacet
  facet normal -0.470398 -0.612945 0.634842
    outer loop
      vertex -7.79792 -14.3864 4.2
      vertex -6.74506 -13.3301 6
      vertex -8.15 -14.1162 4.2
    endloop
  endfacet
  facet normal 0.100909 0.766022 0.634845
    outer loop
      vertex -9.00243 -18.7799 6
      vertex -9.43999 -17.2305 4.2
      vertex -9.82608 -18.6714 6
    endloop
  endfacet
  facet normal -0.612994 0.470353 0.634828
    outer loop
      vertex -6.74163 -17.8434 6
      vertex -6.2359 -17.1843 6
      vertex -7.52776 -16.4385 4.2
    endloop
  endfacet
  facet normal -0.295629 -0.713846 0.634844
    outer loop
      vertex -8.15 -14.1162 4.2
      vertex -8.17392 -12.5055 6
      vertex -8.56001 -13.9464 4.2
    endloop
  endfacet
  facet normal -0.285188 -0.716139 0.637035
    outer loop
      vertex -8.17392 -12.5055 6
      vertex -8.15 -14.1162 4.2
      vertex -8.17166 -12.5064 6
    endloop
  endfacet
  facet normal -0.713827 -0.295687 0.634839
    outer loop
      vertex -5.91704 -14.7624 6
      vertex -6.23496 -13.9949 6
      vertex -7.35793 -15.1485 4.2
    endloop
  endfacet
  facet normal -0.766246 -0.100928 0.634571
    outer loop
      vertex -7.30931 -15.4108 4.21699
      vertex -7.35793 -15.1485 4.2
      vertex -7.337 -15.3074 4.2
    endloop
  endfacet
  facet normal -0.766035 -0.100872 0.634834
    outer loop
      vertex -7.30931 -15.4108 4.21699
      vertex -5.80861 -15.586 6
      vertex -7.35793 -15.1485 4.2
    endloop
  endfacet
  facet normal -0.766063 -0.10083 0.634808
    outer loop
      vertex -7.3 -15.5885 4.2
      vertex -7.30931 -15.4108 4.21699
      vertex -7.31332 -15.4873 4.2
    endloop
  endfacet
  facet normal -0.766036 -0.100831 0.63484
    outer loop
      vertex -7.30931 -15.4108 4.21699
      vertex -7.3 -15.5885 4.2
      vertex -5.80861 -15.586 6
    endloop
  endfacet
  facet normal -0.76625 -0.09808 0.635013
    outer loop
      vertex -5.80861 -15.586 6
      vertex -7.3 -15.5885 4.2
      vertex -5.80829 -15.5885 6
    endloop
  endfacet
  facet normal -0.713832 0.295689 0.634832
    outer loop
      vertex -6.2359 -17.1843 6
      vertex -5.91798 -16.4168 6
      vertex -7.52776 -16.4385 4.2
    endloop
  endfacet
  facet normal -0.295748 -0.713812 0.634827
    outer loop
      vertex -8.15 -14.1162 4.2
      vertex -7.40414 -12.8244 6
      vertex -8.17166 -12.5064 6
    endloop
  endfacet
  facet normal -0.612923 0.470418 0.634849
    outer loop
      vertex -7.79792 -16.7905 4.2
      vertex -6.74163 -17.8434 6
      vertex -7.52776 -16.4385 4.2
    endloop
  endfacet
  facet normal -0.607664 0.476536 0.635341
    outer loop
      vertex -6.74163 -17.8434 6
      vertex -7.79792 -16.7905 4.2
      vertex -6.74312 -17.8453 6
    endloop
  endfacet
  facet normal -0.0945909 0.766187 0.635618
    outer loop
      vertex -8.99757 -18.7799 6
      vertex -8.8223 -17.2791 4.21699
      vertex -9 -18.7802 6
    endloop
  endfacet
  facet normal -0.100813 0.766018 0.634865
    outer loop
      vertex -8.56001 -17.2305 4.2
      vertex -8.8223 -17.2791 4.21699
      vertex -8.99757 -18.7799 6
    endloop
  endfacet
  facet normal -0.101551 0.768787 0.63139
    outer loop
      vertex -8.8223 -17.2791 4.21699
      vertex -8.56001 -17.2305 4.2
      vertex -8.71899 -17.2515 4.2
    endloop
  endfacet
  facet normal -0.101286 0.764858 0.636186
    outer loop
      vertex -9 -17.2885 4.2
      vertex -8.8223 -17.2791 4.21699
      vertex -8.89881 -17.2751 4.2
    endloop
  endfacet
  facet normal -0.101215 0.76601 0.63481
    outer loop
      vertex -8.8223 -17.2791 4.21699
      vertex -9 -17.2885 4.2
      vertex -9 -18.7802 6
    endloop
  endfacet
  facet normal 0.0946308 0.766509 0.635223
    outer loop
      vertex -9 -17.2885 4.2
      vertex -9.00243 -18.7799 6
      vertex -9 -18.7802 6
    endloop
  endfacet
  facet normal 0.101032 0.76602 0.634827
    outer loop
      vertex -9.00243 -18.7799 6
      vertex -9 -17.2885 4.2
      vertex -9.23504 -17.2575 4.2
    endloop
  endfacet
  facet normal 0.100802 0.766024 0.634859
    outer loop
      vertex -9.00243 -18.7799 6
      vertex -9.23504 -17.2575 4.2
      vertex -9.35345 -17.2513 4.21132
    endloop
  endfacet
  facet normal 0.100838 0.765436 0.635563
    outer loop
      vertex -9.43999 -17.2305 4.2
      vertex -9.35345 -17.2513 4.21132
      vertex -9.39065 -17.237 4.2
    endloop
  endfacet
  facet normal 0.101079 0.766029 0.634809
    outer loop
      vertex -9.35345 -17.2513 4.21132
      vertex -9.43999 -17.2305 4.2
      vertex -9.00243 -18.7799 6
    endloop
  endfacet
  facet normal -0.707058 0.0124198 0.707046
    outer loop
      vertex -104.4 0 7.5
      vertex -104.336 3.64351 7.5
      vertex -105 0 6.89999
    endloop
  endfacet
  facet normal -0.706843 0.0123451 0.707262
    outer loop
      vertex -104.336 3.64351 7.5
      vertex -104.936 3.66445 6.89999
      vertex -105 0 6.89999
    endloop
  endfacet
  facet normal 0.999845 -0.0175867 0
    outer loop
      vertex -101 0 7.5
      vertex -100.938 3.52485 6
      vertex -100.938 3.52485 7.5
    endloop
  endfacet
  facet normal 0.999845 -0.0175867 0
    outer loop
      vertex -100.938 3.52485 6
      vertex -101 0 7.5
      vertex -101 0 6
    endloop
  endfacet
  facet normal 0 0 -1
    outer loop
      vertex 25.2 0 -3.8147e-07
      vertex 105 0 -3.8147e-07
      vertex 104.936 -3.66445 -3.8147e-07
    endloop
  endfacet
  facet normal 0 0 -1
    outer loop
      vertex 25.146 -1.64816 -3.8147e-07
      vertex 104.936 -3.66445 -3.8147e-07
      vertex 104.744 -7.32443 -3.8147e-07
    endloop
  endfacet
  facet normal 0 0 -1
    outer loop
      vertex 105 0 -3.8147e-07
      vertex 25.2 0 -3.8147e-07
      vertex 104.936 3.66445 -3.8147e-07
    endloop
  endfacet
  facet normal 0 0 -1
    outer loop
      vertex 25.146 -1.64816 -3.8147e-07
      vertex 104.744 -7.32443 -3.8147e-07
      vertex 104.425 -10.9755 -3.8147e-07
    endloop
  endfacet
  facet normal 0 0 -1
    outer loop
      vertex 25.146 1.64816 -3.8147e-07
      vertex 104.936 3.66445 -3.8147e-07
      vertex 25.2 0 -3.8147e-07
    endloop
  endfacet
  facet normal 0 0 -1
    outer loop
      vertex 24.9844 -3.28926 -3.8147e-07
      vertex 104.425 -10.9755 -3.8147e-07
      vertex 103.978 -14.6132 -3.8147e-07
    endloop
  endfacet
  facet normal -0 0 -1
    outer loop
      vertex 104.936 3.66445 -3.8147e-07
      vertex 25.146 1.64816 -3.8147e-07
      vertex 104.744 7.32443 -3.8147e-07
    endloop
  endfacet
  facet normal 0 0 -1
    outer loop
      vertex 24.9844 -3.28926 -3.8147e-07
      vertex 103.978 -14.6132 -3.8147e-07
      vertex 103.405 -18.2331 -3.8147e-07
    endloop
  endfacet
  facet normal -0 0 -1
    outer loop
      vertex 104.744 7.32443 -3.8147e-07
      vertex 25.146 1.64816 -3.8147e-07
      vertex 104.425 10.9755 -3.8147e-07
    endloop
  endfacet
  facet normal 0 0 -1
    outer loop
      vertex 24.7158 -4.91628 -3.8147e-07
      vertex 103.405 -18.2331 -3.8147e-07
      vertex 102.705 -21.8307 -3.8147e-07
    endloop
  endfacet
  facet normal 0 0 -1
    outer loop
      vertex 24.9844 3.28926 -3.8147e-07
      vertex 104.425 10.9755 -3.8147e-07
      vertex 25.146 1.64816 -3.8147e-07
    endloop
  endfacet
  facet normal 0 0 -1
    outer loop
      vertex 24.7158 -4.91628 -3.8147e-07
      vertex 102.705 -21.8307 -3.8147e-07
      vertex 101.881 -25.4018 -3.8147e-07
    endloop
  endfacet
  facet normal -0 0 -1
    outer loop
      vertex 104.425 10.9755 -3.8147e-07
      vertex 24.9844 3.28926 -3.8147e-07
      vertex 103.978 14.6132 -3.8147e-07
    endloop
  endfacet
  facet normal 0 0 -1
    outer loop
      vertex 24.3413 -6.52224 -3.8147e-07
      vertex 101.881 -25.4018 -3.8147e-07
      vertex 100.932 -28.9419 -3.8147e-07
    endloop
  endfacet
  facet normal -0 0 -1
    outer loop
      vertex 103.978 14.6132 -3.8147e-07
      vertex 24.9844 3.28926 -3.8147e-07
      vertex 103.405 18.2331 -3.8147e-07
    endloop
  endfacet
  facet normal 0 0 -1
    outer loop
      vertex 24.3413 -6.52224 -3.8147e-07
      vertex 100.932 -28.9419 -3.8147e-07
      vertex 99.8609 -32.4468 -3.8147e-07
    endloop
  endfacet
  facet normal 0 0 -1
    outer loop
      vertex 24.7158 4.91628 -3.8147e-07
      vertex 103.405 18.2331 -3.8147e-07
      vertex 24.9844 3.28926 -3.8147e-07
    endloop
  endfacet
  facet normal 0 0 -1
    outer loop
      vertex 23.8626 -8.10027 -3.8147e-07
      vertex 99.8609 -32.4468 -3.8147e-07
      vertex 98.6677 -35.9121 -3.8147e-07
    endloop
  endfacet
  facet normal -0 0 -1
    outer loop
      vertex 103.405 18.2331 -3.8147e-07
      vertex 24.7158 4.91628 -3.8147e-07
      vertex 102.705 21.8307 -3.8147e-07
    endloop
  endfacet
  facet normal 0 0 -1
    outer loop
      vertex 23.2818 -9.64362 -3.8147e-07
      vertex 98.6677 -35.9121 -3.8147e-07
      vertex 97.3543 -39.3337 -3.8147e-07
    endloop
  endfacet
  facet normal -0 0 -1
    outer loop
      vertex 102.705 21.8307 -3.8147e-07
      vertex 24.7158 4.91628 -3.8147e-07
      vertex 101.881 25.4018 -3.8147e-07
    endloop
  endfacet
  facet normal 0 0 -1
    outer loop
      vertex 23.2818 -9.64362 -3.8147e-07
      vertex 97.3543 -39.3337 -3.8147e-07
      vertex 95.9223 -42.7073 -3.8147e-07
    endloop
  endfacet
  facet normal 0 0 -1
    outer loop
      vertex 24.3413 6.52224 -3.8147e-07
      vertex 101.881 25.4018 -3.8147e-07
      vertex 24.7158 4.91628 -3.8147e-07
    endloop
  endfacet
  facet normal 0 0 -1
    outer loop
      vertex 22.6012 -11.1457 -3.8147e-07
      vertex 95.9223 -42.7073 -3.8147e-07
      vertex 94.3734 -46.029 -3.8147e-07
    endloop
  endfacet
  facet normal -0 0 -1
    outer loop
      vertex 101.881 25.4018 -3.8147e-07
      vertex 24.3413 6.52224 -3.8147e-07
      vertex 100.932 28.9419 -3.8147e-07
    endloop
  endfacet
  facet normal 0 0 -1
    outer loop
      vertex 22.6012 -11.1457 -3.8147e-07
      vertex 94.3734 -46.029 -3.8147e-07
      vertex 92.7095 -49.2945 -3.8147e-07
    endloop
  endfacet
  facet normal -0 0 -1
    outer loop
      vertex 100.932 28.9419 -3.8147e-07
      vertex 24.3413 6.52224 -3.8147e-07
      vertex 99.8609 32.4468 -3.8147e-07
    endloop
  endfacet
  facet normal 0 0 -1
    outer loop
      vertex 21.8238 -12.6 -3.8147e-07
      vertex 92.7095 -49.2945 -3.8147e-07
      vertex 90.9327 -52.5 -3.8147e-07
    endloop
  endfacet
  facet normal 0 0 -1
    outer loop
      vertex 23.8626 8.10027 -3.8147e-07
      vertex 99.8609 32.4468 -3.8147e-07
      vertex 24.3413 6.52224 -3.8147e-07
    endloop
  endfacet
  facet normal 0 0 -1
    outer loop
      vertex 21.8238 -12.6 -3.8147e-07
      vertex 90.9327 -52.5 -3.8147e-07
      vertex 89.0451 -55.6415 -3.8147e-07
    endloop
  endfacet
  facet normal -0 0 -1
    outer loop
      vertex 99.8609 32.4468 -3.8147e-07
      vertex 23.8626 8.10027 -3.8147e-07
      vertex 98.6677 35.9121 -3.8147e-07
    endloop
  endfacet
  facet normal 0 0 -1
    outer loop
      vertex 20.953 -14.0004 -3.8147e-07
      vertex 89.0451 -55.6415 -3.8147e-07
      vertex 87.0489 -58.7153 -3.8147e-07
    endloop
  endfacet
  facet normal 0 0 -1
    outer loop
      vertex 23.2818 9.64362 -3.8147e-07
      vertex 98.6677 35.9121 -3.8147e-07
      vertex 23.8626 8.10027 -3.8147e-07
    endloop
  endfacet
  facet normal 0 0 -1
    outer loop
      vertex 20.953 -14.0004 -3.8147e-07
      vertex 87.0489 -58.7153 -3.8147e-07
      vertex 84.9468 -61.7175 -3.8147e-07
    endloop
  endfacet
  facet normal -0 0 -1
    outer loop
      vertex 98.6677 35.9121 -3.8147e-07
      vertex 23.2818 9.64362 -3.8147e-07
      vertex 97.3543 39.3337 -3.8147e-07
    endloop
  endfacet
  facet normal 0 0 -1
    outer loop
      vertex 19.9925 -15.3408 -3.8147e-07
      vertex 84.9468 -61.7175 -3.8147e-07
      vertex 82.7411 -64.6445 -3.8147e-07
    endloop
  endfacet
  facet normal -0 0 -1
    outer loop
      vertex 97.3543 39.3337 -3.8147e-07
      vertex 23.2818 9.64362 -3.8147e-07
      vertex 95.9223 42.7073 -3.8147e-07
    endloop
  endfacet
  facet normal 0 0 -1
    outer loop
      vertex 19.9925 -15.3408 -3.8147e-07
      vertex 82.7411 -64.6445 -3.8147e-07
      vertex 80.4347 -67.4927 -3.8147e-07
    endloop
  endfacet
  facet normal 0 0 -1
    outer loop
      vertex 22.6012 11.1457 -3.8147e-07
      vertex 95.9223 42.7073 -3.8147e-07
      vertex 23.2818 9.64362 -3.8147e-07
    endloop
  endfacet
  facet normal 0 0 -1
    outer loop
      vertex 18.9464 -16.6155 -3.8147e-07
      vertex 80.4347 -67.4927 -3.8147e-07
      vertex 78.0302 -70.2587 -3.8147e-07
    endloop
  endfacet
  facet normal -0 0 -1
    outer loop
      vertex 95.9223 42.7073 -3.8147e-07
      vertex 22.6012 11.1457 -3.8147e-07
      vertex 94.3734 46.029 -3.8147e-07
    endloop
  endfacet
  facet normal 0 0 -1
    outer loop
      vertex 18.9464 -16.6155 -3.8147e-07
      vertex 78.0302 -70.2587 -3.8147e-07
      vertex 75.5307 -72.9391 -3.8147e-07
    endloop
  endfacet
  facet normal -0 0 -1
    outer loop
      vertex 94.3734 46.029 -3.8147e-07
      vertex 22.6012 11.1457 -3.8147e-07
      vertex 92.7095 49.2945 -3.8147e-07
    endloop
  endfacet
  facet normal 0 0 -1
    outer loop
      vertex 17.8191 -17.8191 -3.8147e-07
      vertex 75.5307 -72.9391 -3.8147e-07
      vertex 72.9391 -75.5307 -3.8147e-07
    endloop
  endfacet
  facet normal 0 0 -1
    outer loop
      vertex 21.8238 12.6 -3.8147e-07
      vertex 92.7095 49.2945 -3.8147e-07
      vertex 22.6012 11.1457 -3.8147e-07
    endloop
  endfacet
  facet normal 0 0 -1
    outer loop
      vertex 17.8191 -17.8191 -3.8147e-07
      vertex 72.9391 -75.5307 -3.8147e-07
      vertex 70.2587 -78.0302 -3.8147e-07
    endloop
  endfacet
  facet normal -0 0 -1
    outer loop
      vertex 92.7095 49.2945 -3.8147e-07
      vertex 21.8238 12.6 -3.8147e-07
      vertex 90.9327 52.5 -3.8147e-07
    endloop
  endfacet
  facet normal 0 0 -1
    outer loop
      vertex 16.6155 -18.9464 -3.8147e-07
      vertex 70.2587 -78.0302 -3.8147e-07
      vertex 67.4927 -80.4347 -3.8147e-07
    endloop
  endfacet
  facet normal -0 0 -1
    outer loop
      vertex 90.9327 52.5 -3.8147e-07
      vertex 21.8238 12.6 -3.8147e-07
      vertex 89.0451 55.6415 -3.8147e-07
    endloop
  endfacet
  facet normal 0 0 -1
    outer loop
      vertex 15.3408 -19.9925 -3.8147e-07
      vertex 67.4927 -80.4347 -3.8147e-07
      vertex 64.6445 -82.7411 -3.8147e-07
    endloop
  endfacet
  facet normal 0 0 -1
    outer loop
      vertex 20.953 14.0004 -3.8147e-07
      vertex 89.0451 55.6415 -3.8147e-07
      vertex 21.8238 12.6 -3.8147e-07
    endloop
  endfacet
  facet normal 0 0 -1
    outer loop
      vertex 15.3408 -19.9925 -3.8147e-07
      vertex 64.6445 -82.7411 -3.8147e-07
      vertex 61.7175 -84.9468 -3.8147e-07
    endloop
  endfacet
  facet normal -0 0 -1
    outer loop
      vertex 89.0451 55.6415 -3.8147e-07
      vertex 20.953 14.0004 -3.8147e-07
      vertex 87.0489 58.7153 -3.8147e-07
    endloop
  endfacet
  facet normal 0 0 -1
    outer loop
      vertex 14.0004 -20.953 -3.8147e-07
      vertex 61.7175 -84.9468 -3.8147e-07
      vertex 58.7153 -87.0489 -3.8147e-07
    endloop
  endfacet
  facet normal -0 0 -1
    outer loop
      vertex 87.0489 58.7153 -3.8147e-07
      vertex 20.953 14.0004 -3.8147e-07
      vertex 84.9468 61.7175 -3.8147e-07
    endloop
  endfacet
  facet normal 0 0 -1
    outer loop
      vertex 14.0004 -20.953 -3.8147e-07
      vertex 58.7153 -87.0489 -3.8147e-07
      vertex 55.6415 -89.0451 -3.8147e-07
    endloop
  endfacet
  facet normal 0 0 -1
    outer loop
      vertex 19.9925 15.3408 -3.8147e-07
      vertex 84.9468 61.7175 -3.8147e-07
      vertex 20.953 14.0004 -3.8147e-07
    endloop
  endfacet
  facet normal 0 0 -1
    outer loop
      vertex 12.6 -21.8238 -3.8147e-07
      vertex 55.6415 -89.0451 -3.8147e-07
      vertex 52.5 -90.9327 -3.8147e-07
    endloop
  endfacet
  facet normal -0 0 -1
    outer loop
      vertex 84.9468 61.7175 -3.8147e-07
      vertex 19.9925 15.3408 -3.8147e-07
      vertex 82.7411 64.6445 -3.8147e-07
    endloop
  endfacet
  facet normal 0 0 -1
    outer loop
      vertex 12.6 -21.8238 -3.8147e-07
      vertex 52.5 -90.9327 -3.8147e-07
      vertex 49.2945 -92.7095 -3.8147e-07
    endloop
  endfacet
  facet normal -0 0 -1
    outer loop
      vertex 82.7411 64.6445 -3.8147e-07
      vertex 19.9925 15.3408 -3.8147e-07
      vertex 80.4347 67.4927 -3.8147e-07
    endloop
  endfacet
  facet normal 0 0 -1
    outer loop
      vertex 11.1457 -22.6012 -3.8147e-07
      vertex 49.2945 -92.7095 -3.8147e-07
      vertex 46.029 -94.3734 -3.8147e-07
    endloop
  endfacet
  facet normal 0 0 -1
    outer loop
      vertex 18.9464 16.6155 -3.8147e-07
      vertex 80.4347 67.4927 -3.8147e-07
      vertex 19.9925 15.3408 -3.8147e-07
    endloop
  endfacet
  facet normal 0 0 -1
    outer loop
      vertex 11.1457 -22.6012 -3.8147e-07
      vertex 46.029 -94.3734 -3.8147e-07
      vertex 42.7073 -95.9223 -3.8147e-07
    endloop
  endfacet
  facet normal -0 0 -1
    outer loop
      vertex 80.4347 67.4927 -3.8147e-07
      vertex 18.9464 16.6155 -3.8147e-07
      vertex 78.0302 70.2587 -3.8147e-07
    endloop
  endfacet
  facet normal 0 0 -1
    outer loop
      vertex 9.64362 -23.2818 -3.8147e-07
      vertex 42.7073 -95.9223 -3.8147e-07
      vertex 39.3337 -97.3543 -3.8147e-07
    endloop
  endfacet
  facet normal -0 0 -1
    outer loop
      vertex 78.0302 70.2587 -3.8147e-07
      vertex 18.9464 16.6155 -3.8147e-07
      vertex 75.5307 72.9391 -3.8147e-07
    endloop
  endfacet
  facet normal 0 0 -1
    outer loop
      vertex 9.64362 -23.2818 -3.8147e-07
      vertex 39.3337 -97.3543 -3.8147e-07
      vertex 35.9121 -98.6677 -3.8147e-07
    endloop
  endfacet
  facet normal 0 0 -1
    outer loop
      vertex 17.8191 17.8191 -3.8147e-07
      vertex 75.5307 72.9391 -3.8147e-07
      vertex 18.9464 16.6155 -3.8147e-07
    endloop
  endfacet
  facet normal 0 0 -1
    outer loop
      vertex 8.10027 -23.8626 -3.8147e-07
      vertex 35.9121 -98.6677 -3.8147e-07
      vertex 32.4468 -99.8609 -3.8147e-07
    endloop
  endfacet
  facet normal -0 0 -1
    outer loop
      vertex 75.5307 72.9391 -3.8147e-07
      vertex 17.8191 17.8191 -3.8147e-07
      vertex 72.9391 75.5307 -3.8147e-07
    endloop
  endfacet
  facet normal 0 0 -1
    outer loop
      vertex 8.10027 -23.8626 -3.8147e-07
      vertex 32.4468 -99.8609 -3.8147e-07
      vertex 28.9419 -100.932 -3.8147e-07
    endloop
  endfacet
  facet normal -0 0 -1
    outer loop
      vertex 72.9391 75.5307 -3.8147e-07
      vertex 17.8191 17.8191 -3.8147e-07
      vertex 70.2587 78.0302 -3.8147e-07
    endloop
  endfacet
  facet normal 0 0 -1
    outer loop
      vertex 6.52224 -24.3413 -3.8147e-07
      vertex 28.9419 -100.932 -3.8147e-07
      vertex 25.4018 -101.881 -3.8147e-07
    endloop
  endfacet
  facet normal 0 0 -1
    outer loop
      vertex 16.6155 18.9464 -3.8147e-07
      vertex 70.2587 78.0302 -3.8147e-07
      vertex 17.8191 17.8191 -3.8147e-07
    endloop
  endfacet
  facet normal -0 0 -1
    outer loop
      vertex 70.2587 78.0302 -3.8147e-07
      vertex 16.6155 18.9464 -3.8147e-07
      vertex 67.4927 80.4347 -3.8147e-07
    endloop
  endfacet
  facet normal 0 0 -1
    outer loop
      vertex 104.936 -3.66445 -3.8147e-07
      vertex 25.146 -1.64816 -3.8147e-07
      vertex 25.2 0 -3.8147e-07
    endloop
  endfacet
  facet normal 0 0 -1
    outer loop
      vertex 104.425 -10.9755 -3.8147e-07
      vertex 24.9844 -3.28926 -3.8147e-07
      vertex 25.146 -1.64816 -3.8147e-07
    endloop
  endfacet
  facet normal 0 0 -1
    outer loop
      vertex 103.405 -18.2331 -3.8147e-07
      vertex 24.7158 -4.91628 -3.8147e-07
      vertex 24.9844 -3.28926 -3.8147e-07
    endloop
  endfacet
  facet normal 0 0 -1
    outer loop
      vertex 101.881 -25.4018 -3.8147e-07
      vertex 24.3413 -6.52224 -3.8147e-07
      vertex 24.7158 -4.91628 -3.8147e-07
    endloop
  endfacet
  facet normal 0 0 -1
    outer loop
      vertex 99.8609 -32.4468 -3.8147e-07
      vertex 23.8626 -8.10027 -3.8147e-07
      vertex 24.3413 -6.52224 -3.8147e-07
    endloop
  endfacet
  facet normal 0 0 -1
    outer loop
      vertex 98.6677 -35.9121 -3.8147e-07
      vertex 23.2818 -9.64362 -3.8147e-07
      vertex 23.8626 -8.10027 -3.8147e-07
    endloop
  endfacet
  facet normal 0 0 -1
    outer loop
      vertex 95.9223 -42.7073 -3.8147e-07
      vertex 22.6012 -11.1457 -3.8147e-07
      vertex 23.2818 -9.64362 -3.8147e-07
    endloop
  endfacet
  facet normal 0 0 -1
    outer loop
      vertex 6.52224 -24.3413 -3.8147e-07
      vertex 25.4018 -101.881 -3.8147e-07
      vertex 21.8307 -102.705 -3.8147e-07
    endloop
  endfacet
  facet normal 0 0 -1
    outer loop
      vertex 92.7095 -49.2945 -3.8147e-07
      vertex 21.8238 -12.6 -3.8147e-07
      vertex 22.6012 -11.1457 -3.8147e-07
    endloop
  endfacet
  facet normal 0 0 -1
    outer loop
      vertex 89.0451 -55.6415 -3.8147e-07
      vertex 20.953 -14.0004 -3.8147e-07
      vertex 21.8238 -12.6 -3.8147e-07
    endloop
  endfacet
  facet normal 0 0 -1
    outer loop
      vertex 84.9468 -61.7175 -3.8147e-07
      vertex 19.9925 -15.3408 -3.8147e-07
      vertex 20.953 -14.0004 -3.8147e-07
    endloop
  endfacet
  facet normal 0 0 -1
    outer loop
      vertex 80.4347 -67.4927 -3.8147e-07
      vertex 18.9464 -16.6155 -3.8147e-07
      vertex 19.9925 -15.3408 -3.8147e-07
    endloop
  endfacet
  facet normal 0 0 -1
    outer loop
      vertex 4.91628 -24.7158 -3.8147e-07
      vertex 21.8307 -102.705 -3.8147e-07
      vertex 18.2331 -103.405 -3.8147e-07
    endloop
  endfacet
  facet normal 0 0 -1
    outer loop
      vertex 75.5307 -72.9391 -3.8147e-07
      vertex 17.8191 -17.8191 -3.8147e-07
      vertex 18.9464 -16.6155 -3.8147e-07
    endloop
  endfacet
  facet normal 0 0 -1
    outer loop
      vertex 70.2587 -78.0302 -3.8147e-07
      vertex 16.6155 -18.9464 -3.8147e-07
      vertex 17.8191 -17.8191 -3.8147e-07
    endloop
  endfacet
  facet normal 0 0 -1
    outer loop
      vertex 67.4927 -80.4347 -3.8147e-07
      vertex 15.3408 -19.9925 -3.8147e-07
      vertex 16.6155 -18.9464 -3.8147e-07
    endloop
  endfacet
  facet normal 0 0 -1
    outer loop
      vertex 3.28926 -24.9844 -3.8147e-07
      vertex 18.2331 -103.405 -3.8147e-07
      vertex 14.6132 -103.978 -3.8147e-07
    endloop
  endfacet
  facet normal 0 0 -1
    outer loop
      vertex 61.7175 -84.9468 -3.8147e-07
      vertex 14.0004 -20.953 -3.8147e-07
      vertex 15.3408 -19.9925 -3.8147e-07
    endloop
  endfacet
  facet normal 0 0 -1
    outer loop
      vertex 55.6415 -89.0451 -3.8147e-07
      vertex 12.6 -21.8238 -3.8147e-07
      vertex 14.0004 -20.953 -3.8147e-07
    endloop
  endfacet
  facet normal 0 0 -1
    outer loop
      vertex 49.2945 -92.7095 -3.8147e-07
      vertex 11.1457 -22.6012 -3.8147e-07
      vertex 12.6 -21.8238 -3.8147e-07
    endloop
  endfacet
  facet normal 0 0 -1
    outer loop
      vertex 3.28926 -24.9844 -3.8147e-07
      vertex 14.6132 -103.978 -3.8147e-07
      vertex 10.9755 -104.425 -3.8147e-07
    endloop
  endfacet
  facet normal 0 0 -1
    outer loop
      vertex 42.7073 -95.9223 -3.8147e-07
      vertex 9.64362 -23.2818 -3.8147e-07
      vertex 11.1457 -22.6012 -3.8147e-07
    endloop
  endfacet
  facet normal 0 0 -1
    outer loop
      vertex 35.9121 -98.6677 -3.8147e-07
      vertex 8.10027 -23.8626 -3.8147e-07
      vertex 9.64362 -23.2818 -3.8147e-07
    endloop
  endfacet
  facet normal 0 0 -1
    outer loop
      vertex 1.64816 -25.146 -3.8147e-07
      vertex 10.9755 -104.425 -3.8147e-07
      vertex 7.32443 -104.744 -3.8147e-07
    endloop
  endfacet
  facet normal 0 0 -1
    outer loop
      vertex 28.9419 -100.932 -3.8147e-07
      vertex 6.52224 -24.3413 -3.8147e-07
      vertex 8.10027 -23.8626 -3.8147e-07
    endloop
  endfacet
  facet normal 0 0 -1
    outer loop
      vertex 21.8307 -102.705 -3.8147e-07
      vertex 4.91628 -24.7158 -3.8147e-07
      vertex 6.52224 -24.3413 -3.8147e-07
    endloop
  endfacet
  facet normal 0 0 -1
    outer loop
      vertex 1.64816 -25.146 -3.8147e-07
      vertex 7.32443 -104.744 -3.8147e-07
      vertex 3.66445 -104.936 -3.8147e-07
    endloop
  endfacet
  facet normal 0 0 -1
    outer loop
      vertex 18.2331 -103.405 -3.8147e-07
      vertex 3.28926 -24.9844 -3.8147e-07
      vertex 4.91628 -24.7158 -3.8147e-07
    endloop
  endfacet
  facet normal 0 0 -1
    outer loop
      vertex 10.9755 -104.425 -3.8147e-07
      vertex 1.64816 -25.146 -3.8147e-07
      vertex 3.28926 -24.9844 -3.8147e-07
    endloop
  endfacet
  facet normal 0 0 -1
    outer loop
      vertex 0 -25.2 -3.8147e-07
      vertex 3.66445 -104.936 -3.8147e-07
      vertex 0 -105 -3.8147e-07
    endloop
  endfacet
  facet normal 0 0 -1
    outer loop
      vertex 3.66445 -104.936 -3.8147e-07
      vertex 0 -25.2 -3.8147e-07
      vertex 1.64816 -25.146 -3.8147e-07
    endloop
  endfacet
  facet normal 0 0 -1
    outer loop
      vertex -3.66445 -104.936 -3.8147e-07
      vertex 0 -25.2 -3.8147e-07
      vertex 0 -105 -3.8147e-07
    endloop
  endfacet
  facet normal -0 0 -1
    outer loop
      vertex 0 -25.2 -3.8147e-07
      vertex -3.66445 -104.936 -3.8147e-07
      vertex -1.64816 -25.146 -3.8147e-07
    endloop
  endfacet
  facet normal 0 0 -1
    outer loop
      vertex -7.32443 -104.744 -3.8147e-07
      vertex -1.64816 -25.146 -3.8147e-07
      vertex -3.66445 -104.936 -3.8147e-07
    endloop
  endfacet
  facet normal 0 0 -1
    outer loop
      vertex -10.9755 -104.425 -3.8147e-07
      vertex -1.64816 -25.146 -3.8147e-07
      vertex -7.32443 -104.744 -3.8147e-07
    endloop
  endfacet
  facet normal -0 0 -1
    outer loop
      vertex -1.64816 -25.146 -3.8147e-07
      vertex -10.9755 -104.425 -3.8147e-07
      vertex -3.28926 -24.9844 -3.8147e-07
    endloop
  endfacet
  facet normal 0 0 -1
    outer loop
      vertex -14.6132 -103.978 -3.8147e-07
      vertex -3.28926 -24.9844 -3.8147e-07
      vertex -10.9755 -104.425 -3.8147e-07
    endloop
  endfacet
  facet normal 0 0 -1
    outer loop
      vertex -18.2331 -103.405 -3.8147e-07
      vertex -3.28926 -24.9844 -3.8147e-07
      vertex -14.6132 -103.978 -3.8147e-07
    endloop
  endfacet
  facet normal -0 0 -1
    outer loop
      vertex -3.28926 -24.9844 -3.8147e-07
      vertex -18.2331 -103.405 -3.8147e-07
      vertex -4.91628 -24.7158 -3.8147e-07
    endloop
  endfacet
  facet normal 0 0 -1
    outer loop
      vertex -21.8307 -102.705 -3.8147e-07
      vertex -4.91628 -24.7158 -3.8147e-07
      vertex -18.2331 -103.405 -3.8147e-07
    endloop
  endfacet
  facet normal -0 0 -1
    outer loop
      vertex -4.91628 -24.7158 -3.8147e-07
      vertex -21.8307 -102.705 -3.8147e-07
      vertex -6.52224 -24.3413 -3.8147e-07
    endloop
  endfacet
  facet normal 0 0 -1
    outer loop
      vertex -25.4018 -101.881 -3.8147e-07
      vertex -6.52224 -24.3413 -3.8147e-07
      vertex -21.8307 -102.705 -3.8147e-07
    endloop
  endfacet
  facet normal 0 0 -1
    outer loop
      vertex -28.9419 -100.932 -3.8147e-07
      vertex -6.52224 -24.3413 -3.8147e-07
      vertex -25.4018 -101.881 -3.8147e-07
    endloop
  endfacet
  facet normal -0 0 -1
    outer loop
      vertex -6.52224 -24.3413 -3.8147e-07
      vertex -28.9419 -100.932 -3.8147e-07
      vertex -8.10027 -23.8626 -3.8147e-07
    endloop
  endfacet
  facet normal 0 0 -1
    outer loop
      vertex -32.4468 -99.8609 -3.8147e-07
      vertex -8.10027 -23.8626 -3.8147e-07
      vertex -28.9419 -100.932 -3.8147e-07
    endloop
  endfacet
  facet normal 0 0 -1
    outer loop
      vertex -35.9121 -98.6677 -3.8147e-07
      vertex -8.10027 -23.8626 -3.8147e-07
      vertex -32.4468 -99.8609 -3.8147e-07
    endloop
  endfacet
  facet normal -0 0 -1
    outer loop
      vertex -8.10027 -23.8626 -3.8147e-07
      vertex -35.9121 -98.6677 -3.8147e-07
      vertex -9.64362 -23.2818 -3.8147e-07
    endloop
  endfacet
  facet normal 0 0 -1
    outer loop
      vertex -39.3337 -97.3543 -3.8147e-07
      vertex -9.64362 -23.2818 -3.8147e-07
      vertex -35.9121 -98.6677 -3.8147e-07
    endloop
  endfacet
  facet normal 0 0 -1
    outer loop
      vertex -42.7073 -95.9223 -3.8147e-07
      vertex -9.64362 -23.2818 -3.8147e-07
      vertex -39.3337 -97.3543 -3.8147e-07
    endloop
  endfacet
  facet normal -0 0 -1
    outer loop
      vertex -9.64362 -23.2818 -3.8147e-07
      vertex -42.7073 -95.9223 -3.8147e-07
      vertex -11.1457 -22.6012 -3.8147e-07
    endloop
  endfacet
  facet normal 0 0 -1
    outer loop
      vertex -46.029 -94.3734 -3.8147e-07
      vertex -11.1457 -22.6012 -3.8147e-07
      vertex -42.7073 -95.9223 -3.8147e-07
    endloop
  endfacet
  facet normal 0 0 -1
    outer loop
      vertex -49.2945 -92.7095 -3.8147e-07
      vertex -11.1457 -22.6012 -3.8147e-07
      vertex -46.029 -94.3734 -3.8147e-07
    endloop
  endfacet
  facet normal -0 0 -1
    outer loop
      vertex -11.1457 -22.6012 -3.8147e-07
      vertex -49.2945 -92.7095 -3.8147e-07
      vertex -12.6 -21.8238 -3.8147e-07
    endloop
  endfacet
  facet normal 0 0 -1
    outer loop
      vertex -52.5 -90.9327 -3.8147e-07
      vertex -12.6 -21.8238 -3.8147e-07
      vertex -49.2945 -92.7095 -3.8147e-07
    endloop
  endfacet
  facet normal 0 0 -1
    outer loop
      vertex -55.6415 -89.0451 -3.8147e-07
      vertex -12.6 -21.8238 -3.8147e-07
      vertex -52.5 -90.9327 -3.8147e-07
    endloop
  endfacet
  facet normal -0 0 -1
    outer loop
      vertex -12.6 -21.8238 -3.8147e-07
      vertex -55.6415 -89.0451 -3.8147e-07
      vertex -14.0004 -20.953 -3.8147e-07
    endloop
  endfacet
  facet normal 0 0 -1
    outer loop
      vertex -58.7153 -87.0489 -3.8147e-07
      vertex -14.0004 -20.953 -3.8147e-07
      vertex -55.6415 -89.0451 -3.8147e-07
    endloop
  endfacet
  facet normal 0 0 -1
    outer loop
      vertex -61.7175 -84.9468 -3.8147e-07
      vertex -14.0004 -20.953 -3.8147e-07
      vertex -58.7153 -87.0489 -3.8147e-07
    endloop
  endfacet
  facet normal -0 0 -1
    outer loop
      vertex -14.0004 -20.953 -3.8147e-07
      vertex -61.7175 -84.9468 -3.8147e-07
      vertex -15.3408 -19.9925 -3.8147e-07
    endloop
  endfacet
  facet normal 0 0 -1
    outer loop
      vertex -64.6445 -82.7411 -3.8147e-07
      vertex -15.3408 -19.9925 -3.8147e-07
      vertex -61.7175 -84.9468 -3.8147e-07
    endloop
  endfacet
  facet normal -0 0 -1
    outer loop
      vertex -15.3408 -19.9925 -3.8147e-07
      vertex -67.4927 -80.4347 -3.8147e-07
      vertex -16.6155 -18.9464 -3.8147e-07
    endloop
  endfacet
  facet normal 0 0 -1
    outer loop
      vertex -67.4927 -80.4347 -3.8147e-07
      vertex -15.3408 -19.9925 -3.8147e-07
      vertex -64.6445 -82.7411 -3.8147e-07
    endloop
  endfacet
  facet normal 0 0 -1
    outer loop
      vertex 15.3408 19.9925 -3.8147e-07
      vertex 67.4927 80.4347 -3.8147e-07
      vertex 16.6155 18.9464 -3.8147e-07
    endloop
  endfacet
  facet normal -0 0 -1
    outer loop
      vertex 67.4927 80.4347 -3.8147e-07
      vertex 15.3408 19.9925 -3.8147e-07
      vertex 64.6445 82.7411 -3.8147e-07
    endloop
  endfacet
  facet normal -0 0 -1
    outer loop
      vertex 64.6445 82.7411 -3.8147e-07
      vertex 15.3408 19.9925 -3.8147e-07
      vertex 61.7175 84.9468 -3.8147e-07
    endloop
  endfacet
  facet normal 0 0 -1
    outer loop
      vertex 14.0004 20.953 -3.8147e-07
      vertex 61.7175 84.9468 -3.8147e-07
      vertex 15.3408 19.9925 -3.8147e-07
    endloop
  endfacet
  facet normal -0 0 -1
    outer loop
      vertex 61.7175 84.9468 -3.8147e-07
      vertex 14.0004 20.953 -3.8147e-07
      vertex 58.7153 87.0489 -3.8147e-07
    endloop
  endfacet
  facet normal -0 0 -1
    outer loop
      vertex 58.7153 87.0489 -3.8147e-07
      vertex 14.0004 20.953 -3.8147e-07
      vertex 55.6415 89.0451 -3.8147e-07
    endloop
  endfacet
  facet normal 0 0 -1
    outer loop
      vertex 12.6 21.8238 -3.8147e-07
      vertex 55.6415 89.0451 -3.8147e-07
      vertex 14.0004 20.953 -3.8147e-07
    endloop
  endfacet
  facet normal -0 0 -1
    outer loop
      vertex 55.6415 89.0451 -3.8147e-07
      vertex 12.6 21.8238 -3.8147e-07
      vertex 52.5 90.9327 -3.8147e-07
    endloop
  endfacet
  facet normal -0 0 -1
    outer loop
      vertex 52.5 90.9327 -3.8147e-07
      vertex 12.6 21.8238 -3.8147e-07
      vertex 49.2945 92.7095 -3.8147e-07
    endloop
  endfacet
  facet normal 0 0 -1
    outer loop
      vertex 11.1457 22.6012 -3.8147e-07
      vertex 49.2945 92.7095 -3.8147e-07
      vertex 12.6 21.8238 -3.8147e-07
    endloop
  endfacet
  facet normal -0 0 -1
    outer loop
      vertex 49.2945 92.7095 -3.8147e-07
      vertex 11.1457 22.6012 -3.8147e-07
      vertex 46.029 94.3734 -3.8147e-07
    endloop
  endfacet
  facet normal -0 0 -1
    outer loop
      vertex 46.029 94.3734 -3.8147e-07
      vertex 11.1457 22.6012 -3.8147e-07
      vertex 42.7073 95.9223 -3.8147e-07
    endloop
  endfacet
  facet normal 0 0 -1
    outer loop
      vertex 9.64362 23.2818 -3.8147e-07
      vertex 42.7073 95.9223 -3.8147e-07
      vertex 11.1457 22.6012 -3.8147e-07
    endloop
  endfacet
  facet normal -0 0 -1
    outer loop
      vertex 42.7073 95.9223 -3.8147e-07
      vertex 9.64362 23.2818 -3.8147e-07
      vertex 39.3337 97.3543 -3.8147e-07
    endloop
  endfacet
  facet normal -0 0 -1
    outer loop
      vertex 39.3337 97.3543 -3.8147e-07
      vertex 9.64362 23.2818 -3.8147e-07
      vertex 35.9121 98.6677 -3.8147e-07
    endloop
  endfacet
  facet normal 0 0 -1
    outer loop
      vertex 8.10027 23.8626 -3.8147e-07
      vertex 35.9121 98.6677 -3.8147e-07
      vertex 9.64362 23.2818 -3.8147e-07
    endloop
  endfacet
  facet normal -0 0 -1
    outer loop
      vertex 35.9121 98.6677 -3.8147e-07
      vertex 8.10027 23.8626 -3.8147e-07
      vertex 32.4468 99.8609 -3.8147e-07
    endloop
  endfacet
  facet normal -0 0 -1
    outer loop
      vertex 32.4468 99.8609 -3.8147e-07
      vertex 8.10027 23.8626 -3.8147e-07
      vertex 28.9419 100.932 -3.8147e-07
    endloop
  endfacet
  facet normal 0 0 -1
    outer loop
      vertex 6.52224 24.3413 -3.8147e-07
      vertex 28.9419 100.932 -3.8147e-07
      vertex 8.10027 23.8626 -3.8147e-07
    endloop
  endfacet
  facet normal -0 0 -1
    outer loop
      vertex 28.9419 100.932 -3.8147e-07
      vertex 6.52224 24.3413 -3.8147e-07
      vertex 25.4018 101.881 -3.8147e-07
    endloop
  endfacet
  facet normal -0 0 -1
    outer loop
      vertex 25.4018 101.881 -3.8147e-07
      vertex 6.52224 24.3413 -3.8147e-07
      vertex 21.8307 102.705 -3.8147e-07
    endloop
  endfacet
  facet normal 0 0 -1
    outer loop
      vertex 4.91628 24.7158 -3.8147e-07
      vertex 21.8307 102.705 -3.8147e-07
      vertex 6.52224 24.3413 -3.8147e-07
    endloop
  endfacet
  facet normal -0 0 -1
    outer loop
      vertex 21.8307 102.705 -3.8147e-07
      vertex 4.91628 24.7158 -3.8147e-07
      vertex 18.2331 103.405 -3.8147e-07
    endloop
  endfacet
  facet normal 0 0 -1
    outer loop
      vertex 3.28926 24.9844 -3.8147e-07
      vertex 18.2331 103.405 -3.8147e-07
      vertex 4.91628 24.7158 -3.8147e-07
    endloop
  endfacet
  facet normal -0 0 -1
    outer loop
      vertex 18.2331 103.405 -3.8147e-07
      vertex 3.28926 24.9844 -3.8147e-07
      vertex 14.6132 103.978 -3.8147e-07
    endloop
  endfacet
  facet normal -0 0 -1
    outer loop
      vertex 14.6132 103.978 -3.8147e-07
      vertex 3.28926 24.9844 -3.8147e-07
      vertex 10.9755 104.425 -3.8147e-07
    endloop
  endfacet
  facet normal 0 0 -1
    outer loop
      vertex 1.64816 25.146 -3.8147e-07
      vertex 10.9755 104.425 -3.8147e-07
      vertex 3.28926 24.9844 -3.8147e-07
    endloop
  endfacet
  facet normal -0 0 -1
    outer loop
      vertex 10.9755 104.425 -3.8147e-07
      vertex 1.64816 25.146 -3.8147e-07
      vertex 7.32443 104.744 -3.8147e-07
    endloop
  endfacet
  facet normal -0 0 -1
    outer loop
      vertex 7.32443 104.744 -3.8147e-07
      vertex 1.64816 25.146 -3.8147e-07
      vertex 3.66445 104.936 -3.8147e-07
    endloop
  endfacet
  facet normal 0 0 -1
    outer loop
      vertex 0 25.2 -3.8147e-07
      vertex 3.66445 104.936 -3.8147e-07
      vertex 1.64816 25.146 -3.8147e-07
    endloop
  endfacet
  facet normal 0 0 -1
    outer loop
      vertex 0 25.2 -3.8147e-07
      vertex 0 105 -3.8147e-07
      vertex 3.66445 104.936 -3.8147e-07
    endloop
  endfacet
  facet normal 0 0 -1
    outer loop
      vertex -3.66445 104.936 -3.8147e-07
      vertex 0 25.2 -3.8147e-07
      vertex -1.64816 25.146 -3.8147e-07
    endloop
  endfacet
  facet normal 0 0 -1
    outer loop
      vertex -10.9755 104.425 -3.8147e-07
      vertex -1.64816 25.146 -3.8147e-07
      vertex -3.28926 24.9844 -3.8147e-07
    endloop
  endfacet
  facet normal 0 0 -1
    outer loop
      vertex 0 25.2 -3.8147e-07
      vertex -3.66445 104.936 -3.8147e-07
      vertex 0 105 -3.8147e-07
    endloop
  endfacet
  facet normal 0 0 -1
    outer loop
      vertex -18.2331 103.405 -3.8147e-07
      vertex -3.28926 24.9844 -3.8147e-07
      vertex -4.91628 24.7158 -3.8147e-07
    endloop
  endfacet
  facet normal 0 0 -1
    outer loop
      vertex -21.8307 102.705 -3.8147e-07
      vertex -4.91628 24.7158 -3.8147e-07
      vertex -6.52224 24.3413 -3.8147e-07
    endloop
  endfacet
  facet normal 0 0 -1
    outer loop
      vertex -1.64816 25.146 -3.8147e-07
      vertex -7.32443 104.744 -3.8147e-07
      vertex -3.66445 104.936 -3.8147e-07
    endloop
  endfacet
  facet normal 0 0 -1
    outer loop
      vertex -28.9419 100.932 -3.8147e-07
      vertex -6.52224 24.3413 -3.8147e-07
      vertex -8.10027 23.8626 -3.8147e-07
    endloop
  endfacet
  facet normal 0 0 -1
    outer loop
      vertex -35.9121 98.6677 -3.8147e-07
      vertex -8.10027 23.8626 -3.8147e-07
      vertex -9.64362 23.2818 -3.8147e-07
    endloop
  endfacet
  facet normal 0 0 -1
    outer loop
      vertex -1.64816 25.146 -3.8147e-07
      vertex -10.9755 104.425 -3.8147e-07
      vertex -7.32443 104.744 -3.8147e-07
    endloop
  endfacet
  facet normal 0 0 -1
    outer loop
      vertex -42.7073 95.9223 -3.8147e-07
      vertex -9.64362 23.2818 -3.8147e-07
      vertex -11.1457 22.6012 -3.8147e-07
    endloop
  endfacet
  facet normal 0 0 -1
    outer loop
      vertex -49.2945 92.7095 -3.8147e-07
      vertex -11.1457 22.6012 -3.8147e-07
      vertex -12.6 21.8238 -3.8147e-07
    endloop
  endfacet
  facet normal 0 0 -1
    outer loop
      vertex -55.6415 89.0451 -3.8147e-07
      vertex -12.6 21.8238 -3.8147e-07
      vertex -14.0004 20.953 -3.8147e-07
    endloop
  endfacet
  facet normal 0 0 -1
    outer loop
      vertex -3.28926 24.9844 -3.8147e-07
      vertex -14.6132 103.978 -3.8147e-07
      vertex -10.9755 104.425 -3.8147e-07
    endloop
  endfacet
  facet normal 0 0 -1
    outer loop
      vertex -61.7175 84.9468 -3.8147e-07
      vertex -14.0004 20.953 -3.8147e-07
      vertex -15.3408 19.9925 -3.8147e-07
    endloop
  endfacet
  facet normal 0 0 -1
    outer loop
      vertex -67.4927 80.4347 -3.8147e-07
      vertex -15.3408 19.9925 -3.8147e-07
      vertex -16.6155 18.9464 -3.8147e-07
    endloop
  endfacet
  facet normal 0 0 -1
    outer loop
      vertex -70.2587 78.0302 -3.8147e-07
      vertex -16.6155 18.9464 -3.8147e-07
      vertex -17.8191 17.8191 -3.8147e-07
    endloop
  endfacet
  facet normal 0 0 -1
    outer loop
      vertex -3.28926 24.9844 -3.8147e-07
      vertex -18.2331 103.405 -3.8147e-07
      vertex -14.6132 103.978 -3.8147e-07
    endloop
  endfacet
  facet normal 0 0 -1
    outer loop
      vertex -75.5307 72.9391 -3.8147e-07
      vertex -17.8191 17.8191 -3.8147e-07
      vertex -18.9464 16.6155 -3.8147e-07
    endloop
  endfacet
  facet normal 0 0 -1
    outer loop
      vertex -80.4347 67.4927 -3.8147e-07
      vertex -18.9464 16.6155 -3.8147e-07
      vertex -19.9925 15.3408 -3.8147e-07
    endloop
  endfacet
  facet normal 0 0 -1
    outer loop
      vertex -84.9468 61.7175 -3.8147e-07
      vertex -19.9925 15.3408 -3.8147e-07
      vertex -20.953 14.0004 -3.8147e-07
    endloop
  endfacet
  facet normal 0 0 -1
    outer loop
      vertex -89.0451 55.6415 -3.8147e-07
      vertex -20.953 14.0004 -3.8147e-07
      vertex -21.8238 12.6 -3.8147e-07
    endloop
  endfacet
  facet normal 0 0 -1
    outer loop
      vertex -4.91628 24.7158 -3.8147e-07
      vertex -21.8307 102.705 -3.8147e-07
      vertex -18.2331 103.405 -3.8147e-07
    endloop
  endfacet
  facet normal 0 0 -1
    outer loop
      vertex -92.7095 49.2945 -3.8147e-07
      vertex -21.8238 12.6 -3.8147e-07
      vertex -22.6012 11.1457 -3.8147e-07
    endloop
  endfacet
  facet normal 0 0 -1
    outer loop
      vertex -95.9223 42.7073 -3.8147e-07
      vertex -22.6012 11.1457 -3.8147e-07
      vertex -23.2818 9.64362 -3.8147e-07
    endloop
  endfacet
  facet normal 0 0 -1
    outer loop
      vertex -98.6677 35.9121 -3.8147e-07
      vertex -23.2818 9.64362 -3.8147e-07
      vertex -23.8626 8.10027 -3.8147e-07
    endloop
  endfacet
  facet normal 0 0 -1
    outer loop
      vertex -99.8609 32.4468 -3.8147e-07
      vertex -23.8626 8.10027 -3.8147e-07
      vertex -24.3413 6.52224 -3.8147e-07
    endloop
  endfacet
  facet normal 0 0 -1
    outer loop
      vertex -101.881 25.4018 -3.8147e-07
      vertex -24.3413 6.52224 -3.8147e-07
      vertex -24.7158 4.91628 -3.8147e-07
    endloop
  endfacet
  facet normal 0 0 -1
    outer loop
      vertex -103.405 18.2331 -3.8147e-07
      vertex -24.7158 4.91628 -3.8147e-07
      vertex -24.9844 3.28926 -3.8147e-07
    endloop
  endfacet
  facet normal 0 0 -1
    outer loop
      vertex -104.425 10.9755 -3.8147e-07
      vertex -24.9844 3.28926 -3.8147e-07
      vertex -25.146 1.64816 -3.8147e-07
    endloop
  endfacet
  facet normal 0 0 -1
    outer loop
      vertex -6.52224 24.3413 -3.8147e-07
      vertex -25.4018 101.881 -3.8147e-07
      vertex -21.8307 102.705 -3.8147e-07
    endloop
  endfacet
  facet normal 0 0 -1
    outer loop
      vertex -104.936 3.66445 -3.8147e-07
      vertex -25.146 1.64816 -3.8147e-07
      vertex -25.2 0 -3.8147e-07
    endloop
  endfacet
  facet normal 0 0 -1
    outer loop
      vertex -70.2587 -78.0302 -3.8147e-07
      vertex -16.6155 -18.9464 -3.8147e-07
      vertex -67.4927 -80.4347 -3.8147e-07
    endloop
  endfacet
  facet normal -0 0 -1
    outer loop
      vertex -16.6155 -18.9464 -3.8147e-07
      vertex -70.2587 -78.0302 -3.8147e-07
      vertex -17.8191 -17.8191 -3.8147e-07
    endloop
  endfacet
  facet normal 0 0 -1
    outer loop
      vertex -6.52224 24.3413 -3.8147e-07
      vertex -28.9419 100.932 -3.8147e-07
      vertex -25.4018 101.881 -3.8147e-07
    endloop
  endfacet
  facet normal 0 0 -1
    outer loop
      vertex -72.9391 -75.5307 -3.8147e-07
      vertex -17.8191 -17.8191 -3.8147e-07
      vertex -70.2587 -78.0302 -3.8147e-07
    endloop
  endfacet
  facet normal 0 0 -1
    outer loop
      vertex -8.10027 23.8626 -3.8147e-07
      vertex -32.4468 99.8609 -3.8147e-07
      vertex -28.9419 100.932 -3.8147e-07
    endloop
  endfacet
  facet normal 0 0 -1
    outer loop
      vertex -75.5307 -72.9391 -3.8147e-07
      vertex -17.8191 -17.8191 -3.8147e-07
      vertex -72.9391 -75.5307 -3.8147e-07
    endloop
  endfacet
  facet normal 0 0 -1
    outer loop
      vertex -8.10027 23.8626 -3.8147e-07
      vertex -35.9121 98.6677 -3.8147e-07
      vertex -32.4468 99.8609 -3.8147e-07
    endloop
  endfacet
  facet normal -0 0 -1
    outer loop
      vertex -17.8191 -17.8191 -3.8147e-07
      vertex -75.5307 -72.9391 -3.8147e-07
      vertex -18.9464 -16.6155 -3.8147e-07
    endloop
  endfacet
  facet normal 0 0 -1
    outer loop
      vertex -9.64362 23.2818 -3.8147e-07
      vertex -39.3337 97.3543 -3.8147e-07
      vertex -35.9121 98.6677 -3.8147e-07
    endloop
  endfacet
  facet normal 0 0 -1
    outer loop
      vertex -78.0302 -70.2587 -3.8147e-07
      vertex -18.9464 -16.6155 -3.8147e-07
      vertex -75.5307 -72.9391 -3.8147e-07
    endloop
  endfacet
  facet normal 0 0 -1
    outer loop
      vertex -9.64362 23.2818 -3.8147e-07
      vertex -42.7073 95.9223 -3.8147e-07
      vertex -39.3337 97.3543 -3.8147e-07
    endloop
  endfacet
  facet normal 0 0 -1
    outer loop
      vertex -80.4347 -67.4927 -3.8147e-07
      vertex -18.9464 -16.6155 -3.8147e-07
      vertex -78.0302 -70.2587 -3.8147e-07
    endloop
  endfacet
  facet normal 0 0 -1
    outer loop
      vertex -11.1457 22.6012 -3.8147e-07
      vertex -46.029 94.3734 -3.8147e-07
      vertex -42.7073 95.9223 -3.8147e-07
    endloop
  endfacet
  facet normal -0 0 -1
    outer loop
      vertex -18.9464 -16.6155 -3.8147e-07
      vertex -80.4347 -67.4927 -3.8147e-07
      vertex -19.9925 -15.3408 -3.8147e-07
    endloop
  endfacet
  facet normal 0 0 -1
    outer loop
      vertex -11.1457 22.6012 -3.8147e-07
      vertex -49.2945 92.7095 -3.8147e-07
      vertex -46.029 94.3734 -3.8147e-07
    endloop
  endfacet
  facet normal 0 0 -1
    outer loop
      vertex -82.7411 -64.6445 -3.8147e-07
      vertex -19.9925 -15.3408 -3.8147e-07
      vertex -80.4347 -67.4927 -3.8147e-07
    endloop
  endfacet
  facet normal 0 0 -1
    outer loop
      vertex -12.6 21.8238 -3.8147e-07
      vertex -52.5 90.9327 -3.8147e-07
      vertex -49.2945 92.7095 -3.8147e-07
    endloop
  endfacet
  facet normal 0 0 -1
    outer loop
      vertex -84.9468 -61.7175 -3.8147e-07
      vertex -19.9925 -15.3408 -3.8147e-07
      vertex -82.7411 -64.6445 -3.8147e-07
    endloop
  endfacet
  facet normal 0 0 -1
    outer loop
      vertex -12.6 21.8238 -3.8147e-07
      vertex -55.6415 89.0451 -3.8147e-07
      vertex -52.5 90.9327 -3.8147e-07
    endloop
  endfacet
  facet normal -0 0 -1
    outer loop
      vertex -19.9925 -15.3408 -3.8147e-07
      vertex -84.9468 -61.7175 -3.8147e-07
      vertex -20.953 -14.0004 -3.8147e-07
    endloop
  endfacet
  facet normal 0 0 -1
    outer loop
      vertex -14.0004 20.953 -3.8147e-07
      vertex -58.7153 87.0489 -3.8147e-07
      vertex -55.6415 89.0451 -3.8147e-07
    endloop
  endfacet
  facet normal 0 0 -1
    outer loop
      vertex -87.0489 -58.7153 -3.8147e-07
      vertex -20.953 -14.0004 -3.8147e-07
      vertex -84.9468 -61.7175 -3.8147e-07
    endloop
  endfacet
  facet normal 0 0 -1
    outer loop
      vertex -14.0004 20.953 -3.8147e-07
      vertex -61.7175 84.9468 -3.8147e-07
      vertex -58.7153 87.0489 -3.8147e-07
    endloop
  endfacet
  facet normal 0 0 -1
    outer loop
      vertex -89.0451 -55.6415 -3.8147e-07
      vertex -20.953 -14.0004 -3.8147e-07
      vertex -87.0489 -58.7153 -3.8147e-07
    endloop
  endfacet
  facet normal 0 0 -1
    outer loop
      vertex -15.3408 19.9925 -3.8147e-07
      vertex -64.6445 82.7411 -3.8147e-07
      vertex -61.7175 84.9468 -3.8147e-07
    endloop
  endfacet
  facet normal -0 0 -1
    outer loop
      vertex -20.953 -14.0004 -3.8147e-07
      vertex -89.0451 -55.6415 -3.8147e-07
      vertex -21.8238 -12.6 -3.8147e-07
    endloop
  endfacet
  facet normal 0 0 -1
    outer loop
      vertex -15.3408 19.9925 -3.8147e-07
      vertex -67.4927 80.4347 -3.8147e-07
      vertex -64.6445 82.7411 -3.8147e-07
    endloop
  endfacet
  facet normal 0 0 -1
    outer loop
      vertex -90.9327 -52.5 -3.8147e-07
      vertex -21.8238 -12.6 -3.8147e-07
      vertex -89.0451 -55.6415 -3.8147e-07
    endloop
  endfacet
  facet normal 0 0 -1
    outer loop
      vertex -16.6155 18.9464 -3.8147e-07
      vertex -70.2587 78.0302 -3.8147e-07
      vertex -67.4927 80.4347 -3.8147e-07
    endloop
  endfacet
  facet normal 0 0 -1
    outer loop
      vertex -92.7095 -49.2945 -3.8147e-07
      vertex -21.8238 -12.6 -3.8147e-07
      vertex -90.9327 -52.5 -3.8147e-07
    endloop
  endfacet
  facet normal 0 0 -1
    outer loop
      vertex -17.8191 17.8191 -3.8147e-07
      vertex -72.9391 75.5307 -3.8147e-07
      vertex -70.2587 78.0302 -3.8147e-07
    endloop
  endfacet
  facet normal -0 0 -1
    outer loop
      vertex -21.8238 -12.6 -3.8147e-07
      vertex -92.7095 -49.2945 -3.8147e-07
      vertex -22.6012 -11.1457 -3.8147e-07
    endloop
  endfacet
  facet normal 0 0 -1
    outer loop
      vertex -17.8191 17.8191 -3.8147e-07
      vertex -75.5307 72.9391 -3.8147e-07
      vertex -72.9391 75.5307 -3.8147e-07
    endloop
  endfacet
  facet normal 0 0 -1
    outer loop
      vertex -94.3734 -46.029 -3.8147e-07
      vertex -22.6012 -11.1457 -3.8147e-07
      vertex -92.7095 -49.2945 -3.8147e-07
    endloop
  endfacet
  facet normal 0 0 -1
    outer loop
      vertex -18.9464 16.6155 -3.8147e-07
      vertex -78.0302 70.2587 -3.8147e-07
      vertex -75.5307 72.9391 -3.8147e-07
    endloop
  endfacet
  facet normal 0 0 -1
    outer loop
      vertex -95.9223 -42.7073 -3.8147e-07
      vertex -22.6012 -11.1457 -3.8147e-07
      vertex -94.3734 -46.029 -3.8147e-07
    endloop
  endfacet
  facet normal 0 0 -1
    outer loop
      vertex -18.9464 16.6155 -3.8147e-07
      vertex -80.4347 67.4927 -3.8147e-07
      vertex -78.0302 70.2587 -3.8147e-07
    endloop
  endfacet
  facet normal -0 0 -1
    outer loop
      vertex -22.6012 -11.1457 -3.8147e-07
      vertex -95.9223 -42.7073 -3.8147e-07
      vertex -23.2818 -9.64362 -3.8147e-07
    endloop
  endfacet
  facet normal 0 0 -1
    outer loop
      vertex -19.9925 15.3408 -3.8147e-07
      vertex -82.7411 64.6445 -3.8147e-07
      vertex -80.4347 67.4927 -3.8147e-07
    endloop
  endfacet
  facet normal 0 0 -1
    outer loop
      vertex -97.3543 -39.3337 -3.8147e-07
      vertex -23.2818 -9.64362 -3.8147e-07
      vertex -95.9223 -42.7073 -3.8147e-07
    endloop
  endfacet
  facet normal 0 0 -1
    outer loop
      vertex -19.9925 15.3408 -3.8147e-07
      vertex -84.9468 61.7175 -3.8147e-07
      vertex -82.7411 64.6445 -3.8147e-07
    endloop
  endfacet
  facet normal 0 0 -1
    outer loop
      vertex -98.6677 -35.9121 -3.8147e-07
      vertex -23.2818 -9.64362 -3.8147e-07
      vertex -97.3543 -39.3337 -3.8147e-07
    endloop
  endfacet
  facet normal 0 0 -1
    outer loop
      vertex -20.953 14.0004 -3.8147e-07
      vertex -87.0489 58.7153 -3.8147e-07
      vertex -84.9468 61.7175 -3.8147e-07
    endloop
  endfacet
  facet normal -0 0 -1
    outer loop
      vertex -23.2818 -9.64362 -3.8147e-07
      vertex -98.6677 -35.9121 -3.8147e-07
      vertex -23.8626 -8.10027 -3.8147e-07
    endloop
  endfacet
  facet normal 0 0 -1
    outer loop
      vertex -20.953 14.0004 -3.8147e-07
      vertex -89.0451 55.6415 -3.8147e-07
      vertex -87.0489 58.7153 -3.8147e-07
    endloop
  endfacet
  facet normal 0 0 -1
    outer loop
      vertex -99.8609 -32.4468 -3.8147e-07
      vertex -23.8626 -8.10027 -3.8147e-07
      vertex -98.6677 -35.9121 -3.8147e-07
    endloop
  endfacet
  facet normal 0 0 -1
    outer loop
      vertex -21.8238 12.6 -3.8147e-07
      vertex -90.9327 52.5 -3.8147e-07
      vertex -89.0451 55.6415 -3.8147e-07
    endloop
  endfacet
  facet normal -0 0 -1
    outer loop
      vertex -23.8626 -8.10027 -3.8147e-07
      vertex -99.8609 -32.4468 -3.8147e-07
      vertex -24.3413 -6.52224 -3.8147e-07
    endloop
  endfacet
  facet normal 0 0 -1
    outer loop
      vertex -21.8238 12.6 -3.8147e-07
      vertex -92.7095 49.2945 -3.8147e-07
      vertex -90.9327 52.5 -3.8147e-07
    endloop
  endfacet
  facet normal 0 0 -1
    outer loop
      vertex -100.932 -28.9419 -3.8147e-07
      vertex -24.3413 -6.52224 -3.8147e-07
      vertex -99.8609 -32.4468 -3.8147e-07
    endloop
  endfacet
  facet normal 0 0 -1
    outer loop
      vertex -22.6012 11.1457 -3.8147e-07
      vertex -94.3734 46.029 -3.8147e-07
      vertex -92.7095 49.2945 -3.8147e-07
    endloop
  endfacet
  facet normal 0 0 -1
    outer loop
      vertex -101.881 -25.4018 -3.8147e-07
      vertex -24.3413 -6.52224 -3.8147e-07
      vertex -100.932 -28.9419 -3.8147e-07
    endloop
  endfacet
  facet normal 0 0 -1
    outer loop
      vertex -22.6012 11.1457 -3.8147e-07
      vertex -95.9223 42.7073 -3.8147e-07
      vertex -94.3734 46.029 -3.8147e-07
    endloop
  endfacet
  facet normal -0 0 -1
    outer loop
      vertex -24.3413 -6.52224 -3.8147e-07
      vertex -101.881 -25.4018 -3.8147e-07
      vertex -24.7158 -4.91628 -3.8147e-07
    endloop
  endfacet
  facet normal 0 0 -1
    outer loop
      vertex -23.2818 9.64362 -3.8147e-07
      vertex -97.3543 39.3337 -3.8147e-07
      vertex -95.9223 42.7073 -3.8147e-07
    endloop
  endfacet
  facet normal 0 0 -1
    outer loop
      vertex -102.705 -21.8307 -3.8147e-07
      vertex -24.7158 -4.91628 -3.8147e-07
      vertex -101.881 -25.4018 -3.8147e-07
    endloop
  endfacet
  facet normal 0 0 -1
    outer loop
      vertex -23.2818 9.64362 -3.8147e-07
      vertex -98.6677 35.9121 -3.8147e-07
      vertex -97.3543 39.3337 -3.8147e-07
    endloop
  endfacet
  facet normal 0 0 -1
    outer loop
      vertex -103.405 -18.2331 -3.8147e-07
      vertex -24.7158 -4.91628 -3.8147e-07
      vertex -102.705 -21.8307 -3.8147e-07
    endloop
  endfacet
  facet normal 0 0 -1
    outer loop
      vertex -23.8626 8.10027 -3.8147e-07
      vertex -99.8609 32.4468 -3.8147e-07
      vertex -98.6677 35.9121 -3.8147e-07
    endloop
  endfacet
  facet normal -0 0 -1
    outer loop
      vertex -24.7158 -4.91628 -3.8147e-07
      vertex -103.405 -18.2331 -3.8147e-07
      vertex -24.9844 -3.28926 -3.8147e-07
    endloop
  endfacet
  facet normal 0 0 -1
    outer loop
      vertex -24.3413 6.52224 -3.8147e-07
      vertex -100.932 28.9419 -3.8147e-07
      vertex -99.8609 32.4468 -3.8147e-07
    endloop
  endfacet
  facet normal 0 0 -1
    outer loop
      vertex -103.978 -14.6132 -3.8147e-07
      vertex -24.9844 -3.28926 -3.8147e-07
      vertex -103.405 -18.2331 -3.8147e-07
    endloop
  endfacet
  facet normal 0 0 -1
    outer loop
      vertex -24.3413 6.52224 -3.8147e-07
      vertex -101.881 25.4018 -3.8147e-07
      vertex -100.932 28.9419 -3.8147e-07
    endloop
  endfacet
  facet normal 0 0 -1
    outer loop
      vertex -104.425 -10.9755 -3.8147e-07
      vertex -24.9844 -3.28926 -3.8147e-07
      vertex -103.978 -14.6132 -3.8147e-07
    endloop
  endfacet
  facet normal 0 0 -1
    outer loop
      vertex -24.7158 4.91628 -3.8147e-07
      vertex -102.705 21.8307 -3.8147e-07
      vertex -101.881 25.4018 -3.8147e-07
    endloop
  endfacet
  facet normal -0 0 -1
    outer loop
      vertex -24.9844 -3.28926 -3.8147e-07
      vertex -104.425 -10.9755 -3.8147e-07
      vertex -25.146 -1.64816 -3.8147e-07
    endloop
  endfacet
  facet normal 0 0 -1
    outer loop
      vertex -24.7158 4.91628 -3.8147e-07
      vertex -103.405 18.2331 -3.8147e-07
      vertex -102.705 21.8307 -3.8147e-07
    endloop
  endfacet
  facet normal 0 0 -1
    outer loop
      vertex -104.744 -7.32443 -3.8147e-07
      vertex -25.146 -1.64816 -3.8147e-07
      vertex -104.425 -10.9755 -3.8147e-07
    endloop
  endfacet
  facet normal 0 0 -1
    outer loop
      vertex -24.9844 3.28926 -3.8147e-07
      vertex -103.978 14.6132 -3.8147e-07
      vertex -103.405 18.2331 -3.8147e-07
    endloop
  endfacet
  facet normal 0 0 -1
    outer loop
      vertex -104.936 -3.66445 -3.8147e-07
      vertex -25.146 -1.64816 -3.8147e-07
      vertex -104.744 -7.32443 -3.8147e-07
    endloop
  endfacet
  facet normal 0 0 -1
    outer loop
      vertex -24.9844 3.28926 -3.8147e-07
      vertex -104.425 10.9755 -3.8147e-07
      vertex -103.978 14.6132 -3.8147e-07
    endloop
  endfacet
  facet normal -0 0 -1
    outer loop
      vertex -25.146 -1.64816 -3.8147e-07
      vertex -104.936 -3.66445 -3.8147e-07
      vertex -25.2 0 -3.8147e-07
    endloop
  endfacet
  facet normal 0 0 -1
    outer loop
      vertex -25.146 1.64816 -3.8147e-07
      vertex -104.744 7.32443 -3.8147e-07
      vertex -104.425 10.9755 -3.8147e-07
    endloop
  endfacet
  facet normal 0 0 -1
    outer loop
      vertex -105 0 -3.8147e-07
      vertex -25.2 0 -3.8147e-07
      vertex -104.936 -3.66445 -3.8147e-07
    endloop
  endfacet
  facet normal 0 0 -1
    outer loop
      vertex -25.146 1.64816 -3.8147e-07
      vertex -104.936 3.66445 -3.8147e-07
      vertex -104.744 7.32443 -3.8147e-07
    endloop
  endfacet
  facet normal 0 0 -1
    outer loop
      vertex -25.2 0 -3.8147e-07
      vertex -105 0 -3.8147e-07
      vertex -104.936 3.66445 -3.8147e-07
    endloop
  endfacet
  facet normal -0.999848 0.0174624 0
    outer loop
      vertex -105 0 -3.8147e-07
      vertex -104.936 3.66445 6.89999
      vertex -104.936 3.66445 -3.8147e-07
    endloop
  endfacet
  facet normal -0.999848 0.0174624 0
    outer loop
      vertex -104.936 3.66445 6.89999
      vertex -105 0 -3.8147e-07
      vertex -105 0 6.89999
    endloop
  endfacet
  facet normal -0.705989 0.0368606 0.707263
    outer loop
      vertex -104.336 3.64351 7.5
      vertex -104.146 7.28257 7.5
      vertex -104.936 3.66445 6.89999
    endloop
  endfacet
  facet normal -0.706511 0.0370631 0.70673
    outer loop
      vertex -104.146 7.28257 7.5
      vertex -104.744 7.32443 6.89999
      vertex -104.936 3.66445 6.89999
    endloop
  endfacet
  facet normal 0.998637 -0.0521933 0
    outer loop
      vertex -100.938 3.52485 7.5
      vertex -100.754 7.0454 6
      vertex -100.754 7.0454 7.5
    endloop
  endfacet
  facet normal 0.998637 -0.0521933 0
    outer loop
      vertex -100.754 7.0454 6
      vertex -100.938 3.52485 7.5
      vertex -100.938 3.52485 6
    endloop
  endfacet
  facet normal -0.998627 0.0523873 0
    outer loop
      vertex -104.936 3.66445 -3.8147e-07
      vertex -104.744 7.32443 6.89999
      vertex -104.744 7.32443 -3.8147e-07
    endloop
  endfacet
  facet normal -0.998627 0.0523873 0
    outer loop
      vertex -104.744 7.32443 6.89999
      vertex -104.936 3.66445 -3.8147e-07
      vertex -104.936 3.66445 6.89999
    endloop
  endfacet
  facet normal -0.704784 0.0617375 0.70673
    outer loop
      vertex -104.146 7.28257 7.5
      vertex -103.828 10.9128 7.5
      vertex -104.744 7.32443 6.89999
    endloop
  endfacet
  facet normal -0.704317 0.0615373 0.707214
    outer loop
      vertex -103.828 10.9128 7.5
      vertex -104.425 10.9755 6.89999
      vertex -104.744 7.32443 6.89999
    endloop
  endfacet
  facet normal 0.996201 -0.0870825 0
    outer loop
      vertex -100.754 7.0454 7.5
      vertex -100.447 10.5574 6
      vertex -100.447 10.5574 7.5
    endloop
  endfacet
  facet normal 0.996201 -0.0870825 0
    outer loop
      vertex -100.447 10.5574 6
      vertex -100.754 7.0454 7.5
      vertex -100.754 7.0454 6
    endloop
  endfacet
  facet normal -0.996205 0.0870401 0
    outer loop
      vertex -104.744 7.32443 -3.8147e-07
      vertex -104.425 10.9755 6.89999
      vertex -104.425 10.9755 -3.8147e-07
    endloop
  endfacet
  facet normal -0.996205 0.0870401 0
    outer loop
      vertex -104.425 10.9755 6.89999
      vertex -104.744 7.32443 -3.8147e-07
      vertex -104.744 7.32443 6.89999
    endloop
  endfacet
  facet normal -0.701732 0.0861426 0.707214
    outer loop
      vertex -103.828 10.9128 7.5
      vertex -103.384 14.5297 7.5
      vertex -104.425 10.9755 6.89999
    endloop
  endfacet
  facet normal -0.70198 0.0862592 0.706953
    outer loop
      vertex -103.384 14.5297 7.5
      vertex -103.978 14.6132 6.89999
      vertex -104.425 10.9755 6.89999
    endloop
  endfacet
  facet normal 0.992534 -0.121971 0
    outer loop
      vertex -100.447 10.5574 7.5
      vertex -100.017 14.0565 6
      vertex -100.017 14.0565 7.5
    endloop
  endfacet
  facet normal 0.992534 -0.121971 0
    outer loop
      vertex -100.017 14.0565 6
      vertex -100.447 10.5574 7.5
      vertex -100.447 10.5574 6
    endloop
  endfacet
  facet normal -0.992535 0.121963 0
    outer loop
      vertex -104.425 10.9755 -3.8147e-07
      vertex -103.978 14.6132 6.89999
      vertex -103.978 14.6132 -3.8147e-07
    endloop
  endfacet
  facet normal -0.992535 0.121963 0
    outer loop
      vertex -103.978 14.6132 6.89999
      vertex -104.425 10.9755 -3.8147e-07
      vertex -104.425 10.9755 6.89999
    endloop
  endfacet
  facet normal -0.698555 0.110629 0.706953
    outer loop
      vertex -103.384 14.5297 7.5
      vertex -102.814 18.1289 7.5
      vertex -103.978 14.6132 6.89999
    endloop
  endfacet
  facet normal -0.698403 0.110551 0.707115
    outer loop
      vertex -102.814 18.1289 7.5
      vertex -103.405 18.2331 6.89999
      vertex -103.978 14.6132 6.89999
    endloop
  endfacet
  facet normal 0.987692 -0.156408 0
    outer loop
      vertex -100.017 14.0565 7.5
      vertex -99.4656 17.5385 6
      vertex -99.4656 17.5385 7.5
    endloop
  endfacet
  facet normal 0.987692 -0.156408 0
    outer loop
      vertex -99.4656 17.5385 6
      vertex -100.017 14.0565 7.5
      vertex -100.017 14.0565 6
    endloop
  endfacet
  facet normal -0.987702 0.156345 0
    outer loop
      vertex -103.978 14.6132 -3.8147e-07
      vertex -103.405 18.2331 6.89999
      vertex -103.405 18.2331 -3.8147e-07
    endloop
  endfacet
  facet normal -0.987702 0.156345 0
    outer loop
      vertex -103.405 18.2331 6.89999
      vertex -103.978 14.6132 -3.8147e-07
      vertex -103.978 14.6132 6.89999
    endloop
  endfacet
  facet normal -0.694118 0.134861 0.707116
    outer loop
      vertex -102.814 18.1289 7.5
      vertex -102.119 21.706 7.5
      vertex -103.405 18.2331 6.89999
    endloop
  endfacet
  facet normal -0.694657 0.135162 0.706528
    outer loop
      vertex -102.119 21.706 7.5
      vertex -102.705 21.8307 6.89999
      vertex -103.405 18.2331 6.89999
    endloop
  endfacet
  facet normal 0.981626 -0.190817 0
    outer loop
      vertex -99.4656 17.5385 7.5
      vertex -98.7929 20.9991 6
      vertex -98.7929 20.9991 7.5
    endloop
  endfacet
  facet normal 0.981626 -0.190817 0
    outer loop
      vertex -98.7929 20.9991 6
      vertex -99.4656 17.5385 7.5
      vertex -99.4656 17.5385 6
    endloop
  endfacet
  facet normal -0.981592 0.190992 0
    outer loop
      vertex -103.405 18.2331 -3.8147e-07
      vertex -102.705 21.8307 6.89999
      vertex -102.705 21.8307 -3.8147e-07
    endloop
  endfacet
  facet normal -0.981592 0.190992 0
    outer loop
      vertex -102.705 21.8307 6.89999
      vertex -103.405 18.2331 -3.8147e-07
      vertex -103.405 18.2331 6.89999
    endloop
  endfacet
  facet normal -0.689534 0.159246 0.706529
    outer loop
      vertex -102.119 21.706 7.5
      vertex -101.299 25.2566 7.5
      vertex -102.705 21.8307 6.89999
    endloop
  endfacet
  facet normal -0.689155 0.159016 0.706951
    outer loop
      vertex -101.299 25.2566 7.5
      vertex -101.881 25.4018 6.89999
      vertex -102.705 21.8307 6.89999
    endloop
  endfacet
  facet normal 0.974372 -0.224942 0
    outer loop
      vertex -98.7929 20.9991 7.5
      vertex -97.9999 24.4341 6
      vertex -97.9999 24.4341 7.5
    endloop
  endfacet
  facet normal 0.974372 -0.224942 0
    outer loop
      vertex -97.9999 24.4341 6
      vertex -98.7929 20.9991 7.5
      vertex -98.7929 20.9991 6
    endloop
  endfacet
  facet normal -0.974397 0.224834 0
    outer loop
      vertex -102.705 21.8307 -3.8147e-07
      vertex -101.881 25.4018 6.89999
      vertex -101.881 25.4018 -3.8147e-07
    endloop
  endfacet
  facet normal -0.974397 0.224834 0
    outer loop
      vertex -101.881 25.4018 6.89999
      vertex -102.705 21.8307 -3.8147e-07
      vertex -102.705 21.8307 6.89999
    endloop
  endfacet
  facet normal -0.683168 0.183024 0.706953
    outer loop
      vertex -101.299 25.2566 7.5
      vertex -100.356 28.7765 7.5
      vertex -101.881 25.4018 6.89999
    endloop
  endfacet
  facet normal -0.683463 0.183217 0.706619
    outer loop
      vertex -100.356 28.7765 7.5
      vertex -100.932 28.9419 6.89999
      vertex -101.881 25.4018 6.89999
    endloop
  endfacet
  facet normal 0.965922 -0.258833 0
    outer loop
      vertex -97.9999 24.4341 7.5
      vertex -97.0874 27.8394 6
      vertex -97.0874 27.8394 7.5
    endloop
  endfacet
  facet normal 0.965922 -0.258833 0
    outer loop
      vertex -97.0874 27.8394 6
      vertex -97.9999 24.4341 7.5
      vertex -97.9999 24.4341 6
    endloop
  endfacet
  facet normal -0.965896 0.258929 0
    outer loop
      vertex -101.881 25.4018 -3.8147e-07
      vertex -100.932 28.9419 6.89999
      vertex -100.932 28.9419 -3.8147e-07
    endloop
  endfacet
  facet normal -0.965896 0.258929 0
    outer loop
      vertex -100.932 28.9419 6.89999
      vertex -101.881 25.4018 -3.8147e-07
      vertex -101.881 25.4018 6.89999
    endloop
  endfacet
  facet normal -0.676658 0.206925 0.706623
    outer loop
      vertex -100.356 28.7765 7.5
      vertex -99.2903 32.2614 7.5
      vertex -100.932 28.9419 6.89999
    endloop
  endfacet
  facet normal -0.676312 0.206681 0.707025
    outer loop
      vertex -99.2903 32.2614 7.5
      vertex -99.8609 32.4468 6.89999
      vertex -100.932 28.9419 6.89999
    endloop
  endfacet
  facet normal 0.956306 -0.292369 0
    outer loop
      vertex -97.0874 27.8394 7.5
      vertex -96.0567 31.2107 6
      vertex -96.0567 31.2107 7.5
    endloop
  endfacet
  facet normal 0.956306 -0.292369 0
    outer loop
      vertex -96.0567 31.2107 6
      vertex -97.0874 27.8394 7.5
      vertex -97.0874 27.8394 6
    endloop
  endfacet
  facet normal -0.956339 0.292258 0
    outer loop
      vertex -100.932 28.9419 -3.8147e-07
      vertex -99.8609 32.4468 6.89999
      vertex -99.8609 32.4468 -3.8147e-07
    endloop
  endfacet
  facet normal -0.956339 0.292258 0
    outer loop
      vertex -99.8609 32.4468 6.89999
      vertex -100.932 28.9419 -3.8147e-07
      vertex -100.932 28.9419 6.89999
    endloop
  endfacet
  facet normal -0.668658 0.230241 0.707026
    outer loop
      vertex -99.2903 32.2614 7.5
      vertex -98.1039 35.7069 7.5
      vertex -99.8609 32.4468 6.89999
    endloop
  endfacet
  facet normal -0.668649 0.230235 0.707036
    outer loop
      vertex -98.1039 35.7069 7.5
      vertex -98.6677 35.9121 6.89999
      vertex -99.8609 32.4468 6.89999
    endloop
  endfacet
  facet normal 0.945523 -0.325556 0
    outer loop
      vertex -96.0567 31.2107 7.5
      vertex -94.909 34.544 6
      vertex -94.909 34.544 7.5
    endloop
  endfacet
  facet normal 0.945523 -0.325556 0
    outer loop
      vertex -94.909 34.544 6
      vertex -96.0567 31.2107 7.5
      vertex -96.0567 31.2107 6
    endloop
  endfacet
  facet normal -0.945518 0.325569 0
    outer loop
      vertex -99.8609 32.4468 -3.8147e-07
      vertex -98.6677 35.9121 6.89999
      vertex -98.6677 35.9121 -3.8147e-07
    endloop
  endfacet
  facet normal -0.945518 0.325569 0
    outer loop
      vertex -98.6677 35.9121 6.89999
      vertex -99.8609 32.4468 -3.8147e-07
      vertex -99.8609 32.4468 6.89999
    endloop
  endfacet
  facet normal -0.660208 0.253429 0.707036
    outer loop
      vertex -98.1039 35.7069 7.5
      vertex -96.798 39.1089 7.5
      vertex -98.6677 35.9121 6.89999
    endloop
  endfacet
  facet normal -0.660197 0.25342 0.707049
    outer loop
      vertex -96.798 39.1089 7.5
      vertex -97.3543 39.3337 6.89999
      vertex -98.6677 35.9121 6.89999
    endloop
  endfacet
  facet normal 0.933582 -0.358365 0
    outer loop
      vertex -94.909 34.544 7.5
      vertex -93.6456 37.8353 6
      vertex -93.6456 37.8353 7.5
    endloop
  endfacet
  facet normal 0.933582 -0.358365 0
    outer loop
      vertex -93.6456 37.8353 6
      vertex -94.909 34.544 7.5
      vertex -94.909 34.544 6
    endloop
  endfacet
  facet normal -0.933583 0.358361 0
    outer loop
      vertex -98.6677 35.9121 -3.8147e-07
      vertex -97.3543 39.3337 6.89999
      vertex -97.3543 39.3337 -3.8147e-07
    endloop
  endfacet
  facet normal -0.933583 0.358361 0
    outer loop
      vertex -97.3543 39.3337 6.89999
      vertex -98.6677 35.9121 -3.8147e-07
      vertex -98.6677 35.9121 6.89999
    endloop
  endfacet
  facet normal -0.650945 0.276318 0.70705
    outer loop
      vertex -96.798 39.1089 7.5
      vertex -95.3741 42.4633 7.5
      vertex -97.3543 39.3337 6.89999
    endloop
  endfacet
  facet normal -0.650923 0.276299 0.707077
    outer loop
      vertex -95.3741 42.4633 7.5
      vertex -95.9223 42.7073 6.89999
      vertex -97.3543 39.3337 6.89999
    endloop
  endfacet
  facet normal 0.920501 -0.39074 0
    outer loop
      vertex -93.6456 37.8353 7.5
      vertex -92.2681 41.0804 6
      vertex -92.2681 41.0804 7.5
    endloop
  endfacet
  facet normal 0.920501 -0.39074 0
    outer loop
      vertex -92.2681 41.0804 6
      vertex -93.6456 37.8353 7.5
      vertex -93.6456 37.8353 6
    endloop
  endfacet
  facet normal -0.920506 0.390729 0
    outer loop
      vertex -97.3543 39.3337 -3.8147e-07
      vertex -95.9223 42.7073 6.89999
      vertex -95.9223 42.7073 -3.8147e-07
    endloop
  endfacet
  facet normal -0.920506 0.390729 0
    outer loop
      vertex -95.9223 42.7073 6.89999
      vertex -97.3543 39.3337 -3.8147e-07
      vertex -97.3543 39.3337 6.89999
    endloop
  endfacet
  facet normal -0.640887 0.298845 0.707075
    outer loop
      vertex -95.3741 42.4633 7.5
      vertex -93.8341 45.7659 7.5
      vertex -95.9223 42.7073 6.89999
    endloop
  endfacet
  facet normal -0.640884 0.298843 0.707079
    outer loop
      vertex -93.8341 45.7659 7.5
      vertex -94.3734 46.029 6.89999
      vertex -95.9223 42.7073 6.89999
    endloop
  endfacet
  facet normal 0.906308 -0.422618 0
    outer loop
      vertex -92.2681 41.0804 7.5
      vertex -90.7782 44.2755 6
      vertex -90.7782 44.2755 7.5
    endloop
  endfacet
  facet normal 0.906308 -0.422618 0
    outer loop
      vertex -90.7782 44.2755 6
      vertex -92.2681 41.0804 7.5
      vertex -92.2681 41.0804 6
    endloop
  endfacet
  facet normal -0.906311 0.422611 0
    outer loop
      vertex -95.9223 42.7073 -3.8147e-07
      vertex -94.3734 46.029 6.89999
      vertex -94.3734 46.029 -3.8147e-07
    endloop
  endfacet
  facet normal -0.906311 0.422611 0
    outer loop
      vertex -94.3734 46.029 6.89999
      vertex -95.9223 42.7073 -3.8147e-07
      vertex -95.9223 42.7073 6.89999
    endloop
  endfacet
  facet normal -0.630059 0.321035 0.70708
    outer loop
      vertex -93.8341 45.7659 7.5
      vertex -92.1797 49.0128 7.5
      vertex -94.3734 46.029 6.89999
    endloop
  endfacet
  facet normal -0.630068 0.321044 0.707068
    outer loop
      vertex -92.1797 49.0128 7.5
      vertex -92.7095 49.2945 6.89999
      vertex -94.3734 46.029 6.89999
    endloop
  endfacet
  facet normal 0.891003 -0.453997 0
    outer loop
      vertex -90.7782 44.2755 7.5
      vertex -89.1777 47.4166 6
      vertex -89.1777 47.4166 7.5
    endloop
  endfacet
  facet normal 0.891003 -0.453997 0
    outer loop
      vertex -89.1777 47.4166 6
      vertex -90.7782 44.2755 7.5
      vertex -90.7782 44.2755 6
    endloop
  endfacet
  facet normal -0.891002 0.454 0
    outer loop
      vertex -94.3734 46.029 -3.8147e-07
      vertex -92.7095 49.2945 6.89999
      vertex -92.7095 49.2945 -3.8147e-07
    endloop
  endfacet
  facet normal -0.891002 0.454 0
    outer loop
      vertex -92.7095 49.2945 6.89999
      vertex -94.3734 46.029 -3.8147e-07
      vertex -94.3734 46.029 6.89999
    endloop
  endfacet
  facet normal -0.618483 0.342832 0.707068
    outer loop
      vertex -92.1797 49.0128 7.5
      vertex -90.413 52.2 7.5
      vertex -92.7095 49.2945 6.89999
    endloop
  endfacet
  facet normal -0.618467 0.342814 0.707091
    outer loop
      vertex -90.413 52.2 7.5
      vertex -90.9327 52.5 6.89999
      vertex -92.7095 49.2945 6.89999
    endloop
  endfacet
  facet normal 0.874627 -0.484797 0
    outer loop
      vertex -89.1777 47.4166 7.5
      vertex -87.4686 50.5 6
      vertex -87.4686 50.5 7.5
    endloop
  endfacet
  facet normal 0.874627 -0.484797 0
    outer loop
      vertex -87.4686 50.5 6
      vertex -89.1777 47.4166 7.5
      vertex -89.1777 47.4166 6
    endloop
  endfacet
  facet normal -0.874624 0.484802 0
    outer loop
      vertex -92.7095 49.2945 -3.8147e-07
      vertex -90.9327 52.5 6.89999
      vertex -90.9327 52.5 -3.8147e-07
    endloop
  endfacet
  facet normal -0.874624 0.484802 0
    outer loop
      vertex -90.9327 52.5 6.89999
      vertex -92.7095 49.2945 -3.8147e-07
      vertex -92.7095 49.2945 6.89999
    endloop
  endfacet
  facet normal -0.606127 0.364189 0.70709
    outer loop
      vertex -90.413 52.2 7.5
      vertex -88.5362 55.3236 7.5
      vertex -90.9327 52.5 6.89999
    endloop
  endfacet
  facet normal -0.606143 0.364207 0.707067
    outer loop
      vertex -88.5362 55.3236 7.5
      vertex -89.0451 55.6415 6.89999
      vertex -90.9327 52.5 6.89999
    endloop
  endfacet
  facet normal 0.857165 -0.515042 0
    outer loop
      vertex -87.4686 50.5 7.5
      vertex -85.6529 53.5218 6
      vertex -85.6529 53.5218 7.5
    endloop
  endfacet
  facet normal 0.857165 -0.515042 0
    outer loop
      vertex -85.6529 53.5218 6
      vertex -87.4686 50.5 7.5
      vertex -87.4686 50.5 6
    endloop
  endfacet
  facet normal -0.857168 0.515037 0
    outer loop
      vertex -90.9327 52.5 -3.8147e-07
      vertex -89.0451 55.6415 6.89999
      vertex -89.0451 55.6415 -3.8147e-07
    endloop
  endfacet
  facet normal -0.857168 0.515037 0
    outer loop
      vertex -89.0451 55.6415 6.89999
      vertex -90.9327 52.5 -3.8147e-07
      vertex -90.9327 52.5 6.89999
    endloop
  endfacet
  facet normal -0.59306 0.385147 0.707066
    outer loop
      vertex -88.5362 55.3236 7.5
      vertex -86.5515 58.3797 7.5
      vertex -89.0451 55.6415 6.89999
    endloop
  endfacet
  facet normal -0.593062 0.385149 0.707063
    outer loop
      vertex -86.5515 58.3797 7.5
      vertex -87.0489 58.7153 6.89999
      vertex -89.0451 55.6415 6.89999
    endloop
  endfacet
  facet normal 0.838671 -0.544638 0
    outer loop
      vertex -85.6529 53.5218 7.5
      vertex -83.7328 56.4785 6
      vertex -83.7328 56.4785 7.5
    endloop
  endfacet
  facet normal 0.838671 -0.544638 0
    outer loop
      vertex -83.7328 56.4785 6
      vertex -85.6529 53.5218 7.5
      vertex -85.6529 53.5218 6
    endloop
  endfacet
  facet normal -0.838664 0.544649 0
    outer loop
      vertex -89.0451 55.6415 -3.8147e-07
      vertex -87.0489 58.7153 6.89999
      vertex -87.0489 58.7153 -3.8147e-07
    endloop
  endfacet
  facet normal -0.838664 0.544649 0
    outer loop
      vertex -87.0489 58.7153 6.89999
      vertex -89.0451 55.6415 -3.8147e-07
      vertex -89.0451 55.6415 6.89999
    endloop
  endfacet
  facet normal -0.579271 0.405592 0.707065
    outer loop
      vertex -86.5515 58.3797 7.5
      vertex -84.4614 61.3648 7.5
      vertex -87.0489 58.7153 6.89999
    endloop
  endfacet
  facet normal -0.579279 0.405603 0.707052
    outer loop
      vertex -84.4614 61.3648 7.5
      vertex -84.9468 61.7175 6.89999
      vertex -87.0489 58.7153 6.89999
    endloop
  endfacet
  facet normal 0.819147 -0.573584 0
    outer loop
      vertex -83.7328 56.4785 7.5
      vertex -81.7107 59.3663 6
      vertex -81.7107 59.3663 7.5
    endloop
  endfacet
  facet normal 0.819147 -0.573584 0
    outer loop
      vertex -81.7107 59.3663 6
      vertex -83.7328 56.4785 7.5
      vertex -83.7328 56.4785 6
    endloop
  endfacet
  facet normal -0.81916 0.573565 0
    outer loop
      vertex -87.0489 58.7153 -3.8147e-07
      vertex -84.9468 61.7175 6.89999
      vertex -84.9468 61.7175 -3.8147e-07
    endloop
  endfacet
  facet normal -0.81916 0.573565 0
    outer loop
      vertex -84.9468 61.7175 6.89999
      vertex -87.0489 58.7153 -3.8147e-07
      vertex -87.0489 58.7153 6.89999
    endloop
  endfacet
  facet normal -0.564761 0.425584 0.707052
    outer loop
      vertex -84.4614 61.3648 7.5
      vertex -82.2683 64.2751 7.5
      vertex -84.9468 61.7175 6.89999
    endloop
  endfacet
  facet normal -0.564765 0.42559 0.707045
    outer loop
      vertex -82.2683 64.2751 7.5
      vertex -82.7411 64.6445 6.89999
      vertex -84.9468 61.7175 6.89999
    endloop
  endfacet
  facet normal 0.79864 -0.601809 0
    outer loop
      vertex -81.7107 59.3663 7.5
      vertex -79.5891 62.1818 6
      vertex -79.5891 62.1818 7.5
    endloop
  endfacet
  facet normal 0.79864 -0.601809 0
    outer loop
      vertex -79.5891 62.1818 6
      vertex -81.7107 59.3663 7.5
      vertex -81.7107 59.3663 6
    endloop
  endfacet
  facet normal -0.798629 0.601823 0
    outer loop
      vertex -84.9468 61.7175 -3.8147e-07
      vertex -82.7411 64.6445 6.89999
      vertex -82.7411 64.6445 -3.8147e-07
    endloop
  endfacet
  facet normal -0.798629 0.601823 0
    outer loop
      vertex -82.7411 64.6445 6.89999
      vertex -84.9468 61.7175 -3.8147e-07
      vertex -84.9468 61.7175 6.89999
    endloop
  endfacet
  facet normal -0.549566 0.445044 0.707045
    outer loop
      vertex -82.2683 64.2751 7.5
      vertex -79.975 67.107 7.5
      vertex -82.7411 64.6445 6.89999
    endloop
  endfacet
  facet normal -0.54954 0.445004 0.707091
    outer loop
      vertex -79.975 67.107 7.5
      vertex -80.4347 67.4927 6.89999
      vertex -82.7411 64.6445 6.89999
    endloop
  endfacet
  facet normal 0.777141 -0.629326 0
    outer loop
      vertex -79.5891 62.1818 7.5
      vertex -77.3705 64.9215 6
      vertex -77.3705 64.9215 7.5
    endloop
  endfacet
  facet normal 0.777141 -0.629326 0
    outer loop
      vertex -77.3705 64.9215 6
      vertex -79.5891 62.1818 7.5
      vertex -79.5891 62.1818 6
    endloop
  endfacet
  facet normal -0.77715 0.629316 0
    outer loop
      vertex -82.7411 64.6445 -3.8147e-07
      vertex -80.4347 67.4927 6.89999
      vertex -80.4347 67.4927 -3.8147e-07
    endloop
  endfacet
  facet normal -0.77715 0.629316 0
    outer loop
      vertex -80.4347 67.4927 6.89999
      vertex -82.7411 64.6445 -3.8147e-07
      vertex -82.7411 64.6445 6.89999
    endloop
  endfacet
  facet normal -0.533674 0.463913 0.70709
    outer loop
      vertex -79.975 67.107 7.5
      vertex -77.5843 69.8572 7.5
      vertex -80.4347 67.4927 6.89999
    endloop
  endfacet
  facet normal -0.53369 0.463939 0.707061
    outer loop
      vertex -77.5843 69.8572 7.5
      vertex -78.0302 70.2587 6.89999
      vertex -80.4347 67.4927 6.89999
    endloop
  endfacet
  facet normal 0.754711 -0.656057 0
    outer loop
      vertex -77.3705 64.9215 7.5
      vertex -75.0576 67.5822 6
      vertex -75.0576 67.5822 7.5
    endloop
  endfacet
  facet normal 0.754711 -0.656057 0
    outer loop
      vertex -75.0576 67.5822 6
      vertex -77.3705 64.9215 7.5
      vertex -77.3705 64.9215 6
    endloop
  endfacet
  facet normal -0.754702 0.656067 0
    outer loop
      vertex -80.4347 67.4927 -3.8147e-07
      vertex -78.0302 70.2587 6.89999
      vertex -78.0302 70.2587 -3.8147e-07
    endloop
  endfacet
  facet normal -0.754702 0.656067 0
    outer loop
      vertex -78.0302 70.2587 6.89999
      vertex -80.4347 67.4927 -3.8147e-07
      vertex -80.4347 67.4927 6.89999
    endloop
  endfacet
  facet normal -0.517183 0.482272 0.707061
    outer loop
      vertex -77.5843 69.8572 7.5
      vertex -75.0991 72.5223 7.5
      vertex -78.0302 70.2587 6.89999
    endloop
  endfacet
  facet normal -0.51719 0.482285 0.707047
    outer loop
      vertex -75.0991 72.5223 7.5
      vertex -75.5307 72.9391 6.89999
      vertex -78.0302 70.2587 6.89999
    endloop
  endfacet
  facet normal 0.731354 -0.681998 0
    outer loop
      vertex -75.0576 67.5822 7.5
      vertex -72.6533 70.1605 6
      vertex -72.6533 70.1605 7.5
    endloop
  endfacet
  facet normal 0.731354 -0.681998 0
    outer loop
      vertex -72.6533 70.1605 6
      vertex -75.0576 67.5822 7.5
      vertex -75.0576 67.5822 6
    endloop
  endfacet
  facet normal -0.731356 0.681996 0
    outer loop
      vertex -78.0302 70.2587 -3.8147e-07
      vertex -75.5307 72.9391 6.89999
      vertex -75.5307 72.9391 -3.8147e-07
    endloop
  endfacet
  facet normal -0.731356 0.681996 0
    outer loop
      vertex -75.5307 72.9391 6.89999
      vertex -78.0302 70.2587 -3.8147e-07
      vertex -78.0302 70.2587 6.89999
    endloop
  endfacet
  facet normal -0.500042 0.500042 0.707047
    outer loop
      vertex -72.9391 75.5307 6.89999
      vertex -75.0991 72.5223 7.5
      vertex -72.5223 75.0991 7.5
    endloop
  endfacet
  facet normal -0.500042 0.500042 0.707047
    outer loop
      vertex -75.0991 72.5223 7.5
      vertex -72.9391 75.5307 6.89999
      vertex -75.5307 72.9391 6.89999
    endloop
  endfacet
  facet normal 0.707107 -0.707107 0
    outer loop
      vertex -72.6533 70.1605 7.5
      vertex -70.1605 72.6533 6
      vertex -70.1605 72.6533 7.5
    endloop
  endfacet
  facet normal 0.707107 -0.707107 0
    outer loop
      vertex -70.1605 72.6533 6
      vertex -72.6533 70.1605 7.5
      vertex -72.6533 70.1605 6
    endloop
  endfacet
  facet normal -0.707107 0.707107 0
    outer loop
      vertex -75.5307 72.9391 -3.8147e-07
      vertex -72.9391 75.5307 6.89999
      vertex -72.9391 75.5307 -3.8147e-07
    endloop
  endfacet
  facet normal -0.707107 0.707107 0
    outer loop
      vertex -72.9391 75.5307 6.89999
      vertex -75.5307 72.9391 -3.8147e-07
      vertex -75.5307 72.9391 6.89999
    endloop
  endfacet
  facet normal -0.482281 0.517193 0.707047
    outer loop
      vertex -72.5223 75.0991 7.5
      vertex -69.8572 77.5843 7.5
      vertex -72.9391 75.5307 6.89999
    endloop
  endfacet
  facet normal -0.482275 0.51718 0.707061
    outer loop
      vertex -69.8572 77.5843 7.5
      vertex -70.2587 78.0302 6.89999
      vertex -72.9391 75.5307 6.89999
    endloop
  endfacet
  facet normal 0.681998 -0.731354 0
    outer loop
      vertex -70.1605 72.6533 6
      vertex -67.5822 75.0576 7.5
      vertex -70.1605 72.6533 7.5
    endloop
  endfacet
  facet normal 0.681998 -0.731354 0
    outer loop
      vertex -67.5822 75.0576 7.5
      vertex -70.1605 72.6533 6
      vertex -67.5822 75.0576 6
    endloop
  endfacet
  facet normal -0.681996 0.731356 0
    outer loop
      vertex -70.2587 78.0302 -3.8147e-07
      vertex -72.9391 75.5307 6.89999
      vertex -70.2587 78.0302 6.89999
    endloop
  endfacet
  facet normal -0.681996 0.731356 0
    outer loop
      vertex -72.9391 75.5307 6.89999
      vertex -70.2587 78.0302 -3.8147e-07
      vertex -72.9391 75.5307 -3.8147e-07
    endloop
  endfacet
  facet normal -0.463932 0.533696 0.707061
    outer loop
      vertex -69.8572 77.5843 7.5
      vertex -67.107 79.975 7.5
      vertex -70.2587 78.0302 6.89999
    endloop
  endfacet
  facet normal -0.46392 0.533668 0.70709
    outer loop
      vertex -67.107 79.975 7.5
      vertex -67.4927 80.4347 6.89999
      vertex -70.2587 78.0302 6.89999
    endloop
  endfacet
  facet normal 0.656057 -0.754711 0
    outer loop
      vertex -67.5822 75.0576 6
      vertex -64.9215 77.3705 7.5
      vertex -67.5822 75.0576 7.5
    endloop
  endfacet
  facet normal 0.656057 -0.754711 0
    outer loop
      vertex -64.9215 77.3705 7.5
      vertex -67.5822 75.0576 6
      vertex -64.9215 77.3705 6
    endloop
  endfacet
  facet normal -0.656067 0.754702 0
    outer loop
      vertex -67.4927 80.4347 -3.8147e-07
      vertex -70.2587 78.0302 6.89999
      vertex -67.4927 80.4347 6.89999
    endloop
  endfacet
  facet normal -0.656067 0.754702 0
    outer loop
      vertex -70.2587 78.0302 6.89999
      vertex -67.4927 80.4347 -3.8147e-07
      vertex -70.2587 78.0302 -3.8147e-07
    endloop
  endfacet
  facet normal -0.445015 0.549531 0.707091
    outer loop
      vertex -67.107 79.975 7.5
      vertex -64.2751 82.2683 7.5
      vertex -67.4927 80.4347 6.89999
    endloop
  endfacet
  facet normal -0.445032 0.549576 0.707045
    outer loop
      vertex -64.2751 82.2683 7.5
      vertex -64.6445 82.7411 6.89999
      vertex -67.4927 80.4347 6.89999
    endloop
  endfacet
  facet normal 0.629326 -0.777141 0
    outer loop
      vertex -64.9215 77.3705 6
      vertex -62.1818 79.5891 7.5
      vertex -64.9215 77.3705 7.5
    endloop
  endfacet
  facet normal 0.629326 -0.777141 0
    outer loop
      vertex -62.1818 79.5891 7.5
      vertex -64.9215 77.3705 6
      vertex -62.1818 79.5891 6
    endloop
  endfacet
  facet normal -0.629316 0.77715 0
    outer loop
      vertex -64.6445 82.7411 -3.8147e-07
      vertex -67.4927 80.4347 6.89999
      vertex -64.6445 82.7411 6.89999
    endloop
  endfacet
  facet normal -0.629316 0.77715 0
    outer loop
      vertex -67.4927 80.4347 6.89999
      vertex -64.6445 82.7411 -3.8147e-07
      vertex -67.4927 80.4347 -3.8147e-07
    endloop
  endfacet
  facet normal -0.425588 0.564767 0.707045
    outer loop
      vertex -64.2751 82.2683 7.5
      vertex -61.3648 84.4614 7.5
      vertex -64.6445 82.7411 6.89999
    endloop
  endfacet
  facet normal -0.425586 0.56476 0.707052
    outer loop
      vertex -61.3648 84.4614 7.5
      vertex -61.7175 84.9468 6.89999
      vertex -64.6445 82.7411 6.89999
    endloop
  endfacet
  facet normal 0.601809 -0.79864 0
    outer loop
      vertex -62.1818 79.5891 6
      vertex -59.3663 81.7107 7.5
      vertex -62.1818 79.5891 7.5
    endloop
  endfacet
  facet normal 0.601809 -0.79864 0
    outer loop
      vertex -59.3663 81.7107 7.5
      vertex -62.1818 79.5891 6
      vertex -59.3663 81.7107 6
    endloop
  endfacet
  facet normal -0.601823 0.798629 0
    outer loop
      vertex -61.7175 84.9468 -3.8147e-07
      vertex -64.6445 82.7411 6.89999
      vertex -61.7175 84.9468 6.89999
    endloop
  endfacet
  facet normal -0.601823 0.798629 0
    outer loop
      vertex -64.6445 82.7411 6.89999
      vertex -61.7175 84.9468 -3.8147e-07
      vertex -64.6445 82.7411 -3.8147e-07
    endloop
  endfacet
  facet normal -0.4056 0.579281 0.707052
    outer loop
      vertex -61.3648 84.4614 7.5
      vertex -58.3797 86.5515 7.5
      vertex -61.7175 84.9468 6.89999
    endloop
  endfacet
  facet normal -0.405596 0.579268 0.707065
    outer loop
      vertex -58.3797 86.5515 7.5
      vertex -58.7153 87.0489 6.89999
      vertex -61.7175 84.9468 6.89999
    endloop
  endfacet
  facet normal 0.573584 -0.819147 0
    outer loop
      vertex -59.3663 81.7107 6
      vertex -56.4785 83.7328 7.5
      vertex -59.3663 81.7107 7.5
    endloop
  endfacet
  facet normal 0.573584 -0.819147 0
    outer loop
      vertex -56.4785 83.7328 7.5
      vertex -59.3663 81.7107 6
      vertex -56.4785 83.7328 6
    endloop
  endfacet
  facet normal -0.573565 0.81916 0
    outer loop
      vertex -58.7153 87.0489 -3.8147e-07
      vertex -61.7175 84.9468 6.89999
      vertex -58.7153 87.0489 6.89999
    endloop
  endfacet
  facet normal -0.573565 0.81916 0
    outer loop
      vertex -61.7175 84.9468 6.89999
      vertex -58.7153 87.0489 -3.8147e-07
      vertex -61.7175 84.9468 -3.8147e-07
    endloop
  endfacet
  facet normal -0.385148 0.593062 0.707063
    outer loop
      vertex -58.3797 86.5515 7.5
      vertex -55.3236 88.5362 7.5
      vertex -58.7153 87.0489 6.89999
    endloop
  endfacet
  facet normal -0.385147 0.59306 0.707066
    outer loop
      vertex -55.3236 88.5362 7.5
      vertex -55.6415 89.0451 6.89999
      vertex -58.7153 87.0489 6.89999
    endloop
  endfacet
  facet normal 0.544638 -0.838671 0
    outer loop
      vertex -56.4785 83.7328 6
      vertex -53.5218 85.6529 7.5
      vertex -56.4785 83.7328 7.5
    endloop
  endfacet
  facet normal 0.544638 -0.838671 0
    outer loop
      vertex -53.5218 85.6529 7.5
      vertex -56.4785 83.7328 6
      vertex -53.5218 85.6529 6
    endloop
  endfacet
  facet normal -0.544649 0.838664 0
    outer loop
      vertex -55.6415 89.0451 -3.8147e-07
      vertex -58.7153 87.0489 6.89999
      vertex -55.6415 89.0451 6.89999
    endloop
  endfacet
  facet normal -0.544649 0.838664 0
    outer loop
      vertex -58.7153 87.0489 6.89999
      vertex -55.6415 89.0451 -3.8147e-07
      vertex -58.7153 87.0489 -3.8147e-07
    endloop
  endfacet
  facet normal -0.3642 0.606147 0.707067
    outer loop
      vertex -55.3236 88.5362 7.5
      vertex -52.2 90.413 7.5
      vertex -55.6415 89.0451 6.89999
    endloop
  endfacet
  facet normal -0.364195 0.606124 0.70709
    outer loop
      vertex -52.2 90.413 7.5
      vertex -52.5 90.9327 6.89999
      vertex -55.6415 89.0451 6.89999
    endloop
  endfacet
  facet normal 0.515042 -0.857165 0
    outer loop
      vertex -53.5218 85.6529 6
      vertex -50.5 87.4686 7.5
      vertex -53.5218 85.6529 7.5
    endloop
  endfacet
  facet normal 0.515042 -0.857165 0
    outer loop
      vertex -50.5 87.4686 7.5
      vertex -53.5218 85.6529 6
      vertex -50.5 87.4686 6
    endloop
  endfacet
  facet normal -0.515037 0.857168 0
    outer loop
      vertex -52.5 90.9327 -3.8147e-07
      vertex -55.6415 89.0451 6.89999
      vertex -52.5 90.9327 6.89999
    endloop
  endfacet
  facet normal -0.515037 0.857168 0
    outer loop
      vertex -55.6415 89.0451 6.89999
      vertex -52.5 90.9327 -3.8147e-07
      vertex -55.6415 89.0451 -3.8147e-07
    endloop
  endfacet
  facet normal -0.342821 0.618463 0.707091
    outer loop
      vertex -52.2 90.413 7.5
      vertex -49.0128 92.1797 7.5
      vertex -52.5 90.9327 6.89999
    endloop
  endfacet
  facet normal -0.342825 0.618486 0.707068
    outer loop
      vertex -49.0128 92.1797 7.5
      vertex -49.2945 92.7095 6.89999
      vertex -52.5 90.9327 6.89999
    endloop
  endfacet
  facet normal 0.484797 -0.874627 0
    outer loop
      vertex -50.5 87.4686 6
      vertex -47.4166 89.1777 7.5
      vertex -50.5 87.4686 7.5
    endloop
  endfacet
  facet normal 0.484797 -0.874627 0
    outer loop
      vertex -47.4166 89.1777 7.5
      vertex -50.5 87.4686 6
      vertex -47.4166 89.1777 6
    endloop
  endfacet
  facet normal -0.484802 0.874624 0
    outer loop
      vertex -49.2945 92.7095 -3.8147e-07
      vertex -52.5 90.9327 6.89999
      vertex -49.2945 92.7095 6.89999
    endloop
  endfacet
  facet normal -0.484802 0.874624 0
    outer loop
      vertex -52.5 90.9327 6.89999
      vertex -49.2945 92.7095 -3.8147e-07
      vertex -52.5 90.9327 -3.8147e-07
    endloop
  endfacet
  facet normal -0.321041 0.630069 0.707068
    outer loop
      vertex -49.0128 92.1797 7.5
      vertex -45.7659 93.8341 7.5
      vertex -49.2945 92.7095 6.89999
    endloop
  endfacet
  facet normal -0.321039 0.630057 0.70708
    outer loop
      vertex -45.7659 93.8341 7.5
      vertex -46.029 94.3734 6.89999
      vertex -49.2945 92.7095 6.89999
    endloop
  endfacet
  facet normal 0.453997 -0.891003 0
    outer loop
      vertex -47.4166 89.1777 6
      vertex -44.2755 90.7782 7.5
      vertex -47.4166 89.1777 7.5
    endloop
  endfacet
  facet normal 0.453997 -0.891003 0
    outer loop
      vertex -44.2755 90.7782 7.5
      vertex -47.4166 89.1777 6
      vertex -44.2755 90.7782 6
    endloop
  endfacet
  facet normal -0.454 0.891002 0
    outer loop
      vertex -46.029 94.3734 -3.8147e-07
      vertex -49.2945 92.7095 6.89999
      vertex -46.029 94.3734 6.89999
    endloop
  endfacet
  facet normal -0.454 0.891002 0
    outer loop
      vertex -49.2945 92.7095 6.89999
      vertex -46.029 94.3734 -3.8147e-07
      vertex -49.2945 92.7095 -3.8147e-07
    endloop
  endfacet
  facet normal -0.298844 0.640884 0.707079
    outer loop
      vertex -45.7659 93.8341 7.5
      vertex -42.4633 95.3741 7.5
      vertex -46.029 94.3734 6.89999
    endloop
  endfacet
  facet normal -0.298844 0.640887 0.707075
    outer loop
      vertex -42.4633 95.3741 7.5
      vertex -42.7073 95.9223 6.89999
      vertex -46.029 94.3734 6.89999
    endloop
  endfacet
  facet normal 0.422618 -0.906308 0
    outer loop
      vertex -44.2755 90.7782 6
      vertex -41.0804 92.2681 7.5
      vertex -44.2755 90.7782 7.5
    endloop
  endfacet
  facet normal 0.422618 -0.906308 0
    outer loop
      vertex -41.0804 92.2681 7.5
      vertex -44.2755 90.7782 6
      vertex -41.0804 92.2681 6
    endloop
  endfacet
  facet normal -0.422611 0.906311 0
    outer loop
      vertex -42.7073 95.9223 -3.8147e-07
      vertex -46.029 94.3734 6.89999
      vertex -42.7073 95.9223 6.89999
    endloop
  endfacet
  facet normal -0.422611 0.906311 0
    outer loop
      vertex -46.029 94.3734 6.89999
      vertex -42.7073 95.9223 -3.8147e-07
      vertex -46.029 94.3734 -3.8147e-07
    endloop
  endfacet
  facet normal -0.276307 0.65092 0.707077
    outer loop
      vertex -42.4633 95.3741 7.5
      vertex -39.1089 96.798 7.5
      vertex -42.7073 95.9223 6.89999
    endloop
  endfacet
  facet normal -0.27631 0.650948 0.70705
    outer loop
      vertex -39.1089 96.798 7.5
      vertex -39.3337 97.3543 6.89999
      vertex -42.7073 95.9223 6.89999
    endloop
  endfacet
  facet normal 0.39074 -0.920501 0
    outer loop
      vertex -41.0804 92.2681 6
      vertex -37.8353 93.6456 7.5
      vertex -41.0804 92.2681 7.5
    endloop
  endfacet
  facet normal 0.39074 -0.920501 0
    outer loop
      vertex -37.8353 93.6456 7.5
      vertex -41.0804 92.2681 6
      vertex -37.8353 93.6456 6
    endloop
  endfacet
  facet normal -0.390729 0.920506 0
    outer loop
      vertex -39.3337 97.3543 -3.8147e-07
      vertex -42.7073 95.9223 6.89999
      vertex -39.3337 97.3543 6.89999
    endloop
  endfacet
  facet normal -0.390729 0.920506 0
    outer loop
      vertex -42.7073 95.9223 6.89999
      vertex -39.3337 97.3543 -3.8147e-07
      vertex -42.7073 95.9223 -3.8147e-07
    endloop
  endfacet
  facet normal -0.253424 0.660195 0.707049
    outer loop
      vertex -39.1089 96.798 7.5
      vertex -35.7069 98.1039 7.5
      vertex -39.3337 97.3543 6.89999
    endloop
  endfacet
  facet normal -0.253425 0.660209 0.707036
    outer loop
      vertex -35.7069 98.1039 7.5
      vertex -35.9121 98.6677 6.89999
      vertex -39.3337 97.3543 6.89999
    endloop
  endfacet
  facet normal 0.358365 -0.933582 0
    outer loop
      vertex -37.8353 93.6456 6
      vertex -34.544 94.909 7.5
      vertex -37.8353 93.6456 7.5
    endloop
  endfacet
  facet normal 0.358365 -0.933582 0
    outer loop
      vertex -34.544 94.909 7.5
      vertex -37.8353 93.6456 6
      vertex -34.544 94.909 6
    endloop
  endfacet
  facet normal -0.358361 0.933583 0
    outer loop
      vertex -35.9121 98.6677 -3.8147e-07
      vertex -39.3337 97.3543 6.89999
      vertex -35.9121 98.6677 6.89999
    endloop
  endfacet
  facet normal -0.358361 0.933583 0
    outer loop
      vertex -39.3337 97.3543 6.89999
      vertex -35.9121 98.6677 -3.8147e-07
      vertex -39.3337 97.3543 -3.8147e-07
    endloop
  endfacet
  facet normal -0.230238 0.668648 0.707036
    outer loop
      vertex -35.7069 98.1039 7.5
      vertex -32.2614 99.2903 7.5
      vertex -35.9121 98.6677 6.89999
    endloop
  endfacet
  facet normal -0.230238 0.668659 0.707026
    outer loop
      vertex -32.2614 99.2903 7.5
      vertex -32.4468 99.8609 6.89999
      vertex -35.9121 98.6677 6.89999
    endloop
  endfacet
  facet normal 0.325556 -0.945523 0
    outer loop
      vertex -34.544 94.909 6
      vertex -31.2107 96.0567 7.5
      vertex -34.544 94.909 7.5
    endloop
  endfacet
  facet normal 0.325556 -0.945523 0
    outer loop
      vertex -31.2107 96.0567 7.5
      vertex -34.544 94.909 6
      vertex -31.2107 96.0567 6
    endloop
  endfacet
  facet normal -0.325569 0.945518 0
    outer loop
      vertex -32.4468 99.8609 -3.8147e-07
      vertex -35.9121 98.6677 6.89999
      vertex -32.4468 99.8609 6.89999
    endloop
  endfacet
  facet normal -0.325569 0.945518 0
    outer loop
      vertex -35.9121 98.6677 6.89999
      vertex -32.4468 99.8609 -3.8147e-07
      vertex -35.9121 98.6677 -3.8147e-07
    endloop
  endfacet
  facet normal -0.206807 0.676272 0.707027
    outer loop
      vertex -32.2614 99.2903 7.5
      vertex -28.7765 100.356 7.5
      vertex -32.4468 99.8609 6.89999
    endloop
  endfacet
  facet normal -0.206799 0.676696 0.706624
    outer loop
      vertex -28.7765 100.356 7.5
      vertex -28.9419 100.932 6.89999
      vertex -32.4468 99.8609 6.89999
    endloop
  endfacet
  facet normal 0.292369 -0.956306 0
    outer loop
      vertex -31.2107 96.0567 6
      vertex -27.8394 97.0874 7.5
      vertex -31.2107 96.0567 7.5
    endloop
  endfacet
  facet normal 0.292369 -0.956306 0
    outer loop
      vertex -27.8394 97.0874 7.5
      vertex -31.2107 96.0567 6
      vertex -27.8394 97.0874 6
    endloop
  endfacet
  facet normal -0.292258 0.956339 0
    outer loop
      vertex -28.9419 100.932 -3.8147e-07
      vertex -32.4468 99.8609 6.89999
      vertex -28.9419 100.932 6.89999
    endloop
  endfacet
  facet normal -0.292258 0.956339 0
    outer loop
      vertex -32.4468 99.8609 6.89999
      vertex -28.9419 100.932 -3.8147e-07
      vertex -32.4468 99.8609 -3.8147e-07
    endloop
  endfacet
  facet normal -0.183111 0.683492 0.706618
    outer loop
      vertex -28.7765 100.356 7.5
      vertex -25.2566 101.299 7.5
      vertex -28.9419 100.932 6.89999
    endloop
  endfacet
  facet normal -0.183131 0.683141 0.706952
    outer loop
      vertex -25.2566 101.299 7.5
      vertex -25.4018 101.881 6.89999
      vertex -28.9419 100.932 6.89999
    endloop
  endfacet
  facet normal 0.258833 -0.965922 0
    outer loop
      vertex -27.8394 97.0874 6
      vertex -24.4341 97.9999 7.5
      vertex -27.8394 97.0874 7.5
    endloop
  endfacet
  facet normal 0.258833 -0.965922 0
    outer loop
      vertex -24.4341 97.9999 7.5
      vertex -27.8394 97.0874 6
      vertex -24.4341 97.9999 6
    endloop
  endfacet
  facet normal -0.258929 0.965896 0
    outer loop
      vertex -25.4018 101.881 -3.8147e-07
      vertex -28.9419 100.932 6.89999
      vertex -25.4018 101.881 6.89999
    endloop
  endfacet
  facet normal -0.258929 0.965896 0
    outer loop
      vertex -28.9419 100.932 6.89999
      vertex -25.4018 101.881 -3.8147e-07
      vertex -28.9419 100.932 -3.8147e-07
    endloop
  endfacet
  facet normal -0.159151 0.689123 0.706952
    outer loop
      vertex -25.2566 101.299 7.5
      vertex -21.706 102.119 7.5
      vertex -25.4018 101.881 6.89999
    endloop
  endfacet
  facet normal -0.159111 0.689564 0.706531
    outer loop
      vertex -21.706 102.119 7.5
      vertex -21.8307 102.705 6.89999
      vertex -25.4018 101.881 6.89999
    endloop
  endfacet
  facet normal 0.224942 -0.974372 0
    outer loop
      vertex -24.4341 97.9999 6
      vertex -20.9991 98.7929 7.5
      vertex -24.4341 97.9999 7.5
    endloop
  endfacet
  facet normal 0.224942 -0.974372 0
    outer loop
      vertex -20.9991 98.7929 7.5
      vertex -24.4341 97.9999 6
      vertex -20.9991 98.7929 6
    endloop
  endfacet
  facet normal -0.224834 0.974397 0
    outer loop
      vertex -21.8307 102.705 -3.8147e-07
      vertex -25.4018 101.881 6.89999
      vertex -21.8307 102.705 6.89999
    endloop
  endfacet
  facet normal -0.224834 0.974397 0
    outer loop
      vertex -25.4018 101.881 6.89999
      vertex -21.8307 102.705 -3.8147e-07
      vertex -25.4018 101.881 -3.8147e-07
    endloop
  endfacet
  facet normal -0.134973 0.694696 0.706527
    outer loop
      vertex -21.706 102.119 7.5
      vertex -18.1289 102.814 7.5
      vertex -21.8307 102.705 6.89999
    endloop
  endfacet
  facet normal -0.135051 0.694083 0.707114
    outer loop
      vertex -18.1289 102.814 7.5
      vertex -18.2331 103.405 6.89999
      vertex -21.8307 102.705 6.89999
    endloop
  endfacet
  facet normal 0.190817 -0.981626 0
    outer loop
      vertex -20.9991 98.7929 6
      vertex -17.5385 99.4656 7.5
      vertex -20.9991 98.7929 7.5
    endloop
  endfacet
  facet normal 0.190817 -0.981626 0
    outer loop
      vertex -17.5385 99.4656 7.5
      vertex -20.9991 98.7929 6
      vertex -17.5385 99.4656 6
    endloop
  endfacet
  facet normal -0.190992 0.981592 0
    outer loop
      vertex -18.2331 103.405 -3.8147e-07
      vertex -21.8307 102.705 6.89999
      vertex -18.2331 103.405 6.89999
    endloop
  endfacet
  facet normal -0.190992 0.981592 0
    outer loop
      vertex -21.8307 102.705 6.89999
      vertex -18.2331 103.405 -3.8147e-07
      vertex -21.8307 102.705 -3.8147e-07
    endloop
  endfacet
  facet normal -0.110604 0.698395 0.707115
    outer loop
      vertex -18.1289 102.814 7.5
      vertex -14.5297 103.384 7.5
      vertex -18.2331 103.405 6.89999
    endloop
  endfacet
  facet normal -0.110577 0.698562 0.706954
    outer loop
      vertex -14.5297 103.384 7.5
      vertex -14.6132 103.978 6.89999
      vertex -18.2331 103.405 6.89999
    endloop
  endfacet
  facet normal 0.156408 -0.987692 0
    outer loop
      vertex -17.5385 99.4656 6
      vertex -14.0565 100.017 7.5
      vertex -17.5385 99.4656 7.5
    endloop
  endfacet
  facet normal 0.156408 -0.987692 0
    outer loop
      vertex -14.0565 100.017 7.5
      vertex -17.5385 99.4656 6
      vertex -14.0565 100.017 6
    endloop
  endfacet
  facet normal -0.156345 0.987702 0
    outer loop
      vertex -14.6132 103.978 -3.8147e-07
      vertex -18.2331 103.405 6.89999
      vertex -14.6132 103.978 6.89999
    endloop
  endfacet
  facet normal -0.156345 0.987702 0
    outer loop
      vertex -18.2331 103.405 6.89999
      vertex -14.6132 103.978 -3.8147e-07
      vertex -18.2331 103.405 -3.8147e-07
    endloop
  endfacet
  facet normal -0.0861744 0.701992 0.706952
    outer loop
      vertex -14.5297 103.384 7.5
      vertex -10.9128 103.828 7.5
      vertex -14.6132 103.978 6.89999
    endloop
  endfacet
  facet normal -0.0862276 0.701723 0.707213
    outer loop
      vertex -10.9128 103.828 7.5
      vertex -10.9755 104.425 6.89999
      vertex -14.6132 103.978 6.89999
    endloop
  endfacet
  facet normal 0.121971 -0.992534 0
    outer loop
      vertex -14.0565 100.017 6
      vertex -10.5574 100.447 7.5
      vertex -14.0565 100.017 7.5
    endloop
  endfacet
  facet normal 0.121971 -0.992534 0
    outer loop
      vertex -10.5574 100.447 7.5
      vertex -14.0565 100.017 6
      vertex -10.5574 100.447 6
    endloop
  endfacet
  facet normal -0.121963 0.992535 0
    outer loop
      vertex -10.9755 104.425 -3.8147e-07
      vertex -14.6132 103.978 6.89999
      vertex -10.9755 104.425 6.89999
    endloop
  endfacet
  facet normal -0.121963 0.992535 0
    outer loop
      vertex -14.6132 103.978 6.89999
      vertex -10.9755 104.425 -3.8147e-07
      vertex -14.6132 103.978 -3.8147e-07
    endloop
  endfacet
  facet normal -0.0616952 0.704301 0.707215
    outer loop
      vertex -10.9128 103.828 7.5
      vertex -7.28257 104.146 7.5
      vertex -10.9755 104.425 6.89999
    endloop
  endfacet
  facet normal -0.0615792 0.704797 0.706732
    outer loop
      vertex -7.28257 104.146 7.5
      vertex -7.32443 104.744 6.89999
      vertex -10.9755 104.425 6.89999
    endloop
  endfacet
  facet normal 0.0870825 -0.996201 0
    outer loop
      vertex -10.5574 100.447 6
      vertex -7.0454 100.754 7.5
      vertex -10.5574 100.447 7.5
    endloop
  endfacet
  facet normal 0.0870825 -0.996201 0
    outer loop
      vertex -7.0454 100.754 7.5
      vertex -10.5574 100.447 6
      vertex -7.0454 100.754 6
    endloop
  endfacet
  facet normal -0.0870401 0.996205 0
    outer loop
      vertex -7.32443 104.744 -3.8147e-07
      vertex -10.9755 104.425 6.89999
      vertex -7.32443 104.744 6.89999
    endloop
  endfacet
  facet normal -0.0870401 0.996205 0
    outer loop
      vertex -10.9755 104.425 6.89999
      vertex -7.32443 104.744 -3.8147e-07
      vertex -10.9755 104.425 -3.8147e-07
    endloop
  endfacet
  facet normal -0.0368884 0.706522 0.706729
    outer loop
      vertex -7.28257 104.146 7.5
      vertex -3.64351 104.336 7.5
      vertex -7.32443 104.744 6.89999
    endloop
  endfacet
  facet normal -0.0370353 0.705981 0.707262
    outer loop
      vertex -3.64351 104.336 7.5
      vertex -3.66445 104.936 6.89999
      vertex -7.32443 104.744 6.89999
    endloop
  endfacet
  facet normal 0.0521933 -0.998637 0
    outer loop
      vertex -7.0454 100.754 6
      vertex -3.52485 100.938 7.5
      vertex -7.0454 100.754 7.5
    endloop
  endfacet
  facet normal 0.0521933 -0.998637 0
    outer loop
      vertex -3.52485 100.938 7.5
      vertex -7.0454 100.754 6
      vertex -3.52485 100.938 6
    endloop
  endfacet
  facet normal -0.0523873 0.998627 0
    outer loop
      vertex -3.66445 104.936 -3.8147e-07
      vertex -7.32443 104.744 6.89999
      vertex -3.66445 104.936 6.89999
    endloop
  endfacet
  facet normal -0.0523873 0.998627 0
    outer loop
      vertex -7.32443 104.744 6.89999
      vertex -3.66445 104.936 -3.8147e-07
      vertex -7.32443 104.744 -3.8147e-07
    endloop
  endfacet
  facet normal -0.012416 0.706841 0.707263
    outer loop
      vertex -3.64351 104.336 7.5
      vertex 0 104.4 7.5
      vertex -3.66445 104.936 6.89999
    endloop
  endfacet
  facet normal -0.0123489 0.707059 0.707047
    outer loop
      vertex 0 104.4 7.5
      vertex 0 105 6.89999
      vertex -3.66445 104.936 6.89999
    endloop
  endfacet
  facet normal 0.0175867 -0.999845 0
    outer loop
      vertex -3.52485 100.938 6
      vertex 0 101 7.5
      vertex -3.52485 100.938 7.5
    endloop
  endfacet
  facet normal 0.0175867 -0.999845 0
    outer loop
      vertex 0 101 7.5
      vertex -3.52485 100.938 6
      vertex 0 101 6
    endloop
  endfacet
  facet normal -0.0174624 0.999848 0
    outer loop
      vertex 0 105 -3.8147e-07
      vertex -3.66445 104.936 6.89999
      vertex 0 105 6.89999
    endloop
  endfacet
  facet normal -0.0174624 0.999848 0
    outer loop
      vertex -3.66445 104.936 6.89999
      vertex 0 105 -3.8147e-07
      vertex -3.66445 104.936 -3.8147e-07
    endloop
  endfacet
  facet normal 0.0124198 0.707058 0.707046
    outer loop
      vertex 3.64351 104.336 7.5
      vertex 0 105 6.89999
      vertex 0 104.4 7.5
    endloop
  endfacet
  facet normal 0.0123451 0.706843 0.707262
    outer loop
      vertex 3.64351 104.336 7.5
      vertex 3.66445 104.936 6.89999
      vertex 0 105 6.89999
    endloop
  endfacet
  facet normal -0.0175867 -0.999845 0
    outer loop
      vertex 0 101 6
      vertex 3.52485 100.938 7.5
      vertex 0 101 7.5
    endloop
  endfacet
  facet normal -0.0175867 -0.999845 -0
    outer loop
      vertex 3.52485 100.938 7.5
      vertex 0 101 6
      vertex 3.52485 100.938 6
    endloop
  endfacet
  facet normal 0.0174624 0.999848 -0
    outer loop
      vertex 3.66445 104.936 -3.8147e-07
      vertex 0 105 6.89999
      vertex 3.66445 104.936 6.89999
    endloop
  endfacet
  facet normal 0.0174624 0.999848 0
    outer loop
      vertex 0 105 6.89999
      vertex 3.66445 104.936 -3.8147e-07
      vertex 0 105 -3.8147e-07
    endloop
  endfacet
  facet normal 0.0368606 0.705989 0.707263
    outer loop
      vertex 7.28257 104.146 7.5
      vertex 3.66445 104.936 6.89999
      vertex 3.64351 104.336 7.5
    endloop
  endfacet
  facet normal 0.0370631 0.706511 0.70673
    outer loop
      vertex 7.28257 104.146 7.5
      vertex 7.32443 104.744 6.89999
      vertex 3.66445 104.936 6.89999
    endloop
  endfacet
  facet normal -0.0521933 -0.998637 0
    outer loop
      vertex 3.52485 100.938 6
      vertex 7.0454 100.754 7.5
      vertex 3.52485 100.938 7.5
    endloop
  endfacet
  facet normal -0.0521933 -0.998637 -0
    outer loop
      vertex 7.0454 100.754 7.5
      vertex 3.52485 100.938 6
      vertex 7.0454 100.754 6
    endloop
  endfacet
  facet normal 0.0523873 0.998627 -0
    outer loop
      vertex 7.32443 104.744 -3.8147e-07
      vertex 3.66445 104.936 6.89999
      vertex 7.32443 104.744 6.89999
    endloop
  endfacet
  facet normal 0.0523873 0.998627 0
    outer loop
      vertex 3.66445 104.936 6.89999
      vertex 7.32443 104.744 -3.8147e-07
      vertex 3.66445 104.936 -3.8147e-07
    endloop
  endfacet
  facet normal 0.0617375 0.704784 0.70673
    outer loop
      vertex 10.9128 103.828 7.5
      vertex 7.32443 104.744 6.89999
      vertex 7.28257 104.146 7.5
    endloop
  endfacet
  facet normal 0.0615373 0.704317 0.707214
    outer loop
      vertex 10.9128 103.828 7.5
      vertex 10.9755 104.425 6.89999
      vertex 7.32443 104.744 6.89999
    endloop
  endfacet
  facet normal -0.0870825 -0.996201 0
    outer loop
      vertex 7.0454 100.754 6
      vertex 10.5574 100.447 7.5
      vertex 7.0454 100.754 7.5
    endloop
  endfacet
  facet normal -0.0870825 -0.996201 -0
    outer loop
      vertex 10.5574 100.447 7.5
      vertex 7.0454 100.754 6
      vertex 10.5574 100.447 6
    endloop
  endfacet
  facet normal 0.0870401 0.996205 -0
    outer loop
      vertex 10.9755 104.425 -3.8147e-07
      vertex 7.32443 104.744 6.89999
      vertex 10.9755 104.425 6.89999
    endloop
  endfacet
  facet normal 0.0870401 0.996205 0
    outer loop
      vertex 7.32443 104.744 6.89999
      vertex 10.9755 104.425 -3.8147e-07
      vertex 7.32443 104.744 -3.8147e-07
    endloop
  endfacet
  facet normal 0.0861426 0.701732 0.707214
    outer loop
      vertex 14.5297 103.384 7.5
      vertex 10.9755 104.425 6.89999
      vertex 10.9128 103.828 7.5
    endloop
  endfacet
  facet normal 0.0862592 0.70198 0.706953
    outer loop
      vertex 14.5297 103.384 7.5
      vertex 14.6132 103.978 6.89999
      vertex 10.9755 104.425 6.89999
    endloop
  endfacet
  facet normal -0.121971 -0.992534 0
    outer loop
      vertex 10.5574 100.447 6
      vertex 14.0565 100.017 7.5
      vertex 10.5574 100.447 7.5
    endloop
  endfacet
  facet normal -0.121971 -0.992534 -0
    outer loop
      vertex 14.0565 100.017 7.5
      vertex 10.5574 100.447 6
      vertex 14.0565 100.017 6
    endloop
  endfacet
  facet normal 0.121963 0.992535 -0
    outer loop
      vertex 14.6132 103.978 -3.8147e-07
      vertex 10.9755 104.425 6.89999
      vertex 14.6132 103.978 6.89999
    endloop
  endfacet
  facet normal 0.121963 0.992535 0
    outer loop
      vertex 10.9755 104.425 6.89999
      vertex 14.6132 103.978 -3.8147e-07
      vertex 10.9755 104.425 -3.8147e-07
    endloop
  endfacet
  facet normal 0.110629 0.698555 0.706953
    outer loop
      vertex 18.1289 102.814 7.5
      vertex 14.6132 103.978 6.89999
      vertex 14.5297 103.384 7.5
    endloop
  endfacet
  facet normal 0.110551 0.698403 0.707115
    outer loop
      vertex 18.1289 102.814 7.5
      vertex 18.2331 103.405 6.89999
      vertex 14.6132 103.978 6.89999
    endloop
  endfacet
  facet normal -0.156408 -0.987692 0
    outer loop
      vertex 14.0565 100.017 6
      vertex 17.5385 99.4656 7.5
      vertex 14.0565 100.017 7.5
    endloop
  endfacet
  facet normal -0.156408 -0.987692 -0
    outer loop
      vertex 17.5385 99.4656 7.5
      vertex 14.0565 100.017 6
      vertex 17.5385 99.4656 6
    endloop
  endfacet
  facet normal 0.156345 0.987702 -0
    outer loop
      vertex 18.2331 103.405 -3.8147e-07
      vertex 14.6132 103.978 6.89999
      vertex 18.2331 103.405 6.89999
    endloop
  endfacet
  facet normal 0.156345 0.987702 0
    outer loop
      vertex 14.6132 103.978 6.89999
      vertex 18.2331 103.405 -3.8147e-07
      vertex 14.6132 103.978 -3.8147e-07
    endloop
  endfacet
  facet normal 0.134861 0.694118 0.707116
    outer loop
      vertex 21.706 102.119 7.5
      vertex 18.2331 103.405 6.89999
      vertex 18.1289 102.814 7.5
    endloop
  endfacet
  facet normal 0.135162 0.694657 0.706528
    outer loop
      vertex 21.706 102.119 7.5
      vertex 21.8307 102.705 6.89999
      vertex 18.2331 103.405 6.89999
    endloop
  endfacet
  facet normal -0.190817 -0.981626 0
    outer loop
      vertex 17.5385 99.4656 6
      vertex 20.9991 98.7929 7.5
      vertex 17.5385 99.4656 7.5
    endloop
  endfacet
  facet normal -0.190817 -0.981626 -0
    outer loop
      vertex 20.9991 98.7929 7.5
      vertex 17.5385 99.4656 6
      vertex 20.9991 98.7929 6
    endloop
  endfacet
  facet normal 0.190992 0.981592 -0
    outer loop
      vertex 21.8307 102.705 -3.8147e-07
      vertex 18.2331 103.405 6.89999
      vertex 21.8307 102.705 6.89999
    endloop
  endfacet
  facet normal 0.190992 0.981592 0
    outer loop
      vertex 18.2331 103.405 6.89999
      vertex 21.8307 102.705 -3.8147e-07
      vertex 18.2331 103.405 -3.8147e-07
    endloop
  endfacet
  facet normal 0.159246 0.689534 0.706529
    outer loop
      vertex 25.2566 101.299 7.5
      vertex 21.8307 102.705 6.89999
      vertex 21.706 102.119 7.5
    endloop
  endfacet
  facet normal 0.159016 0.689155 0.706951
    outer loop
      vertex 25.2566 101.299 7.5
      vertex 25.4018 101.881 6.89999
      vertex 21.8307 102.705 6.89999
    endloop
  endfacet
  facet normal -0.224942 -0.974372 0
    outer loop
      vertex 20.9991 98.7929 6
      vertex 24.4341 97.9999 7.5
      vertex 20.9991 98.7929 7.5
    endloop
  endfacet
  facet normal -0.224942 -0.974372 -0
    outer loop
      vertex 24.4341 97.9999 7.5
      vertex 20.9991 98.7929 6
      vertex 24.4341 97.9999 6
    endloop
  endfacet
  facet normal 0.224834 0.974397 -0
    outer loop
      vertex 25.4018 101.881 -3.8147e-07
      vertex 21.8307 102.705 6.89999
      vertex 25.4018 101.881 6.89999
    endloop
  endfacet
  facet normal 0.224834 0.974397 0
    outer loop
      vertex 21.8307 102.705 6.89999
      vertex 25.4018 101.881 -3.8147e-07
      vertex 21.8307 102.705 -3.8147e-07
    endloop
  endfacet
  facet normal 0.183024 0.683168 0.706953
    outer loop
      vertex 28.7765 100.356 7.5
      vertex 25.4018 101.881 6.89999
      vertex 25.2566 101.299 7.5
    endloop
  endfacet
  facet normal 0.183217 0.683463 0.706619
    outer loop
      vertex 28.7765 100.356 7.5
      vertex 28.9419 100.932 6.89999
      vertex 25.4018 101.881 6.89999
    endloop
  endfacet
  facet normal -0.258833 -0.965922 0
    outer loop
      vertex 24.4341 97.9999 6
      vertex 27.8394 97.0874 7.5
      vertex 24.4341 97.9999 7.5
    endloop
  endfacet
  facet normal -0.258833 -0.965922 -0
    outer loop
      vertex 27.8394 97.0874 7.5
      vertex 24.4341 97.9999 6
      vertex 27.8394 97.0874 6
    endloop
  endfacet
  facet normal 0.258929 0.965896 -0
    outer loop
      vertex 28.9419 100.932 -3.8147e-07
      vertex 25.4018 101.881 6.89999
      vertex 28.9419 100.932 6.89999
    endloop
  endfacet
  facet normal 0.258929 0.965896 0
    outer loop
      vertex 25.4018 101.881 6.89999
      vertex 28.9419 100.932 -3.8147e-07
      vertex 25.4018 101.881 -3.8147e-07
    endloop
  endfacet
  facet normal 0.206925 0.676658 0.706623
    outer loop
      vertex 32.2614 99.2903 7.5
      vertex 28.9419 100.932 6.89999
      vertex 28.7765 100.356 7.5
    endloop
  endfacet
  facet normal 0.206681 0.676312 0.707025
    outer loop
      vertex 32.2614 99.2903 7.5
      vertex 32.4468 99.8609 6.89999
      vertex 28.9419 100.932 6.89999
    endloop
  endfacet
  facet normal -0.292369 -0.956306 0
    outer loop
      vertex 27.8394 97.0874 6
      vertex 31.2107 96.0567 7.5
      vertex 27.8394 97.0874 7.5
    endloop
  endfacet
  facet normal -0.292369 -0.956306 -0
    outer loop
      vertex 31.2107 96.0567 7.5
      vertex 27.8394 97.0874 6
      vertex 31.2107 96.0567 6
    endloop
  endfacet
  facet normal 0.292258 0.956339 -0
    outer loop
      vertex 32.4468 99.8609 -3.8147e-07
      vertex 28.9419 100.932 6.89999
      vertex 32.4468 99.8609 6.89999
    endloop
  endfacet
  facet normal 0.292258 0.956339 0
    outer loop
      vertex 28.9419 100.932 6.89999
      vertex 32.4468 99.8609 -3.8147e-07
      vertex 28.9419 100.932 -3.8147e-07
    endloop
  endfacet
  facet normal 0.230241 0.668658 0.707026
    outer loop
      vertex 35.7069 98.1039 7.5
      vertex 32.4468 99.8609 6.89999
      vertex 32.2614 99.2903 7.5
    endloop
  endfacet
  facet normal 0.230235 0.668649 0.707036
    outer loop
      vertex 35.7069 98.1039 7.5
      vertex 35.9121 98.6677 6.89999
      vertex 32.4468 99.8609 6.89999
    endloop
  endfacet
  facet normal -0.325556 -0.945523 0
    outer loop
      vertex 31.2107 96.0567 6
      vertex 34.544 94.909 7.5
      vertex 31.2107 96.0567 7.5
    endloop
  endfacet
  facet normal -0.325556 -0.945523 -0
    outer loop
      vertex 34.544 94.909 7.5
      vertex 31.2107 96.0567 6
      vertex 34.544 94.909 6
    endloop
  endfacet
  facet normal 0.325569 0.945518 -0
    outer loop
      vertex 35.9121 98.6677 -3.8147e-07
      vertex 32.4468 99.8609 6.89999
      vertex 35.9121 98.6677 6.89999
    endloop
  endfacet
  facet normal 0.325569 0.945518 0
    outer loop
      vertex 32.4468 99.8609 6.89999
      vertex 35.9121 98.6677 -3.8147e-07
      vertex 32.4468 99.8609 -3.8147e-07
    endloop
  endfacet
  facet normal 0.253429 0.660208 0.707036
    outer loop
      vertex 39.1089 96.798 7.5
      vertex 35.9121 98.6677 6.89999
      vertex 35.7069 98.1039 7.5
    endloop
  endfacet
  facet normal 0.25342 0.660197 0.707049
    outer loop
      vertex 39.1089 96.798 7.5
      vertex 39.3337 97.3543 6.89999
      vertex 35.9121 98.6677 6.89999
    endloop
  endfacet
  facet normal -0.358365 -0.933582 0
    outer loop
      vertex 34.544 94.909 6
      vertex 37.8353 93.6456 7.5
      vertex 34.544 94.909 7.5
    endloop
  endfacet
  facet normal -0.358365 -0.933582 -0
    outer loop
      vertex 37.8353 93.6456 7.5
      vertex 34.544 94.909 6
      vertex 37.8353 93.6456 6
    endloop
  endfacet
  facet normal 0.358361 0.933583 -0
    outer loop
      vertex 39.3337 97.3543 -3.8147e-07
      vertex 35.9121 98.6677 6.89999
      vertex 39.3337 97.3543 6.89999
    endloop
  endfacet
  facet normal 0.358361 0.933583 0
    outer loop
      vertex 35.9121 98.6677 6.89999
      vertex 39.3337 97.3543 -3.8147e-07
      vertex 35.9121 98.6677 -3.8147e-07
    endloop
  endfacet
  facet normal 0.276318 0.650945 0.70705
    outer loop
      vertex 42.4633 95.3741 7.5
      vertex 39.3337 97.3543 6.89999
      vertex 39.1089 96.798 7.5
    endloop
  endfacet
  facet normal 0.276299 0.650923 0.707077
    outer loop
      vertex 42.4633 95.3741 7.5
      vertex 42.7073 95.9223 6.89999
      vertex 39.3337 97.3543 6.89999
    endloop
  endfacet
  facet normal -0.39074 -0.920501 0
    outer loop
      vertex 37.8353 93.6456 6
      vertex 41.0804 92.2681 7.5
      vertex 37.8353 93.6456 7.5
    endloop
  endfacet
  facet normal -0.39074 -0.920501 -0
    outer loop
      vertex 41.0804 92.2681 7.5
      vertex 37.8353 93.6456 6
      vertex 41.0804 92.2681 6
    endloop
  endfacet
  facet normal 0.390729 0.920506 -0
    outer loop
      vertex 42.7073 95.9223 -3.8147e-07
      vertex 39.3337 97.3543 6.89999
      vertex 42.7073 95.9223 6.89999
    endloop
  endfacet
  facet normal 0.390729 0.920506 0
    outer loop
      vertex 39.3337 97.3543 6.89999
      vertex 42.7073 95.9223 -3.8147e-07
      vertex 39.3337 97.3543 -3.8147e-07
    endloop
  endfacet
  facet normal 0.298845 0.640887 0.707075
    outer loop
      vertex 45.7659 93.8341 7.5
      vertex 42.7073 95.9223 6.89999
      vertex 42.4633 95.3741 7.5
    endloop
  endfacet
  facet normal 0.298843 0.640884 0.707079
    outer loop
      vertex 45.7659 93.8341 7.5
      vertex 46.029 94.3734 6.89999
      vertex 42.7073 95.9223 6.89999
    endloop
  endfacet
  facet normal -0.422618 -0.906308 0
    outer loop
      vertex 41.0804 92.2681 6
      vertex 44.2755 90.7782 7.5
      vertex 41.0804 92.2681 7.5
    endloop
  endfacet
  facet normal -0.422618 -0.906308 -0
    outer loop
      vertex 44.2755 90.7782 7.5
      vertex 41.0804 92.2681 6
      vertex 44.2755 90.7782 6
    endloop
  endfacet
  facet normal 0.422611 0.906311 -0
    outer loop
      vertex 46.029 94.3734 -3.8147e-07
      vertex 42.7073 95.9223 6.89999
      vertex 46.029 94.3734 6.89999
    endloop
  endfacet
  facet normal 0.422611 0.906311 0
    outer loop
      vertex 42.7073 95.9223 6.89999
      vertex 46.029 94.3734 -3.8147e-07
      vertex 42.7073 95.9223 -3.8147e-07
    endloop
  endfacet
  facet normal 0.321035 0.630059 0.70708
    outer loop
      vertex 49.0128 92.1797 7.5
      vertex 46.029 94.3734 6.89999
      vertex 45.7659 93.8341 7.5
    endloop
  endfacet
  facet normal 0.321044 0.630068 0.707068
    outer loop
      vertex 49.0128 92.1797 7.5
      vertex 49.2945 92.7095 6.89999
      vertex 46.029 94.3734 6.89999
    endloop
  endfacet
  facet normal -0.453997 -0.891003 0
    outer loop
      vertex 44.2755 90.7782 6
      vertex 47.4166 89.1777 7.5
      vertex 44.2755 90.7782 7.5
    endloop
  endfacet
  facet normal -0.453997 -0.891003 -0
    outer loop
      vertex 47.4166 89.1777 7.5
      vertex 44.2755 90.7782 6
      vertex 47.4166 89.1777 6
    endloop
  endfacet
  facet normal 0.454 0.891002 -0
    outer loop
      vertex 49.2945 92.7095 -3.8147e-07
      vertex 46.029 94.3734 6.89999
      vertex 49.2945 92.7095 6.89999
    endloop
  endfacet
  facet normal 0.454 0.891002 0
    outer loop
      vertex 46.029 94.3734 6.89999
      vertex 49.2945 92.7095 -3.8147e-07
      vertex 46.029 94.3734 -3.8147e-07
    endloop
  endfacet
  facet normal 0.342832 0.618483 0.707068
    outer loop
      vertex 52.2 90.413 7.5
      vertex 49.2945 92.7095 6.89999
      vertex 49.0128 92.1797 7.5
    endloop
  endfacet
  facet normal 0.342814 0.618467 0.707091
    outer loop
      vertex 52.2 90.413 7.5
      vertex 52.5 90.9327 6.89999
      vertex 49.2945 92.7095 6.89999
    endloop
  endfacet
  facet normal -0.484797 -0.874627 0
    outer loop
      vertex 47.4166 89.1777 6
      vertex 50.5 87.4686 7.5
      vertex 47.4166 89.1777 7.5
    endloop
  endfacet
  facet normal -0.484797 -0.874627 -0
    outer loop
      vertex 50.5 87.4686 7.5
      vertex 47.4166 89.1777 6
      vertex 50.5 87.4686 6
    endloop
  endfacet
  facet normal 0.484802 0.874624 -0
    outer loop
      vertex 52.5 90.9327 -3.8147e-07
      vertex 49.2945 92.7095 6.89999
      vertex 52.5 90.9327 6.89999
    endloop
  endfacet
  facet normal 0.484802 0.874624 0
    outer loop
      vertex 49.2945 92.7095 6.89999
      vertex 52.5 90.9327 -3.8147e-07
      vertex 49.2945 92.7095 -3.8147e-07
    endloop
  endfacet
  facet normal 0.364189 0.606127 0.70709
    outer loop
      vertex 55.3236 88.5362 7.5
      vertex 52.5 90.9327 6.89999
      vertex 52.2 90.413 7.5
    endloop
  endfacet
  facet normal 0.364207 0.606143 0.707067
    outer loop
      vertex 55.3236 88.5362 7.5
      vertex 55.6415 89.0451 6.89999
      vertex 52.5 90.9327 6.89999
    endloop
  endfacet
  facet normal -0.515042 -0.857165 0
    outer loop
      vertex 50.5 87.4686 6
      vertex 53.5218 85.6529 7.5
      vertex 50.5 87.4686 7.5
    endloop
  endfacet
  facet normal -0.515042 -0.857165 -0
    outer loop
      vertex 53.5218 85.6529 7.5
      vertex 50.5 87.4686 6
      vertex 53.5218 85.6529 6
    endloop
  endfacet
  facet normal 0.515037 0.857168 -0
    outer loop
      vertex 55.6415 89.0451 -3.8147e-07
      vertex 52.5 90.9327 6.89999
      vertex 55.6415 89.0451 6.89999
    endloop
  endfacet
  facet normal 0.515037 0.857168 0
    outer loop
      vertex 52.5 90.9327 6.89999
      vertex 55.6415 89.0451 -3.8147e-07
      vertex 52.5 90.9327 -3.8147e-07
    endloop
  endfacet
  facet normal 0.385147 0.59306 0.707066
    outer loop
      vertex 58.3797 86.5515 7.5
      vertex 55.6415 89.0451 6.89999
      vertex 55.3236 88.5362 7.5
    endloop
  endfacet
  facet normal 0.385149 0.593062 0.707063
    outer loop
      vertex 58.3797 86.5515 7.5
      vertex 58.7153 87.0489 6.89999
      vertex 55.6415 89.0451 6.89999
    endloop
  endfacet
  facet normal -0.544638 -0.838671 0
    outer loop
      vertex 53.5218 85.6529 6
      vertex 56.4785 83.7328 7.5
      vertex 53.5218 85.6529 7.5
    endloop
  endfacet
  facet normal -0.544638 -0.838671 -0
    outer loop
      vertex 56.4785 83.7328 7.5
      vertex 53.5218 85.6529 6
      vertex 56.4785 83.7328 6
    endloop
  endfacet
  facet normal 0.544649 0.838664 -0
    outer loop
      vertex 58.7153 87.0489 -3.8147e-07
      vertex 55.6415 89.0451 6.89999
      vertex 58.7153 87.0489 6.89999
    endloop
  endfacet
  facet normal 0.544649 0.838664 0
    outer loop
      vertex 55.6415 89.0451 6.89999
      vertex 58.7153 87.0489 -3.8147e-07
      vertex 55.6415 89.0451 -3.8147e-07
    endloop
  endfacet
  facet normal 0.405592 0.579271 0.707065
    outer loop
      vertex 61.3648 84.4614 7.5
      vertex 58.7153 87.0489 6.89999
      vertex 58.3797 86.5515 7.5
    endloop
  endfacet
  facet normal 0.405603 0.579279 0.707052
    outer loop
      vertex 61.3648 84.4614 7.5
      vertex 61.7175 84.9468 6.89999
      vertex 58.7153 87.0489 6.89999
    endloop
  endfacet
  facet normal -0.573584 -0.819147 0
    outer loop
      vertex 56.4785 83.7328 6
      vertex 59.3663 81.7107 7.5
      vertex 56.4785 83.7328 7.5
    endloop
  endfacet
  facet normal -0.573584 -0.819147 -0
    outer loop
      vertex 59.3663 81.7107 7.5
      vertex 56.4785 83.7328 6
      vertex 59.3663 81.7107 6
    endloop
  endfacet
  facet normal 0.573565 0.81916 -0
    outer loop
      vertex 61.7175 84.9468 -3.8147e-07
      vertex 58.7153 87.0489 6.89999
      vertex 61.7175 84.9468 6.89999
    endloop
  endfacet
  facet normal 0.573565 0.81916 0
    outer loop
      vertex 58.7153 87.0489 6.89999
      vertex 61.7175 84.9468 -3.8147e-07
      vertex 58.7153 87.0489 -3.8147e-07
    endloop
  endfacet
  facet normal 0.425584 0.564761 0.707052
    outer loop
      vertex 64.2751 82.2683 7.5
      vertex 61.7175 84.9468 6.89999
      vertex 61.3648 84.4614 7.5
    endloop
  endfacet
  facet normal 0.42559 0.564765 0.707045
    outer loop
      vertex 64.2751 82.2683 7.5
      vertex 64.6445 82.7411 6.89999
      vertex 61.7175 84.9468 6.89999
    endloop
  endfacet
  facet normal -0.601809 -0.79864 0
    outer loop
      vertex 59.3663 81.7107 6
      vertex 62.1818 79.5891 7.5
      vertex 59.3663 81.7107 7.5
    endloop
  endfacet
  facet normal -0.601809 -0.79864 -0
    outer loop
      vertex 62.1818 79.5891 7.5
      vertex 59.3663 81.7107 6
      vertex 62.1818 79.5891 6
    endloop
  endfacet
  facet normal 0.601823 0.798629 -0
    outer loop
      vertex 64.6445 82.7411 -3.8147e-07
      vertex 61.7175 84.9468 6.89999
      vertex 64.6445 82.7411 6.89999
    endloop
  endfacet
  facet normal 0.601823 0.798629 0
    outer loop
      vertex 61.7175 84.9468 6.89999
      vertex 64.6445 82.7411 -3.8147e-07
      vertex 61.7175 84.9468 -3.8147e-07
    endloop
  endfacet
  facet normal 0.445044 0.549566 0.707045
    outer loop
      vertex 67.107 79.975 7.5
      vertex 64.6445 82.7411 6.89999
      vertex 64.2751 82.2683 7.5
    endloop
  endfacet
  facet normal 0.445004 0.54954 0.707091
    outer loop
      vertex 67.107 79.975 7.5
      vertex 67.4927 80.4347 6.89999
      vertex 64.6445 82.7411 6.89999
    endloop
  endfacet
  facet normal -0.629326 -0.777141 0
    outer loop
      vertex 62.1818 79.5891 6
      vertex 64.9215 77.3705 7.5
      vertex 62.1818 79.5891 7.5
    endloop
  endfacet
  facet normal -0.629326 -0.777141 -0
    outer loop
      vertex 64.9215 77.3705 7.5
      vertex 62.1818 79.5891 6
      vertex 64.9215 77.3705 6
    endloop
  endfacet
  facet normal 0.629316 0.77715 -0
    outer loop
      vertex 67.4927 80.4347 -3.8147e-07
      vertex 64.6445 82.7411 6.89999
      vertex 67.4927 80.4347 6.89999
    endloop
  endfacet
  facet normal 0.629316 0.77715 0
    outer loop
      vertex 64.6445 82.7411 6.89999
      vertex 67.4927 80.4347 -3.8147e-07
      vertex 64.6445 82.7411 -3.8147e-07
    endloop
  endfacet
  facet normal 0.463913 0.533674 0.70709
    outer loop
      vertex 69.8572 77.5843 7.5
      vertex 67.4927 80.4347 6.89999
      vertex 67.107 79.975 7.5
    endloop
  endfacet
  facet normal 0.463939 0.53369 0.707061
    outer loop
      vertex 69.8572 77.5843 7.5
      vertex 70.2587 78.0302 6.89999
      vertex 67.4927 80.4347 6.89999
    endloop
  endfacet
  facet normal -0.656057 -0.754711 0
    outer loop
      vertex 64.9215 77.3705 6
      vertex 67.5822 75.0576 7.5
      vertex 64.9215 77.3705 7.5
    endloop
  endfacet
  facet normal -0.656057 -0.754711 -0
    outer loop
      vertex 67.5822 75.0576 7.5
      vertex 64.9215 77.3705 6
      vertex 67.5822 75.0576 6
    endloop
  endfacet
  facet normal 0.656067 0.754702 -0
    outer loop
      vertex 70.2587 78.0302 -3.8147e-07
      vertex 67.4927 80.4347 6.89999
      vertex 70.2587 78.0302 6.89999
    endloop
  endfacet
  facet normal 0.656067 0.754702 0
    outer loop
      vertex 67.4927 80.4347 6.89999
      vertex 70.2587 78.0302 -3.8147e-07
      vertex 67.4927 80.4347 -3.8147e-07
    endloop
  endfacet
  facet normal 0.482272 0.517183 0.707061
    outer loop
      vertex 72.5223 75.0991 7.5
      vertex 70.2587 78.0302 6.89999
      vertex 69.8572 77.5843 7.5
    endloop
  endfacet
  facet normal 0.482285 0.51719 0.707047
    outer loop
      vertex 72.5223 75.0991 7.5
      vertex 72.9391 75.5307 6.89999
      vertex 70.2587 78.0302 6.89999
    endloop
  endfacet
  facet normal -0.681998 -0.731354 0
    outer loop
      vertex 67.5822 75.0576 6
      vertex 70.1605 72.6533 7.5
      vertex 67.5822 75.0576 7.5
    endloop
  endfacet
  facet normal -0.681998 -0.731354 -0
    outer loop
      vertex 70.1605 72.6533 7.5
      vertex 67.5822 75.0576 6
      vertex 70.1605 72.6533 6
    endloop
  endfacet
  facet normal 0.681996 0.731356 -0
    outer loop
      vertex 72.9391 75.5307 -3.8147e-07
      vertex 70.2587 78.0302 6.89999
      vertex 72.9391 75.5307 6.89999
    endloop
  endfacet
  facet normal 0.681996 0.731356 0
    outer loop
      vertex 70.2587 78.0302 6.89999
      vertex 72.9391 75.5307 -3.8147e-07
      vertex 70.2587 78.0302 -3.8147e-07
    endloop
  endfacet
  facet normal 0.500042 0.500042 0.707047
    outer loop
      vertex 72.9391 75.5307 6.89999
      vertex 75.0991 72.5223 7.5
      vertex 75.5307 72.9391 6.89999
    endloop
  endfacet
  facet normal 0.500042 0.500042 0.707047
    outer loop
      vertex 75.0991 72.5223 7.5
      vertex 72.9391 75.5307 6.89999
      vertex 72.5223 75.0991 7.5
    endloop
  endfacet
  facet normal -0.707107 -0.707107 0
    outer loop
      vertex 72.6533 70.1605 6
      vertex 70.1605 72.6533 7.5
      vertex 70.1605 72.6533 6
    endloop
  endfacet
  facet normal -0.707107 -0.707107 0
    outer loop
      vertex 70.1605 72.6533 7.5
      vertex 72.6533 70.1605 6
      vertex 72.6533 70.1605 7.5
    endloop
  endfacet
  facet normal 0.707107 0.707107 0
    outer loop
      vertex 75.5307 72.9391 6.89999
      vertex 72.9391 75.5307 -3.8147e-07
      vertex 72.9391 75.5307 6.89999
    endloop
  endfacet
  facet normal 0.707107 0.707107 0
    outer loop
      vertex 72.9391 75.5307 -3.8147e-07
      vertex 75.5307 72.9391 6.89999
      vertex 75.5307 72.9391 -3.8147e-07
    endloop
  endfacet
  facet normal 0.517193 0.482281 0.707047
    outer loop
      vertex 77.5843 69.8572 7.5
      vertex 75.5307 72.9391 6.89999
      vertex 75.0991 72.5223 7.5
    endloop
  endfacet
  facet normal 0.51718 0.482275 0.707061
    outer loop
      vertex 77.5843 69.8572 7.5
      vertex 78.0302 70.2587 6.89999
      vertex 75.5307 72.9391 6.89999
    endloop
  endfacet
  facet normal -0.731354 -0.681998 0
    outer loop
      vertex 75.0576 67.5822 6
      vertex 72.6533 70.1605 7.5
      vertex 72.6533 70.1605 6
    endloop
  endfacet
  facet normal -0.731354 -0.681998 0
    outer loop
      vertex 72.6533 70.1605 7.5
      vertex 75.0576 67.5822 6
      vertex 75.0576 67.5822 7.5
    endloop
  endfacet
  facet normal 0.731356 0.681996 0
    outer loop
      vertex 78.0302 70.2587 6.89999
      vertex 75.5307 72.9391 -3.8147e-07
      vertex 75.5307 72.9391 6.89999
    endloop
  endfacet
  facet normal 0.731356 0.681996 0
    outer loop
      vertex 75.5307 72.9391 -3.8147e-07
      vertex 78.0302 70.2587 6.89999
      vertex 78.0302 70.2587 -3.8147e-07
    endloop
  endfacet
  facet normal 0.533696 0.463932 0.707061
    outer loop
      vertex 79.975 67.107 7.5
      vertex 78.0302 70.2587 6.89999
      vertex 77.5843 69.8572 7.5
    endloop
  endfacet
  facet normal 0.533668 0.46392 0.70709
    outer loop
      vertex 79.975 67.107 7.5
      vertex 80.4347 67.4927 6.89999
      vertex 78.0302 70.2587 6.89999
    endloop
  endfacet
  facet normal -0.754711 -0.656057 0
    outer loop
      vertex 77.3705 64.9215 6
      vertex 75.0576 67.5822 7.5
      vertex 75.0576 67.5822 6
    endloop
  endfacet
  facet normal -0.754711 -0.656057 0
    outer loop
      vertex 75.0576 67.5822 7.5
      vertex 77.3705 64.9215 6
      vertex 77.3705 64.9215 7.5
    endloop
  endfacet
  facet normal 0.754702 0.656067 0
    outer loop
      vertex 80.4347 67.4927 6.89999
      vertex 78.0302 70.2587 -3.8147e-07
      vertex 78.0302 70.2587 6.89999
    endloop
  endfacet
  facet normal 0.754702 0.656067 0
    outer loop
      vertex 78.0302 70.2587 -3.8147e-07
      vertex 80.4347 67.4927 6.89999
      vertex 80.4347 67.4927 -3.8147e-07
    endloop
  endfacet
  facet normal 0.549531 0.445015 0.707091
    outer loop
      vertex 82.2683 64.2751 7.5
      vertex 80.4347 67.4927 6.89999
      vertex 79.975 67.107 7.5
    endloop
  endfacet
  facet normal 0.549576 0.445032 0.707045
    outer loop
      vertex 82.2683 64.2751 7.5
      vertex 82.7411 64.6445 6.89999
      vertex 80.4347 67.4927 6.89999
    endloop
  endfacet
  facet normal -0.777141 -0.629326 0
    outer loop
      vertex 79.5891 62.1818 6
      vertex 77.3705 64.9215 7.5
      vertex 77.3705 64.9215 6
    endloop
  endfacet
  facet normal -0.777141 -0.629326 0
    outer loop
      vertex 77.3705 64.9215 7.5
      vertex 79.5891 62.1818 6
      vertex 79.5891 62.1818 7.5
    endloop
  endfacet
  facet normal 0.77715 0.629316 0
    outer loop
      vertex 82.7411 64.6445 6.89999
      vertex 80.4347 67.4927 -3.8147e-07
      vertex 80.4347 67.4927 6.89999
    endloop
  endfacet
  facet normal 0.77715 0.629316 0
    outer loop
      vertex 80.4347 67.4927 -3.8147e-07
      vertex 82.7411 64.6445 6.89999
      vertex 82.7411 64.6445 -3.8147e-07
    endloop
  endfacet
  facet normal 0.564767 0.425588 0.707045
    outer loop
      vertex 84.4614 61.3648 7.5
      vertex 82.7411 64.6445 6.89999
      vertex 82.2683 64.2751 7.5
    endloop
  endfacet
  facet normal 0.56476 0.425586 0.707052
    outer loop
      vertex 84.4614 61.3648 7.5
      vertex 84.9468 61.7175 6.89999
      vertex 82.7411 64.6445 6.89999
    endloop
  endfacet
  facet normal -0.79864 -0.601809 0
    outer loop
      vertex 81.7107 59.3663 6
      vertex 79.5891 62.1818 7.5
      vertex 79.5891 62.1818 6
    endloop
  endfacet
  facet normal -0.79864 -0.601809 0
    outer loop
      vertex 79.5891 62.1818 7.5
      vertex 81.7107 59.3663 6
      vertex 81.7107 59.3663 7.5
    endloop
  endfacet
  facet normal 0.798629 0.601823 0
    outer loop
      vertex 84.9468 61.7175 6.89999
      vertex 82.7411 64.6445 -3.8147e-07
      vertex 82.7411 64.6445 6.89999
    endloop
  endfacet
  facet normal 0.798629 0.601823 0
    outer loop
      vertex 82.7411 64.6445 -3.8147e-07
      vertex 84.9468 61.7175 6.89999
      vertex 84.9468 61.7175 -3.8147e-07
    endloop
  endfacet
  facet normal 0.579281 0.4056 0.707052
    outer loop
      vertex 86.5515 58.3797 7.5
      vertex 84.9468 61.7175 6.89999
      vertex 84.4614 61.3648 7.5
    endloop
  endfacet
  facet normal 0.579268 0.405596 0.707065
    outer loop
      vertex 86.5515 58.3797 7.5
      vertex 87.0489 58.7153 6.89999
      vertex 84.9468 61.7175 6.89999
    endloop
  endfacet
  facet normal -0.819147 -0.573584 0
    outer loop
      vertex 83.7328 56.4785 6
      vertex 81.7107 59.3663 7.5
      vertex 81.7107 59.3663 6
    endloop
  endfacet
  facet normal -0.819147 -0.573584 0
    outer loop
      vertex 81.7107 59.3663 7.5
      vertex 83.7328 56.4785 6
      vertex 83.7328 56.4785 7.5
    endloop
  endfacet
  facet normal 0.81916 0.573565 0
    outer loop
      vertex 87.0489 58.7153 6.89999
      vertex 84.9468 61.7175 -3.8147e-07
      vertex 84.9468 61.7175 6.89999
    endloop
  endfacet
  facet normal 0.81916 0.573565 0
    outer loop
      vertex 84.9468 61.7175 -3.8147e-07
      vertex 87.0489 58.7153 6.89999
      vertex 87.0489 58.7153 -3.8147e-07
    endloop
  endfacet
  facet normal 0.593062 0.385148 0.707063
    outer loop
      vertex 88.5362 55.3236 7.5
      vertex 87.0489 58.7153 6.89999
      vertex 86.5515 58.3797 7.5
    endloop
  endfacet
  facet normal 0.59306 0.385147 0.707066
    outer loop
      vertex 88.5362 55.3236 7.5
      vertex 89.0451 55.6415 6.89999
      vertex 87.0489 58.7153 6.89999
    endloop
  endfacet
  facet normal -0.838671 -0.544638 0
    outer loop
      vertex 85.6529 53.5218 6
      vertex 83.7328 56.4785 7.5
      vertex 83.7328 56.4785 6
    endloop
  endfacet
  facet normal -0.838671 -0.544638 0
    outer loop
      vertex 83.7328 56.4785 7.5
      vertex 85.6529 53.5218 6
      vertex 85.6529 53.5218 7.5
    endloop
  endfacet
  facet normal 0.838664 0.544649 0
    outer loop
      vertex 89.0451 55.6415 6.89999
      vertex 87.0489 58.7153 -3.8147e-07
      vertex 87.0489 58.7153 6.89999
    endloop
  endfacet
  facet normal 0.838664 0.544649 0
    outer loop
      vertex 87.0489 58.7153 -3.8147e-07
      vertex 89.0451 55.6415 6.89999
      vertex 89.0451 55.6415 -3.8147e-07
    endloop
  endfacet
  facet normal 0.606147 0.3642 0.707067
    outer loop
      vertex 90.413 52.2 7.5
      vertex 89.0451 55.6415 6.89999
      vertex 88.5362 55.3236 7.5
    endloop
  endfacet
  facet normal 0.606124 0.364195 0.70709
    outer loop
      vertex 90.413 52.2 7.5
      vertex 90.9327 52.5 6.89999
      vertex 89.0451 55.6415 6.89999
    endloop
  endfacet
  facet normal -0.857165 -0.515042 0
    outer loop
      vertex 87.4686 50.5 6
      vertex 85.6529 53.5218 7.5
      vertex 85.6529 53.5218 6
    endloop
  endfacet
  facet normal -0.857165 -0.515042 0
    outer loop
      vertex 85.6529 53.5218 7.5
      vertex 87.4686 50.5 6
      vertex 87.4686 50.5 7.5
    endloop
  endfacet
  facet normal 0.857168 0.515037 0
    outer loop
      vertex 90.9327 52.5 6.89999
      vertex 89.0451 55.6415 -3.8147e-07
      vertex 89.0451 55.6415 6.89999
    endloop
  endfacet
  facet normal 0.857168 0.515037 0
    outer loop
      vertex 89.0451 55.6415 -3.8147e-07
      vertex 90.9327 52.5 6.89999
      vertex 90.9327 52.5 -3.8147e-07
    endloop
  endfacet
  facet normal 0.618463 0.342821 0.707091
    outer loop
      vertex 92.1797 49.0128 7.5
      vertex 90.9327 52.5 6.89999
      vertex 90.413 52.2 7.5
    endloop
  endfacet
  facet normal 0.618486 0.342825 0.707068
    outer loop
      vertex 92.1797 49.0128 7.5
      vertex 92.7095 49.2945 6.89999
      vertex 90.9327 52.5 6.89999
    endloop
  endfacet
  facet normal -0.874627 -0.484797 0
    outer loop
      vertex 89.1777 47.4166 6
      vertex 87.4686 50.5 7.5
      vertex 87.4686 50.5 6
    endloop
  endfacet
  facet normal -0.874627 -0.484797 0
    outer loop
      vertex 87.4686 50.5 7.5
      vertex 89.1777 47.4166 6
      vertex 89.1777 47.4166 7.5
    endloop
  endfacet
  facet normal 0.874624 0.484802 0
    outer loop
      vertex 92.7095 49.2945 6.89999
      vertex 90.9327 52.5 -3.8147e-07
      vertex 90.9327 52.5 6.89999
    endloop
  endfacet
  facet normal 0.874624 0.484802 0
    outer loop
      vertex 90.9327 52.5 -3.8147e-07
      vertex 92.7095 49.2945 6.89999
      vertex 92.7095 49.2945 -3.8147e-07
    endloop
  endfacet
  facet normal 0.630069 0.321041 0.707068
    outer loop
      vertex 93.8341 45.7659 7.5
      vertex 92.7095 49.2945 6.89999
      vertex 92.1797 49.0128 7.5
    endloop
  endfacet
  facet normal 0.630057 0.321039 0.70708
    outer loop
      vertex 93.8341 45.7659 7.5
      vertex 94.3734 46.029 6.89999
      vertex 92.7095 49.2945 6.89999
    endloop
  endfacet
  facet normal -0.891003 -0.453997 0
    outer loop
      vertex 90.7782 44.2755 6
      vertex 89.1777 47.4166 7.5
      vertex 89.1777 47.4166 6
    endloop
  endfacet
  facet normal -0.891003 -0.453997 0
    outer loop
      vertex 89.1777 47.4166 7.5
      vertex 90.7782 44.2755 6
      vertex 90.7782 44.2755 7.5
    endloop
  endfacet
  facet normal 0.891002 0.454 0
    outer loop
      vertex 94.3734 46.029 6.89999
      vertex 92.7095 49.2945 -3.8147e-07
      vertex 92.7095 49.2945 6.89999
    endloop
  endfacet
  facet normal 0.891002 0.454 0
    outer loop
      vertex 92.7095 49.2945 -3.8147e-07
      vertex 94.3734 46.029 6.89999
      vertex 94.3734 46.029 -3.8147e-07
    endloop
  endfacet
  facet normal 0.640884 0.298844 0.707079
    outer loop
      vertex 95.3741 42.4633 7.5
      vertex 94.3734 46.029 6.89999
      vertex 93.8341 45.7659 7.5
    endloop
  endfacet
  facet normal 0.640887 0.298844 0.707075
    outer loop
      vertex 95.3741 42.4633 7.5
      vertex 95.9223 42.7073 6.89999
      vertex 94.3734 46.029 6.89999
    endloop
  endfacet
  facet normal -0.906308 -0.422618 0
    outer loop
      vertex 92.2681 41.0804 6
      vertex 90.7782 44.2755 7.5
      vertex 90.7782 44.2755 6
    endloop
  endfacet
  facet normal -0.906308 -0.422618 0
    outer loop
      vertex 90.7782 44.2755 7.5
      vertex 92.2681 41.0804 6
      vertex 92.2681 41.0804 7.5
    endloop
  endfacet
  facet normal 0.906311 0.422611 0
    outer loop
      vertex 95.9223 42.7073 6.89999
      vertex 94.3734 46.029 -3.8147e-07
      vertex 94.3734 46.029 6.89999
    endloop
  endfacet
  facet normal 0.906311 0.422611 0
    outer loop
      vertex 94.3734 46.029 -3.8147e-07
      vertex 95.9223 42.7073 6.89999
      vertex 95.9223 42.7073 -3.8147e-07
    endloop
  endfacet
  facet normal 0.65092 0.276307 0.707077
    outer loop
      vertex 96.798 39.1089 7.5
      vertex 95.9223 42.7073 6.89999
      vertex 95.3741 42.4633 7.5
    endloop
  endfacet
  facet normal 0.650948 0.27631 0.70705
    outer loop
      vertex 96.798 39.1089 7.5
      vertex 97.3543 39.3337 6.89999
      vertex 95.9223 42.7073 6.89999
    endloop
  endfacet
  facet normal -0.920501 -0.39074 0
    outer loop
      vertex 93.6456 37.8353 6
      vertex 92.2681 41.0804 7.5
      vertex 92.2681 41.0804 6
    endloop
  endfacet
  facet normal -0.920501 -0.39074 0
    outer loop
      vertex 92.2681 41.0804 7.5
      vertex 93.6456 37.8353 6
      vertex 93.6456 37.8353 7.5
    endloop
  endfacet
  facet normal 0.920506 0.390729 0
    outer loop
      vertex 97.3543 39.3337 6.89999
      vertex 95.9223 42.7073 -3.8147e-07
      vertex 95.9223 42.7073 6.89999
    endloop
  endfacet
  facet normal 0.920506 0.390729 0
    outer loop
      vertex 95.9223 42.7073 -3.8147e-07
      vertex 97.3543 39.3337 6.89999
      vertex 97.3543 39.3337 -3.8147e-07
    endloop
  endfacet
  facet normal 0.660195 0.253424 0.707049
    outer loop
      vertex 98.1039 35.7069 7.5
      vertex 97.3543 39.3337 6.89999
      vertex 96.798 39.1089 7.5
    endloop
  endfacet
  facet normal 0.660209 0.253425 0.707036
    outer loop
      vertex 98.1039 35.7069 7.5
      vertex 98.6677 35.9121 6.89999
      vertex 97.3543 39.3337 6.89999
    endloop
  endfacet
  facet normal -0.933582 -0.358365 0
    outer loop
      vertex 94.909 34.544 6
      vertex 93.6456 37.8353 7.5
      vertex 93.6456 37.8353 6
    endloop
  endfacet
  facet normal -0.933582 -0.358365 0
    outer loop
      vertex 93.6456 37.8353 7.5
      vertex 94.909 34.544 6
      vertex 94.909 34.544 7.5
    endloop
  endfacet
  facet normal 0.933583 0.358361 0
    outer loop
      vertex 98.6677 35.9121 6.89999
      vertex 97.3543 39.3337 -3.8147e-07
      vertex 97.3543 39.3337 6.89999
    endloop
  endfacet
  facet normal 0.933583 0.358361 0
    outer loop
      vertex 97.3543 39.3337 -3.8147e-07
      vertex 98.6677 35.9121 6.89999
      vertex 98.6677 35.9121 -3.8147e-07
    endloop
  endfacet
  facet normal 0.668648 0.230238 0.707036
    outer loop
      vertex 99.2903 32.2614 7.5
      vertex 98.6677 35.9121 6.89999
      vertex 98.1039 35.7069 7.5
    endloop
  endfacet
  facet normal 0.668659 0.230238 0.707026
    outer loop
      vertex 99.2903 32.2614 7.5
      vertex 99.8609 32.4468 6.89999
      vertex 98.6677 35.9121 6.89999
    endloop
  endfacet
  facet normal -0.945523 -0.325556 0
    outer loop
      vertex 96.0567 31.2107 6
      vertex 94.909 34.544 7.5
      vertex 94.909 34.544 6
    endloop
  endfacet
  facet normal -0.945523 -0.325556 0
    outer loop
      vertex 94.909 34.544 7.5
      vertex 96.0567 31.2107 6
      vertex 96.0567 31.2107 7.5
    endloop
  endfacet
  facet normal 0.945518 0.325569 0
    outer loop
      vertex 99.8609 32.4468 6.89999
      vertex 98.6677 35.9121 -3.8147e-07
      vertex 98.6677 35.9121 6.89999
    endloop
  endfacet
  facet normal 0.945518 0.325569 0
    outer loop
      vertex 98.6677 35.9121 -3.8147e-07
      vertex 99.8609 32.4468 6.89999
      vertex 99.8609 32.4468 -3.8147e-07
    endloop
  endfacet
  facet normal 0.676272 0.206807 0.707027
    outer loop
      vertex 100.356 28.7765 7.5
      vertex 99.8609 32.4468 6.89999
      vertex 99.2903 32.2614 7.5
    endloop
  endfacet
  facet normal 0.676696 0.206799 0.706624
    outer loop
      vertex 100.356 28.7765 7.5
      vertex 100.932 28.9419 6.89999
      vertex 99.8609 32.4468 6.89999
    endloop
  endfacet
  facet normal -0.956306 -0.292369 0
    outer loop
      vertex 97.0874 27.8394 6
      vertex 96.0567 31.2107 7.5
      vertex 96.0567 31.2107 6
    endloop
  endfacet
  facet normal -0.956306 -0.292369 0
    outer loop
      vertex 96.0567 31.2107 7.5
      vertex 97.0874 27.8394 6
      vertex 97.0874 27.8394 7.5
    endloop
  endfacet
  facet normal 0.956339 0.292258 0
    outer loop
      vertex 100.932 28.9419 6.89999
      vertex 99.8609 32.4468 -3.8147e-07
      vertex 99.8609 32.4468 6.89999
    endloop
  endfacet
  facet normal 0.956339 0.292258 0
    outer loop
      vertex 99.8609 32.4468 -3.8147e-07
      vertex 100.932 28.9419 6.89999
      vertex 100.932 28.9419 -3.8147e-07
    endloop
  endfacet
  facet normal 0.683492 0.183111 0.706618
    outer loop
      vertex 101.299 25.2566 7.5
      vertex 100.932 28.9419 6.89999
      vertex 100.356 28.7765 7.5
    endloop
  endfacet
  facet normal 0.683141 0.183131 0.706952
    outer loop
      vertex 101.299 25.2566 7.5
      vertex 101.881 25.4018 6.89999
      vertex 100.932 28.9419 6.89999
    endloop
  endfacet
  facet normal -0.965922 -0.258833 0
    outer loop
      vertex 97.9999 24.4341 6
      vertex 97.0874 27.8394 7.5
      vertex 97.0874 27.8394 6
    endloop
  endfacet
  facet normal -0.965922 -0.258833 0
    outer loop
      vertex 97.0874 27.8394 7.5
      vertex 97.9999 24.4341 6
      vertex 97.9999 24.4341 7.5
    endloop
  endfacet
  facet normal 0.965896 0.258929 0
    outer loop
      vertex 101.881 25.4018 6.89999
      vertex 100.932 28.9419 -3.8147e-07
      vertex 100.932 28.9419 6.89999
    endloop
  endfacet
  facet normal 0.965896 0.258929 0
    outer loop
      vertex 100.932 28.9419 -3.8147e-07
      vertex 101.881 25.4018 6.89999
      vertex 101.881 25.4018 -3.8147e-07
    endloop
  endfacet
  facet normal 0.689123 0.159151 0.706952
    outer loop
      vertex 102.119 21.706 7.5
      vertex 101.881 25.4018 6.89999
      vertex 101.299 25.2566 7.5
    endloop
  endfacet
  facet normal 0.689564 0.159111 0.706531
    outer loop
      vertex 102.119 21.706 7.5
      vertex 102.705 21.8307 6.89999
      vertex 101.881 25.4018 6.89999
    endloop
  endfacet
  facet normal -0.974372 -0.224942 0
    outer loop
      vertex 98.7929 20.9991 6
      vertex 97.9999 24.4341 7.5
      vertex 97.9999 24.4341 6
    endloop
  endfacet
  facet normal -0.974372 -0.224942 0
    outer loop
      vertex 97.9999 24.4341 7.5
      vertex 98.7929 20.9991 6
      vertex 98.7929 20.9991 7.5
    endloop
  endfacet
  facet normal 0.974397 0.224834 0
    outer loop
      vertex 102.705 21.8307 6.89999
      vertex 101.881 25.4018 -3.8147e-07
      vertex 101.881 25.4018 6.89999
    endloop
  endfacet
  facet normal 0.974397 0.224834 0
    outer loop
      vertex 101.881 25.4018 -3.8147e-07
      vertex 102.705 21.8307 6.89999
      vertex 102.705 21.8307 -3.8147e-07
    endloop
  endfacet
  facet normal 0.694696 0.134973 0.706527
    outer loop
      vertex 102.814 18.1289 7.5
      vertex 102.705 21.8307 6.89999
      vertex 102.119 21.706 7.5
    endloop
  endfacet
  facet normal 0.694083 0.135051 0.707114
    outer loop
      vertex 102.814 18.1289 7.5
      vertex 103.405 18.2331 6.89999
      vertex 102.705 21.8307 6.89999
    endloop
  endfacet
  facet normal -0.981626 -0.190817 0
    outer loop
      vertex 99.4656 17.5385 6
      vertex 98.7929 20.9991 7.5
      vertex 98.7929 20.9991 6
    endloop
  endfacet
  facet normal -0.981626 -0.190817 0
    outer loop
      vertex 98.7929 20.9991 7.5
      vertex 99.4656 17.5385 6
      vertex 99.4656 17.5385 7.5
    endloop
  endfacet
  facet normal 0.981592 0.190992 0
    outer loop
      vertex 103.405 18.2331 6.89999
      vertex 102.705 21.8307 -3.8147e-07
      vertex 102.705 21.8307 6.89999
    endloop
  endfacet
  facet normal 0.981592 0.190992 0
    outer loop
      vertex 102.705 21.8307 -3.8147e-07
      vertex 103.405 18.2331 6.89999
      vertex 103.405 18.2331 -3.8147e-07
    endloop
  endfacet
  facet normal 0.698395 0.110604 0.707115
    outer loop
      vertex 103.384 14.5297 7.5
      vertex 103.405 18.2331 6.89999
      vertex 102.814 18.1289 7.5
    endloop
  endfacet
  facet normal 0.698562 0.110577 0.706954
    outer loop
      vertex 103.978 14.6132 6.89999
      vertex 103.405 18.2331 6.89999
      vertex 103.384 14.5297 7.5
    endloop
  endfacet
  facet normal -0.987692 -0.156408 0
    outer loop
      vertex 100.017 14.0565 6
      vertex 99.4656 17.5385 7.5
      vertex 99.4656 17.5385 6
    endloop
  endfacet
  facet normal -0.987692 -0.156408 0
    outer loop
      vertex 99.4656 17.5385 7.5
      vertex 100.017 14.0565 6
      vertex 100.017 14.0565 7.5
    endloop
  endfacet
  facet normal 0.987702 0.156345 0
    outer loop
      vertex 103.978 14.6132 6.89999
      vertex 103.405 18.2331 -3.8147e-07
      vertex 103.405 18.2331 6.89999
    endloop
  endfacet
  facet normal 0.987702 0.156345 0
    outer loop
      vertex 103.405 18.2331 -3.8147e-07
      vertex 103.978 14.6132 6.89999
      vertex 103.978 14.6132 -3.8147e-07
    endloop
  endfacet
  facet normal 0.701992 0.0861744 0.706952
    outer loop
      vertex 103.828 10.9128 7.5
      vertex 103.978 14.6132 6.89999
      vertex 103.384 14.5297 7.5
    endloop
  endfacet
  facet normal 0.701723 0.0862276 0.707213
    outer loop
      vertex 104.425 10.9755 6.89999
      vertex 103.978 14.6132 6.89999
      vertex 103.828 10.9128 7.5
    endloop
  endfacet
  facet normal -0.992534 -0.121971 0
    outer loop
      vertex 100.447 10.5574 6
      vertex 100.017 14.0565 7.5
      vertex 100.017 14.0565 6
    endloop
  endfacet
  facet normal -0.992534 -0.121971 0
    outer loop
      vertex 100.017 14.0565 7.5
      vertex 100.447 10.5574 6
      vertex 100.447 10.5574 7.5
    endloop
  endfacet
  facet normal 0.992535 0.121963 0
    outer loop
      vertex 104.425 10.9755 6.89999
      vertex 103.978 14.6132 -3.8147e-07
      vertex 103.978 14.6132 6.89999
    endloop
  endfacet
  facet normal 0.992535 0.121963 0
    outer loop
      vertex 103.978 14.6132 -3.8147e-07
      vertex 104.425 10.9755 6.89999
      vertex 104.425 10.9755 -3.8147e-07
    endloop
  endfacet
  facet normal 0.704301 0.0616952 0.707215
    outer loop
      vertex 104.146 7.28257 7.5
      vertex 104.425 10.9755 6.89999
      vertex 103.828 10.9128 7.5
    endloop
  endfacet
  facet normal 0.704797 0.0615792 0.706732
    outer loop
      vertex 104.744 7.32443 6.89999
      vertex 104.425 10.9755 6.89999
      vertex 104.146 7.28257 7.5
    endloop
  endfacet
  facet normal -0.996201 -0.0870825 0
    outer loop
      vertex 100.754 7.0454 6
      vertex 100.447 10.5574 7.5
      vertex 100.447 10.5574 6
    endloop
  endfacet
  facet normal -0.996201 -0.0870825 0
    outer loop
      vertex 100.447 10.5574 7.5
      vertex 100.754 7.0454 6
      vertex 100.754 7.0454 7.5
    endloop
  endfacet
  facet normal 0.996205 0.0870401 0
    outer loop
      vertex 104.744 7.32443 6.89999
      vertex 104.425 10.9755 -3.8147e-07
      vertex 104.425 10.9755 6.89999
    endloop
  endfacet
  facet normal 0.996205 0.0870401 0
    outer loop
      vertex 104.425 10.9755 -3.8147e-07
      vertex 104.744 7.32443 6.89999
      vertex 104.744 7.32443 -3.8147e-07
    endloop
  endfacet
  facet normal 0.706522 0.0368884 0.706729
    outer loop
      vertex 104.336 3.64351 7.5
      vertex 104.744 7.32443 6.89999
      vertex 104.146 7.28257 7.5
    endloop
  endfacet
  facet normal 0.705981 0.0370353 0.707262
    outer loop
      vertex 104.936 3.66445 6.89999
      vertex 104.744 7.32443 6.89999
      vertex 104.336 3.64351 7.5
    endloop
  endfacet
  facet normal -0.998637 -0.0521933 0
    outer loop
      vertex 100.938 3.52485 6
      vertex 100.754 7.0454 7.5
      vertex 100.754 7.0454 6
    endloop
  endfacet
  facet normal -0.998637 -0.0521933 0
    outer loop
      vertex 100.754 7.0454 7.5
      vertex 100.938 3.52485 6
      vertex 100.938 3.52485 7.5
    endloop
  endfacet
  facet normal 0.998627 0.0523873 0
    outer loop
      vertex 104.936 3.66445 6.89999
      vertex 104.744 7.32443 -3.8147e-07
      vertex 104.744 7.32443 6.89999
    endloop
  endfacet
  facet normal 0.998627 0.0523873 0
    outer loop
      vertex 104.744 7.32443 -3.8147e-07
      vertex 104.936 3.66445 6.89999
      vertex 104.936 3.66445 -3.8147e-07
    endloop
  endfacet
  facet normal 0.706841 0.012416 0.707263
    outer loop
      vertex 104.4 0 7.5
      vertex 104.936 3.66445 6.89999
      vertex 104.336 3.64351 7.5
    endloop
  endfacet
  facet normal 0.707059 0.0123489 0.707047
    outer loop
      vertex 105 0 6.89999
      vertex 104.936 3.66445 6.89999
      vertex 104.4 0 7.5
    endloop
  endfacet
  facet normal -0.999845 -0.0175867 0
    outer loop
      vertex 101 0 6
      vertex 100.938 3.52485 7.5
      vertex 100.938 3.52485 6
    endloop
  endfacet
  facet normal -0.999845 -0.0175867 0
    outer loop
      vertex 100.938 3.52485 7.5
      vertex 101 0 6
      vertex 101 0 7.5
    endloop
  endfacet
  facet normal 0.999848 0.0174624 0
    outer loop
      vertex 105 0 6.89999
      vertex 104.936 3.66445 -3.8147e-07
      vertex 104.936 3.66445 6.89999
    endloop
  endfacet
  facet normal 0.999848 0.0174624 0
    outer loop
      vertex 104.936 3.66445 -3.8147e-07
      vertex 105 0 6.89999
      vertex 105 0 -3.8147e-07
    endloop
  endfacet
  facet normal 0.707058 -0.0124198 0.707046
    outer loop
      vertex 105 0 6.89999
      vertex 104.4 0 7.5
      vertex 104.336 -3.64351 7.5
    endloop
  endfacet
  facet normal 0.706843 -0.0123451 0.707262
    outer loop
      vertex 104.936 -3.66445 6.89999
      vertex 105 0 6.89999
      vertex 104.336 -3.64351 7.5
    endloop
  endfacet
  facet normal -0.999845 0.0175867 0
    outer loop
      vertex 100.938 -3.52485 6
      vertex 101 0 7.5
      vertex 101 0 6
    endloop
  endfacet
  facet normal -0.999845 0.0175867 0
    outer loop
      vertex 101 0 7.5
      vertex 100.938 -3.52485 6
      vertex 100.938 -3.52485 7.5
    endloop
  endfacet
  facet normal 0.999848 -0.0174624 0
    outer loop
      vertex 104.936 -3.66445 6.89999
      vertex 105 0 -3.8147e-07
      vertex 105 0 6.89999
    endloop
  endfacet
  facet normal 0.999848 -0.0174624 0
    outer loop
      vertex 105 0 -3.8147e-07
      vertex 104.936 -3.66445 6.89999
      vertex 104.936 -3.66445 -3.8147e-07
    endloop
  endfacet
  facet normal 0.705989 -0.0368606 0.707263
    outer loop
      vertex 104.936 -3.66445 6.89999
      vertex 104.336 -3.64351 7.5
      vertex 104.146 -7.28257 7.5
    endloop
  endfacet
  facet normal 0.706511 -0.0370631 0.70673
    outer loop
      vertex 104.744 -7.32443 6.89999
      vertex 104.936 -3.66445 6.89999
      vertex 104.146 -7.28257 7.5
    endloop
  endfacet
  facet normal -0.998637 0.0521933 0
    outer loop
      vertex 100.754 -7.0454 6
      vertex 100.938 -3.52485 7.5
      vertex 100.938 -3.52485 6
    endloop
  endfacet
  facet normal -0.998637 0.0521933 0
    outer loop
      vertex 100.938 -3.52485 7.5
      vertex 100.754 -7.0454 6
      vertex 100.754 -7.0454 7.5
    endloop
  endfacet
  facet normal 0.998627 -0.0523873 0
    outer loop
      vertex 104.744 -7.32443 6.89999
      vertex 104.936 -3.66445 -3.8147e-07
      vertex 104.936 -3.66445 6.89999
    endloop
  endfacet
  facet normal 0.998627 -0.0523873 0
    outer loop
      vertex 104.936 -3.66445 -3.8147e-07
      vertex 104.744 -7.32443 6.89999
      vertex 104.744 -7.32443 -3.8147e-07
    endloop
  endfacet
  facet normal 0.704784 -0.0617375 0.70673
    outer loop
      vertex 104.744 -7.32443 6.89999
      vertex 104.146 -7.28257 7.5
      vertex 103.828 -10.9128 7.5
    endloop
  endfacet
  facet normal 0.704317 -0.0615373 0.707214
    outer loop
      vertex 104.425 -10.9755 6.89999
      vertex 104.744 -7.32443 6.89999
      vertex 103.828 -10.9128 7.5
    endloop
  endfacet
  facet normal -0.996201 0.0870825 0
    outer loop
      vertex 100.447 -10.5574 6
      vertex 100.754 -7.0454 7.5
      vertex 100.754 -7.0454 6
    endloop
  endfacet
  facet normal -0.996201 0.0870825 0
    outer loop
      vertex 100.754 -7.0454 7.5
      vertex 100.447 -10.5574 6
      vertex 100.447 -10.5574 7.5
    endloop
  endfacet
  facet normal 0.996205 -0.0870401 0
    outer loop
      vertex 104.425 -10.9755 6.89999
      vertex 104.744 -7.32443 -3.8147e-07
      vertex 104.744 -7.32443 6.89999
    endloop
  endfacet
  facet normal 0.996205 -0.0870401 0
    outer loop
      vertex 104.744 -7.32443 -3.8147e-07
      vertex 104.425 -10.9755 6.89999
      vertex 104.425 -10.9755 -3.8147e-07
    endloop
  endfacet
  facet normal 0.701732 -0.0861426 0.707214
    outer loop
      vertex 104.425 -10.9755 6.89999
      vertex 103.828 -10.9128 7.5
      vertex 103.384 -14.5297 7.5
    endloop
  endfacet
  facet normal 0.70198 -0.0862592 0.706953
    outer loop
      vertex 103.978 -14.6132 6.89999
      vertex 104.425 -10.9755 6.89999
      vertex 103.384 -14.5297 7.5
    endloop
  endfacet
  facet normal -0.992534 0.121971 0
    outer loop
      vertex 100.017 -14.0565 6
      vertex 100.447 -10.5574 7.5
      vertex 100.447 -10.5574 6
    endloop
  endfacet
  facet normal -0.992534 0.121971 0
    outer loop
      vertex 100.447 -10.5574 7.5
      vertex 100.017 -14.0565 6
      vertex 100.017 -14.0565 7.5
    endloop
  endfacet
  facet normal 0.992535 -0.121963 0
    outer loop
      vertex 103.978 -14.6132 6.89999
      vertex 104.425 -10.9755 -3.8147e-07
      vertex 104.425 -10.9755 6.89999
    endloop
  endfacet
  facet normal 0.992535 -0.121963 0
    outer loop
      vertex 104.425 -10.9755 -3.8147e-07
      vertex 103.978 -14.6132 6.89999
      vertex 103.978 -14.6132 -3.8147e-07
    endloop
  endfacet
  facet normal 0.698555 -0.110629 0.706953
    outer loop
      vertex 103.978 -14.6132 6.89999
      vertex 103.384 -14.5297 7.5
      vertex 102.814 -18.1289 7.5
    endloop
  endfacet
  facet normal 0.698403 -0.110551 0.707115
    outer loop
      vertex 103.405 -18.2331 6.89999
      vertex 103.978 -14.6132 6.89999
      vertex 102.814 -18.1289 7.5
    endloop
  endfacet
  facet normal -0.987692 0.156408 0
    outer loop
      vertex 99.4656 -17.5385 6
      vertex 100.017 -14.0565 7.5
      vertex 100.017 -14.0565 6
    endloop
  endfacet
  facet normal -0.987692 0.156408 0
    outer loop
      vertex 100.017 -14.0565 7.5
      vertex 99.4656 -17.5385 6
      vertex 99.4656 -17.5385 7.5
    endloop
  endfacet
  facet normal 0.987702 -0.156345 0
    outer loop
      vertex 103.405 -18.2331 6.89999
      vertex 103.978 -14.6132 -3.8147e-07
      vertex 103.978 -14.6132 6.89999
    endloop
  endfacet
  facet normal 0.987702 -0.156345 0
    outer loop
      vertex 103.978 -14.6132 -3.8147e-07
      vertex 103.405 -18.2331 6.89999
      vertex 103.405 -18.2331 -3.8147e-07
    endloop
  endfacet
  facet normal 0.694118 -0.134861 0.707116
    outer loop
      vertex 103.405 -18.2331 6.89999
      vertex 102.814 -18.1289 7.5
      vertex 102.119 -21.706 7.5
    endloop
  endfacet
  facet normal 0.694657 -0.135162 0.706528
    outer loop
      vertex 102.705 -21.8307 6.89999
      vertex 103.405 -18.2331 6.89999
      vertex 102.119 -21.706 7.5
    endloop
  endfacet
  facet normal -0.981626 0.190817 0
    outer loop
      vertex 98.7929 -20.9991 6
      vertex 99.4656 -17.5385 7.5
      vertex 99.4656 -17.5385 6
    endloop
  endfacet
  facet normal -0.981626 0.190817 0
    outer loop
      vertex 99.4656 -17.5385 7.5
      vertex 98.7929 -20.9991 6
      vertex 98.7929 -20.9991 7.5
    endloop
  endfacet
  facet normal 0.981592 -0.190992 0
    outer loop
      vertex 102.705 -21.8307 6.89999
      vertex 103.405 -18.2331 -3.8147e-07
      vertex 103.405 -18.2331 6.89999
    endloop
  endfacet
  facet normal 0.981592 -0.190992 0
    outer loop
      vertex 103.405 -18.2331 -3.8147e-07
      vertex 102.705 -21.8307 6.89999
      vertex 102.705 -21.8307 -3.8147e-07
    endloop
  endfacet
  facet normal 0.689534 -0.159246 0.706529
    outer loop
      vertex 102.705 -21.8307 6.89999
      vertex 102.119 -21.706 7.5
      vertex 101.299 -25.2566 7.5
    endloop
  endfacet
  facet normal 0.689155 -0.159016 0.706951
    outer loop
      vertex 101.881 -25.4018 6.89999
      vertex 102.705 -21.8307 6.89999
      vertex 101.299 -25.2566 7.5
    endloop
  endfacet
  facet normal -0.974372 0.224942 0
    outer loop
      vertex 97.9999 -24.4341 6
      vertex 98.7929 -20.9991 7.5
      vertex 98.7929 -20.9991 6
    endloop
  endfacet
  facet normal -0.974372 0.224942 0
    outer loop
      vertex 98.7929 -20.9991 7.5
      vertex 97.9999 -24.4341 6
      vertex 97.9999 -24.4341 7.5
    endloop
  endfacet
  facet normal 0.974397 -0.224834 0
    outer loop
      vertex 101.881 -25.4018 6.89999
      vertex 102.705 -21.8307 -3.8147e-07
      vertex 102.705 -21.8307 6.89999
    endloop
  endfacet
  facet normal 0.974397 -0.224834 0
    outer loop
      vertex 102.705 -21.8307 -3.8147e-07
      vertex 101.881 -25.4018 6.89999
      vertex 101.881 -25.4018 -3.8147e-07
    endloop
  endfacet
  facet normal 0.683168 -0.183024 0.706953
    outer loop
      vertex 101.881 -25.4018 6.89999
      vertex 101.299 -25.2566 7.5
      vertex 100.356 -28.7765 7.5
    endloop
  endfacet
  facet normal 0.683463 -0.183217 0.706619
    outer loop
      vertex 100.932 -28.9419 6.89999
      vertex 101.881 -25.4018 6.89999
      vertex 100.356 -28.7765 7.5
    endloop
  endfacet
  facet normal -0.965922 0.258833 0
    outer loop
      vertex 97.0874 -27.8394 6
      vertex 97.9999 -24.4341 7.5
      vertex 97.9999 -24.4341 6
    endloop
  endfacet
  facet normal -0.965922 0.258833 0
    outer loop
      vertex 97.9999 -24.4341 7.5
      vertex 97.0874 -27.8394 6
      vertex 97.0874 -27.8394 7.5
    endloop
  endfacet
  facet normal 0.965896 -0.258929 0
    outer loop
      vertex 100.932 -28.9419 6.89999
      vertex 101.881 -25.4018 -3.8147e-07
      vertex 101.881 -25.4018 6.89999
    endloop
  endfacet
  facet normal 0.965896 -0.258929 0
    outer loop
      vertex 101.881 -25.4018 -3.8147e-07
      vertex 100.932 -28.9419 6.89999
      vertex 100.932 -28.9419 -3.8147e-07
    endloop
  endfacet
  facet normal 0.676658 -0.206925 0.706623
    outer loop
      vertex 100.932 -28.9419 6.89999
      vertex 100.356 -28.7765 7.5
      vertex 99.2903 -32.2614 7.5
    endloop
  endfacet
  facet normal 0.676312 -0.206681 0.707025
    outer loop
      vertex 99.8609 -32.4468 6.89999
      vertex 100.932 -28.9419 6.89999
      vertex 99.2903 -32.2614 7.5
    endloop
  endfacet
  facet normal -0.956306 0.292369 0
    outer loop
      vertex 96.0567 -31.2107 6
      vertex 97.0874 -27.8394 7.5
      vertex 97.0874 -27.8394 6
    endloop
  endfacet
  facet normal -0.956306 0.292369 0
    outer loop
      vertex 97.0874 -27.8394 7.5
      vertex 96.0567 -31.2107 6
      vertex 96.0567 -31.2107 7.5
    endloop
  endfacet
  facet normal 0.956339 -0.292258 0
    outer loop
      vertex 99.8609 -32.4468 6.89999
      vertex 100.932 -28.9419 -3.8147e-07
      vertex 100.932 -28.9419 6.89999
    endloop
  endfacet
  facet normal 0.956339 -0.292258 0
    outer loop
      vertex 100.932 -28.9419 -3.8147e-07
      vertex 99.8609 -32.4468 6.89999
      vertex 99.8609 -32.4468 -3.8147e-07
    endloop
  endfacet
  facet normal 0.668658 -0.230241 0.707026
    outer loop
      vertex 99.8609 -32.4468 6.89999
      vertex 99.2903 -32.2614 7.5
      vertex 98.1039 -35.7069 7.5
    endloop
  endfacet
  facet normal 0.668649 -0.230235 0.707036
    outer loop
      vertex 98.6677 -35.9121 6.89999
      vertex 99.8609 -32.4468 6.89999
      vertex 98.1039 -35.7069 7.5
    endloop
  endfacet
  facet normal -0.945523 0.325556 0
    outer loop
      vertex 94.909 -34.544 6
      vertex 96.0567 -31.2107 7.5
      vertex 96.0567 -31.2107 6
    endloop
  endfacet
  facet normal -0.945523 0.325556 0
    outer loop
      vertex 96.0567 -31.2107 7.5
      vertex 94.909 -34.544 6
      vertex 94.909 -34.544 7.5
    endloop
  endfacet
  facet normal 0.945518 -0.325569 0
    outer loop
      vertex 98.6677 -35.9121 6.89999
      vertex 99.8609 -32.4468 -3.8147e-07
      vertex 99.8609 -32.4468 6.89999
    endloop
  endfacet
  facet normal 0.945518 -0.325569 0
    outer loop
      vertex 99.8609 -32.4468 -3.8147e-07
      vertex 98.6677 -35.9121 6.89999
      vertex 98.6677 -35.9121 -3.8147e-07
    endloop
  endfacet
  facet normal 0.660208 -0.253429 0.707036
    outer loop
      vertex 98.6677 -35.9121 6.89999
      vertex 98.1039 -35.7069 7.5
      vertex 96.798 -39.1089 7.5
    endloop
  endfacet
  facet normal 0.660197 -0.25342 0.707049
    outer loop
      vertex 97.3543 -39.3337 6.89999
      vertex 98.6677 -35.9121 6.89999
      vertex 96.798 -39.1089 7.5
    endloop
  endfacet
  facet normal -0.933582 0.358365 0
    outer loop
      vertex 93.6456 -37.8353 6
      vertex 94.909 -34.544 7.5
      vertex 94.909 -34.544 6
    endloop
  endfacet
  facet normal -0.933582 0.358365 0
    outer loop
      vertex 94.909 -34.544 7.5
      vertex 93.6456 -37.8353 6
      vertex 93.6456 -37.8353 7.5
    endloop
  endfacet
  facet normal 0.933583 -0.358361 0
    outer loop
      vertex 97.3543 -39.3337 6.89999
      vertex 98.6677 -35.9121 -3.8147e-07
      vertex 98.6677 -35.9121 6.89999
    endloop
  endfacet
  facet normal 0.933583 -0.358361 0
    outer loop
      vertex 98.6677 -35.9121 -3.8147e-07
      vertex 97.3543 -39.3337 6.89999
      vertex 97.3543 -39.3337 -3.8147e-07
    endloop
  endfacet
  facet normal 0.650945 -0.276318 0.70705
    outer loop
      vertex 97.3543 -39.3337 6.89999
      vertex 96.798 -39.1089 7.5
      vertex 95.3741 -42.4633 7.5
    endloop
  endfacet
  facet normal 0.650923 -0.276299 0.707077
    outer loop
      vertex 95.9223 -42.7073 6.89999
      vertex 97.3543 -39.3337 6.89999
      vertex 95.3741 -42.4633 7.5
    endloop
  endfacet
  facet normal -0.920501 0.39074 0
    outer loop
      vertex 92.2681 -41.0804 6
      vertex 93.6456 -37.8353 7.5
      vertex 93.6456 -37.8353 6
    endloop
  endfacet
  facet normal -0.920501 0.39074 0
    outer loop
      vertex 93.6456 -37.8353 7.5
      vertex 92.2681 -41.0804 6
      vertex 92.2681 -41.0804 7.5
    endloop
  endfacet
  facet normal 0.920506 -0.390729 0
    outer loop
      vertex 95.9223 -42.7073 6.89999
      vertex 97.3543 -39.3337 -3.8147e-07
      vertex 97.3543 -39.3337 6.89999
    endloop
  endfacet
  facet normal 0.920506 -0.390729 0
    outer loop
      vertex 97.3543 -39.3337 -3.8147e-07
      vertex 95.9223 -42.7073 6.89999
      vertex 95.9223 -42.7073 -3.8147e-07
    endloop
  endfacet
  facet normal 0.640887 -0.298845 0.707075
    outer loop
      vertex 95.9223 -42.7073 6.89999
      vertex 95.3741 -42.4633 7.5
      vertex 93.8341 -45.7659 7.5
    endloop
  endfacet
  facet normal 0.640884 -0.298843 0.707079
    outer loop
      vertex 94.3734 -46.029 6.89999
      vertex 95.9223 -42.7073 6.89999
      vertex 93.8341 -45.7659 7.5
    endloop
  endfacet
  facet normal -0.906308 0.422618 0
    outer loop
      vertex 90.7782 -44.2755 6
      vertex 92.2681 -41.0804 7.5
      vertex 92.2681 -41.0804 6
    endloop
  endfacet
  facet normal -0.906308 0.422618 0
    outer loop
      vertex 92.2681 -41.0804 7.5
      vertex 90.7782 -44.2755 6
      vertex 90.7782 -44.2755 7.5
    endloop
  endfacet
  facet normal 0.906311 -0.422611 0
    outer loop
      vertex 94.3734 -46.029 6.89999
      vertex 95.9223 -42.7073 -3.8147e-07
      vertex 95.9223 -42.7073 6.89999
    endloop
  endfacet
  facet normal 0.906311 -0.422611 0
    outer loop
      vertex 95.9223 -42.7073 -3.8147e-07
      vertex 94.3734 -46.029 6.89999
      vertex 94.3734 -46.029 -3.8147e-07
    endloop
  endfacet
  facet normal 0.630059 -0.321035 0.70708
    outer loop
      vertex 94.3734 -46.029 6.89999
      vertex 93.8341 -45.7659 7.5
      vertex 92.1797 -49.0128 7.5
    endloop
  endfacet
  facet normal 0.630068 -0.321044 0.707068
    outer loop
      vertex 92.7095 -49.2945 6.89999
      vertex 94.3734 -46.029 6.89999
      vertex 92.1797 -49.0128 7.5
    endloop
  endfacet
  facet normal -0.891003 0.453997 0
    outer loop
      vertex 89.1777 -47.4166 6
      vertex 90.7782 -44.2755 7.5
      vertex 90.7782 -44.2755 6
    endloop
  endfacet
  facet normal -0.891003 0.453997 0
    outer loop
      vertex 90.7782 -44.2755 7.5
      vertex 89.1777 -47.4166 6
      vertex 89.1777 -47.4166 7.5
    endloop
  endfacet
  facet normal 0.891002 -0.454 0
    outer loop
      vertex 92.7095 -49.2945 6.89999
      vertex 94.3734 -46.029 -3.8147e-07
      vertex 94.3734 -46.029 6.89999
    endloop
  endfacet
  facet normal 0.891002 -0.454 0
    outer loop
      vertex 94.3734 -46.029 -3.8147e-07
      vertex 92.7095 -49.2945 6.89999
      vertex 92.7095 -49.2945 -3.8147e-07
    endloop
  endfacet
  facet normal 0.618483 -0.342832 0.707068
    outer loop
      vertex 92.7095 -49.2945 6.89999
      vertex 92.1797 -49.0128 7.5
      vertex 90.413 -52.2 7.5
    endloop
  endfacet
  facet normal 0.618467 -0.342814 0.707091
    outer loop
      vertex 90.9327 -52.5 6.89999
      vertex 92.7095 -49.2945 6.89999
      vertex 90.413 -52.2 7.5
    endloop
  endfacet
  facet normal -0.874627 0.484797 0
    outer loop
      vertex 87.4686 -50.5 6
      vertex 89.1777 -47.4166 7.5
      vertex 89.1777 -47.4166 6
    endloop
  endfacet
  facet normal -0.874627 0.484797 0
    outer loop
      vertex 89.1777 -47.4166 7.5
      vertex 87.4686 -50.5 6
      vertex 87.4686 -50.5 7.5
    endloop
  endfacet
  facet normal 0.874624 -0.484802 0
    outer loop
      vertex 90.9327 -52.5 6.89999
      vertex 92.7095 -49.2945 -3.8147e-07
      vertex 92.7095 -49.2945 6.89999
    endloop
  endfacet
  facet normal 0.874624 -0.484802 0
    outer loop
      vertex 92.7095 -49.2945 -3.8147e-07
      vertex 90.9327 -52.5 6.89999
      vertex 90.9327 -52.5 -3.8147e-07
    endloop
  endfacet
  facet normal 0.606127 -0.364189 0.70709
    outer loop
      vertex 90.9327 -52.5 6.89999
      vertex 90.413 -52.2 7.5
      vertex 88.5362 -55.3236 7.5
    endloop
  endfacet
  facet normal 0.606143 -0.364207 0.707067
    outer loop
      vertex 89.0451 -55.6415 6.89999
      vertex 90.9327 -52.5 6.89999
      vertex 88.5362 -55.3236 7.5
    endloop
  endfacet
  facet normal -0.857165 0.515042 0
    outer loop
      vertex 85.6529 -53.5218 6
      vertex 87.4686 -50.5 7.5
      vertex 87.4686 -50.5 6
    endloop
  endfacet
  facet normal -0.857165 0.515042 0
    outer loop
      vertex 87.4686 -50.5 7.5
      vertex 85.6529 -53.5218 6
      vertex 85.6529 -53.5218 7.5
    endloop
  endfacet
  facet normal 0.857168 -0.515037 0
    outer loop
      vertex 89.0451 -55.6415 6.89999
      vertex 90.9327 -52.5 -3.8147e-07
      vertex 90.9327 -52.5 6.89999
    endloop
  endfacet
  facet normal 0.857168 -0.515037 0
    outer loop
      vertex 90.9327 -52.5 -3.8147e-07
      vertex 89.0451 -55.6415 6.89999
      vertex 89.0451 -55.6415 -3.8147e-07
    endloop
  endfacet
  facet normal 0.59306 -0.385147 0.707066
    outer loop
      vertex 89.0451 -55.6415 6.89999
      vertex 88.5362 -55.3236 7.5
      vertex 86.5515 -58.3797 7.5
    endloop
  endfacet
  facet normal 0.593062 -0.385149 0.707063
    outer loop
      vertex 87.0489 -58.7153 6.89999
      vertex 89.0451 -55.6415 6.89999
      vertex 86.5515 -58.3797 7.5
    endloop
  endfacet
  facet normal -0.838671 0.544638 0
    outer loop
      vertex 83.7328 -56.4785 6
      vertex 85.6529 -53.5218 7.5
      vertex 85.6529 -53.5218 6
    endloop
  endfacet
  facet normal -0.838671 0.544638 0
    outer loop
      vertex 85.6529 -53.5218 7.5
      vertex 83.7328 -56.4785 6
      vertex 83.7328 -56.4785 7.5
    endloop
  endfacet
  facet normal 0.838664 -0.544649 0
    outer loop
      vertex 87.0489 -58.7153 6.89999
      vertex 89.0451 -55.6415 -3.8147e-07
      vertex 89.0451 -55.6415 6.89999
    endloop
  endfacet
  facet normal 0.838664 -0.544649 0
    outer loop
      vertex 89.0451 -55.6415 -3.8147e-07
      vertex 87.0489 -58.7153 6.89999
      vertex 87.0489 -58.7153 -3.8147e-07
    endloop
  endfacet
  facet normal 0.579271 -0.405592 0.707065
    outer loop
      vertex 87.0489 -58.7153 6.89999
      vertex 86.5515 -58.3797 7.5
      vertex 84.4614 -61.3648 7.5
    endloop
  endfacet
  facet normal 0.579279 -0.405603 0.707052
    outer loop
      vertex 84.9468 -61.7175 6.89999
      vertex 87.0489 -58.7153 6.89999
      vertex 84.4614 -61.3648 7.5
    endloop
  endfacet
  facet normal -0.819147 0.573584 0
    outer loop
      vertex 81.7107 -59.3663 6
      vertex 83.7328 -56.4785 7.5
      vertex 83.7328 -56.4785 6
    endloop
  endfacet
  facet normal -0.819147 0.573584 0
    outer loop
      vertex 83.7328 -56.4785 7.5
      vertex 81.7107 -59.3663 6
      vertex 81.7107 -59.3663 7.5
    endloop
  endfacet
  facet normal 0.81916 -0.573565 0
    outer loop
      vertex 84.9468 -61.7175 6.89999
      vertex 87.0489 -58.7153 -3.8147e-07
      vertex 87.0489 -58.7153 6.89999
    endloop
  endfacet
  facet normal 0.81916 -0.573565 0
    outer loop
      vertex 87.0489 -58.7153 -3.8147e-07
      vertex 84.9468 -61.7175 6.89999
      vertex 84.9468 -61.7175 -3.8147e-07
    endloop
  endfacet
  facet normal 0.564761 -0.425584 0.707052
    outer loop
      vertex 84.9468 -61.7175 6.89999
      vertex 84.4614 -61.3648 7.5
      vertex 82.2683 -64.2751 7.5
    endloop
  endfacet
  facet normal 0.564765 -0.42559 0.707045
    outer loop
      vertex 82.7411 -64.6445 6.89999
      vertex 84.9468 -61.7175 6.89999
      vertex 82.2683 -64.2751 7.5
    endloop
  endfacet
  facet normal -0.79864 0.601809 0
    outer loop
      vertex 79.5891 -62.1818 6
      vertex 81.7107 -59.3663 7.5
      vertex 81.7107 -59.3663 6
    endloop
  endfacet
  facet normal -0.79864 0.601809 0
    outer loop
      vertex 81.7107 -59.3663 7.5
      vertex 79.5891 -62.1818 6
      vertex 79.5891 -62.1818 7.5
    endloop
  endfacet
  facet normal 0.798629 -0.601823 0
    outer loop
      vertex 82.7411 -64.6445 6.89999
      vertex 84.9468 -61.7175 -3.8147e-07
      vertex 84.9468 -61.7175 6.89999
    endloop
  endfacet
  facet normal 0.798629 -0.601823 0
    outer loop
      vertex 84.9468 -61.7175 -3.8147e-07
      vertex 82.7411 -64.6445 6.89999
      vertex 82.7411 -64.6445 -3.8147e-07
    endloop
  endfacet
  facet normal 0.549566 -0.445044 0.707045
    outer loop
      vertex 82.7411 -64.6445 6.89999
      vertex 82.2683 -64.2751 7.5
      vertex 79.975 -67.107 7.5
    endloop
  endfacet
  facet normal 0.54954 -0.445004 0.707091
    outer loop
      vertex 80.4347 -67.4927 6.89999
      vertex 82.7411 -64.6445 6.89999
      vertex 79.975 -67.107 7.5
    endloop
  endfacet
  facet normal -0.777141 0.629326 0
    outer loop
      vertex 77.3705 -64.9215 6
      vertex 79.5891 -62.1818 7.5
      vertex 79.5891 -62.1818 6
    endloop
  endfacet
  facet normal -0.777141 0.629326 0
    outer loop
      vertex 79.5891 -62.1818 7.5
      vertex 77.3705 -64.9215 6
      vertex 77.3705 -64.9215 7.5
    endloop
  endfacet
  facet normal 0.77715 -0.629316 0
    outer loop
      vertex 80.4347 -67.4927 6.89999
      vertex 82.7411 -64.6445 -3.8147e-07
      vertex 82.7411 -64.6445 6.89999
    endloop
  endfacet
  facet normal 0.77715 -0.629316 0
    outer loop
      vertex 82.7411 -64.6445 -3.8147e-07
      vertex 80.4347 -67.4927 6.89999
      vertex 80.4347 -67.4927 -3.8147e-07
    endloop
  endfacet
  facet normal 0.533674 -0.463913 0.70709
    outer loop
      vertex 80.4347 -67.4927 6.89999
      vertex 79.975 -67.107 7.5
      vertex 77.5843 -69.8572 7.5
    endloop
  endfacet
  facet normal 0.53369 -0.463939 0.707061
    outer loop
      vertex 78.0302 -70.2587 6.89999
      vertex 80.4347 -67.4927 6.89999
      vertex 77.5843 -69.8572 7.5
    endloop
  endfacet
  facet normal -0.754711 0.656057 0
    outer loop
      vertex 75.0576 -67.5822 6
      vertex 77.3705 -64.9215 7.5
      vertex 77.3705 -64.9215 6
    endloop
  endfacet
  facet normal -0.754711 0.656057 0
    outer loop
      vertex 77.3705 -64.9215 7.5
      vertex 75.0576 -67.5822 6
      vertex 75.0576 -67.5822 7.5
    endloop
  endfacet
  facet normal 0.754702 -0.656067 0
    outer loop
      vertex 78.0302 -70.2587 6.89999
      vertex 80.4347 -67.4927 -3.8147e-07
      vertex 80.4347 -67.4927 6.89999
    endloop
  endfacet
  facet normal 0.754702 -0.656067 0
    outer loop
      vertex 80.4347 -67.4927 -3.8147e-07
      vertex 78.0302 -70.2587 6.89999
      vertex 78.0302 -70.2587 -3.8147e-07
    endloop
  endfacet
  facet normal 0.517183 -0.482272 0.707061
    outer loop
      vertex 78.0302 -70.2587 6.89999
      vertex 77.5843 -69.8572 7.5
      vertex 75.0991 -72.5223 7.5
    endloop
  endfacet
  facet normal 0.51719 -0.482285 0.707047
    outer loop
      vertex 75.5307 -72.9391 6.89999
      vertex 78.0302 -70.2587 6.89999
      vertex 75.0991 -72.5223 7.5
    endloop
  endfacet
  facet normal -0.731354 0.681998 0
    outer loop
      vertex 72.6533 -70.1605 6
      vertex 75.0576 -67.5822 7.5
      vertex 75.0576 -67.5822 6
    endloop
  endfacet
  facet normal -0.731354 0.681998 0
    outer loop
      vertex 75.0576 -67.5822 7.5
      vertex 72.6533 -70.1605 6
      vertex 72.6533 -70.1605 7.5
    endloop
  endfacet
  facet normal 0.731356 -0.681996 0
    outer loop
      vertex 75.5307 -72.9391 6.89999
      vertex 78.0302 -70.2587 -3.8147e-07
      vertex 78.0302 -70.2587 6.89999
    endloop
  endfacet
  facet normal 0.731356 -0.681996 0
    outer loop
      vertex 78.0302 -70.2587 -3.8147e-07
      vertex 75.5307 -72.9391 6.89999
      vertex 75.5307 -72.9391 -3.8147e-07
    endloop
  endfacet
  facet normal 0.500042 -0.500042 0.707047
    outer loop
      vertex 75.0991 -72.5223 7.5
      vertex 72.9391 -75.5307 6.89999
      vertex 75.5307 -72.9391 6.89999
    endloop
  endfacet
  facet normal 0.500042 -0.500042 0.707047
    outer loop
      vertex 72.9391 -75.5307 6.89999
      vertex 75.0991 -72.5223 7.5
      vertex 72.5223 -75.0991 7.5
    endloop
  endfacet
  facet normal -0.707107 0.707107 0
    outer loop
      vertex 70.1605 -72.6533 6
      vertex 72.6533 -70.1605 7.5
      vertex 72.6533 -70.1605 6
    endloop
  endfacet
  facet normal -0.707107 0.707107 0
    outer loop
      vertex 72.6533 -70.1605 7.5
      vertex 70.1605 -72.6533 6
      vertex 70.1605 -72.6533 7.5
    endloop
  endfacet
  facet normal 0.707107 -0.707107 0
    outer loop
      vertex 72.9391 -75.5307 6.89999
      vertex 75.5307 -72.9391 -3.8147e-07
      vertex 75.5307 -72.9391 6.89999
    endloop
  endfacet
  facet normal 0.707107 -0.707107 0
    outer loop
      vertex 75.5307 -72.9391 -3.8147e-07
      vertex 72.9391 -75.5307 6.89999
      vertex 72.9391 -75.5307 -3.8147e-07
    endloop
  endfacet
  facet normal 0.482281 -0.517193 0.707047
    outer loop
      vertex 72.9391 -75.5307 6.89999
      vertex 72.5223 -75.0991 7.5
      vertex 69.8572 -77.5843 7.5
    endloop
  endfacet
  facet normal 0.482275 -0.51718 0.707061
    outer loop
      vertex 70.2587 -78.0302 6.89999
      vertex 72.9391 -75.5307 6.89999
      vertex 69.8572 -77.5843 7.5
    endloop
  endfacet
  facet normal -0.681998 0.731354 0
    outer loop
      vertex 70.1605 -72.6533 6
      vertex 67.5822 -75.0576 7.5
      vertex 70.1605 -72.6533 7.5
    endloop
  endfacet
  facet normal -0.681998 0.731354 0
    outer loop
      vertex 67.5822 -75.0576 7.5
      vertex 70.1605 -72.6533 6
      vertex 67.5822 -75.0576 6
    endloop
  endfacet
  facet normal 0.681996 -0.731356 0
    outer loop
      vertex 70.2587 -78.0302 -3.8147e-07
      vertex 72.9391 -75.5307 6.89999
      vertex 70.2587 -78.0302 6.89999
    endloop
  endfacet
  facet normal 0.681996 -0.731356 0
    outer loop
      vertex 72.9391 -75.5307 6.89999
      vertex 70.2587 -78.0302 -3.8147e-07
      vertex 72.9391 -75.5307 -3.8147e-07
    endloop
  endfacet
  facet normal 0.463932 -0.533696 0.707061
    outer loop
      vertex 70.2587 -78.0302 6.89999
      vertex 69.8572 -77.5843 7.5
      vertex 67.107 -79.975 7.5
    endloop
  endfacet
  facet normal 0.46392 -0.533668 0.70709
    outer loop
      vertex 67.4927 -80.4347 6.89999
      vertex 70.2587 -78.0302 6.89999
      vertex 67.107 -79.975 7.5
    endloop
  endfacet
  facet normal -0.656057 0.754711 0
    outer loop
      vertex 67.5822 -75.0576 6
      vertex 64.9215 -77.3705 7.5
      vertex 67.5822 -75.0576 7.5
    endloop
  endfacet
  facet normal -0.656057 0.754711 0
    outer loop
      vertex 64.9215 -77.3705 7.5
      vertex 67.5822 -75.0576 6
      vertex 64.9215 -77.3705 6
    endloop
  endfacet
  facet normal 0.656067 -0.754702 0
    outer loop
      vertex 67.4927 -80.4347 -3.8147e-07
      vertex 70.2587 -78.0302 6.89999
      vertex 67.4927 -80.4347 6.89999
    endloop
  endfacet
  facet normal 0.656067 -0.754702 0
    outer loop
      vertex 70.2587 -78.0302 6.89999
      vertex 67.4927 -80.4347 -3.8147e-07
      vertex 70.2587 -78.0302 -3.8147e-07
    endloop
  endfacet
  facet normal 0.445015 -0.549531 0.707091
    outer loop
      vertex 67.4927 -80.4347 6.89999
      vertex 67.107 -79.975 7.5
      vertex 64.2751 -82.2683 7.5
    endloop
  endfacet
  facet normal 0.445032 -0.549576 0.707045
    outer loop
      vertex 64.6445 -82.7411 6.89999
      vertex 67.4927 -80.4347 6.89999
      vertex 64.2751 -82.2683 7.5
    endloop
  endfacet
  facet normal -0.629326 0.777141 0
    outer loop
      vertex 64.9215 -77.3705 6
      vertex 62.1818 -79.5891 7.5
      vertex 64.9215 -77.3705 7.5
    endloop
  endfacet
  facet normal -0.629326 0.777141 0
    outer loop
      vertex 62.1818 -79.5891 7.5
      vertex 64.9215 -77.3705 6
      vertex 62.1818 -79.5891 6
    endloop
  endfacet
  facet normal 0.629316 -0.77715 0
    outer loop
      vertex 64.6445 -82.7411 -3.8147e-07
      vertex 67.4927 -80.4347 6.89999
      vertex 64.6445 -82.7411 6.89999
    endloop
  endfacet
  facet normal 0.629316 -0.77715 0
    outer loop
      vertex 67.4927 -80.4347 6.89999
      vertex 64.6445 -82.7411 -3.8147e-07
      vertex 67.4927 -80.4347 -3.8147e-07
    endloop
  endfacet
  facet normal 0.425588 -0.564767 0.707045
    outer loop
      vertex 64.6445 -82.7411 6.89999
      vertex 64.2751 -82.2683 7.5
      vertex 61.3648 -84.4614 7.5
    endloop
  endfacet
  facet normal 0.425586 -0.56476 0.707052
    outer loop
      vertex 61.7175 -84.9468 6.89999
      vertex 64.6445 -82.7411 6.89999
      vertex 61.3648 -84.4614 7.5
    endloop
  endfacet
  facet normal -0.601809 0.79864 0
    outer loop
      vertex 62.1818 -79.5891 6
      vertex 59.3663 -81.7107 7.5
      vertex 62.1818 -79.5891 7.5
    endloop
  endfacet
  facet normal -0.601809 0.79864 0
    outer loop
      vertex 59.3663 -81.7107 7.5
      vertex 62.1818 -79.5891 6
      vertex 59.3663 -81.7107 6
    endloop
  endfacet
  facet normal 0.601823 -0.798629 0
    outer loop
      vertex 61.7175 -84.9468 -3.8147e-07
      vertex 64.6445 -82.7411 6.89999
      vertex 61.7175 -84.9468 6.89999
    endloop
  endfacet
  facet normal 0.601823 -0.798629 0
    outer loop
      vertex 64.6445 -82.7411 6.89999
      vertex 61.7175 -84.9468 -3.8147e-07
      vertex 64.6445 -82.7411 -3.8147e-07
    endloop
  endfacet
  facet normal 0.4056 -0.579281 0.707052
    outer loop
      vertex 61.7175 -84.9468 6.89999
      vertex 61.3648 -84.4614 7.5
      vertex 58.3797 -86.5515 7.5
    endloop
  endfacet
  facet normal 0.405596 -0.579268 0.707065
    outer loop
      vertex 58.7153 -87.0489 6.89999
      vertex 61.7175 -84.9468 6.89999
      vertex 58.3797 -86.5515 7.5
    endloop
  endfacet
  facet normal -0.573584 0.819147 0
    outer loop
      vertex 59.3663 -81.7107 6
      vertex 56.4785 -83.7328 7.5
      vertex 59.3663 -81.7107 7.5
    endloop
  endfacet
  facet normal -0.573584 0.819147 0
    outer loop
      vertex 56.4785 -83.7328 7.5
      vertex 59.3663 -81.7107 6
      vertex 56.4785 -83.7328 6
    endloop
  endfacet
  facet normal 0.573565 -0.81916 0
    outer loop
      vertex 58.7153 -87.0489 -3.8147e-07
      vertex 61.7175 -84.9468 6.89999
      vertex 58.7153 -87.0489 6.89999
    endloop
  endfacet
  facet normal 0.573565 -0.81916 0
    outer loop
      vertex 61.7175 -84.9468 6.89999
      vertex 58.7153 -87.0489 -3.8147e-07
      vertex 61.7175 -84.9468 -3.8147e-07
    endloop
  endfacet
  facet normal 0.385148 -0.593062 0.707063
    outer loop
      vertex 58.7153 -87.0489 6.89999
      vertex 58.3797 -86.5515 7.5
      vertex 55.3236 -88.5362 7.5
    endloop
  endfacet
  facet normal 0.385147 -0.59306 0.707066
    outer loop
      vertex 55.6415 -89.0451 6.89999
      vertex 58.7153 -87.0489 6.89999
      vertex 55.3236 -88.5362 7.5
    endloop
  endfacet
  facet normal -0.544638 0.838671 0
    outer loop
      vertex 56.4785 -83.7328 6
      vertex 53.5218 -85.6529 7.5
      vertex 56.4785 -83.7328 7.5
    endloop
  endfacet
  facet normal -0.544638 0.838671 0
    outer loop
      vertex 53.5218 -85.6529 7.5
      vertex 56.4785 -83.7328 6
      vertex 53.5218 -85.6529 6
    endloop
  endfacet
  facet normal 0.544649 -0.838664 0
    outer loop
      vertex 55.6415 -89.0451 -3.8147e-07
      vertex 58.7153 -87.0489 6.89999
      vertex 55.6415 -89.0451 6.89999
    endloop
  endfacet
  facet normal 0.544649 -0.838664 0
    outer loop
      vertex 58.7153 -87.0489 6.89999
      vertex 55.6415 -89.0451 -3.8147e-07
      vertex 58.7153 -87.0489 -3.8147e-07
    endloop
  endfacet
  facet normal 0.3642 -0.606147 0.707067
    outer loop
      vertex 55.6415 -89.0451 6.89999
      vertex 55.3236 -88.5362 7.5
      vertex 52.2 -90.413 7.5
    endloop
  endfacet
  facet normal 0.364195 -0.606124 0.70709
    outer loop
      vertex 52.5 -90.9327 6.89999
      vertex 55.6415 -89.0451 6.89999
      vertex 52.2 -90.413 7.5
    endloop
  endfacet
  facet normal -0.515042 0.857165 0
    outer loop
      vertex 53.5218 -85.6529 6
      vertex 50.5 -87.4686 7.5
      vertex 53.5218 -85.6529 7.5
    endloop
  endfacet
  facet normal -0.515042 0.857165 0
    outer loop
      vertex 50.5 -87.4686 7.5
      vertex 53.5218 -85.6529 6
      vertex 50.5 -87.4686 6
    endloop
  endfacet
  facet normal 0.515037 -0.857168 0
    outer loop
      vertex 52.5 -90.9327 -3.8147e-07
      vertex 55.6415 -89.0451 6.89999
      vertex 52.5 -90.9327 6.89999
    endloop
  endfacet
  facet normal 0.515037 -0.857168 0
    outer loop
      vertex 55.6415 -89.0451 6.89999
      vertex 52.5 -90.9327 -3.8147e-07
      vertex 55.6415 -89.0451 -3.8147e-07
    endloop
  endfacet
  facet normal 0.342821 -0.618463 0.707091
    outer loop
      vertex 52.5 -90.9327 6.89999
      vertex 52.2 -90.413 7.5
      vertex 49.0128 -92.1797 7.5
    endloop
  endfacet
  facet normal 0.342825 -0.618486 0.707068
    outer loop
      vertex 49.2945 -92.7095 6.89999
      vertex 52.5 -90.9327 6.89999
      vertex 49.0128 -92.1797 7.5
    endloop
  endfacet
  facet normal -0.484797 0.874627 0
    outer loop
      vertex 50.5 -87.4686 6
      vertex 47.4166 -89.1777 7.5
      vertex 50.5 -87.4686 7.5
    endloop
  endfacet
  facet normal -0.484797 0.874627 0
    outer loop
      vertex 47.4166 -89.1777 7.5
      vertex 50.5 -87.4686 6
      vertex 47.4166 -89.1777 6
    endloop
  endfacet
  facet normal 0.484802 -0.874624 0
    outer loop
      vertex 49.2945 -92.7095 -3.8147e-07
      vertex 52.5 -90.9327 6.89999
      vertex 49.2945 -92.7095 6.89999
    endloop
  endfacet
  facet normal 0.484802 -0.874624 0
    outer loop
      vertex 52.5 -90.9327 6.89999
      vertex 49.2945 -92.7095 -3.8147e-07
      vertex 52.5 -90.9327 -3.8147e-07
    endloop
  endfacet
  facet normal 0.321041 -0.630069 0.707068
    outer loop
      vertex 49.2945 -92.7095 6.89999
      vertex 49.0128 -92.1797 7.5
      vertex 45.7659 -93.8341 7.5
    endloop
  endfacet
  facet normal 0.321039 -0.630057 0.70708
    outer loop
      vertex 46.029 -94.3734 6.89999
      vertex 49.2945 -92.7095 6.89999
      vertex 45.7659 -93.8341 7.5
    endloop
  endfacet
  facet normal -0.453997 0.891003 0
    outer loop
      vertex 47.4166 -89.1777 6
      vertex 44.2755 -90.7782 7.5
      vertex 47.4166 -89.1777 7.5
    endloop
  endfacet
  facet normal -0.453997 0.891003 0
    outer loop
      vertex 44.2755 -90.7782 7.5
      vertex 47.4166 -89.1777 6
      vertex 44.2755 -90.7782 6
    endloop
  endfacet
  facet normal 0.454 -0.891002 0
    outer loop
      vertex 46.029 -94.3734 -3.8147e-07
      vertex 49.2945 -92.7095 6.89999
      vertex 46.029 -94.3734 6.89999
    endloop
  endfacet
  facet normal 0.454 -0.891002 0
    outer loop
      vertex 49.2945 -92.7095 6.89999
      vertex 46.029 -94.3734 -3.8147e-07
      vertex 49.2945 -92.7095 -3.8147e-07
    endloop
  endfacet
  facet normal 0.298844 -0.640884 0.707079
    outer loop
      vertex 46.029 -94.3734 6.89999
      vertex 45.7659 -93.8341 7.5
      vertex 42.4633 -95.3741 7.5
    endloop
  endfacet
  facet normal 0.298844 -0.640887 0.707075
    outer loop
      vertex 42.7073 -95.9223 6.89999
      vertex 46.029 -94.3734 6.89999
      vertex 42.4633 -95.3741 7.5
    endloop
  endfacet
  facet normal -0.422618 0.906308 0
    outer loop
      vertex 44.2755 -90.7782 6
      vertex 41.0804 -92.2681 7.5
      vertex 44.2755 -90.7782 7.5
    endloop
  endfacet
  facet normal -0.422618 0.906308 0
    outer loop
      vertex 41.0804 -92.2681 7.5
      vertex 44.2755 -90.7782 6
      vertex 41.0804 -92.2681 6
    endloop
  endfacet
  facet normal 0.422611 -0.906311 0
    outer loop
      vertex 42.7073 -95.9223 -3.8147e-07
      vertex 46.029 -94.3734 6.89999
      vertex 42.7073 -95.9223 6.89999
    endloop
  endfacet
  facet normal 0.422611 -0.906311 0
    outer loop
      vertex 46.029 -94.3734 6.89999
      vertex 42.7073 -95.9223 -3.8147e-07
      vertex 46.029 -94.3734 -3.8147e-07
    endloop
  endfacet
  facet normal 0.276307 -0.65092 0.707077
    outer loop
      vertex 42.7073 -95.9223 6.89999
      vertex 42.4633 -95.3741 7.5
      vertex 39.1089 -96.798 7.5
    endloop
  endfacet
  facet normal 0.27631 -0.650948 0.70705
    outer loop
      vertex 39.3337 -97.3543 6.89999
      vertex 42.7073 -95.9223 6.89999
      vertex 39.1089 -96.798 7.5
    endloop
  endfacet
  facet normal -0.39074 0.920501 0
    outer loop
      vertex 41.0804 -92.2681 6
      vertex 37.8353 -93.6456 7.5
      vertex 41.0804 -92.2681 7.5
    endloop
  endfacet
  facet normal -0.39074 0.920501 0
    outer loop
      vertex 37.8353 -93.6456 7.5
      vertex 41.0804 -92.2681 6
      vertex 37.8353 -93.6456 6
    endloop
  endfacet
  facet normal 0.390729 -0.920506 0
    outer loop
      vertex 39.3337 -97.3543 -3.8147e-07
      vertex 42.7073 -95.9223 6.89999
      vertex 39.3337 -97.3543 6.89999
    endloop
  endfacet
  facet normal 0.390729 -0.920506 0
    outer loop
      vertex 42.7073 -95.9223 6.89999
      vertex 39.3337 -97.3543 -3.8147e-07
      vertex 42.7073 -95.9223 -3.8147e-07
    endloop
  endfacet
  facet normal 0.253424 -0.660195 0.707049
    outer loop
      vertex 39.3337 -97.3543 6.89999
      vertex 39.1089 -96.798 7.5
      vertex 35.7069 -98.1039 7.5
    endloop
  endfacet
  facet normal 0.253425 -0.660209 0.707036
    outer loop
      vertex 35.9121 -98.6677 6.89999
      vertex 39.3337 -97.3543 6.89999
      vertex 35.7069 -98.1039 7.5
    endloop
  endfacet
  facet normal -0.358365 0.933582 0
    outer loop
      vertex 37.8353 -93.6456 6
      vertex 34.544 -94.909 7.5
      vertex 37.8353 -93.6456 7.5
    endloop
  endfacet
  facet normal -0.358365 0.933582 0
    outer loop
      vertex 34.544 -94.909 7.5
      vertex 37.8353 -93.6456 6
      vertex 34.544 -94.909 6
    endloop
  endfacet
  facet normal 0.358361 -0.933583 0
    outer loop
      vertex 35.9121 -98.6677 -3.8147e-07
      vertex 39.3337 -97.3543 6.89999
      vertex 35.9121 -98.6677 6.89999
    endloop
  endfacet
  facet normal 0.358361 -0.933583 0
    outer loop
      vertex 39.3337 -97.3543 6.89999
      vertex 35.9121 -98.6677 -3.8147e-07
      vertex 39.3337 -97.3543 -3.8147e-07
    endloop
  endfacet
  facet normal 0.230238 -0.668648 0.707036
    outer loop
      vertex 35.9121 -98.6677 6.89999
      vertex 35.7069 -98.1039 7.5
      vertex 32.2614 -99.2903 7.5
    endloop
  endfacet
  facet normal 0.230238 -0.668659 0.707026
    outer loop
      vertex 32.4468 -99.8609 6.89999
      vertex 35.9121 -98.6677 6.89999
      vertex 32.2614 -99.2903 7.5
    endloop
  endfacet
  facet normal -0.325556 0.945523 0
    outer loop
      vertex 34.544 -94.909 6
      vertex 31.2107 -96.0567 7.5
      vertex 34.544 -94.909 7.5
    endloop
  endfacet
  facet normal -0.325556 0.945523 0
    outer loop
      vertex 31.2107 -96.0567 7.5
      vertex 34.544 -94.909 6
      vertex 31.2107 -96.0567 6
    endloop
  endfacet
  facet normal 0.325569 -0.945518 0
    outer loop
      vertex 32.4468 -99.8609 -3.8147e-07
      vertex 35.9121 -98.6677 6.89999
      vertex 32.4468 -99.8609 6.89999
    endloop
  endfacet
  facet normal 0.325569 -0.945518 0
    outer loop
      vertex 35.9121 -98.6677 6.89999
      vertex 32.4468 -99.8609 -3.8147e-07
      vertex 35.9121 -98.6677 -3.8147e-07
    endloop
  endfacet
  facet normal 0.206807 -0.676272 0.707027
    outer loop
      vertex 32.4468 -99.8609 6.89999
      vertex 32.2614 -99.2903 7.5
      vertex 28.7765 -100.356 7.5
    endloop
  endfacet
  facet normal 0.206799 -0.676696 0.706624
    outer loop
      vertex 28.9419 -100.932 6.89999
      vertex 32.4468 -99.8609 6.89999
      vertex 28.7765 -100.356 7.5
    endloop
  endfacet
  facet normal -0.292369 0.956306 0
    outer loop
      vertex 31.2107 -96.0567 6
      vertex 27.8394 -97.0874 7.5
      vertex 31.2107 -96.0567 7.5
    endloop
  endfacet
  facet normal -0.292369 0.956306 0
    outer loop
      vertex 27.8394 -97.0874 7.5
      vertex 31.2107 -96.0567 6
      vertex 27.8394 -97.0874 6
    endloop
  endfacet
  facet normal 0.292258 -0.956339 0
    outer loop
      vertex 28.9419 -100.932 -3.8147e-07
      vertex 32.4468 -99.8609 6.89999
      vertex 28.9419 -100.932 6.89999
    endloop
  endfacet
  facet normal 0.292258 -0.956339 0
    outer loop
      vertex 32.4468 -99.8609 6.89999
      vertex 28.9419 -100.932 -3.8147e-07
      vertex 32.4468 -99.8609 -3.8147e-07
    endloop
  endfacet
  facet normal 0.183111 -0.683492 0.706618
    outer loop
      vertex 28.9419 -100.932 6.89999
      vertex 28.7765 -100.356 7.5
      vertex 25.2566 -101.299 7.5
    endloop
  endfacet
  facet normal 0.183131 -0.683141 0.706952
    outer loop
      vertex 25.4018 -101.881 6.89999
      vertex 28.9419 -100.932 6.89999
      vertex 25.2566 -101.299 7.5
    endloop
  endfacet
  facet normal -0.258833 0.965922 0
    outer loop
      vertex 27.8394 -97.0874 6
      vertex 24.4341 -97.9999 7.5
      vertex 27.8394 -97.0874 7.5
    endloop
  endfacet
  facet normal -0.258833 0.965922 0
    outer loop
      vertex 24.4341 -97.9999 7.5
      vertex 27.8394 -97.0874 6
      vertex 24.4341 -97.9999 6
    endloop
  endfacet
  facet normal 0.258929 -0.965896 0
    outer loop
      vertex 25.4018 -101.881 -3.8147e-07
      vertex 28.9419 -100.932 6.89999
      vertex 25.4018 -101.881 6.89999
    endloop
  endfacet
  facet normal 0.258929 -0.965896 0
    outer loop
      vertex 28.9419 -100.932 6.89999
      vertex 25.4018 -101.881 -3.8147e-07
      vertex 28.9419 -100.932 -3.8147e-07
    endloop
  endfacet
  facet normal 0.159151 -0.689123 0.706952
    outer loop
      vertex 25.4018 -101.881 6.89999
      vertex 25.2566 -101.299 7.5
      vertex 21.706 -102.119 7.5
    endloop
  endfacet
  facet normal 0.159111 -0.689564 0.706531
    outer loop
      vertex 21.8307 -102.705 6.89999
      vertex 25.4018 -101.881 6.89999
      vertex 21.706 -102.119 7.5
    endloop
  endfacet
  facet normal -0.224942 0.974372 0
    outer loop
      vertex 24.4341 -97.9999 6
      vertex 20.9991 -98.7929 7.5
      vertex 24.4341 -97.9999 7.5
    endloop
  endfacet
  facet normal -0.224942 0.974372 0
    outer loop
      vertex 20.9991 -98.7929 7.5
      vertex 24.4341 -97.9999 6
      vertex 20.9991 -98.7929 6
    endloop
  endfacet
  facet normal 0.224834 -0.974397 0
    outer loop
      vertex 21.8307 -102.705 -3.8147e-07
      vertex 25.4018 -101.881 6.89999
      vertex 21.8307 -102.705 6.89999
    endloop
  endfacet
  facet normal 0.224834 -0.974397 0
    outer loop
      vertex 25.4018 -101.881 6.89999
      vertex 21.8307 -102.705 -3.8147e-07
      vertex 25.4018 -101.881 -3.8147e-07
    endloop
  endfacet
  facet normal 0.134973 -0.694696 0.706527
    outer loop
      vertex 21.8307 -102.705 6.89999
      vertex 21.706 -102.119 7.5
      vertex 18.1289 -102.814 7.5
    endloop
  endfacet
  facet normal 0.135051 -0.694083 0.707114
    outer loop
      vertex 18.2331 -103.405 6.89999
      vertex 21.8307 -102.705 6.89999
      vertex 18.1289 -102.814 7.5
    endloop
  endfacet
  facet normal -0.190817 0.981626 0
    outer loop
      vertex 20.9991 -98.7929 6
      vertex 17.5385 -99.4656 7.5
      vertex 20.9991 -98.7929 7.5
    endloop
  endfacet
  facet normal -0.190817 0.981626 0
    outer loop
      vertex 17.5385 -99.4656 7.5
      vertex 20.9991 -98.7929 6
      vertex 17.5385 -99.4656 6
    endloop
  endfacet
  facet normal 0.190992 -0.981592 0
    outer loop
      vertex 18.2331 -103.405 -3.8147e-07
      vertex 21.8307 -102.705 6.89999
      vertex 18.2331 -103.405 6.89999
    endloop
  endfacet
  facet normal 0.190992 -0.981592 0
    outer loop
      vertex 21.8307 -102.705 6.89999
      vertex 18.2331 -103.405 -3.8147e-07
      vertex 21.8307 -102.705 -3.8147e-07
    endloop
  endfacet
  facet normal 0.110604 -0.698395 0.707115
    outer loop
      vertex 18.2331 -103.405 6.89999
      vertex 18.1289 -102.814 7.5
      vertex 14.5297 -103.384 7.5
    endloop
  endfacet
  facet normal 0.110577 -0.698562 0.706954
    outer loop
      vertex 14.6132 -103.978 6.89999
      vertex 18.2331 -103.405 6.89999
      vertex 14.5297 -103.384 7.5
    endloop
  endfacet
  facet normal -0.156408 0.987692 0
    outer loop
      vertex 17.5385 -99.4656 6
      vertex 14.0565 -100.017 7.5
      vertex 17.5385 -99.4656 7.5
    endloop
  endfacet
  facet normal -0.156408 0.987692 0
    outer loop
      vertex 14.0565 -100.017 7.5
      vertex 17.5385 -99.4656 6
      vertex 14.0565 -100.017 6
    endloop
  endfacet
  facet normal 0.156345 -0.987702 0
    outer loop
      vertex 14.6132 -103.978 -3.8147e-07
      vertex 18.2331 -103.405 6.89999
      vertex 14.6132 -103.978 6.89999
    endloop
  endfacet
  facet normal 0.156345 -0.987702 0
    outer loop
      vertex 18.2331 -103.405 6.89999
      vertex 14.6132 -103.978 -3.8147e-07
      vertex 18.2331 -103.405 -3.8147e-07
    endloop
  endfacet
  facet normal 0.0861744 -0.701992 0.706952
    outer loop
      vertex 14.6132 -103.978 6.89999
      vertex 14.5297 -103.384 7.5
      vertex 10.9128 -103.828 7.5
    endloop
  endfacet
  facet normal 0.0862276 -0.701723 0.707213
    outer loop
      vertex 10.9755 -104.425 6.89999
      vertex 14.6132 -103.978 6.89999
      vertex 10.9128 -103.828 7.5
    endloop
  endfacet
  facet normal -0.121971 0.992534 0
    outer loop
      vertex 14.0565 -100.017 6
      vertex 10.5574 -100.447 7.5
      vertex 14.0565 -100.017 7.5
    endloop
  endfacet
  facet normal -0.121971 0.992534 0
    outer loop
      vertex 10.5574 -100.447 7.5
      vertex 14.0565 -100.017 6
      vertex 10.5574 -100.447 6
    endloop
  endfacet
  facet normal 0.121963 -0.992535 0
    outer loop
      vertex 10.9755 -104.425 -3.8147e-07
      vertex 14.6132 -103.978 6.89999
      vertex 10.9755 -104.425 6.89999
    endloop
  endfacet
  facet normal 0.121963 -0.992535 0
    outer loop
      vertex 14.6132 -103.978 6.89999
      vertex 10.9755 -104.425 -3.8147e-07
      vertex 14.6132 -103.978 -3.8147e-07
    endloop
  endfacet
  facet normal 0.0616952 -0.704301 0.707215
    outer loop
      vertex 10.9755 -104.425 6.89999
      vertex 10.9128 -103.828 7.5
      vertex 7.28257 -104.146 7.5
    endloop
  endfacet
  facet normal 0.0615792 -0.704797 0.706732
    outer loop
      vertex 7.32443 -104.744 6.89999
      vertex 10.9755 -104.425 6.89999
      vertex 7.28257 -104.146 7.5
    endloop
  endfacet
  facet normal -0.0870825 0.996201 0
    outer loop
      vertex 10.5574 -100.447 6
      vertex 7.0454 -100.754 7.5
      vertex 10.5574 -100.447 7.5
    endloop
  endfacet
  facet normal -0.0870825 0.996201 0
    outer loop
      vertex 7.0454 -100.754 7.5
      vertex 10.5574 -100.447 6
      vertex 7.0454 -100.754 6
    endloop
  endfacet
  facet normal 0.0870401 -0.996205 0
    outer loop
      vertex 7.32443 -104.744 -3.8147e-07
      vertex 10.9755 -104.425 6.89999
      vertex 7.32443 -104.744 6.89999
    endloop
  endfacet
  facet normal 0.0870401 -0.996205 0
    outer loop
      vertex 10.9755 -104.425 6.89999
      vertex 7.32443 -104.744 -3.8147e-07
      vertex 10.9755 -104.425 -3.8147e-07
    endloop
  endfacet
  facet normal 0.0368884 -0.706522 0.706729
    outer loop
      vertex 7.32443 -104.744 6.89999
      vertex 7.28257 -104.146 7.5
      vertex 3.64351 -104.336 7.5
    endloop
  endfacet
  facet normal 0.0370353 -0.705981 0.707262
    outer loop
      vertex 3.66445 -104.936 6.89999
      vertex 7.32443 -104.744 6.89999
      vertex 3.64351 -104.336 7.5
    endloop
  endfacet
  facet normal -0.0521933 0.998637 0
    outer loop
      vertex 7.0454 -100.754 6
      vertex 3.52485 -100.938 7.5
      vertex 7.0454 -100.754 7.5
    endloop
  endfacet
  facet normal -0.0521933 0.998637 0
    outer loop
      vertex 3.52485 -100.938 7.5
      vertex 7.0454 -100.754 6
      vertex 3.52485 -100.938 6
    endloop
  endfacet
  facet normal 0.0523873 -0.998627 0
    outer loop
      vertex 3.66445 -104.936 -3.8147e-07
      vertex 7.32443 -104.744 6.89999
      vertex 3.66445 -104.936 6.89999
    endloop
  endfacet
  facet normal 0.0523873 -0.998627 0
    outer loop
      vertex 7.32443 -104.744 6.89999
      vertex 3.66445 -104.936 -3.8147e-07
      vertex 7.32443 -104.744 -3.8147e-07
    endloop
  endfacet
  facet normal 0.012416 -0.706841 0.707263
    outer loop
      vertex 3.66445 -104.936 6.89999
      vertex 3.64351 -104.336 7.5
      vertex 0 -104.4 7.5
    endloop
  endfacet
  facet normal 0.0123489 -0.707059 0.707047
    outer loop
      vertex 3.66445 -104.936 6.89999
      vertex 0 -104.4 7.5
      vertex 0 -105 6.89999
    endloop
  endfacet
  facet normal -0.0175867 0.999845 0
    outer loop
      vertex 3.52485 -100.938 6
      vertex 0 -101 7.5
      vertex 3.52485 -100.938 7.5
    endloop
  endfacet
  facet normal -0.0175867 0.999845 0
    outer loop
      vertex 0 -101 7.5
      vertex 3.52485 -100.938 6
      vertex 0 -101 6
    endloop
  endfacet
  facet normal 0.0174624 -0.999848 0
    outer loop
      vertex 0 -105 -3.8147e-07
      vertex 3.66445 -104.936 6.89999
      vertex 0 -105 6.89999
    endloop
  endfacet
  facet normal 0.0174624 -0.999848 0
    outer loop
      vertex 3.66445 -104.936 6.89999
      vertex 0 -105 -3.8147e-07
      vertex 3.66445 -104.936 -3.8147e-07
    endloop
  endfacet
  facet normal -0.0124198 -0.707058 0.707046
    outer loop
      vertex 0 -105 6.89999
      vertex 0 -104.4 7.5
      vertex -3.64351 -104.336 7.5
    endloop
  endfacet
  facet normal -0.0123451 -0.706843 0.707262
    outer loop
      vertex 0 -105 6.89999
      vertex -3.64351 -104.336 7.5
      vertex -3.66445 -104.936 6.89999
    endloop
  endfacet
  facet normal 0.0175867 0.999845 -0
    outer loop
      vertex 0 -101 6
      vertex -3.52485 -100.938 7.5
      vertex 0 -101 7.5
    endloop
  endfacet
  facet normal 0.0175867 0.999845 0
    outer loop
      vertex -3.52485 -100.938 7.5
      vertex 0 -101 6
      vertex -3.52485 -100.938 6
    endloop
  endfacet
  facet normal -0.0174624 -0.999848 0
    outer loop
      vertex -3.66445 -104.936 -3.8147e-07
      vertex 0 -105 6.89999
      vertex -3.66445 -104.936 6.89999
    endloop
  endfacet
  facet normal -0.0174624 -0.999848 -0
    outer loop
      vertex 0 -105 6.89999
      vertex -3.66445 -104.936 -3.8147e-07
      vertex 0 -105 -3.8147e-07
    endloop
  endfacet
  facet normal -0.0368606 -0.705989 0.707263
    outer loop
      vertex -3.66445 -104.936 6.89999
      vertex -3.64351 -104.336 7.5
      vertex -7.28257 -104.146 7.5
    endloop
  endfacet
  facet normal -0.0370631 -0.706511 0.70673
    outer loop
      vertex -3.66445 -104.936 6.89999
      vertex -7.28257 -104.146 7.5
      vertex -7.32443 -104.744 6.89999
    endloop
  endfacet
  facet normal 0.0521933 0.998637 -0
    outer loop
      vertex -3.52485 -100.938 6
      vertex -7.0454 -100.754 7.5
      vertex -3.52485 -100.938 7.5
    endloop
  endfacet
  facet normal 0.0521933 0.998637 0
    outer loop
      vertex -7.0454 -100.754 7.5
      vertex -3.52485 -100.938 6
      vertex -7.0454 -100.754 6
    endloop
  endfacet
  facet normal -0.0523873 -0.998627 0
    outer loop
      vertex -7.32443 -104.744 -3.8147e-07
      vertex -3.66445 -104.936 6.89999
      vertex -7.32443 -104.744 6.89999
    endloop
  endfacet
  facet normal -0.0523873 -0.998627 -0
    outer loop
      vertex -3.66445 -104.936 6.89999
      vertex -7.32443 -104.744 -3.8147e-07
      vertex -3.66445 -104.936 -3.8147e-07
    endloop
  endfacet
  facet normal -0.0617375 -0.704784 0.70673
    outer loop
      vertex -7.32443 -104.744 6.89999
      vertex -7.28257 -104.146 7.5
      vertex -10.9128 -103.828 7.5
    endloop
  endfacet
  facet normal -0.0615373 -0.704317 0.707214
    outer loop
      vertex -7.32443 -104.744 6.89999
      vertex -10.9128 -103.828 7.5
      vertex -10.9755 -104.425 6.89999
    endloop
  endfacet
  facet normal 0.0870825 0.996201 -0
    outer loop
      vertex -7.0454 -100.754 6
      vertex -10.5574 -100.447 7.5
      vertex -7.0454 -100.754 7.5
    endloop
  endfacet
  facet normal 0.0870825 0.996201 0
    outer loop
      vertex -10.5574 -100.447 7.5
      vertex -7.0454 -100.754 6
      vertex -10.5574 -100.447 6
    endloop
  endfacet
  facet normal -0.0870401 -0.996205 0
    outer loop
      vertex -10.9755 -104.425 -3.8147e-07
      vertex -7.32443 -104.744 6.89999
      vertex -10.9755 -104.425 6.89999
    endloop
  endfacet
  facet normal -0.0870401 -0.996205 -0
    outer loop
      vertex -7.32443 -104.744 6.89999
      vertex -10.9755 -104.425 -3.8147e-07
      vertex -7.32443 -104.744 -3.8147e-07
    endloop
  endfacet
  facet normal -0.0861426 -0.701732 0.707214
    outer loop
      vertex -10.9755 -104.425 6.89999
      vertex -10.9128 -103.828 7.5
      vertex -14.5297 -103.384 7.5
    endloop
  endfacet
  facet normal -0.0862592 -0.70198 0.706953
    outer loop
      vertex -10.9755 -104.425 6.89999
      vertex -14.5297 -103.384 7.5
      vertex -14.6132 -103.978 6.89999
    endloop
  endfacet
  facet normal 0.121971 0.992534 -0
    outer loop
      vertex -10.5574 -100.447 6
      vertex -14.0565 -100.017 7.5
      vertex -10.5574 -100.447 7.5
    endloop
  endfacet
  facet normal 0.121971 0.992534 0
    outer loop
      vertex -14.0565 -100.017 7.5
      vertex -10.5574 -100.447 6
      vertex -14.0565 -100.017 6
    endloop
  endfacet
  facet normal -0.121963 -0.992535 0
    outer loop
      vertex -14.6132 -103.978 -3.8147e-07
      vertex -10.9755 -104.425 6.89999
      vertex -14.6132 -103.978 6.89999
    endloop
  endfacet
  facet normal -0.121963 -0.992535 -0
    outer loop
      vertex -10.9755 -104.425 6.89999
      vertex -14.6132 -103.978 -3.8147e-07
      vertex -10.9755 -104.425 -3.8147e-07
    endloop
  endfacet
  facet normal -0.110629 -0.698555 0.706953
    outer loop
      vertex -14.6132 -103.978 6.89999
      vertex -14.5297 -103.384 7.5
      vertex -18.1289 -102.814 7.5
    endloop
  endfacet
  facet normal -0.110551 -0.698403 0.707115
    outer loop
      vertex -14.6132 -103.978 6.89999
      vertex -18.1289 -102.814 7.5
      vertex -18.2331 -103.405 6.89999
    endloop
  endfacet
  facet normal 0.156408 0.987692 -0
    outer loop
      vertex -14.0565 -100.017 6
      vertex -17.5385 -99.4656 7.5
      vertex -14.0565 -100.017 7.5
    endloop
  endfacet
  facet normal 0.156408 0.987692 0
    outer loop
      vertex -17.5385 -99.4656 7.5
      vertex -14.0565 -100.017 6
      vertex -17.5385 -99.4656 6
    endloop
  endfacet
  facet normal -0.156345 -0.987702 0
    outer loop
      vertex -18.2331 -103.405 -3.8147e-07
      vertex -14.6132 -103.978 6.89999
      vertex -18.2331 -103.405 6.89999
    endloop
  endfacet
  facet normal -0.156345 -0.987702 -0
    outer loop
      vertex -14.6132 -103.978 6.89999
      vertex -18.2331 -103.405 -3.8147e-07
      vertex -14.6132 -103.978 -3.8147e-07
    endloop
  endfacet
  facet normal -0.134861 -0.694118 0.707116
    outer loop
      vertex -18.2331 -103.405 6.89999
      vertex -18.1289 -102.814 7.5
      vertex -21.706 -102.119 7.5
    endloop
  endfacet
  facet normal -0.135162 -0.694657 0.706528
    outer loop
      vertex -18.2331 -103.405 6.89999
      vertex -21.706 -102.119 7.5
      vertex -21.8307 -102.705 6.89999
    endloop
  endfacet
  facet normal 0.190817 0.981626 -0
    outer loop
      vertex -17.5385 -99.4656 6
      vertex -20.9991 -98.7929 7.5
      vertex -17.5385 -99.4656 7.5
    endloop
  endfacet
  facet normal 0.190817 0.981626 0
    outer loop
      vertex -20.9991 -98.7929 7.5
      vertex -17.5385 -99.4656 6
      vertex -20.9991 -98.7929 6
    endloop
  endfacet
  facet normal -0.190992 -0.981592 0
    outer loop
      vertex -21.8307 -102.705 -3.8147e-07
      vertex -18.2331 -103.405 6.89999
      vertex -21.8307 -102.705 6.89999
    endloop
  endfacet
  facet normal -0.190992 -0.981592 -0
    outer loop
      vertex -18.2331 -103.405 6.89999
      vertex -21.8307 -102.705 -3.8147e-07
      vertex -18.2331 -103.405 -3.8147e-07
    endloop
  endfacet
  facet normal -0.159246 -0.689534 0.706529
    outer loop
      vertex -21.8307 -102.705 6.89999
      vertex -21.706 -102.119 7.5
      vertex -25.2566 -101.299 7.5
    endloop
  endfacet
  facet normal -0.159016 -0.689155 0.706951
    outer loop
      vertex -21.8307 -102.705 6.89999
      vertex -25.2566 -101.299 7.5
      vertex -25.4018 -101.881 6.89999
    endloop
  endfacet
  facet normal 0.224942 0.974372 -0
    outer loop
      vertex -20.9991 -98.7929 6
      vertex -24.4341 -97.9999 7.5
      vertex -20.9991 -98.7929 7.5
    endloop
  endfacet
  facet normal 0.224942 0.974372 0
    outer loop
      vertex -24.4341 -97.9999 7.5
      vertex -20.9991 -98.7929 6
      vertex -24.4341 -97.9999 6
    endloop
  endfacet
  facet normal -0.224834 -0.974397 0
    outer loop
      vertex -25.4018 -101.881 -3.8147e-07
      vertex -21.8307 -102.705 6.89999
      vertex -25.4018 -101.881 6.89999
    endloop
  endfacet
  facet normal -0.224834 -0.974397 -0
    outer loop
      vertex -21.8307 -102.705 6.89999
      vertex -25.4018 -101.881 -3.8147e-07
      vertex -21.8307 -102.705 -3.8147e-07
    endloop
  endfacet
  facet normal -0.183024 -0.683168 0.706953
    outer loop
      vertex -25.4018 -101.881 6.89999
      vertex -25.2566 -101.299 7.5
      vertex -28.7765 -100.356 7.5
    endloop
  endfacet
  facet normal -0.183217 -0.683463 0.706619
    outer loop
      vertex -25.4018 -101.881 6.89999
      vertex -28.7765 -100.356 7.5
      vertex -28.9419 -100.932 6.89999
    endloop
  endfacet
  facet normal 0.258833 0.965922 -0
    outer loop
      vertex -24.4341 -97.9999 6
      vertex -27.8394 -97.0874 7.5
      vertex -24.4341 -97.9999 7.5
    endloop
  endfacet
  facet normal 0.258833 0.965922 0
    outer loop
      vertex -27.8394 -97.0874 7.5
      vertex -24.4341 -97.9999 6
      vertex -27.8394 -97.0874 6
    endloop
  endfacet
  facet normal -0.258929 -0.965896 0
    outer loop
      vertex -28.9419 -100.932 -3.8147e-07
      vertex -25.4018 -101.881 6.89999
      vertex -28.9419 -100.932 6.89999
    endloop
  endfacet
  facet normal -0.258929 -0.965896 -0
    outer loop
      vertex -25.4018 -101.881 6.89999
      vertex -28.9419 -100.932 -3.8147e-07
      vertex -25.4018 -101.881 -3.8147e-07
    endloop
  endfacet
  facet normal -0.206925 -0.676658 0.706623
    outer loop
      vertex -28.9419 -100.932 6.89999
      vertex -28.7765 -100.356 7.5
      vertex -32.2614 -99.2903 7.5
    endloop
  endfacet
  facet normal -0.206681 -0.676312 0.707025
    outer loop
      vertex -28.9419 -100.932 6.89999
      vertex -32.2614 -99.2903 7.5
      vertex -32.4468 -99.8609 6.89999
    endloop
  endfacet
  facet normal 0.292369 0.956306 -0
    outer loop
      vertex -27.8394 -97.0874 6
      vertex -31.2107 -96.0567 7.5
      vertex -27.8394 -97.0874 7.5
    endloop
  endfacet
  facet normal 0.292369 0.956306 0
    outer loop
      vertex -31.2107 -96.0567 7.5
      vertex -27.8394 -97.0874 6
      vertex -31.2107 -96.0567 6
    endloop
  endfacet
  facet normal -0.292258 -0.956339 0
    outer loop
      vertex -32.4468 -99.8609 -3.8147e-07
      vertex -28.9419 -100.932 6.89999
      vertex -32.4468 -99.8609 6.89999
    endloop
  endfacet
  facet normal -0.292258 -0.956339 -0
    outer loop
      vertex -28.9419 -100.932 6.89999
      vertex -32.4468 -99.8609 -3.8147e-07
      vertex -28.9419 -100.932 -3.8147e-07
    endloop
  endfacet
  facet normal -0.230241 -0.668658 0.707026
    outer loop
      vertex -32.4468 -99.8609 6.89999
      vertex -32.2614 -99.2903 7.5
      vertex -35.7069 -98.1039 7.5
    endloop
  endfacet
  facet normal -0.230235 -0.668649 0.707036
    outer loop
      vertex -32.4468 -99.8609 6.89999
      vertex -35.7069 -98.1039 7.5
      vertex -35.9121 -98.6677 6.89999
    endloop
  endfacet
  facet normal 0.325556 0.945523 -0
    outer loop
      vertex -31.2107 -96.0567 6
      vertex -34.544 -94.909 7.5
      vertex -31.2107 -96.0567 7.5
    endloop
  endfacet
  facet normal 0.325556 0.945523 0
    outer loop
      vertex -34.544 -94.909 7.5
      vertex -31.2107 -96.0567 6
      vertex -34.544 -94.909 6
    endloop
  endfacet
  facet normal -0.325569 -0.945518 0
    outer loop
      vertex -35.9121 -98.6677 -3.8147e-07
      vertex -32.4468 -99.8609 6.89999
      vertex -35.9121 -98.6677 6.89999
    endloop
  endfacet
  facet normal -0.325569 -0.945518 -0
    outer loop
      vertex -32.4468 -99.8609 6.89999
      vertex -35.9121 -98.6677 -3.8147e-07
      vertex -32.4468 -99.8609 -3.8147e-07
    endloop
  endfacet
  facet normal -0.253429 -0.660208 0.707036
    outer loop
      vertex -35.9121 -98.6677 6.89999
      vertex -35.7069 -98.1039 7.5
      vertex -39.1089 -96.798 7.5
    endloop
  endfacet
  facet normal -0.25342 -0.660197 0.707049
    outer loop
      vertex -35.9121 -98.6677 6.89999
      vertex -39.1089 -96.798 7.5
      vertex -39.3337 -97.3543 6.89999
    endloop
  endfacet
  facet normal 0.358365 0.933582 -0
    outer loop
      vertex -34.544 -94.909 6
      vertex -37.8353 -93.6456 7.5
      vertex -34.544 -94.909 7.5
    endloop
  endfacet
  facet normal 0.358365 0.933582 0
    outer loop
      vertex -37.8353 -93.6456 7.5
      vertex -34.544 -94.909 6
      vertex -37.8353 -93.6456 6
    endloop
  endfacet
  facet normal -0.358361 -0.933583 0
    outer loop
      vertex -39.3337 -97.3543 -3.8147e-07
      vertex -35.9121 -98.6677 6.89999
      vertex -39.3337 -97.3543 6.89999
    endloop
  endfacet
  facet normal -0.358361 -0.933583 -0
    outer loop
      vertex -35.9121 -98.6677 6.89999
      vertex -39.3337 -97.3543 -3.8147e-07
      vertex -35.9121 -98.6677 -3.8147e-07
    endloop
  endfacet
  facet normal -0.276318 -0.650945 0.70705
    outer loop
      vertex -39.3337 -97.3543 6.89999
      vertex -39.1089 -96.798 7.5
      vertex -42.4633 -95.3741 7.5
    endloop
  endfacet
  facet normal -0.276299 -0.650923 0.707077
    outer loop
      vertex -39.3337 -97.3543 6.89999
      vertex -42.4633 -95.3741 7.5
      vertex -42.7073 -95.9223 6.89999
    endloop
  endfacet
  facet normal 0.39074 0.920501 -0
    outer loop
      vertex -37.8353 -93.6456 6
      vertex -41.0804 -92.2681 7.5
      vertex -37.8353 -93.6456 7.5
    endloop
  endfacet
  facet normal 0.39074 0.920501 0
    outer loop
      vertex -41.0804 -92.2681 7.5
      vertex -37.8353 -93.6456 6
      vertex -41.0804 -92.2681 6
    endloop
  endfacet
  facet normal -0.390729 -0.920506 0
    outer loop
      vertex -42.7073 -95.9223 -3.8147e-07
      vertex -39.3337 -97.3543 6.89999
      vertex -42.7073 -95.9223 6.89999
    endloop
  endfacet
  facet normal -0.390729 -0.920506 -0
    outer loop
      vertex -39.3337 -97.3543 6.89999
      vertex -42.7073 -95.9223 -3.8147e-07
      vertex -39.3337 -97.3543 -3.8147e-07
    endloop
  endfacet
  facet normal -0.298845 -0.640887 0.707075
    outer loop
      vertex -42.7073 -95.9223 6.89999
      vertex -42.4633 -95.3741 7.5
      vertex -45.7659 -93.8341 7.5
    endloop
  endfacet
  facet normal -0.298843 -0.640884 0.707079
    outer loop
      vertex -42.7073 -95.9223 6.89999
      vertex -45.7659 -93.8341 7.5
      vertex -46.029 -94.3734 6.89999
    endloop
  endfacet
  facet normal 0.422618 0.906308 -0
    outer loop
      vertex -41.0804 -92.2681 6
      vertex -44.2755 -90.7782 7.5
      vertex -41.0804 -92.2681 7.5
    endloop
  endfacet
  facet normal 0.422618 0.906308 0
    outer loop
      vertex -44.2755 -90.7782 7.5
      vertex -41.0804 -92.2681 6
      vertex -44.2755 -90.7782 6
    endloop
  endfacet
  facet normal -0.422611 -0.906311 0
    outer loop
      vertex -46.029 -94.3734 -3.8147e-07
      vertex -42.7073 -95.9223 6.89999
      vertex -46.029 -94.3734 6.89999
    endloop
  endfacet
  facet normal -0.422611 -0.906311 -0
    outer loop
      vertex -42.7073 -95.9223 6.89999
      vertex -46.029 -94.3734 -3.8147e-07
      vertex -42.7073 -95.9223 -3.8147e-07
    endloop
  endfacet
  facet normal -0.321035 -0.630059 0.70708
    outer loop
      vertex -46.029 -94.3734 6.89999
      vertex -45.7659 -93.8341 7.5
      vertex -49.0128 -92.1797 7.5
    endloop
  endfacet
  facet normal -0.321044 -0.630068 0.707068
    outer loop
      vertex -46.029 -94.3734 6.89999
      vertex -49.0128 -92.1797 7.5
      vertex -49.2945 -92.7095 6.89999
    endloop
  endfacet
  facet normal 0.453997 0.891003 -0
    outer loop
      vertex -44.2755 -90.7782 6
      vertex -47.4166 -89.1777 7.5
      vertex -44.2755 -90.7782 7.5
    endloop
  endfacet
  facet normal 0.453997 0.891003 0
    outer loop
      vertex -47.4166 -89.1777 7.5
      vertex -44.2755 -90.7782 6
      vertex -47.4166 -89.1777 6
    endloop
  endfacet
  facet normal -0.454 -0.891002 0
    outer loop
      vertex -49.2945 -92.7095 -3.8147e-07
      vertex -46.029 -94.3734 6.89999
      vertex -49.2945 -92.7095 6.89999
    endloop
  endfacet
  facet normal -0.454 -0.891002 -0
    outer loop
      vertex -46.029 -94.3734 6.89999
      vertex -49.2945 -92.7095 -3.8147e-07
      vertex -46.029 -94.3734 -3.8147e-07
    endloop
  endfacet
  facet normal -0.342832 -0.618483 0.707068
    outer loop
      vertex -49.2945 -92.7095 6.89999
      vertex -49.0128 -92.1797 7.5
      vertex -52.2 -90.413 7.5
    endloop
  endfacet
  facet normal -0.342814 -0.618467 0.707091
    outer loop
      vertex -49.2945 -92.7095 6.89999
      vertex -52.2 -90.413 7.5
      vertex -52.5 -90.9327 6.89999
    endloop
  endfacet
  facet normal 0.484797 0.874627 -0
    outer loop
      vertex -47.4166 -89.1777 6
      vertex -50.5 -87.4686 7.5
      vertex -47.4166 -89.1777 7.5
    endloop
  endfacet
  facet normal 0.484797 0.874627 0
    outer loop
      vertex -50.5 -87.4686 7.5
      vertex -47.4166 -89.1777 6
      vertex -50.5 -87.4686 6
    endloop
  endfacet
  facet normal -0.484802 -0.874624 0
    outer loop
      vertex -52.5 -90.9327 -3.8147e-07
      vertex -49.2945 -92.7095 6.89999
      vertex -52.5 -90.9327 6.89999
    endloop
  endfacet
  facet normal -0.484802 -0.874624 -0
    outer loop
      vertex -49.2945 -92.7095 6.89999
      vertex -52.5 -90.9327 -3.8147e-07
      vertex -49.2945 -92.7095 -3.8147e-07
    endloop
  endfacet
  facet normal -0.364189 -0.606127 0.70709
    outer loop
      vertex -52.5 -90.9327 6.89999
      vertex -52.2 -90.413 7.5
      vertex -55.3236 -88.5362 7.5
    endloop
  endfacet
  facet normal -0.364207 -0.606143 0.707067
    outer loop
      vertex -52.5 -90.9327 6.89999
      vertex -55.3236 -88.5362 7.5
      vertex -55.6415 -89.0451 6.89999
    endloop
  endfacet
  facet normal 0.515042 0.857165 -0
    outer loop
      vertex -50.5 -87.4686 6
      vertex -53.5218 -85.6529 7.5
      vertex -50.5 -87.4686 7.5
    endloop
  endfacet
  facet normal 0.515042 0.857165 0
    outer loop
      vertex -53.5218 -85.6529 7.5
      vertex -50.5 -87.4686 6
      vertex -53.5218 -85.6529 6
    endloop
  endfacet
  facet normal -0.515037 -0.857168 0
    outer loop
      vertex -55.6415 -89.0451 -3.8147e-07
      vertex -52.5 -90.9327 6.89999
      vertex -55.6415 -89.0451 6.89999
    endloop
  endfacet
  facet normal -0.515037 -0.857168 -0
    outer loop
      vertex -52.5 -90.9327 6.89999
      vertex -55.6415 -89.0451 -3.8147e-07
      vertex -52.5 -90.9327 -3.8147e-07
    endloop
  endfacet
  facet normal -0.385147 -0.59306 0.707066
    outer loop
      vertex -55.6415 -89.0451 6.89999
      vertex -55.3236 -88.5362 7.5
      vertex -58.3797 -86.5515 7.5
    endloop
  endfacet
  facet normal -0.385149 -0.593062 0.707063
    outer loop
      vertex -55.6415 -89.0451 6.89999
      vertex -58.3797 -86.5515 7.5
      vertex -58.7153 -87.0489 6.89999
    endloop
  endfacet
  facet normal 0.544638 0.838671 -0
    outer loop
      vertex -53.5218 -85.6529 6
      vertex -56.4785 -83.7328 7.5
      vertex -53.5218 -85.6529 7.5
    endloop
  endfacet
  facet normal 0.544638 0.838671 0
    outer loop
      vertex -56.4785 -83.7328 7.5
      vertex -53.5218 -85.6529 6
      vertex -56.4785 -83.7328 6
    endloop
  endfacet
  facet normal -0.544649 -0.838664 0
    outer loop
      vertex -58.7153 -87.0489 -3.8147e-07
      vertex -55.6415 -89.0451 6.89999
      vertex -58.7153 -87.0489 6.89999
    endloop
  endfacet
  facet normal -0.544649 -0.838664 -0
    outer loop
      vertex -55.6415 -89.0451 6.89999
      vertex -58.7153 -87.0489 -3.8147e-07
      vertex -55.6415 -89.0451 -3.8147e-07
    endloop
  endfacet
  facet normal -0.405592 -0.579271 0.707065
    outer loop
      vertex -58.7153 -87.0489 6.89999
      vertex -58.3797 -86.5515 7.5
      vertex -61.3648 -84.4614 7.5
    endloop
  endfacet
  facet normal -0.405603 -0.579279 0.707052
    outer loop
      vertex -58.7153 -87.0489 6.89999
      vertex -61.3648 -84.4614 7.5
      vertex -61.7175 -84.9468 6.89999
    endloop
  endfacet
  facet normal 0.573584 0.819147 -0
    outer loop
      vertex -56.4785 -83.7328 6
      vertex -59.3663 -81.7107 7.5
      vertex -56.4785 -83.7328 7.5
    endloop
  endfacet
  facet normal 0.573584 0.819147 0
    outer loop
      vertex -59.3663 -81.7107 7.5
      vertex -56.4785 -83.7328 6
      vertex -59.3663 -81.7107 6
    endloop
  endfacet
  facet normal -0.573565 -0.81916 0
    outer loop
      vertex -61.7175 -84.9468 -3.8147e-07
      vertex -58.7153 -87.0489 6.89999
      vertex -61.7175 -84.9468 6.89999
    endloop
  endfacet
  facet normal -0.573565 -0.81916 -0
    outer loop
      vertex -58.7153 -87.0489 6.89999
      vertex -61.7175 -84.9468 -3.8147e-07
      vertex -58.7153 -87.0489 -3.8147e-07
    endloop
  endfacet
  facet normal -0.425584 -0.564761 0.707052
    outer loop
      vertex -61.7175 -84.9468 6.89999
      vertex -61.3648 -84.4614 7.5
      vertex -64.2751 -82.2683 7.5
    endloop
  endfacet
  facet normal -0.42559 -0.564765 0.707045
    outer loop
      vertex -61.7175 -84.9468 6.89999
      vertex -64.2751 -82.2683 7.5
      vertex -64.6445 -82.7411 6.89999
    endloop
  endfacet
  facet normal 0.601809 0.79864 -0
    outer loop
      vertex -59.3663 -81.7107 6
      vertex -62.1818 -79.5891 7.5
      vertex -59.3663 -81.7107 7.5
    endloop
  endfacet
  facet normal 0.601809 0.79864 0
    outer loop
      vertex -62.1818 -79.5891 7.5
      vertex -59.3663 -81.7107 6
      vertex -62.1818 -79.5891 6
    endloop
  endfacet
  facet normal -0.601823 -0.798629 0
    outer loop
      vertex -64.6445 -82.7411 -3.8147e-07
      vertex -61.7175 -84.9468 6.89999
      vertex -64.6445 -82.7411 6.89999
    endloop
  endfacet
  facet normal -0.601823 -0.798629 -0
    outer loop
      vertex -61.7175 -84.9468 6.89999
      vertex -64.6445 -82.7411 -3.8147e-07
      vertex -61.7175 -84.9468 -3.8147e-07
    endloop
  endfacet
  facet normal -0.445044 -0.549566 0.707045
    outer loop
      vertex -64.6445 -82.7411 6.89999
      vertex -64.2751 -82.2683 7.5
      vertex -67.107 -79.975 7.5
    endloop
  endfacet
  facet normal -0.445004 -0.54954 0.707091
    outer loop
      vertex -64.6445 -82.7411 6.89999
      vertex -67.107 -79.975 7.5
      vertex -67.4927 -80.4347 6.89999
    endloop
  endfacet
  facet normal 0.629326 0.777141 -0
    outer loop
      vertex -62.1818 -79.5891 6
      vertex -64.9215 -77.3705 7.5
      vertex -62.1818 -79.5891 7.5
    endloop
  endfacet
  facet normal 0.629326 0.777141 0
    outer loop
      vertex -64.9215 -77.3705 7.5
      vertex -62.1818 -79.5891 6
      vertex -64.9215 -77.3705 6
    endloop
  endfacet
  facet normal -0.629316 -0.77715 0
    outer loop
      vertex -67.4927 -80.4347 -3.8147e-07
      vertex -64.6445 -82.7411 6.89999
      vertex -67.4927 -80.4347 6.89999
    endloop
  endfacet
  facet normal -0.629316 -0.77715 -0
    outer loop
      vertex -64.6445 -82.7411 6.89999
      vertex -67.4927 -80.4347 -3.8147e-07
      vertex -64.6445 -82.7411 -3.8147e-07
    endloop
  endfacet
  facet normal -0.463913 -0.533674 0.70709
    outer loop
      vertex -67.4927 -80.4347 6.89999
      vertex -67.107 -79.975 7.5
      vertex -69.8572 -77.5843 7.5
    endloop
  endfacet
  facet normal -0.463939 -0.53369 0.707061
    outer loop
      vertex -67.4927 -80.4347 6.89999
      vertex -69.8572 -77.5843 7.5
      vertex -70.2587 -78.0302 6.89999
    endloop
  endfacet
  facet normal 0.656057 0.754711 -0
    outer loop
      vertex -64.9215 -77.3705 6
      vertex -67.5822 -75.0576 7.5
      vertex -64.9215 -77.3705 7.5
    endloop
  endfacet
  facet normal 0.656057 0.754711 0
    outer loop
      vertex -67.5822 -75.0576 7.5
      vertex -64.9215 -77.3705 6
      vertex -67.5822 -75.0576 6
    endloop
  endfacet
  facet normal -0.656067 -0.754702 0
    outer loop
      vertex -70.2587 -78.0302 -3.8147e-07
      vertex -67.4927 -80.4347 6.89999
      vertex -70.2587 -78.0302 6.89999
    endloop
  endfacet
  facet normal -0.656067 -0.754702 -0
    outer loop
      vertex -67.4927 -80.4347 6.89999
      vertex -70.2587 -78.0302 -3.8147e-07
      vertex -67.4927 -80.4347 -3.8147e-07
    endloop
  endfacet
  facet normal -0.482272 -0.517183 0.707061
    outer loop
      vertex -70.2587 -78.0302 6.89999
      vertex -69.8572 -77.5843 7.5
      vertex -72.5223 -75.0991 7.5
    endloop
  endfacet
  facet normal -0.482285 -0.51719 0.707047
    outer loop
      vertex -70.2587 -78.0302 6.89999
      vertex -72.5223 -75.0991 7.5
      vertex -72.9391 -75.5307 6.89999
    endloop
  endfacet
  facet normal 0.681998 0.731354 -0
    outer loop
      vertex -67.5822 -75.0576 6
      vertex -70.1605 -72.6533 7.5
      vertex -67.5822 -75.0576 7.5
    endloop
  endfacet
  facet normal 0.681998 0.731354 0
    outer loop
      vertex -70.1605 -72.6533 7.5
      vertex -67.5822 -75.0576 6
      vertex -70.1605 -72.6533 6
    endloop
  endfacet
  facet normal -0.681996 -0.731356 0
    outer loop
      vertex -72.9391 -75.5307 -3.8147e-07
      vertex -70.2587 -78.0302 6.89999
      vertex -72.9391 -75.5307 6.89999
    endloop
  endfacet
  facet normal -0.681996 -0.731356 -0
    outer loop
      vertex -70.2587 -78.0302 6.89999
      vertex -72.9391 -75.5307 -3.8147e-07
      vertex -70.2587 -78.0302 -3.8147e-07
    endloop
  endfacet
  facet normal -0.500042 -0.500042 0.707047
    outer loop
      vertex -75.0991 -72.5223 7.5
      vertex -72.9391 -75.5307 6.89999
      vertex -72.5223 -75.0991 7.5
    endloop
  endfacet
  facet normal -0.500042 -0.500042 0.707047
    outer loop
      vertex -72.9391 -75.5307 6.89999
      vertex -75.0991 -72.5223 7.5
      vertex -75.5307 -72.9391 6.89999
    endloop
  endfacet
  facet normal 0.707107 0.707107 0
    outer loop
      vertex -70.1605 -72.6533 7.5
      vertex -72.6533 -70.1605 6
      vertex -72.6533 -70.1605 7.5
    endloop
  endfacet
  facet normal 0.707107 0.707107 0
    outer loop
      vertex -72.6533 -70.1605 6
      vertex -70.1605 -72.6533 7.5
      vertex -70.1605 -72.6533 6
    endloop
  endfacet
  facet normal -0.707107 -0.707107 0
    outer loop
      vertex -72.9391 -75.5307 -3.8147e-07
      vertex -75.5307 -72.9391 6.89999
      vertex -75.5307 -72.9391 -3.8147e-07
    endloop
  endfacet
  facet normal -0.707107 -0.707107 0
    outer loop
      vertex -75.5307 -72.9391 6.89999
      vertex -72.9391 -75.5307 -3.8147e-07
      vertex -72.9391 -75.5307 6.89999
    endloop
  endfacet
  facet normal -0.517193 -0.482281 0.707047
    outer loop
      vertex -75.5307 -72.9391 6.89999
      vertex -75.0991 -72.5223 7.5
      vertex -77.5843 -69.8572 7.5
    endloop
  endfacet
  facet normal -0.51718 -0.482275 0.707061
    outer loop
      vertex -75.5307 -72.9391 6.89999
      vertex -77.5843 -69.8572 7.5
      vertex -78.0302 -70.2587 6.89999
    endloop
  endfacet
  facet normal 0.731354 0.681998 0
    outer loop
      vertex -72.6533 -70.1605 7.5
      vertex -75.0576 -67.5822 6
      vertex -75.0576 -67.5822 7.5
    endloop
  endfacet
  facet normal 0.731354 0.681998 0
    outer loop
      vertex -75.0576 -67.5822 6
      vertex -72.6533 -70.1605 7.5
      vertex -72.6533 -70.1605 6
    endloop
  endfacet
  facet normal -0.731356 -0.681996 0
    outer loop
      vertex -75.5307 -72.9391 -3.8147e-07
      vertex -78.0302 -70.2587 6.89999
      vertex -78.0302 -70.2587 -3.8147e-07
    endloop
  endfacet
  facet normal -0.731356 -0.681996 0
    outer loop
      vertex -78.0302 -70.2587 6.89999
      vertex -75.5307 -72.9391 -3.8147e-07
      vertex -75.5307 -72.9391 6.89999
    endloop
  endfacet
  facet normal -0.533696 -0.463932 0.707061
    outer loop
      vertex -78.0302 -70.2587 6.89999
      vertex -77.5843 -69.8572 7.5
      vertex -79.975 -67.107 7.5
    endloop
  endfacet
  facet normal -0.533668 -0.46392 0.70709
    outer loop
      vertex -78.0302 -70.2587 6.89999
      vertex -79.975 -67.107 7.5
      vertex -80.4347 -67.4927 6.89999
    endloop
  endfacet
  facet normal 0.754711 0.656057 0
    outer loop
      vertex -75.0576 -67.5822 7.5
      vertex -77.3705 -64.9215 6
      vertex -77.3705 -64.9215 7.5
    endloop
  endfacet
  facet normal 0.754711 0.656057 0
    outer loop
      vertex -77.3705 -64.9215 6
      vertex -75.0576 -67.5822 7.5
      vertex -75.0576 -67.5822 6
    endloop
  endfacet
  facet normal -0.754702 -0.656067 0
    outer loop
      vertex -78.0302 -70.2587 -3.8147e-07
      vertex -80.4347 -67.4927 6.89999
      vertex -80.4347 -67.4927 -3.8147e-07
    endloop
  endfacet
  facet normal -0.754702 -0.656067 0
    outer loop
      vertex -80.4347 -67.4927 6.89999
      vertex -78.0302 -70.2587 -3.8147e-07
      vertex -78.0302 -70.2587 6.89999
    endloop
  endfacet
  facet normal -0.549531 -0.445015 0.707091
    outer loop
      vertex -80.4347 -67.4927 6.89999
      vertex -79.975 -67.107 7.5
      vertex -82.2683 -64.2751 7.5
    endloop
  endfacet
  facet normal -0.549576 -0.445032 0.707045
    outer loop
      vertex -80.4347 -67.4927 6.89999
      vertex -82.2683 -64.2751 7.5
      vertex -82.7411 -64.6445 6.89999
    endloop
  endfacet
  facet normal 0.777141 0.629326 0
    outer loop
      vertex -77.3705 -64.9215 7.5
      vertex -79.5891 -62.1818 6
      vertex -79.5891 -62.1818 7.5
    endloop
  endfacet
  facet normal 0.777141 0.629326 0
    outer loop
      vertex -79.5891 -62.1818 6
      vertex -77.3705 -64.9215 7.5
      vertex -77.3705 -64.9215 6
    endloop
  endfacet
  facet normal -0.77715 -0.629316 0
    outer loop
      vertex -80.4347 -67.4927 -3.8147e-07
      vertex -82.7411 -64.6445 6.89999
      vertex -82.7411 -64.6445 -3.8147e-07
    endloop
  endfacet
  facet normal -0.77715 -0.629316 0
    outer loop
      vertex -82.7411 -64.6445 6.89999
      vertex -80.4347 -67.4927 -3.8147e-07
      vertex -80.4347 -67.4927 6.89999
    endloop
  endfacet
  facet normal -0.564767 -0.425588 0.707045
    outer loop
      vertex -82.7411 -64.6445 6.89999
      vertex -82.2683 -64.2751 7.5
      vertex -84.4614 -61.3648 7.5
    endloop
  endfacet
  facet normal -0.56476 -0.425586 0.707052
    outer loop
      vertex -82.7411 -64.6445 6.89999
      vertex -84.4614 -61.3648 7.5
      vertex -84.9468 -61.7175 6.89999
    endloop
  endfacet
  facet normal 0.79864 0.601809 0
    outer loop
      vertex -79.5891 -62.1818 7.5
      vertex -81.7107 -59.3663 6
      vertex -81.7107 -59.3663 7.5
    endloop
  endfacet
  facet normal 0.79864 0.601809 0
    outer loop
      vertex -81.7107 -59.3663 6
      vertex -79.5891 -62.1818 7.5
      vertex -79.5891 -62.1818 6
    endloop
  endfacet
  facet normal -0.798629 -0.601823 0
    outer loop
      vertex -82.7411 -64.6445 -3.8147e-07
      vertex -84.9468 -61.7175 6.89999
      vertex -84.9468 -61.7175 -3.8147e-07
    endloop
  endfacet
  facet normal -0.798629 -0.601823 0
    outer loop
      vertex -84.9468 -61.7175 6.89999
      vertex -82.7411 -64.6445 -3.8147e-07
      vertex -82.7411 -64.6445 6.89999
    endloop
  endfacet
  facet normal -0.579281 -0.4056 0.707052
    outer loop
      vertex -84.9468 -61.7175 6.89999
      vertex -84.4614 -61.3648 7.5
      vertex -86.5515 -58.3797 7.5
    endloop
  endfacet
  facet normal -0.579268 -0.405596 0.707065
    outer loop
      vertex -84.9468 -61.7175 6.89999
      vertex -86.5515 -58.3797 7.5
      vertex -87.0489 -58.7153 6.89999
    endloop
  endfacet
  facet normal 0.819147 0.573584 0
    outer loop
      vertex -81.7107 -59.3663 7.5
      vertex -83.7328 -56.4785 6
      vertex -83.7328 -56.4785 7.5
    endloop
  endfacet
  facet normal 0.819147 0.573584 0
    outer loop
      vertex -83.7328 -56.4785 6
      vertex -81.7107 -59.3663 7.5
      vertex -81.7107 -59.3663 6
    endloop
  endfacet
  facet normal -0.81916 -0.573565 0
    outer loop
      vertex -84.9468 -61.7175 -3.8147e-07
      vertex -87.0489 -58.7153 6.89999
      vertex -87.0489 -58.7153 -3.8147e-07
    endloop
  endfacet
  facet normal -0.81916 -0.573565 0
    outer loop
      vertex -87.0489 -58.7153 6.89999
      vertex -84.9468 -61.7175 -3.8147e-07
      vertex -84.9468 -61.7175 6.89999
    endloop
  endfacet
  facet normal -0.593062 -0.385148 0.707063
    outer loop
      vertex -87.0489 -58.7153 6.89999
      vertex -86.5515 -58.3797 7.5
      vertex -88.5362 -55.3236 7.5
    endloop
  endfacet
  facet normal -0.59306 -0.385147 0.707066
    outer loop
      vertex -87.0489 -58.7153 6.89999
      vertex -88.5362 -55.3236 7.5
      vertex -89.0451 -55.6415 6.89999
    endloop
  endfacet
  facet normal 0.838671 0.544638 0
    outer loop
      vertex -83.7328 -56.4785 7.5
      vertex -85.6529 -53.5218 6
      vertex -85.6529 -53.5218 7.5
    endloop
  endfacet
  facet normal 0.838671 0.544638 0
    outer loop
      vertex -85.6529 -53.5218 6
      vertex -83.7328 -56.4785 7.5
      vertex -83.7328 -56.4785 6
    endloop
  endfacet
  facet normal -0.838664 -0.544649 0
    outer loop
      vertex -87.0489 -58.7153 -3.8147e-07
      vertex -89.0451 -55.6415 6.89999
      vertex -89.0451 -55.6415 -3.8147e-07
    endloop
  endfacet
  facet normal -0.838664 -0.544649 0
    outer loop
      vertex -89.0451 -55.6415 6.89999
      vertex -87.0489 -58.7153 -3.8147e-07
      vertex -87.0489 -58.7153 6.89999
    endloop
  endfacet
  facet normal -0.606147 -0.3642 0.707067
    outer loop
      vertex -89.0451 -55.6415 6.89999
      vertex -88.5362 -55.3236 7.5
      vertex -90.413 -52.2 7.5
    endloop
  endfacet
  facet normal -0.606124 -0.364195 0.70709
    outer loop
      vertex -89.0451 -55.6415 6.89999
      vertex -90.413 -52.2 7.5
      vertex -90.9327 -52.5 6.89999
    endloop
  endfacet
  facet normal 0.857165 0.515042 0
    outer loop
      vertex -85.6529 -53.5218 7.5
      vertex -87.4686 -50.5 6
      vertex -87.4686 -50.5 7.5
    endloop
  endfacet
  facet normal 0.857165 0.515042 0
    outer loop
      vertex -87.4686 -50.5 6
      vertex -85.6529 -53.5218 7.5
      vertex -85.6529 -53.5218 6
    endloop
  endfacet
  facet normal -0.857168 -0.515037 0
    outer loop
      vertex -89.0451 -55.6415 -3.8147e-07
      vertex -90.9327 -52.5 6.89999
      vertex -90.9327 -52.5 -3.8147e-07
    endloop
  endfacet
  facet normal -0.857168 -0.515037 0
    outer loop
      vertex -90.9327 -52.5 6.89999
      vertex -89.0451 -55.6415 -3.8147e-07
      vertex -89.0451 -55.6415 6.89999
    endloop
  endfacet
  facet normal -0.618463 -0.342821 0.707091
    outer loop
      vertex -90.9327 -52.5 6.89999
      vertex -90.413 -52.2 7.5
      vertex -92.1797 -49.0128 7.5
    endloop
  endfacet
  facet normal -0.618486 -0.342825 0.707068
    outer loop
      vertex -90.9327 -52.5 6.89999
      vertex -92.1797 -49.0128 7.5
      vertex -92.7095 -49.2945 6.89999
    endloop
  endfacet
  facet normal 0.874627 0.484797 0
    outer loop
      vertex -87.4686 -50.5 7.5
      vertex -89.1777 -47.4166 6
      vertex -89.1777 -47.4166 7.5
    endloop
  endfacet
  facet normal 0.874627 0.484797 0
    outer loop
      vertex -89.1777 -47.4166 6
      vertex -87.4686 -50.5 7.5
      vertex -87.4686 -50.5 6
    endloop
  endfacet
  facet normal -0.874624 -0.484802 0
    outer loop
      vertex -90.9327 -52.5 -3.8147e-07
      vertex -92.7095 -49.2945 6.89999
      vertex -92.7095 -49.2945 -3.8147e-07
    endloop
  endfacet
  facet normal -0.874624 -0.484802 0
    outer loop
      vertex -92.7095 -49.2945 6.89999
      vertex -90.9327 -52.5 -3.8147e-07
      vertex -90.9327 -52.5 6.89999
    endloop
  endfacet
  facet normal -0.630069 -0.321041 0.707068
    outer loop
      vertex -92.7095 -49.2945 6.89999
      vertex -92.1797 -49.0128 7.5
      vertex -93.8341 -45.7659 7.5
    endloop
  endfacet
  facet normal -0.630057 -0.321039 0.70708
    outer loop
      vertex -92.7095 -49.2945 6.89999
      vertex -93.8341 -45.7659 7.5
      vertex -94.3734 -46.029 6.89999
    endloop
  endfacet
  facet normal 0.891003 0.453997 0
    outer loop
      vertex -89.1777 -47.4166 7.5
      vertex -90.7782 -44.2755 6
      vertex -90.7782 -44.2755 7.5
    endloop
  endfacet
  facet normal 0.891003 0.453997 0
    outer loop
      vertex -90.7782 -44.2755 6
      vertex -89.1777 -47.4166 7.5
      vertex -89.1777 -47.4166 6
    endloop
  endfacet
  facet normal -0.891002 -0.454 0
    outer loop
      vertex -92.7095 -49.2945 -3.8147e-07
      vertex -94.3734 -46.029 6.89999
      vertex -94.3734 -46.029 -3.8147e-07
    endloop
  endfacet
  facet normal -0.891002 -0.454 0
    outer loop
      vertex -94.3734 -46.029 6.89999
      vertex -92.7095 -49.2945 -3.8147e-07
      vertex -92.7095 -49.2945 6.89999
    endloop
  endfacet
  facet normal -0.640884 -0.298844 0.707079
    outer loop
      vertex -94.3734 -46.029 6.89999
      vertex -93.8341 -45.7659 7.5
      vertex -95.3741 -42.4633 7.5
    endloop
  endfacet
  facet normal -0.640887 -0.298844 0.707075
    outer loop
      vertex -94.3734 -46.029 6.89999
      vertex -95.3741 -42.4633 7.5
      vertex -95.9223 -42.7073 6.89999
    endloop
  endfacet
  facet normal 0.906308 0.422618 0
    outer loop
      vertex -90.7782 -44.2755 7.5
      vertex -92.2681 -41.0804 6
      vertex -92.2681 -41.0804 7.5
    endloop
  endfacet
  facet normal 0.906308 0.422618 0
    outer loop
      vertex -92.2681 -41.0804 6
      vertex -90.7782 -44.2755 7.5
      vertex -90.7782 -44.2755 6
    endloop
  endfacet
  facet normal -0.906311 -0.422611 0
    outer loop
      vertex -94.3734 -46.029 -3.8147e-07
      vertex -95.9223 -42.7073 6.89999
      vertex -95.9223 -42.7073 -3.8147e-07
    endloop
  endfacet
  facet normal -0.906311 -0.422611 0
    outer loop
      vertex -95.9223 -42.7073 6.89999
      vertex -94.3734 -46.029 -3.8147e-07
      vertex -94.3734 -46.029 6.89999
    endloop
  endfacet
  facet normal -0.65092 -0.276307 0.707077
    outer loop
      vertex -95.9223 -42.7073 6.89999
      vertex -95.3741 -42.4633 7.5
      vertex -96.798 -39.1089 7.5
    endloop
  endfacet
  facet normal -0.650948 -0.27631 0.70705
    outer loop
      vertex -95.9223 -42.7073 6.89999
      vertex -96.798 -39.1089 7.5
      vertex -97.3543 -39.3337 6.89999
    endloop
  endfacet
  facet normal 0.920501 0.39074 0
    outer loop
      vertex -92.2681 -41.0804 7.5
      vertex -93.6456 -37.8353 6
      vertex -93.6456 -37.8353 7.5
    endloop
  endfacet
  facet normal 0.920501 0.39074 0
    outer loop
      vertex -93.6456 -37.8353 6
      vertex -92.2681 -41.0804 7.5
      vertex -92.2681 -41.0804 6
    endloop
  endfacet
  facet normal -0.920506 -0.390729 0
    outer loop
      vertex -95.9223 -42.7073 -3.8147e-07
      vertex -97.3543 -39.3337 6.89999
      vertex -97.3543 -39.3337 -3.8147e-07
    endloop
  endfacet
  facet normal -0.920506 -0.390729 0
    outer loop
      vertex -97.3543 -39.3337 6.89999
      vertex -95.9223 -42.7073 -3.8147e-07
      vertex -95.9223 -42.7073 6.89999
    endloop
  endfacet
  facet normal -0.660195 -0.253424 0.707049
    outer loop
      vertex -97.3543 -39.3337 6.89999
      vertex -96.798 -39.1089 7.5
      vertex -98.1039 -35.7069 7.5
    endloop
  endfacet
  facet normal -0.660209 -0.253425 0.707036
    outer loop
      vertex -97.3543 -39.3337 6.89999
      vertex -98.1039 -35.7069 7.5
      vertex -98.6677 -35.9121 6.89999
    endloop
  endfacet
  facet normal 0.933582 0.358365 0
    outer loop
      vertex -93.6456 -37.8353 7.5
      vertex -94.909 -34.544 6
      vertex -94.909 -34.544 7.5
    endloop
  endfacet
  facet normal 0.933582 0.358365 0
    outer loop
      vertex -94.909 -34.544 6
      vertex -93.6456 -37.8353 7.5
      vertex -93.6456 -37.8353 6
    endloop
  endfacet
  facet normal -0.933583 -0.358361 0
    outer loop
      vertex -97.3543 -39.3337 -3.8147e-07
      vertex -98.6677 -35.9121 6.89999
      vertex -98.6677 -35.9121 -3.8147e-07
    endloop
  endfacet
  facet normal -0.933583 -0.358361 0
    outer loop
      vertex -98.6677 -35.9121 6.89999
      vertex -97.3543 -39.3337 -3.8147e-07
      vertex -97.3543 -39.3337 6.89999
    endloop
  endfacet
  facet normal -0.668648 -0.230238 0.707036
    outer loop
      vertex -98.6677 -35.9121 6.89999
      vertex -98.1039 -35.7069 7.5
      vertex -99.2903 -32.2614 7.5
    endloop
  endfacet
  facet normal -0.668659 -0.230238 0.707026
    outer loop
      vertex -98.6677 -35.9121 6.89999
      vertex -99.2903 -32.2614 7.5
      vertex -99.8609 -32.4468 6.89999
    endloop
  endfacet
  facet normal 0.945523 0.325556 0
    outer loop
      vertex -94.909 -34.544 7.5
      vertex -96.0567 -31.2107 6
      vertex -96.0567 -31.2107 7.5
    endloop
  endfacet
  facet normal 0.945523 0.325556 0
    outer loop
      vertex -96.0567 -31.2107 6
      vertex -94.909 -34.544 7.5
      vertex -94.909 -34.544 6
    endloop
  endfacet
  facet normal -0.945518 -0.325569 0
    outer loop
      vertex -98.6677 -35.9121 -3.8147e-07
      vertex -99.8609 -32.4468 6.89999
      vertex -99.8609 -32.4468 -3.8147e-07
    endloop
  endfacet
  facet normal -0.945518 -0.325569 0
    outer loop
      vertex -99.8609 -32.4468 6.89999
      vertex -98.6677 -35.9121 -3.8147e-07
      vertex -98.6677 -35.9121 6.89999
    endloop
  endfacet
  facet normal -0.676272 -0.206807 0.707027
    outer loop
      vertex -99.8609 -32.4468 6.89999
      vertex -99.2903 -32.2614 7.5
      vertex -100.356 -28.7765 7.5
    endloop
  endfacet
  facet normal -0.676696 -0.206799 0.706624
    outer loop
      vertex -99.8609 -32.4468 6.89999
      vertex -100.356 -28.7765 7.5
      vertex -100.932 -28.9419 6.89999
    endloop
  endfacet
  facet normal 0.956306 0.292369 0
    outer loop
      vertex -96.0567 -31.2107 7.5
      vertex -97.0874 -27.8394 6
      vertex -97.0874 -27.8394 7.5
    endloop
  endfacet
  facet normal 0.956306 0.292369 0
    outer loop
      vertex -97.0874 -27.8394 6
      vertex -96.0567 -31.2107 7.5
      vertex -96.0567 -31.2107 6
    endloop
  endfacet
  facet normal -0.956339 -0.292258 0
    outer loop
      vertex -99.8609 -32.4468 -3.8147e-07
      vertex -100.932 -28.9419 6.89999
      vertex -100.932 -28.9419 -3.8147e-07
    endloop
  endfacet
  facet normal -0.956339 -0.292258 0
    outer loop
      vertex -100.932 -28.9419 6.89999
      vertex -99.8609 -32.4468 -3.8147e-07
      vertex -99.8609 -32.4468 6.89999
    endloop
  endfacet
  facet normal -0.683492 -0.183111 0.706618
    outer loop
      vertex -100.932 -28.9419 6.89999
      vertex -100.356 -28.7765 7.5
      vertex -101.299 -25.2566 7.5
    endloop
  endfacet
  facet normal -0.683141 -0.183131 0.706952
    outer loop
      vertex -100.932 -28.9419 6.89999
      vertex -101.299 -25.2566 7.5
      vertex -101.881 -25.4018 6.89999
    endloop
  endfacet
  facet normal 0.965922 0.258833 0
    outer loop
      vertex -97.0874 -27.8394 7.5
      vertex -97.9999 -24.4341 6
      vertex -97.9999 -24.4341 7.5
    endloop
  endfacet
  facet normal 0.965922 0.258833 0
    outer loop
      vertex -97.9999 -24.4341 6
      vertex -97.0874 -27.8394 7.5
      vertex -97.0874 -27.8394 6
    endloop
  endfacet
  facet normal -0.965896 -0.258929 0
    outer loop
      vertex -100.932 -28.9419 -3.8147e-07
      vertex -101.881 -25.4018 6.89999
      vertex -101.881 -25.4018 -3.8147e-07
    endloop
  endfacet
  facet normal -0.965896 -0.258929 0
    outer loop
      vertex -101.881 -25.4018 6.89999
      vertex -100.932 -28.9419 -3.8147e-07
      vertex -100.932 -28.9419 6.89999
    endloop
  endfacet
  facet normal -0.689123 -0.159151 0.706952
    outer loop
      vertex -101.881 -25.4018 6.89999
      vertex -101.299 -25.2566 7.5
      vertex -102.119 -21.706 7.5
    endloop
  endfacet
  facet normal -0.689564 -0.159111 0.706531
    outer loop
      vertex -101.881 -25.4018 6.89999
      vertex -102.119 -21.706 7.5
      vertex -102.705 -21.8307 6.89999
    endloop
  endfacet
  facet normal 0.974372 0.224942 0
    outer loop
      vertex -97.9999 -24.4341 7.5
      vertex -98.7929 -20.9991 6
      vertex -98.7929 -20.9991 7.5
    endloop
  endfacet
  facet normal 0.974372 0.224942 0
    outer loop
      vertex -98.7929 -20.9991 6
      vertex -97.9999 -24.4341 7.5
      vertex -97.9999 -24.4341 6
    endloop
  endfacet
  facet normal -0.974397 -0.224834 0
    outer loop
      vertex -101.881 -25.4018 -3.8147e-07
      vertex -102.705 -21.8307 6.89999
      vertex -102.705 -21.8307 -3.8147e-07
    endloop
  endfacet
  facet normal -0.974397 -0.224834 0
    outer loop
      vertex -102.705 -21.8307 6.89999
      vertex -101.881 -25.4018 -3.8147e-07
      vertex -101.881 -25.4018 6.89999
    endloop
  endfacet
  facet normal -0.694696 -0.134973 0.706527
    outer loop
      vertex -102.705 -21.8307 6.89999
      vertex -102.119 -21.706 7.5
      vertex -102.814 -18.1289 7.5
    endloop
  endfacet
  facet normal -0.694083 -0.135051 0.707114
    outer loop
      vertex -102.705 -21.8307 6.89999
      vertex -102.814 -18.1289 7.5
      vertex -103.405 -18.2331 6.89999
    endloop
  endfacet
  facet normal 0.981626 0.190817 0
    outer loop
      vertex -98.7929 -20.9991 7.5
      vertex -99.4656 -17.5385 6
      vertex -99.4656 -17.5385 7.5
    endloop
  endfacet
  facet normal 0.981626 0.190817 0
    outer loop
      vertex -99.4656 -17.5385 6
      vertex -98.7929 -20.9991 7.5
      vertex -98.7929 -20.9991 6
    endloop
  endfacet
  facet normal -0.981592 -0.190992 0
    outer loop
      vertex -102.705 -21.8307 -3.8147e-07
      vertex -103.405 -18.2331 6.89999
      vertex -103.405 -18.2331 -3.8147e-07
    endloop
  endfacet
  facet normal -0.981592 -0.190992 0
    outer loop
      vertex -103.405 -18.2331 6.89999
      vertex -102.705 -21.8307 -3.8147e-07
      vertex -102.705 -21.8307 6.89999
    endloop
  endfacet
  facet normal -0.698395 -0.110604 0.707115
    outer loop
      vertex -102.814 -18.1289 7.5
      vertex -103.384 -14.5297 7.5
      vertex -103.405 -18.2331 6.89999
    endloop
  endfacet
  facet normal -0.698562 -0.110577 0.706954
    outer loop
      vertex -103.405 -18.2331 6.89999
      vertex -103.384 -14.5297 7.5
      vertex -103.978 -14.6132 6.89999
    endloop
  endfacet
  facet normal 0.987692 0.156408 0
    outer loop
      vertex -99.4656 -17.5385 7.5
      vertex -100.017 -14.0565 6
      vertex -100.017 -14.0565 7.5
    endloop
  endfacet
  facet normal 0.987692 0.156408 0
    outer loop
      vertex -100.017 -14.0565 6
      vertex -99.4656 -17.5385 7.5
      vertex -99.4656 -17.5385 6
    endloop
  endfacet
  facet normal -0.987702 -0.156345 0
    outer loop
      vertex -103.405 -18.2331 -3.8147e-07
      vertex -103.978 -14.6132 6.89999
      vertex -103.978 -14.6132 -3.8147e-07
    endloop
  endfacet
  facet normal -0.987702 -0.156345 0
    outer loop
      vertex -103.978 -14.6132 6.89999
      vertex -103.405 -18.2331 -3.8147e-07
      vertex -103.405 -18.2331 6.89999
    endloop
  endfacet
  facet normal -0.701992 -0.0861744 0.706952
    outer loop
      vertex -103.384 -14.5297 7.5
      vertex -103.828 -10.9128 7.5
      vertex -103.978 -14.6132 6.89999
    endloop
  endfacet
  facet normal -0.701723 -0.0862276 0.707213
    outer loop
      vertex -103.978 -14.6132 6.89999
      vertex -103.828 -10.9128 7.5
      vertex -104.425 -10.9755 6.89999
    endloop
  endfacet
  facet normal 0.992534 0.121971 0
    outer loop
      vertex -100.017 -14.0565 7.5
      vertex -100.447 -10.5574 6
      vertex -100.447 -10.5574 7.5
    endloop
  endfacet
  facet normal 0.992534 0.121971 0
    outer loop
      vertex -100.447 -10.5574 6
      vertex -100.017 -14.0565 7.5
      vertex -100.017 -14.0565 6
    endloop
  endfacet
  facet normal -0.992535 -0.121963 0
    outer loop
      vertex -103.978 -14.6132 -3.8147e-07
      vertex -104.425 -10.9755 6.89999
      vertex -104.425 -10.9755 -3.8147e-07
    endloop
  endfacet
  facet normal -0.992535 -0.121963 0
    outer loop
      vertex -104.425 -10.9755 6.89999
      vertex -103.978 -14.6132 -3.8147e-07
      vertex -103.978 -14.6132 6.89999
    endloop
  endfacet
  facet normal -0.704301 -0.0616952 0.707215
    outer loop
      vertex -103.828 -10.9128 7.5
      vertex -104.146 -7.28257 7.5
      vertex -104.425 -10.9755 6.89999
    endloop
  endfacet
  facet normal -0.704797 -0.0615792 0.706732
    outer loop
      vertex -104.425 -10.9755 6.89999
      vertex -104.146 -7.28257 7.5
      vertex -104.744 -7.32443 6.89999
    endloop
  endfacet
  facet normal 0.996201 0.0870825 0
    outer loop
      vertex -100.447 -10.5574 7.5
      vertex -100.754 -7.0454 6
      vertex -100.754 -7.0454 7.5
    endloop
  endfacet
  facet normal 0.996201 0.0870825 0
    outer loop
      vertex -100.754 -7.0454 6
      vertex -100.447 -10.5574 7.5
      vertex -100.447 -10.5574 6
    endloop
  endfacet
  facet normal -0.996205 -0.0870401 0
    outer loop
      vertex -104.425 -10.9755 -3.8147e-07
      vertex -104.744 -7.32443 6.89999
      vertex -104.744 -7.32443 -3.8147e-07
    endloop
  endfacet
  facet normal -0.996205 -0.0870401 0
    outer loop
      vertex -104.744 -7.32443 6.89999
      vertex -104.425 -10.9755 -3.8147e-07
      vertex -104.425 -10.9755 6.89999
    endloop
  endfacet
  facet normal -0.706522 -0.0368884 0.706729
    outer loop
      vertex -104.146 -7.28257 7.5
      vertex -104.336 -3.64351 7.5
      vertex -104.744 -7.32443 6.89999
    endloop
  endfacet
  facet normal -0.705981 -0.0370353 0.707262
    outer loop
      vertex -104.744 -7.32443 6.89999
      vertex -104.336 -3.64351 7.5
      vertex -104.936 -3.66445 6.89999
    endloop
  endfacet
  facet normal 0.998637 0.0521933 0
    outer loop
      vertex -100.754 -7.0454 7.5
      vertex -100.938 -3.52485 6
      vertex -100.938 -3.52485 7.5
    endloop
  endfacet
  facet normal 0.998637 0.0521933 0
    outer loop
      vertex -100.938 -3.52485 6
      vertex -100.754 -7.0454 7.5
      vertex -100.754 -7.0454 6
    endloop
  endfacet
  facet normal -0.998627 -0.0523873 0
    outer loop
      vertex -104.744 -7.32443 -3.8147e-07
      vertex -104.936 -3.66445 6.89999
      vertex -104.936 -3.66445 -3.8147e-07
    endloop
  endfacet
  facet normal -0.998627 -0.0523873 0
    outer loop
      vertex -104.936 -3.66445 6.89999
      vertex -104.744 -7.32443 -3.8147e-07
      vertex -104.744 -7.32443 6.89999
    endloop
  endfacet
  facet normal -0.706841 -0.012416 0.707263
    outer loop
      vertex -104.336 -3.64351 7.5
      vertex -104.4 0 7.5
      vertex -104.936 -3.66445 6.89999
    endloop
  endfacet
  facet normal -0.707059 -0.0123489 0.707047
    outer loop
      vertex -104.936 -3.66445 6.89999
      vertex -104.4 0 7.5
      vertex -105 0 6.89999
    endloop
  endfacet
  facet normal 0 0 1
    outer loop
      vertex 101 0 7.5
      vertex 104.4 0 7.5
      vertex 104.336 3.64351 7.5
    endloop
  endfacet
  facet normal 0 0 1
    outer loop
      vertex 100.938 3.52485 7.5
      vertex 104.336 3.64351 7.5
      vertex 104.146 7.28257 7.5
    endloop
  endfacet
  facet normal 0 0 1
    outer loop
      vertex 104.4 0 7.5
      vertex 101 0 7.5
      vertex 104.336 -3.64351 7.5
    endloop
  endfacet
  facet normal 0 0 1
    outer loop
      vertex 100.754 7.0454 7.5
      vertex 104.146 7.28257 7.5
      vertex 103.828 10.9128 7.5
    endloop
  endfacet
  facet normal -0 0 1
    outer loop
      vertex 100.938 -3.52485 7.5
      vertex 104.336 -3.64351 7.5
      vertex 101 0 7.5
    endloop
  endfacet
  facet normal 0 0 1
    outer loop
      vertex 100.447 10.5574 7.5
      vertex 103.828 10.9128 7.5
      vertex 103.384 14.5297 7.5
    endloop
  endfacet
  facet normal 0 0 1
    outer loop
      vertex 104.336 -3.64351 7.5
      vertex 100.938 -3.52485 7.5
      vertex 104.146 -7.28257 7.5
    endloop
  endfacet
  facet normal 0 0 1
    outer loop
      vertex 100.017 14.0565 7.5
      vertex 103.384 14.5297 7.5
      vertex 102.814 18.1289 7.5
    endloop
  endfacet
  facet normal -0 0 1
    outer loop
      vertex 100.754 -7.0454 7.5
      vertex 104.146 -7.28257 7.5
      vertex 100.938 -3.52485 7.5
    endloop
  endfacet
  facet normal 0 0 1
    outer loop
      vertex 99.4656 17.5385 7.5
      vertex 102.814 18.1289 7.5
      vertex 102.119 21.706 7.5
    endloop
  endfacet
  facet normal 0 0 1
    outer loop
      vertex 104.146 -7.28257 7.5
      vertex 100.754 -7.0454 7.5
      vertex 103.828 -10.9128 7.5
    endloop
  endfacet
  facet normal 0 0 1
    outer loop
      vertex 98.7929 20.9991 7.5
      vertex 102.119 21.706 7.5
      vertex 101.299 25.2566 7.5
    endloop
  endfacet
  facet normal -0 0 1
    outer loop
      vertex 100.447 -10.5574 7.5
      vertex 103.828 -10.9128 7.5
      vertex 100.754 -7.0454 7.5
    endloop
  endfacet
  facet normal 0 0 1
    outer loop
      vertex 103.828 -10.9128 7.5
      vertex 100.447 -10.5574 7.5
      vertex 103.384 -14.5297 7.5
    endloop
  endfacet
  facet normal 0 0 1
    outer loop
      vertex 104.336 3.64351 7.5
      vertex 100.938 3.52485 7.5
      vertex 101 0 7.5
    endloop
  endfacet
  facet normal 0 0 1
    outer loop
      vertex 104.146 7.28257 7.5
      vertex 100.754 7.0454 7.5
      vertex 100.938 3.52485 7.5
    endloop
  endfacet
  facet normal 0 0 1
    outer loop
      vertex 103.828 10.9128 7.5
      vertex 100.447 10.5574 7.5
      vertex 100.754 7.0454 7.5
    endloop
  endfacet
  facet normal 0 0 1
    outer loop
      vertex 97.9999 24.4341 7.5
      vertex 101.299 25.2566 7.5
      vertex 100.356 28.7765 7.5
    endloop
  endfacet
  facet normal 0 0 1
    outer loop
      vertex 103.384 14.5297 7.5
      vertex 100.017 14.0565 7.5
      vertex 100.447 10.5574 7.5
    endloop
  endfacet
  facet normal 0 0 1
    outer loop
      vertex 102.814 18.1289 7.5
      vertex 99.4656 17.5385 7.5
      vertex 100.017 14.0565 7.5
    endloop
  endfacet
  facet normal 0 0 1
    outer loop
      vertex 97.0874 27.8394 7.5
      vertex 100.356 28.7765 7.5
      vertex 99.2903 32.2614 7.5
    endloop
  endfacet
  facet normal 0 0 1
    outer loop
      vertex 102.119 21.706 7.5
      vertex 98.7929 20.9991 7.5
      vertex 99.4656 17.5385 7.5
    endloop
  endfacet
  facet normal 0 0 1
    outer loop
      vertex 96.0567 31.2107 7.5
      vertex 99.2903 32.2614 7.5
      vertex 98.1039 35.7069 7.5
    endloop
  endfacet
  facet normal 0 0 1
    outer loop
      vertex 101.299 25.2566 7.5
      vertex 97.9999 24.4341 7.5
      vertex 98.7929 20.9991 7.5
    endloop
  endfacet
  facet normal 0 0 1
    outer loop
      vertex 100.356 28.7765 7.5
      vertex 97.0874 27.8394 7.5
      vertex 97.9999 24.4341 7.5
    endloop
  endfacet
  facet normal 0 0 1
    outer loop
      vertex 94.909 34.544 7.5
      vertex 98.1039 35.7069 7.5
      vertex 96.798 39.1089 7.5
    endloop
  endfacet
  facet normal 0 0 1
    outer loop
      vertex 99.2903 32.2614 7.5
      vertex 96.0567 31.2107 7.5
      vertex 97.0874 27.8394 7.5
    endloop
  endfacet
  facet normal 0 0 1
    outer loop
      vertex 93.6456 37.8353 7.5
      vertex 96.798 39.1089 7.5
      vertex 95.3741 42.4633 7.5
    endloop
  endfacet
  facet normal 0 0 1
    outer loop
      vertex 98.1039 35.7069 7.5
      vertex 94.909 34.544 7.5
      vertex 96.0567 31.2107 7.5
    endloop
  endfacet
  facet normal 0 0 1
    outer loop
      vertex 92.2681 41.0804 7.5
      vertex 95.3741 42.4633 7.5
      vertex 93.8341 45.7659 7.5
    endloop
  endfacet
  facet normal 0 0 1
    outer loop
      vertex 96.798 39.1089 7.5
      vertex 93.6456 37.8353 7.5
      vertex 94.909 34.544 7.5
    endloop
  endfacet
  facet normal 0 0 1
    outer loop
      vertex 95.3741 42.4633 7.5
      vertex 92.2681 41.0804 7.5
      vertex 93.6456 37.8353 7.5
    endloop
  endfacet
  facet normal 0 0 1
    outer loop
      vertex 90.7782 44.2755 7.5
      vertex 93.8341 45.7659 7.5
      vertex 92.1797 49.0128 7.5
    endloop
  endfacet
  facet normal 0 0 1
    outer loop
      vertex 93.8341 45.7659 7.5
      vertex 90.7782 44.2755 7.5
      vertex 92.2681 41.0804 7.5
    endloop
  endfacet
  facet normal 0 0 1
    outer loop
      vertex 89.1777 47.4166 7.5
      vertex 92.1797 49.0128 7.5
      vertex 90.413 52.2 7.5
    endloop
  endfacet
  facet normal 0 0 1
    outer loop
      vertex 92.1797 49.0128 7.5
      vertex 89.1777 47.4166 7.5
      vertex 90.7782 44.2755 7.5
    endloop
  endfacet
  facet normal 0 0 1
    outer loop
      vertex 87.4686 50.5 7.5
      vertex 90.413 52.2 7.5
      vertex 88.5362 55.3236 7.5
    endloop
  endfacet
  facet normal 0 0 1
    outer loop
      vertex 90.413 52.2 7.5
      vertex 87.4686 50.5 7.5
      vertex 89.1777 47.4166 7.5
    endloop
  endfacet
  facet normal 0 0 1
    outer loop
      vertex 85.6529 53.5218 7.5
      vertex 88.5362 55.3236 7.5
      vertex 86.5515 58.3797 7.5
    endloop
  endfacet
  facet normal 0 0 1
    outer loop
      vertex 88.5362 55.3236 7.5
      vertex 85.6529 53.5218 7.5
      vertex 87.4686 50.5 7.5
    endloop
  endfacet
  facet normal 0 0 1
    outer loop
      vertex 83.7328 56.4785 7.5
      vertex 86.5515 58.3797 7.5
      vertex 84.4614 61.3648 7.5
    endloop
  endfacet
  facet normal 0 0 1
    outer loop
      vertex 86.5515 58.3797 7.5
      vertex 83.7328 56.4785 7.5
      vertex 85.6529 53.5218 7.5
    endloop
  endfacet
  facet normal 0 0 1
    outer loop
      vertex 81.7107 59.3663 7.5
      vertex 84.4614 61.3648 7.5
      vertex 82.2683 64.2751 7.5
    endloop
  endfacet
  facet normal 0 0 1
    outer loop
      vertex 84.4614 61.3648 7.5
      vertex 81.7107 59.3663 7.5
      vertex 83.7328 56.4785 7.5
    endloop
  endfacet
  facet normal 0 0 1
    outer loop
      vertex 79.5891 62.1818 7.5
      vertex 82.2683 64.2751 7.5
      vertex 79.975 67.107 7.5
    endloop
  endfacet
  facet normal 0 0 1
    outer loop
      vertex 82.2683 64.2751 7.5
      vertex 79.5891 62.1818 7.5
      vertex 81.7107 59.3663 7.5
    endloop
  endfacet
  facet normal 0 0 1
    outer loop
      vertex 77.3705 64.9215 7.5
      vertex 79.975 67.107 7.5
      vertex 77.5843 69.8572 7.5
    endloop
  endfacet
  facet normal 0 0 1
    outer loop
      vertex 79.975 67.107 7.5
      vertex 77.3705 64.9215 7.5
      vertex 79.5891 62.1818 7.5
    endloop
  endfacet
  facet normal 0 0 1
    outer loop
      vertex 75.0576 67.5822 7.5
      vertex 77.5843 69.8572 7.5
      vertex 75.0991 72.5223 7.5
    endloop
  endfacet
  facet normal 0 0 1
    outer loop
      vertex 77.5843 69.8572 7.5
      vertex 75.0576 67.5822 7.5
      vertex 77.3705 64.9215 7.5
    endloop
  endfacet
  facet normal 0 0 1
    outer loop
      vertex 75.0991 72.5223 7.5
      vertex 72.6533 70.1605 7.5
      vertex 75.0576 67.5822 7.5
    endloop
  endfacet
  facet normal 0 0 1
    outer loop
      vertex 72.5223 75.0991 7.5
      vertex 72.6533 70.1605 7.5
      vertex 75.0991 72.5223 7.5
    endloop
  endfacet
  facet normal 0 0 1
    outer loop
      vertex 72.5223 75.0991 7.5
      vertex 70.1605 72.6533 7.5
      vertex 72.6533 70.1605 7.5
    endloop
  endfacet
  facet normal 0 0 1
    outer loop
      vertex 69.8572 77.5843 7.5
      vertex 70.1605 72.6533 7.5
      vertex 72.5223 75.0991 7.5
    endloop
  endfacet
  facet normal 0 0 1
    outer loop
      vertex 69.8572 77.5843 7.5
      vertex 67.5822 75.0576 7.5
      vertex 70.1605 72.6533 7.5
    endloop
  endfacet
  facet normal 0 0 1
    outer loop
      vertex 67.107 79.975 7.5
      vertex 67.5822 75.0576 7.5
      vertex 69.8572 77.5843 7.5
    endloop
  endfacet
  facet normal 0 0 1
    outer loop
      vertex 67.107 79.975 7.5
      vertex 64.9215 77.3705 7.5
      vertex 67.5822 75.0576 7.5
    endloop
  endfacet
  facet normal 0 0 1
    outer loop
      vertex 64.2751 82.2683 7.5
      vertex 64.9215 77.3705 7.5
      vertex 67.107 79.975 7.5
    endloop
  endfacet
  facet normal 0 0 1
    outer loop
      vertex 64.2751 82.2683 7.5
      vertex 62.1818 79.5891 7.5
      vertex 64.9215 77.3705 7.5
    endloop
  endfacet
  facet normal 0 0 1
    outer loop
      vertex 61.3648 84.4614 7.5
      vertex 62.1818 79.5891 7.5
      vertex 64.2751 82.2683 7.5
    endloop
  endfacet
  facet normal 0 0 1
    outer loop
      vertex 61.3648 84.4614 7.5
      vertex 59.3663 81.7107 7.5
      vertex 62.1818 79.5891 7.5
    endloop
  endfacet
  facet normal 0 0 1
    outer loop
      vertex 58.3797 86.5515 7.5
      vertex 59.3663 81.7107 7.5
      vertex 61.3648 84.4614 7.5
    endloop
  endfacet
  facet normal 0 0 1
    outer loop
      vertex 58.3797 86.5515 7.5
      vertex 56.4785 83.7328 7.5
      vertex 59.3663 81.7107 7.5
    endloop
  endfacet
  facet normal 0 0 1
    outer loop
      vertex 55.3236 88.5362 7.5
      vertex 56.4785 83.7328 7.5
      vertex 58.3797 86.5515 7.5
    endloop
  endfacet
  facet normal 0 0 1
    outer loop
      vertex 55.3236 88.5362 7.5
      vertex 53.5218 85.6529 7.5
      vertex 56.4785 83.7328 7.5
    endloop
  endfacet
  facet normal 0 0 1
    outer loop
      vertex 52.2 90.413 7.5
      vertex 53.5218 85.6529 7.5
      vertex 55.3236 88.5362 7.5
    endloop
  endfacet
  facet normal 0 0 1
    outer loop
      vertex 52.2 90.413 7.5
      vertex 50.5 87.4686 7.5
      vertex 53.5218 85.6529 7.5
    endloop
  endfacet
  facet normal 0 0 1
    outer loop
      vertex 49.0128 92.1797 7.5
      vertex 50.5 87.4686 7.5
      vertex 52.2 90.413 7.5
    endloop
  endfacet
  facet normal 0 0 1
    outer loop
      vertex 49.0128 92.1797 7.5
      vertex 47.4166 89.1777 7.5
      vertex 50.5 87.4686 7.5
    endloop
  endfacet
  facet normal 0 0 1
    outer loop
      vertex 45.7659 93.8341 7.5
      vertex 47.4166 89.1777 7.5
      vertex 49.0128 92.1797 7.5
    endloop
  endfacet
  facet normal 0 0 1
    outer loop
      vertex 45.7659 93.8341 7.5
      vertex 44.2755 90.7782 7.5
      vertex 47.4166 89.1777 7.5
    endloop
  endfacet
  facet normal 0 0 1
    outer loop
      vertex 42.4633 95.3741 7.5
      vertex 44.2755 90.7782 7.5
      vertex 45.7659 93.8341 7.5
    endloop
  endfacet
  facet normal 0 0 1
    outer loop
      vertex 42.4633 95.3741 7.5
      vertex 41.0804 92.2681 7.5
      vertex 44.2755 90.7782 7.5
    endloop
  endfacet
  facet normal 0 0 1
    outer loop
      vertex 39.1089 96.798 7.5
      vertex 41.0804 92.2681 7.5
      vertex 42.4633 95.3741 7.5
    endloop
  endfacet
  facet normal 0 0 1
    outer loop
      vertex 39.1089 96.798 7.5
      vertex 37.8353 93.6456 7.5
      vertex 41.0804 92.2681 7.5
    endloop
  endfacet
  facet normal 0 0 1
    outer loop
      vertex 35.7069 98.1039 7.5
      vertex 37.8353 93.6456 7.5
      vertex 39.1089 96.798 7.5
    endloop
  endfacet
  facet normal 0 0 1
    outer loop
      vertex 35.7069 98.1039 7.5
      vertex 34.544 94.909 7.5
      vertex 37.8353 93.6456 7.5
    endloop
  endfacet
  facet normal 0 0 1
    outer loop
      vertex 32.2614 99.2903 7.5
      vertex 34.544 94.909 7.5
      vertex 35.7069 98.1039 7.5
    endloop
  endfacet
  facet normal 0 0 1
    outer loop
      vertex 32.2614 99.2903 7.5
      vertex 31.2107 96.0567 7.5
      vertex 34.544 94.909 7.5
    endloop
  endfacet
  facet normal 0 0 1
    outer loop
      vertex 28.7765 100.356 7.5
      vertex 31.2107 96.0567 7.5
      vertex 32.2614 99.2903 7.5
    endloop
  endfacet
  facet normal 0 0 1
    outer loop
      vertex 28.7765 100.356 7.5
      vertex 27.8394 97.0874 7.5
      vertex 31.2107 96.0567 7.5
    endloop
  endfacet
  facet normal 0 0 1
    outer loop
      vertex 25.2566 101.299 7.5
      vertex 27.8394 97.0874 7.5
      vertex 28.7765 100.356 7.5
    endloop
  endfacet
  facet normal 0 0 1
    outer loop
      vertex 25.2566 101.299 7.5
      vertex 24.4341 97.9999 7.5
      vertex 27.8394 97.0874 7.5
    endloop
  endfacet
  facet normal 0 0 1
    outer loop
      vertex 21.706 102.119 7.5
      vertex 24.4341 97.9999 7.5
      vertex 25.2566 101.299 7.5
    endloop
  endfacet
  facet normal 0 0 1
    outer loop
      vertex 21.706 102.119 7.5
      vertex 20.9991 98.7929 7.5
      vertex 24.4341 97.9999 7.5
    endloop
  endfacet
  facet normal 0 0 1
    outer loop
      vertex 18.1289 102.814 7.5
      vertex 20.9991 98.7929 7.5
      vertex 21.706 102.119 7.5
    endloop
  endfacet
  facet normal 0 0 1
    outer loop
      vertex 18.1289 102.814 7.5
      vertex 17.5385 99.4656 7.5
      vertex 20.9991 98.7929 7.5
    endloop
  endfacet
  facet normal 0 0 1
    outer loop
      vertex 14.5297 103.384 7.5
      vertex 17.5385 99.4656 7.5
      vertex 18.1289 102.814 7.5
    endloop
  endfacet
  facet normal 0 0 1
    outer loop
      vertex 14.5297 103.384 7.5
      vertex 14.0565 100.017 7.5
      vertex 17.5385 99.4656 7.5
    endloop
  endfacet
  facet normal 0 0 1
    outer loop
      vertex 10.9128 103.828 7.5
      vertex 14.0565 100.017 7.5
      vertex 14.5297 103.384 7.5
    endloop
  endfacet
  facet normal 0 0 1
    outer loop
      vertex 10.9128 103.828 7.5
      vertex 10.5574 100.447 7.5
      vertex 14.0565 100.017 7.5
    endloop
  endfacet
  facet normal 0 0 1
    outer loop
      vertex 7.28257 104.146 7.5
      vertex 10.5574 100.447 7.5
      vertex 10.9128 103.828 7.5
    endloop
  endfacet
  facet normal 0 0 1
    outer loop
      vertex 7.28257 104.146 7.5
      vertex 7.0454 100.754 7.5
      vertex 10.5574 100.447 7.5
    endloop
  endfacet
  facet normal 0 0 1
    outer loop
      vertex 3.64351 104.336 7.5
      vertex 7.0454 100.754 7.5
      vertex 7.28257 104.146 7.5
    endloop
  endfacet
  facet normal 0 0 1
    outer loop
      vertex 3.64351 104.336 7.5
      vertex 3.52485 100.938 7.5
      vertex 7.0454 100.754 7.5
    endloop
  endfacet
  facet normal 0 0 1
    outer loop
      vertex 0 104.4 7.5
      vertex 3.52485 100.938 7.5
      vertex 3.64351 104.336 7.5
    endloop
  endfacet
  facet normal 0 0 1
    outer loop
      vertex 0 104.4 7.5
      vertex 0 101 7.5
      vertex 3.52485 100.938 7.5
    endloop
  endfacet
  facet normal 0 0 1
    outer loop
      vertex 0 104.4 7.5
      vertex -3.52485 100.938 7.5
      vertex 0 101 7.5
    endloop
  endfacet
  facet normal -0 0 1
    outer loop
      vertex -3.64351 104.336 7.5
      vertex -3.52485 100.938 7.5
      vertex 0 104.4 7.5
    endloop
  endfacet
  facet normal 0 0 1
    outer loop
      vertex -3.64351 104.336 7.5
      vertex -7.0454 100.754 7.5
      vertex -3.52485 100.938 7.5
    endloop
  endfacet
  facet normal -0 0 1
    outer loop
      vertex -7.28257 104.146 7.5
      vertex -7.0454 100.754 7.5
      vertex -3.64351 104.336 7.5
    endloop
  endfacet
  facet normal 0 0 1
    outer loop
      vertex -7.28257 104.146 7.5
      vertex -10.5574 100.447 7.5
      vertex -7.0454 100.754 7.5
    endloop
  endfacet
  facet normal -0 0 1
    outer loop
      vertex -10.9128 103.828 7.5
      vertex -10.5574 100.447 7.5
      vertex -7.28257 104.146 7.5
    endloop
  endfacet
  facet normal 0 0 1
    outer loop
      vertex -10.9128 103.828 7.5
      vertex -14.0565 100.017 7.5
      vertex -10.5574 100.447 7.5
    endloop
  endfacet
  facet normal -0 0 1
    outer loop
      vertex -14.5297 103.384 7.5
      vertex -14.0565 100.017 7.5
      vertex -10.9128 103.828 7.5
    endloop
  endfacet
  facet normal 0 0 1
    outer loop
      vertex -14.5297 103.384 7.5
      vertex -17.5385 99.4656 7.5
      vertex -14.0565 100.017 7.5
    endloop
  endfacet
  facet normal -0 0 1
    outer loop
      vertex -18.1289 102.814 7.5
      vertex -17.5385 99.4656 7.5
      vertex -14.5297 103.384 7.5
    endloop
  endfacet
  facet normal 0 0 1
    outer loop
      vertex -18.1289 102.814 7.5
      vertex -20.9991 98.7929 7.5
      vertex -17.5385 99.4656 7.5
    endloop
  endfacet
  facet normal -0 0 1
    outer loop
      vertex -21.706 102.119 7.5
      vertex -20.9991 98.7929 7.5
      vertex -18.1289 102.814 7.5
    endloop
  endfacet
  facet normal 0 0 1
    outer loop
      vertex -21.706 102.119 7.5
      vertex -24.4341 97.9999 7.5
      vertex -20.9991 98.7929 7.5
    endloop
  endfacet
  facet normal -0 0 1
    outer loop
      vertex -25.2566 101.299 7.5
      vertex -24.4341 97.9999 7.5
      vertex -21.706 102.119 7.5
    endloop
  endfacet
  facet normal 0 0 1
    outer loop
      vertex -25.2566 101.299 7.5
      vertex -27.8394 97.0874 7.5
      vertex -24.4341 97.9999 7.5
    endloop
  endfacet
  facet normal -0 0 1
    outer loop
      vertex -28.7765 100.356 7.5
      vertex -27.8394 97.0874 7.5
      vertex -25.2566 101.299 7.5
    endloop
  endfacet
  facet normal 0 0 1
    outer loop
      vertex -28.7765 100.356 7.5
      vertex -31.2107 96.0567 7.5
      vertex -27.8394 97.0874 7.5
    endloop
  endfacet
  facet normal -0 0 1
    outer loop
      vertex -32.2614 99.2903 7.5
      vertex -31.2107 96.0567 7.5
      vertex -28.7765 100.356 7.5
    endloop
  endfacet
  facet normal 0 0 1
    outer loop
      vertex -32.2614 99.2903 7.5
      vertex -34.544 94.909 7.5
      vertex -31.2107 96.0567 7.5
    endloop
  endfacet
  facet normal -0 0 1
    outer loop
      vertex -35.7069 98.1039 7.5
      vertex -34.544 94.909 7.5
      vertex -32.2614 99.2903 7.5
    endloop
  endfacet
  facet normal 0 0 1
    outer loop
      vertex -35.7069 98.1039 7.5
      vertex -37.8353 93.6456 7.5
      vertex -34.544 94.909 7.5
    endloop
  endfacet
  facet normal -0 0 1
    outer loop
      vertex -39.1089 96.798 7.5
      vertex -37.8353 93.6456 7.5
      vertex -35.7069 98.1039 7.5
    endloop
  endfacet
  facet normal 0 0 1
    outer loop
      vertex -39.1089 96.798 7.5
      vertex -41.0804 92.2681 7.5
      vertex -37.8353 93.6456 7.5
    endloop
  endfacet
  facet normal -0 0 1
    outer loop
      vertex -42.4633 95.3741 7.5
      vertex -41.0804 92.2681 7.5
      vertex -39.1089 96.798 7.5
    endloop
  endfacet
  facet normal 0 0 1
    outer loop
      vertex -42.4633 95.3741 7.5
      vertex -44.2755 90.7782 7.5
      vertex -41.0804 92.2681 7.5
    endloop
  endfacet
  facet normal -0 0 1
    outer loop
      vertex -45.7659 93.8341 7.5
      vertex -44.2755 90.7782 7.5
      vertex -42.4633 95.3741 7.5
    endloop
  endfacet
  facet normal 0 0 1
    outer loop
      vertex -45.7659 93.8341 7.5
      vertex -47.4166 89.1777 7.5
      vertex -44.2755 90.7782 7.5
    endloop
  endfacet
  facet normal -0 0 1
    outer loop
      vertex -49.0128 92.1797 7.5
      vertex -47.4166 89.1777 7.5
      vertex -45.7659 93.8341 7.5
    endloop
  endfacet
  facet normal 0 0 1
    outer loop
      vertex -49.0128 92.1797 7.5
      vertex -50.5 87.4686 7.5
      vertex -47.4166 89.1777 7.5
    endloop
  endfacet
  facet normal -0 0 1
    outer loop
      vertex -52.2 90.413 7.5
      vertex -50.5 87.4686 7.5
      vertex -49.0128 92.1797 7.5
    endloop
  endfacet
  facet normal 0 0 1
    outer loop
      vertex -52.2 90.413 7.5
      vertex -53.5218 85.6529 7.5
      vertex -50.5 87.4686 7.5
    endloop
  endfacet
  facet normal -0 0 1
    outer loop
      vertex -55.3236 88.5362 7.5
      vertex -53.5218 85.6529 7.5
      vertex -52.2 90.413 7.5
    endloop
  endfacet
  facet normal 0 0 1
    outer loop
      vertex -55.3236 88.5362 7.5
      vertex -56.4785 83.7328 7.5
      vertex -53.5218 85.6529 7.5
    endloop
  endfacet
  facet normal -0 0 1
    outer loop
      vertex -58.3797 86.5515 7.5
      vertex -56.4785 83.7328 7.5
      vertex -55.3236 88.5362 7.5
    endloop
  endfacet
  facet normal 0 0 1
    outer loop
      vertex -58.3797 86.5515 7.5
      vertex -59.3663 81.7107 7.5
      vertex -56.4785 83.7328 7.5
    endloop
  endfacet
  facet normal -0 0 1
    outer loop
      vertex -61.3648 84.4614 7.5
      vertex -59.3663 81.7107 7.5
      vertex -58.3797 86.5515 7.5
    endloop
  endfacet
  facet normal 0 0 1
    outer loop
      vertex -61.3648 84.4614 7.5
      vertex -62.1818 79.5891 7.5
      vertex -59.3663 81.7107 7.5
    endloop
  endfacet
  facet normal -0 0 1
    outer loop
      vertex -64.2751 82.2683 7.5
      vertex -62.1818 79.5891 7.5
      vertex -61.3648 84.4614 7.5
    endloop
  endfacet
  facet normal 0 0 1
    outer loop
      vertex -64.2751 82.2683 7.5
      vertex -64.9215 77.3705 7.5
      vertex -62.1818 79.5891 7.5
    endloop
  endfacet
  facet normal -0 0 1
    outer loop
      vertex -67.107 79.975 7.5
      vertex -64.9215 77.3705 7.5
      vertex -64.2751 82.2683 7.5
    endloop
  endfacet
  facet normal 0 0 1
    outer loop
      vertex -67.107 79.975 7.5
      vertex -67.5822 75.0576 7.5
      vertex -64.9215 77.3705 7.5
    endloop
  endfacet
  facet normal -0 0 1
    outer loop
      vertex -69.8572 77.5843 7.5
      vertex -67.5822 75.0576 7.5
      vertex -67.107 79.975 7.5
    endloop
  endfacet
  facet normal 0 0 1
    outer loop
      vertex -69.8572 77.5843 7.5
      vertex -70.1605 72.6533 7.5
      vertex -67.5822 75.0576 7.5
    endloop
  endfacet
  facet normal -0 0 1
    outer loop
      vertex -72.5223 75.0991 7.5
      vertex -70.1605 72.6533 7.5
      vertex -69.8572 77.5843 7.5
    endloop
  endfacet
  facet normal 0 0 1
    outer loop
      vertex -72.5223 75.0991 7.5
      vertex -72.6533 70.1605 7.5
      vertex -70.1605 72.6533 7.5
    endloop
  endfacet
  facet normal -0 0 1
    outer loop
      vertex -75.0991 72.5223 7.5
      vertex -72.6533 70.1605 7.5
      vertex -72.5223 75.0991 7.5
    endloop
  endfacet
  facet normal 0 0 1
    outer loop
      vertex -72.6533 70.1605 7.5
      vertex -75.0991 72.5223 7.5
      vertex -75.0576 67.5822 7.5
    endloop
  endfacet
  facet normal -0 0 1
    outer loop
      vertex -77.5843 69.8572 7.5
      vertex -75.0576 67.5822 7.5
      vertex -75.0991 72.5223 7.5
    endloop
  endfacet
  facet normal 0 0 1
    outer loop
      vertex -75.0576 67.5822 7.5
      vertex -77.5843 69.8572 7.5
      vertex -77.3705 64.9215 7.5
    endloop
  endfacet
  facet normal -0 0 1
    outer loop
      vertex -79.975 67.107 7.5
      vertex -77.3705 64.9215 7.5
      vertex -77.5843 69.8572 7.5
    endloop
  endfacet
  facet normal 0 0 1
    outer loop
      vertex -77.3705 64.9215 7.5
      vertex -79.975 67.107 7.5
      vertex -79.5891 62.1818 7.5
    endloop
  endfacet
  facet normal -0 0 1
    outer loop
      vertex -82.2683 64.2751 7.5
      vertex -79.5891 62.1818 7.5
      vertex -79.975 67.107 7.5
    endloop
  endfacet
  facet normal 0 0 1
    outer loop
      vertex -79.5891 62.1818 7.5
      vertex -82.2683 64.2751 7.5
      vertex -81.7107 59.3663 7.5
    endloop
  endfacet
  facet normal -0 0 1
    outer loop
      vertex -84.4614 61.3648 7.5
      vertex -81.7107 59.3663 7.5
      vertex -82.2683 64.2751 7.5
    endloop
  endfacet
  facet normal 0 0 1
    outer loop
      vertex -81.7107 59.3663 7.5
      vertex -84.4614 61.3648 7.5
      vertex -83.7328 56.4785 7.5
    endloop
  endfacet
  facet normal -0 0 1
    outer loop
      vertex -86.5515 58.3797 7.5
      vertex -83.7328 56.4785 7.5
      vertex -84.4614 61.3648 7.5
    endloop
  endfacet
  facet normal 0 0 1
    outer loop
      vertex -83.7328 56.4785 7.5
      vertex -86.5515 58.3797 7.5
      vertex -85.6529 53.5218 7.5
    endloop
  endfacet
  facet normal -0 0 1
    outer loop
      vertex -88.5362 55.3236 7.5
      vertex -85.6529 53.5218 7.5
      vertex -86.5515 58.3797 7.5
    endloop
  endfacet
  facet normal 0 0 1
    outer loop
      vertex -85.6529 53.5218 7.5
      vertex -88.5362 55.3236 7.5
      vertex -87.4686 50.5 7.5
    endloop
  endfacet
  facet normal -0 0 1
    outer loop
      vertex -90.413 52.2 7.5
      vertex -87.4686 50.5 7.5
      vertex -88.5362 55.3236 7.5
    endloop
  endfacet
  facet normal 0 0 1
    outer loop
      vertex -87.4686 50.5 7.5
      vertex -90.413 52.2 7.5
      vertex -89.1777 47.4166 7.5
    endloop
  endfacet
  facet normal -0 0 1
    outer loop
      vertex -92.1797 49.0128 7.5
      vertex -89.1777 47.4166 7.5
      vertex -90.413 52.2 7.5
    endloop
  endfacet
  facet normal 0 0 1
    outer loop
      vertex -89.1777 47.4166 7.5
      vertex -92.1797 49.0128 7.5
      vertex -90.7782 44.2755 7.5
    endloop
  endfacet
  facet normal -0 0 1
    outer loop
      vertex -93.8341 45.7659 7.5
      vertex -90.7782 44.2755 7.5
      vertex -92.1797 49.0128 7.5
    endloop
  endfacet
  facet normal 0 0 1
    outer loop
      vertex -90.7782 44.2755 7.5
      vertex -93.8341 45.7659 7.5
      vertex -92.2681 41.0804 7.5
    endloop
  endfacet
  facet normal -0 0 1
    outer loop
      vertex -95.3741 42.4633 7.5
      vertex -92.2681 41.0804 7.5
      vertex -93.8341 45.7659 7.5
    endloop
  endfacet
  facet normal 0 0 1
    outer loop
      vertex -92.2681 41.0804 7.5
      vertex -95.3741 42.4633 7.5
      vertex -93.6456 37.8353 7.5
    endloop
  endfacet
  facet normal -0 0 1
    outer loop
      vertex -96.798 39.1089 7.5
      vertex -93.6456 37.8353 7.5
      vertex -95.3741 42.4633 7.5
    endloop
  endfacet
  facet normal 0 0 1
    outer loop
      vertex -93.6456 37.8353 7.5
      vertex -96.798 39.1089 7.5
      vertex -94.909 34.544 7.5
    endloop
  endfacet
  facet normal -0 0 1
    outer loop
      vertex -98.1039 35.7069 7.5
      vertex -94.909 34.544 7.5
      vertex -96.798 39.1089 7.5
    endloop
  endfacet
  facet normal 0 0 1
    outer loop
      vertex -94.909 34.544 7.5
      vertex -98.1039 35.7069 7.5
      vertex -96.0567 31.2107 7.5
    endloop
  endfacet
  facet normal -0 0 1
    outer loop
      vertex -99.2903 32.2614 7.5
      vertex -96.0567 31.2107 7.5
      vertex -98.1039 35.7069 7.5
    endloop
  endfacet
  facet normal 0 0 1
    outer loop
      vertex -96.0567 31.2107 7.5
      vertex -99.2903 32.2614 7.5
      vertex -97.0874 27.8394 7.5
    endloop
  endfacet
  facet normal -0 0 1
    outer loop
      vertex -100.356 28.7765 7.5
      vertex -97.0874 27.8394 7.5
      vertex -99.2903 32.2614 7.5
    endloop
  endfacet
  facet normal 0 0 1
    outer loop
      vertex -97.0874 27.8394 7.5
      vertex -100.356 28.7765 7.5
      vertex -97.9999 24.4341 7.5
    endloop
  endfacet
  facet normal -0 0 1
    outer loop
      vertex -101.299 25.2566 7.5
      vertex -97.9999 24.4341 7.5
      vertex -100.356 28.7765 7.5
    endloop
  endfacet
  facet normal 0 0 1
    outer loop
      vertex -97.9999 24.4341 7.5
      vertex -101.299 25.2566 7.5
      vertex -98.7929 20.9991 7.5
    endloop
  endfacet
  facet normal -0 0 1
    outer loop
      vertex -102.119 21.706 7.5
      vertex -98.7929 20.9991 7.5
      vertex -101.299 25.2566 7.5
    endloop
  endfacet
  facet normal 0 0 1
    outer loop
      vertex -98.7929 20.9991 7.5
      vertex -102.119 21.706 7.5
      vertex -99.4656 17.5385 7.5
    endloop
  endfacet
  facet normal -0 0 1
    outer loop
      vertex -102.814 18.1289 7.5
      vertex -99.4656 17.5385 7.5
      vertex -102.119 21.706 7.5
    endloop
  endfacet
  facet normal 0 0 1
    outer loop
      vertex -99.4656 17.5385 7.5
      vertex -102.814 18.1289 7.5
      vertex -100.017 14.0565 7.5
    endloop
  endfacet
  facet normal 0 0 1
    outer loop
      vertex -100.017 14.0565 7.5
      vertex -103.384 14.5297 7.5
      vertex -100.447 10.5574 7.5
    endloop
  endfacet
  facet normal -0 0 1
    outer loop
      vertex -103.384 14.5297 7.5
      vertex -100.017 14.0565 7.5
      vertex -102.814 18.1289 7.5
    endloop
  endfacet
  facet normal -0 0 1
    outer loop
      vertex 100.017 -14.0565 7.5
      vertex 103.384 -14.5297 7.5
      vertex 100.447 -10.5574 7.5
    endloop
  endfacet
  facet normal 0 0 1
    outer loop
      vertex 103.384 -14.5297 7.5
      vertex 100.017 -14.0565 7.5
      vertex 102.814 -18.1289 7.5
    endloop
  endfacet
  facet normal -0 0 1
    outer loop
      vertex 99.4656 -17.5385 7.5
      vertex 102.814 -18.1289 7.5
      vertex 100.017 -14.0565 7.5
    endloop
  endfacet
  facet normal 0 0 1
    outer loop
      vertex 102.814 -18.1289 7.5
      vertex 99.4656 -17.5385 7.5
      vertex 102.119 -21.706 7.5
    endloop
  endfacet
  facet normal -0 0 1
    outer loop
      vertex 98.7929 -20.9991 7.5
      vertex 102.119 -21.706 7.5
      vertex 99.4656 -17.5385 7.5
    endloop
  endfacet
  facet normal 0 0 1
    outer loop
      vertex 102.119 -21.706 7.5
      vertex 98.7929 -20.9991 7.5
      vertex 101.299 -25.2566 7.5
    endloop
  endfacet
  facet normal -0 0 1
    outer loop
      vertex 97.9999 -24.4341 7.5
      vertex 101.299 -25.2566 7.5
      vertex 98.7929 -20.9991 7.5
    endloop
  endfacet
  facet normal 0 0 1
    outer loop
      vertex 101.299 -25.2566 7.5
      vertex 97.9999 -24.4341 7.5
      vertex 100.356 -28.7765 7.5
    endloop
  endfacet
  facet normal -0 0 1
    outer loop
      vertex 97.0874 -27.8394 7.5
      vertex 100.356 -28.7765 7.5
      vertex 97.9999 -24.4341 7.5
    endloop
  endfacet
  facet normal 0 0 1
    outer loop
      vertex 100.356 -28.7765 7.5
      vertex 97.0874 -27.8394 7.5
      vertex 99.2903 -32.2614 7.5
    endloop
  endfacet
  facet normal -0 0 1
    outer loop
      vertex 96.0567 -31.2107 7.5
      vertex 99.2903 -32.2614 7.5
      vertex 97.0874 -27.8394 7.5
    endloop
  endfacet
  facet normal 0 0 1
    outer loop
      vertex 99.2903 -32.2614 7.5
      vertex 96.0567 -31.2107 7.5
      vertex 98.1039 -35.7069 7.5
    endloop
  endfacet
  facet normal -0 0 1
    outer loop
      vertex 94.909 -34.544 7.5
      vertex 98.1039 -35.7069 7.5
      vertex 96.0567 -31.2107 7.5
    endloop
  endfacet
  facet normal 0 0 1
    outer loop
      vertex 98.1039 -35.7069 7.5
      vertex 94.909 -34.544 7.5
      vertex 96.798 -39.1089 7.5
    endloop
  endfacet
  facet normal -0 0 1
    outer loop
      vertex 93.6456 -37.8353 7.5
      vertex 96.798 -39.1089 7.5
      vertex 94.909 -34.544 7.5
    endloop
  endfacet
  facet normal 0 0 1
    outer loop
      vertex 96.798 -39.1089 7.5
      vertex 93.6456 -37.8353 7.5
      vertex 95.3741 -42.4633 7.5
    endloop
  endfacet
  facet normal -0 0 1
    outer loop
      vertex 92.2681 -41.0804 7.5
      vertex 95.3741 -42.4633 7.5
      vertex 93.6456 -37.8353 7.5
    endloop
  endfacet
  facet normal 0 0 1
    outer loop
      vertex 95.3741 -42.4633 7.5
      vertex 92.2681 -41.0804 7.5
      vertex 93.8341 -45.7659 7.5
    endloop
  endfacet
  facet normal -0 0 1
    outer loop
      vertex 90.7782 -44.2755 7.5
      vertex 93.8341 -45.7659 7.5
      vertex 92.2681 -41.0804 7.5
    endloop
  endfacet
  facet normal 0 0 1
    outer loop
      vertex 93.8341 -45.7659 7.5
      vertex 90.7782 -44.2755 7.5
      vertex 92.1797 -49.0128 7.5
    endloop
  endfacet
  facet normal -0 0 1
    outer loop
      vertex 89.1777 -47.4166 7.5
      vertex 92.1797 -49.0128 7.5
      vertex 90.7782 -44.2755 7.5
    endloop
  endfacet
  facet normal 0 0 1
    outer loop
      vertex 92.1797 -49.0128 7.5
      vertex 89.1777 -47.4166 7.5
      vertex 90.413 -52.2 7.5
    endloop
  endfacet
  facet normal -0 0 1
    outer loop
      vertex 87.4686 -50.5 7.5
      vertex 90.413 -52.2 7.5
      vertex 89.1777 -47.4166 7.5
    endloop
  endfacet
  facet normal 0 0 1
    outer loop
      vertex 90.413 -52.2 7.5
      vertex 87.4686 -50.5 7.5
      vertex 88.5362 -55.3236 7.5
    endloop
  endfacet
  facet normal -0 0 1
    outer loop
      vertex 85.6529 -53.5218 7.5
      vertex 88.5362 -55.3236 7.5
      vertex 87.4686 -50.5 7.5
    endloop
  endfacet
  facet normal 0 0 1
    outer loop
      vertex 88.5362 -55.3236 7.5
      vertex 85.6529 -53.5218 7.5
      vertex 86.5515 -58.3797 7.5
    endloop
  endfacet
  facet normal -0 0 1
    outer loop
      vertex 83.7328 -56.4785 7.5
      vertex 86.5515 -58.3797 7.5
      vertex 85.6529 -53.5218 7.5
    endloop
  endfacet
  facet normal 0 0 1
    outer loop
      vertex 86.5515 -58.3797 7.5
      vertex 83.7328 -56.4785 7.5
      vertex 84.4614 -61.3648 7.5
    endloop
  endfacet
  facet normal -0 0 1
    outer loop
      vertex 81.7107 -59.3663 7.5
      vertex 84.4614 -61.3648 7.5
      vertex 83.7328 -56.4785 7.5
    endloop
  endfacet
  facet normal 0 0 1
    outer loop
      vertex 84.4614 -61.3648 7.5
      vertex 81.7107 -59.3663 7.5
      vertex 82.2683 -64.2751 7.5
    endloop
  endfacet
  facet normal -0 0 1
    outer loop
      vertex 79.5891 -62.1818 7.5
      vertex 82.2683 -64.2751 7.5
      vertex 81.7107 -59.3663 7.5
    endloop
  endfacet
  facet normal 0 0 1
    outer loop
      vertex 82.2683 -64.2751 7.5
      vertex 79.5891 -62.1818 7.5
      vertex 79.975 -67.107 7.5
    endloop
  endfacet
  facet normal -0 0 1
    outer loop
      vertex 77.3705 -64.9215 7.5
      vertex 79.975 -67.107 7.5
      vertex 79.5891 -62.1818 7.5
    endloop
  endfacet
  facet normal 0 0 1
    outer loop
      vertex 79.975 -67.107 7.5
      vertex 77.3705 -64.9215 7.5
      vertex 77.5843 -69.8572 7.5
    endloop
  endfacet
  facet normal -0 0 1
    outer loop
      vertex 75.0576 -67.5822 7.5
      vertex 77.5843 -69.8572 7.5
      vertex 77.3705 -64.9215 7.5
    endloop
  endfacet
  facet normal 0 0 1
    outer loop
      vertex 77.5843 -69.8572 7.5
      vertex 75.0576 -67.5822 7.5
      vertex 75.0991 -72.5223 7.5
    endloop
  endfacet
  facet normal -0 0 1
    outer loop
      vertex 72.6533 -70.1605 7.5
      vertex 75.0991 -72.5223 7.5
      vertex 75.0576 -67.5822 7.5
    endloop
  endfacet
  facet normal 0 0 1
    outer loop
      vertex 72.6533 -70.1605 7.5
      vertex 72.5223 -75.0991 7.5
      vertex 75.0991 -72.5223 7.5
    endloop
  endfacet
  facet normal -0 0 1
    outer loop
      vertex 70.1605 -72.6533 7.5
      vertex 72.5223 -75.0991 7.5
      vertex 72.6533 -70.1605 7.5
    endloop
  endfacet
  facet normal 0 0 1
    outer loop
      vertex 70.1605 -72.6533 7.5
      vertex 69.8572 -77.5843 7.5
      vertex 72.5223 -75.0991 7.5
    endloop
  endfacet
  facet normal -0 0 1
    outer loop
      vertex 67.5822 -75.0576 7.5
      vertex 69.8572 -77.5843 7.5
      vertex 70.1605 -72.6533 7.5
    endloop
  endfacet
  facet normal 0 0 1
    outer loop
      vertex 67.5822 -75.0576 7.5
      vertex 67.107 -79.975 7.5
      vertex 69.8572 -77.5843 7.5
    endloop
  endfacet
  facet normal -0 0 1
    outer loop
      vertex 64.9215 -77.3705 7.5
      vertex 67.107 -79.975 7.5
      vertex 67.5822 -75.0576 7.5
    endloop
  endfacet
  facet normal 0 0 1
    outer loop
      vertex 64.9215 -77.3705 7.5
      vertex 64.2751 -82.2683 7.5
      vertex 67.107 -79.975 7.5
    endloop
  endfacet
  facet normal -0 0 1
    outer loop
      vertex 62.1818 -79.5891 7.5
      vertex 64.2751 -82.2683 7.5
      vertex 64.9215 -77.3705 7.5
    endloop
  endfacet
  facet normal 0 0 1
    outer loop
      vertex 62.1818 -79.5891 7.5
      vertex 61.3648 -84.4614 7.5
      vertex 64.2751 -82.2683 7.5
    endloop
  endfacet
  facet normal -0 0 1
    outer loop
      vertex 59.3663 -81.7107 7.5
      vertex 61.3648 -84.4614 7.5
      vertex 62.1818 -79.5891 7.5
    endloop
  endfacet
  facet normal 0 0 1
    outer loop
      vertex 59.3663 -81.7107 7.5
      vertex 58.3797 -86.5515 7.5
      vertex 61.3648 -84.4614 7.5
    endloop
  endfacet
  facet normal -0 0 1
    outer loop
      vertex 56.4785 -83.7328 7.5
      vertex 58.3797 -86.5515 7.5
      vertex 59.3663 -81.7107 7.5
    endloop
  endfacet
  facet normal 0 0 1
    outer loop
      vertex 56.4785 -83.7328 7.5
      vertex 55.3236 -88.5362 7.5
      vertex 58.3797 -86.5515 7.5
    endloop
  endfacet
  facet normal -0 0 1
    outer loop
      vertex 53.5218 -85.6529 7.5
      vertex 55.3236 -88.5362 7.5
      vertex 56.4785 -83.7328 7.5
    endloop
  endfacet
  facet normal 0 0 1
    outer loop
      vertex 53.5218 -85.6529 7.5
      vertex 52.2 -90.413 7.5
      vertex 55.3236 -88.5362 7.5
    endloop
  endfacet
  facet normal -0 0 1
    outer loop
      vertex 50.5 -87.4686 7.5
      vertex 52.2 -90.413 7.5
      vertex 53.5218 -85.6529 7.5
    endloop
  endfacet
  facet normal 0 0 1
    outer loop
      vertex 50.5 -87.4686 7.5
      vertex 49.0128 -92.1797 7.5
      vertex 52.2 -90.413 7.5
    endloop
  endfacet
  facet normal -0 0 1
    outer loop
      vertex 47.4166 -89.1777 7.5
      vertex 49.0128 -92.1797 7.5
      vertex 50.5 -87.4686 7.5
    endloop
  endfacet
  facet normal 0 0 1
    outer loop
      vertex 47.4166 -89.1777 7.5
      vertex 45.7659 -93.8341 7.5
      vertex 49.0128 -92.1797 7.5
    endloop
  endfacet
  facet normal -0 0 1
    outer loop
      vertex 44.2755 -90.7782 7.5
      vertex 45.7659 -93.8341 7.5
      vertex 47.4166 -89.1777 7.5
    endloop
  endfacet
  facet normal 0 0 1
    outer loop
      vertex 44.2755 -90.7782 7.5
      vertex 42.4633 -95.3741 7.5
      vertex 45.7659 -93.8341 7.5
    endloop
  endfacet
  facet normal -0 0 1
    outer loop
      vertex 41.0804 -92.2681 7.5
      vertex 42.4633 -95.3741 7.5
      vertex 44.2755 -90.7782 7.5
    endloop
  endfacet
  facet normal 0 0 1
    outer loop
      vertex 41.0804 -92.2681 7.5
      vertex 39.1089 -96.798 7.5
      vertex 42.4633 -95.3741 7.5
    endloop
  endfacet
  facet normal -0 0 1
    outer loop
      vertex 37.8353 -93.6456 7.5
      vertex 39.1089 -96.798 7.5
      vertex 41.0804 -92.2681 7.5
    endloop
  endfacet
  facet normal 0 0 1
    outer loop
      vertex 37.8353 -93.6456 7.5
      vertex 35.7069 -98.1039 7.5
      vertex 39.1089 -96.798 7.5
    endloop
  endfacet
  facet normal -0 0 1
    outer loop
      vertex 34.544 -94.909 7.5
      vertex 35.7069 -98.1039 7.5
      vertex 37.8353 -93.6456 7.5
    endloop
  endfacet
  facet normal 0 0 1
    outer loop
      vertex 34.544 -94.909 7.5
      vertex 32.2614 -99.2903 7.5
      vertex 35.7069 -98.1039 7.5
    endloop
  endfacet
  facet normal -0 0 1
    outer loop
      vertex 31.2107 -96.0567 7.5
      vertex 32.2614 -99.2903 7.5
      vertex 34.544 -94.909 7.5
    endloop
  endfacet
  facet normal 0 0 1
    outer loop
      vertex 31.2107 -96.0567 7.5
      vertex 28.7765 -100.356 7.5
      vertex 32.2614 -99.2903 7.5
    endloop
  endfacet
  facet normal -0 0 1
    outer loop
      vertex 27.8394 -97.0874 7.5
      vertex 28.7765 -100.356 7.5
      vertex 31.2107 -96.0567 7.5
    endloop
  endfacet
  facet normal 0 0 1
    outer loop
      vertex 27.8394 -97.0874 7.5
      vertex 25.2566 -101.299 7.5
      vertex 28.7765 -100.356 7.5
    endloop
  endfacet
  facet normal -0 0 1
    outer loop
      vertex 24.4341 -97.9999 7.5
      vertex 25.2566 -101.299 7.5
      vertex 27.8394 -97.0874 7.5
    endloop
  endfacet
  facet normal 0 0 1
    outer loop
      vertex 24.4341 -97.9999 7.5
      vertex 21.706 -102.119 7.5
      vertex 25.2566 -101.299 7.5
    endloop
  endfacet
  facet normal -0 0 1
    outer loop
      vertex 20.9991 -98.7929 7.5
      vertex 21.706 -102.119 7.5
      vertex 24.4341 -97.9999 7.5
    endloop
  endfacet
  facet normal 0 0 1
    outer loop
      vertex 20.9991 -98.7929 7.5
      vertex 18.1289 -102.814 7.5
      vertex 21.706 -102.119 7.5
    endloop
  endfacet
  facet normal -0 0 1
    outer loop
      vertex 17.5385 -99.4656 7.5
      vertex 18.1289 -102.814 7.5
      vertex 20.9991 -98.7929 7.5
    endloop
  endfacet
  facet normal 0 0 1
    outer loop
      vertex 17.5385 -99.4656 7.5
      vertex 14.5297 -103.384 7.5
      vertex 18.1289 -102.814 7.5
    endloop
  endfacet
  facet normal -0 0 1
    outer loop
      vertex 14.0565 -100.017 7.5
      vertex 14.5297 -103.384 7.5
      vertex 17.5385 -99.4656 7.5
    endloop
  endfacet
  facet normal 0 0 1
    outer loop
      vertex 14.0565 -100.017 7.5
      vertex 10.9128 -103.828 7.5
      vertex 14.5297 -103.384 7.5
    endloop
  endfacet
  facet normal -0 0 1
    outer loop
      vertex 10.5574 -100.447 7.5
      vertex 10.9128 -103.828 7.5
      vertex 14.0565 -100.017 7.5
    endloop
  endfacet
  facet normal 0 0 1
    outer loop
      vertex 10.5574 -100.447 7.5
      vertex 7.28257 -104.146 7.5
      vertex 10.9128 -103.828 7.5
    endloop
  endfacet
  facet normal -0 0 1
    outer loop
      vertex 7.0454 -100.754 7.5
      vertex 7.28257 -104.146 7.5
      vertex 10.5574 -100.447 7.5
    endloop
  endfacet
  facet normal 0 0 1
    outer loop
      vertex 7.0454 -100.754 7.5
      vertex 3.64351 -104.336 7.5
      vertex 7.28257 -104.146 7.5
    endloop
  endfacet
  facet normal -0 0 1
    outer loop
      vertex 3.52485 -100.938 7.5
      vertex 3.64351 -104.336 7.5
      vertex 7.0454 -100.754 7.5
    endloop
  endfacet
  facet normal -0 0 1
    outer loop
      vertex 0 -101 7.5
      vertex 3.64351 -104.336 7.5
      vertex 3.52485 -100.938 7.5
    endloop
  endfacet
  facet normal 0 0 1
    outer loop
      vertex 0 -101 7.5
      vertex 0 -104.4 7.5
      vertex 3.64351 -104.336 7.5
    endloop
  endfacet
  facet normal 0 0 1
    outer loop
      vertex -3.52485 -100.938 7.5
      vertex 0 -104.4 7.5
      vertex 0 -101 7.5
    endloop
  endfacet
  facet normal 0 0 1
    outer loop
      vertex -3.52485 -100.938 7.5
      vertex -3.64351 -104.336 7.5
      vertex 0 -104.4 7.5
    endloop
  endfacet
  facet normal 0 0 1
    outer loop
      vertex -7.0454 -100.754 7.5
      vertex -3.64351 -104.336 7.5
      vertex -3.52485 -100.938 7.5
    endloop
  endfacet
  facet normal 0 0 1
    outer loop
      vertex -7.0454 -100.754 7.5
      vertex -7.28257 -104.146 7.5
      vertex -3.64351 -104.336 7.5
    endloop
  endfacet
  facet normal 0 0 1
    outer loop
      vertex -10.5574 -100.447 7.5
      vertex -7.28257 -104.146 7.5
      vertex -7.0454 -100.754 7.5
    endloop
  endfacet
  facet normal 0 0 1
    outer loop
      vertex -10.5574 -100.447 7.5
      vertex -10.9128 -103.828 7.5
      vertex -7.28257 -104.146 7.5
    endloop
  endfacet
  facet normal 0 0 1
    outer loop
      vertex -14.0565 -100.017 7.5
      vertex -10.9128 -103.828 7.5
      vertex -10.5574 -100.447 7.5
    endloop
  endfacet
  facet normal 0 0 1
    outer loop
      vertex -14.0565 -100.017 7.5
      vertex -14.5297 -103.384 7.5
      vertex -10.9128 -103.828 7.5
    endloop
  endfacet
  facet normal 0 0 1
    outer loop
      vertex -17.5385 -99.4656 7.5
      vertex -14.5297 -103.384 7.5
      vertex -14.0565 -100.017 7.5
    endloop
  endfacet
  facet normal 0 0 1
    outer loop
      vertex -17.5385 -99.4656 7.5
      vertex -18.1289 -102.814 7.5
      vertex -14.5297 -103.384 7.5
    endloop
  endfacet
  facet normal 0 0 1
    outer loop
      vertex -20.9991 -98.7929 7.5
      vertex -18.1289 -102.814 7.5
      vertex -17.5385 -99.4656 7.5
    endloop
  endfacet
  facet normal 0 0 1
    outer loop
      vertex -20.9991 -98.7929 7.5
      vertex -21.706 -102.119 7.5
      vertex -18.1289 -102.814 7.5
    endloop
  endfacet
  facet normal 0 0 1
    outer loop
      vertex -24.4341 -97.9999 7.5
      vertex -21.706 -102.119 7.5
      vertex -20.9991 -98.7929 7.5
    endloop
  endfacet
  facet normal 0 0 1
    outer loop
      vertex -24.4341 -97.9999 7.5
      vertex -25.2566 -101.299 7.5
      vertex -21.706 -102.119 7.5
    endloop
  endfacet
  facet normal 0 0 1
    outer loop
      vertex -27.8394 -97.0874 7.5
      vertex -25.2566 -101.299 7.5
      vertex -24.4341 -97.9999 7.5
    endloop
  endfacet
  facet normal 0 0 1
    outer loop
      vertex -27.8394 -97.0874 7.5
      vertex -28.7765 -100.356 7.5
      vertex -25.2566 -101.299 7.5
    endloop
  endfacet
  facet normal 0 0 1
    outer loop
      vertex -31.2107 -96.0567 7.5
      vertex -28.7765 -100.356 7.5
      vertex -27.8394 -97.0874 7.5
    endloop
  endfacet
  facet normal 0 0 1
    outer loop
      vertex -31.2107 -96.0567 7.5
      vertex -32.2614 -99.2903 7.5
      vertex -28.7765 -100.356 7.5
    endloop
  endfacet
  facet normal 0 0 1
    outer loop
      vertex -34.544 -94.909 7.5
      vertex -32.2614 -99.2903 7.5
      vertex -31.2107 -96.0567 7.5
    endloop
  endfacet
  facet normal 0 0 1
    outer loop
      vertex -34.544 -94.909 7.5
      vertex -35.7069 -98.1039 7.5
      vertex -32.2614 -99.2903 7.5
    endloop
  endfacet
  facet normal 0 0 1
    outer loop
      vertex -37.8353 -93.6456 7.5
      vertex -35.7069 -98.1039 7.5
      vertex -34.544 -94.909 7.5
    endloop
  endfacet
  facet normal 0 0 1
    outer loop
      vertex -37.8353 -93.6456 7.5
      vertex -39.1089 -96.798 7.5
      vertex -35.7069 -98.1039 7.5
    endloop
  endfacet
  facet normal 0 0 1
    outer loop
      vertex -41.0804 -92.2681 7.5
      vertex -39.1089 -96.798 7.5
      vertex -37.8353 -93.6456 7.5
    endloop
  endfacet
  facet normal 0 0 1
    outer loop
      vertex -41.0804 -92.2681 7.5
      vertex -42.4633 -95.3741 7.5
      vertex -39.1089 -96.798 7.5
    endloop
  endfacet
  facet normal 0 0 1
    outer loop
      vertex -44.2755 -90.7782 7.5
      vertex -42.4633 -95.3741 7.5
      vertex -41.0804 -92.2681 7.5
    endloop
  endfacet
  facet normal 0 0 1
    outer loop
      vertex -44.2755 -90.7782 7.5
      vertex -45.7659 -93.8341 7.5
      vertex -42.4633 -95.3741 7.5
    endloop
  endfacet
  facet normal 0 0 1
    outer loop
      vertex -47.4166 -89.1777 7.5
      vertex -45.7659 -93.8341 7.5
      vertex -44.2755 -90.7782 7.5
    endloop
  endfacet
  facet normal 0 0 1
    outer loop
      vertex -47.4166 -89.1777 7.5
      vertex -49.0128 -92.1797 7.5
      vertex -45.7659 -93.8341 7.5
    endloop
  endfacet
  facet normal 0 0 1
    outer loop
      vertex -50.5 -87.4686 7.5
      vertex -49.0128 -92.1797 7.5
      vertex -47.4166 -89.1777 7.5
    endloop
  endfacet
  facet normal 0 0 1
    outer loop
      vertex -50.5 -87.4686 7.5
      vertex -52.2 -90.413 7.5
      vertex -49.0128 -92.1797 7.5
    endloop
  endfacet
  facet normal 0 0 1
    outer loop
      vertex -53.5218 -85.6529 7.5
      vertex -52.2 -90.413 7.5
      vertex -50.5 -87.4686 7.5
    endloop
  endfacet
  facet normal 0 0 1
    outer loop
      vertex -53.5218 -85.6529 7.5
      vertex -55.3236 -88.5362 7.5
      vertex -52.2 -90.413 7.5
    endloop
  endfacet
  facet normal 0 0 1
    outer loop
      vertex -56.4785 -83.7328 7.5
      vertex -55.3236 -88.5362 7.5
      vertex -53.5218 -85.6529 7.5
    endloop
  endfacet
  facet normal 0 0 1
    outer loop
      vertex -56.4785 -83.7328 7.5
      vertex -58.3797 -86.5515 7.5
      vertex -55.3236 -88.5362 7.5
    endloop
  endfacet
  facet normal 0 0 1
    outer loop
      vertex -59.3663 -81.7107 7.5
      vertex -58.3797 -86.5515 7.5
      vertex -56.4785 -83.7328 7.5
    endloop
  endfacet
  facet normal 0 0 1
    outer loop
      vertex -59.3663 -81.7107 7.5
      vertex -61.3648 -84.4614 7.5
      vertex -58.3797 -86.5515 7.5
    endloop
  endfacet
  facet normal 0 0 1
    outer loop
      vertex -62.1818 -79.5891 7.5
      vertex -61.3648 -84.4614 7.5
      vertex -59.3663 -81.7107 7.5
    endloop
  endfacet
  facet normal 0 0 1
    outer loop
      vertex -62.1818 -79.5891 7.5
      vertex -64.2751 -82.2683 7.5
      vertex -61.3648 -84.4614 7.5
    endloop
  endfacet
  facet normal 0 0 1
    outer loop
      vertex -64.9215 -77.3705 7.5
      vertex -64.2751 -82.2683 7.5
      vertex -62.1818 -79.5891 7.5
    endloop
  endfacet
  facet normal 0 0 1
    outer loop
      vertex -64.9215 -77.3705 7.5
      vertex -67.107 -79.975 7.5
      vertex -64.2751 -82.2683 7.5
    endloop
  endfacet
  facet normal 0 0 1
    outer loop
      vertex -67.5822 -75.0576 7.5
      vertex -67.107 -79.975 7.5
      vertex -64.9215 -77.3705 7.5
    endloop
  endfacet
  facet normal 0 0 1
    outer loop
      vertex -67.5822 -75.0576 7.5
      vertex -69.8572 -77.5843 7.5
      vertex -67.107 -79.975 7.5
    endloop
  endfacet
  facet normal 0 0 1
    outer loop
      vertex -70.1605 -72.6533 7.5
      vertex -69.8572 -77.5843 7.5
      vertex -67.5822 -75.0576 7.5
    endloop
  endfacet
  facet normal 0 0 1
    outer loop
      vertex -70.1605 -72.6533 7.5
      vertex -72.5223 -75.0991 7.5
      vertex -69.8572 -77.5843 7.5
    endloop
  endfacet
  facet normal 0 0 1
    outer loop
      vertex -72.6533 -70.1605 7.5
      vertex -72.5223 -75.0991 7.5
      vertex -70.1605 -72.6533 7.5
    endloop
  endfacet
  facet normal 0 0 1
    outer loop
      vertex -75.0991 -72.5223 7.5
      vertex -72.6533 -70.1605 7.5
      vertex -75.0576 -67.5822 7.5
    endloop
  endfacet
  facet normal 0 0 1
    outer loop
      vertex -72.6533 -70.1605 7.5
      vertex -75.0991 -72.5223 7.5
      vertex -72.5223 -75.0991 7.5
    endloop
  endfacet
  facet normal 0 0 1
    outer loop
      vertex -77.5843 -69.8572 7.5
      vertex -75.0576 -67.5822 7.5
      vertex -77.3705 -64.9215 7.5
    endloop
  endfacet
  facet normal 0 0 1
    outer loop
      vertex -75.0576 -67.5822 7.5
      vertex -77.5843 -69.8572 7.5
      vertex -75.0991 -72.5223 7.5
    endloop
  endfacet
  facet normal 0 0 1
    outer loop
      vertex -79.975 -67.107 7.5
      vertex -77.3705 -64.9215 7.5
      vertex -79.5891 -62.1818 7.5
    endloop
  endfacet
  facet normal 0 0 1
    outer loop
      vertex -77.3705 -64.9215 7.5
      vertex -79.975 -67.107 7.5
      vertex -77.5843 -69.8572 7.5
    endloop
  endfacet
  facet normal 0 0 1
    outer loop
      vertex -82.2683 -64.2751 7.5
      vertex -79.5891 -62.1818 7.5
      vertex -81.7107 -59.3663 7.5
    endloop
  endfacet
  facet normal 0 0 1
    outer loop
      vertex -79.5891 -62.1818 7.5
      vertex -82.2683 -64.2751 7.5
      vertex -79.975 -67.107 7.5
    endloop
  endfacet
  facet normal 0 0 1
    outer loop
      vertex -84.4614 -61.3648 7.5
      vertex -81.7107 -59.3663 7.5
      vertex -83.7328 -56.4785 7.5
    endloop
  endfacet
  facet normal 0 0 1
    outer loop
      vertex -81.7107 -59.3663 7.5
      vertex -84.4614 -61.3648 7.5
      vertex -82.2683 -64.2751 7.5
    endloop
  endfacet
  facet normal 0 0 1
    outer loop
      vertex -86.5515 -58.3797 7.5
      vertex -83.7328 -56.4785 7.5
      vertex -85.6529 -53.5218 7.5
    endloop
  endfacet
  facet normal 0 0 1
    outer loop
      vertex -83.7328 -56.4785 7.5
      vertex -86.5515 -58.3797 7.5
      vertex -84.4614 -61.3648 7.5
    endloop
  endfacet
  facet normal 0 0 1
    outer loop
      vertex -88.5362 -55.3236 7.5
      vertex -85.6529 -53.5218 7.5
      vertex -87.4686 -50.5 7.5
    endloop
  endfacet
  facet normal 0 0 1
    outer loop
      vertex -85.6529 -53.5218 7.5
      vertex -88.5362 -55.3236 7.5
      vertex -86.5515 -58.3797 7.5
    endloop
  endfacet
  facet normal 0 0 1
    outer loop
      vertex -90.413 -52.2 7.5
      vertex -87.4686 -50.5 7.5
      vertex -89.1777 -47.4166 7.5
    endloop
  endfacet
  facet normal 0 0 1
    outer loop
      vertex -87.4686 -50.5 7.5
      vertex -90.413 -52.2 7.5
      vertex -88.5362 -55.3236 7.5
    endloop
  endfacet
  facet normal 0 0 1
    outer loop
      vertex -92.1797 -49.0128 7.5
      vertex -89.1777 -47.4166 7.5
      vertex -90.7782 -44.2755 7.5
    endloop
  endfacet
  facet normal 0 0 1
    outer loop
      vertex -89.1777 -47.4166 7.5
      vertex -92.1797 -49.0128 7.5
      vertex -90.413 -52.2 7.5
    endloop
  endfacet
  facet normal 0 0 1
    outer loop
      vertex -93.8341 -45.7659 7.5
      vertex -90.7782 -44.2755 7.5
      vertex -92.2681 -41.0804 7.5
    endloop
  endfacet
  facet normal 0 0 1
    outer loop
      vertex -95.3741 -42.4633 7.5
      vertex -92.2681 -41.0804 7.5
      vertex -93.6456 -37.8353 7.5
    endloop
  endfacet
  facet normal 0 0 1
    outer loop
      vertex -90.7782 -44.2755 7.5
      vertex -93.8341 -45.7659 7.5
      vertex -92.1797 -49.0128 7.5
    endloop
  endfacet
  facet normal 0 0 1
    outer loop
      vertex -96.798 -39.1089 7.5
      vertex -93.6456 -37.8353 7.5
      vertex -94.909 -34.544 7.5
    endloop
  endfacet
  facet normal 0 0 1
    outer loop
      vertex -92.2681 -41.0804 7.5
      vertex -95.3741 -42.4633 7.5
      vertex -93.8341 -45.7659 7.5
    endloop
  endfacet
  facet normal 0 0 1
    outer loop
      vertex -98.1039 -35.7069 7.5
      vertex -94.909 -34.544 7.5
      vertex -96.0567 -31.2107 7.5
    endloop
  endfacet
  facet normal 0 0 1
    outer loop
      vertex -93.6456 -37.8353 7.5
      vertex -96.798 -39.1089 7.5
      vertex -95.3741 -42.4633 7.5
    endloop
  endfacet
  facet normal 0 0 1
    outer loop
      vertex -99.2903 -32.2614 7.5
      vertex -96.0567 -31.2107 7.5
      vertex -97.0874 -27.8394 7.5
    endloop
  endfacet
  facet normal 0 0 1
    outer loop
      vertex -100.356 -28.7765 7.5
      vertex -97.0874 -27.8394 7.5
      vertex -97.9999 -24.4341 7.5
    endloop
  endfacet
  facet normal 0 0 1
    outer loop
      vertex -94.909 -34.544 7.5
      vertex -98.1039 -35.7069 7.5
      vertex -96.798 -39.1089 7.5
    endloop
  endfacet
  facet normal 0 0 1
    outer loop
      vertex -101.299 -25.2566 7.5
      vertex -97.9999 -24.4341 7.5
      vertex -98.7929 -20.9991 7.5
    endloop
  endfacet
  facet normal 0 0 1
    outer loop
      vertex -96.0567 -31.2107 7.5
      vertex -99.2903 -32.2614 7.5
      vertex -98.1039 -35.7069 7.5
    endloop
  endfacet
  facet normal 0 0 1
    outer loop
      vertex -102.119 -21.706 7.5
      vertex -98.7929 -20.9991 7.5
      vertex -99.4656 -17.5385 7.5
    endloop
  endfacet
  facet normal 0 0 1
    outer loop
      vertex -102.814 -18.1289 7.5
      vertex -99.4656 -17.5385 7.5
      vertex -100.017 -14.0565 7.5
    endloop
  endfacet
  facet normal 0 0 1
    outer loop
      vertex -97.0874 -27.8394 7.5
      vertex -100.356 -28.7765 7.5
      vertex -99.2903 -32.2614 7.5
    endloop
  endfacet
  facet normal 0 0 1
    outer loop
      vertex -103.384 -14.5297 7.5
      vertex -100.017 -14.0565 7.5
      vertex -100.447 -10.5574 7.5
    endloop
  endfacet
  facet normal 0 0 1
    outer loop
      vertex -103.828 -10.9128 7.5
      vertex -100.447 -10.5574 7.5
      vertex -100.754 -7.0454 7.5
    endloop
  endfacet
  facet normal 0 0 1
    outer loop
      vertex -104.146 -7.28257 7.5
      vertex -100.754 -7.0454 7.5
      vertex -100.938 -3.52485 7.5
    endloop
  endfacet
  facet normal 0 0 1
    outer loop
      vertex -97.9999 -24.4341 7.5
      vertex -101.299 -25.2566 7.5
      vertex -100.356 -28.7765 7.5
    endloop
  endfacet
  facet normal 0 0 1
    outer loop
      vertex -104.336 -3.64351 7.5
      vertex -100.938 -3.52485 7.5
      vertex -101 0 7.5
    endloop
  endfacet
  facet normal -0 0 1
    outer loop
      vertex -103.828 10.9128 7.5
      vertex -100.447 10.5574 7.5
      vertex -103.384 14.5297 7.5
    endloop
  endfacet
  facet normal 0 0 1
    outer loop
      vertex -100.447 10.5574 7.5
      vertex -103.828 10.9128 7.5
      vertex -100.754 7.0454 7.5
    endloop
  endfacet
  facet normal 0 0 1
    outer loop
      vertex -98.7929 -20.9991 7.5
      vertex -102.119 -21.706 7.5
      vertex -101.299 -25.2566 7.5
    endloop
  endfacet
  facet normal -0 0 1
    outer loop
      vertex -104.146 7.28257 7.5
      vertex -100.754 7.0454 7.5
      vertex -103.828 10.9128 7.5
    endloop
  endfacet
  facet normal 0 0 1
    outer loop
      vertex -99.4656 -17.5385 7.5
      vertex -102.814 -18.1289 7.5
      vertex -102.119 -21.706 7.5
    endloop
  endfacet
  facet normal 0 0 1
    outer loop
      vertex -100.754 7.0454 7.5
      vertex -104.146 7.28257 7.5
      vertex -100.938 3.52485 7.5
    endloop
  endfacet
  facet normal 0 0 1
    outer loop
      vertex -100.017 -14.0565 7.5
      vertex -103.384 -14.5297 7.5
      vertex -102.814 -18.1289 7.5
    endloop
  endfacet
  facet normal -0 0 1
    outer loop
      vertex -104.336 3.64351 7.5
      vertex -100.938 3.52485 7.5
      vertex -104.146 7.28257 7.5
    endloop
  endfacet
  facet normal 0 0 1
    outer loop
      vertex -100.447 -10.5574 7.5
      vertex -103.828 -10.9128 7.5
      vertex -103.384 -14.5297 7.5
    endloop
  endfacet
  facet normal 0 0 1
    outer loop
      vertex -100.938 3.52485 7.5
      vertex -104.336 3.64351 7.5
      vertex -101 0 7.5
    endloop
  endfacet
  facet normal 0 0 1
    outer loop
      vertex -100.754 -7.0454 7.5
      vertex -104.146 -7.28257 7.5
      vertex -103.828 -10.9128 7.5
    endloop
  endfacet
  facet normal 0 0 1
    outer loop
      vertex -104.4 0 7.5
      vertex -101 0 7.5
      vertex -104.336 3.64351 7.5
    endloop
  endfacet
  facet normal 0 0 1
    outer loop
      vertex -100.938 -3.52485 7.5
      vertex -104.336 -3.64351 7.5
      vertex -104.146 -7.28257 7.5
    endloop
  endfacet
  facet normal 0 0 1
    outer loop
      vertex -101 0 7.5
      vertex -104.4 0 7.5
      vertex -104.336 -3.64351 7.5
    endloop
  endfacet
  facet normal 0.999845 0.0175867 0
    outer loop
      vertex -100.938 -3.52485 7.5
      vertex -101 0 6
      vertex -101 0 7.5
    endloop
  endfacet
  facet normal 0.999845 0.0175867 0
    outer loop
      vertex -101 0 6
      vertex -100.938 -3.52485 7.5
      vertex -100.938 -3.52485 6
    endloop
  endfacet
  facet normal 0 0 1
    outer loop
      vertex 6.46632 11.2 6
      vertex -5.80861 15.5909 6
      vertex -5.80829 15.5885 6
    endloop
  endfacet
  facet normal 0 0 1
    outer loop
      vertex 0 101 6
      vertex -5.91704 16.4145 6
      vertex -5.80861 15.5909 6
    endloop
  endfacet
  facet normal 0 0 1
    outer loop
      vertex 0 101 6
      vertex -5.91798 16.4168 6
      vertex -5.91704 16.4145 6
    endloop
  endfacet
  facet normal 0 0 1
    outer loop
      vertex 0 101 6
      vertex -6.2359 17.1843 6
      vertex -5.91798 16.4168 6
    endloop
  endfacet
  facet normal 0 0 1
    outer loop
      vertex 0 101 6
      vertex -6.74163 17.8434 6
      vertex -6.2359 17.1843 6
    endloop
  endfacet
  facet normal 0 0 1
    outer loop
      vertex 0 101 6
      vertex -6.74312 17.8453 6
      vertex -6.74163 17.8434 6
    endloop
  endfacet
  facet normal 0 0 1
    outer loop
      vertex -8.17392 18.6714 6
      vertex -3.52485 100.938 6
      vertex -7.0454 100.754 6
    endloop
  endfacet
  facet normal 0 0 1
    outer loop
      vertex 0 101 6
      vertex -7.4022 18.3511 6
      vertex -6.74312 17.8453 6
    endloop
  endfacet
  facet normal 0 0 1
    outer loop
      vertex 0 101 6
      vertex -7.40414 18.3526 6
      vertex -7.4022 18.3511 6
    endloop
  endfacet
  facet normal 0 0 1
    outer loop
      vertex 0 101 6
      vertex -7.40641 18.3535 6
      vertex -7.40414 18.3526 6
    endloop
  endfacet
  facet normal 0 0 1
    outer loop
      vertex 0 101 6
      vertex -8.17392 18.6714 6
      vertex -7.40641 18.3535 6
    endloop
  endfacet
  facet normal 0 0 1
    outer loop
      vertex -7.0454 100.754 6
      vertex -8.99757 18.7799 6
      vertex -8.17392 18.6714 6
    endloop
  endfacet
  facet normal 0 0 1
    outer loop
      vertex -7.0454 100.754 6
      vertex -9 18.7802 6
      vertex -8.99757 18.7799 6
    endloop
  endfacet
  facet normal -0 0 1
    outer loop
      vertex -10.5574 100.447 6
      vertex -9 18.7802 6
      vertex -7.0454 100.754 6
    endloop
  endfacet
  facet normal -0 0 1
    outer loop
      vertex -14.0565 100.017 6
      vertex -9 18.7802 6
      vertex -10.5574 100.447 6
    endloop
  endfacet
  facet normal -0 0 1
    outer loop
      vertex -17.5385 99.4656 6
      vertex -9 18.7802 6
      vertex -14.0565 100.017 6
    endloop
  endfacet
  facet normal -0 0 1
    outer loop
      vertex -20.9991 98.7929 6
      vertex -9 18.7802 6
      vertex -17.5385 99.4656 6
    endloop
  endfacet
  facet normal -0 0 1
    outer loop
      vertex -24.4341 97.9999 6
      vertex -9 18.7802 6
      vertex -20.9991 98.7929 6
    endloop
  endfacet
  facet normal 0 0 1
    outer loop
      vertex -9 18.7802 6
      vertex -24.4341 97.9999 6
      vertex -9.00243 18.7799 6
    endloop
  endfacet
  facet normal 0 0 1
    outer loop
      vertex -9.00243 18.7799 6
      vertex -24.4341 97.9999 6
      vertex -9.82608 18.6714 6
    endloop
  endfacet
  facet normal -0 0 1
    outer loop
      vertex -27.8394 97.0874 6
      vertex -9.82608 18.6714 6
      vertex -24.4341 97.9999 6
    endloop
  endfacet
  facet normal -0 0 1
    outer loop
      vertex -31.2107 96.0567 6
      vertex -9.82608 18.6714 6
      vertex -27.8394 97.0874 6
    endloop
  endfacet
  facet normal -0 0 1
    outer loop
      vertex -34.544 94.909 6
      vertex -9.82608 18.6714 6
      vertex -31.2107 96.0567 6
    endloop
  endfacet
  facet normal -0 0 1
    outer loop
      vertex -37.8353 93.6456 6
      vertex -9.82608 18.6714 6
      vertex -34.544 94.909 6
    endloop
  endfacet
  facet normal -0 0 1
    outer loop
      vertex -41.0804 92.2681 6
      vertex -9.82608 18.6714 6
      vertex -37.8353 93.6456 6
    endloop
  endfacet
  facet normal 0 0 1
    outer loop
      vertex -9.82608 18.6714 6
      vertex -41.0804 92.2681 6
      vertex -9.82834 18.6705 6
    endloop
  endfacet
  facet normal 0 0 1
    outer loop
      vertex -9.82834 18.6705 6
      vertex -41.0804 92.2681 6
      vertex -10.5959 18.3526 6
    endloop
  endfacet
  facet normal -0 0 1
    outer loop
      vertex -44.2755 90.7782 6
      vertex -10.5959 18.3526 6
      vertex -41.0804 92.2681 6
    endloop
  endfacet
  facet normal 0 0 1
    outer loop
      vertex 17.1739 -3.08296 6
      vertex 10.5574 -100.447 6
      vertex 14.0565 -100.017 6
    endloop
  endfacet
  facet normal 0 0 1
    outer loop
      vertex 15.7431 -2.25688 6
      vertex 6.46632 -11.2 6
      vertex 10.5574 -100.447 6
    endloop
  endfacet
  facet normal -0 0 1
    outer loop
      vertex -7.40414 -18.3526 6
      vertex 10.5574 -100.447 6
      vertex 6.46632 -11.2 6
    endloop
  endfacet
  facet normal -0 0 1
    outer loop
      vertex -7.40641 -18.3535 6
      vertex 10.5574 -100.447 6
      vertex -7.40414 -18.3526 6
    endloop
  endfacet
  facet normal -0 0 1
    outer loop
      vertex -8.17392 -18.6714 6
      vertex 10.5574 -100.447 6
      vertex -7.40641 -18.3535 6
    endloop
  endfacet
  facet normal 0 0 1
    outer loop
      vertex 10.5574 -100.447 6
      vertex -8.17392 -18.6714 6
      vertex 7.0454 -100.754 6
    endloop
  endfacet
  facet normal 0 0 1
    outer loop
      vertex -5.80861 -15.5909 6
      vertex 6.46632 -11.2 6
      vertex -5.80829 -15.5885 6
    endloop
  endfacet
  facet normal 0 0 1
    outer loop
      vertex 6.46632 -11.2 6
      vertex -5.80861 -15.586 6
      vertex -5.80829 -15.5885 6
    endloop
  endfacet
  facet normal 0 0 1
    outer loop
      vertex 6.46632 -11.2 6
      vertex -5.91704 -14.7624 6
      vertex -5.80861 -15.586 6
    endloop
  endfacet
  facet normal -0 0 1
    outer loop
      vertex -6.46632 -11.2 6
      vertex -5.91704 -14.7624 6
      vertex 6.46632 -11.2 6
    endloop
  endfacet
  facet normal 0 0 1
    outer loop
      vertex -5.91704 -14.7624 6
      vertex -6.46632 -11.2 6
      vertex -6.23496 -13.9949 6
    endloop
  endfacet
  facet normal 0 0 1
    outer loop
      vertex -6.23496 -13.9949 6
      vertex -6.46632 -11.2 6
      vertex -6.2359 -13.9926 6
    endloop
  endfacet
  facet normal 0 0 1
    outer loop
      vertex -6.2359 -13.9926 6
      vertex -6.46632 -11.2 6
      vertex -6.23739 -13.9907 6
    endloop
  endfacet
  facet normal 0 0 1
    outer loop
      vertex -6.46632 -11.2 6
      vertex -6.74312 -13.3316 6
      vertex -6.23739 -13.9907 6
    endloop
  endfacet
  facet normal 0 0 1
    outer loop
      vertex -6.46632 -11.2 6
      vertex -6.74506 -13.3301 6
      vertex -6.74312 -13.3316 6
    endloop
  endfacet
  facet normal 0 0 1
    outer loop
      vertex -6.46632 -11.2 6
      vertex -7.40414 -12.8244 6
      vertex -6.74506 -13.3301 6
    endloop
  endfacet
  facet normal 0 0 1
    outer loop
      vertex -6.46632 -11.2 6
      vertex -8.17166 -12.5064 6
      vertex -7.40414 -12.8244 6
    endloop
  endfacet
  facet normal 0 0 1
    outer loop
      vertex -6.46632 -11.2 6
      vertex -8.17392 -12.5055 6
      vertex -8.17166 -12.5064 6
    endloop
  endfacet
  facet normal 0 0 1
    outer loop
      vertex -6.46632 -11.2 6
      vertex -8.99757 -12.3971 6
      vertex -8.17392 -12.5055 6
    endloop
  endfacet
  facet normal 0 0 1
    outer loop
      vertex -6.46632 -11.2 6
      vertex -9 -12.3967 6
      vertex -8.99757 -12.3971 6
    endloop
  endfacet
  facet normal 0 0 1
    outer loop
      vertex -6.46632 -11.2 6
      vertex -9.00243 -12.3971 6
      vertex -9 -12.3967 6
    endloop
  endfacet
  facet normal 0 0 1
    outer loop
      vertex -6.46632 -11.2 6
      vertex -9.82608 -12.5055 6
      vertex -9.00243 -12.3971 6
    endloop
  endfacet
  facet normal 0 0 1
    outer loop
      vertex -12.9326 0 6
      vertex -12.082 -14.7601 6
      vertex -11.7641 -13.9926 6
    endloop
  endfacet
  facet normal 0 0 1
    outer loop
      vertex -12.1914 -15.586 6
      vertex -12.9326 0 6
      vertex -12.1917 -15.5885 6
    endloop
  endfacet
  facet normal 0 0 1
    outer loop
      vertex -12.083 -14.7624 6
      vertex -12.9326 0 6
      vertex -12.1914 -15.586 6
    endloop
  endfacet
  facet normal 0 0 1
    outer loop
      vertex -12.082 -14.7601 6
      vertex -12.9326 0 6
      vertex -12.083 -14.7624 6
    endloop
  endfacet
  facet normal 0 0 1
    outer loop
      vertex -11.2584 -13.3335 6
      vertex -12.9326 0 6
      vertex -11.7641 -13.9926 6
    endloop
  endfacet
  facet normal 0 0 1
    outer loop
      vertex -11.2569 -13.3316 6
      vertex -12.9326 0 6
      vertex -11.2584 -13.3335 6
    endloop
  endfacet
  facet normal 0 0 1
    outer loop
      vertex -10.5978 -12.8258 6
      vertex -12.9326 0 6
      vertex -11.2569 -13.3316 6
    endloop
  endfacet
  facet normal 0 0 1
    outer loop
      vertex -10.5959 -12.8244 6
      vertex -12.9326 0 6
      vertex -10.5978 -12.8258 6
    endloop
  endfacet
  facet normal 0 0 1
    outer loop
      vertex -10.5936 -12.8234 6
      vertex -12.9326 0 6
      vertex -10.5959 -12.8244 6
    endloop
  endfacet
  facet normal 0 0 1
    outer loop
      vertex -9.82608 -12.5055 6
      vertex -12.9326 0 6
      vertex -10.5936 -12.8234 6
    endloop
  endfacet
  facet normal 0 0 1
    outer loop
      vertex -12.9326 0 6
      vertex -9.82608 -12.5055 6
      vertex -6.46632 -11.2 6
    endloop
  endfacet
  facet normal 0 0 1
    outer loop
      vertex -5.91704 -16.4145 6
      vertex 6.46632 -11.2 6
      vertex -5.80861 -15.5909 6
    endloop
  endfacet
  facet normal 0 0 1
    outer loop
      vertex -5.91798 -16.4168 6
      vertex 6.46632 -11.2 6
      vertex -5.91704 -16.4145 6
    endloop
  endfacet
  facet normal 0 0 1
    outer loop
      vertex -6.2359 -17.1843 6
      vertex 6.46632 -11.2 6
      vertex -5.91798 -16.4168 6
    endloop
  endfacet
  facet normal 0 0 1
    outer loop
      vertex -6.74163 -17.8434 6
      vertex 6.46632 -11.2 6
      vertex -6.2359 -17.1843 6
    endloop
  endfacet
  facet normal 0 0 1
    outer loop
      vertex -6.74312 -17.8453 6
      vertex 6.46632 -11.2 6
      vertex -6.74163 -17.8434 6
    endloop
  endfacet
  facet normal 0 0 1
    outer loop
      vertex -7.4022 -18.3511 6
      vertex 6.46632 -11.2 6
      vertex -6.74312 -17.8453 6
    endloop
  endfacet
  facet normal 0 0 1
    outer loop
      vertex -7.40414 -18.3526 6
      vertex 6.46632 -11.2 6
      vertex -7.4022 -18.3511 6
    endloop
  endfacet
  facet normal 0 0 1
    outer loop
      vertex 7.0454 -100.754 6
      vertex -8.17392 -18.6714 6
      vertex 3.52485 -100.938 6
    endloop
  endfacet
  facet normal 0 0 1
    outer loop
      vertex 3.52485 -100.938 6
      vertex -8.17392 -18.6714 6
      vertex 0 -101 6
    endloop
  endfacet
  facet normal 0 0 1
    outer loop
      vertex 0 -101 6
      vertex -8.17392 -18.6714 6
      vertex -3.52485 -100.938 6
    endloop
  endfacet
  facet normal 0 0 1
    outer loop
      vertex -3.52485 -100.938 6
      vertex -8.17392 -18.6714 6
      vertex -7.0454 -100.754 6
    endloop
  endfacet
  facet normal -0 0 1
    outer loop
      vertex -8.99757 -18.7799 6
      vertex -7.0454 -100.754 6
      vertex -8.17392 -18.6714 6
    endloop
  endfacet
  facet normal -0 0 1
    outer loop
      vertex -9 -18.7802 6
      vertex -7.0454 -100.754 6
      vertex -8.99757 -18.7799 6
    endloop
  endfacet
  facet normal 0 0 1
    outer loop
      vertex -24.4341 -97.9999 6
      vertex -9 -18.7802 6
      vertex -9.00243 -18.7799 6
    endloop
  endfacet
  facet normal 0 0 1
    outer loop
      vertex -24.4341 -97.9999 6
      vertex -9.00243 -18.7799 6
      vertex -9.82608 -18.6714 6
    endloop
  endfacet
  facet normal 0 0 1
    outer loop
      vertex -41.0804 -92.2681 6
      vertex -9.82608 -18.6714 6
      vertex -9.82834 -18.6705 6
    endloop
  endfacet
  facet normal 0 0 1
    outer loop
      vertex -9 -18.7802 6
      vertex -10.5574 -100.447 6
      vertex -7.0454 -100.754 6
    endloop
  endfacet
  facet normal 0 0 1
    outer loop
      vertex -41.0804 -92.2681 6
      vertex -9.82834 -18.6705 6
      vertex -10.5959 -18.3526 6
    endloop
  endfacet
  facet normal 0 0 1
    outer loop
      vertex -56.4785 -83.7328 6
      vertex -10.5959 -18.3526 6
      vertex -11.2549 -17.8468 6
    endloop
  endfacet
  facet normal 0 0 1
    outer loop
      vertex -59.3663 -81.7107 6
      vertex -11.2549 -17.8468 6
      vertex -11.2569 -17.8453 6
    endloop
  endfacet
  facet normal 0 0 1
    outer loop
      vertex -72.6533 -70.1605 6
      vertex -11.2569 -17.8453 6
      vertex -11.7626 -17.1863 6
    endloop
  endfacet
  facet normal 0 0 1
    outer loop
      vertex -72.6533 -70.1605 6
      vertex -11.7626 -17.1863 6
      vertex -11.7641 -17.1843 6
    endloop
  endfacet
  facet normal 0 0 1
    outer loop
      vertex -83.7328 -56.4785 6
      vertex -11.7641 -17.1843 6
      vertex -11.765 -17.182 6
    endloop
  endfacet
  facet normal 0 0 1
    outer loop
      vertex -83.7328 -56.4785 6
      vertex -11.765 -17.182 6
      vertex -12.083 -16.4145 6
    endloop
  endfacet
  facet normal 0 0 1
    outer loop
      vertex -93.6456 -37.8353 6
      vertex -12.083 -16.4145 6
      vertex -12.1914 -15.5909 6
    endloop
  endfacet
  facet normal 0 0 1
    outer loop
      vertex -93.6456 -37.8353 6
      vertex -12.1914 -15.5909 6
      vertex -12.1917 -15.5885 6
    endloop
  endfacet
  facet normal 0 0 1
    outer loop
      vertex -99.4656 -17.5385 6
      vertex -12.1917 -15.5885 6
      vertex -12.9326 0 6
    endloop
  endfacet
  facet normal 0 0 1
    outer loop
      vertex -9 -18.7802 6
      vertex -14.0565 -100.017 6
      vertex -10.5574 -100.447 6
    endloop
  endfacet
  facet normal -0 0 1
    outer loop
      vertex -47.4166 89.1777 6
      vertex -10.5959 18.3526 6
      vertex -44.2755 90.7782 6
    endloop
  endfacet
  facet normal -0 0 1
    outer loop
      vertex -50.5 87.4686 6
      vertex -10.5959 18.3526 6
      vertex -47.4166 89.1777 6
    endloop
  endfacet
  facet normal 0 0 1
    outer loop
      vertex -9 -18.7802 6
      vertex -17.5385 -99.4656 6
      vertex -14.0565 -100.017 6
    endloop
  endfacet
  facet normal -0 0 1
    outer loop
      vertex -53.5218 85.6529 6
      vertex -10.5959 18.3526 6
      vertex -50.5 87.4686 6
    endloop
  endfacet
  facet normal 0 0 1
    outer loop
      vertex -9 -18.7802 6
      vertex -20.9991 -98.7929 6
      vertex -17.5385 -99.4656 6
    endloop
  endfacet
  facet normal -0 0 1
    outer loop
      vertex -56.4785 83.7328 6
      vertex -10.5959 18.3526 6
      vertex -53.5218 85.6529 6
    endloop
  endfacet
  facet normal 0 0 1
    outer loop
      vertex -9 -18.7802 6
      vertex -24.4341 -97.9999 6
      vertex -20.9991 -98.7929 6
    endloop
  endfacet
  facet normal 0 0 1
    outer loop
      vertex -10.5959 18.3526 6
      vertex -56.4785 83.7328 6
      vertex -11.2549 17.8468 6
    endloop
  endfacet
  facet normal 0 0 1
    outer loop
      vertex -9.82608 -18.6714 6
      vertex -27.8394 -97.0874 6
      vertex -24.4341 -97.9999 6
    endloop
  endfacet
  facet normal -0 0 1
    outer loop
      vertex -59.3663 81.7107 6
      vertex -11.2549 17.8468 6
      vertex -56.4785 83.7328 6
    endloop
  endfacet
  facet normal 0 0 1
    outer loop
      vertex -9.82608 -18.6714 6
      vertex -31.2107 -96.0567 6
      vertex -27.8394 -97.0874 6
    endloop
  endfacet
  facet normal 0 0 1
    outer loop
      vertex -11.2549 17.8468 6
      vertex -59.3663 81.7107 6
      vertex -11.2569 17.8453 6
    endloop
  endfacet
  facet normal 0 0 1
    outer loop
      vertex -9.82608 -18.6714 6
      vertex -34.544 -94.909 6
      vertex -31.2107 -96.0567 6
    endloop
  endfacet
  facet normal -0 0 1
    outer loop
      vertex -62.1818 79.5891 6
      vertex -11.2569 17.8453 6
      vertex -59.3663 81.7107 6
    endloop
  endfacet
  facet normal 0 0 1
    outer loop
      vertex -9.82608 -18.6714 6
      vertex -37.8353 -93.6456 6
      vertex -34.544 -94.909 6
    endloop
  endfacet
  facet normal -0 0 1
    outer loop
      vertex -64.9215 77.3705 6
      vertex -11.2569 17.8453 6
      vertex -62.1818 79.5891 6
    endloop
  endfacet
  facet normal 0 0 1
    outer loop
      vertex -9.82608 -18.6714 6
      vertex -41.0804 -92.2681 6
      vertex -37.8353 -93.6456 6
    endloop
  endfacet
  facet normal -0 0 1
    outer loop
      vertex -67.5822 75.0576 6
      vertex -11.2569 17.8453 6
      vertex -64.9215 77.3705 6
    endloop
  endfacet
  facet normal 0 0 1
    outer loop
      vertex -10.5959 -18.3526 6
      vertex -44.2755 -90.7782 6
      vertex -41.0804 -92.2681 6
    endloop
  endfacet
  facet normal -0 0 1
    outer loop
      vertex -70.1605 72.6533 6
      vertex -11.2569 17.8453 6
      vertex -67.5822 75.0576 6
    endloop
  endfacet
  facet normal 0 0 1
    outer loop
      vertex -10.5959 -18.3526 6
      vertex -47.4166 -89.1777 6
      vertex -44.2755 -90.7782 6
    endloop
  endfacet
  facet normal -0 0 1
    outer loop
      vertex -72.6533 70.1605 6
      vertex -11.2569 17.8453 6
      vertex -70.1605 72.6533 6
    endloop
  endfacet
  facet normal 0 0 1
    outer loop
      vertex -10.5959 -18.3526 6
      vertex -50.5 -87.4686 6
      vertex -47.4166 -89.1777 6
    endloop
  endfacet
  facet normal 0 0 1
    outer loop
      vertex -11.2569 17.8453 6
      vertex -72.6533 70.1605 6
      vertex -11.7626 17.1863 6
    endloop
  endfacet
  facet normal 0 0 1
    outer loop
      vertex -10.5959 -18.3526 6
      vertex -53.5218 -85.6529 6
      vertex -50.5 -87.4686 6
    endloop
  endfacet
  facet normal 0 0 1
    outer loop
      vertex -11.7626 17.1863 6
      vertex -72.6533 70.1605 6
      vertex -11.7641 17.1843 6
    endloop
  endfacet
  facet normal 0 0 1
    outer loop
      vertex -10.5959 -18.3526 6
      vertex -56.4785 -83.7328 6
      vertex -53.5218 -85.6529 6
    endloop
  endfacet
  facet normal -0 0 1
    outer loop
      vertex -75.0576 67.5822 6
      vertex -11.7641 17.1843 6
      vertex -72.6533 70.1605 6
    endloop
  endfacet
  facet normal 0 0 1
    outer loop
      vertex -11.2549 -17.8468 6
      vertex -59.3663 -81.7107 6
      vertex -56.4785 -83.7328 6
    endloop
  endfacet
  facet normal -0 0 1
    outer loop
      vertex -77.3705 64.9215 6
      vertex -11.7641 17.1843 6
      vertex -75.0576 67.5822 6
    endloop
  endfacet
  facet normal 0 0 1
    outer loop
      vertex -11.2569 -17.8453 6
      vertex -62.1818 -79.5891 6
      vertex -59.3663 -81.7107 6
    endloop
  endfacet
  facet normal -0 0 1
    outer loop
      vertex -79.5891 62.1818 6
      vertex -11.7641 17.1843 6
      vertex -77.3705 64.9215 6
    endloop
  endfacet
  facet normal 0 0 1
    outer loop
      vertex -11.2569 -17.8453 6
      vertex -64.9215 -77.3705 6
      vertex -62.1818 -79.5891 6
    endloop
  endfacet
  facet normal -0 0 1
    outer loop
      vertex -81.7107 59.3663 6
      vertex -11.7641 17.1843 6
      vertex -79.5891 62.1818 6
    endloop
  endfacet
  facet normal 0 0 1
    outer loop
      vertex -11.2569 -17.8453 6
      vertex -67.5822 -75.0576 6
      vertex -64.9215 -77.3705 6
    endloop
  endfacet
  facet normal -0 0 1
    outer loop
      vertex -83.7328 56.4785 6
      vertex -11.7641 17.1843 6
      vertex -81.7107 59.3663 6
    endloop
  endfacet
  facet normal 0 0 1
    outer loop
      vertex -11.2569 -17.8453 6
      vertex -70.1605 -72.6533 6
      vertex -67.5822 -75.0576 6
    endloop
  endfacet
  facet normal 0 0 1
    outer loop
      vertex -11.7641 17.1843 6
      vertex -83.7328 56.4785 6
      vertex -11.765 17.182 6
    endloop
  endfacet
  facet normal 0 0 1
    outer loop
      vertex -11.2569 -17.8453 6
      vertex -72.6533 -70.1605 6
      vertex -70.1605 -72.6533 6
    endloop
  endfacet
  facet normal 0 0 1
    outer loop
      vertex -11.765 17.182 6
      vertex -83.7328 56.4785 6
      vertex -12.083 16.4145 6
    endloop
  endfacet
  facet normal 0 0 1
    outer loop
      vertex -11.7641 -17.1843 6
      vertex -75.0576 -67.5822 6
      vertex -72.6533 -70.1605 6
    endloop
  endfacet
  facet normal -0 0 1
    outer loop
      vertex -85.6529 53.5218 6
      vertex -12.083 16.4145 6
      vertex -83.7328 56.4785 6
    endloop
  endfacet
  facet normal 0 0 1
    outer loop
      vertex -11.7641 -17.1843 6
      vertex -77.3705 -64.9215 6
      vertex -75.0576 -67.5822 6
    endloop
  endfacet
  facet normal -0 0 1
    outer loop
      vertex -87.4686 50.5 6
      vertex -12.083 16.4145 6
      vertex -85.6529 53.5218 6
    endloop
  endfacet
  facet normal 0 0 1
    outer loop
      vertex -11.7641 -17.1843 6
      vertex -79.5891 -62.1818 6
      vertex -77.3705 -64.9215 6
    endloop
  endfacet
  facet normal -0 0 1
    outer loop
      vertex -89.1777 47.4166 6
      vertex -12.083 16.4145 6
      vertex -87.4686 50.5 6
    endloop
  endfacet
  facet normal 0 0 1
    outer loop
      vertex -11.7641 -17.1843 6
      vertex -81.7107 -59.3663 6
      vertex -79.5891 -62.1818 6
    endloop
  endfacet
  facet normal -0 0 1
    outer loop
      vertex -90.7782 44.2755 6
      vertex -12.083 16.4145 6
      vertex -89.1777 47.4166 6
    endloop
  endfacet
  facet normal 0 0 1
    outer loop
      vertex -11.7641 -17.1843 6
      vertex -83.7328 -56.4785 6
      vertex -81.7107 -59.3663 6
    endloop
  endfacet
  facet normal -0 0 1
    outer loop
      vertex -92.2681 41.0804 6
      vertex -12.083 16.4145 6
      vertex -90.7782 44.2755 6
    endloop
  endfacet
  facet normal 0 0 1
    outer loop
      vertex -12.083 -16.4145 6
      vertex -85.6529 -53.5218 6
      vertex -83.7328 -56.4785 6
    endloop
  endfacet
  facet normal -0 0 1
    outer loop
      vertex -93.6456 37.8353 6
      vertex -12.083 16.4145 6
      vertex -92.2681 41.0804 6
    endloop
  endfacet
  facet normal 0 0 1
    outer loop
      vertex -12.083 -16.4145 6
      vertex -87.4686 -50.5 6
      vertex -85.6529 -53.5218 6
    endloop
  endfacet
  facet normal 0 0 1
    outer loop
      vertex -12.083 16.4145 6
      vertex -93.6456 37.8353 6
      vertex -12.1914 15.5909 6
    endloop
  endfacet
  facet normal 0 0 1
    outer loop
      vertex -12.083 -16.4145 6
      vertex -89.1777 -47.4166 6
      vertex -87.4686 -50.5 6
    endloop
  endfacet
  facet normal 0 0 1
    outer loop
      vertex -12.1914 15.5909 6
      vertex -93.6456 37.8353 6
      vertex -12.1917 15.5885 6
    endloop
  endfacet
  facet normal 0 0 1
    outer loop
      vertex -12.083 -16.4145 6
      vertex -90.7782 -44.2755 6
      vertex -89.1777 -47.4166 6
    endloop
  endfacet
  facet normal -0 0 1
    outer loop
      vertex -94.909 34.544 6
      vertex -12.1917 15.5885 6
      vertex -93.6456 37.8353 6
    endloop
  endfacet
  facet normal 0 0 1
    outer loop
      vertex -12.083 -16.4145 6
      vertex -92.2681 -41.0804 6
      vertex -90.7782 -44.2755 6
    endloop
  endfacet
  facet normal -0 0 1
    outer loop
      vertex -96.0567 31.2107 6
      vertex -12.1917 15.5885 6
      vertex -94.909 34.544 6
    endloop
  endfacet
  facet normal 0 0 1
    outer loop
      vertex -12.083 -16.4145 6
      vertex -93.6456 -37.8353 6
      vertex -92.2681 -41.0804 6
    endloop
  endfacet
  facet normal -0 0 1
    outer loop
      vertex -97.0874 27.8394 6
      vertex -12.1917 15.5885 6
      vertex -96.0567 31.2107 6
    endloop
  endfacet
  facet normal 0 0 1
    outer loop
      vertex -12.1917 -15.5885 6
      vertex -94.909 -34.544 6
      vertex -93.6456 -37.8353 6
    endloop
  endfacet
  facet normal -0 0 1
    outer loop
      vertex -97.9999 24.4341 6
      vertex -12.1917 15.5885 6
      vertex -97.0874 27.8394 6
    endloop
  endfacet
  facet normal 0 0 1
    outer loop
      vertex -12.1917 -15.5885 6
      vertex -96.0567 -31.2107 6
      vertex -94.909 -34.544 6
    endloop
  endfacet
  facet normal -0 0 1
    outer loop
      vertex -98.7929 20.9991 6
      vertex -12.1917 15.5885 6
      vertex -97.9999 24.4341 6
    endloop
  endfacet
  facet normal 0 0 1
    outer loop
      vertex -12.1917 -15.5885 6
      vertex -97.0874 -27.8394 6
      vertex -96.0567 -31.2107 6
    endloop
  endfacet
  facet normal -0 0 1
    outer loop
      vertex -99.4656 17.5385 6
      vertex -12.1917 15.5885 6
      vertex -98.7929 20.9991 6
    endloop
  endfacet
  facet normal 0 0 1
    outer loop
      vertex -12.1917 -15.5885 6
      vertex -97.9999 -24.4341 6
      vertex -97.0874 -27.8394 6
    endloop
  endfacet
  facet normal 0 0 1
    outer loop
      vertex -12.1917 15.5885 6
      vertex -99.4656 17.5385 6
      vertex -12.9326 0 6
    endloop
  endfacet
  facet normal 0 0 1
    outer loop
      vertex -12.1917 -15.5885 6
      vertex -98.7929 -20.9991 6
      vertex -97.9999 -24.4341 6
    endloop
  endfacet
  facet normal -0 0 1
    outer loop
      vertex -100.017 14.0565 6
      vertex -12.9326 0 6
      vertex -99.4656 17.5385 6
    endloop
  endfacet
  facet normal 0 0 1
    outer loop
      vertex -12.1917 -15.5885 6
      vertex -99.4656 -17.5385 6
      vertex -98.7929 -20.9991 6
    endloop
  endfacet
  facet normal -0 0 1
    outer loop
      vertex -100.447 10.5574 6
      vertex -12.9326 0 6
      vertex -100.017 14.0565 6
    endloop
  endfacet
  facet normal 0 0 1
    outer loop
      vertex -12.9326 0 6
      vertex -100.017 -14.0565 6
      vertex -99.4656 -17.5385 6
    endloop
  endfacet
  facet normal -0 0 1
    outer loop
      vertex -100.754 7.0454 6
      vertex -12.9326 0 6
      vertex -100.447 10.5574 6
    endloop
  endfacet
  facet normal 0 0 1
    outer loop
      vertex -12.9326 0 6
      vertex -100.447 -10.5574 6
      vertex -100.017 -14.0565 6
    endloop
  endfacet
  facet normal -0 0 1
    outer loop
      vertex -100.938 3.52485 6
      vertex -12.9326 0 6
      vertex -100.754 7.0454 6
    endloop
  endfacet
  facet normal 0 0 1
    outer loop
      vertex -12.9326 0 6
      vertex -100.754 -7.0454 6
      vertex -100.447 -10.5574 6
    endloop
  endfacet
  facet normal 0 0 1
    outer loop
      vertex -101 0 6
      vertex -12.9326 0 6
      vertex -100.938 3.52485 6
    endloop
  endfacet
  facet normal 0 0 1
    outer loop
      vertex -12.9326 0 6
      vertex -100.938 -3.52485 6
      vertex -100.754 -7.0454 6
    endloop
  endfacet
  facet normal 0 0 1
    outer loop
      vertex -12.9326 0 6
      vertex -101 0 6
      vertex -100.938 -3.52485 6
    endloop
  endfacet
  facet normal 0 0 1
    outer loop
      vertex 21.1917 0 6
      vertex 101 0 6
      vertex 100.938 3.52485 6
    endloop
  endfacet
  facet normal 0 0 1
    outer loop
      vertex 21.1917 0 6
      vertex 100.938 3.52485 6
      vertex 100.754 7.0454 6
    endloop
  endfacet
  facet normal 0 0 1
    outer loop
      vertex 101 0 6
      vertex 21.1917 0 6
      vertex 100.938 -3.52485 6
    endloop
  endfacet
  facet normal 0 0 1
    outer loop
      vertex 21.1917 0 6
      vertex 100.754 7.0454 6
      vertex 100.447 10.5574 6
    endloop
  endfacet
  facet normal 0 0 1
    outer loop
      vertex 100.938 -3.52485 6
      vertex 21.1917 0 6
      vertex 100.754 -7.0454 6
    endloop
  endfacet
  facet normal 0 0 1
    outer loop
      vertex 21.083 0.826076 6
      vertex 100.447 10.5574 6
      vertex 100.017 14.0565 6
    endloop
  endfacet
  facet normal 0 0 1
    outer loop
      vertex 100.754 -7.0454 6
      vertex 21.1917 0 6
      vertex 100.447 -10.5574 6
    endloop
  endfacet
  facet normal 0 0 1
    outer loop
      vertex 21.083 0.826076 6
      vertex 100.017 14.0565 6
      vertex 99.4656 17.5385 6
    endloop
  endfacet
  facet normal -0 0 1
    outer loop
      vertex 21.0833 -0.823645 6
      vertex 100.447 -10.5574 6
      vertex 21.1917 0 6
    endloop
  endfacet
  facet normal 0 0 1
    outer loop
      vertex 21.083 0.826076 6
      vertex 99.4656 17.5385 6
      vertex 98.7929 20.9991 6
    endloop
  endfacet
  facet normal -0 0 1
    outer loop
      vertex 21.083 -0.826076 6
      vertex 100.447 -10.5574 6
      vertex 21.0833 -0.823645 6
    endloop
  endfacet
  facet normal 0 0 1
    outer loop
      vertex 21.083 0.826076 6
      vertex 98.7929 20.9991 6
      vertex 97.9999 24.4341 6
    endloop
  endfacet
  facet normal 0 0 1
    outer loop
      vertex 100.447 -10.5574 6
      vertex 21.083 -0.826076 6
      vertex 100.017 -14.0565 6
    endloop
  endfacet
  facet normal 0 0 1
    outer loop
      vertex 21.083 0.826076 6
      vertex 97.9999 24.4341 6
      vertex 97.0874 27.8394 6
    endloop
  endfacet
  facet normal 0 0 1
    outer loop
      vertex 100.017 -14.0565 6
      vertex 21.083 -0.826076 6
      vertex 99.4656 -17.5385 6
    endloop
  endfacet
  facet normal 0 0 1
    outer loop
      vertex 20.7641 1.59586 6
      vertex 97.0874 27.8394 6
      vertex 96.0567 31.2107 6
    endloop
  endfacet
  facet normal 0 0 1
    outer loop
      vertex 99.4656 -17.5385 6
      vertex 21.083 -0.826076 6
      vertex 98.7929 -20.9991 6
    endloop
  endfacet
  facet normal 0 0 1
    outer loop
      vertex 20.7641 1.59586 6
      vertex 96.0567 31.2107 6
      vertex 94.909 34.544 6
    endloop
  endfacet
  facet normal 0 0 1
    outer loop
      vertex 98.7929 -20.9991 6
      vertex 21.083 -0.826076 6
      vertex 97.9999 -24.4341 6
    endloop
  endfacet
  facet normal 0 0 1
    outer loop
      vertex 20.7641 1.59586 6
      vertex 94.909 34.544 6
      vertex 93.6456 37.8353 6
    endloop
  endfacet
  facet normal 0 0 1
    outer loop
      vertex 97.9999 -24.4341 6
      vertex 21.083 -0.826076 6
      vertex 97.0874 -27.8394 6
    endloop
  endfacet
  facet normal 0 0 1
    outer loop
      vertex 20.7641 1.59586 6
      vertex 93.6456 37.8353 6
      vertex 92.2681 41.0804 6
    endloop
  endfacet
  facet normal -0 0 1
    outer loop
      vertex 20.765 -1.59359 6
      vertex 97.0874 -27.8394 6
      vertex 21.083 -0.826076 6
    endloop
  endfacet
  facet normal 0 0 1
    outer loop
      vertex 20.7641 1.59586 6
      vertex 92.2681 41.0804 6
      vertex 90.7782 44.2755 6
    endloop
  endfacet
  facet normal -0 0 1
    outer loop
      vertex 20.7641 -1.59586 6
      vertex 97.0874 -27.8394 6
      vertex 20.765 -1.59359 6
    endloop
  endfacet
  facet normal 0 0 1
    outer loop
      vertex 20.7626 1.5978 6
      vertex 90.7782 44.2755 6
      vertex 89.1777 47.4166 6
    endloop
  endfacet
  facet normal 0 0 1
    outer loop
      vertex 97.0874 -27.8394 6
      vertex 20.7641 -1.59586 6
      vertex 96.0567 -31.2107 6
    endloop
  endfacet
  facet normal 0 0 1
    outer loop
      vertex 20.2569 2.25688 6
      vertex 89.1777 47.4166 6
      vertex 87.4686 50.5 6
    endloop
  endfacet
  facet normal 0 0 1
    outer loop
      vertex 96.0567 -31.2107 6
      vertex 20.7641 -1.59586 6
      vertex 94.909 -34.544 6
    endloop
  endfacet
  facet normal 0 0 1
    outer loop
      vertex 20.2569 2.25688 6
      vertex 87.4686 50.5 6
      vertex 85.6529 53.5218 6
    endloop
  endfacet
  facet normal 0 0 1
    outer loop
      vertex 94.909 -34.544 6
      vertex 20.7641 -1.59586 6
      vertex 93.6456 -37.8353 6
    endloop
  endfacet
  facet normal 0 0 1
    outer loop
      vertex 20.2569 2.25688 6
      vertex 85.6529 53.5218 6
      vertex 83.7328 56.4785 6
    endloop
  endfacet
  facet normal 0 0 1
    outer loop
      vertex 93.6456 -37.8353 6
      vertex 20.7641 -1.59586 6
      vertex 92.2681 -41.0804 6
    endloop
  endfacet
  facet normal 0 0 1
    outer loop
      vertex 20.2569 2.25688 6
      vertex 83.7328 56.4785 6
      vertex 81.7107 59.3663 6
    endloop
  endfacet
  facet normal 0 0 1
    outer loop
      vertex 92.2681 -41.0804 6
      vertex 20.7641 -1.59586 6
      vertex 90.7782 -44.2755 6
    endloop
  endfacet
  facet normal 0 0 1
    outer loop
      vertex 20.2569 2.25688 6
      vertex 81.7107 59.3663 6
      vertex 79.5891 62.1818 6
    endloop
  endfacet
  facet normal -0 0 1
    outer loop
      vertex 20.7626 -1.5978 6
      vertex 90.7782 -44.2755 6
      vertex 20.7641 -1.59586 6
    endloop
  endfacet
  facet normal 0 0 1
    outer loop
      vertex 19.5978 2.76261 6
      vertex 79.5891 62.1818 6
      vertex 77.3705 64.9215 6
    endloop
  endfacet
  facet normal 0 0 1
    outer loop
      vertex 90.7782 -44.2755 6
      vertex 20.7626 -1.5978 6
      vertex 89.1777 -47.4166 6
    endloop
  endfacet
  facet normal 0 0 1
    outer loop
      vertex 19.5959 2.7641 6
      vertex 77.3705 64.9215 6
      vertex 75.0576 67.5822 6
    endloop
  endfacet
  facet normal -0 0 1
    outer loop
      vertex 20.2569 -2.25688 6
      vertex 89.1777 -47.4166 6
      vertex 20.7626 -1.5978 6
    endloop
  endfacet
  facet normal 0 0 1
    outer loop
      vertex 19.5959 2.7641 6
      vertex 75.0576 67.5822 6
      vertex 72.6533 70.1605 6
    endloop
  endfacet
  facet normal 0 0 1
    outer loop
      vertex 89.1777 -47.4166 6
      vertex 20.2569 -2.25688 6
      vertex 87.4686 -50.5 6
    endloop
  endfacet
  facet normal 0 0 1
    outer loop
      vertex 19.5959 2.7641 6
      vertex 72.6533 70.1605 6
      vertex 70.1605 72.6533 6
    endloop
  endfacet
  facet normal 0 0 1
    outer loop
      vertex 87.4686 -50.5 6
      vertex 20.2569 -2.25688 6
      vertex 85.6529 -53.5218 6
    endloop
  endfacet
  facet normal 0 0 1
    outer loop
      vertex 19.5959 2.7641 6
      vertex 70.1605 72.6533 6
      vertex 67.5822 75.0576 6
    endloop
  endfacet
  facet normal 0 0 1
    outer loop
      vertex 85.6529 -53.5218 6
      vertex 20.2569 -2.25688 6
      vertex 83.7328 -56.4785 6
    endloop
  endfacet
  facet normal 0 0 1
    outer loop
      vertex 19.5959 2.7641 6
      vertex 67.5822 75.0576 6
      vertex 64.9215 77.3705 6
    endloop
  endfacet
  facet normal 0 0 1
    outer loop
      vertex 83.7328 -56.4785 6
      vertex 20.2569 -2.25688 6
      vertex 81.7107 -59.3663 6
    endloop
  endfacet
  facet normal 0 0 1
    outer loop
      vertex 6.46632 11.2 6
      vertex 64.9215 77.3705 6
      vertex 62.1818 79.5891 6
    endloop
  endfacet
  facet normal 0 0 1
    outer loop
      vertex 81.7107 -59.3663 6
      vertex 20.2569 -2.25688 6
      vertex 79.5891 -62.1818 6
    endloop
  endfacet
  facet normal 0 0 1
    outer loop
      vertex 6.46632 11.2 6
      vertex 62.1818 79.5891 6
      vertex 59.3663 81.7107 6
    endloop
  endfacet
  facet normal -0 0 1
    outer loop
      vertex 19.5978 -2.76261 6
      vertex 79.5891 -62.1818 6
      vertex 20.2569 -2.25688 6
    endloop
  endfacet
  facet normal 0 0 1
    outer loop
      vertex 6.46632 11.2 6
      vertex 59.3663 81.7107 6
      vertex 56.4785 83.7328 6
    endloop
  endfacet
  facet normal 0 0 1
    outer loop
      vertex 79.5891 -62.1818 6
      vertex 19.5978 -2.76261 6
      vertex 77.3705 -64.9215 6
    endloop
  endfacet
  facet normal 0 0 1
    outer loop
      vertex 6.46632 11.2 6
      vertex 56.4785 83.7328 6
      vertex 53.5218 85.6529 6
    endloop
  endfacet
  facet normal -0 0 1
    outer loop
      vertex 19.5959 -2.7641 6
      vertex 77.3705 -64.9215 6
      vertex 19.5978 -2.76261 6
    endloop
  endfacet
  facet normal 0 0 1
    outer loop
      vertex 6.46632 11.2 6
      vertex 53.5218 85.6529 6
      vertex 50.5 87.4686 6
    endloop
  endfacet
  facet normal 0 0 1
    outer loop
      vertex 77.3705 -64.9215 6
      vertex 19.5959 -2.7641 6
      vertex 75.0576 -67.5822 6
    endloop
  endfacet
  facet normal 0 0 1
    outer loop
      vertex 6.46632 11.2 6
      vertex 50.5 87.4686 6
      vertex 47.4166 89.1777 6
    endloop
  endfacet
  facet normal 0 0 1
    outer loop
      vertex 75.0576 -67.5822 6
      vertex 19.5959 -2.7641 6
      vertex 72.6533 -70.1605 6
    endloop
  endfacet
  facet normal 0 0 1
    outer loop
      vertex 6.46632 11.2 6
      vertex 47.4166 89.1777 6
      vertex 44.2755 90.7782 6
    endloop
  endfacet
  facet normal 0 0 1
    outer loop
      vertex 72.6533 -70.1605 6
      vertex 19.5959 -2.7641 6
      vertex 70.1605 -72.6533 6
    endloop
  endfacet
  facet normal 0 0 1
    outer loop
      vertex 6.46632 11.2 6
      vertex 44.2755 90.7782 6
      vertex 41.0804 92.2681 6
    endloop
  endfacet
  facet normal 0 0 1
    outer loop
      vertex 70.1605 -72.6533 6
      vertex 19.5959 -2.7641 6
      vertex 67.5822 -75.0576 6
    endloop
  endfacet
  facet normal 0 0 1
    outer loop
      vertex 6.46632 11.2 6
      vertex 41.0804 92.2681 6
      vertex 37.8353 93.6456 6
    endloop
  endfacet
  facet normal 0 0 1
    outer loop
      vertex 67.5822 -75.0576 6
      vertex 19.5959 -2.7641 6
      vertex 64.9215 -77.3705 6
    endloop
  endfacet
  facet normal 0 0 1
    outer loop
      vertex 6.46632 11.2 6
      vertex 37.8353 93.6456 6
      vertex 34.544 94.909 6
    endloop
  endfacet
  facet normal -0 0 1
    outer loop
      vertex 19.5936 -2.76504 6
      vertex 64.9215 -77.3705 6
      vertex 19.5959 -2.7641 6
    endloop
  endfacet
  facet normal 0 0 1
    outer loop
      vertex 6.46632 11.2 6
      vertex 34.544 94.909 6
      vertex 31.2107 96.0567 6
    endloop
  endfacet
  facet normal -0 0 1
    outer loop
      vertex 18.8261 -3.08296 6
      vertex 64.9215 -77.3705 6
      vertex 19.5936 -2.76504 6
    endloop
  endfacet
  facet normal 0 0 1
    outer loop
      vertex 6.46632 11.2 6
      vertex 31.2107 96.0567 6
      vertex 27.8394 97.0874 6
    endloop
  endfacet
  facet normal 0 0 1
    outer loop
      vertex 64.9215 -77.3705 6
      vertex 18.8261 -3.08296 6
      vertex 62.1818 -79.5891 6
    endloop
  endfacet
  facet normal 0 0 1
    outer loop
      vertex 6.46632 11.2 6
      vertex 27.8394 97.0874 6
      vertex 24.4341 97.9999 6
    endloop
  endfacet
  facet normal 0 0 1
    outer loop
      vertex 62.1818 -79.5891 6
      vertex 18.8261 -3.08296 6
      vertex 59.3663 -81.7107 6
    endloop
  endfacet
  facet normal 0 0 1
    outer loop
      vertex 59.3663 -81.7107 6
      vertex 18.8261 -3.08296 6
      vertex 56.4785 -83.7328 6
    endloop
  endfacet
  facet normal 0 0 1
    outer loop
      vertex 100.447 10.5574 6
      vertex 21.0833 0.823645 6
      vertex 21.1917 0 6
    endloop
  endfacet
  facet normal 0 0 1
    outer loop
      vertex 100.447 10.5574 6
      vertex 21.083 0.826076 6
      vertex 21.0833 0.823645 6
    endloop
  endfacet
  facet normal 0 0 1
    outer loop
      vertex -5.80861 15.5909 6
      vertex 24.4341 97.9999 6
      vertex 20.9991 98.7929 6
    endloop
  endfacet
  facet normal 0 0 1
    outer loop
      vertex 97.0874 27.8394 6
      vertex 20.765 1.59359 6
      vertex 21.083 0.826076 6
    endloop
  endfacet
  facet normal 0 0 1
    outer loop
      vertex 97.0874 27.8394 6
      vertex 20.7641 1.59586 6
      vertex 20.765 1.59359 6
    endloop
  endfacet
  facet normal 0 0 1
    outer loop
      vertex 90.7782 44.2755 6
      vertex 20.7626 1.5978 6
      vertex 20.7641 1.59586 6
    endloop
  endfacet
  facet normal 0 0 1
    outer loop
      vertex 89.1777 47.4166 6
      vertex 20.2569 2.25688 6
      vertex 20.7626 1.5978 6
    endloop
  endfacet
  facet normal 0 0 1
    outer loop
      vertex 79.5891 62.1818 6
      vertex 19.5978 2.76261 6
      vertex 20.2569 2.25688 6
    endloop
  endfacet
  facet normal 0 0 1
    outer loop
      vertex 77.3705 64.9215 6
      vertex 19.5959 2.7641 6
      vertex 19.5978 2.76261 6
    endloop
  endfacet
  facet normal 0 0 1
    outer loop
      vertex 64.9215 77.3705 6
      vertex 6.46632 11.2 6
      vertex 19.5959 2.7641 6
    endloop
  endfacet
  facet normal 0 0 1
    outer loop
      vertex 19.5959 2.7641 6
      vertex 6.46632 11.2 6
      vertex 19.5936 2.76504 6
    endloop
  endfacet
  facet normal 0 0 1
    outer loop
      vertex 19.5936 2.76504 6
      vertex 6.46632 11.2 6
      vertex 18.8261 3.08296 6
    endloop
  endfacet
  facet normal 0 0 1
    outer loop
      vertex 18.8261 3.08296 6
      vertex 6.46632 11.2 6
      vertex 18.8236 3.08328 6
    endloop
  endfacet
  facet normal 0 0 1
    outer loop
      vertex -5.80861 15.5909 6
      vertex 20.9991 98.7929 6
      vertex 17.5385 99.4656 6
    endloop
  endfacet
  facet normal 0 0 1
    outer loop
      vertex 18.8236 3.08328 6
      vertex 6.46632 11.2 6
      vertex 18 3.19171 6
    endloop
  endfacet
  facet normal 0 0 1
    outer loop
      vertex 18 3.19171 6
      vertex 6.46632 11.2 6
      vertex 17.1764 3.08328 6
    endloop
  endfacet
  facet normal 0 0 1
    outer loop
      vertex 17.1764 3.08328 6
      vertex 6.46632 11.2 6
      vertex 17.1739 3.08296 6
    endloop
  endfacet
  facet normal 0 0 1
    outer loop
      vertex 17.1739 3.08296 6
      vertex 6.46632 11.2 6
      vertex 16.4064 2.76504 6
    endloop
  endfacet
  facet normal 0 0 1
    outer loop
      vertex 16.4064 2.76504 6
      vertex 6.46632 11.2 6
      vertex 16.4041 2.7641 6
    endloop
  endfacet
  facet normal 0 0 1
    outer loop
      vertex 16.4041 2.7641 6
      vertex 6.46632 11.2 6
      vertex 16.4022 2.76261 6
    endloop
  endfacet
  facet normal 0 0 1
    outer loop
      vertex 16.4022 2.76261 6
      vertex 6.46632 11.2 6
      vertex 15.7431 2.25688 6
    endloop
  endfacet
  facet normal 0 -0 1
    outer loop
      vertex 12.9326 0 6
      vertex 15.7431 2.25688 6
      vertex 6.46632 11.2 6
    endloop
  endfacet
  facet normal 0 0 1
    outer loop
      vertex 15.7431 2.25688 6
      vertex 12.9326 0 6
      vertex 15.2374 1.5978 6
    endloop
  endfacet
  facet normal 0 0 1
    outer loop
      vertex 15.2374 1.5978 6
      vertex 12.9326 0 6
      vertex 15.2359 1.59586 6
    endloop
  endfacet
  facet normal 0 0 1
    outer loop
      vertex 15.2359 1.59586 6
      vertex 12.9326 0 6
      vertex 15.235 1.59359 6
    endloop
  endfacet
  facet normal 0 0 1
    outer loop
      vertex 15.235 1.59359 6
      vertex 12.9326 0 6
      vertex 14.917 0.826076 6
    endloop
  endfacet
  facet normal 0 0 1
    outer loop
      vertex -5.80861 15.5909 6
      vertex 17.5385 99.4656 6
      vertex 14.0565 100.017 6
    endloop
  endfacet
  facet normal 0 0 1
    outer loop
      vertex 56.4785 -83.7328 6
      vertex 18.8261 -3.08296 6
      vertex 53.5218 -85.6529 6
    endloop
  endfacet
  facet normal 0 0 1
    outer loop
      vertex 53.5218 -85.6529 6
      vertex 18.8261 -3.08296 6
      vertex 50.5 -87.4686 6
    endloop
  endfacet
  facet normal 0 0 1
    outer loop
      vertex 50.5 -87.4686 6
      vertex 18.8261 -3.08296 6
      vertex 47.4166 -89.1777 6
    endloop
  endfacet
  facet normal 0 0 1
    outer loop
      vertex 47.4166 -89.1777 6
      vertex 18.8261 -3.08296 6
      vertex 44.2755 -90.7782 6
    endloop
  endfacet
  facet normal -0 0 1
    outer loop
      vertex 18.8236 -3.08328 6
      vertex 44.2755 -90.7782 6
      vertex 18.8261 -3.08296 6
    endloop
  endfacet
  facet normal -0 0 1
    outer loop
      vertex 18 -3.19171 6
      vertex 44.2755 -90.7782 6
      vertex 18.8236 -3.08328 6
    endloop
  endfacet
  facet normal 0 0 1
    outer loop
      vertex 44.2755 -90.7782 6
      vertex 18 -3.19171 6
      vertex 41.0804 -92.2681 6
    endloop
  endfacet
  facet normal 0 0 1
    outer loop
      vertex 41.0804 -92.2681 6
      vertex 18 -3.19171 6
      vertex 37.8353 -93.6456 6
    endloop
  endfacet
  facet normal 0 0 1
    outer loop
      vertex 37.8353 -93.6456 6
      vertex 18 -3.19171 6
      vertex 34.544 -94.909 6
    endloop
  endfacet
  facet normal 0 0 1
    outer loop
      vertex 34.544 -94.909 6
      vertex 18 -3.19171 6
      vertex 31.2107 -96.0567 6
    endloop
  endfacet
  facet normal 0 0 1
    outer loop
      vertex 31.2107 -96.0567 6
      vertex 18 -3.19171 6
      vertex 27.8394 -97.0874 6
    endloop
  endfacet
  facet normal 0 0 1
    outer loop
      vertex 27.8394 -97.0874 6
      vertex 18 -3.19171 6
      vertex 24.4341 -97.9999 6
    endloop
  endfacet
  facet normal 0 0 1
    outer loop
      vertex 24.4341 -97.9999 6
      vertex 18 -3.19171 6
      vertex 20.9991 -98.7929 6
    endloop
  endfacet
  facet normal 0 0 1
    outer loop
      vertex 17.1764 -3.08328 6
      vertex 20.9991 -98.7929 6
      vertex 18 -3.19171 6
    endloop
  endfacet
  facet normal 0 0 1
    outer loop
      vertex 17.1739 -3.08296 6
      vertex 20.9991 -98.7929 6
      vertex 17.1764 -3.08328 6
    endloop
  endfacet
  facet normal 0 0 1
    outer loop
      vertex 20.9991 -98.7929 6
      vertex 17.1739 -3.08296 6
      vertex 17.5385 -99.4656 6
    endloop
  endfacet
  facet normal 0 0 1
    outer loop
      vertex 10.5574 -100.447 6
      vertex 17.1739 -3.08296 6
      vertex 16.4064 -2.76504 6
    endloop
  endfacet
  facet normal 0 0 1
    outer loop
      vertex 10.5574 -100.447 6
      vertex 16.4064 -2.76504 6
      vertex 16.4041 -2.7641 6
    endloop
  endfacet
  facet normal 0 0 1
    outer loop
      vertex 10.5574 -100.447 6
      vertex 16.4041 -2.7641 6
      vertex 16.4022 -2.76261 6
    endloop
  endfacet
  facet normal 0 0 1
    outer loop
      vertex 10.5574 -100.447 6
      vertex 16.4022 -2.76261 6
      vertex 15.7431 -2.25688 6
    endloop
  endfacet
  facet normal 0 0 1
    outer loop
      vertex 12.9326 0 6
      vertex 15.7431 -2.25688 6
      vertex 15.2374 -1.5978 6
    endloop
  endfacet
  facet normal 0 0 1
    outer loop
      vertex 12.9326 0 6
      vertex 15.2374 -1.5978 6
      vertex 15.2359 -1.59586 6
    endloop
  endfacet
  facet normal 0 0 1
    outer loop
      vertex 12.9326 0 6
      vertex 15.2359 -1.59586 6
      vertex 15.235 -1.59359 6
    endloop
  endfacet
  facet normal 0 0 1
    outer loop
      vertex 12.9326 0 6
      vertex 15.235 -1.59359 6
      vertex 14.917 -0.826076 6
    endloop
  endfacet
  facet normal 0 0 1
    outer loop
      vertex 12.9326 0 6
      vertex 14.917 -0.826076 6
      vertex 14.9167 -0.823645 6
    endloop
  endfacet
  facet normal -0 0 1
    outer loop
      vertex 12.9326 0 6
      vertex 14.9167 -0.823645 6
      vertex 14.8083 0 6
    endloop
  endfacet
  facet normal 0 0 1
    outer loop
      vertex 6.46632 -11.2 6
      vertex 15.7431 -2.25688 6
      vertex 12.9326 0 6
    endloop
  endfacet
  facet normal 0 0 1
    outer loop
      vertex 14.917 0.826076 6
      vertex 12.9326 0 6
      vertex 14.9167 0.823645 6
    endloop
  endfacet
  facet normal 0 0 1
    outer loop
      vertex 17.1739 -3.08296 6
      vertex 14.0565 -100.017 6
      vertex 17.5385 -99.4656 6
    endloop
  endfacet
  facet normal 0 0 1
    outer loop
      vertex -5.80861 15.5909 6
      vertex 14.0565 100.017 6
      vertex 10.5574 100.447 6
    endloop
  endfacet
  facet normal 0 0 1
    outer loop
      vertex -5.80861 15.5909 6
      vertex 10.5574 100.447 6
      vertex 7.0454 100.754 6
    endloop
  endfacet
  facet normal 0 0 1
    outer loop
      vertex 14.9167 0.823645 6
      vertex 12.9326 0 6
      vertex 14.8083 0 6
    endloop
  endfacet
  facet normal 0 0 1
    outer loop
      vertex -5.80861 15.5909 6
      vertex 7.0454 100.754 6
      vertex 3.52485 100.938 6
    endloop
  endfacet
  facet normal 0 0 1
    outer loop
      vertex -5.80861 15.5909 6
      vertex 3.52485 100.938 6
      vertex 0 101 6
    endloop
  endfacet
  facet normal 0 0 1
    outer loop
      vertex -8.17392 18.6714 6
      vertex 0 101 6
      vertex -3.52485 100.938 6
    endloop
  endfacet
  facet normal -0 0 1
    outer loop
      vertex -5.80861 15.5909 6
      vertex 6.46632 11.2 6
      vertex 24.4341 97.9999 6
    endloop
  endfacet
  facet normal -0 0 1
    outer loop
      vertex -5.80861 15.586 6
      vertex 6.46632 11.2 6
      vertex -5.80829 15.5885 6
    endloop
  endfacet
  facet normal -0 0 1
    outer loop
      vertex -5.91704 14.7624 6
      vertex 6.46632 11.2 6
      vertex -5.80861 15.586 6
    endloop
  endfacet
  facet normal 0 0 1
    outer loop
      vertex -6.46632 11.2 6
      vertex -5.91704 14.7624 6
      vertex -6.23496 13.9949 6
    endloop
  endfacet
  facet normal 0 0 1
    outer loop
      vertex -6.46632 11.2 6
      vertex -6.23496 13.9949 6
      vertex -6.2359 13.9926 6
    endloop
  endfacet
  facet normal 0 0 1
    outer loop
      vertex -6.46632 11.2 6
      vertex -6.2359 13.9926 6
      vertex -6.23739 13.9907 6
    endloop
  endfacet
  facet normal 0 0 1
    outer loop
      vertex -5.91704 14.7624 6
      vertex -6.46632 11.2 6
      vertex 6.46632 11.2 6
    endloop
  endfacet
  facet normal -0 0 1
    outer loop
      vertex -6.74312 13.3316 6
      vertex -6.46632 11.2 6
      vertex -6.23739 13.9907 6
    endloop
  endfacet
  facet normal -0 0 1
    outer loop
      vertex -6.74506 13.3301 6
      vertex -6.46632 11.2 6
      vertex -6.74312 13.3316 6
    endloop
  endfacet
  facet normal -0 0 1
    outer loop
      vertex -7.40414 12.8244 6
      vertex -6.46632 11.2 6
      vertex -6.74506 13.3301 6
    endloop
  endfacet
  facet normal -0 0 1
    outer loop
      vertex -8.17166 12.5064 6
      vertex -6.46632 11.2 6
      vertex -7.40414 12.8244 6
    endloop
  endfacet
  facet normal -0 0 1
    outer loop
      vertex -8.17392 12.5055 6
      vertex -6.46632 11.2 6
      vertex -8.17166 12.5064 6
    endloop
  endfacet
  facet normal -0 0 1
    outer loop
      vertex -8.99757 12.3971 6
      vertex -6.46632 11.2 6
      vertex -8.17392 12.5055 6
    endloop
  endfacet
  facet normal -0 0 1
    outer loop
      vertex -9 12.3967 6
      vertex -6.46632 11.2 6
      vertex -8.99757 12.3971 6
    endloop
  endfacet
  facet normal 0 0 1
    outer loop
      vertex -9.00243 12.3971 6
      vertex -6.46632 11.2 6
      vertex -9 12.3967 6
    endloop
  endfacet
  facet normal 0 0 1
    outer loop
      vertex -9.82608 12.5055 6
      vertex -6.46632 11.2 6
      vertex -9.00243 12.3971 6
    endloop
  endfacet
  facet normal 0 0 1
    outer loop
      vertex -12.9326 0 6
      vertex -12.082 14.7601 6
      vertex -12.083 14.7624 6
    endloop
  endfacet
  facet normal 0 0 1
    outer loop
      vertex -9.82608 12.5055 6
      vertex -12.9326 0 6
      vertex -6.46632 11.2 6
    endloop
  endfacet
  facet normal 0 0 1
    outer loop
      vertex -10.5936 12.8234 6
      vertex -12.9326 0 6
      vertex -9.82608 12.5055 6
    endloop
  endfacet
  facet normal 0 0 1
    outer loop
      vertex -10.5959 12.8244 6
      vertex -12.9326 0 6
      vertex -10.5936 12.8234 6
    endloop
  endfacet
  facet normal 0 0 1
    outer loop
      vertex -10.5978 12.8258 6
      vertex -12.9326 0 6
      vertex -10.5959 12.8244 6
    endloop
  endfacet
  facet normal 0 0 1
    outer loop
      vertex -11.2569 13.3316 6
      vertex -12.9326 0 6
      vertex -10.5978 12.8258 6
    endloop
  endfacet
  facet normal 0 0 1
    outer loop
      vertex -11.2584 13.3335 6
      vertex -12.9326 0 6
      vertex -11.2569 13.3316 6
    endloop
  endfacet
  facet normal 0 0 1
    outer loop
      vertex -11.7641 13.9926 6
      vertex -12.9326 0 6
      vertex -11.2584 13.3335 6
    endloop
  endfacet
  facet normal 0 0 1
    outer loop
      vertex -12.082 14.7601 6
      vertex -12.9326 0 6
      vertex -11.7641 13.9926 6
    endloop
  endfacet
  facet normal 0 0 1
    outer loop
      vertex -12.1914 15.586 6
      vertex -12.9326 0 6
      vertex -12.083 14.7624 6
    endloop
  endfacet
  facet normal 0 0 1
    outer loop
      vertex -12.9326 0 6
      vertex -12.1914 15.586 6
      vertex -12.1917 15.5885 6
    endloop
  endfacet
  facet normal -0.999848 -0.0174624 0
    outer loop
      vertex -104.936 -3.66445 -3.8147e-07
      vertex -105 0 6.89999
      vertex -105 0 -3.8147e-07
    endloop
  endfacet
  facet normal -0.999848 -0.0174624 0
    outer loop
      vertex -105 0 6.89999
      vertex -104.936 -3.66445 -3.8147e-07
      vertex -104.936 -3.66445 6.89999
    endloop
  endfacet
  facet normal 0 1 -0
    outer loop
      vertex 6.46632 -11.2 3
      vertex -6.46632 -11.2 6
      vertex 6.46632 -11.2 6
    endloop
  endfacet
  facet normal 0 1 0
    outer loop
      vertex -6.46632 -11.2 6
      vertex 6.46632 -11.2 3
      vertex -6.46632 -11.2 3
    endloop
  endfacet
  facet normal -0.866027 0.499998 0
    outer loop
      vertex 6.46632 -11.2 3
      vertex 12.9326 0 6
      vertex 12.9326 0 3
    endloop
  endfacet
  facet normal -0.866027 0.499998 0
    outer loop
      vertex 12.9326 0 6
      vertex 6.46632 -11.2 3
      vertex 6.46632 -11.2 6
    endloop
  endfacet
  facet normal 0 -1 0
    outer loop
      vertex -6.46632 11.2 3
      vertex 6.46632 11.2 6
      vertex -6.46632 11.2 6
    endloop
  endfacet
  facet normal 0 -1 -0
    outer loop
      vertex 6.46632 11.2 6
      vertex -6.46632 11.2 3
      vertex 6.46632 11.2 3
    endloop
  endfacet
  facet normal -0.866027 -0.499998 0
    outer loop
      vertex 12.9326 0 3
      vertex 6.46632 11.2 6
      vertex 6.46632 11.2 3
    endloop
  endfacet
  facet normal -0.866027 -0.499998 0
    outer loop
      vertex 6.46632 11.2 6
      vertex 12.9326 0 3
      vertex 12.9326 0 6
    endloop
  endfacet
  facet normal 0.866027 -0.499998 0
    outer loop
      vertex -12.9326 0 6
      vertex -6.46632 11.2 3
      vertex -6.46632 11.2 6
    endloop
  endfacet
  facet normal 0.866027 -0.499998 0
    outer loop
      vertex -6.46632 11.2 3
      vertex -12.9326 0 6
      vertex -12.9326 0 3
    endloop
  endfacet
  facet normal 0.866027 0.499998 0
    outer loop
      vertex -6.46632 -11.2 6
      vertex -12.9326 0 3
      vertex -12.9326 0 6
    endloop
  endfacet
  facet normal 0.866027 0.499998 0
    outer loop
      vertex -12.9326 0 3
      vertex -6.46632 -11.2 6
      vertex -6.46632 -11.2 3
    endloop
  endfacet
  facet normal -0.995187 -0.0979966 0
    outer loop
      vertex 25.146 1.64816 -3.8147e-07
      vertex 24.9844 3.28926 3
      vertex 24.9844 3.28926 -3.8147e-07
    endloop
  endfacet
  facet normal -0.995187 -0.0979966 0
    outer loop
      vertex 24.9844 3.28926 3
      vertex 25.146 1.64816 -3.8147e-07
      vertex 25.146 1.64816 3
    endloop
  endfacet
  facet normal -0.999464 -0.0327462 0
    outer loop
      vertex 25.2 0 -3.8147e-07
      vertex 25.146 1.64816 3
      vertex 25.146 1.64816 -3.8147e-07
    endloop
  endfacet
  facet normal -0.999464 -0.0327462 0
    outer loop
      vertex 25.146 1.64816 3
      vertex 25.2 0 -3.8147e-07
      vertex 25.2 0 3
    endloop
  endfacet
  facet normal -0.986645 -0.162882 0
    outer loop
      vertex 24.9844 3.28926 -3.8147e-07
      vertex 24.7158 4.91628 3
      vertex 24.7158 4.91628 -3.8147e-07
    endloop
  endfacet
  facet normal -0.986645 -0.162882 0
    outer loop
      vertex 24.7158 4.91628 3
      vertex 24.9844 3.28926 -3.8147e-07
      vertex 24.9844 3.28926 3
    endloop
  endfacet
  facet normal -0.973871 -0.227101 0
    outer loop
      vertex 24.7158 4.91628 -3.8147e-07
      vertex 24.3413 6.52224 3
      vertex 24.3413 6.52224 -3.8147e-07
    endloop
  endfacet
  facet normal -0.973871 -0.227101 0
    outer loop
      vertex 24.3413 6.52224 3
      vertex 24.7158 4.91628 -3.8147e-07
      vertex 24.7158 4.91628 3
    endloop
  endfacet
  facet normal 0.773016 -0.634386 0
    outer loop
      vertex -19.9925 15.3408 3
      vertex -18.9464 16.6155 -3.8147e-07
      vertex -18.9464 16.6155 3
    endloop
  endfacet
  facet normal 0.773016 -0.634386 0
    outer loop
      vertex -18.9464 16.6155 -3.8147e-07
      vertex -19.9925 15.3408 3
      vertex -19.9925 15.3408 -3.8147e-07
    endloop
  endfacet
  facet normal -0.956939 -0.29029 0
    outer loop
      vertex 24.3413 6.52224 -3.8147e-07
      vertex 23.8626 8.10027 3
      vertex 23.8626 8.10027 -3.8147e-07
    endloop
  endfacet
  facet normal -0.956939 -0.29029 0
    outer loop
      vertex 23.8626 8.10027 3
      vertex 24.3413 6.52224 -3.8147e-07
      vertex 24.3413 6.52224 3
    endloop
  endfacet
  facet normal -0.227101 0.973871 0
    outer loop
      vertex 6.52224 -24.3413 -3.8147e-07
      vertex 4.91628 -24.7158 3
      vertex 6.52224 -24.3413 3
    endloop
  endfacet
  facet normal -0.227101 0.973871 0
    outer loop
      vertex 4.91628 -24.7158 3
      vertex 6.52224 -24.3413 -3.8147e-07
      vertex 4.91628 -24.7158 -3.8147e-07
    endloop
  endfacet
  facet normal -0.0327462 0.999464 0
    outer loop
      vertex 1.64816 -25.146 -3.8147e-07
      vertex 0 -25.2 3
      vertex 1.64816 -25.146 3
    endloop
  endfacet
  facet normal -0.0327462 0.999464 0
    outer loop
      vertex 0 -25.2 3
      vertex 1.64816 -25.146 -3.8147e-07
      vertex 0 -25.2 -3.8147e-07
    endloop
  endfacet
  facet normal -0.582471 -0.812852 0
    outer loop
      vertex 14.0004 20.953 -3.8147e-07
      vertex 15.3408 19.9925 3
      vertex 14.0004 20.953 3
    endloop
  endfacet
  facet normal -0.582471 -0.812852 -0
    outer loop
      vertex 15.3408 19.9925 3
      vertex 14.0004 20.953 -3.8147e-07
      vertex 15.3408 19.9925 -3.8147e-07
    endloop
  endfacet
  facet normal 0.35221 0.935921 -0
    outer loop
      vertex -8.10027 -23.8626 -3.8147e-07
      vertex -9.64362 -23.2818 3
      vertex -8.10027 -23.8626 3
    endloop
  endfacet
  facet normal 0.35221 0.935921 0
    outer loop
      vertex -9.64362 -23.2818 3
      vertex -8.10027 -23.8626 -3.8147e-07
      vertex -9.64362 -23.2818 -3.8147e-07
    endloop
  endfacet
  facet normal -0.849209 -0.528057 0
    outer loop
      vertex 21.8238 12.6 -3.8147e-07
      vertex 20.953 14.0004 3
      vertex 20.953 14.0004 -3.8147e-07
    endloop
  endfacet
  facet normal -0.849209 -0.528057 0
    outer loop
      vertex 20.953 14.0004 3
      vertex 21.8238 12.6 -3.8147e-07
      vertex 21.8238 12.6 3
    endloop
  endfacet
  facet normal 0.935921 -0.35221 0
    outer loop
      vertex -23.8626 8.10027 3
      vertex -23.2818 9.64362 -3.8147e-07
      vertex -23.2818 9.64362 3
    endloop
  endfacet
  facet normal 0.935921 -0.35221 0
    outer loop
      vertex -23.2818 9.64362 -3.8147e-07
      vertex -23.8626 8.10027 3
      vertex -23.8626 8.10027 -3.8147e-07
    endloop
  endfacet
  facet normal -0.773016 0.634386 0
    outer loop
      vertex 18.9464 -16.6155 -3.8147e-07
      vertex 19.9925 -15.3408 3
      vertex 19.9925 -15.3408 -3.8147e-07
    endloop
  endfacet
  facet normal -0.773016 0.634386 0
    outer loop
      vertex 19.9925 -15.3408 3
      vertex 18.9464 -16.6155 -3.8147e-07
      vertex 18.9464 -16.6155 3
    endloop
  endfacet
  facet normal 0.0327462 -0.999464 0
    outer loop
      vertex -1.64816 25.146 -3.8147e-07
      vertex 0 25.2 3
      vertex -1.64816 25.146 3
    endloop
  endfacet
  facet normal 0.0327462 -0.999464 0
    outer loop
      vertex 0 25.2 3
      vertex -1.64816 25.146 -3.8147e-07
      vertex 0 25.2 -3.8147e-07
    endloop
  endfacet
  facet normal -0.528057 -0.849209 0
    outer loop
      vertex 12.6 21.8238 -3.8147e-07
      vertex 14.0004 20.953 3
      vertex 12.6 21.8238 3
    endloop
  endfacet
  facet normal -0.528057 -0.849209 -0
    outer loop
      vertex 14.0004 20.953 3
      vertex 12.6 21.8238 -3.8147e-07
      vertex 14.0004 20.953 -3.8147e-07
    endloop
  endfacet
  facet normal 0.849209 0.528057 0
    outer loop
      vertex -20.953 -14.0004 3
      vertex -21.8238 -12.6 -3.8147e-07
      vertex -21.8238 -12.6 3
    endloop
  endfacet
  facet normal 0.849209 0.528057 0
    outer loop
      vertex -21.8238 -12.6 -3.8147e-07
      vertex -20.953 -14.0004 3
      vertex -20.953 -14.0004 -3.8147e-07
    endloop
  endfacet
  facet normal -0.881906 -0.471425 0
    outer loop
      vertex 22.6012 11.1457 -3.8147e-07
      vertex 21.8238 12.6 3
      vertex 21.8238 12.6 -3.8147e-07
    endloop
  endfacet
  facet normal -0.881906 -0.471425 0
    outer loop
      vertex 21.8238 12.6 3
      vertex 22.6012 11.1457 -3.8147e-07
      vertex 22.6012 11.1457 3
    endloop
  endfacet
  facet normal 0.995187 0.0979966 0
    outer loop
      vertex -24.9844 -3.28926 3
      vertex -25.146 -1.64816 -3.8147e-07
      vertex -25.146 -1.64816 3
    endloop
  endfacet
  facet normal 0.995187 0.0979966 0
    outer loop
      vertex -25.146 -1.64816 -3.8147e-07
      vertex -24.9844 -3.28926 3
      vertex -24.9844 -3.28926 -3.8147e-07
    endloop
  endfacet
  facet normal 0.956939 -0.29029 0
    outer loop
      vertex -24.3413 6.52224 3
      vertex -23.8626 8.10027 -3.8147e-07
      vertex -23.8626 8.10027 3
    endloop
  endfacet
  facet normal 0.956939 -0.29029 0
    outer loop
      vertex -23.8626 8.10027 -3.8147e-07
      vertex -24.3413 6.52224 3
      vertex -24.3413 6.52224 -3.8147e-07
    endloop
  endfacet
  facet normal 0.412715 0.91086 -0
    outer loop
      vertex -9.64362 -23.2818 -3.8147e-07
      vertex -11.1457 -22.6012 3
      vertex -9.64362 -23.2818 3
    endloop
  endfacet
  facet normal 0.412715 0.91086 0
    outer loop
      vertex -11.1457 -22.6012 3
      vertex -9.64362 -23.2818 -3.8147e-07
      vertex -11.1457 -22.6012 -3.8147e-07
    endloop
  endfacet
  facet normal -0.29029 0.956939 0
    outer loop
      vertex 8.10027 -23.8626 -3.8147e-07
      vertex 6.52224 -24.3413 3
      vertex 8.10027 -23.8626 3
    endloop
  endfacet
  facet normal -0.29029 0.956939 0
    outer loop
      vertex 6.52224 -24.3413 3
      vertex 8.10027 -23.8626 -3.8147e-07
      vertex 6.52224 -24.3413 -3.8147e-07
    endloop
  endfacet
  facet normal 0.683594 0.729862 -0
    outer loop
      vertex -16.6155 -18.9464 -3.8147e-07
      vertex -17.8191 -17.8191 3
      vertex -16.6155 -18.9464 3
    endloop
  endfacet
  facet normal 0.683594 0.729862 0
    outer loop
      vertex -17.8191 -17.8191 3
      vertex -16.6155 -18.9464 -3.8147e-07
      vertex -17.8191 -17.8191 -3.8147e-07
    endloop
  endfacet
  facet normal -0.999464 0.0327462 0
    outer loop
      vertex 25.146 -1.64816 -3.8147e-07
      vertex 25.2 0 3
      vertex 25.2 0 -3.8147e-07
    endloop
  endfacet
  facet normal -0.999464 0.0327462 0
    outer loop
      vertex 25.2 0 3
      vertex 25.146 -1.64816 -3.8147e-07
      vertex 25.146 -1.64816 3
    endloop
  endfacet
  facet normal -0.881906 0.471425 0
    outer loop
      vertex 21.8238 -12.6 -3.8147e-07
      vertex 22.6012 -11.1457 3
      vertex 22.6012 -11.1457 -3.8147e-07
    endloop
  endfacet
  facet normal -0.881906 0.471425 0
    outer loop
      vertex 22.6012 -11.1457 3
      vertex 21.8238 -12.6 -3.8147e-07
      vertex 21.8238 -12.6 3
    endloop
  endfacet
  facet normal 0 0 -1
    outer loop
      vertex 6.46632 -11.2 3
      vertex -7.33715 -15.9419 3
      vertex -7.30931 -15.4108 3
    endloop
  endfacet
  facet normal 0 0 -1
    outer loop
      vertex -4.91628 -24.7158 3
      vertex -7.52776 -16.4385 3
      vertex -7.33715 -15.9419 3
    endloop
  endfacet
  facet normal 0 0 -1
    outer loop
      vertex -4.91628 -24.7158 3
      vertex -7.86248 -16.8518 3
      vertex -7.52776 -16.4385 3
    endloop
  endfacet
  facet normal 0 0 -1
    outer loop
      vertex -8.30855 -17.1415 3
      vertex -6.52224 -24.3413 3
      vertex -8.10027 -23.8626 3
    endloop
  endfacet
  facet normal 0 0 -1
    outer loop
      vertex -6.52224 -24.3413 3
      vertex -8.30855 -17.1415 3
      vertex -7.86248 -16.8518 3
    endloop
  endfacet
  facet normal 0 0 -1
    outer loop
      vertex -8.10027 -23.8626 3
      vertex -8.8223 -17.2791 3
      vertex -8.30855 -17.1415 3
    endloop
  endfacet
  facet normal 0 0 -1
    outer loop
      vertex -9.64362 -23.2818 3
      vertex -8.8223 -17.2791 3
      vertex -8.10027 -23.8626 3
    endloop
  endfacet
  facet normal 0 0 -1
    outer loop
      vertex -11.1457 -22.6012 3
      vertex -8.8223 -17.2791 3
      vertex -9.64362 -23.2818 3
    endloop
  endfacet
  facet normal -0 0 -1
    outer loop
      vertex -8.8223 -17.2791 3
      vertex -11.1457 -22.6012 3
      vertex -9.35345 -17.2513 3
    endloop
  endfacet
  facet normal 0 0 -1
    outer loop
      vertex -12.6 -21.8238 3
      vertex -9.35345 -17.2513 3
      vertex -11.1457 -22.6012 3
    endloop
  endfacet
  facet normal -0 0 -1
    outer loop
      vertex -9.35345 -17.2513 3
      vertex -12.6 -21.8238 3
      vertex -9.85 -17.0607 3
    endloop
  endfacet
  facet normal -0 0 -1
    outer loop
      vertex -9.85 -17.0607 3
      vertex -12.6 -21.8238 3
      vertex -10.2633 -16.726 3
    endloop
  endfacet
  facet normal 0 0 -1
    outer loop
      vertex -14.0004 -20.953 3
      vertex -10.2633 -16.726 3
      vertex -12.6 -21.8238 3
    endloop
  endfacet
  facet normal -0 0 -1
    outer loop
      vertex 15.3408 19.9925 3
      vertex 6.46632 11.2 3
      vertex 14.0004 20.953 3
    endloop
  endfacet
  facet normal -0 0 -1
    outer loop
      vertex 14.0004 20.953 3
      vertex 6.46632 11.2 3
      vertex 12.6 21.8238 3
    endloop
  endfacet
  facet normal -0 0 -1
    outer loop
      vertex 12.6 21.8238 3
      vertex 6.46632 11.2 3
      vertex 11.1457 22.6012 3
    endloop
  endfacet
  facet normal -0 0 -1
    outer loop
      vertex 11.1457 22.6012 3
      vertex 6.46632 11.2 3
      vertex 9.64362 23.2818 3
    endloop
  endfacet
  facet normal -0 0 -1
    outer loop
      vertex 9.64362 23.2818 3
      vertex 6.46632 11.2 3
      vertex 8.10027 23.8626 3
    endloop
  endfacet
  facet normal -0 0 -1
    outer loop
      vertex 8.10027 23.8626 3
      vertex 6.46632 11.2 3
      vertex 6.52224 24.3413 3
    endloop
  endfacet
  facet normal 0 0 -1
    outer loop
      vertex 6.46632 11.2 3
      vertex 4.91628 24.7158 3
      vertex 6.52224 24.3413 3
    endloop
  endfacet
  facet normal 0 0 -1
    outer loop
      vertex 6.46632 11.2 3
      vertex 3.28926 24.9844 3
      vertex 4.91628 24.7158 3
    endloop
  endfacet
  facet normal 0 0 -1
    outer loop
      vertex 6.46632 11.2 3
      vertex 1.64816 25.146 3
      vertex 3.28926 24.9844 3
    endloop
  endfacet
  facet normal 0 0 -1
    outer loop
      vertex -7.33715 15.9419 3
      vertex 1.64816 25.146 3
      vertex 6.46632 11.2 3
    endloop
  endfacet
  facet normal -0 0 -1
    outer loop
      vertex 1.64816 25.146 3
      vertex -7.33715 15.9419 3
      vertex 0 25.2 3
    endloop
  endfacet
  facet normal 0 0 -1
    outer loop
      vertex 0 25.2 3
      vertex -7.33715 15.9419 3
      vertex -1.64816 25.146 3
    endloop
  endfacet
  facet normal 0 0 -1
    outer loop
      vertex -7.52776 16.4385 3
      vertex -1.64816 25.146 3
      vertex -7.33715 15.9419 3
    endloop
  endfacet
  facet normal 0 0 -1
    outer loop
      vertex -7.30931 15.4108 3
      vertex 6.46632 11.2 3
      vertex -6.46632 11.2 3
    endloop
  endfacet
  facet normal 0 0 -1
    outer loop
      vertex -1.64816 25.146 3
      vertex -7.52776 16.4385 3
      vertex -3.28926 24.9844 3
    endloop
  endfacet
  facet normal 0 0 -1
    outer loop
      vertex 6.46632 11.2 3
      vertex -7.30931 15.4108 3
      vertex -7.33715 15.9419 3
    endloop
  endfacet
  facet normal 0 0 -1
    outer loop
      vertex -6.46632 11.2 3
      vertex -7.44697 14.897 3
      vertex -7.30931 15.4108 3
    endloop
  endfacet
  facet normal 0 0 -1
    outer loop
      vertex -6.46632 11.2 3
      vertex -7.73665 14.4509 3
      vertex -7.44697 14.897 3
    endloop
  endfacet
  facet normal 0 0 -1
    outer loop
      vertex -6.46632 11.2 3
      vertex -8.15 14.1162 3
      vertex -7.73665 14.4509 3
    endloop
  endfacet
  facet normal 0 0 -1
    outer loop
      vertex -6.46632 11.2 3
      vertex -8.64655 13.9256 3
      vertex -8.15 14.1162 3
    endloop
  endfacet
  facet normal 0 0 -1
    outer loop
      vertex -6.46632 11.2 3
      vertex -9.1777 13.8978 3
      vertex -8.64655 13.9256 3
    endloop
  endfacet
  facet normal 0 0 -1
    outer loop
      vertex -6.46632 11.2 3
      vertex -9.69145 14.0354 3
      vertex -9.1777 13.8978 3
    endloop
  endfacet
  facet normal 0 0 -1
    outer loop
      vertex -12.9326 0 3
      vertex -9.69145 14.0354 3
      vertex -6.46632 11.2 3
    endloop
  endfacet
  facet normal 0 0 -1
    outer loop
      vertex -17.8191 17.8191 3
      vertex -10.6907 15.7662 3
      vertex -10.6629 15.235 3
    endloop
  endfacet
  facet normal 0 0 -1
    outer loop
      vertex -10.6907 15.7662 3
      vertex -12.6 21.8238 3
      vertex -11.1457 22.6012 3
    endloop
  endfacet
  facet normal -0 0 -1
    outer loop
      vertex -9.69145 14.0354 3
      vertex -12.9326 0 3
      vertex -10.1375 14.3251 3
    endloop
  endfacet
  facet normal 0 0 -1
    outer loop
      vertex -22.6012 11.1457 3
      vertex -10.1375 14.3251 3
      vertex -12.9326 0 3
    endloop
  endfacet
  facet normal 0 -0 -1
    outer loop
      vertex -21.8238 12.6 3
      vertex -10.1375 14.3251 3
      vertex -22.6012 11.1457 3
    endloop
  endfacet
  facet normal -0 0 -1
    outer loop
      vertex -10.1375 14.3251 3
      vertex -20.953 14.0004 3
      vertex -10.4722 14.7385 3
    endloop
  endfacet
  facet normal -0 0 -1
    outer loop
      vertex -10.6907 -15.7662 3
      vertex -17.8191 -17.8191 3
      vertex -10.6629 -15.235 3
    endloop
  endfacet
  facet normal 0 0 -1
    outer loop
      vertex -10.6907 15.7662 3
      vertex -14.0004 20.953 3
      vertex -12.6 21.8238 3
    endloop
  endfacet
  facet normal 0 0 -1
    outer loop
      vertex -18.9464 -16.6155 3
      vertex -10.6629 -15.235 3
      vertex -17.8191 -17.8191 3
    endloop
  endfacet
  facet normal 0 0 -1
    outer loop
      vertex -10.6907 15.7662 3
      vertex -15.3408 19.9925 3
      vertex -14.0004 20.953 3
    endloop
  endfacet
  facet normal -0 0 -1
    outer loop
      vertex -10.6629 -15.235 3
      vertex -18.9464 -16.6155 3
      vertex -10.4722 -14.7385 3
    endloop
  endfacet
  facet normal 0 0 -1
    outer loop
      vertex -10.6907 15.7662 3
      vertex -16.6155 18.9464 3
      vertex -15.3408 19.9925 3
    endloop
  endfacet
  facet normal 0 0 -1
    outer loop
      vertex -19.9925 -15.3408 3
      vertex -10.4722 -14.7385 3
      vertex -18.9464 -16.6155 3
    endloop
  endfacet
  facet normal 0 0 -1
    outer loop
      vertex -10.6907 15.7662 3
      vertex -17.8191 17.8191 3
      vertex -16.6155 18.9464 3
    endloop
  endfacet
  facet normal 0 0 -1
    outer loop
      vertex -20.953 -14.0004 3
      vertex -10.4722 -14.7385 3
      vertex -19.9925 -15.3408 3
    endloop
  endfacet
  facet normal 0 0 -1
    outer loop
      vertex -10.6629 15.235 3
      vertex -18.9464 16.6155 3
      vertex -17.8191 17.8191 3
    endloop
  endfacet
  facet normal 0 0 -1
    outer loop
      vertex -21.8238 -12.6 3
      vertex -10.4722 -14.7385 3
      vertex -20.953 -14.0004 3
    endloop
  endfacet
  facet normal 0 0 -1
    outer loop
      vertex -10.4722 14.7385 3
      vertex -18.9464 16.6155 3
      vertex -10.6629 15.235 3
    endloop
  endfacet
  facet normal 0 0 -1
    outer loop
      vertex -22.6012 -11.1457 3
      vertex -10.4722 -14.7385 3
      vertex -21.8238 -12.6 3
    endloop
  endfacet
  facet normal 0 -0 -1
    outer loop
      vertex -18.9464 16.6155 3
      vertex -10.4722 14.7385 3
      vertex -19.9925 15.3408 3
    endloop
  endfacet
  facet normal 0 0 -1
    outer loop
      vertex -10.4722 -14.7385 3
      vertex -22.6012 -11.1457 3
      vertex -12.9326 0 3
    endloop
  endfacet
  facet normal 0 -0 -1
    outer loop
      vertex -19.9925 15.3408 3
      vertex -10.4722 14.7385 3
      vertex -20.953 14.0004 3
    endloop
  endfacet
  facet normal 0 0 -1
    outer loop
      vertex -23.2818 -9.64362 3
      vertex -12.9326 0 3
      vertex -22.6012 -11.1457 3
    endloop
  endfacet
  facet normal 0 -0 -1
    outer loop
      vertex -20.953 14.0004 3
      vertex -10.1375 14.3251 3
      vertex -21.8238 12.6 3
    endloop
  endfacet
  facet normal 0 0 -1
    outer loop
      vertex -23.8626 -8.10027 3
      vertex -12.9326 0 3
      vertex -23.2818 -9.64362 3
    endloop
  endfacet
  facet normal 0 0 -1
    outer loop
      vertex -12.9326 0 3
      vertex -23.2818 9.64362 3
      vertex -22.6012 11.1457 3
    endloop
  endfacet
  facet normal 0 0 -1
    outer loop
      vertex -24.3413 -6.52224 3
      vertex -12.9326 0 3
      vertex -23.8626 -8.10027 3
    endloop
  endfacet
  facet normal 0 0 -1
    outer loop
      vertex -12.9326 0 3
      vertex -23.8626 8.10027 3
      vertex -23.2818 9.64362 3
    endloop
  endfacet
  facet normal 0 0 -1
    outer loop
      vertex -24.7158 -4.91628 3
      vertex -12.9326 0 3
      vertex -24.3413 -6.52224 3
    endloop
  endfacet
  facet normal 0 0 -1
    outer loop
      vertex -12.9326 0 3
      vertex -24.3413 6.52224 3
      vertex -23.8626 8.10027 3
    endloop
  endfacet
  facet normal 0 0 -1
    outer loop
      vertex -24.9844 -3.28926 3
      vertex -12.9326 0 3
      vertex -24.7158 -4.91628 3
    endloop
  endfacet
  facet normal 0 0 -1
    outer loop
      vertex -12.9326 0 3
      vertex -24.7158 4.91628 3
      vertex -24.3413 6.52224 3
    endloop
  endfacet
  facet normal 0 0 -1
    outer loop
      vertex -25.146 -1.64816 3
      vertex -12.9326 0 3
      vertex -24.9844 -3.28926 3
    endloop
  endfacet
  facet normal 0 0 -1
    outer loop
      vertex -12.9326 0 3
      vertex -24.9844 3.28926 3
      vertex -24.7158 4.91628 3
    endloop
  endfacet
  facet normal 0 0 -1
    outer loop
      vertex -25.2 0 3
      vertex -12.9326 0 3
      vertex -25.146 -1.64816 3
    endloop
  endfacet
  facet normal 0 0 -1
    outer loop
      vertex -12.9326 0 3
      vertex -25.146 1.64816 3
      vertex -24.9844 3.28926 3
    endloop
  endfacet
  facet normal 0 0 -1
    outer loop
      vertex -12.9326 0 3
      vertex -25.2 0 3
      vertex -25.146 1.64816 3
    endloop
  endfacet
  facet normal 0 0 -1
    outer loop
      vertex -3.28926 24.9844 3
      vertex -7.52776 16.4385 3
      vertex -4.91628 24.7158 3
    endloop
  endfacet
  facet normal 0 0 -1
    outer loop
      vertex -7.86248 16.8518 3
      vertex -4.91628 24.7158 3
      vertex -7.52776 16.4385 3
    endloop
  endfacet
  facet normal 0 0 -1
    outer loop
      vertex -4.91628 24.7158 3
      vertex -7.86248 16.8518 3
      vertex -6.52224 24.3413 3
    endloop
  endfacet
  facet normal 0 0 -1
    outer loop
      vertex -8.30855 17.1415 3
      vertex -6.52224 24.3413 3
      vertex -7.86248 16.8518 3
    endloop
  endfacet
  facet normal 0 0 -1
    outer loop
      vertex -6.52224 24.3413 3
      vertex -8.30855 17.1415 3
      vertex -8.10027 23.8626 3
    endloop
  endfacet
  facet normal 0 0 -1
    outer loop
      vertex -8.8223 17.2791 3
      vertex -8.10027 23.8626 3
      vertex -8.30855 17.1415 3
    endloop
  endfacet
  facet normal 0 0 -1
    outer loop
      vertex -11.1457 22.6012 3
      vertex -8.8223 17.2791 3
      vertex -9.35345 17.2513 3
    endloop
  endfacet
  facet normal 0 0 -1
    outer loop
      vertex -8.8223 17.2791 3
      vertex -9.64362 23.2818 3
      vertex -8.10027 23.8626 3
    endloop
  endfacet
  facet normal 0 0 -1
    outer loop
      vertex -11.1457 22.6012 3
      vertex -9.35345 17.2513 3
      vertex -9.85 17.0607 3
    endloop
  endfacet
  facet normal 0 0 -1
    outer loop
      vertex -11.1457 22.6012 3
      vertex -9.85 17.0607 3
      vertex -10.2633 16.726 3
    endloop
  endfacet
  facet normal 0 0 -1
    outer loop
      vertex -11.1457 22.6012 3
      vertex -10.2633 16.726 3
      vertex -10.553 16.2799 3
    endloop
  endfacet
  facet normal 0 0 -1
    outer loop
      vertex -11.1457 22.6012 3
      vertex -10.553 16.2799 3
      vertex -10.6907 15.7662 3
    endloop
  endfacet
  facet normal 0 0 -1
    outer loop
      vertex -8.8223 17.2791 3
      vertex -11.1457 22.6012 3
      vertex -9.64362 23.2818 3
    endloop
  endfacet
  facet normal 0 0 -1
    outer loop
      vertex 19.6168 -0.525329 3
      vertex 25.2 0 3
      vertex 25.146 -1.64816 3
    endloop
  endfacet
  facet normal 0 0 -1
    outer loop
      vertex 19.3753 -0.999234 3
      vertex 25.146 -1.64816 3
      vertex 24.9844 -3.28926 3
    endloop
  endfacet
  facet normal 0 0 -1
    outer loop
      vertex 19.6168 0.525329 3
      vertex 25.2 0 3
      vertex 19.7 0 3
    endloop
  endfacet
  facet normal 0 0 -1
    outer loop
      vertex 19.3753 -0.999234 3
      vertex 24.9844 -3.28926 3
      vertex 24.7158 -4.91628 3
    endloop
  endfacet
  facet normal 0 0 -1
    outer loop
      vertex 25.2 0 3
      vertex 19.6168 0.525329 3
      vertex 25.146 1.64816 3
    endloop
  endfacet
  facet normal 0 0 -1
    outer loop
      vertex 18.9992 -1.37533 3
      vertex 24.7158 -4.91628 3
      vertex 24.3413 -6.52224 3
    endloop
  endfacet
  facet normal 0 0 -1
    outer loop
      vertex 19.3753 0.999234 3
      vertex 25.146 1.64816 3
      vertex 19.6168 0.525329 3
    endloop
  endfacet
  facet normal 0 0 -1
    outer loop
      vertex 18.5253 -1.6168 3
      vertex 24.3413 -6.52224 3
      vertex 23.8626 -8.10027 3
    endloop
  endfacet
  facet normal -0 0 -1
    outer loop
      vertex 25.146 1.64816 3
      vertex 19.3753 0.999234 3
      vertex 24.9844 3.28926 3
    endloop
  endfacet
  facet normal 0 0 -1
    outer loop
      vertex 18 -1.7 3
      vertex 23.8626 -8.10027 3
      vertex 23.2818 -9.64362 3
    endloop
  endfacet
  facet normal -0 0 -1
    outer loop
      vertex 24.9844 3.28926 3
      vertex 19.3753 0.999234 3
      vertex 24.7158 4.91628 3
    endloop
  endfacet
  facet normal 0 0 -1
    outer loop
      vertex 18 -1.7 3
      vertex 23.2818 -9.64362 3
      vertex 22.6012 -11.1457 3
    endloop
  endfacet
  facet normal 0 0 -1
    outer loop
      vertex 18.9992 1.37533 3
      vertex 24.7158 4.91628 3
      vertex 19.3753 0.999234 3
    endloop
  endfacet
  facet normal 0 0 -1
    outer loop
      vertex 17.4747 -1.6168 3
      vertex 22.6012 -11.1457 3
      vertex 21.8238 -12.6 3
    endloop
  endfacet
  facet normal -0 0 -1
    outer loop
      vertex 24.7158 4.91628 3
      vertex 18.9992 1.37533 3
      vertex 24.3413 6.52224 3
    endloop
  endfacet
  facet normal 0 0 -1
    outer loop
      vertex 17.4747 -1.6168 3
      vertex 21.8238 -12.6 3
      vertex 20.953 -14.0004 3
    endloop
  endfacet
  facet normal 0 0 -1
    outer loop
      vertex 18.5253 1.6168 3
      vertex 24.3413 6.52224 3
      vertex 18.9992 1.37533 3
    endloop
  endfacet
  facet normal 0 0 -1
    outer loop
      vertex 6.46632 -11.2 3
      vertex 20.953 -14.0004 3
      vertex 19.9925 -15.3408 3
    endloop
  endfacet
  facet normal -0 0 -1
    outer loop
      vertex 24.3413 6.52224 3
      vertex 18.5253 1.6168 3
      vertex 23.8626 8.10027 3
    endloop
  endfacet
  facet normal 0 0 -1
    outer loop
      vertex 18 1.7 3
      vertex 23.8626 8.10027 3
      vertex 18.5253 1.6168 3
    endloop
  endfacet
  facet normal -0 0 -1
    outer loop
      vertex 25.2 0 3
      vertex 19.6168 -0.525329 3
      vertex 19.7 0 3
    endloop
  endfacet
  facet normal 0 0 -1
    outer loop
      vertex 25.146 -1.64816 3
      vertex 19.3753 -0.999234 3
      vertex 19.6168 -0.525329 3
    endloop
  endfacet
  facet normal 0 0 -1
    outer loop
      vertex 24.7158 -4.91628 3
      vertex 18.9992 -1.37533 3
      vertex 19.3753 -0.999234 3
    endloop
  endfacet
  facet normal 0 0 -1
    outer loop
      vertex 6.46632 -11.2 3
      vertex 19.9925 -15.3408 3
      vertex 18.9464 -16.6155 3
    endloop
  endfacet
  facet normal 0 0 -1
    outer loop
      vertex 24.3413 -6.52224 3
      vertex 18.5253 -1.6168 3
      vertex 18.9992 -1.37533 3
    endloop
  endfacet
  facet normal 0 0 -1
    outer loop
      vertex 23.8626 -8.10027 3
      vertex 18 -1.7 3
      vertex 18.5253 -1.6168 3
    endloop
  endfacet
  facet normal 0 0 -1
    outer loop
      vertex 6.46632 -11.2 3
      vertex 18.9464 -16.6155 3
      vertex 17.8191 -17.8191 3
    endloop
  endfacet
  facet normal 0 0 -1
    outer loop
      vertex 22.6012 -11.1457 3
      vertex 17.4747 -1.6168 3
      vertex 18 -1.7 3
    endloop
  endfacet
  facet normal 0 0 -1
    outer loop
      vertex 20.953 -14.0004 3
      vertex 6.46632 -11.2 3
      vertex 17.4747 -1.6168 3
    endloop
  endfacet
  facet normal -0 0 -1
    outer loop
      vertex 17.4747 -1.6168 3
      vertex 6.46632 -11.2 3
      vertex 17.0008 -1.37533 3
    endloop
  endfacet
  facet normal 0 0 -1
    outer loop
      vertex 6.46632 -11.2 3
      vertex 17.8191 -17.8191 3
      vertex 16.6155 -18.9464 3
    endloop
  endfacet
  facet normal 0 -0 -1
    outer loop
      vertex 12.9326 0 3
      vertex 17.0008 -1.37533 3
      vertex 6.46632 -11.2 3
    endloop
  endfacet
  facet normal 0 0 -1
    outer loop
      vertex 17.0008 -1.37533 3
      vertex 12.9326 0 3
      vertex 16.6247 -0.999234 3
    endloop
  endfacet
  facet normal 0 0 -1
    outer loop
      vertex 6.46632 -11.2 3
      vertex 16.6155 -18.9464 3
      vertex 15.3408 -19.9925 3
    endloop
  endfacet
  facet normal -0 0 -1
    outer loop
      vertex 23.8626 8.10027 3
      vertex 18 1.7 3
      vertex 23.2818 9.64362 3
    endloop
  endfacet
  facet normal -0 0 -1
    outer loop
      vertex 23.2818 9.64362 3
      vertex 18 1.7 3
      vertex 22.6012 11.1457 3
    endloop
  endfacet
  facet normal 0 0 -1
    outer loop
      vertex 17.4747 1.6168 3
      vertex 22.6012 11.1457 3
      vertex 18 1.7 3
    endloop
  endfacet
  facet normal -0 0 -1
    outer loop
      vertex 22.6012 11.1457 3
      vertex 17.4747 1.6168 3
      vertex 21.8238 12.6 3
    endloop
  endfacet
  facet normal -0 0 -1
    outer loop
      vertex 21.8238 12.6 3
      vertex 17.4747 1.6168 3
      vertex 20.953 14.0004 3
    endloop
  endfacet
  facet normal 0 0 -1
    outer loop
      vertex 6.46632 11.2 3
      vertex 20.953 14.0004 3
      vertex 17.4747 1.6168 3
    endloop
  endfacet
  facet normal 0 0 -1
    outer loop
      vertex 6.46632 11.2 3
      vertex 17.4747 1.6168 3
      vertex 17.0008 1.37533 3
    endloop
  endfacet
  facet normal -0 0 -1
    outer loop
      vertex 20.953 14.0004 3
      vertex 6.46632 11.2 3
      vertex 19.9925 15.3408 3
    endloop
  endfacet
  facet normal 0 0 -1
    outer loop
      vertex 6.46632 11.2 3
      vertex 17.0008 1.37533 3
      vertex 12.9326 0 3
    endloop
  endfacet
  facet normal 0 0 -1
    outer loop
      vertex 12.9326 0 3
      vertex 17.0008 1.37533 3
      vertex 16.6247 0.999234 3
    endloop
  endfacet
  facet normal -0 0 -1
    outer loop
      vertex 19.9925 15.3408 3
      vertex 6.46632 11.2 3
      vertex 18.9464 16.6155 3
    endloop
  endfacet
  facet normal 0 0 -1
    outer loop
      vertex 12.9326 0 3
      vertex 16.6247 0.999234 3
      vertex 16.3832 0.525329 3
    endloop
  endfacet
  facet normal 0 0 -1
    outer loop
      vertex 12.9326 0 3
      vertex 16.3832 0.525329 3
      vertex 16.3 0 3
    endloop
  endfacet
  facet normal 0 0 -1
    outer loop
      vertex 16.6247 -0.999234 3
      vertex 12.9326 0 3
      vertex 16.3832 -0.525329 3
    endloop
  endfacet
  facet normal -0 0 -1
    outer loop
      vertex 18.9464 16.6155 3
      vertex 6.46632 11.2 3
      vertex 17.8191 17.8191 3
    endloop
  endfacet
  facet normal 0 0 -1
    outer loop
      vertex 6.46632 -11.2 3
      vertex 15.3408 -19.9925 3
      vertex 14.0004 -20.953 3
    endloop
  endfacet
  facet normal -0 0 -1
    outer loop
      vertex 17.8191 17.8191 3
      vertex 6.46632 11.2 3
      vertex 16.6155 18.9464 3
    endloop
  endfacet
  facet normal -0 0 -1
    outer loop
      vertex 16.6155 18.9464 3
      vertex 6.46632 11.2 3
      vertex 15.3408 19.9925 3
    endloop
  endfacet
  facet normal 0 0 -1
    outer loop
      vertex 6.46632 -11.2 3
      vertex 14.0004 -20.953 3
      vertex 12.6 -21.8238 3
    endloop
  endfacet
  facet normal 0 0 -1
    outer loop
      vertex 6.46632 -11.2 3
      vertex 12.6 -21.8238 3
      vertex 11.1457 -22.6012 3
    endloop
  endfacet
  facet normal 0 0 -1
    outer loop
      vertex 6.46632 -11.2 3
      vertex 11.1457 -22.6012 3
      vertex 9.64362 -23.2818 3
    endloop
  endfacet
  facet normal 0 0 -1
    outer loop
      vertex 6.46632 -11.2 3
      vertex 9.64362 -23.2818 3
      vertex 8.10027 -23.8626 3
    endloop
  endfacet
  facet normal 0 0 -1
    outer loop
      vertex 6.46632 -11.2 3
      vertex 8.10027 -23.8626 3
      vertex 6.52224 -24.3413 3
    endloop
  endfacet
  facet normal 0 0 -1
    outer loop
      vertex 16.3832 -0.525329 3
      vertex 12.9326 0 3
      vertex 16.3 0 3
    endloop
  endfacet
  facet normal 0 0 -1
    outer loop
      vertex 4.91628 -24.7158 3
      vertex 6.46632 -11.2 3
      vertex 6.52224 -24.3413 3
    endloop
  endfacet
  facet normal 0 0 -1
    outer loop
      vertex 3.28926 -24.9844 3
      vertex 6.46632 -11.2 3
      vertex 4.91628 -24.7158 3
    endloop
  endfacet
  facet normal 0 0 -1
    outer loop
      vertex 1.64816 -25.146 3
      vertex 6.46632 -11.2 3
      vertex 3.28926 -24.9844 3
    endloop
  endfacet
  facet normal 0 0 -1
    outer loop
      vertex -7.33715 -15.9419 3
      vertex 1.64816 -25.146 3
      vertex 0 -25.2 3
    endloop
  endfacet
  facet normal 0 0 -1
    outer loop
      vertex -7.33715 -15.9419 3
      vertex 0 -25.2 3
      vertex -1.64816 -25.146 3
    endloop
  endfacet
  facet normal 0 0 -1
    outer loop
      vertex -7.33715 -15.9419 3
      vertex -1.64816 -25.146 3
      vertex -3.28926 -24.9844 3
    endloop
  endfacet
  facet normal 0 0 -1
    outer loop
      vertex -7.33715 -15.9419 3
      vertex -3.28926 -24.9844 3
      vertex -4.91628 -24.7158 3
    endloop
  endfacet
  facet normal 0 0 -1
    outer loop
      vertex -7.33715 -15.9419 3
      vertex 6.46632 -11.2 3
      vertex 1.64816 -25.146 3
    endloop
  endfacet
  facet normal 0 0 -1
    outer loop
      vertex -7.86248 -16.8518 3
      vertex -4.91628 -24.7158 3
      vertex -6.52224 -24.3413 3
    endloop
  endfacet
  facet normal -0 0 -1
    outer loop
      vertex 6.46632 -11.2 3
      vertex -7.30931 -15.4108 3
      vertex -6.46632 -11.2 3
    endloop
  endfacet
  facet normal 0 0 -1
    outer loop
      vertex -7.44697 -14.897 3
      vertex -6.46632 -11.2 3
      vertex -7.30931 -15.4108 3
    endloop
  endfacet
  facet normal 0 0 -1
    outer loop
      vertex -7.73665 -14.4509 3
      vertex -6.46632 -11.2 3
      vertex -7.44697 -14.897 3
    endloop
  endfacet
  facet normal 0 0 -1
    outer loop
      vertex -8.15 -14.1162 3
      vertex -6.46632 -11.2 3
      vertex -7.73665 -14.4509 3
    endloop
  endfacet
  facet normal 0 0 -1
    outer loop
      vertex -8.64655 -13.9256 3
      vertex -6.46632 -11.2 3
      vertex -8.15 -14.1162 3
    endloop
  endfacet
  facet normal 0 0 -1
    outer loop
      vertex -9.1777 -13.8978 3
      vertex -6.46632 -11.2 3
      vertex -8.64655 -13.9256 3
    endloop
  endfacet
  facet normal 0 0 -1
    outer loop
      vertex -9.69145 -14.0354 3
      vertex -6.46632 -11.2 3
      vertex -9.1777 -13.8978 3
    endloop
  endfacet
  facet normal 0 0 -1
    outer loop
      vertex -12.9326 0 3
      vertex -9.69145 -14.0354 3
      vertex -10.1375 -14.3251 3
    endloop
  endfacet
  facet normal -0 0 -1
    outer loop
      vertex -10.2633 -16.726 3
      vertex -14.0004 -20.953 3
      vertex -10.553 -16.2799 3
    endloop
  endfacet
  facet normal 0 0 -1
    outer loop
      vertex -15.3408 -19.9925 3
      vertex -10.553 -16.2799 3
      vertex -14.0004 -20.953 3
    endloop
  endfacet
  facet normal 0 0 -1
    outer loop
      vertex -9.69145 -14.0354 3
      vertex -12.9326 0 3
      vertex -6.46632 -11.2 3
    endloop
  endfacet
  facet normal 0 0 -1
    outer loop
      vertex -10.4722 -14.7385 3
      vertex -12.9326 0 3
      vertex -10.1375 -14.3251 3
    endloop
  endfacet
  facet normal 0 0 -1
    outer loop
      vertex -17.8191 -17.8191 3
      vertex -10.6907 -15.7662 3
      vertex -16.6155 -18.9464 3
    endloop
  endfacet
  facet normal -0 0 -1
    outer loop
      vertex -10.553 -16.2799 3
      vertex -15.3408 -19.9925 3
      vertex -10.6907 -15.7662 3
    endloop
  endfacet
  facet normal 0 0 -1
    outer loop
      vertex -16.6155 -18.9464 3
      vertex -10.6907 -15.7662 3
      vertex -15.3408 -19.9925 3
    endloop
  endfacet
  facet normal 0.956939 0.29029 0
    outer loop
      vertex -23.8626 -8.10027 3
      vertex -24.3413 -6.52224 -3.8147e-07
      vertex -24.3413 -6.52224 3
    endloop
  endfacet
  facet normal 0.956939 0.29029 0
    outer loop
      vertex -24.3413 -6.52224 -3.8147e-07
      vertex -23.8626 -8.10027 3
      vertex -23.8626 -8.10027 -3.8147e-07
    endloop
  endfacet
  facet normal -0.729862 -0.683594 0
    outer loop
      vertex 18.9464 16.6155 -3.8147e-07
      vertex 17.8191 17.8191 3
      vertex 17.8191 17.8191 -3.8147e-07
    endloop
  endfacet
  facet normal -0.729862 -0.683594 0
    outer loop
      vertex 17.8191 17.8191 3
      vertex 18.9464 16.6155 -3.8147e-07
      vertex 18.9464 16.6155 3
    endloop
  endfacet
  facet normal -0.471425 -0.881906 0
    outer loop
      vertex 11.1457 22.6012 -3.8147e-07
      vertex 12.6 21.8238 3
      vertex 11.1457 22.6012 3
    endloop
  endfacet
  facet normal -0.471425 -0.881906 -0
    outer loop
      vertex 12.6 21.8238 3
      vertex 11.1457 22.6012 -3.8147e-07
      vertex 12.6 21.8238 -3.8147e-07
    endloop
  endfacet
  facet normal 0.29029 -0.956939 0
    outer loop
      vertex -8.10027 23.8626 -3.8147e-07
      vertex -6.52224 24.3413 3
      vertex -8.10027 23.8626 3
    endloop
  endfacet
  facet normal 0.29029 -0.956939 0
    outer loop
      vertex -6.52224 24.3413 3
      vertex -8.10027 23.8626 -3.8147e-07
      vertex -6.52224 24.3413 -3.8147e-07
    endloop
  endfacet
  facet normal 0.582471 -0.812852 0
    outer loop
      vertex -15.3408 19.9925 -3.8147e-07
      vertex -14.0004 20.953 3
      vertex -15.3408 19.9925 3
    endloop
  endfacet
  facet normal 0.582471 -0.812852 0
    outer loop
      vertex -14.0004 20.953 3
      vertex -15.3408 19.9925 -3.8147e-07
      vertex -14.0004 20.953 -3.8147e-07
    endloop
  endfacet
  facet normal -0.582471 0.812852 0
    outer loop
      vertex 15.3408 -19.9925 -3.8147e-07
      vertex 14.0004 -20.953 3
      vertex 15.3408 -19.9925 3
    endloop
  endfacet
  facet normal -0.582471 0.812852 0
    outer loop
      vertex 14.0004 -20.953 3
      vertex 15.3408 -19.9925 -3.8147e-07
      vertex 14.0004 -20.953 -3.8147e-07
    endloop
  endfacet
  facet normal 0.528057 0.849209 -0
    outer loop
      vertex -12.6 -21.8238 -3.8147e-07
      vertex -14.0004 -20.953 3
      vertex -12.6 -21.8238 3
    endloop
  endfacet
  facet normal 0.528057 0.849209 0
    outer loop
      vertex -14.0004 -20.953 3
      vertex -12.6 -21.8238 -3.8147e-07
      vertex -14.0004 -20.953 -3.8147e-07
    endloop
  endfacet
  facet normal 0.729862 0.683594 0
    outer loop
      vertex -17.8191 -17.8191 3
      vertex -18.9464 -16.6155 -3.8147e-07
      vertex -18.9464 -16.6155 3
    endloop
  endfacet
  facet normal 0.729862 0.683594 0
    outer loop
      vertex -18.9464 -16.6155 -3.8147e-07
      vertex -17.8191 -17.8191 3
      vertex -17.8191 -17.8191 -3.8147e-07
    endloop
  endfacet
  facet normal -0.29029 -0.956939 0
    outer loop
      vertex 6.52224 24.3413 -3.8147e-07
      vertex 8.10027 23.8626 3
      vertex 6.52224 24.3413 3
    endloop
  endfacet
  facet normal -0.29029 -0.956939 -0
    outer loop
      vertex 8.10027 23.8626 3
      vertex 6.52224 24.3413 -3.8147e-07
      vertex 8.10027 23.8626 -3.8147e-07
    endloop
  endfacet
  facet normal -0.91086 -0.412715 0
    outer loop
      vertex 23.2818 9.64362 -3.8147e-07
      vertex 22.6012 11.1457 3
      vertex 22.6012 11.1457 -3.8147e-07
    endloop
  endfacet
  facet normal -0.91086 -0.412715 0
    outer loop
      vertex 22.6012 11.1457 3
      vertex 23.2818 9.64362 -3.8147e-07
      vertex 23.2818 9.64362 3
    endloop
  endfacet
  facet normal -0.935921 -0.35221 0
    outer loop
      vertex 23.8626 8.10027 -3.8147e-07
      vertex 23.2818 9.64362 3
      vertex 23.2818 9.64362 -3.8147e-07
    endloop
  endfacet
  facet normal -0.935921 -0.35221 0
    outer loop
      vertex 23.2818 9.64362 3
      vertex 23.8626 8.10027 -3.8147e-07
      vertex 23.8626 8.10027 3
    endloop
  endfacet
  facet normal 0.995187 -0.0979966 0
    outer loop
      vertex -25.146 1.64816 3
      vertex -24.9844 3.28926 -3.8147e-07
      vertex -24.9844 3.28926 3
    endloop
  endfacet
  facet normal 0.995187 -0.0979966 0
    outer loop
      vertex -24.9844 3.28926 -3.8147e-07
      vertex -25.146 1.64816 3
      vertex -25.146 1.64816 -3.8147e-07
    endloop
  endfacet
  facet normal -0.812852 -0.582471 0
    outer loop
      vertex 20.953 14.0004 -3.8147e-07
      vertex 19.9925 15.3408 3
      vertex 19.9925 15.3408 -3.8147e-07
    endloop
  endfacet
  facet normal -0.812852 -0.582471 0
    outer loop
      vertex 19.9925 15.3408 3
      vertex 20.953 14.0004 -3.8147e-07
      vertex 20.953 14.0004 3
    endloop
  endfacet
  facet normal -0.35221 -0.935921 0
    outer loop
      vertex 8.10027 23.8626 -3.8147e-07
      vertex 9.64362 23.2818 3
      vertex 8.10027 23.8626 3
    endloop
  endfacet
  facet normal -0.35221 -0.935921 -0
    outer loop
      vertex 9.64362 23.2818 3
      vertex 8.10027 23.8626 -3.8147e-07
      vertex 9.64362 23.2818 -3.8147e-07
    endloop
  endfacet
  facet normal 0.91086 0.412715 0
    outer loop
      vertex -22.6012 -11.1457 3
      vertex -23.2818 -9.64362 -3.8147e-07
      vertex -23.2818 -9.64362 3
    endloop
  endfacet
  facet normal 0.91086 0.412715 0
    outer loop
      vertex -23.2818 -9.64362 -3.8147e-07
      vertex -22.6012 -11.1457 3
      vertex -22.6012 -11.1457 -3.8147e-07
    endloop
  endfacet
  facet normal 0.528057 -0.849209 0
    outer loop
      vertex -14.0004 20.953 -3.8147e-07
      vertex -12.6 21.8238 3
      vertex -14.0004 20.953 3
    endloop
  endfacet
  facet normal 0.528057 -0.849209 0
    outer loop
      vertex -12.6 21.8238 3
      vertex -14.0004 20.953 -3.8147e-07
      vertex -12.6 21.8238 -3.8147e-07
    endloop
  endfacet
  facet normal 0.227101 0.973871 -0
    outer loop
      vertex -4.91628 -24.7158 -3.8147e-07
      vertex -6.52224 -24.3413 3
      vertex -4.91628 -24.7158 3
    endloop
  endfacet
  facet normal 0.227101 0.973871 0
    outer loop
      vertex -6.52224 -24.3413 3
      vertex -4.91628 -24.7158 -3.8147e-07
      vertex -6.52224 -24.3413 -3.8147e-07
    endloop
  endfacet
  facet normal -0.471425 0.881906 0
    outer loop
      vertex 12.6 -21.8238 -3.8147e-07
      vertex 11.1457 -22.6012 3
      vertex 12.6 -21.8238 3
    endloop
  endfacet
  facet normal -0.471425 0.881906 0
    outer loop
      vertex 11.1457 -22.6012 3
      vertex 12.6 -21.8238 -3.8147e-07
      vertex 11.1457 -22.6012 -3.8147e-07
    endloop
  endfacet
  facet normal -0.634386 -0.773016 0
    outer loop
      vertex 15.3408 19.9925 -3.8147e-07
      vertex 16.6155 18.9464 3
      vertex 15.3408 19.9925 3
    endloop
  endfacet
  facet normal -0.634386 -0.773016 -0
    outer loop
      vertex 16.6155 18.9464 3
      vertex 15.3408 19.9925 -3.8147e-07
      vertex 16.6155 18.9464 -3.8147e-07
    endloop
  endfacet
  facet normal 0.812852 0.582471 0
    outer loop
      vertex -19.9925 -15.3408 3
      vertex -20.953 -14.0004 -3.8147e-07
      vertex -20.953 -14.0004 3
    endloop
  endfacet
  facet normal 0.812852 0.582471 0
    outer loop
      vertex -20.953 -14.0004 -3.8147e-07
      vertex -19.9925 -15.3408 3
      vertex -19.9925 -15.3408 -3.8147e-07
    endloop
  endfacet
  facet normal -0.683594 -0.729862 0
    outer loop
      vertex 16.6155 18.9464 -3.8147e-07
      vertex 17.8191 17.8191 3
      vertex 16.6155 18.9464 3
    endloop
  endfacet
  facet normal -0.683594 -0.729862 -0
    outer loop
      vertex 17.8191 17.8191 3
      vertex 16.6155 18.9464 -3.8147e-07
      vertex 17.8191 17.8191 -3.8147e-07
    endloop
  endfacet
  facet normal -0.227101 -0.973871 0
    outer loop
      vertex 4.91628 24.7158 -3.8147e-07
      vertex 6.52224 24.3413 3
      vertex 4.91628 24.7158 3
    endloop
  endfacet
  facet normal -0.227101 -0.973871 -0
    outer loop
      vertex 6.52224 24.3413 3
      vertex 4.91628 24.7158 -3.8147e-07
      vertex 6.52224 24.3413 -3.8147e-07
    endloop
  endfacet
  facet normal -0.91086 0.412715 0
    outer loop
      vertex 22.6012 -11.1457 -3.8147e-07
      vertex 23.2818 -9.64362 3
      vertex 23.2818 -9.64362 -3.8147e-07
    endloop
  endfacet
  facet normal -0.91086 0.412715 0
    outer loop
      vertex 23.2818 -9.64362 3
      vertex 22.6012 -11.1457 -3.8147e-07
      vertex 22.6012 -11.1457 3
    endloop
  endfacet
  facet normal 0.849209 -0.528057 0
    outer loop
      vertex -21.8238 12.6 3
      vertex -20.953 14.0004 -3.8147e-07
      vertex -20.953 14.0004 3
    endloop
  endfacet
  facet normal 0.849209 -0.528057 0
    outer loop
      vertex -20.953 14.0004 -3.8147e-07
      vertex -21.8238 12.6 3
      vertex -21.8238 12.6 -3.8147e-07
    endloop
  endfacet
  facet normal 0.973871 0.227101 0
    outer loop
      vertex -24.3413 -6.52224 3
      vertex -24.7158 -4.91628 -3.8147e-07
      vertex -24.7158 -4.91628 3
    endloop
  endfacet
  facet normal 0.973871 0.227101 0
    outer loop
      vertex -24.7158 -4.91628 -3.8147e-07
      vertex -24.3413 -6.52224 3
      vertex -24.3413 -6.52224 -3.8147e-07
    endloop
  endfacet
  facet normal 0.35221 -0.935921 0
    outer loop
      vertex -9.64362 23.2818 -3.8147e-07
      vertex -8.10027 23.8626 3
      vertex -9.64362 23.2818 3
    endloop
  endfacet
  facet normal 0.35221 -0.935921 0
    outer loop
      vertex -8.10027 23.8626 3
      vertex -9.64362 23.2818 -3.8147e-07
      vertex -8.10027 23.8626 -3.8147e-07
    endloop
  endfacet
  facet normal -0.412715 0.91086 0
    outer loop
      vertex 11.1457 -22.6012 -3.8147e-07
      vertex 9.64362 -23.2818 3
      vertex 11.1457 -22.6012 3
    endloop
  endfacet
  facet normal -0.412715 0.91086 0
    outer loop
      vertex 9.64362 -23.2818 3
      vertex 11.1457 -22.6012 -3.8147e-07
      vertex 9.64362 -23.2818 -3.8147e-07
    endloop
  endfacet
  facet normal 0.162882 -0.986645 0
    outer loop
      vertex -4.91628 24.7158 -3.8147e-07
      vertex -3.28926 24.9844 3
      vertex -4.91628 24.7158 3
    endloop
  endfacet
  facet normal 0.162882 -0.986645 0
    outer loop
      vertex -3.28926 24.9844 3
      vertex -4.91628 24.7158 -3.8147e-07
      vertex -3.28926 24.9844 -3.8147e-07
    endloop
  endfacet
  facet normal 0.881906 -0.471425 0
    outer loop
      vertex -22.6012 11.1457 3
      vertex -21.8238 12.6 -3.8147e-07
      vertex -21.8238 12.6 3
    endloop
  endfacet
  facet normal 0.881906 -0.471425 0
    outer loop
      vertex -21.8238 12.6 -3.8147e-07
      vertex -22.6012 11.1457 3
      vertex -22.6012 11.1457 -3.8147e-07
    endloop
  endfacet
  facet normal 0.0979966 -0.995187 0
    outer loop
      vertex -3.28926 24.9844 -3.8147e-07
      vertex -1.64816 25.146 3
      vertex -3.28926 24.9844 3
    endloop
  endfacet
  facet normal 0.0979966 -0.995187 0
    outer loop
      vertex -1.64816 25.146 3
      vertex -3.28926 24.9844 -3.8147e-07
      vertex -1.64816 25.146 -3.8147e-07
    endloop
  endfacet
  facet normal 0.412715 -0.91086 0
    outer loop
      vertex -11.1457 22.6012 -3.8147e-07
      vertex -9.64362 23.2818 3
      vertex -11.1457 22.6012 3
    endloop
  endfacet
  facet normal 0.412715 -0.91086 0
    outer loop
      vertex -9.64362 23.2818 3
      vertex -11.1457 22.6012 -3.8147e-07
      vertex -9.64362 23.2818 -3.8147e-07
    endloop
  endfacet
  facet normal 0.227101 -0.973871 0
    outer loop
      vertex -6.52224 24.3413 -3.8147e-07
      vertex -4.91628 24.7158 3
      vertex -6.52224 24.3413 3
    endloop
  endfacet
  facet normal 0.227101 -0.973871 0
    outer loop
      vertex -4.91628 24.7158 3
      vertex -6.52224 24.3413 -3.8147e-07
      vertex -4.91628 24.7158 -3.8147e-07
    endloop
  endfacet
  facet normal -0.634386 0.773016 0
    outer loop
      vertex 16.6155 -18.9464 -3.8147e-07
      vertex 15.3408 -19.9925 3
      vertex 16.6155 -18.9464 3
    endloop
  endfacet
  facet normal -0.634386 0.773016 0
    outer loop
      vertex 15.3408 -19.9925 3
      vertex 16.6155 -18.9464 -3.8147e-07
      vertex 15.3408 -19.9925 -3.8147e-07
    endloop
  endfacet
  facet normal 0.999464 0.0327462 0
    outer loop
      vertex -25.146 -1.64816 3
      vertex -25.2 0 -3.8147e-07
      vertex -25.2 0 3
    endloop
  endfacet
  facet normal 0.999464 0.0327462 0
    outer loop
      vertex -25.2 0 -3.8147e-07
      vertex -25.146 -1.64816 3
      vertex -25.146 -1.64816 -3.8147e-07
    endloop
  endfacet
  facet normal -0.935921 0.35221 0
    outer loop
      vertex 23.2818 -9.64362 -3.8147e-07
      vertex 23.8626 -8.10027 3
      vertex 23.8626 -8.10027 -3.8147e-07
    endloop
  endfacet
  facet normal -0.935921 0.35221 0
    outer loop
      vertex 23.8626 -8.10027 3
      vertex 23.2818 -9.64362 -3.8147e-07
      vertex 23.2818 -9.64362 3
    endloop
  endfacet
  facet normal -0.956939 0.29029 0
    outer loop
      vertex 23.8626 -8.10027 -3.8147e-07
      vertex 24.3413 -6.52224 3
      vertex 24.3413 -6.52224 -3.8147e-07
    endloop
  endfacet
  facet normal -0.956939 0.29029 0
    outer loop
      vertex 24.3413 -6.52224 3
      vertex 23.8626 -8.10027 -3.8147e-07
      vertex 23.8626 -8.10027 3
    endloop
  endfacet
  facet normal 0.812852 -0.582471 0
    outer loop
      vertex -20.953 14.0004 3
      vertex -19.9925 15.3408 -3.8147e-07
      vertex -19.9925 15.3408 3
    endloop
  endfacet
  facet normal 0.812852 -0.582471 0
    outer loop
      vertex -19.9925 15.3408 -3.8147e-07
      vertex -20.953 14.0004 3
      vertex -20.953 14.0004 -3.8147e-07
    endloop
  endfacet
  facet normal 0.935921 0.35221 0
    outer loop
      vertex -23.2818 -9.64362 3
      vertex -23.8626 -8.10027 -3.8147e-07
      vertex -23.8626 -8.10027 3
    endloop
  endfacet
  facet normal 0.935921 0.35221 0
    outer loop
      vertex -23.8626 -8.10027 -3.8147e-07
      vertex -23.2818 -9.64362 3
      vertex -23.2818 -9.64362 -3.8147e-07
    endloop
  endfacet
  facet normal -0.973871 0.227101 0
    outer loop
      vertex 24.3413 -6.52224 -3.8147e-07
      vertex 24.7158 -4.91628 3
      vertex 24.7158 -4.91628 -3.8147e-07
    endloop
  endfacet
  facet normal -0.973871 0.227101 0
    outer loop
      vertex 24.7158 -4.91628 3
      vertex 24.3413 -6.52224 -3.8147e-07
      vertex 24.3413 -6.52224 3
    endloop
  endfacet
  facet normal -0.162882 -0.986645 0
    outer loop
      vertex 3.28926 24.9844 -3.8147e-07
      vertex 4.91628 24.7158 3
      vertex 3.28926 24.9844 3
    endloop
  endfacet
  facet normal -0.162882 -0.986645 -0
    outer loop
      vertex 4.91628 24.7158 3
      vertex 3.28926 24.9844 -3.8147e-07
      vertex 4.91628 24.7158 -3.8147e-07
    endloop
  endfacet
  facet normal 0.0327462 0.999464 -0
    outer loop
      vertex 0 -25.2 -3.8147e-07
      vertex -1.64816 -25.146 3
      vertex 0 -25.2 3
    endloop
  endfacet
  facet normal 0.0327462 0.999464 0
    outer loop
      vertex -1.64816 -25.146 3
      vertex 0 -25.2 -3.8147e-07
      vertex -1.64816 -25.146 -3.8147e-07
    endloop
  endfacet
  facet normal 0.973871 -0.227101 0
    outer loop
      vertex -24.7158 4.91628 3
      vertex -24.3413 6.52224 -3.8147e-07
      vertex -24.3413 6.52224 3
    endloop
  endfacet
  facet normal 0.973871 -0.227101 0
    outer loop
      vertex -24.3413 6.52224 -3.8147e-07
      vertex -24.7158 4.91628 3
      vertex -24.7158 4.91628 -3.8147e-07
    endloop
  endfacet
  facet normal -0.0979966 0.995187 0
    outer loop
      vertex 3.28926 -24.9844 -3.8147e-07
      vertex 1.64816 -25.146 3
      vertex 3.28926 -24.9844 3
    endloop
  endfacet
  facet normal -0.0979966 0.995187 0
    outer loop
      vertex 1.64816 -25.146 3
      vertex 3.28926 -24.9844 -3.8147e-07
      vertex 1.64816 -25.146 -3.8147e-07
    endloop
  endfacet
  facet normal -0.35221 0.935921 0
    outer loop
      vertex 9.64362 -23.2818 -3.8147e-07
      vertex 8.10027 -23.8626 3
      vertex 9.64362 -23.2818 3
    endloop
  endfacet
  facet normal -0.35221 0.935921 0
    outer loop
      vertex 8.10027 -23.8626 3
      vertex 9.64362 -23.2818 -3.8147e-07
      vertex 8.10027 -23.8626 -3.8147e-07
    endloop
  endfacet
  facet normal 0.0979966 0.995187 -0
    outer loop
      vertex -1.64816 -25.146 -3.8147e-07
      vertex -3.28926 -24.9844 3
      vertex -1.64816 -25.146 3
    endloop
  endfacet
  facet normal 0.0979966 0.995187 0
    outer loop
      vertex -3.28926 -24.9844 3
      vertex -1.64816 -25.146 -3.8147e-07
      vertex -3.28926 -24.9844 -3.8147e-07
    endloop
  endfacet
  facet normal -0.849209 0.528057 0
    outer loop
      vertex 20.953 -14.0004 -3.8147e-07
      vertex 21.8238 -12.6 3
      vertex 21.8238 -12.6 -3.8147e-07
    endloop
  endfacet
  facet normal -0.849209 0.528057 0
    outer loop
      vertex 21.8238 -12.6 3
      vertex 20.953 -14.0004 -3.8147e-07
      vertex 20.953 -14.0004 3
    endloop
  endfacet
  facet normal 0.471425 -0.881906 0
    outer loop
      vertex -12.6 21.8238 -3.8147e-07
      vertex -11.1457 22.6012 3
      vertex -12.6 21.8238 3
    endloop
  endfacet
  facet normal 0.471425 -0.881906 0
    outer loop
      vertex -11.1457 22.6012 3
      vertex -12.6 21.8238 -3.8147e-07
      vertex -11.1457 22.6012 -3.8147e-07
    endloop
  endfacet
  facet normal -0.412715 -0.91086 0
    outer loop
      vertex 9.64362 23.2818 -3.8147e-07
      vertex 11.1457 22.6012 3
      vertex 9.64362 23.2818 3
    endloop
  endfacet
  facet normal -0.412715 -0.91086 -0
    outer loop
      vertex 11.1457 22.6012 3
      vertex 9.64362 23.2818 -3.8147e-07
      vertex 11.1457 22.6012 -3.8147e-07
    endloop
  endfacet
  facet normal -0.0979966 -0.995187 0
    outer loop
      vertex 1.64816 25.146 -3.8147e-07
      vertex 3.28926 24.9844 3
      vertex 1.64816 25.146 3
    endloop
  endfacet
  facet normal -0.0979966 -0.995187 -0
    outer loop
      vertex 3.28926 24.9844 3
      vertex 1.64816 25.146 -3.8147e-07
      vertex 3.28926 24.9844 -3.8147e-07
    endloop
  endfacet
  facet normal -0.162882 0.986645 0
    outer loop
      vertex 4.91628 -24.7158 -3.8147e-07
      vertex 3.28926 -24.9844 3
      vertex 4.91628 -24.7158 3
    endloop
  endfacet
  facet normal -0.162882 0.986645 0
    outer loop
      vertex 3.28926 -24.9844 3
      vertex 4.91628 -24.7158 -3.8147e-07
      vertex 3.28926 -24.9844 -3.8147e-07
    endloop
  endfacet
  facet normal -0.0327462 -0.999464 0
    outer loop
      vertex 0 25.2 -3.8147e-07
      vertex 1.64816 25.146 3
      vertex 0 25.2 3
    endloop
  endfacet
  facet normal -0.0327462 -0.999464 -0
    outer loop
      vertex 1.64816 25.146 3
      vertex 0 25.2 -3.8147e-07
      vertex 1.64816 25.146 -3.8147e-07
    endloop
  endfacet
  facet normal 0.881906 0.471425 0
    outer loop
      vertex -21.8238 -12.6 3
      vertex -22.6012 -11.1457 -3.8147e-07
      vertex -22.6012 -11.1457 3
    endloop
  endfacet
  facet normal 0.881906 0.471425 0
    outer loop
      vertex -22.6012 -11.1457 -3.8147e-07
      vertex -21.8238 -12.6 3
      vertex -21.8238 -12.6 -3.8147e-07
    endloop
  endfacet
  facet normal 0.91086 -0.412715 0
    outer loop
      vertex -23.2818 9.64362 3
      vertex -22.6012 11.1457 -3.8147e-07
      vertex -22.6012 11.1457 3
    endloop
  endfacet
  facet normal 0.91086 -0.412715 0
    outer loop
      vertex -22.6012 11.1457 -3.8147e-07
      vertex -23.2818 9.64362 3
      vertex -23.2818 9.64362 -3.8147e-07
    endloop
  endfacet
  facet normal -0.729862 0.683594 0
    outer loop
      vertex 17.8191 -17.8191 -3.8147e-07
      vertex 18.9464 -16.6155 3
      vertex 18.9464 -16.6155 -3.8147e-07
    endloop
  endfacet
  facet normal -0.729862 0.683594 0
    outer loop
      vertex 18.9464 -16.6155 3
      vertex 17.8191 -17.8191 -3.8147e-07
      vertex 17.8191 -17.8191 3
    endloop
  endfacet
  facet normal 0.634386 -0.773016 0
    outer loop
      vertex -16.6155 18.9464 -3.8147e-07
      vertex -15.3408 19.9925 3
      vertex -16.6155 18.9464 3
    endloop
  endfacet
  facet normal 0.634386 -0.773016 0
    outer loop
      vertex -15.3408 19.9925 3
      vertex -16.6155 18.9464 -3.8147e-07
      vertex -15.3408 19.9925 -3.8147e-07
    endloop
  endfacet
  facet normal 0.683594 -0.729862 0
    outer loop
      vertex -17.8191 17.8191 -3.8147e-07
      vertex -16.6155 18.9464 3
      vertex -17.8191 17.8191 3
    endloop
  endfacet
  facet normal 0.683594 -0.729862 0
    outer loop
      vertex -16.6155 18.9464 3
      vertex -17.8191 17.8191 -3.8147e-07
      vertex -16.6155 18.9464 -3.8147e-07
    endloop
  endfacet
  facet normal -0.812852 0.582471 0
    outer loop
      vertex 19.9925 -15.3408 -3.8147e-07
      vertex 20.953 -14.0004 3
      vertex 20.953 -14.0004 -3.8147e-07
    endloop
  endfacet
  facet normal -0.812852 0.582471 0
    outer loop
      vertex 20.953 -14.0004 3
      vertex 19.9925 -15.3408 -3.8147e-07
      vertex 19.9925 -15.3408 3
    endloop
  endfacet
  facet normal -0.986645 0.162882 0
    outer loop
      vertex 24.7158 -4.91628 -3.8147e-07
      vertex 24.9844 -3.28926 3
      vertex 24.9844 -3.28926 -3.8147e-07
    endloop
  endfacet
  facet normal -0.986645 0.162882 0
    outer loop
      vertex 24.9844 -3.28926 3
      vertex 24.7158 -4.91628 -3.8147e-07
      vertex 24.7158 -4.91628 3
    endloop
  endfacet
  facet normal -0.995187 0.0979966 0
    outer loop
      vertex 24.9844 -3.28926 -3.8147e-07
      vertex 25.146 -1.64816 3
      vertex 25.146 -1.64816 -3.8147e-07
    endloop
  endfacet
  facet normal -0.995187 0.0979966 0
    outer loop
      vertex 25.146 -1.64816 3
      vertex 24.9844 -3.28926 -3.8147e-07
      vertex 24.9844 -3.28926 3
    endloop
  endfacet
  facet normal 0.999464 -0.0327462 0
    outer loop
      vertex -25.2 0 3
      vertex -25.146 1.64816 -3.8147e-07
      vertex -25.146 1.64816 3
    endloop
  endfacet
  facet normal 0.999464 -0.0327462 0
    outer loop
      vertex -25.146 1.64816 -3.8147e-07
      vertex -25.2 0 3
      vertex -25.2 0 -3.8147e-07
    endloop
  endfacet
  facet normal 0.773016 0.634386 0
    outer loop
      vertex -18.9464 -16.6155 3
      vertex -19.9925 -15.3408 -3.8147e-07
      vertex -19.9925 -15.3408 3
    endloop
  endfacet
  facet normal 0.773016 0.634386 0
    outer loop
      vertex -19.9925 -15.3408 -3.8147e-07
      vertex -18.9464 -16.6155 3
      vertex -18.9464 -16.6155 -3.8147e-07
    endloop
  endfacet
  facet normal 0.986645 -0.162882 0
    outer loop
      vertex -24.9844 3.28926 3
      vertex -24.7158 4.91628 -3.8147e-07
      vertex -24.7158 4.91628 3
    endloop
  endfacet
  facet normal 0.986645 -0.162882 0
    outer loop
      vertex -24.7158 4.91628 -3.8147e-07
      vertex -24.9844 3.28926 3
      vertex -24.9844 3.28926 -3.8147e-07
    endloop
  endfacet
  facet normal -0.528057 0.849209 0
    outer loop
      vertex 14.0004 -20.953 -3.8147e-07
      vertex 12.6 -21.8238 3
      vertex 14.0004 -20.953 3
    endloop
  endfacet
  facet normal -0.528057 0.849209 0
    outer loop
      vertex 12.6 -21.8238 3
      vertex 14.0004 -20.953 -3.8147e-07
      vertex 12.6 -21.8238 -3.8147e-07
    endloop
  endfacet
  facet normal 0.986645 0.162882 0
    outer loop
      vertex -24.7158 -4.91628 3
      vertex -24.9844 -3.28926 -3.8147e-07
      vertex -24.9844 -3.28926 3
    endloop
  endfacet
  facet normal 0.986645 0.162882 0
    outer loop
      vertex -24.9844 -3.28926 -3.8147e-07
      vertex -24.7158 -4.91628 3
      vertex -24.7158 -4.91628 -3.8147e-07
    endloop
  endfacet
  facet normal -0.773016 -0.634386 0
    outer loop
      vertex 19.9925 15.3408 -3.8147e-07
      vertex 18.9464 16.6155 3
      vertex 18.9464 16.6155 -3.8147e-07
    endloop
  endfacet
  facet normal -0.773016 -0.634386 0
    outer loop
      vertex 18.9464 16.6155 3
      vertex 19.9925 15.3408 -3.8147e-07
      vertex 19.9925 15.3408 3
    endloop
  endfacet
  facet normal -0.683594 0.729862 0
    outer loop
      vertex 17.8191 -17.8191 -3.8147e-07
      vertex 16.6155 -18.9464 3
      vertex 17.8191 -17.8191 3
    endloop
  endfacet
  facet normal -0.683594 0.729862 0
    outer loop
      vertex 16.6155 -18.9464 3
      vertex 17.8191 -17.8191 -3.8147e-07
      vertex 16.6155 -18.9464 -3.8147e-07
    endloop
  endfacet
  facet normal 0.582471 0.812852 -0
    outer loop
      vertex -14.0004 -20.953 -3.8147e-07
      vertex -15.3408 -19.9925 3
      vertex -14.0004 -20.953 3
    endloop
  endfacet
  facet normal 0.582471 0.812852 0
    outer loop
      vertex -15.3408 -19.9925 3
      vertex -14.0004 -20.953 -3.8147e-07
      vertex -15.3408 -19.9925 -3.8147e-07
    endloop
  endfacet
  facet normal 0.29029 0.956939 -0
    outer loop
      vertex -6.52224 -24.3413 -3.8147e-07
      vertex -8.10027 -23.8626 3
      vertex -6.52224 -24.3413 3
    endloop
  endfacet
  facet normal 0.29029 0.956939 0
    outer loop
      vertex -8.10027 -23.8626 3
      vertex -6.52224 -24.3413 -3.8147e-07
      vertex -8.10027 -23.8626 -3.8147e-07
    endloop
  endfacet
  facet normal 0.162882 0.986645 -0
    outer loop
      vertex -3.28926 -24.9844 -3.8147e-07
      vertex -4.91628 -24.7158 3
      vertex -3.28926 -24.9844 3
    endloop
  endfacet
  facet normal 0.162882 0.986645 0
    outer loop
      vertex -4.91628 -24.7158 3
      vertex -3.28926 -24.9844 -3.8147e-07
      vertex -4.91628 -24.7158 -3.8147e-07
    endloop
  endfacet
  facet normal 0.729862 -0.683594 0
    outer loop
      vertex -18.9464 16.6155 3
      vertex -17.8191 17.8191 -3.8147e-07
      vertex -17.8191 17.8191 3
    endloop
  endfacet
  facet normal 0.729862 -0.683594 0
    outer loop
      vertex -17.8191 17.8191 -3.8147e-07
      vertex -18.9464 16.6155 3
      vertex -18.9464 16.6155 -3.8147e-07
    endloop
  endfacet
  facet normal 0.634386 0.773016 -0
    outer loop
      vertex -15.3408 -19.9925 -3.8147e-07
      vertex -16.6155 -18.9464 3
      vertex -15.3408 -19.9925 3
    endloop
  endfacet
  facet normal 0.634386 0.773016 0
    outer loop
      vertex -16.6155 -18.9464 3
      vertex -15.3408 -19.9925 -3.8147e-07
      vertex -16.6155 -18.9464 -3.8147e-07
    endloop
  endfacet
  facet normal 0.471425 0.881906 -0
    outer loop
      vertex -11.1457 -22.6012 -3.8147e-07
      vertex -12.6 -21.8238 3
      vertex -11.1457 -22.6012 3
    endloop
  endfacet
  facet normal 0.471425 0.881906 0
    outer loop
      vertex -12.6 -21.8238 3
      vertex -11.1457 -22.6012 -3.8147e-07
      vertex -12.6 -21.8238 -3.8147e-07
    endloop
  endfacet
endsolid OpenSCAD_Model
